PDB_ID	SPLIT	PREP_STATUS	OLD_PRED_AUDIT_STATUS	OLD_FILES_STATUS	V2_DIRECTORY_STATUS	ACTION	DETAIL	OLD_DIRECTORY	V2_DIRECTORY
10ZT	test	COMPLETE	COMPLETE_50X4	COMPLETE_50X4	ALREADY_LINKED	REUSE_LINKED	50 seeds x 4 CIF/summary/full-data files present	/storage9920/home/tinghao.xia/Data_V1/test/10zt	/storage9920/home/tinghao.xia/Data_V2/test/10zt
17RA	train	COMPLETE_REBASABLE	COMPLETE_50X4	COMPLETE_50X4	ALREADY_LINKED	REUSE_LINKED	50 seeds x 4 CIF/summary/full-data files present	/storage9920/home/tinghao.xia/Data_V1/train/17ra	/storage9920/home/tinghao.xia/Data_V2/train/17ra
1A51	train	COMPLETE_REBASABLE	COMPLETE_50X4	COMPLETE_50X4	ALREADY_LINKED	REUSE_LINKED	50 seeds x 4 CIF/summary/full-data files present	/storage9920/home/tinghao.xia/Data_V1/train/1a51	/storage9920/home/tinghao.xia/Data_V2/train/1a51
1A60	train	COMPLETE_REBASABLE	COMPLETE_50X4	COMPLETE_50X4	ALREADY_LINKED	REUSE_LINKED	50 seeds x 4 CIF/summary/full-data files present	/storage9920/home/tinghao.xia/Data_V1/train/1a60	/storage9920/home/tinghao.xia/Data_V2/train/1a60
1A9L	train	COMPLETE_REBASABLE	COMPLETE_50X4	COMPLETE_50X4	ALREADY_LINKED	REUSE_LINKED	50 seeds x 4 CIF/summary/full-data files present	/storage9920/home/tinghao.xia/Data_V1/train/1a9l	/storage9920/home/tinghao.xia/Data_V2/train/1a9l
1AFX	train	COMPLETE	COMPLETE_50X4	COMPLETE_50X4	ALREADY_LINKED	REUSE_LINKED	50 seeds x 4 CIF/summary/full-data files present	/storage9920/home/tinghao.xia/Data_V1/train/1afx	/storage9920/home/tinghao.xia/Data_V2/train/1afx
1AJF	train	COMPLETE_REBASABLE	COMPLETE_50X4	COMPLETE_50X4	ALREADY_LINKED	REUSE_LINKED	50 seeds x 4 CIF/summary/full-data files present	/storage9920/home/tinghao.xia/Data_V1/train/1ajf	/storage9920/home/tinghao.xia/Data_V2/train/1ajf
1AJU	train	COMPLETE_REBASABLE	COMPLETE_50X4	COMPLETE_50X4	ALREADY_LINKED	REUSE_LINKED	50 seeds x 4 CIF/summary/full-data files present	/storage9920/home/tinghao.xia/Data_V1/train/1aju	/storage9920/home/tinghao.xia/Data_V2/train/1aju
1AKX	train	COMPLETE_REBASABLE	COMPLETE_50X4	COMPLETE_50X4	ALREADY_LINKED	REUSE_LINKED	50 seeds x 4 CIF/summary/full-data files present	/storage9920/home/tinghao.xia/Data_V1/train/1akx	/storage9920/home/tinghao.xia/Data_V2/train/1akx
1AM0	train	COMPLETE_REBASABLE	COMPLETE_50X4	COMPLETE_50X4	ALREADY_LINKED	REUSE_LINKED	50 seeds x 4 CIF/summary/full-data files present	/storage9920/home/tinghao.xia/Data_V1/train/1am0	/storage9920/home/tinghao.xia/Data_V2/train/1am0
1ANR	train	COMPLETE_REBASABLE	COMPLETE_50X4	COMPLETE_50X4	ALREADY_LINKED	REUSE_LINKED	50 seeds x 4 CIF/summary/full-data files present	/storage9920/home/tinghao.xia/Data_V1/train/1anr	/storage9920/home/tinghao.xia/Data_V2/train/1anr
1AQO	train	COMPLETE_REBASABLE	COMPLETE_50X4	COMPLETE_50X4	ALREADY_LINKED	REUSE_LINKED	50 seeds x 4 CIF/summary/full-data files present	/storage9920/home/tinghao.xia/Data_V1/train/1aqo	/storage9920/home/tinghao.xia/Data_V2/train/1aqo
1ARJ	train	COMPLETE_REBASABLE	COMPLETE_50X4	COMPLETE_50X4	ALREADY_LINKED	REUSE_LINKED	50 seeds x 4 CIF/summary/full-data files present	/storage9920/home/tinghao.xia/Data_V1/train/1arj	/storage9920/home/tinghao.xia/Data_V2/train/1arj
1ATO	train	COMPLETE_REBASABLE	COMPLETE_50X4	COMPLETE_50X4	ALREADY_LINKED	REUSE_LINKED	50 seeds x 4 CIF/summary/full-data files present	/storage9920/home/tinghao.xia/Data_V1/train/1ato	/storage9920/home/tinghao.xia/Data_V2/train/1ato
1ATV	train	COMPLETE_REBASABLE	COMPLETE_50X4	COMPLETE_50X4	ALREADY_LINKED	REUSE_LINKED	50 seeds x 4 CIF/summary/full-data files present	/storage9920/home/tinghao.xia/Data_V1/train/1atv	/storage9920/home/tinghao.xia/Data_V2/train/1atv
1ATW	train	COMPLETE_REBASABLE	COMPLETE_50X4	COMPLETE_50X4	ALREADY_LINKED	REUSE_LINKED	50 seeds x 4 CIF/summary/full-data files present	/storage9920/home/tinghao.xia/Data_V1/train/1atw	/storage9920/home/tinghao.xia/Data_V2/train/1atw
1B36	train	COMPLETE_REBASABLE	COMPLETE_50X4	COMPLETE_50X4	ALREADY_LINKED	REUSE_LINKED	50 seeds x 4 CIF/summary/full-data files present	/storage9920/home/tinghao.xia/Data_V1/train/1b36	/storage9920/home/tinghao.xia/Data_V2/train/1b36
1BGZ	train	COMPLETE_REBASABLE	COMPLETE_50X4	COMPLETE_50X4	ALREADY_LINKED	REUSE_LINKED	50 seeds x 4 CIF/summary/full-data files present	/storage9920/home/tinghao.xia/Data_V1/train/1bgz	/storage9920/home/tinghao.xia/Data_V2/train/1bgz
1BN0	train	COMPLETE_REBASABLE	COMPLETE_50X4	COMPLETE_50X4	ALREADY_LINKED	REUSE_LINKED	50 seeds x 4 CIF/summary/full-data files present	/storage9920/home/tinghao.xia/Data_V1/train/1bn0	/storage9920/home/tinghao.xia/Data_V2/train/1bn0
1BVJ	train	COMPLETE_REBASABLE	COMPLETE_50X4	COMPLETE_50X4	ALREADY_LINKED	REUSE_LINKED	50 seeds x 4 CIF/summary/full-data files present	/storage9920/home/tinghao.xia/Data_V1/train/1bvj	/storage9920/home/tinghao.xia/Data_V2/train/1bvj
1BYJ	train	COMPLETE_REBASABLE	COMPLETE_50X4	COMPLETE_50X4	ALREADY_LINKED	REUSE_LINKED	50 seeds x 4 CIF/summary/full-data files present	/storage9920/home/tinghao.xia/Data_V1/train/1byj	/storage9920/home/tinghao.xia/Data_V2/train/1byj
1BZ2	train	COMPLETE_REBASABLE	COMPLETE_50X4	COMPLETE_50X4	ALREADY_LINKED	REUSE_LINKED	50 seeds x 4 CIF/summary/full-data files present	/storage9920/home/tinghao.xia/Data_V1/train/1bz2	/storage9920/home/tinghao.xia/Data_V2/train/1bz2
1BZ3	train	COMPLETE_REBASABLE	COMPLETE_50X4	COMPLETE_50X4	ALREADY_LINKED	REUSE_LINKED	50 seeds x 4 CIF/summary/full-data files present	/storage9920/home/tinghao.xia/Data_V1/train/1bz3	/storage9920/home/tinghao.xia/Data_V2/train/1bz3
1BZT	train	COMPLETE_REBASABLE	COMPLETE_50X4	COMPLETE_50X4	ALREADY_LINKED	REUSE_LINKED	50 seeds x 4 CIF/summary/full-data files present	/storage9920/home/tinghao.xia/Data_V1/train/1bzt	/storage9920/home/tinghao.xia/Data_V2/train/1bzt
1BZU	train	COMPLETE_REBASABLE	COMPLETE_50X4	COMPLETE_50X4	ALREADY_LINKED	REUSE_LINKED	50 seeds x 4 CIF/summary/full-data files present	/storage9920/home/tinghao.xia/Data_V1/train/1bzu	/storage9920/home/tinghao.xia/Data_V2/train/1bzu
1C0O	train	COMPLETE_REBASABLE	COMPLETE_50X4	COMPLETE_50X4	ALREADY_LINKED	REUSE_LINKED	50 seeds x 4 CIF/summary/full-data files present	/storage9920/home/tinghao.xia/Data_V1/train/1c0o	/storage9920/home/tinghao.xia/Data_V2/train/1c0o
1C2W	train	COMPLETE				NEW_PREDICTION_REQUIRED	No V1 50x4 prediction run membership		/storage9920/home/tinghao.xia/Data_V2/train/1c2w
1C2X	train	COMPLETE	COMPLETE_50X4	COMPLETE_50X4	ALREADY_LINKED	REUSE_LINKED	50 seeds x 4 CIF/summary/full-data files present	/storage9920/home/tinghao.xia/Data_V1/train/1c2x	/storage9920/home/tinghao.xia/Data_V2/train/1c2x
1CQ5	train	COMPLETE_REBASABLE	COMPLETE_50X4	COMPLETE_50X4	ALREADY_LINKED	REUSE_LINKED	50 seeds x 4 CIF/summary/full-data files present	/storage9920/home/tinghao.xia/Data_V1/train/1cq5	/storage9920/home/tinghao.xia/Data_V2/train/1cq5
1CQL	train	COMPLETE_REBASABLE	COMPLETE_50X4	COMPLETE_50X4	ALREADY_LINKED	REUSE_LINKED	50 seeds x 4 CIF/summary/full-data files present	/storage9920/home/tinghao.xia/Data_V1/train/1cql	/storage9920/home/tinghao.xia/Data_V2/train/1cql
1D0T	train	COMPLETE_REBASABLE	COMPLETE_50X4	COMPLETE_50X4	ALREADY_LINKED	REUSE_LINKED	50 seeds x 4 CIF/summary/full-data files present	/storage9920/home/tinghao.xia/Data_V1/train/1d0t	/storage9920/home/tinghao.xia/Data_V2/train/1d0t
1D0U	train	COMPLETE_REBASABLE	COMPLETE_50X4	COMPLETE_50X4	ALREADY_LINKED	REUSE_LINKED	50 seeds x 4 CIF/summary/full-data files present	/storage9920/home/tinghao.xia/Data_V1/train/1d0u	/storage9920/home/tinghao.xia/Data_V2/train/1d0u
1DUH	train	COMPLETE_REBASABLE				NEW_PREDICTION_REQUIRED	No V1 50x4 prediction run membership		/storage9920/home/tinghao.xia/Data_V2/train/1duh
1E4P	train	COMPLETE_REBASABLE	COMPLETE_50X4	COMPLETE_50X4	ALREADY_LINKED	REUSE_LINKED	50 seeds x 4 CIF/summary/full-data files present	/storage9920/home/tinghao.xia/Data_V1/train/1e4p	/storage9920/home/tinghao.xia/Data_V2/train/1e4p
1E95	train	COMPLETE	COMPLETE_50X4	COMPLETE_50X4	ALREADY_LINKED	REUSE_LINKED	50 seeds x 4 CIF/summary/full-data files present	/storage9920/home/tinghao.xia/Data_V1/train/1e95	/storage9920/home/tinghao.xia/Data_V2/train/1e95
1EBQ	train	COMPLETE_REBASABLE	COMPLETE_50X4	COMPLETE_50X4	ALREADY_LINKED	REUSE_LINKED	50 seeds x 4 CIF/summary/full-data files present	/storage9920/home/tinghao.xia/Data_V1/train/1ebq	/storage9920/home/tinghao.xia/Data_V2/train/1ebq
1EBR	train	COMPLETE_REBASABLE	COMPLETE_50X4	COMPLETE_50X4	ALREADY_LINKED	REUSE_LINKED	50 seeds x 4 CIF/summary/full-data files present	/storage9920/home/tinghao.xia/Data_V1/train/1ebr	/storage9920/home/tinghao.xia/Data_V2/train/1ebr
1EBS	train	COMPLETE_REBASABLE	COMPLETE_50X4	COMPLETE_50X4	ALREADY_LINKED	REUSE_LINKED	50 seeds x 4 CIF/summary/full-data files present	/storage9920/home/tinghao.xia/Data_V1/train/1ebs	/storage9920/home/tinghao.xia/Data_V2/train/1ebs
1EHT	train	COMPLETE_REBASABLE	COMPLETE_50X4	COMPLETE_50X4	ALREADY_LINKED	REUSE_LINKED	50 seeds x 4 CIF/summary/full-data files present	/storage9920/home/tinghao.xia/Data_V1/train/1eht	/storage9920/home/tinghao.xia/Data_V2/train/1eht
1EHZ	train	COMPLETE_REBASABLE	COMPLETE_50X4	COMPLETE_50X4	ALREADY_LINKED	REUSE_LINKED	50 seeds x 4 CIF/summary/full-data files present	/storage9920/home/tinghao.xia/Data_V1/train/1ehz	/storage9920/home/tinghao.xia/Data_V2/train/1ehz
1EI2	train	COMPLETE_REBASABLE	COMPLETE_50X4	COMPLETE_50X4	ALREADY_LINKED	REUSE_LINKED	50 seeds x 4 CIF/summary/full-data files present	/storage9920/home/tinghao.xia/Data_V1/train/1ei2	/storage9920/home/tinghao.xia/Data_V2/train/1ei2
1ESH	train	COMPLETE_REBASABLE	COMPLETE_50X4	COMPLETE_50X4	ALREADY_LINKED	REUSE_LINKED	50 seeds x 4 CIF/summary/full-data files present	/storage9920/home/tinghao.xia/Data_V1/train/1esh	/storage9920/home/tinghao.xia/Data_V2/train/1esh
1ESY	train	COMPLETE_REBASABLE	COMPLETE_50X4	COMPLETE_50X4	ALREADY_LINKED	REUSE_LINKED	50 seeds x 4 CIF/summary/full-data files present	/storage9920/home/tinghao.xia/Data_V1/train/1esy	/storage9920/home/tinghao.xia/Data_V2/train/1esy
1EVV	train	COMPLETE_REBASABLE	COMPLETE_50X4	COMPLETE_50X4	ALREADY_LINKED	REUSE_LINKED	50 seeds x 4 CIF/summary/full-data files present	/storage9920/home/tinghao.xia/Data_V1/train/1evv	/storage9920/home/tinghao.xia/Data_V2/train/1evv
1F1T	train	COMPLETE_REBASABLE	COMPLETE_50X4	COMPLETE_50X4	ALREADY_LINKED	REUSE_LINKED	50 seeds x 4 CIF/summary/full-data files present	/storage9920/home/tinghao.xia/Data_V1/train/1f1t	/storage9920/home/tinghao.xia/Data_V2/train/1f1t
1F6X	train	COMPLETE_REBASABLE	COMPLETE_50X4	COMPLETE_50X4	ALREADY_LINKED	REUSE_LINKED	50 seeds x 4 CIF/summary/full-data files present	/storage9920/home/tinghao.xia/Data_V1/train/1f6x	/storage9920/home/tinghao.xia/Data_V2/train/1f6x
1F6Z	train	COMPLETE_REBASABLE	COMPLETE_50X4	COMPLETE_50X4	ALREADY_LINKED	REUSE_LINKED	50 seeds x 4 CIF/summary/full-data files present	/storage9920/home/tinghao.xia/Data_V1/train/1f6z	/storage9920/home/tinghao.xia/Data_V2/train/1f6z
1F78	train	COMPLETE_REBASABLE	COMPLETE_50X4	COMPLETE_50X4	ALREADY_LINKED	REUSE_LINKED	50 seeds x 4 CIF/summary/full-data files present	/storage9920/home/tinghao.xia/Data_V1/train/1f78	/storage9920/home/tinghao.xia/Data_V2/train/1f78
1F79	train	COMPLETE_REBASABLE	COMPLETE_50X4	COMPLETE_50X4	ALREADY_LINKED	REUSE_LINKED	50 seeds x 4 CIF/summary/full-data files present	/storage9920/home/tinghao.xia/Data_V1/train/1f79	/storage9920/home/tinghao.xia/Data_V2/train/1f79
1F7F	train	COMPLETE_REBASABLE	COMPLETE_50X4	COMPLETE_50X4	ALREADY_LINKED	REUSE_LINKED	50 seeds x 4 CIF/summary/full-data files present	/storage9920/home/tinghao.xia/Data_V1/train/1f7f	/storage9920/home/tinghao.xia/Data_V2/train/1f7f
1F7G	train	COMPLETE_REBASABLE	COMPLETE_50X4	COMPLETE_50X4	ALREADY_LINKED	REUSE_LINKED	50 seeds x 4 CIF/summary/full-data files present	/storage9920/home/tinghao.xia/Data_V1/train/1f7g	/storage9920/home/tinghao.xia/Data_V2/train/1f7g
1F7H	train	COMPLETE_REBASABLE	COMPLETE_50X4	COMPLETE_50X4	ALREADY_LINKED	REUSE_LINKED	50 seeds x 4 CIF/summary/full-data files present	/storage9920/home/tinghao.xia/Data_V1/train/1f7h	/storage9920/home/tinghao.xia/Data_V2/train/1f7h
1F7I	train	COMPLETE_REBASABLE	COMPLETE_50X4	COMPLETE_50X4	ALREADY_LINKED	REUSE_LINKED	50 seeds x 4 CIF/summary/full-data files present	/storage9920/home/tinghao.xia/Data_V1/train/1f7i	/storage9920/home/tinghao.xia/Data_V2/train/1f7i
1F84	train	COMPLETE_REBASABLE	COMPLETE_50X4	COMPLETE_50X4	ALREADY_LINKED	REUSE_LINKED	50 seeds x 4 CIF/summary/full-data files present	/storage9920/home/tinghao.xia/Data_V1/train/1f84	/storage9920/home/tinghao.xia/Data_V2/train/1f84
1F85	train	COMPLETE_REBASABLE	COMPLETE_50X4	COMPLETE_50X4	ALREADY_LINKED	REUSE_LINKED	50 seeds x 4 CIF/summary/full-data files present	/storage9920/home/tinghao.xia/Data_V1/train/1f85	/storage9920/home/tinghao.xia/Data_V2/train/1f85
1F9L	train	COMPLETE_REBASABLE	COMPLETE_50X4	COMPLETE_50X4	ALREADY_LINKED	REUSE_LINKED	50 seeds x 4 CIF/summary/full-data files present	/storage9920/home/tinghao.xia/Data_V1/train/1f9l	/storage9920/home/tinghao.xia/Data_V2/train/1f9l
1FEQ	train	COMPLETE_REBASABLE	COMPLETE_50X4	COMPLETE_50X4	ALREADY_LINKED	REUSE_LINKED	50 seeds x 4 CIF/summary/full-data files present	/storage9920/home/tinghao.xia/Data_V1/train/1feq	/storage9920/home/tinghao.xia/Data_V2/train/1feq
1FHK	train	COMPLETE_REBASABLE	COMPLETE_50X4	COMPLETE_50X4	ALREADY_LINKED	REUSE_LINKED	50 seeds x 4 CIF/summary/full-data files present	/storage9920/home/tinghao.xia/Data_V1/train/1fhk	/storage9920/home/tinghao.xia/Data_V2/train/1fhk
1FIR	train	COMPLETE_REBASABLE	COMPLETE_50X4	COMPLETE_50X4	ALREADY_LINKED	REUSE_LINKED	50 seeds x 4 CIF/summary/full-data files present	/storage9920/home/tinghao.xia/Data_V1/train/1fir	/storage9920/home/tinghao.xia/Data_V2/train/1fir
1FL8	train	COMPLETE_REBASABLE	COMPLETE_50X4	COMPLETE_50X4	ALREADY_LINKED	REUSE_LINKED	50 seeds x 4 CIF/summary/full-data files present	/storage9920/home/tinghao.xia/Data_V1/train/1fl8	/storage9920/home/tinghao.xia/Data_V2/train/1fl8
1FMN	train	COMPLETE_REBASABLE	COMPLETE_50X4	COMPLETE_50X4	ALREADY_LINKED	REUSE_LINKED	50 seeds x 4 CIF/summary/full-data files present	/storage9920/home/tinghao.xia/Data_V1/train/1fmn	/storage9920/home/tinghao.xia/Data_V2/train/1fmn
1FQZ	train	COMPLETE	COMPLETE_50X4	COMPLETE_50X4	ALREADY_LINKED	REUSE_LINKED	50 seeds x 4 CIF/summary/full-data files present	/storage9920/home/tinghao.xia/Data_V1/train/1fqz	/storage9920/home/tinghao.xia/Data_V2/train/1fqz
1FYO	train	COMPLETE	COMPLETE_50X4	COMPLETE_50X4	ALREADY_LINKED	REUSE_LINKED	50 seeds x 4 CIF/summary/full-data files present	/storage9920/home/tinghao.xia/Data_V1/train/1fyo	/storage9920/home/tinghao.xia/Data_V2/train/1fyo
1FYP	train	COMPLETE	COMPLETE_50X4	COMPLETE_50X4	ALREADY_LINKED	REUSE_LINKED	50 seeds x 4 CIF/summary/full-data files present	/storage9920/home/tinghao.xia/Data_V1/train/1fyp	/storage9920/home/tinghao.xia/Data_V2/train/1fyp
1G2J	train	COMPLETE_REBASABLE	COMPLETE_50X4	COMPLETE_50X4	ALREADY_LINKED	REUSE_LINKED	50 seeds x 4 CIF/summary/full-data files present	/storage9920/home/tinghao.xia/Data_V1/train/1g2j	/storage9920/home/tinghao.xia/Data_V2/train/1g2j
1HLX	train	COMPLETE_REBASABLE	COMPLETE_50X4	COMPLETE_50X4	ALREADY_LINKED	REUSE_LINKED	50 seeds x 4 CIF/summary/full-data files present	/storage9920/home/tinghao.xia/Data_V1/train/1hlx	/storage9920/home/tinghao.xia/Data_V2/train/1hlx
1HS1	train	COMPLETE_REBASABLE	COMPLETE_50X4	COMPLETE_50X4	ALREADY_LINKED	REUSE_LINKED	50 seeds x 4 CIF/summary/full-data files present	/storage9920/home/tinghao.xia/Data_V1/train/1hs1	/storage9920/home/tinghao.xia/Data_V2/train/1hs1
1HS2	train	COMPLETE_REBASABLE	COMPLETE_50X4	COMPLETE_50X4	ALREADY_LINKED	REUSE_LINKED	50 seeds x 4 CIF/summary/full-data files present	/storage9920/home/tinghao.xia/Data_V1/train/1hs2	/storage9920/home/tinghao.xia/Data_V2/train/1hs2
1HS3	train	COMPLETE_REBASABLE	COMPLETE_50X4	COMPLETE_50X4	ALREADY_LINKED	REUSE_LINKED	50 seeds x 4 CIF/summary/full-data files present	/storage9920/home/tinghao.xia/Data_V1/train/1hs3	/storage9920/home/tinghao.xia/Data_V2/train/1hs3
1HS4	train	COMPLETE_REBASABLE	COMPLETE_50X4	COMPLETE_50X4	ALREADY_LINKED	REUSE_LINKED	50 seeds x 4 CIF/summary/full-data files present	/storage9920/home/tinghao.xia/Data_V1/train/1hs4	/storage9920/home/tinghao.xia/Data_V2/train/1hs4
1HS8	train	COMPLETE_REBASABLE	COMPLETE_50X4	COMPLETE_50X4	ALREADY_LINKED	REUSE_LINKED	50 seeds x 4 CIF/summary/full-data files present	/storage9920/home/tinghao.xia/Data_V1/train/1hs8	/storage9920/home/tinghao.xia/Data_V2/train/1hs8
1HWQ	train	COMPLETE_REBASABLE	COMPLETE_50X4	COMPLETE_50X4	ALREADY_LINKED	REUSE_LINKED	50 seeds x 4 CIF/summary/full-data files present	/storage9920/home/tinghao.xia/Data_V1/train/1hwq	/storage9920/home/tinghao.xia/Data_V2/train/1hwq
1I3X	train	COMPLETE	COMPLETE_50X4	COMPLETE_50X4	ALREADY_LINKED	REUSE_LINKED	50 seeds x 4 CIF/summary/full-data files present	/storage9920/home/tinghao.xia/Data_V1/train/1i3x	/storage9920/home/tinghao.xia/Data_V2/train/1i3x
1I3Y	train	COMPLETE	COMPLETE_50X4	COMPLETE_50X4	ALREADY_LINKED	REUSE_LINKED	50 seeds x 4 CIF/summary/full-data files present	/storage9920/home/tinghao.xia/Data_V1/train/1i3y	/storage9920/home/tinghao.xia/Data_V2/train/1i3y
1I46	train	COMPLETE_REBASABLE	COMPLETE_50X4	COMPLETE_50X4	ALREADY_LINKED	REUSE_LINKED	50 seeds x 4 CIF/summary/full-data files present	/storage9920/home/tinghao.xia/Data_V1/train/1i46	/storage9920/home/tinghao.xia/Data_V2/train/1i46
1I4B	train	COMPLETE_REBASABLE	COMPLETE_50X4	COMPLETE_50X4	ALREADY_LINKED	REUSE_LINKED	50 seeds x 4 CIF/summary/full-data files present	/storage9920/home/tinghao.xia/Data_V1/train/1i4b	/storage9920/home/tinghao.xia/Data_V2/train/1i4b
1I4C	train	COMPLETE_REBASABLE	COMPLETE_50X4	COMPLETE_50X4	ALREADY_LINKED	REUSE_LINKED	50 seeds x 4 CIF/summary/full-data files present	/storage9920/home/tinghao.xia/Data_V1/train/1i4c	/storage9920/home/tinghao.xia/Data_V2/train/1i4c
1I9V	train	COMPLETE_REBASABLE	COMPLETE_50X4	COMPLETE_50X4	ALREADY_LINKED	REUSE_LINKED	50 seeds x 4 CIF/summary/full-data files present	/storage9920/home/tinghao.xia/Data_V1/train/1i9v	/storage9920/home/tinghao.xia/Data_V2/train/1i9v
1IDV	train	COMPLETE_REBASABLE	COMPLETE_50X4	COMPLETE_50X4	ALREADY_LINKED	REUSE_LINKED	50 seeds x 4 CIF/summary/full-data files present	/storage9920/home/tinghao.xia/Data_V1/train/1idv	/storage9920/home/tinghao.xia/Data_V2/train/1idv
1IE1	train	COMPLETE_REBASABLE	COMPLETE_50X4	COMPLETE_50X4	ALREADY_LINKED	REUSE_LINKED	50 seeds x 4 CIF/summary/full-data files present	/storage9920/home/tinghao.xia/Data_V1/train/1ie1	/storage9920/home/tinghao.xia/Data_V2/train/1ie1
1IE2	train	COMPLETE_REBASABLE	COMPLETE_50X4	COMPLETE_50X4	ALREADY_LINKED	REUSE_LINKED	50 seeds x 4 CIF/summary/full-data files present	/storage9920/home/tinghao.xia/Data_V1/train/1ie2	/storage9920/home/tinghao.xia/Data_V2/train/1ie2
1IK1	train	COMPLETE_REBASABLE	COMPLETE_50X4	COMPLETE_50X4	ALREADY_LINKED	REUSE_LINKED	50 seeds x 4 CIF/summary/full-data files present	/storage9920/home/tinghao.xia/Data_V1/train/1ik1	/storage9920/home/tinghao.xia/Data_V2/train/1ik1
1IKD	train	COMPLETE_REBASABLE	COMPLETE_50X4	COMPLETE_50X4	ALREADY_LINKED	REUSE_LINKED	50 seeds x 4 CIF/summary/full-data files present	/storage9920/home/tinghao.xia/Data_V1/train/1ikd	/storage9920/home/tinghao.xia/Data_V2/train/1ikd
1J4Y	train	COMPLETE_REBASABLE	COMPLETE_50X4	COMPLETE_50X4	ALREADY_LINKED	REUSE_LINKED	50 seeds x 4 CIF/summary/full-data files present	/storage9920/home/tinghao.xia/Data_V1/train/1j4y	/storage9920/home/tinghao.xia/Data_V2/train/1j4y
1JO7	train	COMPLETE_REBASABLE	COMPLETE_50X4	COMPLETE_50X4	ALREADY_LINKED	REUSE_LINKED	50 seeds x 4 CIF/summary/full-data files present	/storage9920/home/tinghao.xia/Data_V1/train/1jo7	/storage9920/home/tinghao.xia/Data_V2/train/1jo7
1JOX	train	COMPLETE_REBASABLE	COMPLETE_50X4	COMPLETE_50X4	ALREADY_LINKED	REUSE_LINKED	50 seeds x 4 CIF/summary/full-data files present	/storage9920/home/tinghao.xia/Data_V1/train/1jox	/storage9920/home/tinghao.xia/Data_V2/train/1jox
1JP0	train	COMPLETE_REBASABLE	COMPLETE_50X4	COMPLETE_50X4	ALREADY_LINKED	REUSE_LINKED	50 seeds x 4 CIF/summary/full-data files present	/storage9920/home/tinghao.xia/Data_V1/train/1jp0	/storage9920/home/tinghao.xia/Data_V2/train/1jp0
1JTJ	train	COMPLETE_REBASABLE	COMPLETE_50X4	COMPLETE_50X4	ALREADY_LINKED	REUSE_LINKED	50 seeds x 4 CIF/summary/full-data files present	/storage9920/home/tinghao.xia/Data_V1/train/1jtj	/storage9920/home/tinghao.xia/Data_V2/train/1jtj
1JTW	train	COMPLETE_REBASABLE	COMPLETE_50X4	COMPLETE_50X4	ALREADY_LINKED	REUSE_LINKED	50 seeds x 4 CIF/summary/full-data files present	/storage9920/home/tinghao.xia/Data_V1/train/1jtw	/storage9920/home/tinghao.xia/Data_V2/train/1jtw
1JU7	train	COMPLETE_REBASABLE	COMPLETE_50X4	COMPLETE_50X4	ALREADY_LINKED	REUSE_LINKED	50 seeds x 4 CIF/summary/full-data files present	/storage9920/home/tinghao.xia/Data_V1/train/1ju7	/storage9920/home/tinghao.xia/Data_V2/train/1ju7
1JUR	train	COMPLETE_REBASABLE	COMPLETE_50X4	COMPLETE_50X4	ALREADY_LINKED	REUSE_LINKED	50 seeds x 4 CIF/summary/full-data files present	/storage9920/home/tinghao.xia/Data_V1/train/1jur	/storage9920/home/tinghao.xia/Data_V2/train/1jur
1JWC	train	COMPLETE_REBASABLE	COMPLETE_50X4	COMPLETE_50X4	ALREADY_LINKED	REUSE_LINKED	50 seeds x 4 CIF/summary/full-data files present	/storage9920/home/tinghao.xia/Data_V1/train/1jwc	/storage9920/home/tinghao.xia/Data_V2/train/1jwc
1JZC	train	COMPLETE_REBASABLE	COMPLETE_50X4	COMPLETE_50X4	ALREADY_LINKED	REUSE_LINKED	50 seeds x 4 CIF/summary/full-data files present	/storage9920/home/tinghao.xia/Data_V1/train/1jzc	/storage9920/home/tinghao.xia/Data_V2/train/1jzc
1K2G	train	COMPLETE_REBASABLE	COMPLETE_50X4	COMPLETE_50X4	ALREADY_LINKED	REUSE_LINKED	50 seeds x 4 CIF/summary/full-data files present	/storage9920/home/tinghao.xia/Data_V1/train/1k2g	/storage9920/home/tinghao.xia/Data_V2/train/1k2g
1K4A	train	COMPLETE_REBASABLE	COMPLETE_50X4	COMPLETE_50X4	ALREADY_LINKED	REUSE_LINKED	50 seeds x 4 CIF/summary/full-data files present	/storage9920/home/tinghao.xia/Data_V1/train/1k4a	/storage9920/home/tinghao.xia/Data_V2/train/1k4a
1K4B	train	COMPLETE_REBASABLE	COMPLETE_50X4	COMPLETE_50X4	ALREADY_LINKED	REUSE_LINKED	50 seeds x 4 CIF/summary/full-data files present	/storage9920/home/tinghao.xia/Data_V1/train/1k4b	/storage9920/home/tinghao.xia/Data_V2/train/1k4b
1K5I	train	COMPLETE	COMPLETE_50X4	COMPLETE_50X4	ALREADY_LINKED	REUSE_LINKED	50 seeds x 4 CIF/summary/full-data files present	/storage9920/home/tinghao.xia/Data_V1/train/1k5i	/storage9920/home/tinghao.xia/Data_V2/train/1k5i
1K6G	train	COMPLETE_REBASABLE	COMPLETE_50X4	COMPLETE_50X4	ALREADY_LINKED	REUSE_LINKED	50 seeds x 4 CIF/summary/full-data files present	/storage9920/home/tinghao.xia/Data_V1/train/1k6g	/storage9920/home/tinghao.xia/Data_V2/train/1k6g
1K6H	train	COMPLETE_REBASABLE	COMPLETE_50X4	COMPLETE_50X4	ALREADY_LINKED	REUSE_LINKED	50 seeds x 4 CIF/summary/full-data files present	/storage9920/home/tinghao.xia/Data_V1/train/1k6h	/storage9920/home/tinghao.xia/Data_V2/train/1k6h
1KAJ	train	COMPLETE_REBASABLE	COMPLETE_50X4	COMPLETE_50X4	ALREADY_LINKED	REUSE_LINKED	50 seeds x 4 CIF/summary/full-data files present	/storage9920/home/tinghao.xia/Data_V1/train/1kaj	/storage9920/home/tinghao.xia/Data_V2/train/1kaj
1KFO	train	COMPLETE_REBASABLE				NEW_PREDICTION_REQUIRED	No V1 50x4 prediction run membership		/storage9920/home/tinghao.xia/Data_V2/train/1kfo
1KH6	train	COMPLETE_REBASABLE	COMPLETE_50X4	COMPLETE_50X4	ALREADY_LINKED	REUSE_LINKED	50 seeds x 4 CIF/summary/full-data files present	/storage9920/home/tinghao.xia/Data_V1/train/1kh6	/storage9920/home/tinghao.xia/Data_V2/train/1kh6
1KKA	train	COMPLETE_REBASABLE	COMPLETE_50X4	COMPLETE_50X4	ALREADY_LINKED	REUSE_LINKED	50 seeds x 4 CIF/summary/full-data files present	/storage9920/home/tinghao.xia/Data_V1/train/1kka	/storage9920/home/tinghao.xia/Data_V2/train/1kka
1KKS	train	COMPLETE_REBASABLE	COMPLETE_50X4	COMPLETE_50X4	ALREADY_LINKED	REUSE_LINKED	50 seeds x 4 CIF/summary/full-data files present	/storage9920/home/tinghao.xia/Data_V1/train/1kks	/storage9920/home/tinghao.xia/Data_V2/train/1kks
1KOS	train	COMPLETE_REBASABLE	COMPLETE_50X4	COMPLETE_50X4	ALREADY_LINKED	REUSE_LINKED	50 seeds x 4 CIF/summary/full-data files present	/storage9920/home/tinghao.xia/Data_V1/train/1kos	/storage9920/home/tinghao.xia/Data_V2/train/1kos
1KP7	train	COMPLETE	COMPLETE_50X4	COMPLETE_50X4	ALREADY_LINKED	REUSE_LINKED	50 seeds x 4 CIF/summary/full-data files present	/storage9920/home/tinghao.xia/Data_V1/train/1kp7	/storage9920/home/tinghao.xia/Data_V2/train/1kp7
1KPD	train	COMPLETE	COMPLETE_50X4	COMPLETE_50X4	ALREADY_LINKED	REUSE_LINKED	50 seeds x 4 CIF/summary/full-data files present	/storage9920/home/tinghao.xia/Data_V1/train/1kpd	/storage9920/home/tinghao.xia/Data_V2/train/1kpd
1KPY	train	COMPLETE_REBASABLE	COMPLETE_50X4	COMPLETE_50X4	ALREADY_LINKED	REUSE_LINKED	50 seeds x 4 CIF/summary/full-data files present	/storage9920/home/tinghao.xia/Data_V1/train/1kpy	/storage9920/home/tinghao.xia/Data_V2/train/1kpy
1KPZ	train	COMPLETE_REBASABLE	COMPLETE_50X4	COMPLETE_50X4	ALREADY_LINKED	REUSE_LINKED	50 seeds x 4 CIF/summary/full-data files present	/storage9920/home/tinghao.xia/Data_V1/train/1kpz	/storage9920/home/tinghao.xia/Data_V2/train/1kpz
1KXK	train	COMPLETE_REBASABLE	COMPLETE_50X4	COMPLETE_50X4	ALREADY_LINKED	REUSE_LINKED	50 seeds x 4 CIF/summary/full-data files present	/storage9920/home/tinghao.xia/Data_V1/train/1kxk	/storage9920/home/tinghao.xia/Data_V2/train/1kxk
1L1W	train	COMPLETE_REBASABLE	COMPLETE_50X4	COMPLETE_50X4	ALREADY_LINKED	REUSE_LINKED	50 seeds x 4 CIF/summary/full-data files present	/storage9920/home/tinghao.xia/Data_V1/train/1l1w	/storage9920/home/tinghao.xia/Data_V2/train/1l1w
1L2X	train	COMPLETE_REBASABLE	COMPLETE_50X4	COMPLETE_50X4	ALREADY_LINKED	REUSE_LINKED	50 seeds x 4 CIF/summary/full-data files present	/storage9920/home/tinghao.xia/Data_V1/train/1l2x	/storage9920/home/tinghao.xia/Data_V2/train/1l2x
1L3D	train	COMPLETE_REBASABLE	COMPLETE_50X4	COMPLETE_50X4	ALREADY_LINKED	REUSE_LINKED	50 seeds x 4 CIF/summary/full-data files present	/storage9920/home/tinghao.xia/Data_V1/train/1l3d	/storage9920/home/tinghao.xia/Data_V2/train/1l3d
1LC6	train	COMPLETE_REBASABLE	COMPLETE_50X4	COMPLETE_50X4	ALREADY_LINKED	REUSE_LINKED	50 seeds x 4 CIF/summary/full-data files present	/storage9920/home/tinghao.xia/Data_V1/train/1lc6	/storage9920/home/tinghao.xia/Data_V2/train/1lc6
1LDZ	train	COMPLETE_REBASABLE	COMPLETE_50X4	COMPLETE_50X4	ALREADY_LINKED	REUSE_LINKED	50 seeds x 4 CIF/summary/full-data files present	/storage9920/home/tinghao.xia/Data_V1/train/1ldz	/storage9920/home/tinghao.xia/Data_V2/train/1ldz
1LU3	train	COMPLETE	COMPLETE_50X4	COMPLETE_50X4	ALREADY_LINKED	REUSE_LINKED	50 seeds x 4 CIF/summary/full-data files present	/storage9920/home/tinghao.xia/Data_V1/train/1lu3	/storage9920/home/tinghao.xia/Data_V2/train/1lu3
1LUU	train	COMPLETE_REBASABLE	COMPLETE_50X4	COMPLETE_50X4	ALREADY_LINKED	REUSE_LINKED	50 seeds x 4 CIF/summary/full-data files present	/storage9920/home/tinghao.xia/Data_V1/train/1luu	/storage9920/home/tinghao.xia/Data_V2/train/1luu
1LUX	train	COMPLETE_REBASABLE	COMPLETE_50X4	COMPLETE_50X4	ALREADY_LINKED	REUSE_LINKED	50 seeds x 4 CIF/summary/full-data files present	/storage9920/home/tinghao.xia/Data_V1/train/1lux	/storage9920/home/tinghao.xia/Data_V2/train/1lux
1LVJ	train	COMPLETE_REBASABLE	COMPLETE_50X4	COMPLETE_50X4	ALREADY_LINKED	REUSE_LINKED	50 seeds x 4 CIF/summary/full-data files present	/storage9920/home/tinghao.xia/Data_V1/train/1lvj	/storage9920/home/tinghao.xia/Data_V2/train/1lvj
1M5L	train	COMPLETE_REBASABLE	COMPLETE_50X4	COMPLETE_50X4	ALREADY_LINKED	REUSE_LINKED	50 seeds x 4 CIF/summary/full-data files present	/storage9920/home/tinghao.xia/Data_V1/train/1m5l	/storage9920/home/tinghao.xia/Data_V2/train/1m5l
1M82	train	COMPLETE_REBASABLE	COMPLETE_50X4	COMPLETE_50X4	ALREADY_LINKED	REUSE_LINKED	50 seeds x 4 CIF/summary/full-data files present	/storage9920/home/tinghao.xia/Data_V1/train/1m82	/storage9920/home/tinghao.xia/Data_V2/train/1m82
1MDG	train	COMPLETE_REBASABLE				NEW_PREDICTION_REQUIRED	No V1 50x4 prediction run membership		/storage9920/home/tinghao.xia/Data_V2/train/1mdg
1ME1	train	COMPLETE_REBASABLE	COMPLETE_50X4	COMPLETE_50X4	ALREADY_LINKED	REUSE_LINKED	50 seeds x 4 CIF/summary/full-data files present	/storage9920/home/tinghao.xia/Data_V1/train/1me1	/storage9920/home/tinghao.xia/Data_V2/train/1me1
1MFJ	train	COMPLETE_REBASABLE	COMPLETE_50X4	COMPLETE_50X4	ALREADY_LINKED	REUSE_LINKED	50 seeds x 4 CIF/summary/full-data files present	/storage9920/home/tinghao.xia/Data_V1/train/1mfj	/storage9920/home/tinghao.xia/Data_V2/train/1mfj
1MFK	train	COMPLETE_REBASABLE	COMPLETE_50X4	COMPLETE_50X4	ALREADY_LINKED	REUSE_LINKED	50 seeds x 4 CIF/summary/full-data files present	/storage9920/home/tinghao.xia/Data_V1/train/1mfk	/storage9920/home/tinghao.xia/Data_V2/train/1mfk
1MFY	train	COMPLETE_REBASABLE	COMPLETE_50X4	COMPLETE_50X4	ALREADY_LINKED	REUSE_LINKED	50 seeds x 4 CIF/summary/full-data files present	/storage9920/home/tinghao.xia/Data_V1/train/1mfy	/storage9920/home/tinghao.xia/Data_V2/train/1mfy
1MNX	train	COMPLETE_REBASABLE	COMPLETE_50X4	COMPLETE_50X4	ALREADY_LINKED	REUSE_LINKED	50 seeds x 4 CIF/summary/full-data files present	/storage9920/home/tinghao.xia/Data_V1/train/1mnx	/storage9920/home/tinghao.xia/Data_V2/train/1mnx
1MSY	train	COMPLETE_REBASABLE	COMPLETE_50X4	COMPLETE_50X4	ALREADY_LINKED	REUSE_LINKED	50 seeds x 4 CIF/summary/full-data files present	/storage9920/home/tinghao.xia/Data_V1/train/1msy	/storage9920/home/tinghao.xia/Data_V2/train/1msy
1MT4	train	COMPLETE	COMPLETE_50X4	COMPLETE_50X4	ALREADY_LINKED	REUSE_LINKED	50 seeds x 4 CIF/summary/full-data files present	/storage9920/home/tinghao.xia/Data_V1/train/1mt4	/storage9920/home/tinghao.xia/Data_V2/train/1mt4
1N66	train	COMPLETE_REBASABLE	COMPLETE_50X4	COMPLETE_50X4	ALREADY_LINKED	REUSE_LINKED	50 seeds x 4 CIF/summary/full-data files present	/storage9920/home/tinghao.xia/Data_V1/train/1n66	/storage9920/home/tinghao.xia/Data_V2/train/1n66
1N8X	train	COMPLETE_REBASABLE	COMPLETE_50X4	COMPLETE_50X4	ALREADY_LINKED	REUSE_LINKED	50 seeds x 4 CIF/summary/full-data files present	/storage9920/home/tinghao.xia/Data_V1/train/1n8x	/storage9920/home/tinghao.xia/Data_V2/train/1n8x
1NA2	train	COMPLETE_REBASABLE	COMPLETE_50X4	COMPLETE_50X4	ALREADY_LINKED	REUSE_LINKED	50 seeds x 4 CIF/summary/full-data files present	/storage9920/home/tinghao.xia/Data_V1/train/1na2	/storage9920/home/tinghao.xia/Data_V2/train/1na2
1NBK	train	COMPLETE_REBASABLE	COMPLETE_50X4	COMPLETE_50X4	ALREADY_LINKED	REUSE_LINKED	50 seeds x 4 CIF/summary/full-data files present	/storage9920/home/tinghao.xia/Data_V1/train/1nbk	/storage9920/home/tinghao.xia/Data_V2/train/1nbk
1NBR	train	COMPLETE_REBASABLE	COMPLETE_50X4	COMPLETE_50X4	ALREADY_LINKED	REUSE_LINKED	50 seeds x 4 CIF/summary/full-data files present	/storage9920/home/tinghao.xia/Data_V1/train/1nbr	/storage9920/home/tinghao.xia/Data_V2/train/1nbr
1NC0	train	COMPLETE_REBASABLE	COMPLETE_50X4	COMPLETE_50X4	ALREADY_LINKED	REUSE_LINKED	50 seeds x 4 CIF/summary/full-data files present	/storage9920/home/tinghao.xia/Data_V1/train/1nc0	/storage9920/home/tinghao.xia/Data_V2/train/1nc0
1NEM	train	COMPLETE_REBASABLE	COMPLETE_50X4	COMPLETE_50X4	ALREADY_LINKED	REUSE_LINKED	50 seeds x 4 CIF/summary/full-data files present	/storage9920/home/tinghao.xia/Data_V1/train/1nem	/storage9920/home/tinghao.xia/Data_V2/train/1nem
1NJN	train	COMPLETE	COMPLETE_50X4	COMPLETE_50X4	ALREADY_LINKED	REUSE_LINKED	50 seeds x 4 CIF/summary/full-data files present	/storage9920/home/tinghao.xia/Data_V1/train/1njn	/storage9920/home/tinghao.xia/Data_V2/train/1njn
1NZ1	train	COMPLETE_REBASABLE	COMPLETE_50X4	COMPLETE_50X4	ALREADY_LINKED	REUSE_LINKED	50 seeds x 4 CIF/summary/full-data files present	/storage9920/home/tinghao.xia/Data_V1/train/1nz1	/storage9920/home/tinghao.xia/Data_V2/train/1nz1
1O15	train	COMPLETE_REBASABLE	COMPLETE_50X4	COMPLETE_50X4	ALREADY_LINKED	REUSE_LINKED	50 seeds x 4 CIF/summary/full-data files present	/storage9920/home/tinghao.xia/Data_V1/train/1o15	/storage9920/home/tinghao.xia/Data_V2/train/1o15
1OQ0	train	COMPLETE_REBASABLE	COMPLETE_50X4	COMPLETE_50X4	ALREADY_LINKED	REUSE_LINKED	50 seeds x 4 CIF/summary/full-data files present	/storage9920/home/tinghao.xia/Data_V1/train/1oq0	/storage9920/home/tinghao.xia/Data_V2/train/1oq0
1OSU	train	COMPLETE_REBASABLE				NEW_PREDICTION_REQUIRED	No V1 50x4 prediction run membership		/storage9920/home/tinghao.xia/Data_V2/train/1osu
1OSW	train	COMPLETE_REBASABLE	COMPLETE_50X4	COMPLETE_50X4	ALREADY_LINKED	REUSE_LINKED	50 seeds x 4 CIF/summary/full-data files present	/storage9920/home/tinghao.xia/Data_V1/train/1osw	/storage9920/home/tinghao.xia/Data_V2/train/1osw
1OW9	train	COMPLETE_REBASABLE	COMPLETE_50X4	COMPLETE_50X4	ALREADY_LINKED	REUSE_LINKED	50 seeds x 4 CIF/summary/full-data files present	/storage9920/home/tinghao.xia/Data_V1/train/1ow9	/storage9920/home/tinghao.xia/Data_V2/train/1ow9
1P5M	train	COMPLETE_REBASABLE	COMPLETE_50X4	COMPLETE_50X4	ALREADY_LINKED	REUSE_LINKED	50 seeds x 4 CIF/summary/full-data files present	/storage9920/home/tinghao.xia/Data_V1/train/1p5m	/storage9920/home/tinghao.xia/Data_V2/train/1p5m
1P5N	train	COMPLETE_REBASABLE	COMPLETE_50X4	COMPLETE_50X4	ALREADY_LINKED	REUSE_LINKED	50 seeds x 4 CIF/summary/full-data files present	/storage9920/home/tinghao.xia/Data_V1/train/1p5n	/storage9920/home/tinghao.xia/Data_V2/train/1p5n
1P5O	train	COMPLETE_REBASABLE	COMPLETE_50X4	COMPLETE_50X4	ALREADY_LINKED	REUSE_LINKED	50 seeds x 4 CIF/summary/full-data files present	/storage9920/home/tinghao.xia/Data_V1/train/1p5o	/storage9920/home/tinghao.xia/Data_V2/train/1p5o
1P5P	train	COMPLETE_REBASABLE	COMPLETE_50X4	COMPLETE_50X4	ALREADY_LINKED	REUSE_LINKED	50 seeds x 4 CIF/summary/full-data files present	/storage9920/home/tinghao.xia/Data_V1/train/1p5p	/storage9920/home/tinghao.xia/Data_V2/train/1p5p
1P79	train	COMPLETE_REBASABLE				NEW_PREDICTION_REQUIRED	No V1 50x4 prediction run membership		/storage9920/home/tinghao.xia/Data_V2/train/1p79
1P9X	train	COMPLETE	COMPLETE_50X4	COMPLETE_50X4	ALREADY_LINKED	REUSE_LINKED	50 seeds x 4 CIF/summary/full-data files present	/storage9920/home/tinghao.xia/Data_V1/train/1p9x	/storage9920/home/tinghao.xia/Data_V2/train/1p9x
1PBR	train	COMPLETE	COMPLETE_50X4	COMPLETE_50X4	ALREADY_LINKED	REUSE_LINKED	50 seeds x 4 CIF/summary/full-data files present	/storage9920/home/tinghao.xia/Data_V1/train/1pbr	/storage9920/home/tinghao.xia/Data_V2/train/1pbr
1PJY	train	COMPLETE_REBASABLE	COMPLETE_50X4	COMPLETE_50X4	ALREADY_LINKED	REUSE_LINKED	50 seeds x 4 CIF/summary/full-data files present	/storage9920/home/tinghao.xia/Data_V1/train/1pjy	/storage9920/home/tinghao.xia/Data_V2/train/1pjy
1Q75	train	COMPLETE_REBASABLE	COMPLETE_50X4	COMPLETE_50X4	ALREADY_LINKED	REUSE_LINKED	50 seeds x 4 CIF/summary/full-data files present	/storage9920/home/tinghao.xia/Data_V1/train/1q75	/storage9920/home/tinghao.xia/Data_V2/train/1q75
1Q8N	train	COMPLETE_REBASABLE	COMPLETE_50X4	COMPLETE_50X4	ALREADY_LINKED	REUSE_LINKED	50 seeds x 4 CIF/summary/full-data files present	/storage9920/home/tinghao.xia/Data_V1/train/1q8n	/storage9920/home/tinghao.xia/Data_V2/train/1q8n
1Q9A	train	COMPLETE_REBASABLE	COMPLETE_50X4	COMPLETE_50X4	ALREADY_LINKED	REUSE_LINKED	50 seeds x 4 CIF/summary/full-data files present	/storage9920/home/tinghao.xia/Data_V1/train/1q9a	/storage9920/home/tinghao.xia/Data_V2/train/1q9a
1QC8	train	COMPLETE_REBASABLE	COMPLETE_50X4	COMPLETE_50X4	ALREADY_LINKED	REUSE_LINKED	50 seeds x 4 CIF/summary/full-data files present	/storage9920/home/tinghao.xia/Data_V1/train/1qc8	/storage9920/home/tinghao.xia/Data_V2/train/1qc8
1QD3	train	COMPLETE_REBASABLE	COMPLETE_50X4	COMPLETE_50X4	ALREADY_LINKED	REUSE_LINKED	50 seeds x 4 CIF/summary/full-data files present	/storage9920/home/tinghao.xia/Data_V1/train/1qd3	/storage9920/home/tinghao.xia/Data_V2/train/1qd3
1QWA	train	COMPLETE	COMPLETE_50X4	COMPLETE_50X4	ALREADY_LINKED	REUSE_LINKED	50 seeds x 4 CIF/summary/full-data files present	/storage9920/home/tinghao.xia/Data_V1/train/1qwa	/storage9920/home/tinghao.xia/Data_V2/train/1qwa
1QWB	train	COMPLETE_REBASABLE	COMPLETE_50X4	COMPLETE_50X4	ALREADY_LINKED	REUSE_LINKED	50 seeds x 4 CIF/summary/full-data files present	/storage9920/home/tinghao.xia/Data_V1/train/1qwb	/storage9920/home/tinghao.xia/Data_V2/train/1qwb
1QZA	train	COMPLETE				NEW_PREDICTION_REQUIRED	No V1 50x4 prediction run membership		/storage9920/home/tinghao.xia/Data_V2/train/1qza
1QZB	train	COMPLETE				NEW_PREDICTION_REQUIRED	No V1 50x4 prediction run membership		/storage9920/home/tinghao.xia/Data_V2/train/1qzb
1R2P	train	COMPLETE_REBASABLE	COMPLETE_50X4	COMPLETE_50X4	ALREADY_LINKED	REUSE_LINKED	50 seeds x 4 CIF/summary/full-data files present	/storage9920/home/tinghao.xia/Data_V1/train/1r2p	/storage9920/home/tinghao.xia/Data_V2/train/1r2p
1R4H	train	COMPLETE_REBASABLE	COMPLETE_50X4	COMPLETE_50X4	ALREADY_LINKED	REUSE_LINKED	50 seeds x 4 CIF/summary/full-data files present	/storage9920/home/tinghao.xia/Data_V1/train/1r4h	/storage9920/home/tinghao.xia/Data_V2/train/1r4h
1R7W	train	COMPLETE_REBASABLE	COMPLETE_50X4	COMPLETE_50X4	ALREADY_LINKED	REUSE_LINKED	50 seeds x 4 CIF/summary/full-data files present	/storage9920/home/tinghao.xia/Data_V1/train/1r7w	/storage9920/home/tinghao.xia/Data_V2/train/1r7w
1R7Z	train	COMPLETE_REBASABLE	COMPLETE_50X4	COMPLETE_50X4	ALREADY_LINKED	REUSE_LINKED	50 seeds x 4 CIF/summary/full-data files present	/storage9920/home/tinghao.xia/Data_V1/train/1r7z	/storage9920/home/tinghao.xia/Data_V2/train/1r7z
1RAW	train	COMPLETE_REBASABLE	COMPLETE_50X4	COMPLETE_50X4	ALREADY_LINKED	REUSE_LINKED	50 seeds x 4 CIF/summary/full-data files present	/storage9920/home/tinghao.xia/Data_V1/train/1raw	/storage9920/home/tinghao.xia/Data_V2/train/1raw
1RFR	train	COMPLETE_REBASABLE	COMPLETE_50X4	COMPLETE_50X4	ALREADY_LINKED	REUSE_LINKED	50 seeds x 4 CIF/summary/full-data files present	/storage9920/home/tinghao.xia/Data_V1/train/1rfr	/storage9920/home/tinghao.xia/Data_V2/train/1rfr
1RHT	train	COMPLETE_REBASABLE	COMPLETE_50X4	COMPLETE_50X4	ALREADY_LINKED	REUSE_LINKED	50 seeds x 4 CIF/summary/full-data files present	/storage9920/home/tinghao.xia/Data_V1/train/1rht	/storage9920/home/tinghao.xia/Data_V2/train/1rht
1RMN	train	COMPLETE_REBASABLE	COMPLETE_50X4	COMPLETE_50X4	ALREADY_LINKED	REUSE_LINKED	50 seeds x 4 CIF/summary/full-data files present	/storage9920/home/tinghao.xia/Data_V1/train/1rmn	/storage9920/home/tinghao.xia/Data_V2/train/1rmn
1RNG	train	COMPLETE_REBASABLE	COMPLETE_50X4	COMPLETE_50X4	ALREADY_LINKED	REUSE_LINKED	50 seeds x 4 CIF/summary/full-data files present	/storage9920/home/tinghao.xia/Data_V1/train/1rng	/storage9920/home/tinghao.xia/Data_V2/train/1rng
1RNK	train	COMPLETE_REBASABLE	COMPLETE_50X4	COMPLETE_50X4	ALREADY_LINKED	REUSE_LINKED	50 seeds x 4 CIF/summary/full-data files present	/storage9920/home/tinghao.xia/Data_V1/train/1rnk	/storage9920/home/tinghao.xia/Data_V2/train/1rnk
1ROQ	train	COMPLETE_REBASABLE	COMPLETE_50X4	COMPLETE_50X4	ALREADY_LINKED	REUSE_LINKED	50 seeds x 4 CIF/summary/full-data files present	/storage9920/home/tinghao.xia/Data_V1/train/1roq	/storage9920/home/tinghao.xia/Data_V2/train/1roq
1RXA	train	COMPLETE_REBASABLE	COMPLETE_50X4	COMPLETE_50X4	ALREADY_LINKED	REUSE_LINKED	50 seeds x 4 CIF/summary/full-data files present	/storage9920/home/tinghao.xia/Data_V1/train/1rxa	/storage9920/home/tinghao.xia/Data_V2/train/1rxa
1S2F	train	COMPLETE_REBASABLE	COMPLETE_50X4	COMPLETE_50X4	ALREADY_LINKED	REUSE_LINKED	50 seeds x 4 CIF/summary/full-data files present	/storage9920/home/tinghao.xia/Data_V1/train/1s2f	/storage9920/home/tinghao.xia/Data_V2/train/1s2f
1S34	train	COMPLETE_REBASABLE	COMPLETE_50X4	COMPLETE_50X4	ALREADY_LINKED	REUSE_LINKED	50 seeds x 4 CIF/summary/full-data files present	/storage9920/home/tinghao.xia/Data_V1/train/1s34	/storage9920/home/tinghao.xia/Data_V2/train/1s34
1S9S	train	COMPLETE_REBASABLE				NEW_PREDICTION_REQUIRED	No V1 50x4 prediction run membership		/storage9920/home/tinghao.xia/Data_V2/train/1s9s
1SCL	train	COMPLETE_REBASABLE	COMPLETE_50X4	COMPLETE_50X4	ALREADY_LINKED	REUSE_LINKED	50 seeds x 4 CIF/summary/full-data files present	/storage9920/home/tinghao.xia/Data_V1/train/1scl	/storage9920/home/tinghao.xia/Data_V2/train/1scl
1SLO	train	COMPLETE_REBASABLE	COMPLETE_50X4	COMPLETE_50X4	ALREADY_LINKED	REUSE_LINKED	50 seeds x 4 CIF/summary/full-data files present	/storage9920/home/tinghao.xia/Data_V1/train/1slo	/storage9920/home/tinghao.xia/Data_V2/train/1slo
1SLP	train	COMPLETE_REBASABLE	COMPLETE_50X4	COMPLETE_50X4	ALREADY_LINKED	REUSE_LINKED	50 seeds x 4 CIF/summary/full-data files present	/storage9920/home/tinghao.xia/Data_V1/train/1slp	/storage9920/home/tinghao.xia/Data_V2/train/1slp
1SY4	train	COMPLETE_REBASABLE	COMPLETE_50X4	COMPLETE_50X4	ALREADY_LINKED	REUSE_LINKED	50 seeds x 4 CIF/summary/full-data files present	/storage9920/home/tinghao.xia/Data_V1/train/1sy4	/storage9920/home/tinghao.xia/Data_V2/train/1sy4
1SYZ	train	COMPLETE_REBASABLE	COMPLETE_50X4	COMPLETE_50X4	ALREADY_LINKED	REUSE_LINKED	50 seeds x 4 CIF/summary/full-data files present	/storage9920/home/tinghao.xia/Data_V1/train/1syz	/storage9920/home/tinghao.xia/Data_V2/train/1syz
1SZY	train	COMPLETE_REBASABLE	COMPLETE_50X4	COMPLETE_50X4	ALREADY_LINKED	REUSE_LINKED	50 seeds x 4 CIF/summary/full-data files present	/storage9920/home/tinghao.xia/Data_V1/train/1szy	/storage9920/home/tinghao.xia/Data_V2/train/1szy
1T28	train	COMPLETE_REBASABLE	COMPLETE_50X4	COMPLETE_50X4	ALREADY_LINKED	REUSE_LINKED	50 seeds x 4 CIF/summary/full-data files present	/storage9920/home/tinghao.xia/Data_V1/train/1t28	/storage9920/home/tinghao.xia/Data_V2/train/1t28
1TBK	train	COMPLETE_REBASABLE	COMPLETE_50X4	COMPLETE_50X4	ALREADY_LINKED	REUSE_LINKED	50 seeds x 4 CIF/summary/full-data files present	/storage9920/home/tinghao.xia/Data_V1/train/1tbk	/storage9920/home/tinghao.xia/Data_V2/train/1tbk
1TFN	train	COMPLETE_REBASABLE	COMPLETE_50X4	COMPLETE_50X4	ALREADY_LINKED	REUSE_LINKED	50 seeds x 4 CIF/summary/full-data files present	/storage9920/home/tinghao.xia/Data_V1/train/1tfn	/storage9920/home/tinghao.xia/Data_V2/train/1tfn
1TJZ	train	COMPLETE_REBASABLE	COMPLETE_50X4	COMPLETE_50X4	ALREADY_LINKED	REUSE_LINKED	50 seeds x 4 CIF/summary/full-data files present	/storage9920/home/tinghao.xia/Data_V1/train/1tjz	/storage9920/home/tinghao.xia/Data_V2/train/1tjz
1TLR	train	COMPLETE_REBASABLE	COMPLETE_50X4	COMPLETE_50X4	ALREADY_LINKED	REUSE_LINKED	50 seeds x 4 CIF/summary/full-data files present	/storage9920/home/tinghao.xia/Data_V1/train/1tlr	/storage9920/home/tinghao.xia/Data_V2/train/1tlr
1TN1	train	COMPLETE_REBASABLE	COMPLETE_50X4	COMPLETE_50X4	ALREADY_LINKED	REUSE_LINKED	50 seeds x 4 CIF/summary/full-data files present	/storage9920/home/tinghao.xia/Data_V1/train/1tn1	/storage9920/home/tinghao.xia/Data_V2/train/1tn1
1TN2	train	COMPLETE_REBASABLE	COMPLETE_50X4	COMPLETE_50X4	ALREADY_LINKED	REUSE_LINKED	50 seeds x 4 CIF/summary/full-data files present	/storage9920/home/tinghao.xia/Data_V1/train/1tn2	/storage9920/home/tinghao.xia/Data_V2/train/1tn2
1TOB	train	COMPLETE_REBASABLE	COMPLETE_50X4	COMPLETE_50X4	ALREADY_LINKED	REUSE_LINKED	50 seeds x 4 CIF/summary/full-data files present	/storage9920/home/tinghao.xia/Data_V1/train/1tob	/storage9920/home/tinghao.xia/Data_V2/train/1tob
1TRA	train	COMPLETE_REBASABLE	COMPLETE_50X4	COMPLETE_50X4	ALREADY_LINKED	REUSE_LINKED	50 seeds x 4 CIF/summary/full-data files present	/storage9920/home/tinghao.xia/Data_V1/train/1tra	/storage9920/home/tinghao.xia/Data_V2/train/1tra
1TXS	train	COMPLETE_REBASABLE	COMPLETE_50X4	COMPLETE_50X4	ALREADY_LINKED	REUSE_LINKED	50 seeds x 4 CIF/summary/full-data files present	/storage9920/home/tinghao.xia/Data_V1/train/1txs	/storage9920/home/tinghao.xia/Data_V2/train/1txs
1U2A	train	COMPLETE_REBASABLE	COMPLETE_50X4	COMPLETE_50X4	ALREADY_LINKED	REUSE_LINKED	50 seeds x 4 CIF/summary/full-data files present	/storage9920/home/tinghao.xia/Data_V1/train/1u2a	/storage9920/home/tinghao.xia/Data_V2/train/1u2a
1U3K	train	COMPLETE_REBASABLE	COMPLETE_50X4	COMPLETE_50X4	ALREADY_LINKED	REUSE_LINKED	50 seeds x 4 CIF/summary/full-data files present	/storage9920/home/tinghao.xia/Data_V1/train/1u3k	/storage9920/home/tinghao.xia/Data_V2/train/1u3k
1U9S	train	COMPLETE_REBASABLE	COMPLETE_50X4	COMPLETE_50X4	ALREADY_LINKED	REUSE_LINKED	50 seeds x 4 CIF/summary/full-data files present	/storage9920/home/tinghao.xia/Data_V1/train/1u9s	/storage9920/home/tinghao.xia/Data_V2/train/1u9s
1UTS	train	COMPLETE_REBASABLE	COMPLETE_50X4	COMPLETE_50X4	ALREADY_LINKED	REUSE_LINKED	50 seeds x 4 CIF/summary/full-data files present	/storage9920/home/tinghao.xia/Data_V1/train/1uts	/storage9920/home/tinghao.xia/Data_V2/train/1uts
1UUD	train	COMPLETE_REBASABLE	COMPLETE_50X4	COMPLETE_50X4	ALREADY_LINKED	REUSE_LINKED	50 seeds x 4 CIF/summary/full-data files present	/storage9920/home/tinghao.xia/Data_V1/train/1uud	/storage9920/home/tinghao.xia/Data_V2/train/1uud
1UUI	train	COMPLETE_REBASABLE	COMPLETE_50X4	COMPLETE_50X4	ALREADY_LINKED	REUSE_LINKED	50 seeds x 4 CIF/summary/full-data files present	/storage9920/home/tinghao.xia/Data_V1/train/1uui	/storage9920/home/tinghao.xia/Data_V2/train/1uui
1UUU	train	COMPLETE_REBASABLE	COMPLETE_50X4	COMPLETE_50X4	ALREADY_LINKED	REUSE_LINKED	50 seeds x 4 CIF/summary/full-data files present	/storage9920/home/tinghao.xia/Data_V1/train/1uuu	/storage9920/home/tinghao.xia/Data_V2/train/1uuu
1VOP	train	COMPLETE	COMPLETE_50X4	COMPLETE_50X4	ALREADY_LINKED	REUSE_LINKED	50 seeds x 4 CIF/summary/full-data files present	/storage9920/home/tinghao.xia/Data_V1/train/1vop	/storage9920/home/tinghao.xia/Data_V2/train/1vop
1VTQ	train	COMPLETE_REBASABLE	COMPLETE_50X4	COMPLETE_50X4	ALREADY_LINKED	REUSE_LINKED	50 seeds x 4 CIF/summary/full-data files present	/storage9920/home/tinghao.xia/Data_V1/train/1vtq	/storage9920/home/tinghao.xia/Data_V2/train/1vtq
1WKS	train	COMPLETE_REBASABLE	COMPLETE_50X4	COMPLETE_50X4	ALREADY_LINKED	REUSE_LINKED	50 seeds x 4 CIF/summary/full-data files present	/storage9920/home/tinghao.xia/Data_V1/train/1wks	/storage9920/home/tinghao.xia/Data_V2/train/1wks
1WTS	train	COMPLETE_REBASABLE	COMPLETE_50X4	COMPLETE_50X4	ALREADY_LINKED	REUSE_LINKED	50 seeds x 4 CIF/summary/full-data files present	/storage9920/home/tinghao.xia/Data_V1/train/1wts	/storage9920/home/tinghao.xia/Data_V2/train/1wts
1WTT	train	COMPLETE_REBASABLE	COMPLETE_50X4	COMPLETE_50X4	ALREADY_LINKED	REUSE_LINKED	50 seeds x 4 CIF/summary/full-data files present	/storage9920/home/tinghao.xia/Data_V1/train/1wtt	/storage9920/home/tinghao.xia/Data_V2/train/1wtt
1XHP	train	COMPLETE_REBASABLE	COMPLETE_50X4	COMPLETE_50X4	ALREADY_LINKED	REUSE_LINKED	50 seeds x 4 CIF/summary/full-data files present	/storage9920/home/tinghao.xia/Data_V1/train/1xhp	/storage9920/home/tinghao.xia/Data_V2/train/1xhp
1XJR	train	COMPLETE_REBASABLE	COMPLETE_50X4	COMPLETE_50X4	ALREADY_LINKED	REUSE_LINKED	50 seeds x 4 CIF/summary/full-data files present	/storage9920/home/tinghao.xia/Data_V1/train/1xjr	/storage9920/home/tinghao.xia/Data_V2/train/1xjr
1XSG	train	COMPLETE_REBASABLE	COMPLETE_50X4	COMPLETE_50X4	ALREADY_LINKED	REUSE_LINKED	50 seeds x 4 CIF/summary/full-data files present	/storage9920/home/tinghao.xia/Data_V1/train/1xsg	/storage9920/home/tinghao.xia/Data_V2/train/1xsg
1XSH	train	COMPLETE_REBASABLE	COMPLETE_50X4	COMPLETE_50X4	ALREADY_LINKED	REUSE_LINKED	50 seeds x 4 CIF/summary/full-data files present	/storage9920/home/tinghao.xia/Data_V1/train/1xsh	/storage9920/home/tinghao.xia/Data_V2/train/1xsh
1XST	train	COMPLETE_REBASABLE	COMPLETE_50X4	COMPLETE_50X4	ALREADY_LINKED	REUSE_LINKED	50 seeds x 4 CIF/summary/full-data files present	/storage9920/home/tinghao.xia/Data_V1/train/1xst	/storage9920/home/tinghao.xia/Data_V2/train/1xst
1XSU	train	COMPLETE_REBASABLE	COMPLETE_50X4	COMPLETE_50X4	ALREADY_LINKED	REUSE_LINKED	50 seeds x 4 CIF/summary/full-data files present	/storage9920/home/tinghao.xia/Data_V1/train/1xsu	/storage9920/home/tinghao.xia/Data_V2/train/1xsu
1XV6	train	COMPLETE_REBASABLE	COMPLETE_50X4	COMPLETE_50X4	ALREADY_LINKED	REUSE_LINKED	50 seeds x 4 CIF/summary/full-data files present	/storage9920/home/tinghao.xia/Data_V1/train/1xv6	/storage9920/home/tinghao.xia/Data_V2/train/1xv6
1XWP	train	COMPLETE_REBASABLE	COMPLETE_50X4	COMPLETE_50X4	ALREADY_LINKED	REUSE_LINKED	50 seeds x 4 CIF/summary/full-data files present	/storage9920/home/tinghao.xia/Data_V1/train/1xwp	/storage9920/home/tinghao.xia/Data_V2/train/1xwp
1XWU	train	COMPLETE_REBASABLE	COMPLETE_50X4	COMPLETE_50X4	ALREADY_LINKED	REUSE_LINKED	50 seeds x 4 CIF/summary/full-data files present	/storage9920/home/tinghao.xia/Data_V1/train/1xwu	/storage9920/home/tinghao.xia/Data_V2/train/1xwu
1Y26	train	COMPLETE_REBASABLE	COMPLETE_50X4	COMPLETE_50X4	ALREADY_LINKED	REUSE_LINKED	50 seeds x 4 CIF/summary/full-data files present	/storage9920/home/tinghao.xia/Data_V1/train/1y26	/storage9920/home/tinghao.xia/Data_V2/train/1y26
1Y27	train	COMPLETE_REBASABLE	COMPLETE_50X4	COMPLETE_50X4	ALREADY_LINKED	REUSE_LINKED	50 seeds x 4 CIF/summary/full-data files present	/storage9920/home/tinghao.xia/Data_V1/train/1y27	/storage9920/home/tinghao.xia/Data_V2/train/1y27
1YFG	train	COMPLETE_REBASABLE	COMPLETE_50X4	COMPLETE_50X4	ALREADY_LINKED	REUSE_LINKED	50 seeds x 4 CIF/summary/full-data files present	/storage9920/home/tinghao.xia/Data_V1/train/1yfg	/storage9920/home/tinghao.xia/Data_V2/train/1yfg
1YG3	train	COMPLETE_REBASABLE	COMPLETE_50X4	COMPLETE_50X4	ALREADY_LINKED	REUSE_LINKED	50 seeds x 4 CIF/summary/full-data files present	/storage9920/home/tinghao.xia/Data_V1/train/1yg3	/storage9920/home/tinghao.xia/Data_V2/train/1yg3
1YG4	train	COMPLETE_REBASABLE	COMPLETE_50X4	COMPLETE_50X4	ALREADY_LINKED	REUSE_LINKED	50 seeds x 4 CIF/summary/full-data files present	/storage9920/home/tinghao.xia/Data_V1/train/1yg4	/storage9920/home/tinghao.xia/Data_V2/train/1yg4
1YLG	train	COMPLETE_REBASABLE	COMPLETE_50X4	COMPLETE_50X4	ALREADY_LINKED	REUSE_LINKED	50 seeds x 4 CIF/summary/full-data files present	/storage9920/home/tinghao.xia/Data_V1/train/1ylg	/storage9920/home/tinghao.xia/Data_V2/train/1ylg
1YMO	train	COMPLETE_REBASABLE	COMPLETE_50X4	COMPLETE_50X4	ALREADY_LINKED	REUSE_LINKED	50 seeds x 4 CIF/summary/full-data files present	/storage9920/home/tinghao.xia/Data_V1/train/1ymo	/storage9920/home/tinghao.xia/Data_V2/train/1ymo
1YN1	train	COMPLETE_REBASABLE	COMPLETE_50X4	COMPLETE_50X4	ALREADY_LINKED	REUSE_LINKED	50 seeds x 4 CIF/summary/full-data files present	/storage9920/home/tinghao.xia/Data_V1/train/1yn1	/storage9920/home/tinghao.xia/Data_V2/train/1yn1
1YN2	train	COMPLETE_REBASABLE	COMPLETE_50X4	COMPLETE_50X4	ALREADY_LINKED	REUSE_LINKED	50 seeds x 4 CIF/summary/full-data files present	/storage9920/home/tinghao.xia/Data_V1/train/1yn2	/storage9920/home/tinghao.xia/Data_V2/train/1yn2
1YNC	train	COMPLETE_REBASABLE	COMPLETE_50X4	COMPLETE_50X4	ALREADY_LINKED	REUSE_LINKED	50 seeds x 4 CIF/summary/full-data files present	/storage9920/home/tinghao.xia/Data_V1/train/1ync	/storage9920/home/tinghao.xia/Data_V2/train/1ync
1YNE	train	COMPLETE_REBASABLE	COMPLETE_50X4	COMPLETE_50X4	ALREADY_LINKED	REUSE_LINKED	50 seeds x 4 CIF/summary/full-data files present	/storage9920/home/tinghao.xia/Data_V1/train/1yne	/storage9920/home/tinghao.xia/Data_V2/train/1yne
1YNG	train	COMPLETE_REBASABLE	COMPLETE_50X4	COMPLETE_50X4	ALREADY_LINKED	REUSE_LINKED	50 seeds x 4 CIF/summary/full-data files present	/storage9920/home/tinghao.xia/Data_V1/train/1yng	/storage9920/home/tinghao.xia/Data_V2/train/1yng
1YSV	train	COMPLETE_REBASABLE	COMPLETE_50X4	COMPLETE_50X4	ALREADY_LINKED	REUSE_LINKED	50 seeds x 4 CIF/summary/full-data files present	/storage9920/home/tinghao.xia/Data_V1/train/1ysv	/storage9920/home/tinghao.xia/Data_V2/train/1ysv
1Z2J	train	COMPLETE_REBASABLE	COMPLETE_50X4	COMPLETE_50X4	ALREADY_LINKED	REUSE_LINKED	50 seeds x 4 CIF/summary/full-data files present	/storage9920/home/tinghao.xia/Data_V1/train/1z2j	/storage9920/home/tinghao.xia/Data_V2/train/1z2j
1Z30	train	COMPLETE_REBASABLE	COMPLETE_50X4	COMPLETE_50X4	ALREADY_LINKED	REUSE_LINKED	50 seeds x 4 CIF/summary/full-data files present	/storage9920/home/tinghao.xia/Data_V1/train/1z30	/storage9920/home/tinghao.xia/Data_V2/train/1z30
1Z31	train	COMPLETE_REBASABLE	COMPLETE_50X4	COMPLETE_50X4	ALREADY_LINKED	REUSE_LINKED	50 seeds x 4 CIF/summary/full-data files present	/storage9920/home/tinghao.xia/Data_V1/train/1z31	/storage9920/home/tinghao.xia/Data_V2/train/1z31
1Z43	train	COMPLETE_REBASABLE	COMPLETE_50X4	COMPLETE_50X4	ALREADY_LINKED	REUSE_LINKED	50 seeds x 4 CIF/summary/full-data files present	/storage9920/home/tinghao.xia/Data_V1/train/1z43	/storage9920/home/tinghao.xia/Data_V2/train/1z43
1Z58	train	COMPLETE	COMPLETE_50X4	COMPLETE_50X4	ALREADY_LINKED	REUSE_LINKED	50 seeds x 4 CIF/summary/full-data files present	/storage9920/home/tinghao.xia/Data_V1/train/1z58	/storage9920/home/tinghao.xia/Data_V2/train/1z58
1ZC5	train	COMPLETE_REBASABLE	COMPLETE_50X4	COMPLETE_50X4	ALREADY_LINKED	REUSE_LINKED	50 seeds x 4 CIF/summary/full-data files present	/storage9920/home/tinghao.xia/Data_V1/train/1zc5	/storage9920/home/tinghao.xia/Data_V2/train/1zc5
1ZIF	train	COMPLETE_REBASABLE	COMPLETE_50X4	COMPLETE_50X4	ALREADY_LINKED	REUSE_LINKED	50 seeds x 4 CIF/summary/full-data files present	/storage9920/home/tinghao.xia/Data_V1/train/1zif	/storage9920/home/tinghao.xia/Data_V2/train/1zif
1ZIG	train	COMPLETE_REBASABLE	COMPLETE_50X4	COMPLETE_50X4	ALREADY_LINKED	REUSE_LINKED	50 seeds x 4 CIF/summary/full-data files present	/storage9920/home/tinghao.xia/Data_V1/train/1zig	/storage9920/home/tinghao.xia/Data_V2/train/1zig
1ZIH	train	COMPLETE_REBASABLE	COMPLETE_50X4	COMPLETE_50X4	ALREADY_LINKED	REUSE_LINKED	50 seeds x 4 CIF/summary/full-data files present	/storage9920/home/tinghao.xia/Data_V1/train/1zih	/storage9920/home/tinghao.xia/Data_V2/train/1zih
23JZ	test	COMPLETE	COMPLETE_50X4	COMPLETE_50X4	ALREADY_LINKED	REUSE_LINKED	50 seeds x 4 CIF/summary/full-data files present	/storage9920/home/tinghao.xia/Data_V1/test/23jz	/storage9920/home/tinghao.xia/Data_V2/test/23jz
255D	train	COMPLETE_REBASABLE	COMPLETE_50X4	COMPLETE_50X4	ALREADY_LINKED	REUSE_LINKED	50 seeds x 4 CIF/summary/full-data files present	/storage9920/home/tinghao.xia/Data_V1/train/255d	/storage9920/home/tinghao.xia/Data_V2/train/255d
283D	train	COMPLETE_REBASABLE	COMPLETE_50X4	COMPLETE_50X4	ALREADY_LINKED	REUSE_LINKED	50 seeds x 4 CIF/summary/full-data files present	/storage9920/home/tinghao.xia/Data_V1/train/283d	/storage9920/home/tinghao.xia/Data_V2/train/283d
28SP	train	COMPLETE_REBASABLE	COMPLETE_50X4	COMPLETE_50X4	ALREADY_LINKED	REUSE_LINKED	50 seeds x 4 CIF/summary/full-data files present	/storage9920/home/tinghao.xia/Data_V1/train/28sp	/storage9920/home/tinghao.xia/Data_V2/train/28sp
28SR	train	COMPLETE_REBASABLE	COMPLETE_50X4	COMPLETE_50X4	ALREADY_LINKED	REUSE_LINKED	50 seeds x 4 CIF/summary/full-data files present	/storage9920/home/tinghao.xia/Data_V1/train/28sr	/storage9920/home/tinghao.xia/Data_V2/train/28sr
2A2E	train	COMPLETE_REBASABLE	COMPLETE_50X4	COMPLETE_50X4	ALREADY_LINKED	REUSE_LINKED	50 seeds x 4 CIF/summary/full-data files present	/storage9920/home/tinghao.xia/Data_V1/train/2a2e	/storage9920/home/tinghao.xia/Data_V2/train/2a2e
2A43	train	COMPLETE	COMPLETE_50X4	COMPLETE_50X4	ALREADY_LINKED	REUSE_LINKED	50 seeds x 4 CIF/summary/full-data files present	/storage9920/home/tinghao.xia/Data_V1/train/2a43	/storage9920/home/tinghao.xia/Data_V2/train/2a43
2A64	train	COMPLETE_REBASABLE	COMPLETE_50X4	COMPLETE_50X4	ALREADY_LINKED	REUSE_LINKED	50 seeds x 4 CIF/summary/full-data files present	/storage9920/home/tinghao.xia/Data_V1/train/2a64	/storage9920/home/tinghao.xia/Data_V2/train/2a64
2A9L	train	COMPLETE_REBASABLE	COMPLETE_50X4	COMPLETE_50X4	ALREADY_LINKED	REUSE_LINKED	50 seeds x 4 CIF/summary/full-data files present	/storage9920/home/tinghao.xia/Data_V1/train/2a9l	/storage9920/home/tinghao.xia/Data_V2/train/2a9l
2AHT	train	COMPLETE_REBASABLE	COMPLETE_50X4	COMPLETE_50X4	ALREADY_LINKED	REUSE_LINKED	50 seeds x 4 CIF/summary/full-data files present	/storage9920/home/tinghao.xia/Data_V1/train/2aht	/storage9920/home/tinghao.xia/Data_V2/train/2aht
2AP0	train	COMPLETE_REBASABLE	COMPLETE_50X4	COMPLETE_50X4	ALREADY_LINKED	REUSE_LINKED	50 seeds x 4 CIF/summary/full-data files present	/storage9920/home/tinghao.xia/Data_V1/train/2ap0	/storage9920/home/tinghao.xia/Data_V2/train/2ap0
2AP5	train	COMPLETE_REBASABLE	COMPLETE_50X4	COMPLETE_50X4	ALREADY_LINKED	REUSE_LINKED	50 seeds x 4 CIF/summary/full-data files present	/storage9920/home/tinghao.xia/Data_V1/train/2ap5	/storage9920/home/tinghao.xia/Data_V2/train/2ap5
2AU4	train	COMPLETE_REBASABLE	COMPLETE_50X4	COMPLETE_50X4	ALREADY_LINKED	REUSE_LINKED	50 seeds x 4 CIF/summary/full-data files present	/storage9920/home/tinghao.xia/Data_V1/train/2au4	/storage9920/home/tinghao.xia/Data_V2/train/2au4
2AWQ	train	COMPLETE_REBASABLE	COMPLETE_50X4	COMPLETE_50X4	ALREADY_LINKED	REUSE_LINKED	50 seeds x 4 CIF/summary/full-data files present	/storage9920/home/tinghao.xia/Data_V1/train/2awq	/storage9920/home/tinghao.xia/Data_V2/train/2awq
2B57	train	COMPLETE_REBASABLE	COMPLETE_50X4	COMPLETE_50X4	ALREADY_LINKED	REUSE_LINKED	50 seeds x 4 CIF/summary/full-data files present	/storage9920/home/tinghao.xia/Data_V1/train/2b57	/storage9920/home/tinghao.xia/Data_V2/train/2b57
2B7G	train	COMPLETE_REBASABLE	COMPLETE_50X4	COMPLETE_50X4	ALREADY_LINKED	REUSE_LINKED	50 seeds x 4 CIF/summary/full-data files present	/storage9920/home/tinghao.xia/Data_V1/train/2b7g	/storage9920/home/tinghao.xia/Data_V2/train/2b7g
2CD1	train	COMPLETE_REBASABLE	COMPLETE_50X4	COMPLETE_50X4	ALREADY_LINKED	REUSE_LINKED	50 seeds x 4 CIF/summary/full-data files present	/storage9920/home/tinghao.xia/Data_V1/train/2cd1	/storage9920/home/tinghao.xia/Data_V2/train/2cd1
2CD3	train	COMPLETE_REBASABLE	COMPLETE_50X4	COMPLETE_50X4	ALREADY_LINKED	REUSE_LINKED	50 seeds x 4 CIF/summary/full-data files present	/storage9920/home/tinghao.xia/Data_V1/train/2cd3	/storage9920/home/tinghao.xia/Data_V2/train/2cd3
2CD5	train	COMPLETE_REBASABLE	COMPLETE_50X4	COMPLETE_50X4	ALREADY_LINKED	REUSE_LINKED	50 seeds x 4 CIF/summary/full-data files present	/storage9920/home/tinghao.xia/Data_V1/train/2cd5	/storage9920/home/tinghao.xia/Data_V2/train/2cd5
2CD6	train	COMPLETE_REBASABLE	COMPLETE_50X4	COMPLETE_50X4	ALREADY_LINKED	REUSE_LINKED	50 seeds x 4 CIF/summary/full-data files present	/storage9920/home/tinghao.xia/Data_V1/train/2cd6	/storage9920/home/tinghao.xia/Data_V2/train/2cd6
2EES	train	COMPLETE_REBASABLE	COMPLETE_50X4	COMPLETE_50X4	ALREADY_LINKED	REUSE_LINKED	50 seeds x 4 CIF/summary/full-data files present	/storage9920/home/tinghao.xia/Data_V1/train/2ees	/storage9920/home/tinghao.xia/Data_V2/train/2ees
2EET	train	COMPLETE_REBASABLE	COMPLETE_50X4	COMPLETE_50X4	ALREADY_LINKED	REUSE_LINKED	50 seeds x 4 CIF/summary/full-data files present	/storage9920/home/tinghao.xia/Data_V1/train/2eet	/storage9920/home/tinghao.xia/Data_V2/train/2eet
2EEU	train	COMPLETE_REBASABLE	COMPLETE_50X4	COMPLETE_50X4	ALREADY_LINKED	REUSE_LINKED	50 seeds x 4 CIF/summary/full-data files present	/storage9920/home/tinghao.xia/Data_V1/train/2eeu	/storage9920/home/tinghao.xia/Data_V2/train/2eeu
2EEV	train	COMPLETE_REBASABLE	COMPLETE_50X4	COMPLETE_50X4	ALREADY_LINKED	REUSE_LINKED	50 seeds x 4 CIF/summary/full-data files present	/storage9920/home/tinghao.xia/Data_V1/train/2eev	/storage9920/home/tinghao.xia/Data_V2/train/2eev
2EEW	train	COMPLETE_REBASABLE	COMPLETE_50X4	COMPLETE_50X4	ALREADY_LINKED	REUSE_LINKED	50 seeds x 4 CIF/summary/full-data files present	/storage9920/home/tinghao.xia/Data_V1/train/2eew	/storage9920/home/tinghao.xia/Data_V2/train/2eew
2ES5	train	COMPLETE_REBASABLE	COMPLETE_50X4	COMPLETE_50X4	ALREADY_LINKED	REUSE_LINKED	50 seeds x 4 CIF/summary/full-data files present	/storage9920/home/tinghao.xia/Data_V1/train/2es5	/storage9920/home/tinghao.xia/Data_V2/train/2es5
2EUY	train	COMPLETE_REBASABLE	COMPLETE_50X4	COMPLETE_50X4	ALREADY_LINKED	REUSE_LINKED	50 seeds x 4 CIF/summary/full-data files present	/storage9920/home/tinghao.xia/Data_V1/train/2euy	/storage9920/home/tinghao.xia/Data_V2/train/2euy
2EVY	train	COMPLETE_REBASABLE	COMPLETE_50X4	COMPLETE_50X4	ALREADY_LINKED	REUSE_LINKED	50 seeds x 4 CIF/summary/full-data files present	/storage9920/home/tinghao.xia/Data_V1/train/2evy	/storage9920/home/tinghao.xia/Data_V2/train/2evy
2F87	train	COMPLETE_REBASABLE	COMPLETE_50X4	COMPLETE_50X4	ALREADY_LINKED	REUSE_LINKED	50 seeds x 4 CIF/summary/full-data files present	/storage9920/home/tinghao.xia/Data_V1/train/2f87	/storage9920/home/tinghao.xia/Data_V2/train/2f87
2F88	train	COMPLETE_REBASABLE	COMPLETE_50X4	COMPLETE_50X4	ALREADY_LINKED	REUSE_LINKED	50 seeds x 4 CIF/summary/full-data files present	/storage9920/home/tinghao.xia/Data_V1/train/2f88	/storage9920/home/tinghao.xia/Data_V2/train/2f88
2FDT	train	COMPLETE_REBASABLE	COMPLETE_50X4	COMPLETE_50X4	ALREADY_LINKED	REUSE_LINKED	50 seeds x 4 CIF/summary/full-data files present	/storage9920/home/tinghao.xia/Data_V1/train/2fdt	/storage9920/home/tinghao.xia/Data_V2/train/2fdt
2FEY	train	COMPLETE_REBASABLE	COMPLETE_50X4	COMPLETE_50X4	ALREADY_LINKED	REUSE_LINKED	50 seeds x 4 CIF/summary/full-data files present	/storage9920/home/tinghao.xia/Data_V1/train/2fey	/storage9920/home/tinghao.xia/Data_V2/train/2fey
2G1G	train	COMPLETE_REBASABLE	COMPLETE_50X4	COMPLETE_50X4	ALREADY_LINKED	REUSE_LINKED	50 seeds x 4 CIF/summary/full-data files present	/storage9920/home/tinghao.xia/Data_V1/train/2g1g	/storage9920/home/tinghao.xia/Data_V2/train/2g1g
2G1W	train	COMPLETE_REBASABLE	COMPLETE_50X4	COMPLETE_50X4	ALREADY_LINKED	REUSE_LINKED	50 seeds x 4 CIF/summary/full-data files present	/storage9920/home/tinghao.xia/Data_V1/train/2g1w	/storage9920/home/tinghao.xia/Data_V2/train/2g1w
2G9C	train	COMPLETE_REBASABLE	COMPLETE_50X4	COMPLETE_50X4	ALREADY_LINKED	REUSE_LINKED	50 seeds x 4 CIF/summary/full-data files present	/storage9920/home/tinghao.xia/Data_V1/train/2g9c	/storage9920/home/tinghao.xia/Data_V2/train/2g9c
2GBH	train	COMPLETE	COMPLETE_50X4	COMPLETE_50X4	ALREADY_LINKED	REUSE_LINKED	50 seeds x 4 CIF/summary/full-data files present	/storage9920/home/tinghao.xia/Data_V1/train/2gbh	/storage9920/home/tinghao.xia/Data_V2/train/2gbh
2GIO	train	COMPLETE_REBASABLE	COMPLETE_50X4	COMPLETE_50X4	ALREADY_LINKED	REUSE_LINKED	50 seeds x 4 CIF/summary/full-data files present	/storage9920/home/tinghao.xia/Data_V1/train/2gio	/storage9920/home/tinghao.xia/Data_V2/train/2gio
2GIP	train	COMPLETE_REBASABLE	COMPLETE_50X4	COMPLETE_50X4	ALREADY_LINKED	REUSE_LINKED	50 seeds x 4 CIF/summary/full-data files present	/storage9920/home/tinghao.xia/Data_V1/train/2gip	/storage9920/home/tinghao.xia/Data_V2/train/2gip
2GIS	train	COMPLETE_REBASABLE	COMPLETE_50X4	COMPLETE_50X4	ALREADY_LINKED	REUSE_LINKED	50 seeds x 4 CIF/summary/full-data files present	/storage9920/home/tinghao.xia/Data_V1/train/2gis	/storage9920/home/tinghao.xia/Data_V2/train/2gis
2GRW	train	COMPLETE_REBASABLE	COMPLETE_50X4	COMPLETE_50X4	ALREADY_LINKED	REUSE_LINKED	50 seeds x 4 CIF/summary/full-data files present	/storage9920/home/tinghao.xia/Data_V1/train/2grw	/storage9920/home/tinghao.xia/Data_V2/train/2grw
2GV3	train	COMPLETE	COMPLETE_50X4	COMPLETE_50X4	ALREADY_LINKED	REUSE_LINKED	50 seeds x 4 CIF/summary/full-data files present	/storage9920/home/tinghao.xia/Data_V1/train/2gv3	/storage9920/home/tinghao.xia/Data_V2/train/2gv3
2GV4	train	COMPLETE_REBASABLE	COMPLETE_50X4	COMPLETE_50X4	ALREADY_LINKED	REUSE_LINKED	50 seeds x 4 CIF/summary/full-data files present	/storage9920/home/tinghao.xia/Data_V1/train/2gv4	/storage9920/home/tinghao.xia/Data_V2/train/2gv4
2GVO	train	COMPLETE_REBASABLE	COMPLETE_50X4	COMPLETE_50X4	ALREADY_LINKED	REUSE_LINKED	50 seeds x 4 CIF/summary/full-data files present	/storage9920/home/tinghao.xia/Data_V1/train/2gvo	/storage9920/home/tinghao.xia/Data_V2/train/2gvo
2HEM	train	COMPLETE	COMPLETE_50X4	COMPLETE_50X4	ALREADY_LINKED	REUSE_LINKED	50 seeds x 4 CIF/summary/full-data files present	/storage9920/home/tinghao.xia/Data_V1/train/2hem	/storage9920/home/tinghao.xia/Data_V2/train/2hem
2HNS	train	COMPLETE_REBASABLE	COMPLETE_50X4	COMPLETE_50X4	ALREADY_LINKED	REUSE_LINKED	50 seeds x 4 CIF/summary/full-data files present	/storage9920/home/tinghao.xia/Data_V1/train/2hns	/storage9920/home/tinghao.xia/Data_V2/train/2hns
2HOJ	train	COMPLETE_REBASABLE	COMPLETE_50X4	COMPLETE_50X4	ALREADY_LINKED	REUSE_LINKED	50 seeds x 4 CIF/summary/full-data files present	/storage9920/home/tinghao.xia/Data_V1/train/2hoj	/storage9920/home/tinghao.xia/Data_V2/train/2hoj
2HOK	train	COMPLETE_REBASABLE	COMPLETE_50X4	COMPLETE_50X4	ALREADY_LINKED	REUSE_LINKED	50 seeds x 4 CIF/summary/full-data files present	/storage9920/home/tinghao.xia/Data_V1/train/2hok	/storage9920/home/tinghao.xia/Data_V2/train/2hok
2HOL	train	COMPLETE_REBASABLE	COMPLETE_50X4	COMPLETE_50X4	ALREADY_LINKED	REUSE_LINKED	50 seeds x 4 CIF/summary/full-data files present	/storage9920/home/tinghao.xia/Data_V1/train/2hol	/storage9920/home/tinghao.xia/Data_V2/train/2hol
2HOM	train	COMPLETE_REBASABLE	COMPLETE_50X4	COMPLETE_50X4	ALREADY_LINKED	REUSE_LINKED	50 seeds x 4 CIF/summary/full-data files present	/storage9920/home/tinghao.xia/Data_V1/train/2hom	/storage9920/home/tinghao.xia/Data_V2/train/2hom
2HOO	train	COMPLETE_REBASABLE	COMPLETE_50X4	COMPLETE_50X4	ALREADY_LINKED	REUSE_LINKED	50 seeds x 4 CIF/summary/full-data files present	/storage9920/home/tinghao.xia/Data_V1/train/2hoo	/storage9920/home/tinghao.xia/Data_V2/train/2hoo
2HOP	train	COMPLETE_REBASABLE	COMPLETE_50X4	COMPLETE_50X4	ALREADY_LINKED	REUSE_LINKED	50 seeds x 4 CIF/summary/full-data files present	/storage9920/home/tinghao.xia/Data_V1/train/2hop	/storage9920/home/tinghao.xia/Data_V2/train/2hop
2HUA	train	COMPLETE_REBASABLE	COMPLETE_50X4	COMPLETE_50X4	ALREADY_LINKED	REUSE_LINKED	50 seeds x 4 CIF/summary/full-data files present	/storage9920/home/tinghao.xia/Data_V1/train/2hua	/storage9920/home/tinghao.xia/Data_V2/train/2hua
2IXY	train	COMPLETE_REBASABLE	COMPLETE_50X4	COMPLETE_50X4	ALREADY_LINKED	REUSE_LINKED	50 seeds x 4 CIF/summary/full-data files present	/storage9920/home/tinghao.xia/Data_V1/train/2ixy	/storage9920/home/tinghao.xia/Data_V2/train/2ixy
2IXZ	train	COMPLETE_REBASABLE	COMPLETE_50X4	COMPLETE_50X4	ALREADY_LINKED	REUSE_LINKED	50 seeds x 4 CIF/summary/full-data files present	/storage9920/home/tinghao.xia/Data_V1/train/2ixz	/storage9920/home/tinghao.xia/Data_V2/train/2ixz
2JJA	train	COMPLETE_REBASABLE				NEW_PREDICTION_REQUIRED	No V1 50x4 prediction run membership		/storage9920/home/tinghao.xia/Data_V2/train/2jja
2JR4	train	COMPLETE_REBASABLE	COMPLETE_50X4	COMPLETE_50X4	ALREADY_LINKED	REUSE_LINKED	50 seeds x 4 CIF/summary/full-data files present	/storage9920/home/tinghao.xia/Data_V1/train/2jr4	/storage9920/home/tinghao.xia/Data_V2/train/2jr4
2JRG	train	COMPLETE_REBASABLE	COMPLETE_50X4	COMPLETE_50X4	ALREADY_LINKED	REUSE_LINKED	50 seeds x 4 CIF/summary/full-data files present	/storage9920/home/tinghao.xia/Data_V1/train/2jrg	/storage9920/home/tinghao.xia/Data_V2/train/2jrg
2JRQ	train	COMPLETE_REBASABLE	COMPLETE_50X4	COMPLETE_50X4	ALREADY_LINKED	REUSE_LINKED	50 seeds x 4 CIF/summary/full-data files present	/storage9920/home/tinghao.xia/Data_V1/train/2jrq	/storage9920/home/tinghao.xia/Data_V2/train/2jrq
2JSE	train	COMPLETE	COMPLETE_50X4	COMPLETE_50X4	ALREADY_LINKED	REUSE_LINKED	50 seeds x 4 CIF/summary/full-data files present	/storage9920/home/tinghao.xia/Data_V1/train/2jse	/storage9920/home/tinghao.xia/Data_V2/train/2jse
2JSG	train	COMPLETE_REBASABLE	COMPLETE_50X4	COMPLETE_50X4	ALREADY_LINKED	REUSE_LINKED	50 seeds x 4 CIF/summary/full-data files present	/storage9920/home/tinghao.xia/Data_V1/train/2jsg	/storage9920/home/tinghao.xia/Data_V2/train/2jsg
2JTP	train	COMPLETE_REBASABLE	COMPLETE_50X4	COMPLETE_50X4	ALREADY_LINKED	REUSE_LINKED	50 seeds x 4 CIF/summary/full-data files present	/storage9920/home/tinghao.xia/Data_V1/train/2jtp	/storage9920/home/tinghao.xia/Data_V2/train/2jtp
2JUK	train	COMPLETE_REBASABLE	COMPLETE_50X4	COMPLETE_50X4	ALREADY_LINKED	REUSE_LINKED	50 seeds x 4 CIF/summary/full-data files present	/storage9920/home/tinghao.xia/Data_V1/train/2juk	/storage9920/home/tinghao.xia/Data_V2/train/2juk
2JWV	train	COMPLETE_REBASABLE	COMPLETE_50X4	COMPLETE_50X4	ALREADY_LINKED	REUSE_LINKED	50 seeds x 4 CIF/summary/full-data files present	/storage9920/home/tinghao.xia/Data_V1/train/2jwv	/storage9920/home/tinghao.xia/Data_V2/train/2jwv
2JXV	train	COMPLETE_REBASABLE	COMPLETE_50X4	COMPLETE_50X4	ALREADY_LINKED	REUSE_LINKED	50 seeds x 4 CIF/summary/full-data files present	/storage9920/home/tinghao.xia/Data_V1/train/2jxv	/storage9920/home/tinghao.xia/Data_V2/train/2jxv
2JYM	train	COMPLETE_REBASABLE	COMPLETE_50X4	COMPLETE_50X4	ALREADY_LINKED	REUSE_LINKED	50 seeds x 4 CIF/summary/full-data files present	/storage9920/home/tinghao.xia/Data_V1/train/2jym	/storage9920/home/tinghao.xia/Data_V2/train/2jym
2K4C	train	COMPLETE_REBASABLE	COMPLETE_50X4	COMPLETE_50X4	ALREADY_LINKED	REUSE_LINKED	50 seeds x 4 CIF/summary/full-data files present	/storage9920/home/tinghao.xia/Data_V1/train/2k4c	/storage9920/home/tinghao.xia/Data_V2/train/2k4c
2K5Z	train	COMPLETE_REBASABLE	COMPLETE_50X4	COMPLETE_50X4	ALREADY_LINKED	REUSE_LINKED	50 seeds x 4 CIF/summary/full-data files present	/storage9920/home/tinghao.xia/Data_V1/train/2k5z	/storage9920/home/tinghao.xia/Data_V2/train/2k5z
2K66	train	COMPLETE_REBASABLE	COMPLETE_50X4	COMPLETE_50X4	ALREADY_LINKED	REUSE_LINKED	50 seeds x 4 CIF/summary/full-data files present	/storage9920/home/tinghao.xia/Data_V1/train/2k66	/storage9920/home/tinghao.xia/Data_V2/train/2k66
2K95	train	COMPLETE_REBASABLE	COMPLETE_50X4	COMPLETE_50X4	ALREADY_LINKED	REUSE_LINKED	50 seeds x 4 CIF/summary/full-data files present	/storage9920/home/tinghao.xia/Data_V1/train/2k95	/storage9920/home/tinghao.xia/Data_V2/train/2k95
2K96	train	COMPLETE_REBASABLE	COMPLETE_50X4	COMPLETE_50X4	ALREADY_LINKED	REUSE_LINKED	50 seeds x 4 CIF/summary/full-data files present	/storage9920/home/tinghao.xia/Data_V1/train/2k96	/storage9920/home/tinghao.xia/Data_V2/train/2k96
2KD8	train	COMPLETE_REBASABLE	COMPLETE_50X4	COMPLETE_50X4	ALREADY_LINKED	REUSE_LINKED	50 seeds x 4 CIF/summary/full-data files present	/storage9920/home/tinghao.xia/Data_V1/train/2kd8	/storage9920/home/tinghao.xia/Data_V2/train/2kd8
2KE6	train	COMPLETE_REBASABLE	COMPLETE_50X4	COMPLETE_50X4	ALREADY_LINKED	REUSE_LINKED	50 seeds x 4 CIF/summary/full-data files present	/storage9920/home/tinghao.xia/Data_V1/train/2ke6	/storage9920/home/tinghao.xia/Data_V2/train/2ke6
2KEZ	train	COMPLETE_REBASABLE	COMPLETE_50X4	COMPLETE_50X4	ALREADY_LINKED	REUSE_LINKED	50 seeds x 4 CIF/summary/full-data files present	/storage9920/home/tinghao.xia/Data_V1/train/2kez	/storage9920/home/tinghao.xia/Data_V2/train/2kez
2KF0	train	COMPLETE_REBASABLE	COMPLETE_50X4	COMPLETE_50X4	ALREADY_LINKED	REUSE_LINKED	50 seeds x 4 CIF/summary/full-data files present	/storage9920/home/tinghao.xia/Data_V1/train/2kf0	/storage9920/home/tinghao.xia/Data_V2/train/2kf0
2KGP	train	COMPLETE_REBASABLE	COMPLETE_50X4	COMPLETE_50X4	ALREADY_LINKED	REUSE_LINKED	50 seeds x 4 CIF/summary/full-data files present	/storage9920/home/tinghao.xia/Data_V1/train/2kgp	/storage9920/home/tinghao.xia/Data_V2/train/2kgp
2KHY	train	COMPLETE_REBASABLE	COMPLETE_50X4	COMPLETE_50X4	ALREADY_LINKED	REUSE_LINKED	50 seeds x 4 CIF/summary/full-data files present	/storage9920/home/tinghao.xia/Data_V1/train/2khy	/storage9920/home/tinghao.xia/Data_V2/train/2khy
2KOC	train	COMPLETE_REBASABLE	COMPLETE_50X4	COMPLETE_50X4	ALREADY_LINKED	REUSE_LINKED	50 seeds x 4 CIF/summary/full-data files present	/storage9920/home/tinghao.xia/Data_V1/train/2koc	/storage9920/home/tinghao.xia/Data_V2/train/2koc
2KPC	train	COMPLETE_REBASABLE	COMPLETE_50X4	COMPLETE_50X4	ALREADY_LINKED	REUSE_LINKED	50 seeds x 4 CIF/summary/full-data files present	/storage9920/home/tinghao.xia/Data_V1/train/2kpc	/storage9920/home/tinghao.xia/Data_V2/train/2kpc
2KPD	train	COMPLETE_REBASABLE	COMPLETE_50X4	COMPLETE_50X4	ALREADY_LINKED	REUSE_LINKED	50 seeds x 4 CIF/summary/full-data files present	/storage9920/home/tinghao.xia/Data_V1/train/2kpd	/storage9920/home/tinghao.xia/Data_V2/train/2kpd
2KPV	train	COMPLETE_REBASABLE	COMPLETE_50X4	COMPLETE_50X4	ALREADY_LINKED	REUSE_LINKED	50 seeds x 4 CIF/summary/full-data files present	/storage9920/home/tinghao.xia/Data_V1/train/2kpv	/storage9920/home/tinghao.xia/Data_V2/train/2kpv
2KRL	train	COMPLETE				NEW_PREDICTION_REQUIRED	No V1 50x4 prediction run membership		/storage9920/home/tinghao.xia/Data_V2/train/2krl
2KRP	train	COMPLETE_REBASABLE	COMPLETE_50X4	COMPLETE_50X4	ALREADY_LINKED	REUSE_LINKED	50 seeds x 4 CIF/summary/full-data files present	/storage9920/home/tinghao.xia/Data_V1/train/2krp	/storage9920/home/tinghao.xia/Data_V2/train/2krp
2KRQ	train	COMPLETE_REBASABLE	COMPLETE_50X4	COMPLETE_50X4	ALREADY_LINKED	REUSE_LINKED	50 seeds x 4 CIF/summary/full-data files present	/storage9920/home/tinghao.xia/Data_V1/train/2krq	/storage9920/home/tinghao.xia/Data_V2/train/2krq
2KRV	train	COMPLETE_REBASABLE	COMPLETE_50X4	COMPLETE_50X4	ALREADY_LINKED	REUSE_LINKED	50 seeds x 4 CIF/summary/full-data files present	/storage9920/home/tinghao.xia/Data_V1/train/2krv	/storage9920/home/tinghao.xia/Data_V2/train/2krv
2KRW	train	COMPLETE_REBASABLE	COMPLETE_50X4	COMPLETE_50X4	ALREADY_LINKED	REUSE_LINKED	50 seeds x 4 CIF/summary/full-data files present	/storage9920/home/tinghao.xia/Data_V1/train/2krw	/storage9920/home/tinghao.xia/Data_V2/train/2krw
2KRY	train	COMPLETE_REBASABLE	COMPLETE_50X4	COMPLETE_50X4	ALREADY_LINKED	REUSE_LINKED	50 seeds x 4 CIF/summary/full-data files present	/storage9920/home/tinghao.xia/Data_V1/train/2kry	/storage9920/home/tinghao.xia/Data_V2/train/2kry
2KRZ	train	COMPLETE_REBASABLE	COMPLETE_50X4	COMPLETE_50X4	ALREADY_LINKED	REUSE_LINKED	50 seeds x 4 CIF/summary/full-data files present	/storage9920/home/tinghao.xia/Data_V1/train/2krz	/storage9920/home/tinghao.xia/Data_V2/train/2krz
2KTZ	train	COMPLETE_REBASABLE	COMPLETE_50X4	COMPLETE_50X4	ALREADY_LINKED	REUSE_LINKED	50 seeds x 4 CIF/summary/full-data files present	/storage9920/home/tinghao.xia/Data_V1/train/2ktz	/storage9920/home/tinghao.xia/Data_V2/train/2ktz
2KU0	train	COMPLETE_REBASABLE	COMPLETE_50X4	COMPLETE_50X4	ALREADY_LINKED	REUSE_LINKED	50 seeds x 4 CIF/summary/full-data files present	/storage9920/home/tinghao.xia/Data_V1/train/2ku0	/storage9920/home/tinghao.xia/Data_V2/train/2ku0
2KUR	train	COMPLETE_REBASABLE	COMPLETE_50X4	COMPLETE_50X4	ALREADY_LINKED	REUSE_LINKED	50 seeds x 4 CIF/summary/full-data files present	/storage9920/home/tinghao.xia/Data_V1/train/2kur	/storage9920/home/tinghao.xia/Data_V2/train/2kur
2KUU	train	COMPLETE_REBASABLE	COMPLETE_50X4	COMPLETE_50X4	ALREADY_LINKED	REUSE_LINKED	50 seeds x 4 CIF/summary/full-data files present	/storage9920/home/tinghao.xia/Data_V1/train/2kuu	/storage9920/home/tinghao.xia/Data_V2/train/2kuu
2KUV	train	COMPLETE_REBASABLE	COMPLETE_50X4	COMPLETE_50X4	ALREADY_LINKED	REUSE_LINKED	50 seeds x 4 CIF/summary/full-data files present	/storage9920/home/tinghao.xia/Data_V1/train/2kuv	/storage9920/home/tinghao.xia/Data_V2/train/2kuv
2KUW	train	COMPLETE_REBASABLE	COMPLETE_50X4	COMPLETE_50X4	ALREADY_LINKED	REUSE_LINKED	50 seeds x 4 CIF/summary/full-data files present	/storage9920/home/tinghao.xia/Data_V1/train/2kuw	/storage9920/home/tinghao.xia/Data_V2/train/2kuw
2KVN	train	COMPLETE_REBASABLE	COMPLETE_50X4	COMPLETE_50X4	ALREADY_LINKED	REUSE_LINKED	50 seeds x 4 CIF/summary/full-data files present	/storage9920/home/tinghao.xia/Data_V1/train/2kvn	/storage9920/home/tinghao.xia/Data_V2/train/2kvn
2KX8	train	COMPLETE_REBASABLE	COMPLETE_50X4	COMPLETE_50X4	ALREADY_LINKED	REUSE_LINKED	50 seeds x 4 CIF/summary/full-data files present	/storage9920/home/tinghao.xia/Data_V1/train/2kx8	/storage9920/home/tinghao.xia/Data_V2/train/2kx8
2KXM	train	COMPLETE_REBASABLE	COMPLETE_50X4	COMPLETE_50X4	ALREADY_LINKED	REUSE_LINKED	50 seeds x 4 CIF/summary/full-data files present	/storage9920/home/tinghao.xia/Data_V1/train/2kxm	/storage9920/home/tinghao.xia/Data_V2/train/2kxm
2KYE	train	COMPLETE_REBASABLE	COMPLETE_50X4	COMPLETE_50X4	ALREADY_LINKED	REUSE_LINKED	50 seeds x 4 CIF/summary/full-data files present	/storage9920/home/tinghao.xia/Data_V1/train/2kye	/storage9920/home/tinghao.xia/Data_V2/train/2kye
2KZL	train	COMPLETE_REBASABLE	COMPLETE_50X4	COMPLETE_50X4	ALREADY_LINKED	REUSE_LINKED	50 seeds x 4 CIF/summary/full-data files present	/storage9920/home/tinghao.xia/Data_V1/train/2kzl	/storage9920/home/tinghao.xia/Data_V2/train/2kzl
2L1V	train	COMPLETE_REBASABLE	COMPLETE_50X4	COMPLETE_50X4	ALREADY_LINKED	REUSE_LINKED	50 seeds x 4 CIF/summary/full-data files present	/storage9920/home/tinghao.xia/Data_V1/train/2l1v	/storage9920/home/tinghao.xia/Data_V2/train/2l1v
2L2J	train	COMPLETE_REBASABLE	COMPLETE_50X4	COMPLETE_50X4	ALREADY_LINKED	REUSE_LINKED	50 seeds x 4 CIF/summary/full-data files present	/storage9920/home/tinghao.xia/Data_V1/train/2l2j	/storage9920/home/tinghao.xia/Data_V2/train/2l2j
2L3E	train	COMPLETE_REBASABLE	COMPLETE_50X4	COMPLETE_50X4	ALREADY_LINKED	REUSE_LINKED	50 seeds x 4 CIF/summary/full-data files present	/storage9920/home/tinghao.xia/Data_V1/train/2l3e	/storage9920/home/tinghao.xia/Data_V2/train/2l3e
2L5Z	train	COMPLETE_REBASABLE	COMPLETE_50X4	COMPLETE_50X4	ALREADY_LINKED	REUSE_LINKED	50 seeds x 4 CIF/summary/full-data files present	/storage9920/home/tinghao.xia/Data_V1/train/2l5z	/storage9920/home/tinghao.xia/Data_V2/train/2l5z
2L6I	train	COMPLETE_REBASABLE	COMPLETE_50X4	COMPLETE_50X4	ALREADY_LINKED	REUSE_LINKED	50 seeds x 4 CIF/summary/full-data files present	/storage9920/home/tinghao.xia/Data_V1/train/2l6i	/storage9920/home/tinghao.xia/Data_V2/train/2l6i
2L8H	train	COMPLETE_REBASABLE	COMPLETE_50X4	COMPLETE_50X4	ALREADY_LINKED	REUSE_LINKED	50 seeds x 4 CIF/summary/full-data files present	/storage9920/home/tinghao.xia/Data_V1/train/2l8h	/storage9920/home/tinghao.xia/Data_V2/train/2l8h
2L94	train	COMPLETE_REBASABLE	COMPLETE_50X4	COMPLETE_50X4	ALREADY_LINKED	REUSE_LINKED	50 seeds x 4 CIF/summary/full-data files present	/storage9920/home/tinghao.xia/Data_V1/train/2l94	/storage9920/home/tinghao.xia/Data_V2/train/2l94
2L9E	train	COMPLETE_REBASABLE	COMPLETE_50X4	COMPLETE_50X4	ALREADY_LINKED	REUSE_LINKED	50 seeds x 4 CIF/summary/full-data files present	/storage9920/home/tinghao.xia/Data_V1/train/2l9e	/storage9920/home/tinghao.xia/Data_V2/train/2l9e
2LA9	train	COMPLETE_REBASABLE	COMPLETE_50X4	COMPLETE_50X4	ALREADY_LINKED	REUSE_LINKED	50 seeds x 4 CIF/summary/full-data files present	/storage9920/home/tinghao.xia/Data_V1/train/2la9	/storage9920/home/tinghao.xia/Data_V2/train/2la9
2LAC	train	COMPLETE_REBASABLE	COMPLETE_50X4	COMPLETE_50X4	ALREADY_LINKED	REUSE_LINKED	50 seeds x 4 CIF/summary/full-data files present	/storage9920/home/tinghao.xia/Data_V1/train/2lac	/storage9920/home/tinghao.xia/Data_V2/train/2lac
2LBJ	train	COMPLETE_REBASABLE	COMPLETE_50X4	COMPLETE_50X4	ALREADY_LINKED	REUSE_LINKED	50 seeds x 4 CIF/summary/full-data files present	/storage9920/home/tinghao.xia/Data_V1/train/2lbj	/storage9920/home/tinghao.xia/Data_V2/train/2lbj
2LBK	train	COMPLETE_REBASABLE	COMPLETE_50X4	COMPLETE_50X4	ALREADY_LINKED	REUSE_LINKED	50 seeds x 4 CIF/summary/full-data files present	/storage9920/home/tinghao.xia/Data_V1/train/2lbk	/storage9920/home/tinghao.xia/Data_V2/train/2lbk
2LBL	train	COMPLETE_REBASABLE	COMPLETE_50X4	COMPLETE_50X4	ALREADY_LINKED	REUSE_LINKED	50 seeds x 4 CIF/summary/full-data files present	/storage9920/home/tinghao.xia/Data_V1/train/2lbl	/storage9920/home/tinghao.xia/Data_V2/train/2lbl
2LBQ	train	COMPLETE_REBASABLE	COMPLETE_50X4	COMPLETE_50X4	ALREADY_LINKED	REUSE_LINKED	50 seeds x 4 CIF/summary/full-data files present	/storage9920/home/tinghao.xia/Data_V1/train/2lbq	/storage9920/home/tinghao.xia/Data_V2/train/2lbq
2LBR	train	COMPLETE_REBASABLE	COMPLETE_50X4	COMPLETE_50X4	ALREADY_LINKED	REUSE_LINKED	50 seeds x 4 CIF/summary/full-data files present	/storage9920/home/tinghao.xia/Data_V1/train/2lbr	/storage9920/home/tinghao.xia/Data_V2/train/2lbr
2LC8	train	COMPLETE_REBASABLE	COMPLETE_50X4	COMPLETE_50X4	ALREADY_LINKED	REUSE_LINKED	50 seeds x 4 CIF/summary/full-data files present	/storage9920/home/tinghao.xia/Data_V1/train/2lc8	/storage9920/home/tinghao.xia/Data_V2/train/2lc8
2LDL	train	COMPLETE_REBASABLE	COMPLETE_50X4	COMPLETE_50X4	ALREADY_LINKED	REUSE_LINKED	50 seeds x 4 CIF/summary/full-data files present	/storage9920/home/tinghao.xia/Data_V1/train/2ldl	/storage9920/home/tinghao.xia/Data_V2/train/2ldl
2LDT	train	COMPLETE_REBASABLE	COMPLETE_50X4	COMPLETE_50X4	ALREADY_LINKED	REUSE_LINKED	50 seeds x 4 CIF/summary/full-data files present	/storage9920/home/tinghao.xia/Data_V1/train/2ldt	/storage9920/home/tinghao.xia/Data_V2/train/2ldt
2LDZ	train	COMPLETE_REBASABLE	COMPLETE_50X4	COMPLETE_50X4	ALREADY_LINKED	REUSE_LINKED	50 seeds x 4 CIF/summary/full-data files present	/storage9920/home/tinghao.xia/Data_V1/train/2ldz	/storage9920/home/tinghao.xia/Data_V2/train/2ldz
2LHP	train	COMPLETE_REBASABLE	COMPLETE_50X4	COMPLETE_50X4	ALREADY_LINKED	REUSE_LINKED	50 seeds x 4 CIF/summary/full-data files present	/storage9920/home/tinghao.xia/Data_V1/train/2lhp	/storage9920/home/tinghao.xia/Data_V2/train/2lhp
2LI4	train	COMPLETE_REBASABLE	COMPLETE_50X4	COMPLETE_50X4	ALREADY_LINKED	REUSE_LINKED	50 seeds x 4 CIF/summary/full-data files present	/storage9920/home/tinghao.xia/Data_V1/train/2li4	/storage9920/home/tinghao.xia/Data_V2/train/2li4
2LJJ	train	COMPLETE_REBASABLE	COMPLETE_50X4	COMPLETE_50X4	ALREADY_LINKED	REUSE_LINKED	50 seeds x 4 CIF/summary/full-data files present	/storage9920/home/tinghao.xia/Data_V1/train/2ljj	/storage9920/home/tinghao.xia/Data_V2/train/2ljj
2LK3	train	COMPLETE_REBASABLE	COMPLETE_50X4	COMPLETE_50X4	ALREADY_LINKED	REUSE_LINKED	50 seeds x 4 CIF/summary/full-data files present	/storage9920/home/tinghao.xia/Data_V1/train/2lk3	/storage9920/home/tinghao.xia/Data_V2/train/2lk3
2LKR	train	COMPLETE_REBASABLE				NEW_PREDICTION_REQUIRED	No V1 50x4 prediction run membership		/storage9920/home/tinghao.xia/Data_V2/train/2lkr
2LP9	train	COMPLETE_REBASABLE	COMPLETE_50X4	COMPLETE_50X4	ALREADY_LINKED	REUSE_LINKED	50 seeds x 4 CIF/summary/full-data files present	/storage9920/home/tinghao.xia/Data_V1/train/2lp9	/storage9920/home/tinghao.xia/Data_V2/train/2lp9
2LPA	train	COMPLETE_REBASABLE	COMPLETE_50X4	COMPLETE_50X4	ALREADY_LINKED	REUSE_LINKED	50 seeds x 4 CIF/summary/full-data files present	/storage9920/home/tinghao.xia/Data_V1/train/2lpa	/storage9920/home/tinghao.xia/Data_V2/train/2lpa
2LPS	train	COMPLETE_REBASABLE	COMPLETE_50X4	COMPLETE_50X4	ALREADY_LINKED	REUSE_LINKED	50 seeds x 4 CIF/summary/full-data files present	/storage9920/home/tinghao.xia/Data_V1/train/2lps	/storage9920/home/tinghao.xia/Data_V2/train/2lps
2LPT	train	COMPLETE_REBASABLE	COMPLETE_50X4	COMPLETE_50X4	ALREADY_LINKED	REUSE_LINKED	50 seeds x 4 CIF/summary/full-data files present	/storage9920/home/tinghao.xia/Data_V1/train/2lpt	/storage9920/home/tinghao.xia/Data_V2/train/2lpt
2LQZ	train	COMPLETE_REBASABLE	COMPLETE_50X4	COMPLETE_50X4	ALREADY_LINKED	REUSE_LINKED	50 seeds x 4 CIF/summary/full-data files present	/storage9920/home/tinghao.xia/Data_V1/train/2lqz	/storage9920/home/tinghao.xia/Data_V2/train/2lqz
2LU0	train	COMPLETE_REBASABLE	COMPLETE_50X4	COMPLETE_50X4	ALREADY_LINKED	REUSE_LINKED	50 seeds x 4 CIF/summary/full-data files present	/storage9920/home/tinghao.xia/Data_V1/train/2lu0	/storage9920/home/tinghao.xia/Data_V2/train/2lu0
2LUB	train	COMPLETE_REBASABLE	COMPLETE_50X4	COMPLETE_50X4	ALREADY_LINKED	REUSE_LINKED	50 seeds x 4 CIF/summary/full-data files present	/storage9920/home/tinghao.xia/Data_V1/train/2lub	/storage9920/home/tinghao.xia/Data_V2/train/2lub
2LUN	train	COMPLETE	COMPLETE_50X4	COMPLETE_50X4	ALREADY_LINKED	REUSE_LINKED	50 seeds x 4 CIF/summary/full-data files present	/storage9920/home/tinghao.xia/Data_V1/train/2lun	/storage9920/home/tinghao.xia/Data_V2/train/2lun
2LV0	train	COMPLETE_REBASABLE	COMPLETE_50X4	COMPLETE_50X4	ALREADY_LINKED	REUSE_LINKED	50 seeds x 4 CIF/summary/full-data files present	/storage9920/home/tinghao.xia/Data_V1/train/2lv0	/storage9920/home/tinghao.xia/Data_V2/train/2lv0
2LWK	train	COMPLETE_REBASABLE	COMPLETE_50X4	COMPLETE_50X4	ALREADY_LINKED	REUSE_LINKED	50 seeds x 4 CIF/summary/full-data files present	/storage9920/home/tinghao.xia/Data_V1/train/2lwk	/storage9920/home/tinghao.xia/Data_V2/train/2lwk
2M12	train	COMPLETE_REBASABLE	COMPLETE_50X4	COMPLETE_50X4	ALREADY_LINKED	REUSE_LINKED	50 seeds x 4 CIF/summary/full-data files present	/storage9920/home/tinghao.xia/Data_V1/train/2m12	/storage9920/home/tinghao.xia/Data_V2/train/2m12
2M21	train	COMPLETE_REBASABLE	COMPLETE_50X4	COMPLETE_50X4	ALREADY_LINKED	REUSE_LINKED	50 seeds x 4 CIF/summary/full-data files present	/storage9920/home/tinghao.xia/Data_V1/train/2m21	/storage9920/home/tinghao.xia/Data_V2/train/2m21
2M22	train	COMPLETE_REBASABLE	COMPLETE_50X4	COMPLETE_50X4	ALREADY_LINKED	REUSE_LINKED	50 seeds x 4 CIF/summary/full-data files present	/storage9920/home/tinghao.xia/Data_V1/train/2m22	/storage9920/home/tinghao.xia/Data_V2/train/2m22
2M24	train	COMPLETE_REBASABLE	COMPLETE_50X4	COMPLETE_50X4	ALREADY_LINKED	REUSE_LINKED	50 seeds x 4 CIF/summary/full-data files present	/storage9920/home/tinghao.xia/Data_V1/train/2m24	/storage9920/home/tinghao.xia/Data_V2/train/2m24
2M4Q	train	COMPLETE	COMPLETE_50X4	COMPLETE_50X4	ALREADY_LINKED	REUSE_LINKED	50 seeds x 4 CIF/summary/full-data files present	/storage9920/home/tinghao.xia/Data_V1/train/2m4q	/storage9920/home/tinghao.xia/Data_V2/train/2m4q
2M4W	train	COMPLETE_REBASABLE	COMPLETE_50X4	COMPLETE_50X4	ALREADY_LINKED	REUSE_LINKED	50 seeds x 4 CIF/summary/full-data files present	/storage9920/home/tinghao.xia/Data_V1/train/2m4w	/storage9920/home/tinghao.xia/Data_V2/train/2m4w
2M57	train	COMPLETE_REBASABLE	COMPLETE_50X4	COMPLETE_50X4	ALREADY_LINKED	REUSE_LINKED	50 seeds x 4 CIF/summary/full-data files present	/storage9920/home/tinghao.xia/Data_V1/train/2m57	/storage9920/home/tinghao.xia/Data_V2/train/2m57
2M58	train	COMPLETE_REBASABLE				NEW_PREDICTION_REQUIRED	No V1 50x4 prediction run membership		/storage9920/home/tinghao.xia/Data_V2/train/2m58
2M5U	train	COMPLETE_REBASABLE	COMPLETE_50X4	COMPLETE_50X4	ALREADY_LINKED	REUSE_LINKED	50 seeds x 4 CIF/summary/full-data files present	/storage9920/home/tinghao.xia/Data_V1/train/2m5u	/storage9920/home/tinghao.xia/Data_V2/train/2m5u
2M8K	train	COMPLETE_REBASABLE	COMPLETE_50X4	COMPLETE_50X4	ALREADY_LINKED	REUSE_LINKED	50 seeds x 4 CIF/summary/full-data files present	/storage9920/home/tinghao.xia/Data_V1/train/2m8k	/storage9920/home/tinghao.xia/Data_V2/train/2m8k
2MEQ	train	COMPLETE	COMPLETE_50X4	COMPLETE_50X4	ALREADY_LINKED	REUSE_LINKED	50 seeds x 4 CIF/summary/full-data files present	/storage9920/home/tinghao.xia/Data_V1/train/2meq	/storage9920/home/tinghao.xia/Data_V2/train/2meq
2MER	train	COMPLETE	COMPLETE_50X4	COMPLETE_50X4	ALREADY_LINKED	REUSE_LINKED	50 seeds x 4 CIF/summary/full-data files present	/storage9920/home/tinghao.xia/Data_V1/train/2mer	/storage9920/home/tinghao.xia/Data_V2/train/2mer
2MFD	train	COMPLETE_REBASABLE	COMPLETE_50X4	COMPLETE_50X4	ALREADY_LINKED	REUSE_LINKED	50 seeds x 4 CIF/summary/full-data files present	/storage9920/home/tinghao.xia/Data_V1/train/2mfd	/storage9920/home/tinghao.xia/Data_V2/train/2mfd
2MHI	train	COMPLETE_REBASABLE				NEW_PREDICTION_REQUIRED	No V1 50x4 prediction run membership		/storage9920/home/tinghao.xia/Data_V2/train/2mhi
2MIS	train	COMPLETE_REBASABLE	COMPLETE_50X4	COMPLETE_50X4	ALREADY_LINKED	REUSE_LINKED	50 seeds x 4 CIF/summary/full-data files present	/storage9920/home/tinghao.xia/Data_V1/train/2mis	/storage9920/home/tinghao.xia/Data_V2/train/2mis
2MIY	train	COMPLETE_REBASABLE	COMPLETE_50X4	COMPLETE_50X4	ALREADY_LINKED	REUSE_LINKED	50 seeds x 4 CIF/summary/full-data files present	/storage9920/home/tinghao.xia/Data_V1/train/2miy	/storage9920/home/tinghao.xia/Data_V2/train/2miy
2MN0	train	COMPLETE_REBASABLE	COMPLETE_50X4	COMPLETE_50X4	ALREADY_LINKED	REUSE_LINKED	50 seeds x 4 CIF/summary/full-data files present	/storage9920/home/tinghao.xia/Data_V1/train/2mn0	/storage9920/home/tinghao.xia/Data_V2/train/2mn0
2MNC	train	COMPLETE_REBASABLE	COMPLETE_50X4	COMPLETE_50X4	ALREADY_LINKED	REUSE_LINKED	50 seeds x 4 CIF/summary/full-data files present	/storage9920/home/tinghao.xia/Data_V1/train/2mnc	/storage9920/home/tinghao.xia/Data_V2/train/2mnc
2MQT	train	COMPLETE_REBASABLE	COMPLETE_50X4	COMPLETE_50X4	ALREADY_LINKED	REUSE_LINKED	50 seeds x 4 CIF/summary/full-data files present	/storage9920/home/tinghao.xia/Data_V1/train/2mqt	/storage9920/home/tinghao.xia/Data_V2/train/2mqt
2MTJ	train	COMPLETE_REBASABLE	COMPLETE_50X4	COMPLETE_50X4	ALREADY_LINKED	REUSE_LINKED	50 seeds x 4 CIF/summary/full-data files present	/storage9920/home/tinghao.xia/Data_V1/train/2mtj	/storage9920/home/tinghao.xia/Data_V2/train/2mtj
2MTK	train	COMPLETE_REBASABLE	COMPLETE_50X4	COMPLETE_50X4	ALREADY_LINKED	REUSE_LINKED	50 seeds x 4 CIF/summary/full-data files present	/storage9920/home/tinghao.xia/Data_V1/train/2mtk	/storage9920/home/tinghao.xia/Data_V2/train/2mtk
2MXJ	train	COMPLETE_REBASABLE	COMPLETE_50X4	COMPLETE_50X4	ALREADY_LINKED	REUSE_LINKED	50 seeds x 4 CIF/summary/full-data files present	/storage9920/home/tinghao.xia/Data_V1/train/2mxj	/storage9920/home/tinghao.xia/Data_V2/train/2mxj
2MXL	train	COMPLETE_REBASABLE	COMPLETE_50X4	COMPLETE_50X4	ALREADY_LINKED	REUSE_LINKED	50 seeds x 4 CIF/summary/full-data files present	/storage9920/home/tinghao.xia/Data_V1/train/2mxl	/storage9920/home/tinghao.xia/Data_V2/train/2mxl
2MXS	train	COMPLETE_REBASABLE	COMPLETE_50X4	COMPLETE_50X4	ALREADY_LINKED	REUSE_LINKED	50 seeds x 4 CIF/summary/full-data files present	/storage9920/home/tinghao.xia/Data_V1/train/2mxs	/storage9920/home/tinghao.xia/Data_V2/train/2mxs
2N0J	train	COMPLETE_REBASABLE	COMPLETE_50X4	COMPLETE_50X4	ALREADY_LINKED	REUSE_LINKED	50 seeds x 4 CIF/summary/full-data files present	/storage9920/home/tinghao.xia/Data_V1/train/2n0j	/storage9920/home/tinghao.xia/Data_V2/train/2n0j
2N0R	train	COMPLETE_REBASABLE	COMPLETE_50X4	COMPLETE_50X4	ALREADY_LINKED	REUSE_LINKED	50 seeds x 4 CIF/summary/full-data files present	/storage9920/home/tinghao.xia/Data_V1/train/2n0r	/storage9920/home/tinghao.xia/Data_V2/train/2n0r
2N1Q	train	COMPLETE_REBASABLE				NEW_PREDICTION_REQUIRED	No V1 50x4 prediction run membership		/storage9920/home/tinghao.xia/Data_V2/train/2n1q
2N2O	train	COMPLETE_REBASABLE	COMPLETE_50X4	COMPLETE_50X4	ALREADY_LINKED	REUSE_LINKED	50 seeds x 4 CIF/summary/full-data files present	/storage9920/home/tinghao.xia/Data_V1/train/2n2o	/storage9920/home/tinghao.xia/Data_V2/train/2n2o
2N2P	train	COMPLETE_REBASABLE	COMPLETE_50X4	COMPLETE_50X4	ALREADY_LINKED	REUSE_LINKED	50 seeds x 4 CIF/summary/full-data files present	/storage9920/home/tinghao.xia/Data_V1/train/2n2p	/storage9920/home/tinghao.xia/Data_V2/train/2n2p
2N3Q	train	COMPLETE_REBASABLE	COMPLETE_50X4	COMPLETE_50X4	ALREADY_LINKED	REUSE_LINKED	50 seeds x 4 CIF/summary/full-data files present	/storage9920/home/tinghao.xia/Data_V1/train/2n3q	/storage9920/home/tinghao.xia/Data_V2/train/2n3q
2N3R	train	COMPLETE_REBASABLE	COMPLETE_50X4	COMPLETE_50X4	ALREADY_LINKED	REUSE_LINKED	50 seeds x 4 CIF/summary/full-data files present	/storage9920/home/tinghao.xia/Data_V1/train/2n3r	/storage9920/home/tinghao.xia/Data_V2/train/2n3r
2N4L	train	COMPLETE_REBASABLE	COMPLETE_50X4	COMPLETE_50X4	ALREADY_LINKED	REUSE_LINKED	50 seeds x 4 CIF/summary/full-data files present	/storage9920/home/tinghao.xia/Data_V1/train/2n4l	/storage9920/home/tinghao.xia/Data_V2/train/2n4l
2N6S	train	COMPLETE_REBASABLE	COMPLETE_50X4	COMPLETE_50X4	ALREADY_LINKED	REUSE_LINKED	50 seeds x 4 CIF/summary/full-data files present	/storage9920/home/tinghao.xia/Data_V1/train/2n6s	/storage9920/home/tinghao.xia/Data_V2/train/2n6s
2N6T	train	COMPLETE_REBASABLE	COMPLETE_50X4	COMPLETE_50X4	ALREADY_LINKED	REUSE_LINKED	50 seeds x 4 CIF/summary/full-data files present	/storage9920/home/tinghao.xia/Data_V1/train/2n6t	/storage9920/home/tinghao.xia/Data_V2/train/2n6t
2N6W	train	COMPLETE_REBASABLE	COMPLETE_50X4	COMPLETE_50X4	ALREADY_LINKED	REUSE_LINKED	50 seeds x 4 CIF/summary/full-data files present	/storage9920/home/tinghao.xia/Data_V1/train/2n6w	/storage9920/home/tinghao.xia/Data_V2/train/2n6w
2N6X	train	COMPLETE_REBASABLE	COMPLETE_50X4	COMPLETE_50X4	ALREADY_LINKED	REUSE_LINKED	50 seeds x 4 CIF/summary/full-data files present	/storage9920/home/tinghao.xia/Data_V1/train/2n6x	/storage9920/home/tinghao.xia/Data_V2/train/2n6x
2N7M	train	COMPLETE_REBASABLE				NEW_PREDICTION_REQUIRED	No V1 50x4 prediction run membership		/storage9920/home/tinghao.xia/Data_V2/train/2n7m
2N7X	train	COMPLETE_REBASABLE	COMPLETE_50X4	COMPLETE_50X4	ALREADY_LINKED	REUSE_LINKED	50 seeds x 4 CIF/summary/full-data files present	/storage9920/home/tinghao.xia/Data_V1/train/2n7x	/storage9920/home/tinghao.xia/Data_V2/train/2n7x
2N8V	train	COMPLETE_REBASABLE	COMPLETE_50X4	COMPLETE_50X4	ALREADY_LINKED	REUSE_LINKED	50 seeds x 4 CIF/summary/full-data files present	/storage9920/home/tinghao.xia/Data_V1/train/2n8v	/storage9920/home/tinghao.xia/Data_V2/train/2n8v
2NBX	train	COMPLETE_REBASABLE	COMPLETE_50X4	COMPLETE_50X4	ALREADY_LINKED	REUSE_LINKED	50 seeds x 4 CIF/summary/full-data files present	/storage9920/home/tinghao.xia/Data_V1/train/2nbx	/storage9920/home/tinghao.xia/Data_V2/train/2nbx
2NBY	train	COMPLETE_REBASABLE	COMPLETE_50X4	COMPLETE_50X4	ALREADY_LINKED	REUSE_LINKED	50 seeds x 4 CIF/summary/full-data files present	/storage9920/home/tinghao.xia/Data_V1/train/2nby	/storage9920/home/tinghao.xia/Data_V2/train/2nby
2NBZ	train	COMPLETE_REBASABLE	COMPLETE_50X4	COMPLETE_50X4	ALREADY_LINKED	REUSE_LINKED	50 seeds x 4 CIF/summary/full-data files present	/storage9920/home/tinghao.xia/Data_V1/train/2nbz	/storage9920/home/tinghao.xia/Data_V2/train/2nbz
2NC0	train	COMPLETE_REBASABLE	COMPLETE_50X4	COMPLETE_50X4	ALREADY_LINKED	REUSE_LINKED	50 seeds x 4 CIF/summary/full-data files present	/storage9920/home/tinghao.xia/Data_V1/train/2nc0	/storage9920/home/tinghao.xia/Data_V2/train/2nc0
2NC1	train	COMPLETE_REBASABLE	COMPLETE_50X4	COMPLETE_50X4	ALREADY_LINKED	REUSE_LINKED	50 seeds x 4 CIF/summary/full-data files present	/storage9920/home/tinghao.xia/Data_V1/train/2nc1	/storage9920/home/tinghao.xia/Data_V2/train/2nc1
2NCI	train	COMPLETE_REBASABLE	COMPLETE_50X4	COMPLETE_50X4	ALREADY_LINKED	REUSE_LINKED	50 seeds x 4 CIF/summary/full-data files present	/storage9920/home/tinghao.xia/Data_V1/train/2nci	/storage9920/home/tinghao.xia/Data_V2/train/2nci
2O32	train	COMPLETE_REBASABLE	COMPLETE_50X4	COMPLETE_50X4	ALREADY_LINKED	REUSE_LINKED	50 seeds x 4 CIF/summary/full-data files present	/storage9920/home/tinghao.xia/Data_V1/train/2o32	/storage9920/home/tinghao.xia/Data_V2/train/2o32
2O33	train	COMPLETE_REBASABLE	COMPLETE_50X4	COMPLETE_50X4	ALREADY_LINKED	REUSE_LINKED	50 seeds x 4 CIF/summary/full-data files present	/storage9920/home/tinghao.xia/Data_V1/train/2o33	/storage9920/home/tinghao.xia/Data_V2/train/2o33
2O43	train	COMPLETE	COMPLETE_50X4	COMPLETE_50X4	ALREADY_LINKED	REUSE_LINKED	50 seeds x 4 CIF/summary/full-data files present	/storage9920/home/tinghao.xia/Data_V1/train/2o43	/storage9920/home/tinghao.xia/Data_V2/train/2o43
2O44	train	COMPLETE	COMPLETE_50X4	COMPLETE_50X4	ALREADY_LINKED	REUSE_LINKED	50 seeds x 4 CIF/summary/full-data files present	/storage9920/home/tinghao.xia/Data_V1/train/2o44	/storage9920/home/tinghao.xia/Data_V2/train/2o44
2O45	train	COMPLETE	COMPLETE_50X4	COMPLETE_50X4	ALREADY_LINKED	REUSE_LINKED	50 seeds x 4 CIF/summary/full-data files present	/storage9920/home/tinghao.xia/Data_V1/train/2o45	/storage9920/home/tinghao.xia/Data_V2/train/2o45
2OJ7	train	COMPLETE_REBASABLE	COMPLETE_50X4	COMPLETE_50X4	ALREADY_LINKED	REUSE_LINKED	50 seeds x 4 CIF/summary/full-data files present	/storage9920/home/tinghao.xia/Data_V1/train/2oj7	/storage9920/home/tinghao.xia/Data_V2/train/2oj7
2OJ8	train	COMPLETE_REBASABLE	COMPLETE_50X4	COMPLETE_50X4	ALREADY_LINKED	REUSE_LINKED	50 seeds x 4 CIF/summary/full-data files present	/storage9920/home/tinghao.xia/Data_V1/train/2oj8	/storage9920/home/tinghao.xia/Data_V2/train/2oj8
2PCV	train	COMPLETE_REBASABLE	COMPLETE_50X4	COMPLETE_50X4	ALREADY_LINKED	REUSE_LINKED	50 seeds x 4 CIF/summary/full-data files present	/storage9920/home/tinghao.xia/Data_V1/train/2pcv	/storage9920/home/tinghao.xia/Data_V2/train/2pcv
2Q1R	train	COMPLETE_REBASABLE	COMPLETE_50X4	COMPLETE_50X4	ALREADY_LINKED	REUSE_LINKED	50 seeds x 4 CIF/summary/full-data files present	/storage9920/home/tinghao.xia/Data_V1/train/2q1r	/storage9920/home/tinghao.xia/Data_V2/train/2q1r
2QBZ	train	COMPLETE_REBASABLE	COMPLETE_50X4	COMPLETE_50X4	ALREADY_LINKED	REUSE_LINKED	50 seeds x 4 CIF/summary/full-data files present	/storage9920/home/tinghao.xia/Data_V1/train/2qbz	/storage9920/home/tinghao.xia/Data_V2/train/2qbz
2QH2	train	COMPLETE_REBASABLE	COMPLETE_50X4	COMPLETE_50X4	ALREADY_LINKED	REUSE_LINKED	50 seeds x 4 CIF/summary/full-data files present	/storage9920/home/tinghao.xia/Data_V1/train/2qh2	/storage9920/home/tinghao.xia/Data_V2/train/2qh2
2QH3	train	COMPLETE_REBASABLE	COMPLETE_50X4	COMPLETE_50X4	ALREADY_LINKED	REUSE_LINKED	50 seeds x 4 CIF/summary/full-data files present	/storage9920/home/tinghao.xia/Data_V1/train/2qh3	/storage9920/home/tinghao.xia/Data_V2/train/2qh3
2QH4	train	COMPLETE_REBASABLE	COMPLETE_50X4	COMPLETE_50X4	ALREADY_LINKED	REUSE_LINKED	50 seeds x 4 CIF/summary/full-data files present	/storage9920/home/tinghao.xia/Data_V1/train/2qh4	/storage9920/home/tinghao.xia/Data_V2/train/2qh4
2RLU	train	COMPLETE_REBASABLE	COMPLETE_50X4	COMPLETE_50X4	ALREADY_LINKED	REUSE_LINKED	50 seeds x 4 CIF/summary/full-data files present	/storage9920/home/tinghao.xia/Data_V1/train/2rlu	/storage9920/home/tinghao.xia/Data_V2/train/2rlu
2RO2	train	COMPLETE_REBASABLE	COMPLETE_50X4	COMPLETE_50X4	ALREADY_LINKED	REUSE_LINKED	50 seeds x 4 CIF/summary/full-data files present	/storage9920/home/tinghao.xia/Data_V1/train/2ro2	/storage9920/home/tinghao.xia/Data_V2/train/2ro2
2RP0	train	COMPLETE_REBASABLE	COMPLETE_50X4	COMPLETE_50X4	ALREADY_LINKED	REUSE_LINKED	50 seeds x 4 CIF/summary/full-data files present	/storage9920/home/tinghao.xia/Data_V1/train/2rp0	/storage9920/home/tinghao.xia/Data_V2/train/2rp0
2RP1	train	COMPLETE_REBASABLE	COMPLETE_50X4	COMPLETE_50X4	ALREADY_LINKED	REUSE_LINKED	50 seeds x 4 CIF/summary/full-data files present	/storage9920/home/tinghao.xia/Data_V1/train/2rp1	/storage9920/home/tinghao.xia/Data_V2/train/2rp1
2RPK	train	COMPLETE_REBASABLE	COMPLETE_50X4	COMPLETE_50X4	ALREADY_LINKED	REUSE_LINKED	50 seeds x 4 CIF/summary/full-data files present	/storage9920/home/tinghao.xia/Data_V1/train/2rpk	/storage9920/home/tinghao.xia/Data_V2/train/2rpk
2RPT	train	COMPLETE_REBASABLE	COMPLETE_50X4	COMPLETE_50X4	ALREADY_LINKED	REUSE_LINKED	50 seeds x 4 CIF/summary/full-data files present	/storage9920/home/tinghao.xia/Data_V1/train/2rpt	/storage9920/home/tinghao.xia/Data_V2/train/2rpt
2RRC	train	COMPLETE_REBASABLE	COMPLETE_50X4	COMPLETE_50X4	ALREADY_LINKED	REUSE_LINKED	50 seeds x 4 CIF/summary/full-data files present	/storage9920/home/tinghao.xia/Data_V1/train/2rrc	/storage9920/home/tinghao.xia/Data_V2/train/2rrc
2RVO	train	COMPLETE_REBASABLE	COMPLETE_50X4	COMPLETE_50X4	ALREADY_LINKED	REUSE_LINKED	50 seeds x 4 CIF/summary/full-data files present	/storage9920/home/tinghao.xia/Data_V1/train/2rvo	/storage9920/home/tinghao.xia/Data_V2/train/2rvo
2TOB	train	COMPLETE_REBASABLE	COMPLETE_50X4	COMPLETE_50X4	ALREADY_LINKED	REUSE_LINKED	50 seeds x 4 CIF/summary/full-data files present	/storage9920/home/tinghao.xia/Data_V1/train/2tob	/storage9920/home/tinghao.xia/Data_V2/train/2tob
2TPK	train	COMPLETE_REBASABLE	COMPLETE_50X4	COMPLETE_50X4	ALREADY_LINKED	REUSE_LINKED	50 seeds x 4 CIF/summary/full-data files present	/storage9920/home/tinghao.xia/Data_V1/train/2tpk	/storage9920/home/tinghao.xia/Data_V2/train/2tpk
2TRA	train	COMPLETE_REBASABLE	COMPLETE_50X4	COMPLETE_50X4	ALREADY_LINKED	REUSE_LINKED	50 seeds x 4 CIF/summary/full-data files present	/storage9920/home/tinghao.xia/Data_V1/train/2tra	/storage9920/home/tinghao.xia/Data_V2/train/2tra
2U2A	train	COMPLETE_REBASABLE	COMPLETE_50X4	COMPLETE_50X4	ALREADY_LINKED	REUSE_LINKED	50 seeds x 4 CIF/summary/full-data files present	/storage9920/home/tinghao.xia/Data_V1/train/2u2a	/storage9920/home/tinghao.xia/Data_V2/train/2u2a
2WNA	train	COMPLETE_REBASABLE				NEW_PREDICTION_REQUIRED	No V1 50x4 prediction run membership		/storage9920/home/tinghao.xia/Data_V2/train/2wna
2XC6	train	COMPLETE_REBASABLE				NEW_PREDICTION_REQUIRED	No V1 50x4 prediction run membership		/storage9920/home/tinghao.xia/Data_V2/train/2xc6
2XNW	train	COMPLETE_REBASABLE	COMPLETE_50X4	COMPLETE_50X4	ALREADY_LINKED	REUSE_LINKED	50 seeds x 4 CIF/summary/full-data files present	/storage9920/home/tinghao.xia/Data_V1/train/2xnw	/storage9920/home/tinghao.xia/Data_V2/train/2xnw
2XNZ	train	COMPLETE_REBASABLE	COMPLETE_50X4	COMPLETE_50X4	ALREADY_LINKED	REUSE_LINKED	50 seeds x 4 CIF/summary/full-data files present	/storage9920/home/tinghao.xia/Data_V1/train/2xnz	/storage9920/home/tinghao.xia/Data_V2/train/2xnz
2XO0	train	COMPLETE_REBASABLE	COMPLETE_50X4	COMPLETE_50X4	ALREADY_LINKED	REUSE_LINKED	50 seeds x 4 CIF/summary/full-data files present	/storage9920/home/tinghao.xia/Data_V1/train/2xo0	/storage9920/home/tinghao.xia/Data_V2/train/2xo0
2XO1	train	COMPLETE_REBASABLE	COMPLETE_50X4	COMPLETE_50X4	ALREADY_LINKED	REUSE_LINKED	50 seeds x 4 CIF/summary/full-data files present	/storage9920/home/tinghao.xia/Data_V1/train/2xo1	/storage9920/home/tinghao.xia/Data_V2/train/2xo1
2Y95	train	COMPLETE_REBASABLE	COMPLETE_50X4	COMPLETE_50X4	ALREADY_LINKED	REUSE_LINKED	50 seeds x 4 CIF/summary/full-data files present	/storage9920/home/tinghao.xia/Data_V1/train/2y95	/storage9920/home/tinghao.xia/Data_V2/train/2y95
2YDH	train	COMPLETE_REBASABLE	COMPLETE_50X4	COMPLETE_50X4	ALREADY_LINKED	REUSE_LINKED	50 seeds x 4 CIF/summary/full-data files present	/storage9920/home/tinghao.xia/Data_V1/train/2ydh	/storage9920/home/tinghao.xia/Data_V2/train/2ydh
2YGH	train	COMPLETE_REBASABLE	COMPLETE_50X4	COMPLETE_50X4	ALREADY_LINKED	REUSE_LINKED	50 seeds x 4 CIF/summary/full-data files present	/storage9920/home/tinghao.xia/Data_V1/train/2ygh	/storage9920/home/tinghao.xia/Data_V2/train/2ygh
2Z9Q	train	COMPLETE_REBASABLE				NEW_PREDICTION_REQUIRED	No V1 50x4 prediction run membership		/storage9920/home/tinghao.xia/Data_V2/train/2z9q
2ZY6	train	COMPLETE_REBASABLE	COMPLETE_50X4	COMPLETE_50X4	ALREADY_LINKED	REUSE_LINKED	50 seeds x 4 CIF/summary/full-data files present	/storage9920/home/tinghao.xia/Data_V1/train/2zy6	/storage9920/home/tinghao.xia/Data_V2/train/2zy6
30SC	test	COMPLETE	COMPLETE_50X4	COMPLETE_50X4	ALREADY_LINKED	REUSE_LINKED	50 seeds x 4 CIF/summary/full-data files present	/storage9920/home/tinghao.xia/Data_V1/test/30sc	/storage9920/home/tinghao.xia/Data_V2/test/30sc
333D	train	COMPLETE_REBASABLE	COMPLETE_50X4	COMPLETE_50X4	ALREADY_LINKED	REUSE_LINKED	50 seeds x 4 CIF/summary/full-data files present	/storage9920/home/tinghao.xia/Data_V1/train/333d	/storage9920/home/tinghao.xia/Data_V2/train/333d
387D	train	COMPLETE_REBASABLE				NEW_PREDICTION_REQUIRED	No V1 50x4 prediction run membership		/storage9920/home/tinghao.xia/Data_V2/train/387d
3A3A	train	COMPLETE_REBASABLE	COMPLETE_50X4	COMPLETE_50X4	ALREADY_LINKED	REUSE_LINKED	50 seeds x 4 CIF/summary/full-data files present	/storage9920/home/tinghao.xia/Data_V1/train/3a3a	/storage9920/home/tinghao.xia/Data_V2/train/3a3a
3BBV	train	COMPLETE	COMPLETE_50X4	COMPLETE_50X4	ALREADY_LINKED	REUSE_LINKED	50 seeds x 4 CIF/summary/full-data files present	/storage9920/home/tinghao.xia/Data_V1/train/3bbv	/storage9920/home/tinghao.xia/Data_V2/train/3bbv
3BNT	train	COMPLETE				NEW_PREDICTION_REQUIRED	No V1 50x4 prediction run membership		/storage9920/home/tinghao.xia/Data_V2/train/3bnt
3BWP	train	COMPLETE_REBASABLE	COMPLETE_50X4	COMPLETE_50X4	ALREADY_LINKED	REUSE_LINKED	50 seeds x 4 CIF/summary/full-data files present	/storage9920/home/tinghao.xia/Data_V1/train/3bwp	/storage9920/home/tinghao.xia/Data_V2/train/3bwp
3CW5	train	COMPLETE_REBASABLE	COMPLETE_50X4	COMPLETE_50X4	ALREADY_LINKED	REUSE_LINKED	50 seeds x 4 CIF/summary/full-data files present	/storage9920/home/tinghao.xia/Data_V1/train/3cw5	/storage9920/home/tinghao.xia/Data_V2/train/3cw5
3CW6	train	COMPLETE_REBASABLE	COMPLETE_50X4	COMPLETE_50X4	ALREADY_LINKED	REUSE_LINKED	50 seeds x 4 CIF/summary/full-data files present	/storage9920/home/tinghao.xia/Data_V1/train/3cw6	/storage9920/home/tinghao.xia/Data_V2/train/3cw6
3CZW	train	COMPLETE_REBASABLE	COMPLETE_50X4	COMPLETE_50X4	ALREADY_LINKED	REUSE_LINKED	50 seeds x 4 CIF/summary/full-data files present	/storage9920/home/tinghao.xia/Data_V1/train/3czw	/storage9920/home/tinghao.xia/Data_V2/train/3czw
3D0M	train	COMPLETE_REBASABLE	COMPLETE_50X4	COMPLETE_50X4	ALREADY_LINKED	REUSE_LINKED	50 seeds x 4 CIF/summary/full-data files present	/storage9920/home/tinghao.xia/Data_V1/train/3d0m	/storage9920/home/tinghao.xia/Data_V2/train/3d0m
3D0U	train	COMPLETE_REBASABLE	COMPLETE_50X4	COMPLETE_50X4	ALREADY_LINKED	REUSE_LINKED	50 seeds x 4 CIF/summary/full-data files present	/storage9920/home/tinghao.xia/Data_V1/train/3d0u	/storage9920/home/tinghao.xia/Data_V2/train/3d0u
3D0X	train	COMPLETE_REBASABLE	COMPLETE_50X4	COMPLETE_50X4	ALREADY_LINKED	REUSE_LINKED	50 seeds x 4 CIF/summary/full-data files present	/storage9920/home/tinghao.xia/Data_V1/train/3d0x	/storage9920/home/tinghao.xia/Data_V2/train/3d0x
3DHS	train	COMPLETE_REBASABLE	COMPLETE_50X4	COMPLETE_50X4	ALREADY_LINKED	REUSE_LINKED	50 seeds x 4 CIF/summary/full-data files present	/storage9920/home/tinghao.xia/Data_V1/train/3dhs	/storage9920/home/tinghao.xia/Data_V2/train/3dhs
3DIG	train	COMPLETE_REBASABLE	COMPLETE_50X4	COMPLETE_50X4	ALREADY_LINKED	REUSE_LINKED	50 seeds x 4 CIF/summary/full-data files present	/storage9920/home/tinghao.xia/Data_V1/train/3dig	/storage9920/home/tinghao.xia/Data_V2/train/3dig
3DIL	train	COMPLETE_REBASABLE	COMPLETE_50X4	COMPLETE_50X4	ALREADY_LINKED	REUSE_LINKED	50 seeds x 4 CIF/summary/full-data files present	/storage9920/home/tinghao.xia/Data_V1/train/3dil	/storage9920/home/tinghao.xia/Data_V2/train/3dil
3DIM	train	COMPLETE_REBASABLE	COMPLETE_50X4	COMPLETE_50X4	ALREADY_LINKED	REUSE_LINKED	50 seeds x 4 CIF/summary/full-data files present	/storage9920/home/tinghao.xia/Data_V1/train/3dim	/storage9920/home/tinghao.xia/Data_V2/train/3dim
3DIO	train	COMPLETE_REBASABLE	COMPLETE_50X4	COMPLETE_50X4	ALREADY_LINKED	REUSE_LINKED	50 seeds x 4 CIF/summary/full-data files present	/storage9920/home/tinghao.xia/Data_V1/train/3dio	/storage9920/home/tinghao.xia/Data_V2/train/3dio
3DIQ	train	COMPLETE_REBASABLE	COMPLETE_50X4	COMPLETE_50X4	ALREADY_LINKED	REUSE_LINKED	50 seeds x 4 CIF/summary/full-data files present	/storage9920/home/tinghao.xia/Data_V1/train/3diq	/storage9920/home/tinghao.xia/Data_V2/train/3diq
3DIR	train	COMPLETE_REBASABLE	COMPLETE_50X4	COMPLETE_50X4	ALREADY_LINKED	REUSE_LINKED	50 seeds x 4 CIF/summary/full-data files present	/storage9920/home/tinghao.xia/Data_V1/train/3dir	/storage9920/home/tinghao.xia/Data_V2/train/3dir
3DIS	train	COMPLETE_REBASABLE	COMPLETE_50X4	COMPLETE_50X4	ALREADY_LINKED	REUSE_LINKED	50 seeds x 4 CIF/summary/full-data files present	/storage9920/home/tinghao.xia/Data_V1/train/3dis	/storage9920/home/tinghao.xia/Data_V2/train/3dis
3DIX	train	COMPLETE_REBASABLE	COMPLETE_50X4	COMPLETE_50X4	ALREADY_LINKED	REUSE_LINKED	50 seeds x 4 CIF/summary/full-data files present	/storage9920/home/tinghao.xia/Data_V1/train/3dix	/storage9920/home/tinghao.xia/Data_V2/train/3dix
3DIY	train	COMPLETE_REBASABLE	COMPLETE_50X4	COMPLETE_50X4	ALREADY_LINKED	REUSE_LINKED	50 seeds x 4 CIF/summary/full-data files present	/storage9920/home/tinghao.xia/Data_V1/train/3diy	/storage9920/home/tinghao.xia/Data_V2/train/3diy
3DIZ	train	COMPLETE_REBASABLE	COMPLETE_50X4	COMPLETE_50X4	ALREADY_LINKED	REUSE_LINKED	50 seeds x 4 CIF/summary/full-data files present	/storage9920/home/tinghao.xia/Data_V1/train/3diz	/storage9920/home/tinghao.xia/Data_V2/train/3diz
3DJ0	train	COMPLETE_REBASABLE	COMPLETE_50X4	COMPLETE_50X4	ALREADY_LINKED	REUSE_LINKED	50 seeds x 4 CIF/summary/full-data files present	/storage9920/home/tinghao.xia/Data_V1/train/3dj0	/storage9920/home/tinghao.xia/Data_V2/train/3dj0
3DJ2	train	COMPLETE_REBASABLE	COMPLETE_50X4	COMPLETE_50X4	ALREADY_LINKED	REUSE_LINKED	50 seeds x 4 CIF/summary/full-data files present	/storage9920/home/tinghao.xia/Data_V1/train/3dj2	/storage9920/home/tinghao.xia/Data_V2/train/3dj2
3DVZ	train	COMPLETE_REBASABLE	COMPLETE_50X4	COMPLETE_50X4	ALREADY_LINKED	REUSE_LINKED	50 seeds x 4 CIF/summary/full-data files present	/storage9920/home/tinghao.xia/Data_V1/train/3dvz	/storage9920/home/tinghao.xia/Data_V2/train/3dvz
3DW4	train	COMPLETE_REBASABLE	COMPLETE_50X4	COMPLETE_50X4	ALREADY_LINKED	REUSE_LINKED	50 seeds x 4 CIF/summary/full-data files present	/storage9920/home/tinghao.xia/Data_V1/train/3dw4	/storage9920/home/tinghao.xia/Data_V2/train/3dw4
3DW5	train	COMPLETE_REBASABLE	COMPLETE_50X4	COMPLETE_50X4	ALREADY_LINKED	REUSE_LINKED	50 seeds x 4 CIF/summary/full-data files present	/storage9920/home/tinghao.xia/Data_V1/train/3dw5	/storage9920/home/tinghao.xia/Data_V2/train/3dw5
3DW6	train	COMPLETE_REBASABLE	COMPLETE_50X4	COMPLETE_50X4	ALREADY_LINKED	REUSE_LINKED	50 seeds x 4 CIF/summary/full-data files present	/storage9920/home/tinghao.xia/Data_V1/train/3dw6	/storage9920/home/tinghao.xia/Data_V2/train/3dw6
3DW7	train	COMPLETE_REBASABLE	COMPLETE_50X4	COMPLETE_50X4	ALREADY_LINKED	REUSE_LINKED	50 seeds x 4 CIF/summary/full-data files present	/storage9920/home/tinghao.xia/Data_V1/train/3dw7	/storage9920/home/tinghao.xia/Data_V2/train/3dw7
3E5C	train	COMPLETE_REBASABLE	COMPLETE_50X4	COMPLETE_50X4	ALREADY_LINKED	REUSE_LINKED	50 seeds x 4 CIF/summary/full-data files present	/storage9920/home/tinghao.xia/Data_V1/train/3e5c	/storage9920/home/tinghao.xia/Data_V2/train/3e5c
3E5E	train	COMPLETE_REBASABLE	COMPLETE_50X4	COMPLETE_50X4	ALREADY_LINKED	REUSE_LINKED	50 seeds x 4 CIF/summary/full-data files present	/storage9920/home/tinghao.xia/Data_V1/train/3e5e	/storage9920/home/tinghao.xia/Data_V2/train/3e5e
3E5F	train	COMPLETE_REBASABLE	COMPLETE_50X4	COMPLETE_50X4	ALREADY_LINKED	REUSE_LINKED	50 seeds x 4 CIF/summary/full-data files present	/storage9920/home/tinghao.xia/Data_V1/train/3e5f	/storage9920/home/tinghao.xia/Data_V2/train/3e5f
3F2Q	train	COMPLETE_REBASABLE	COMPLETE_50X4	COMPLETE_50X4	ALREADY_LINKED	REUSE_LINKED	50 seeds x 4 CIF/summary/full-data files present	/storage9920/home/tinghao.xia/Data_V1/train/3f2q	/storage9920/home/tinghao.xia/Data_V2/train/3f2q
3F2T	train	COMPLETE_REBASABLE	COMPLETE_50X4	COMPLETE_50X4	ALREADY_LINKED	REUSE_LINKED	50 seeds x 4 CIF/summary/full-data files present	/storage9920/home/tinghao.xia/Data_V1/train/3f2t	/storage9920/home/tinghao.xia/Data_V2/train/3f2t
3F2W	train	COMPLETE_REBASABLE	COMPLETE_50X4	COMPLETE_50X4	ALREADY_LINKED	REUSE_LINKED	50 seeds x 4 CIF/summary/full-data files present	/storage9920/home/tinghao.xia/Data_V1/train/3f2w	/storage9920/home/tinghao.xia/Data_V2/train/3f2w
3F2X	train	COMPLETE_REBASABLE	COMPLETE_50X4	COMPLETE_50X4	ALREADY_LINKED	REUSE_LINKED	50 seeds x 4 CIF/summary/full-data files present	/storage9920/home/tinghao.xia/Data_V1/train/3f2x	/storage9920/home/tinghao.xia/Data_V2/train/3f2x
3F2Y	train	COMPLETE_REBASABLE	COMPLETE_50X4	COMPLETE_50X4	ALREADY_LINKED	REUSE_LINKED	50 seeds x 4 CIF/summary/full-data files present	/storage9920/home/tinghao.xia/Data_V1/train/3f2y	/storage9920/home/tinghao.xia/Data_V2/train/3f2y
3F30	train	COMPLETE_REBASABLE	COMPLETE_50X4	COMPLETE_50X4	ALREADY_LINKED	REUSE_LINKED	50 seeds x 4 CIF/summary/full-data files present	/storage9920/home/tinghao.xia/Data_V1/train/3f30	/storage9920/home/tinghao.xia/Data_V2/train/3f30
3FO4	train	COMPLETE_REBASABLE	COMPLETE_50X4	COMPLETE_50X4	ALREADY_LINKED	REUSE_LINKED	50 seeds x 4 CIF/summary/full-data files present	/storage9920/home/tinghao.xia/Data_V1/train/3fo4	/storage9920/home/tinghao.xia/Data_V2/train/3fo4
3FO6	train	COMPLETE_REBASABLE	COMPLETE_50X4	COMPLETE_50X4	ALREADY_LINKED	REUSE_LINKED	50 seeds x 4 CIF/summary/full-data files present	/storage9920/home/tinghao.xia/Data_V1/train/3fo6	/storage9920/home/tinghao.xia/Data_V2/train/3fo6
3G4M	train	COMPLETE_REBASABLE	COMPLETE_50X4	COMPLETE_50X4	ALREADY_LINKED	REUSE_LINKED	50 seeds x 4 CIF/summary/full-data files present	/storage9920/home/tinghao.xia/Data_V1/train/3g4m	/storage9920/home/tinghao.xia/Data_V2/train/3g4m
3GAO	train	COMPLETE_REBASABLE	COMPLETE_50X4	COMPLETE_50X4	ALREADY_LINKED	REUSE_LINKED	50 seeds x 4 CIF/summary/full-data files present	/storage9920/home/tinghao.xia/Data_V1/train/3gao	/storage9920/home/tinghao.xia/Data_V2/train/3gao
3GCA	train	COMPLETE_REBASABLE	COMPLETE_50X4	COMPLETE_50X4	ALREADY_LINKED	REUSE_LINKED	50 seeds x 4 CIF/summary/full-data files present	/storage9920/home/tinghao.xia/Data_V1/train/3gca	/storage9920/home/tinghao.xia/Data_V2/train/3gca
3GER	train	COMPLETE_REBASABLE	COMPLETE_50X4	COMPLETE_50X4	ALREADY_LINKED	REUSE_LINKED	50 seeds x 4 CIF/summary/full-data files present	/storage9920/home/tinghao.xia/Data_V1/train/3ger	/storage9920/home/tinghao.xia/Data_V2/train/3ger
3GES	train	COMPLETE_REBASABLE	COMPLETE_50X4	COMPLETE_50X4	ALREADY_LINKED	REUSE_LINKED	50 seeds x 4 CIF/summary/full-data files present	/storage9920/home/tinghao.xia/Data_V1/train/3ges	/storage9920/home/tinghao.xia/Data_V2/train/3ges
3GOG	train	COMPLETE_REBASABLE	COMPLETE_50X4	COMPLETE_50X4	ALREADY_LINKED	REUSE_LINKED	50 seeds x 4 CIF/summary/full-data files present	/storage9920/home/tinghao.xia/Data_V1/train/3gog	/storage9920/home/tinghao.xia/Data_V2/train/3gog
3GOT	train	COMPLETE_REBASABLE	COMPLETE_50X4	COMPLETE_50X4	ALREADY_LINKED	REUSE_LINKED	50 seeds x 4 CIF/summary/full-data files present	/storage9920/home/tinghao.xia/Data_V1/train/3got	/storage9920/home/tinghao.xia/Data_V2/train/3got
3GX2	train	COMPLETE_REBASABLE	COMPLETE_50X4	COMPLETE_50X4	ALREADY_LINKED	REUSE_LINKED	50 seeds x 4 CIF/summary/full-data files present	/storage9920/home/tinghao.xia/Data_V1/train/3gx2	/storage9920/home/tinghao.xia/Data_V2/train/3gx2
3GX3	train	COMPLETE_REBASABLE	COMPLETE_50X4	COMPLETE_50X4	ALREADY_LINKED	REUSE_LINKED	50 seeds x 4 CIF/summary/full-data files present	/storage9920/home/tinghao.xia/Data_V1/train/3gx3	/storage9920/home/tinghao.xia/Data_V2/train/3gx3
3GX5	train	COMPLETE_REBASABLE	COMPLETE_50X4	COMPLETE_50X4	ALREADY_LINKED	REUSE_LINKED	50 seeds x 4 CIF/summary/full-data files present	/storage9920/home/tinghao.xia/Data_V1/train/3gx5	/storage9920/home/tinghao.xia/Data_V2/train/3gx5
3GX6	train	COMPLETE_REBASABLE	COMPLETE_50X4	COMPLETE_50X4	ALREADY_LINKED	REUSE_LINKED	50 seeds x 4 CIF/summary/full-data files present	/storage9920/home/tinghao.xia/Data_V1/train/3gx6	/storage9920/home/tinghao.xia/Data_V2/train/3gx6
3GX7	train	COMPLETE_REBASABLE	COMPLETE_50X4	COMPLETE_50X4	ALREADY_LINKED	REUSE_LINKED	50 seeds x 4 CIF/summary/full-data files present	/storage9920/home/tinghao.xia/Data_V1/train/3gx7	/storage9920/home/tinghao.xia/Data_V2/train/3gx7
3HGA	train	COMPLETE_REBASABLE				NEW_PREDICTION_REQUIRED	No V1 50x4 prediction run membership		/storage9920/home/tinghao.xia/Data_V2/train/3hga
3IQN	train	COMPLETE_REBASABLE	COMPLETE_50X4	COMPLETE_50X4	ALREADY_LINKED	REUSE_LINKED	50 seeds x 4 CIF/summary/full-data files present	/storage9920/home/tinghao.xia/Data_V1/train/3iqn	/storage9920/home/tinghao.xia/Data_V2/train/3iqn
3IQP	train	COMPLETE_REBASABLE	COMPLETE_50X4	COMPLETE_50X4	ALREADY_LINKED	REUSE_LINKED	50 seeds x 4 CIF/summary/full-data files present	/storage9920/home/tinghao.xia/Data_V1/train/3iqp	/storage9920/home/tinghao.xia/Data_V2/train/3iqp
3IQR	train	COMPLETE_REBASABLE	COMPLETE_50X4	COMPLETE_50X4	ALREADY_LINKED	REUSE_LINKED	50 seeds x 4 CIF/summary/full-data files present	/storage9920/home/tinghao.xia/Data_V1/train/3iqr	/storage9920/home/tinghao.xia/Data_V2/train/3iqr
3IZD	train	COMPLETE	COMPLETE_50X4	COMPLETE_50X4	ALREADY_LINKED	REUSE_LINKED	50 seeds x 4 CIF/summary/full-data files present	/storage9920/home/tinghao.xia/Data_V1/train/3izd	/storage9920/home/tinghao.xia/Data_V2/train/3izd
3J28	train	MISSING_UPDATED_JSON				SKIP_PREP_ABANDONED_LONG_CHAIN	V2 split assignment retained; no prediction or PT task		/storage9920/home/tinghao.xia/Data_V2/train/3j28
3J29	train	MISSING_UPDATED_JSON				SKIP_PREP_ABANDONED_LONG_CHAIN	V2 split assignment retained; no prediction or PT task		/storage9920/home/tinghao.xia/Data_V2/train/3j29
3J2A	train	MISSING_UPDATED_JSON				SKIP_PREP_ABANDONED_LONG_CHAIN	V2 split assignment retained; no prediction or PT task		/storage9920/home/tinghao.xia/Data_V2/train/3j2a
3J2B	train	MISSING_UPDATED_JSON				SKIP_PREP_ABANDONED_LONG_CHAIN	V2 split assignment retained; no prediction or PT task		/storage9920/home/tinghao.xia/Data_V2/train/3j2b
3J2D	train	MISSING_UPDATED_JSON				SKIP_PREP_ABANDONED_LONG_CHAIN	V2 split assignment retained; no prediction or PT task		/storage9920/home/tinghao.xia/Data_V2/train/3j2d
3J2E	train	MISSING_UPDATED_JSON				SKIP_PREP_ABANDONED_LONG_CHAIN	V2 split assignment retained; no prediction or PT task		/storage9920/home/tinghao.xia/Data_V2/train/3j2e
3J2F	train	MISSING_UPDATED_JSON				SKIP_PREP_ABANDONED_LONG_CHAIN	V2 split assignment retained; no prediction or PT task		/storage9920/home/tinghao.xia/Data_V2/train/3j2f
3J2G	train	MISSING_UPDATED_JSON				SKIP_PREP_ABANDONED_LONG_CHAIN	V2 split assignment retained; no prediction or PT task		/storage9920/home/tinghao.xia/Data_V2/train/3j2g
3J2H	train	MISSING_UPDATED_JSON				SKIP_PREP_ABANDONED_LONG_CHAIN	V2 split assignment retained; no prediction or PT task		/storage9920/home/tinghao.xia/Data_V2/train/3j2h
3K1V	train	COMPLETE_REBASABLE	COMPLETE_50X4	COMPLETE_50X4	ALREADY_LINKED	REUSE_LINKED	50 seeds x 4 CIF/summary/full-data files present	/storage9920/home/tinghao.xia/Data_V1/train/3k1v	/storage9920/home/tinghao.xia/Data_V2/train/3k1v
3L0U	train	COMPLETE_REBASABLE	COMPLETE_50X4	COMPLETE_50X4	ALREADY_LINKED	REUSE_LINKED	50 seeds x 4 CIF/summary/full-data files present	/storage9920/home/tinghao.xia/Data_V1/train/3l0u	/storage9920/home/tinghao.xia/Data_V2/train/3l0u
3LA5	train	COMPLETE_REBASABLE	COMPLETE_50X4	COMPLETE_50X4	ALREADY_LINKED	REUSE_LINKED	50 seeds x 4 CIF/summary/full-data files present	/storage9920/home/tinghao.xia/Data_V1/train/3la5	/storage9920/home/tinghao.xia/Data_V2/train/3la5
3MIJ	train	COMPLETE_REBASABLE	COMPLETE_50X4	COMPLETE_50X4	ALREADY_LINKED	REUSE_LINKED	50 seeds x 4 CIF/summary/full-data files present	/storage9920/home/tinghao.xia/Data_V1/train/3mij	/storage9920/home/tinghao.xia/Data_V2/train/3mij
3ND3	train	COMPLETE_REBASABLE	COMPLETE_50X4	COMPLETE_50X4	ALREADY_LINKED	REUSE_LINKED	50 seeds x 4 CIF/summary/full-data files present	/storage9920/home/tinghao.xia/Data_V1/train/3nd3	/storage9920/home/tinghao.xia/Data_V2/train/3nd3
3ND4	train	COMPLETE_REBASABLE	COMPLETE_50X4	COMPLETE_50X4	ALREADY_LINKED	REUSE_LINKED	50 seeds x 4 CIF/summary/full-data files present	/storage9920/home/tinghao.xia/Data_V1/train/3nd4	/storage9920/home/tinghao.xia/Data_V2/train/3nd4
3NJ6	train	COMPLETE_REBASABLE	COMPLETE_50X4	COMPLETE_50X4	ALREADY_LINKED	REUSE_LINKED	50 seeds x 4 CIF/summary/full-data files present	/storage9920/home/tinghao.xia/Data_V1/train/3nj6	/storage9920/home/tinghao.xia/Data_V2/train/3nj6
3NPN	train	COMPLETE_REBASABLE	COMPLETE_50X4	COMPLETE_50X4	ALREADY_LINKED	REUSE_LINKED	50 seeds x 4 CIF/summary/full-data files present	/storage9920/home/tinghao.xia/Data_V1/train/3npn	/storage9920/home/tinghao.xia/Data_V2/train/3npn
3PHP	train	COMPLETE_REBASABLE	COMPLETE_50X4	COMPLETE_50X4	ALREADY_LINKED	REUSE_LINKED	50 seeds x 4 CIF/summary/full-data files present	/storage9920/home/tinghao.xia/Data_V1/train/3php	/storage9920/home/tinghao.xia/Data_V2/train/3php
3Q50	train	COMPLETE_REBASABLE	COMPLETE_50X4	COMPLETE_50X4	ALREADY_LINKED	REUSE_LINKED	50 seeds x 4 CIF/summary/full-data files present	/storage9920/home/tinghao.xia/Data_V1/train/3q50	/storage9920/home/tinghao.xia/Data_V2/train/3q50
3Q51	train	COMPLETE_REBASABLE	COMPLETE_50X4	COMPLETE_50X4	ALREADY_LINKED	REUSE_LINKED	50 seeds x 4 CIF/summary/full-data files present	/storage9920/home/tinghao.xia/Data_V1/train/3q51	/storage9920/home/tinghao.xia/Data_V2/train/3q51
3R4F	train	COMPLETE_REBASABLE	COMPLETE_50X4	COMPLETE_50X4	ALREADY_LINKED	REUSE_LINKED	50 seeds x 4 CIF/summary/full-data files present	/storage9920/home/tinghao.xia/Data_V1/train/3r4f	/storage9920/home/tinghao.xia/Data_V2/train/3r4f
3S7C	train	COMPLETE_REBASABLE	COMPLETE_50X4	COMPLETE_50X4	ALREADY_LINKED	REUSE_LINKED	50 seeds x 4 CIF/summary/full-data files present	/storage9920/home/tinghao.xia/Data_V1/train/3s7c	/storage9920/home/tinghao.xia/Data_V2/train/3s7c
3S8U	train	COMPLETE_REBASABLE	COMPLETE_50X4	COMPLETE_50X4	ALREADY_LINKED	REUSE_LINKED	50 seeds x 4 CIF/summary/full-data files present	/storage9920/home/tinghao.xia/Data_V1/train/3s8u	/storage9920/home/tinghao.xia/Data_V2/train/3s8u
3SD3	train	COMPLETE_REBASABLE	COMPLETE_50X4	COMPLETE_50X4	ALREADY_LINKED	REUSE_LINKED	50 seeds x 4 CIF/summary/full-data files present	/storage9920/home/tinghao.xia/Data_V1/train/3sd3	/storage9920/home/tinghao.xia/Data_V2/train/3sd3
3SUH	train	COMPLETE_REBASABLE	COMPLETE_50X4	COMPLETE_50X4	ALREADY_LINKED	REUSE_LINKED	50 seeds x 4 CIF/summary/full-data files present	/storage9920/home/tinghao.xia/Data_V1/train/3suh	/storage9920/home/tinghao.xia/Data_V2/train/3suh
3SUX	train	COMPLETE_REBASABLE	COMPLETE_50X4	COMPLETE_50X4	ALREADY_LINKED	REUSE_LINKED	50 seeds x 4 CIF/summary/full-data files present	/storage9920/home/tinghao.xia/Data_V1/train/3sux	/storage9920/home/tinghao.xia/Data_V2/train/3sux
3SUY	train	COMPLETE_REBASABLE	COMPLETE_50X4	COMPLETE_50X4	ALREADY_LINKED	REUSE_LINKED	50 seeds x 4 CIF/summary/full-data files present	/storage9920/home/tinghao.xia/Data_V1/train/3suy	/storage9920/home/tinghao.xia/Data_V2/train/3suy
3T4B	train	COMPLETE_REBASABLE	COMPLETE_50X4	COMPLETE_50X4	ALREADY_LINKED	REUSE_LINKED	50 seeds x 4 CIF/summary/full-data files present	/storage9920/home/tinghao.xia/Data_V1/train/3t4b	/storage9920/home/tinghao.xia/Data_V2/train/3t4b
3TRA	train	COMPLETE_REBASABLE	COMPLETE_50X4	COMPLETE_50X4	ALREADY_LINKED	REUSE_LINKED	50 seeds x 4 CIF/summary/full-data files present	/storage9920/home/tinghao.xia/Data_V1/train/3tra	/storage9920/home/tinghao.xia/Data_V2/train/3tra
3VRS	train	COMPLETE_REBASABLE	COMPLETE_50X4	COMPLETE_50X4	ALREADY_LINKED	REUSE_LINKED	50 seeds x 4 CIF/summary/full-data files present	/storage9920/home/tinghao.xia/Data_V1/train/3vrs	/storage9920/home/tinghao.xia/Data_V2/train/3vrs
413D	train	COMPLETE_REBASABLE	COMPLETE_50X4	COMPLETE_50X4	ALREADY_LINKED	REUSE_LINKED	50 seeds x 4 CIF/summary/full-data files present	/storage9920/home/tinghao.xia/Data_V1/train/413d	/storage9920/home/tinghao.xia/Data_V2/train/413d
430D	train	COMPLETE_REBASABLE	COMPLETE_50X4	COMPLETE_50X4	ALREADY_LINKED	REUSE_LINKED	50 seeds x 4 CIF/summary/full-data files present	/storage9920/home/tinghao.xia/Data_V1/train/430d	/storage9920/home/tinghao.xia/Data_V2/train/430d
437D	train	COMPLETE	COMPLETE_50X4	COMPLETE_50X4	ALREADY_LINKED	REUSE_LINKED	50 seeds x 4 CIF/summary/full-data files present	/storage9920/home/tinghao.xia/Data_V1/train/437d	/storage9920/home/tinghao.xia/Data_V2/train/437d
480D	train	COMPLETE_REBASABLE	COMPLETE_50X4	COMPLETE_50X4	ALREADY_LINKED	REUSE_LINKED	50 seeds x 4 CIF/summary/full-data files present	/storage9920/home/tinghao.xia/Data_V1/train/480d	/storage9920/home/tinghao.xia/Data_V2/train/480d
483D	train	COMPLETE_REBASABLE	COMPLETE_50X4	COMPLETE_50X4	ALREADY_LINKED	REUSE_LINKED	50 seeds x 4 CIF/summary/full-data files present	/storage9920/home/tinghao.xia/Data_V1/train/483d	/storage9920/home/tinghao.xia/Data_V2/train/483d
4A4R	train	COMPLETE_REBASABLE	COMPLETE_50X4	COMPLETE_50X4	ALREADY_LINKED	REUSE_LINKED	50 seeds x 4 CIF/summary/full-data files present	/storage9920/home/tinghao.xia/Data_V1/train/4a4r	/storage9920/home/tinghao.xia/Data_V2/train/4a4r
4A4S	train	COMPLETE_REBASABLE	COMPLETE_50X4	COMPLETE_50X4	ALREADY_LINKED	REUSE_LINKED	50 seeds x 4 CIF/summary/full-data files present	/storage9920/home/tinghao.xia/Data_V1/train/4a4s	/storage9920/home/tinghao.xia/Data_V2/train/4a4s
4A4T	train	COMPLETE_REBASABLE	COMPLETE_50X4	COMPLETE_50X4	ALREADY_LINKED	REUSE_LINKED	50 seeds x 4 CIF/summary/full-data files present	/storage9920/home/tinghao.xia/Data_V1/train/4a4t	/storage9920/home/tinghao.xia/Data_V2/train/4a4t
4A4U	train	COMPLETE_REBASABLE	COMPLETE_50X4	COMPLETE_50X4	ALREADY_LINKED	REUSE_LINKED	50 seeds x 4 CIF/summary/full-data files present	/storage9920/home/tinghao.xia/Data_V1/train/4a4u	/storage9920/home/tinghao.xia/Data_V2/train/4a4u
4AOB	train	COMPLETE_REBASABLE	COMPLETE_50X4	COMPLETE_50X4	ALREADY_LINKED	REUSE_LINKED	50 seeds x 4 CIF/summary/full-data files present	/storage9920/home/tinghao.xia/Data_V1/train/4aob	/storage9920/home/tinghao.xia/Data_V2/train/4aob
4B5R	train	COMPLETE_REBASABLE	COMPLETE_50X4	COMPLETE_50X4	ALREADY_LINKED	REUSE_LINKED	50 seeds x 4 CIF/summary/full-data files present	/storage9920/home/tinghao.xia/Data_V1/train/4b5r	/storage9920/home/tinghao.xia/Data_V2/train/4b5r
4C40	train	COMPLETE_REBASABLE	COMPLETE_50X4	COMPLETE_50X4	ALREADY_LINKED	REUSE_LINKED	50 seeds x 4 CIF/summary/full-data files present	/storage9920/home/tinghao.xia/Data_V1/train/4c40	/storage9920/home/tinghao.xia/Data_V2/train/4c40
4C4Q	train	COMPLETE				NEW_PREDICTION_REQUIRED	No V1 50x4 prediction run membership		/storage9920/home/tinghao.xia/Data_V2/train/4c4q
4CS1	train	COMPLETE_REBASABLE	COMPLETE_50X4	COMPLETE_50X4	ALREADY_LINKED	REUSE_LINKED	50 seeds x 4 CIF/summary/full-data files present	/storage9920/home/tinghao.xia/Data_V1/train/4cs1	/storage9920/home/tinghao.xia/Data_V2/train/4cs1
4DS6	train	COMPLETE_REBASABLE	COMPLETE_50X4	COMPLETE_50X4	ALREADY_LINKED	REUSE_LINKED	50 seeds x 4 CIF/summary/full-data files present	/storage9920/home/tinghao.xia/Data_V1/train/4ds6	/storage9920/home/tinghao.xia/Data_V2/train/4ds6
4E8M	train	COMPLETE_REBASABLE	COMPLETE_50X4	COMPLETE_50X4	ALREADY_LINKED	REUSE_LINKED	50 seeds x 4 CIF/summary/full-data files present	/storage9920/home/tinghao.xia/Data_V1/train/4e8m	/storage9920/home/tinghao.xia/Data_V2/train/4e8m
4E8N	train	COMPLETE_REBASABLE	COMPLETE_50X4	COMPLETE_50X4	ALREADY_LINKED	REUSE_LINKED	50 seeds x 4 CIF/summary/full-data files present	/storage9920/home/tinghao.xia/Data_V1/train/4e8n	/storage9920/home/tinghao.xia/Data_V2/train/4e8n
4E8P	train	COMPLETE_REBASABLE	COMPLETE_50X4	COMPLETE_50X4	ALREADY_LINKED	REUSE_LINKED	50 seeds x 4 CIF/summary/full-data files present	/storage9920/home/tinghao.xia/Data_V1/train/4e8p	/storage9920/home/tinghao.xia/Data_V2/train/4e8p
4E8Q	train	COMPLETE_REBASABLE	COMPLETE_50X4	COMPLETE_50X4	ALREADY_LINKED	REUSE_LINKED	50 seeds x 4 CIF/summary/full-data files present	/storage9920/home/tinghao.xia/Data_V1/train/4e8q	/storage9920/home/tinghao.xia/Data_V2/train/4e8q
4E8R	train	COMPLETE_REBASABLE	COMPLETE_50X4	COMPLETE_50X4	ALREADY_LINKED	REUSE_LINKED	50 seeds x 4 CIF/summary/full-data files present	/storage9920/home/tinghao.xia/Data_V1/train/4e8r	/storage9920/home/tinghao.xia/Data_V2/train/4e8r
4E8V	train	COMPLETE_REBASABLE	COMPLETE_50X4	COMPLETE_50X4	ALREADY_LINKED	REUSE_LINKED	50 seeds x 4 CIF/summary/full-data files present	/storage9920/home/tinghao.xia/Data_V1/train/4e8v	/storage9920/home/tinghao.xia/Data_V2/train/4e8v
4EN5	train	COMPLETE_REBASABLE	COMPLETE_50X4	COMPLETE_50X4	ALREADY_LINKED	REUSE_LINKED	50 seeds x 4 CIF/summary/full-data files present	/storage9920/home/tinghao.xia/Data_V1/train/4en5	/storage9920/home/tinghao.xia/Data_V2/train/4en5
4ENA	train	COMPLETE_REBASABLE	COMPLETE_50X4	COMPLETE_50X4	ALREADY_LINKED	REUSE_LINKED	50 seeds x 4 CIF/summary/full-data files present	/storage9920/home/tinghao.xia/Data_V1/train/4ena	/storage9920/home/tinghao.xia/Data_V2/train/4ena
4ENB	train	COMPLETE_REBASABLE	COMPLETE_50X4	COMPLETE_50X4	ALREADY_LINKED	REUSE_LINKED	50 seeds x 4 CIF/summary/full-data files present	/storage9920/home/tinghao.xia/Data_V1/train/4enb	/storage9920/home/tinghao.xia/Data_V2/train/4enb
4ENC	train	COMPLETE_REBASABLE	COMPLETE_50X4	COMPLETE_50X4	ALREADY_LINKED	REUSE_LINKED	50 seeds x 4 CIF/summary/full-data files present	/storage9920/home/tinghao.xia/Data_V1/train/4enc	/storage9920/home/tinghao.xia/Data_V2/train/4enc
4ERJ	train	COMPLETE_REBASABLE	COMPLETE_50X4	COMPLETE_50X4	ALREADY_LINKED	REUSE_LINKED	50 seeds x 4 CIF/summary/full-data files present	/storage9920/home/tinghao.xia/Data_V1/train/4erj	/storage9920/home/tinghao.xia/Data_V2/train/4erj
4ERL	train	COMPLETE_REBASABLE	COMPLETE_50X4	COMPLETE_50X4	ALREADY_LINKED	REUSE_LINKED	50 seeds x 4 CIF/summary/full-data files present	/storage9920/home/tinghao.xia/Data_V1/train/4erl	/storage9920/home/tinghao.xia/Data_V2/train/4erl
4FAQ	train	COMPLETE_REBASABLE	COMPLETE_50X4	COMPLETE_50X4	ALREADY_LINKED	REUSE_LINKED	50 seeds x 4 CIF/summary/full-data files present	/storage9920/home/tinghao.xia/Data_V1/train/4faq	/storage9920/home/tinghao.xia/Data_V2/train/4faq
4FAU	train	COMPLETE_REBASABLE	COMPLETE_50X4	COMPLETE_50X4	ALREADY_LINKED	REUSE_LINKED	50 seeds x 4 CIF/summary/full-data files present	/storage9920/home/tinghao.xia/Data_V1/train/4fau	/storage9920/home/tinghao.xia/Data_V2/train/4fau
4FAX	train	COMPLETE_REBASABLE	COMPLETE_50X4	COMPLETE_50X4	ALREADY_LINKED	REUSE_LINKED	50 seeds x 4 CIF/summary/full-data files present	/storage9920/home/tinghao.xia/Data_V1/train/4fax	/storage9920/home/tinghao.xia/Data_V2/train/4fax
4FB0	train	COMPLETE_REBASABLE	COMPLETE_50X4	COMPLETE_50X4	ALREADY_LINKED	REUSE_LINKED	50 seeds x 4 CIF/summary/full-data files present	/storage9920/home/tinghao.xia/Data_V1/train/4fb0	/storage9920/home/tinghao.xia/Data_V2/train/4fb0
4FE5	train	COMPLETE_REBASABLE	COMPLETE_50X4	COMPLETE_50X4	ALREADY_LINKED	REUSE_LINKED	50 seeds x 4 CIF/summary/full-data files present	/storage9920/home/tinghao.xia/Data_V1/train/4fe5	/storage9920/home/tinghao.xia/Data_V2/train/4fe5
4FEJ	train	COMPLETE_REBASABLE	COMPLETE_50X4	COMPLETE_50X4	ALREADY_LINKED	REUSE_LINKED	50 seeds x 4 CIF/summary/full-data files present	/storage9920/home/tinghao.xia/Data_V1/train/4fej	/storage9920/home/tinghao.xia/Data_V2/train/4fej
4FEL	train	COMPLETE_REBASABLE	COMPLETE_50X4	COMPLETE_50X4	ALREADY_LINKED	REUSE_LINKED	50 seeds x 4 CIF/summary/full-data files present	/storage9920/home/tinghao.xia/Data_V1/train/4fel	/storage9920/home/tinghao.xia/Data_V2/train/4fel
4FEN	train	COMPLETE_REBASABLE	COMPLETE_50X4	COMPLETE_50X4	ALREADY_LINKED	REUSE_LINKED	50 seeds x 4 CIF/summary/full-data files present	/storage9920/home/tinghao.xia/Data_V1/train/4fen	/storage9920/home/tinghao.xia/Data_V2/train/4fen
4FEO	train	COMPLETE_REBASABLE	COMPLETE_50X4	COMPLETE_50X4	ALREADY_LINKED	REUSE_LINKED	50 seeds x 4 CIF/summary/full-data files present	/storage9920/home/tinghao.xia/Data_V1/train/4feo	/storage9920/home/tinghao.xia/Data_V2/train/4feo
4FEP	train	COMPLETE_REBASABLE	COMPLETE_50X4	COMPLETE_50X4	ALREADY_LINKED	REUSE_LINKED	50 seeds x 4 CIF/summary/full-data files present	/storage9920/home/tinghao.xia/Data_V1/train/4fep	/storage9920/home/tinghao.xia/Data_V2/train/4fep
4FNJ	train	COMPLETE_REBASABLE	COMPLETE_50X4	COMPLETE_50X4	ALREADY_LINKED	REUSE_LINKED	50 seeds x 4 CIF/summary/full-data files present	/storage9920/home/tinghao.xia/Data_V1/train/4fnj	/storage9920/home/tinghao.xia/Data_V2/train/4fnj
4GMA	train	COMPLETE_REBASABLE	COMPLETE_50X4	COMPLETE_50X4	ALREADY_LINKED	REUSE_LINKED	50 seeds x 4 CIF/summary/full-data files present	/storage9920/home/tinghao.xia/Data_V1/train/4gma	/storage9920/home/tinghao.xia/Data_V2/train/4gma
4GXY	train	COMPLETE_REBASABLE	COMPLETE_50X4	COMPLETE_50X4	ALREADY_LINKED	REUSE_LINKED	50 seeds x 4 CIF/summary/full-data files present	/storage9920/home/tinghao.xia/Data_V1/train/4gxy	/storage9920/home/tinghao.xia/Data_V2/train/4gxy
4JF2	train	COMPLETE_REBASABLE	COMPLETE_50X4	COMPLETE_50X4	ALREADY_LINKED	REUSE_LINKED	50 seeds x 4 CIF/summary/full-data files present	/storage9920/home/tinghao.xia/Data_V1/train/4jf2	/storage9920/home/tinghao.xia/Data_V2/train/4jf2
4JIY	train	COMPLETE_REBASABLE				NEW_PREDICTION_REQUIRED	No V1 50x4 prediction run membership		/storage9920/home/tinghao.xia/Data_V2/train/4jiy
4K27	train	COMPLETE_REBASABLE	COMPLETE_50X4	COMPLETE_50X4	ALREADY_LINKED	REUSE_LINKED	50 seeds x 4 CIF/summary/full-data files present	/storage9920/home/tinghao.xia/Data_V1/train/4k27	/storage9920/home/tinghao.xia/Data_V2/train/4k27
4KQY	train	COMPLETE_REBASABLE	COMPLETE_50X4	COMPLETE_50X4	ALREADY_LINKED	REUSE_LINKED	50 seeds x 4 CIF/summary/full-data files present	/storage9920/home/tinghao.xia/Data_V1/train/4kqy	/storage9920/home/tinghao.xia/Data_V2/train/4kqy
4L81	train	COMPLETE_REBASABLE	COMPLETE_50X4	COMPLETE_50X4	ALREADY_LINKED	REUSE_LINKED	50 seeds x 4 CIF/summary/full-data files present	/storage9920/home/tinghao.xia/Data_V1/train/4l81	/storage9920/home/tinghao.xia/Data_V2/train/4l81
4LVV	train	COMPLETE_REBASABLE	COMPLETE_50X4	COMPLETE_50X4	ALREADY_LINKED	REUSE_LINKED	50 seeds x 4 CIF/summary/full-data files present	/storage9920/home/tinghao.xia/Data_V1/train/4lvv	/storage9920/home/tinghao.xia/Data_V2/train/4lvv
4LVW	train	COMPLETE_REBASABLE	COMPLETE_50X4	COMPLETE_50X4	ALREADY_LINKED	REUSE_LINKED	50 seeds x 4 CIF/summary/full-data files present	/storage9920/home/tinghao.xia/Data_V1/train/4lvw	/storage9920/home/tinghao.xia/Data_V2/train/4lvw
4LVX	train	COMPLETE_REBASABLE	COMPLETE_50X4	COMPLETE_50X4	ALREADY_LINKED	REUSE_LINKED	50 seeds x 4 CIF/summary/full-data files present	/storage9920/home/tinghao.xia/Data_V1/train/4lvx	/storage9920/home/tinghao.xia/Data_V2/train/4lvx
4LVY	train	COMPLETE_REBASABLE	COMPLETE_50X4	COMPLETE_50X4	ALREADY_LINKED	REUSE_LINKED	50 seeds x 4 CIF/summary/full-data files present	/storage9920/home/tinghao.xia/Data_V1/train/4lvy	/storage9920/home/tinghao.xia/Data_V2/train/4lvy
4LVZ	train	COMPLETE_REBASABLE	COMPLETE_50X4	COMPLETE_50X4	ALREADY_LINKED	REUSE_LINKED	50 seeds x 4 CIF/summary/full-data files present	/storage9920/home/tinghao.xia/Data_V1/train/4lvz	/storage9920/home/tinghao.xia/Data_V2/train/4lvz
4LW0	train	COMPLETE_REBASABLE	COMPLETE_50X4	COMPLETE_50X4	ALREADY_LINKED	REUSE_LINKED	50 seeds x 4 CIF/summary/full-data files present	/storage9920/home/tinghao.xia/Data_V1/train/4lw0	/storage9920/home/tinghao.xia/Data_V2/train/4lw0
4LX5	train	COMPLETE_REBASABLE	COMPLETE_50X4	COMPLETE_50X4	ALREADY_LINKED	REUSE_LINKED	50 seeds x 4 CIF/summary/full-data files present	/storage9920/home/tinghao.xia/Data_V1/train/4lx5	/storage9920/home/tinghao.xia/Data_V2/train/4lx5
4LX6	train	COMPLETE_REBASABLE	COMPLETE_50X4	COMPLETE_50X4	ALREADY_LINKED	REUSE_LINKED	50 seeds x 4 CIF/summary/full-data files present	/storage9920/home/tinghao.xia/Data_V1/train/4lx6	/storage9920/home/tinghao.xia/Data_V2/train/4lx6
4MS9	train	COMPLETE_REBASABLE	COMPLETE_50X4	COMPLETE_50X4	ALREADY_LINKED	REUSE_LINKED	50 seeds x 4 CIF/summary/full-data files present	/storage9920/home/tinghao.xia/Data_V1/train/4ms9	/storage9920/home/tinghao.xia/Data_V2/train/4ms9
4NLF	train	COMPLETE	COMPLETE_50X4	COMPLETE_50X4	ALREADY_LINKED	REUSE_LINKED	50 seeds x 4 CIF/summary/full-data files present	/storage9920/home/tinghao.xia/Data_V1/train/4nlf	/storage9920/home/tinghao.xia/Data_V2/train/4nlf
4NMG	train	COMPLETE	COMPLETE_50X4	COMPLETE_50X4	ALREADY_LINKED	REUSE_LINKED	50 seeds x 4 CIF/summary/full-data files present	/storage9920/home/tinghao.xia/Data_V1/train/4nmg	/storage9920/home/tinghao.xia/Data_V2/train/4nmg
4NXH	train	COMPLETE	COMPLETE_50X4	COMPLETE_50X4	ALREADY_LINKED	REUSE_LINKED	50 seeds x 4 CIF/summary/full-data files present	/storage9920/home/tinghao.xia/Data_V1/train/4nxh	/storage9920/home/tinghao.xia/Data_V2/train/4nxh
4NYB	train	COMPLETE_REBASABLE	COMPLETE_50X4	COMPLETE_50X4	ALREADY_LINKED	REUSE_LINKED	50 seeds x 4 CIF/summary/full-data files present	/storage9920/home/tinghao.xia/Data_V1/train/4nyb	/storage9920/home/tinghao.xia/Data_V2/train/4nyb
4NYC	train	COMPLETE_REBASABLE	COMPLETE_50X4	COMPLETE_50X4	ALREADY_LINKED	REUSE_LINKED	50 seeds x 4 CIF/summary/full-data files present	/storage9920/home/tinghao.xia/Data_V1/train/4nyc	/storage9920/home/tinghao.xia/Data_V2/train/4nyc
4NYD	train	COMPLETE_REBASABLE	COMPLETE_50X4	COMPLETE_50X4	ALREADY_LINKED	REUSE_LINKED	50 seeds x 4 CIF/summary/full-data files present	/storage9920/home/tinghao.xia/Data_V1/train/4nyd	/storage9920/home/tinghao.xia/Data_V2/train/4nyd
4NYG	train	COMPLETE_REBASABLE	COMPLETE_50X4	COMPLETE_50X4	ALREADY_LINKED	REUSE_LINKED	50 seeds x 4 CIF/summary/full-data files present	/storage9920/home/tinghao.xia/Data_V1/train/4nyg	/storage9920/home/tinghao.xia/Data_V2/train/4nyg
4OJI	train	COMPLETE_REBASABLE	COMPLETE_50X4	COMPLETE_50X4	ALREADY_LINKED	REUSE_LINKED	50 seeds x 4 CIF/summary/full-data files present	/storage9920/home/tinghao.xia/Data_V1/train/4oji	/storage9920/home/tinghao.xia/Data_V2/train/4oji
4OQU	train	COMPLETE_REBASABLE	COMPLETE_50X4	COMPLETE_50X4	ALREADY_LINKED	REUSE_LINKED	50 seeds x 4 CIF/summary/full-data files present	/storage9920/home/tinghao.xia/Data_V1/train/4oqu	/storage9920/home/tinghao.xia/Data_V2/train/4oqu
4P5J	train	COMPLETE_REBASABLE	COMPLETE_50X4	COMPLETE_50X4	ALREADY_LINKED	REUSE_LINKED	50 seeds x 4 CIF/summary/full-data files present	/storage9920/home/tinghao.xia/Data_V1/train/4p5j	/storage9920/home/tinghao.xia/Data_V2/train/4p5j
4P8Z	train	COMPLETE_REBASABLE	COMPLETE_50X4	COMPLETE_50X4	ALREADY_LINKED	REUSE_LINKED	50 seeds x 4 CIF/summary/full-data files present	/storage9920/home/tinghao.xia/Data_V1/train/4p8z	/storage9920/home/tinghao.xia/Data_V2/train/4p8z
4P9R	train	COMPLETE_REBASABLE	COMPLETE_50X4	COMPLETE_50X4	ALREADY_LINKED	REUSE_LINKED	50 seeds x 4 CIF/summary/full-data files present	/storage9920/home/tinghao.xia/Data_V1/train/4p9r	/storage9920/home/tinghao.xia/Data_V2/train/4p9r
4PCJ	train	COMPLETE_REBASABLE	COMPLETE_50X4	COMPLETE_50X4	ALREADY_LINKED	REUSE_LINKED	50 seeds x 4 CIF/summary/full-data files present	/storage9920/home/tinghao.xia/Data_V1/train/4pcj	/storage9920/home/tinghao.xia/Data_V2/train/4pcj
4PQV	train	COMPLETE_REBASABLE	COMPLETE_50X4	COMPLETE_50X4	ALREADY_LINKED	REUSE_LINKED	50 seeds x 4 CIF/summary/full-data files present	/storage9920/home/tinghao.xia/Data_V1/train/4pqv	/storage9920/home/tinghao.xia/Data_V2/train/4pqv
4QK8	train	COMPLETE_REBASABLE	COMPLETE_50X4	COMPLETE_50X4	ALREADY_LINKED	REUSE_LINKED	50 seeds x 4 CIF/summary/full-data files present	/storage9920/home/tinghao.xia/Data_V1/train/4qk8	/storage9920/home/tinghao.xia/Data_V2/train/4qk8
4QK9	train	COMPLETE_REBASABLE	COMPLETE_50X4	COMPLETE_50X4	ALREADY_LINKED	REUSE_LINKED	50 seeds x 4 CIF/summary/full-data files present	/storage9920/home/tinghao.xia/Data_V1/train/4qk9	/storage9920/home/tinghao.xia/Data_V2/train/4qk9
4QKA	train	COMPLETE_REBASABLE	COMPLETE_50X4	COMPLETE_50X4	ALREADY_LINKED	REUSE_LINKED	50 seeds x 4 CIF/summary/full-data files present	/storage9920/home/tinghao.xia/Data_V1/train/4qka	/storage9920/home/tinghao.xia/Data_V2/train/4qka
4QLM	train	COMPLETE_REBASABLE	COMPLETE_50X4	COMPLETE_50X4	ALREADY_LINKED	REUSE_LINKED	50 seeds x 4 CIF/summary/full-data files present	/storage9920/home/tinghao.xia/Data_V1/train/4qlm	/storage9920/home/tinghao.xia/Data_V2/train/4qlm
4QLN	train	COMPLETE_REBASABLE	COMPLETE_50X4	COMPLETE_50X4	ALREADY_LINKED	REUSE_LINKED	50 seeds x 4 CIF/summary/full-data files present	/storage9920/home/tinghao.xia/Data_V1/train/4qln	/storage9920/home/tinghao.xia/Data_V2/train/4qln
4R4P	train	COMPLETE_REBASABLE	COMPLETE_50X4	COMPLETE_50X4	ALREADY_LINKED	REUSE_LINKED	50 seeds x 4 CIF/summary/full-data files present	/storage9920/home/tinghao.xia/Data_V1/train/4r4p	/storage9920/home/tinghao.xia/Data_V2/train/4r4p
4R4V	train	COMPLETE_REBASABLE	COMPLETE_50X4	COMPLETE_50X4	ALREADY_LINKED	REUSE_LINKED	50 seeds x 4 CIF/summary/full-data files present	/storage9920/home/tinghao.xia/Data_V1/train/4r4v	/storage9920/home/tinghao.xia/Data_V2/train/4r4v
4RBQ	train	COMPLETE_REBASABLE				NEW_PREDICTION_REQUIRED	No V1 50x4 prediction run membership		/storage9920/home/tinghao.xia/Data_V2/train/4rbq
4RBY	train	COMPLETE_REBASABLE	COMPLETE_50X4	COMPLETE_50X4	ALREADY_LINKED	REUSE_LINKED	50 seeds x 4 CIF/summary/full-data files present	/storage9920/home/tinghao.xia/Data_V1/train/4rby	/storage9920/home/tinghao.xia/Data_V2/train/4rby
4RBZ	train	COMPLETE_REBASABLE	COMPLETE_50X4	COMPLETE_50X4	ALREADY_LINKED	REUSE_LINKED	50 seeds x 4 CIF/summary/full-data files present	/storage9920/home/tinghao.xia/Data_V1/train/4rbz	/storage9920/home/tinghao.xia/Data_V2/train/4rbz
4RC0	train	COMPLETE_REBASABLE	COMPLETE_50X4	COMPLETE_50X4	ALREADY_LINKED	REUSE_LINKED	50 seeds x 4 CIF/summary/full-data files present	/storage9920/home/tinghao.xia/Data_V1/train/4rc0	/storage9920/home/tinghao.xia/Data_V2/train/4rc0
4RUM	train	COMPLETE_REBASABLE	COMPLETE_50X4	COMPLETE_50X4	ALREADY_LINKED	REUSE_LINKED	50 seeds x 4 CIF/summary/full-data files present	/storage9920/home/tinghao.xia/Data_V1/train/4rum	/storage9920/home/tinghao.xia/Data_V2/train/4rum
4RZD	train	COMPLETE_REBASABLE	COMPLETE_50X4	COMPLETE_50X4	ALREADY_LINKED	REUSE_LINKED	50 seeds x 4 CIF/summary/full-data files present	/storage9920/home/tinghao.xia/Data_V1/train/4rzd	/storage9920/home/tinghao.xia/Data_V2/train/4rzd
4TNA	train	COMPLETE_REBASABLE	COMPLETE_50X4	COMPLETE_50X4	ALREADY_LINKED	REUSE_LINKED	50 seeds x 4 CIF/summary/full-data files present	/storage9920/home/tinghao.xia/Data_V1/train/4tna	/storage9920/home/tinghao.xia/Data_V2/train/4tna
4TRA	train	COMPLETE_REBASABLE	COMPLETE_50X4	COMPLETE_50X4	ALREADY_LINKED	REUSE_LINKED	50 seeds x 4 CIF/summary/full-data files present	/storage9920/home/tinghao.xia/Data_V1/train/4tra	/storage9920/home/tinghao.xia/Data_V2/train/4tra
4TZX	train	COMPLETE_REBASABLE	COMPLETE_50X4	COMPLETE_50X4	ALREADY_LINKED	REUSE_LINKED	50 seeds x 4 CIF/summary/full-data files present	/storage9920/home/tinghao.xia/Data_V1/train/4tzx	/storage9920/home/tinghao.xia/Data_V2/train/4tzx
4TZY	train	COMPLETE_REBASABLE	COMPLETE_50X4	COMPLETE_50X4	ALREADY_LINKED	REUSE_LINKED	50 seeds x 4 CIF/summary/full-data files present	/storage9920/home/tinghao.xia/Data_V1/train/4tzy	/storage9920/home/tinghao.xia/Data_V2/train/4tzy
4WFL	train	COMPLETE_REBASABLE	COMPLETE_50X4	COMPLETE_50X4	ALREADY_LINKED	REUSE_LINKED	50 seeds x 4 CIF/summary/full-data files present	/storage9920/home/tinghao.xia/Data_V1/train/4wfl	/storage9920/home/tinghao.xia/Data_V2/train/4wfl
4XNR	train	COMPLETE_REBASABLE	COMPLETE_50X4	COMPLETE_50X4	ALREADY_LINKED	REUSE_LINKED	50 seeds x 4 CIF/summary/full-data files present	/storage9920/home/tinghao.xia/Data_V1/train/4xnr	/storage9920/home/tinghao.xia/Data_V2/train/4xnr
4XW1	train	COMPLETE_REBASABLE	COMPLETE_50X4	COMPLETE_50X4	ALREADY_LINKED	REUSE_LINKED	50 seeds x 4 CIF/summary/full-data files present	/storage9920/home/tinghao.xia/Data_V1/train/4xw1	/storage9920/home/tinghao.xia/Data_V2/train/4xw1
4XW7	train	COMPLETE_REBASABLE	COMPLETE_50X4	COMPLETE_50X4	ALREADY_LINKED	REUSE_LINKED	50 seeds x 4 CIF/summary/full-data files present	/storage9920/home/tinghao.xia/Data_V1/train/4xw7	/storage9920/home/tinghao.xia/Data_V2/train/4xw7
4XWF	train	COMPLETE_REBASABLE	COMPLETE_50X4	COMPLETE_50X4	ALREADY_LINKED	REUSE_LINKED	50 seeds x 4 CIF/summary/full-data files present	/storage9920/home/tinghao.xia/Data_V1/train/4xwf	/storage9920/home/tinghao.xia/Data_V2/train/4xwf
4Y27	train	COMPLETE_REBASABLE	COMPLETE_50X4	COMPLETE_50X4	ALREADY_LINKED	REUSE_LINKED	50 seeds x 4 CIF/summary/full-data files present	/storage9920/home/tinghao.xia/Data_V1/train/4y27	/storage9920/home/tinghao.xia/Data_V2/train/4y27
5A17	train	COMPLETE_REBASABLE	COMPLETE_50X4	COMPLETE_50X4	ALREADY_LINKED	REUSE_LINKED	50 seeds x 4 CIF/summary/full-data files present	/storage9920/home/tinghao.xia/Data_V1/train/5a17	/storage9920/home/tinghao.xia/Data_V2/train/5a17
5A18	train	COMPLETE_REBASABLE	COMPLETE_50X4	COMPLETE_50X4	ALREADY_LINKED	REUSE_LINKED	50 seeds x 4 CIF/summary/full-data files present	/storage9920/home/tinghao.xia/Data_V1/train/5a18	/storage9920/home/tinghao.xia/Data_V2/train/5a18
5C5W	train	COMPLETE_REBASABLE				NEW_PREDICTION_REQUIRED	No V1 50x4 prediction run membership		/storage9920/home/tinghao.xia/Data_V2/train/5c5w
5C7U	train	COMPLETE_REBASABLE	COMPLETE_50X4	COMPLETE_50X4	ALREADY_LINKED	REUSE_LINKED	50 seeds x 4 CIF/summary/full-data files present	/storage9920/home/tinghao.xia/Data_V1/train/5c7u	/storage9920/home/tinghao.xia/Data_V2/train/5c7u
5C7W	train	COMPLETE_REBASABLE	COMPLETE_50X4	COMPLETE_50X4	ALREADY_LINKED	REUSE_LINKED	50 seeds x 4 CIF/summary/full-data files present	/storage9920/home/tinghao.xia/Data_V1/train/5c7w	/storage9920/home/tinghao.xia/Data_V2/train/5c7w
5D99	train	COMPLETE_REBASABLE	COMPLETE_50X4	COMPLETE_50X4	ALREADY_LINKED	REUSE_LINKED	50 seeds x 4 CIF/summary/full-data files present	/storage9920/home/tinghao.xia/Data_V1/train/5d99	/storage9920/home/tinghao.xia/Data_V2/train/5d99
5DA6	train	COMPLETE_REBASABLE				NEW_PREDICTION_REQUIRED	No V1 50x4 prediction run membership		/storage9920/home/tinghao.xia/Data_V2/train/5da6
5DO5	train	COMPLETE_REBASABLE	COMPLETE_50X4	COMPLETE_50X4	ALREADY_LINKED	REUSE_LINKED	50 seeds x 4 CIF/summary/full-data files present	/storage9920/home/tinghao.xia/Data_V1/train/5do5	/storage9920/home/tinghao.xia/Data_V2/train/5do5
5DUN	train	COMPLETE_REBASABLE	COMPLETE_50X4	COMPLETE_50X4	ALREADY_LINKED	REUSE_LINKED	50 seeds x 4 CIF/summary/full-data files present	/storage9920/home/tinghao.xia/Data_V1/train/5dun	/storage9920/home/tinghao.xia/Data_V2/train/5dun
5FJC	train	COMPLETE_REBASABLE	COMPLETE_50X4	COMPLETE_50X4	ALREADY_LINKED	REUSE_LINKED	50 seeds x 4 CIF/summary/full-data files present	/storage9920/home/tinghao.xia/Data_V1/train/5fjc	/storage9920/home/tinghao.xia/Data_V2/train/5fjc
5FK1	train	COMPLETE_REBASABLE	COMPLETE_50X4	COMPLETE_50X4	ALREADY_LINKED	REUSE_LINKED	50 seeds x 4 CIF/summary/full-data files present	/storage9920/home/tinghao.xia/Data_V1/train/5fk1	/storage9920/home/tinghao.xia/Data_V2/train/5fk1
5FK2	train	COMPLETE_REBASABLE	COMPLETE_50X4	COMPLETE_50X4	ALREADY_LINKED	REUSE_LINKED	50 seeds x 4 CIF/summary/full-data files present	/storage9920/home/tinghao.xia/Data_V1/train/5fk2	/storage9920/home/tinghao.xia/Data_V2/train/5fk2
5FK3	train	COMPLETE_REBASABLE	COMPLETE_50X4	COMPLETE_50X4	ALREADY_LINKED	REUSE_LINKED	50 seeds x 4 CIF/summary/full-data files present	/storage9920/home/tinghao.xia/Data_V1/train/5fk3	/storage9920/home/tinghao.xia/Data_V2/train/5fk3
5FK4	train	COMPLETE_REBASABLE	COMPLETE_50X4	COMPLETE_50X4	ALREADY_LINKED	REUSE_LINKED	50 seeds x 4 CIF/summary/full-data files present	/storage9920/home/tinghao.xia/Data_V1/train/5fk4	/storage9920/home/tinghao.xia/Data_V2/train/5fk4
5FK5	train	COMPLETE_REBASABLE	COMPLETE_50X4	COMPLETE_50X4	ALREADY_LINKED	REUSE_LINKED	50 seeds x 4 CIF/summary/full-data files present	/storage9920/home/tinghao.xia/Data_V1/train/5fk5	/storage9920/home/tinghao.xia/Data_V2/train/5fk5
5FK6	train	COMPLETE_REBASABLE	COMPLETE_50X4	COMPLETE_50X4	ALREADY_LINKED	REUSE_LINKED	50 seeds x 4 CIF/summary/full-data files present	/storage9920/home/tinghao.xia/Data_V1/train/5fk6	/storage9920/home/tinghao.xia/Data_V2/train/5fk6
5FKD	train	COMPLETE_REBASABLE	COMPLETE_50X4	COMPLETE_50X4	ALREADY_LINKED	REUSE_LINKED	50 seeds x 4 CIF/summary/full-data files present	/storage9920/home/tinghao.xia/Data_V1/train/5fkd	/storage9920/home/tinghao.xia/Data_V2/train/5fkd
5FKE	train	COMPLETE_REBASABLE	COMPLETE_50X4	COMPLETE_50X4	ALREADY_LINKED	REUSE_LINKED	50 seeds x 4 CIF/summary/full-data files present	/storage9920/home/tinghao.xia/Data_V1/train/5fke	/storage9920/home/tinghao.xia/Data_V2/train/5fke
5FKF	train	COMPLETE_REBASABLE	COMPLETE_50X4	COMPLETE_50X4	ALREADY_LINKED	REUSE_LINKED	50 seeds x 4 CIF/summary/full-data files present	/storage9920/home/tinghao.xia/Data_V1/train/5fkf	/storage9920/home/tinghao.xia/Data_V2/train/5fkf
5FKG	train	COMPLETE_REBASABLE	COMPLETE_50X4	COMPLETE_50X4	ALREADY_LINKED	REUSE_LINKED	50 seeds x 4 CIF/summary/full-data files present	/storage9920/home/tinghao.xia/Data_V1/train/5fkg	/storage9920/home/tinghao.xia/Data_V2/train/5fkg
5FKH	train	COMPLETE_REBASABLE	COMPLETE_50X4	COMPLETE_50X4	ALREADY_LINKED	REUSE_LINKED	50 seeds x 4 CIF/summary/full-data files present	/storage9920/home/tinghao.xia/Data_V1/train/5fkh	/storage9920/home/tinghao.xia/Data_V2/train/5fkh
5G2Y	train	COMPLETE_REBASABLE				NEW_PREDICTION_REQUIRED	No V1 50x4 prediction run membership		/storage9920/home/tinghao.xia/Data_V2/train/5g2y
5HBY	train	COMPLETE_REBASABLE	COMPLETE_50X4	COMPLETE_50X4	ALREADY_LINKED	REUSE_LINKED	50 seeds x 4 CIF/summary/full-data files present	/storage9920/home/tinghao.xia/Data_V1/train/5hby	/storage9920/home/tinghao.xia/Data_V2/train/5hby
5IEM	train	COMPLETE_REBASABLE	COMPLETE_50X4	COMPLETE_50X4	ALREADY_LINKED	REUSE_LINKED	50 seeds x 4 CIF/summary/full-data files present	/storage9920/home/tinghao.xia/Data_V1/train/5iem	/storage9920/home/tinghao.xia/Data_V2/train/5iem
5J01	train	COMPLETE_REBASABLE	COMPLETE_50X4	COMPLETE_50X4	ALREADY_LINKED	REUSE_LINKED	50 seeds x 4 CIF/summary/full-data files present	/storage9920/home/tinghao.xia/Data_V1/train/5j01	/storage9920/home/tinghao.xia/Data_V2/train/5j01
5K8H	train	COMPLETE_REBASABLE				NEW_PREDICTION_REQUIRED	No V1 50x4 prediction run membership		/storage9920/home/tinghao.xia/Data_V2/train/5k8h
5KH8	train	COMPLETE_REBASABLE	COMPLETE_50X4	COMPLETE_50X4	ALREADY_LINKED	REUSE_LINKED	50 seeds x 4 CIF/summary/full-data files present	/storage9920/home/tinghao.xia/Data_V1/train/5kh8	/storage9920/home/tinghao.xia/Data_V2/train/5kh8
5KMZ	train	COMPLETE_REBASABLE	COMPLETE_50X4	COMPLETE_50X4	ALREADY_LINKED	REUSE_LINKED	50 seeds x 4 CIF/summary/full-data files present	/storage9920/home/tinghao.xia/Data_V1/train/5kmz	/storage9920/home/tinghao.xia/Data_V2/train/5kmz
5KPY	train	COMPLETE_REBASABLE	COMPLETE_50X4	COMPLETE_50X4	ALREADY_LINKED	REUSE_LINKED	50 seeds x 4 CIF/summary/full-data files present	/storage9920/home/tinghao.xia/Data_V1/train/5kpy	/storage9920/home/tinghao.xia/Data_V2/train/5kpy
5KQE	train	COMPLETE_REBASABLE	COMPLETE_50X4	COMPLETE_50X4	ALREADY_LINKED	REUSE_LINKED	50 seeds x 4 CIF/summary/full-data files present	/storage9920/home/tinghao.xia/Data_V1/train/5kqe	/storage9920/home/tinghao.xia/Data_V2/train/5kqe
5L4O	train	COMPLETE_REBASABLE	COMPLETE_50X4	COMPLETE_50X4	ALREADY_LINKED	REUSE_LINKED	50 seeds x 4 CIF/summary/full-data files present	/storage9920/home/tinghao.xia/Data_V1/train/5l4o	/storage9920/home/tinghao.xia/Data_V2/train/5l4o
5LSN	train	COMPLETE_REBASABLE	COMPLETE_50X4	COMPLETE_50X4	ALREADY_LINKED	REUSE_LINKED	50 seeds x 4 CIF/summary/full-data files present	/storage9920/home/tinghao.xia/Data_V1/train/5lsn	/storage9920/home/tinghao.xia/Data_V2/train/5lsn
5LWJ	train	COMPLETE_REBASABLE	COMPLETE_50X4	COMPLETE_50X4	ALREADY_LINKED	REUSE_LINKED	50 seeds x 4 CIF/summary/full-data files present	/storage9920/home/tinghao.xia/Data_V1/train/5lwj	/storage9920/home/tinghao.xia/Data_V2/train/5lwj
5M0H	train	COMPLETE_REBASABLE	COMPLETE_50X4	COMPLETE_50X4	ALREADY_LINKED	REUSE_LINKED	50 seeds x 4 CIF/summary/full-data files present	/storage9920/home/tinghao.xia/Data_V1/train/5m0h	/storage9920/home/tinghao.xia/Data_V2/train/5m0h
5MRX	train	COMPLETE_REBASABLE	COMPLETE_50X4	COMPLETE_50X4	ALREADY_LINKED	REUSE_LINKED	50 seeds x 4 CIF/summary/full-data files present	/storage9920/home/tinghao.xia/Data_V1/train/5mrx	/storage9920/home/tinghao.xia/Data_V2/train/5mrx
5MWI	train	COMPLETE_REBASABLE				NEW_PREDICTION_REQUIRED	No V1 50x4 prediction run membership		/storage9920/home/tinghao.xia/Data_V2/train/5mwi
5N5C	train	COMPLETE_REBASABLE	COMPLETE_50X4	COMPLETE_50X4	ALREADY_LINKED	REUSE_LINKED	50 seeds x 4 CIF/summary/full-data files present	/storage9920/home/tinghao.xia/Data_V1/train/5n5c	/storage9920/home/tinghao.xia/Data_V2/train/5n5c
5NEF	train	COMPLETE_REBASABLE	COMPLETE_50X4	COMPLETE_50X4	ALREADY_LINKED	REUSE_LINKED	50 seeds x 4 CIF/summary/full-data files present	/storage9920/home/tinghao.xia/Data_V1/train/5nef	/storage9920/home/tinghao.xia/Data_V2/train/5nef
5NEO	train	COMPLETE_REBASABLE	COMPLETE_50X4	COMPLETE_50X4	ALREADY_LINKED	REUSE_LINKED	50 seeds x 4 CIF/summary/full-data files present	/storage9920/home/tinghao.xia/Data_V1/train/5neo	/storage9920/home/tinghao.xia/Data_V2/train/5neo
5NEP	train	COMPLETE_REBASABLE	COMPLETE_50X4	COMPLETE_50X4	ALREADY_LINKED	REUSE_LINKED	50 seeds x 4 CIF/summary/full-data files present	/storage9920/home/tinghao.xia/Data_V1/train/5nep	/storage9920/home/tinghao.xia/Data_V2/train/5nep
5NEQ	train	COMPLETE_REBASABLE	COMPLETE_50X4	COMPLETE_50X4	ALREADY_LINKED	REUSE_LINKED	50 seeds x 4 CIF/summary/full-data files present	/storage9920/home/tinghao.xia/Data_V1/train/5neq	/storage9920/home/tinghao.xia/Data_V2/train/5neq
5NEX	train	COMPLETE_REBASABLE	COMPLETE_50X4	COMPLETE_50X4	ALREADY_LINKED	REUSE_LINKED	50 seeds x 4 CIF/summary/full-data files present	/storage9920/home/tinghao.xia/Data_V1/train/5nex	/storage9920/home/tinghao.xia/Data_V2/train/5nex
5NOM	train	COMPLETE_REBASABLE	COMPLETE_50X4	COMPLETE_50X4	ALREADY_LINKED	REUSE_LINKED	50 seeds x 4 CIF/summary/full-data files present	/storage9920/home/tinghao.xia/Data_V1/train/5nom	/storage9920/home/tinghao.xia/Data_V2/train/5nom
5NQI	train	COMPLETE_REBASABLE	COMPLETE_50X4	COMPLETE_50X4	ALREADY_LINKED	REUSE_LINKED	50 seeds x 4 CIF/summary/full-data files present	/storage9920/home/tinghao.xia/Data_V1/train/5nqi	/storage9920/home/tinghao.xia/Data_V2/train/5nqi
5NXT	train	COMPLETE_REBASABLE				NEW_PREDICTION_REQUIRED	No V1 50x4 prediction run membership		/storage9920/home/tinghao.xia/Data_V2/train/5nxt
5NZ6	train	COMPLETE_REBASABLE	COMPLETE_50X4	COMPLETE_50X4	ALREADY_LINKED	REUSE_LINKED	50 seeds x 4 CIF/summary/full-data files present	/storage9920/home/tinghao.xia/Data_V1/train/5nz6	/storage9920/home/tinghao.xia/Data_V2/train/5nz6
5OB3	train	COMPLETE_REBASABLE	COMPLETE_50X4	COMPLETE_50X4	ALREADY_LINKED	REUSE_LINKED	50 seeds x 4 CIF/summary/full-data files present	/storage9920/home/tinghao.xia/Data_V1/train/5ob3	/storage9920/home/tinghao.xia/Data_V2/train/5ob3
5SWE	train	COMPLETE_REBASABLE	COMPLETE_50X4	COMPLETE_50X4	ALREADY_LINKED	REUSE_LINKED	50 seeds x 4 CIF/summary/full-data files present	/storage9920/home/tinghao.xia/Data_V1/train/5swe	/storage9920/home/tinghao.xia/Data_V2/train/5swe
5T83	train	COMPLETE_REBASABLE	COMPLETE_50X4	COMPLETE_50X4	ALREADY_LINKED	REUSE_LINKED	50 seeds x 4 CIF/summary/full-data files present	/storage9920/home/tinghao.xia/Data_V1/train/5t83	/storage9920/home/tinghao.xia/Data_V2/train/5t83
5TPY	train	COMPLETE_REBASABLE	COMPLETE_50X4	COMPLETE_50X4	ALREADY_LINKED	REUSE_LINKED	50 seeds x 4 CIF/summary/full-data files present	/storage9920/home/tinghao.xia/Data_V1/train/5tpy	/storage9920/home/tinghao.xia/Data_V2/train/5tpy
5U3G	train	COMPLETE_REBASABLE	COMPLETE_50X4	COMPLETE_50X4	ALREADY_LINKED	REUSE_LINKED	50 seeds x 4 CIF/summary/full-data files present	/storage9920/home/tinghao.xia/Data_V1/train/5u3g	/storage9920/home/tinghao.xia/Data_V2/train/5u3g
5UF3	train	COMPLETE_REBASABLE	COMPLETE_50X4	COMPLETE_50X4	ALREADY_LINKED	REUSE_LINKED	50 seeds x 4 CIF/summary/full-data files present	/storage9920/home/tinghao.xia/Data_V1/train/5uf3	/storage9920/home/tinghao.xia/Data_V2/train/5uf3
5UZA	train	COMPLETE_REBASABLE	COMPLETE_50X4	COMPLETE_50X4	ALREADY_LINKED	REUSE_LINKED	50 seeds x 4 CIF/summary/full-data files present	/storage9920/home/tinghao.xia/Data_V1/train/5uza	/storage9920/home/tinghao.xia/Data_V2/train/5uza
5UZT	train	COMPLETE_REBASABLE	COMPLETE_50X4	COMPLETE_50X4	ALREADY_LINKED	REUSE_LINKED	50 seeds x 4 CIF/summary/full-data files present	/storage9920/home/tinghao.xia/Data_V1/train/5uzt	/storage9920/home/tinghao.xia/Data_V2/train/5uzt
5V0K	train	COMPLETE_REBASABLE	COMPLETE_50X4	COMPLETE_50X4	ALREADY_LINKED	REUSE_LINKED	50 seeds x 4 CIF/summary/full-data files present	/storage9920/home/tinghao.xia/Data_V1/train/5v0k	/storage9920/home/tinghao.xia/Data_V2/train/5v0k
5V16	train	COMPLETE_REBASABLE	COMPLETE_50X4	COMPLETE_50X4	ALREADY_LINKED	REUSE_LINKED	50 seeds x 4 CIF/summary/full-data files present	/storage9920/home/tinghao.xia/Data_V1/train/5v16	/storage9920/home/tinghao.xia/Data_V2/train/5v16
5V17	train	COMPLETE_REBASABLE	COMPLETE_50X4	COMPLETE_50X4	ALREADY_LINKED	REUSE_LINKED	50 seeds x 4 CIF/summary/full-data files present	/storage9920/home/tinghao.xia/Data_V1/train/5v17	/storage9920/home/tinghao.xia/Data_V2/train/5v17
5V3I	train	COMPLETE_REBASABLE	COMPLETE_50X4	COMPLETE_50X4	ALREADY_LINKED	REUSE_LINKED	50 seeds x 4 CIF/summary/full-data files present	/storage9920/home/tinghao.xia/Data_V1/train/5v3i	/storage9920/home/tinghao.xia/Data_V2/train/5v3i
5WQ1	train	COMPLETE_REBASABLE	COMPLETE_50X4	COMPLETE_50X4	ALREADY_LINKED	REUSE_LINKED	50 seeds x 4 CIF/summary/full-data files present	/storage9920/home/tinghao.xia/Data_V1/train/5wq1	/storage9920/home/tinghao.xia/Data_V2/train/5wq1
5XWG	train	COMPLETE_REBASABLE	COMPLETE_50X4	COMPLETE_50X4	ALREADY_LINKED	REUSE_LINKED	50 seeds x 4 CIF/summary/full-data files present	/storage9920/home/tinghao.xia/Data_V1/train/5xwg	/storage9920/home/tinghao.xia/Data_V2/train/5xwg
5Z1I	train	COMPLETE				NEW_PREDICTION_REQUIRED	No V1 50x4 prediction run membership		/storage9920/home/tinghao.xia/Data_V2/train/5z1i
6AAS	train	COMPLETE_REBASABLE	COMPLETE_50X4	COMPLETE_50X4	ALREADY_LINKED	REUSE_LINKED	50 seeds x 4 CIF/summary/full-data files present	/storage9920/home/tinghao.xia/Data_V1/train/6aas	/storage9920/home/tinghao.xia/Data_V2/train/6aas
6AAU	train	COMPLETE_REBASABLE	COMPLETE_50X4	COMPLETE_50X4	ALREADY_LINKED	REUSE_LINKED	50 seeds x 4 CIF/summary/full-data files present	/storage9920/home/tinghao.xia/Data_V1/train/6aau	/storage9920/home/tinghao.xia/Data_V2/train/6aau
6BY4	train	COMPLETE_REBASABLE	COMPLETE_50X4	COMPLETE_50X4	ALREADY_LINKED	REUSE_LINKED	50 seeds x 4 CIF/summary/full-data files present	/storage9920/home/tinghao.xia/Data_V1/train/6by4	/storage9920/home/tinghao.xia/Data_V2/train/6by4
6BY5	train	COMPLETE_REBASABLE	COMPLETE_50X4	COMPLETE_50X4	ALREADY_LINKED	REUSE_LINKED	50 seeds x 4 CIF/summary/full-data files present	/storage9920/home/tinghao.xia/Data_V1/train/6by5	/storage9920/home/tinghao.xia/Data_V2/train/6by5
6CU1	train	COMPLETE_REBASABLE	COMPLETE_50X4	COMPLETE_50X4	ALREADY_LINKED	REUSE_LINKED	50 seeds x 4 CIF/summary/full-data files present	/storage9920/home/tinghao.xia/Data_V1/train/6cu1	/storage9920/home/tinghao.xia/Data_V2/train/6cu1
6D3P	train	COMPLETE_REBASABLE	COMPLETE_50X4	COMPLETE_50X4	ALREADY_LINKED	REUSE_LINKED	50 seeds x 4 CIF/summary/full-data files present	/storage9920/home/tinghao.xia/Data_V1/train/6d3p	/storage9920/home/tinghao.xia/Data_V2/train/6d3p
6DLQ	train	COMPLETE_REBASABLE	COMPLETE_50X4	COMPLETE_50X4	ALREADY_LINKED	REUSE_LINKED	50 seeds x 4 CIF/summary/full-data files present	/storage9920/home/tinghao.xia/Data_V1/train/6dlq	/storage9920/home/tinghao.xia/Data_V2/train/6dlq
6DLR	train	COMPLETE_REBASABLE	COMPLETE_50X4	COMPLETE_50X4	ALREADY_LINKED	REUSE_LINKED	50 seeds x 4 CIF/summary/full-data files present	/storage9920/home/tinghao.xia/Data_V1/train/6dlr	/storage9920/home/tinghao.xia/Data_V2/train/6dlr
6DLS	train	COMPLETE_REBASABLE	COMPLETE_50X4	COMPLETE_50X4	ALREADY_LINKED	REUSE_LINKED	50 seeds x 4 CIF/summary/full-data files present	/storage9920/home/tinghao.xia/Data_V1/train/6dls	/storage9920/home/tinghao.xia/Data_V2/train/6dls
6DLT	train	COMPLETE_REBASABLE	COMPLETE_50X4	COMPLETE_50X4	ALREADY_LINKED	REUSE_LINKED	50 seeds x 4 CIF/summary/full-data files present	/storage9920/home/tinghao.xia/Data_V1/train/6dlt	/storage9920/home/tinghao.xia/Data_V2/train/6dlt
6DME	train	COMPLETE_REBASABLE	COMPLETE_50X4	COMPLETE_50X4	ALREADY_LINKED	REUSE_LINKED	50 seeds x 4 CIF/summary/full-data files present	/storage9920/home/tinghao.xia/Data_V1/train/6dme	/storage9920/home/tinghao.xia/Data_V2/train/6dme
6DNR	train	COMPLETE_REBASABLE	COMPLETE_50X4	COMPLETE_50X4	ALREADY_LINKED	REUSE_LINKED	50 seeds x 4 CIF/summary/full-data files present	/storage9920/home/tinghao.xia/Data_V1/train/6dnr	/storage9920/home/tinghao.xia/Data_V2/train/6dnr
6DVK	train	COMPLETE_REBASABLE	COMPLETE_50X4	COMPLETE_50X4	ALREADY_LINKED	REUSE_LINKED	50 seeds x 4 CIF/summary/full-data files present	/storage9920/home/tinghao.xia/Data_V1/train/6dvk	/storage9920/home/tinghao.xia/Data_V2/train/6dvk
6E1S	train	COMPLETE_REBASABLE	COMPLETE_50X4	COMPLETE_50X4	ALREADY_LINKED	REUSE_LINKED	50 seeds x 4 CIF/summary/full-data files present	/storage9920/home/tinghao.xia/Data_V1/train/6e1s	/storage9920/home/tinghao.xia/Data_V2/train/6e1s
6E1T	train	COMPLETE_REBASABLE	COMPLETE_50X4	COMPLETE_50X4	ALREADY_LINKED	REUSE_LINKED	50 seeds x 4 CIF/summary/full-data files present	/storage9920/home/tinghao.xia/Data_V1/train/6e1t	/storage9920/home/tinghao.xia/Data_V2/train/6e1t
6E1U	train	COMPLETE_REBASABLE	COMPLETE_50X4	COMPLETE_50X4	ALREADY_LINKED	REUSE_LINKED	50 seeds x 4 CIF/summary/full-data files present	/storage9920/home/tinghao.xia/Data_V1/train/6e1u	/storage9920/home/tinghao.xia/Data_V2/train/6e1u
6E1V	train	COMPLETE_REBASABLE	COMPLETE_50X4	COMPLETE_50X4	ALREADY_LINKED	REUSE_LINKED	50 seeds x 4 CIF/summary/full-data files present	/storage9920/home/tinghao.xia/Data_V1/train/6e1v	/storage9920/home/tinghao.xia/Data_V2/train/6e1v
6E1W	train	COMPLETE_REBASABLE	COMPLETE_50X4	COMPLETE_50X4	ALREADY_LINKED	REUSE_LINKED	50 seeds x 4 CIF/summary/full-data files present	/storage9920/home/tinghao.xia/Data_V1/train/6e1w	/storage9920/home/tinghao.xia/Data_V2/train/6e1w
6E7L	train	COMPLETE_REBASABLE				NEW_PREDICTION_REQUIRED	No V1 50x4 prediction run membership		/storage9920/home/tinghao.xia/Data_V2/train/6e7l
6E80	train	COMPLETE_REBASABLE	COMPLETE_50X4	COMPLETE_50X4	ALREADY_LINKED	REUSE_LINKED	50 seeds x 4 CIF/summary/full-data files present	/storage9920/home/tinghao.xia/Data_V1/train/6e80	/storage9920/home/tinghao.xia/Data_V2/train/6e80
6E81	train	COMPLETE_REBASABLE	COMPLETE_50X4	COMPLETE_50X4	ALREADY_LINKED	REUSE_LINKED	50 seeds x 4 CIF/summary/full-data files present	/storage9920/home/tinghao.xia/Data_V1/train/6e81	/storage9920/home/tinghao.xia/Data_V2/train/6e81
6E82	train	COMPLETE_REBASABLE	COMPLETE_50X4	COMPLETE_50X4	ALREADY_LINKED	REUSE_LINKED	50 seeds x 4 CIF/summary/full-data files present	/storage9920/home/tinghao.xia/Data_V1/train/6e82	/storage9920/home/tinghao.xia/Data_V2/train/6e82
6E84	train	COMPLETE_REBASABLE	COMPLETE_50X4	COMPLETE_50X4	ALREADY_LINKED	REUSE_LINKED	50 seeds x 4 CIF/summary/full-data files present	/storage9920/home/tinghao.xia/Data_V1/train/6e84	/storage9920/home/tinghao.xia/Data_V2/train/6e84
6E8U	train	COMPLETE_REBASABLE	COMPLETE_50X4	COMPLETE_50X4	ALREADY_LINKED	REUSE_LINKED	50 seeds x 4 CIF/summary/full-data files present	/storage9920/home/tinghao.xia/Data_V1/train/6e8u	/storage9920/home/tinghao.xia/Data_V2/train/6e8u
6EZ0	train	COMPLETE_REBASABLE	COMPLETE_50X4	COMPLETE_50X4	ALREADY_LINKED	REUSE_LINKED	50 seeds x 4 CIF/summary/full-data files present	/storage9920/home/tinghao.xia/Data_V1/train/6ez0	/storage9920/home/tinghao.xia/Data_V2/train/6ez0
6FZ0	train	COMPLETE_REBASABLE	COMPLETE_50X4	COMPLETE_50X4	ALREADY_LINKED	REUSE_LINKED	50 seeds x 4 CIF/summary/full-data files present	/storage9920/home/tinghao.xia/Data_V1/train/6fz0	/storage9920/home/tinghao.xia/Data_V2/train/6fz0
6GYV	train	COMPLETE_REBASABLE	COMPLETE_50X4	COMPLETE_50X4	ALREADY_LINKED	REUSE_LINKED	50 seeds x 4 CIF/summary/full-data files present	/storage9920/home/tinghao.xia/Data_V1/train/6gyv	/storage9920/home/tinghao.xia/Data_V2/train/6gyv
6GZK	train	COMPLETE_REBASABLE	COMPLETE_50X4	COMPLETE_50X4	ALREADY_LINKED	REUSE_LINKED	50 seeds x 4 CIF/summary/full-data files present	/storage9920/home/tinghao.xia/Data_V1/train/6gzk	/storage9920/home/tinghao.xia/Data_V2/train/6gzk
6GZR	train	COMPLETE_REBASABLE	COMPLETE_50X4	COMPLETE_50X4	ALREADY_LINKED	REUSE_LINKED	50 seeds x 4 CIF/summary/full-data files present	/storage9920/home/tinghao.xia/Data_V1/train/6gzr	/storage9920/home/tinghao.xia/Data_V2/train/6gzr
6HAG	train	COMPLETE_REBASABLE	COMPLETE_50X4	COMPLETE_50X4	ALREADY_LINKED	REUSE_LINKED	50 seeds x 4 CIF/summary/full-data files present	/storage9920/home/tinghao.xia/Data_V1/train/6hag	/storage9920/home/tinghao.xia/Data_V2/train/6hag
6HBT	train	COMPLETE_REBASABLE	COMPLETE_50X4	COMPLETE_50X4	ALREADY_LINKED	REUSE_LINKED	50 seeds x 4 CIF/summary/full-data files present	/storage9920/home/tinghao.xia/Data_V1/train/6hbt	/storage9920/home/tinghao.xia/Data_V2/train/6hbt
6HBX	train	COMPLETE_REBASABLE	COMPLETE_50X4	COMPLETE_50X4	ALREADY_LINKED	REUSE_LINKED	50 seeds x 4 CIF/summary/full-data files present	/storage9920/home/tinghao.xia/Data_V1/train/6hbx	/storage9920/home/tinghao.xia/Data_V2/train/6hbx
6HC5	train	COMPLETE_REBASABLE	COMPLETE_50X4	COMPLETE_50X4	ALREADY_LINKED	REUSE_LINKED	50 seeds x 4 CIF/summary/full-data files present	/storage9920/home/tinghao.xia/Data_V1/train/6hc5	/storage9920/home/tinghao.xia/Data_V2/train/6hc5
6HYK	train	COMPLETE_REBASABLE	COMPLETE_50X4	COMPLETE_50X4	ALREADY_LINKED	REUSE_LINKED	50 seeds x 4 CIF/summary/full-data files present	/storage9920/home/tinghao.xia/Data_V1/train/6hyk	/storage9920/home/tinghao.xia/Data_V2/train/6hyk
6IZP	train	COMPLETE_REBASABLE	COMPLETE_50X4	COMPLETE_50X4	ALREADY_LINKED	REUSE_LINKED	50 seeds x 4 CIF/summary/full-data files present	/storage9920/home/tinghao.xia/Data_V1/train/6izp	/storage9920/home/tinghao.xia/Data_V2/train/6izp
6JJH	train	COMPLETE_REBASABLE	COMPLETE_50X4	COMPLETE_50X4	ALREADY_LINKED	REUSE_LINKED	50 seeds x 4 CIF/summary/full-data files present	/storage9920/home/tinghao.xia/Data_V1/train/6jjh	/storage9920/home/tinghao.xia/Data_V2/train/6jjh
6JJI	train	COMPLETE_REBASABLE	COMPLETE_50X4	COMPLETE_50X4	ALREADY_LINKED	REUSE_LINKED	50 seeds x 4 CIF/summary/full-data files present	/storage9920/home/tinghao.xia/Data_V1/train/6jji	/storage9920/home/tinghao.xia/Data_V2/train/6jji
6JQ6	train	COMPLETE_REBASABLE	COMPLETE_50X4	COMPLETE_50X4	ALREADY_LINKED	REUSE_LINKED	50 seeds x 4 CIF/summary/full-data files present	/storage9920/home/tinghao.xia/Data_V1/train/6jq6	/storage9920/home/tinghao.xia/Data_V2/train/6jq6
6JXM	train	COMPLETE_REBASABLE	COMPLETE_50X4	COMPLETE_50X4	ALREADY_LINKED	REUSE_LINKED	50 seeds x 4 CIF/summary/full-data files present	/storage9920/home/tinghao.xia/Data_V1/train/6jxm	/storage9920/home/tinghao.xia/Data_V2/train/6jxm
6K84	train	COMPLETE_REBASABLE	COMPLETE_50X4	COMPLETE_50X4	ALREADY_LINKED	REUSE_LINKED	50 seeds x 4 CIF/summary/full-data files present	/storage9920/home/tinghao.xia/Data_V1/train/6k84	/storage9920/home/tinghao.xia/Data_V2/train/6k84
6MCI	train	COMPLETE_REBASABLE	COMPLETE_50X4	COMPLETE_50X4	ALREADY_LINKED	REUSE_LINKED	50 seeds x 4 CIF/summary/full-data files present	/storage9920/home/tinghao.xia/Data_V1/train/6mci	/storage9920/home/tinghao.xia/Data_V2/train/6mci
6MXQ	train	COMPLETE_REBASABLE				NEW_PREDICTION_REQUIRED	No V1 50x4 prediction run membership		/storage9920/home/tinghao.xia/Data_V2/train/6mxq
6N5K	train	COMPLETE_REBASABLE	COMPLETE_50X4	COMPLETE_50X4	ALREADY_LINKED	REUSE_LINKED	50 seeds x 4 CIF/summary/full-data files present	/storage9920/home/tinghao.xia/Data_V1/train/6n5k	/storage9920/home/tinghao.xia/Data_V2/train/6n5k
6N5N	train	COMPLETE_REBASABLE	COMPLETE_50X4	COMPLETE_50X4	ALREADY_LINKED	REUSE_LINKED	50 seeds x 4 CIF/summary/full-data files present	/storage9920/home/tinghao.xia/Data_V1/train/6n5n	/storage9920/home/tinghao.xia/Data_V2/train/6n5n
6N5O	train	COMPLETE_REBASABLE	COMPLETE_50X4	COMPLETE_50X4	ALREADY_LINKED	REUSE_LINKED	50 seeds x 4 CIF/summary/full-data files present	/storage9920/home/tinghao.xia/Data_V1/train/6n5o	/storage9920/home/tinghao.xia/Data_V2/train/6n5o
6N5P	train	COMPLETE_REBASABLE	COMPLETE_50X4	COMPLETE_50X4	ALREADY_LINKED	REUSE_LINKED	50 seeds x 4 CIF/summary/full-data files present	/storage9920/home/tinghao.xia/Data_V1/train/6n5p	/storage9920/home/tinghao.xia/Data_V2/train/6n5p
6N5Q	train	COMPLETE_REBASABLE	COMPLETE_50X4	COMPLETE_50X4	ALREADY_LINKED	REUSE_LINKED	50 seeds x 4 CIF/summary/full-data files present	/storage9920/home/tinghao.xia/Data_V1/train/6n5q	/storage9920/home/tinghao.xia/Data_V2/train/6n5q
6N5S	train	COMPLETE_REBASABLE	COMPLETE_50X4	COMPLETE_50X4	ALREADY_LINKED	REUSE_LINKED	50 seeds x 4 CIF/summary/full-data files present	/storage9920/home/tinghao.xia/Data_V1/train/6n5s	/storage9920/home/tinghao.xia/Data_V2/train/6n5s
6N5T	train	COMPLETE_REBASABLE	COMPLETE_50X4	COMPLETE_50X4	ALREADY_LINKED	REUSE_LINKED	50 seeds x 4 CIF/summary/full-data files present	/storage9920/home/tinghao.xia/Data_V1/train/6n5t	/storage9920/home/tinghao.xia/Data_V2/train/6n5t
6NOA	train	COMPLETE_REBASABLE	COMPLETE_50X4	COMPLETE_50X4	ALREADY_LINKED	REUSE_LINKED	50 seeds x 4 CIF/summary/full-data files present	/storage9920/home/tinghao.xia/Data_V1/train/6noa	/storage9920/home/tinghao.xia/Data_V2/train/6noa
6OL3	train	COMPLETE_REBASABLE				NEW_PREDICTION_REQUIRED	No V1 50x4 prediction run membership		/storage9920/home/tinghao.xia/Data_V2/train/6ol3
6P2H	train	COMPLETE_REBASABLE	COMPLETE_50X4	COMPLETE_50X4	ALREADY_LINKED	REUSE_LINKED	50 seeds x 4 CIF/summary/full-data files present	/storage9920/home/tinghao.xia/Data_V1/train/6p2h	/storage9920/home/tinghao.xia/Data_V2/train/6p2h
6PK9	train	COMPLETE_REBASABLE	COMPLETE_50X4	COMPLETE_50X4	ALREADY_LINKED	REUSE_LINKED	50 seeds x 4 CIF/summary/full-data files present	/storage9920/home/tinghao.xia/Data_V1/train/6pk9	/storage9920/home/tinghao.xia/Data_V2/train/6pk9
6PQ7	train	COMPLETE_REBASABLE	COMPLETE_50X4	COMPLETE_50X4	ALREADY_LINKED	REUSE_LINKED	50 seeds x 4 CIF/summary/full-data files present	/storage9920/home/tinghao.xia/Data_V1/train/6pq7	/storage9920/home/tinghao.xia/Data_V2/train/6pq7
6Q57	train	COMPLETE_REBASABLE	COMPLETE_50X4	COMPLETE_50X4	ALREADY_LINKED	REUSE_LINKED	50 seeds x 4 CIF/summary/full-data files present	/storage9920/home/tinghao.xia/Data_V1/train/6q57	/storage9920/home/tinghao.xia/Data_V2/train/6q57
6Q8V	train	COMPLETE_REBASABLE	COMPLETE_50X4	COMPLETE_50X4	ALREADY_LINKED	REUSE_LINKED	50 seeds x 4 CIF/summary/full-data files present	/storage9920/home/tinghao.xia/Data_V1/train/6q8v	/storage9920/home/tinghao.xia/Data_V2/train/6q8v
6QIV	train	COMPLETE_REBASABLE	COMPLETE_50X4	COMPLETE_50X4	ALREADY_LINKED	REUSE_LINKED	50 seeds x 4 CIF/summary/full-data files present	/storage9920/home/tinghao.xia/Data_V1/train/6qiv	/storage9920/home/tinghao.xia/Data_V2/train/6qiv
6T3N	train	COMPLETE_REBASABLE	COMPLETE_50X4	COMPLETE_50X4	ALREADY_LINKED	REUSE_LINKED	50 seeds x 4 CIF/summary/full-data files present	/storage9920/home/tinghao.xia/Data_V1/train/6t3n	/storage9920/home/tinghao.xia/Data_V2/train/6t3n
6T3S	train	COMPLETE_REBASABLE	COMPLETE_50X4	COMPLETE_50X4	ALREADY_LINKED	REUSE_LINKED	50 seeds x 4 CIF/summary/full-data files present	/storage9920/home/tinghao.xia/Data_V1/train/6t3s	/storage9920/home/tinghao.xia/Data_V2/train/6t3s
6TB7	train	COMPLETE_REBASABLE	COMPLETE_50X4	COMPLETE_50X4	ALREADY_LINKED	REUSE_LINKED	50 seeds x 4 CIF/summary/full-data files present	/storage9920/home/tinghao.xia/Data_V1/train/6tb7	/storage9920/home/tinghao.xia/Data_V2/train/6tb7
6TF0	train	COMPLETE_REBASABLE	COMPLETE_50X4	COMPLETE_50X4	ALREADY_LINKED	REUSE_LINKED	50 seeds x 4 CIF/summary/full-data files present	/storage9920/home/tinghao.xia/Data_V1/train/6tf0	/storage9920/home/tinghao.xia/Data_V2/train/6tf0
6TF1	train	COMPLETE_REBASABLE	COMPLETE_50X4	COMPLETE_50X4	ALREADY_LINKED	REUSE_LINKED	50 seeds x 4 CIF/summary/full-data files present	/storage9920/home/tinghao.xia/Data_V1/train/6tf1	/storage9920/home/tinghao.xia/Data_V2/train/6tf1
6TF2	train	COMPLETE_REBASABLE	COMPLETE_50X4	COMPLETE_50X4	ALREADY_LINKED	REUSE_LINKED	50 seeds x 4 CIF/summary/full-data files present	/storage9920/home/tinghao.xia/Data_V1/train/6tf2	/storage9920/home/tinghao.xia/Data_V2/train/6tf2
6TF3	train	COMPLETE_REBASABLE	COMPLETE_50X4	COMPLETE_50X4	ALREADY_LINKED	REUSE_LINKED	50 seeds x 4 CIF/summary/full-data files present	/storage9920/home/tinghao.xia/Data_V1/train/6tf3	/storage9920/home/tinghao.xia/Data_V2/train/6tf3
6TFE	train	COMPLETE_REBASABLE	COMPLETE_50X4	COMPLETE_50X4	ALREADY_LINKED	REUSE_LINKED	50 seeds x 4 CIF/summary/full-data files present	/storage9920/home/tinghao.xia/Data_V1/train/6tfe	/storage9920/home/tinghao.xia/Data_V2/train/6tfe
6TFF	train	COMPLETE_REBASABLE	COMPLETE_50X4	COMPLETE_50X4	ALREADY_LINKED	REUSE_LINKED	50 seeds x 4 CIF/summary/full-data files present	/storage9920/home/tinghao.xia/Data_V1/train/6tff	/storage9920/home/tinghao.xia/Data_V2/train/6tff
6TFG	train	COMPLETE_REBASABLE	COMPLETE_50X4	COMPLETE_50X4	ALREADY_LINKED	REUSE_LINKED	50 seeds x 4 CIF/summary/full-data files present	/storage9920/home/tinghao.xia/Data_V1/train/6tfg	/storage9920/home/tinghao.xia/Data_V2/train/6tfg
6TFH	train	COMPLETE_REBASABLE	COMPLETE_50X4	COMPLETE_50X4	ALREADY_LINKED	REUSE_LINKED	50 seeds x 4 CIF/summary/full-data files present	/storage9920/home/tinghao.xia/Data_V1/train/6tfh	/storage9920/home/tinghao.xia/Data_V2/train/6tfh
6TNA	train	COMPLETE_REBASABLE	COMPLETE_50X4	COMPLETE_50X4	ALREADY_LINKED	REUSE_LINKED	50 seeds x 4 CIF/summary/full-data files present	/storage9920/home/tinghao.xia/Data_V1/train/6tna	/storage9920/home/tinghao.xia/Data_V2/train/6tna
6U79	train	COMPLETE_REBASABLE	COMPLETE_50X4	COMPLETE_50X4	ALREADY_LINKED	REUSE_LINKED	50 seeds x 4 CIF/summary/full-data files present	/storage9920/home/tinghao.xia/Data_V1/train/6u79	/storage9920/home/tinghao.xia/Data_V2/train/6u79
6UBU	train	COMPLETE_REBASABLE	COMPLETE_50X4	COMPLETE_50X4	ALREADY_LINKED	REUSE_LINKED	50 seeds x 4 CIF/summary/full-data files present	/storage9920/home/tinghao.xia/Data_V1/train/6ubu	/storage9920/home/tinghao.xia/Data_V2/train/6ubu
6UC7	train	COMPLETE_REBASABLE	COMPLETE_50X4	COMPLETE_50X4	ALREADY_LINKED	REUSE_LINKED	50 seeds x 4 CIF/summary/full-data files present	/storage9920/home/tinghao.xia/Data_V1/train/6uc7	/storage9920/home/tinghao.xia/Data_V2/train/6uc7
6UC8	train	COMPLETE_REBASABLE	COMPLETE_50X4	COMPLETE_50X4	ALREADY_LINKED	REUSE_LINKED	50 seeds x 4 CIF/summary/full-data files present	/storage9920/home/tinghao.xia/Data_V1/train/6uc8	/storage9920/home/tinghao.xia/Data_V2/train/6uc8
6UC9	train	COMPLETE_REBASABLE	COMPLETE_50X4	COMPLETE_50X4	ALREADY_LINKED	REUSE_LINKED	50 seeds x 4 CIF/summary/full-data files present	/storage9920/home/tinghao.xia/Data_V1/train/6uc9	/storage9920/home/tinghao.xia/Data_V2/train/6uc9
6UES	train	COMPLETE_REBASABLE	COMPLETE_50X4	COMPLETE_50X4	ALREADY_LINKED	REUSE_LINKED	50 seeds x 4 CIF/summary/full-data files present	/storage9920/home/tinghao.xia/Data_V1/train/6ues	/storage9920/home/tinghao.xia/Data_V2/train/6ues
6UET	train	COMPLETE_REBASABLE	COMPLETE_50X4	COMPLETE_50X4	ALREADY_LINKED	REUSE_LINKED	50 seeds x 4 CIF/summary/full-data files present	/storage9920/home/tinghao.xia/Data_V1/train/6uet	/storage9920/home/tinghao.xia/Data_V2/train/6uet
6UGI	train	COMPLETE_REBASABLE	COMPLETE_50X4	COMPLETE_50X4	ALREADY_LINKED	REUSE_LINKED	50 seeds x 4 CIF/summary/full-data files present	/storage9920/home/tinghao.xia/Data_V1/train/6ugi	/storage9920/home/tinghao.xia/Data_V2/train/6ugi
6UGJ	train	COMPLETE_REBASABLE	COMPLETE_50X4	COMPLETE_50X4	ALREADY_LINKED	REUSE_LINKED	50 seeds x 4 CIF/summary/full-data files present	/storage9920/home/tinghao.xia/Data_V1/train/6ugj	/storage9920/home/tinghao.xia/Data_V2/train/6ugj
6VAR	train	COMPLETE_REBASABLE				NEW_PREDICTION_REQUIRED	No V1 50x4 prediction run membership		/storage9920/home/tinghao.xia/Data_V2/train/6var
6VMY	train	COMPLETE_REBASABLE	COMPLETE_50X4	COMPLETE_50X4	ALREADY_LINKED	REUSE_LINKED	50 seeds x 4 CIF/summary/full-data files present	/storage9920/home/tinghao.xia/Data_V1/train/6vmy	/storage9920/home/tinghao.xia/Data_V2/train/6vmy
6VU1	train	COMPLETE_REBASABLE	COMPLETE_50X4	COMPLETE_50X4	ALREADY_LINKED	REUSE_LINKED	50 seeds x 4 CIF/summary/full-data files present	/storage9920/home/tinghao.xia/Data_V1/train/6vu1	/storage9920/home/tinghao.xia/Data_V2/train/6vu1
6VUH	train	COMPLETE_REBASABLE	COMPLETE_50X4	COMPLETE_50X4	ALREADY_LINKED	REUSE_LINKED	50 seeds x 4 CIF/summary/full-data files present	/storage9920/home/tinghao.xia/Data_V1/train/6vuh	/storage9920/home/tinghao.xia/Data_V2/train/6vuh
6VUI	train	COMPLETE_REBASABLE	COMPLETE_50X4	COMPLETE_50X4	ALREADY_LINKED	REUSE_LINKED	50 seeds x 4 CIF/summary/full-data files present	/storage9920/home/tinghao.xia/Data_V1/train/6vui	/storage9920/home/tinghao.xia/Data_V2/train/6vui
6VVJ	train	COMPLETE_REBASABLE	COMPLETE_50X4	COMPLETE_50X4	ALREADY_LINKED	REUSE_LINKED	50 seeds x 4 CIF/summary/full-data files present	/storage9920/home/tinghao.xia/Data_V1/train/6vvj	/storage9920/home/tinghao.xia/Data_V2/train/6vvj
6VZC	train	COMPLETE_REBASABLE	COMPLETE_50X4	COMPLETE_50X4	ALREADY_LINKED	REUSE_LINKED	50 seeds x 4 CIF/summary/full-data files present	/storage9920/home/tinghao.xia/Data_V1/train/6vzc	/storage9920/home/tinghao.xia/Data_V2/train/6vzc
6W3M	train	COMPLETE_REBASABLE	COMPLETE_50X4	COMPLETE_50X4	ALREADY_LINKED	REUSE_LINKED	50 seeds x 4 CIF/summary/full-data files present	/storage9920/home/tinghao.xia/Data_V1/train/6w3m	/storage9920/home/tinghao.xia/Data_V2/train/6w3m
6WJR	train	COMPLETE_REBASABLE	COMPLETE_50X4	COMPLETE_50X4	ALREADY_LINKED	REUSE_LINKED	50 seeds x 4 CIF/summary/full-data files present	/storage9920/home/tinghao.xia/Data_V1/train/6wjr	/storage9920/home/tinghao.xia/Data_V2/train/6wjr
6WJS	train	COMPLETE_REBASABLE	COMPLETE_50X4	COMPLETE_50X4	ALREADY_LINKED	REUSE_LINKED	50 seeds x 4 CIF/summary/full-data files present	/storage9920/home/tinghao.xia/Data_V1/train/6wjs	/storage9920/home/tinghao.xia/Data_V2/train/6wjs
6WLJ	train	COMPLETE_REBASABLE	COMPLETE_50X4	COMPLETE_50X4	ALREADY_LINKED	REUSE_LINKED	50 seeds x 4 CIF/summary/full-data files present	/storage9920/home/tinghao.xia/Data_V1/train/6wlj	/storage9920/home/tinghao.xia/Data_V2/train/6wlj
6WLK	train	COMPLETE_REBASABLE	COMPLETE_50X4	COMPLETE_50X4	ALREADY_LINKED	REUSE_LINKED	50 seeds x 4 CIF/summary/full-data files present	/storage9920/home/tinghao.xia/Data_V1/train/6wlk	/storage9920/home/tinghao.xia/Data_V2/train/6wlk
6WLL	train	COMPLETE_REBASABLE	COMPLETE_50X4	COMPLETE_50X4	ALREADY_LINKED	REUSE_LINKED	50 seeds x 4 CIF/summary/full-data files present	/storage9920/home/tinghao.xia/Data_V1/train/6wll	/storage9920/home/tinghao.xia/Data_V2/train/6wll
6WLM	train	COMPLETE_REBASABLE	COMPLETE_50X4	COMPLETE_50X4	ALREADY_LINKED	REUSE_LINKED	50 seeds x 4 CIF/summary/full-data files present	/storage9920/home/tinghao.xia/Data_V1/train/6wlm	/storage9920/home/tinghao.xia/Data_V2/train/6wlm
6WLN	train	COMPLETE_REBASABLE				NEW_PREDICTION_REQUIRED	No V1 50x4 prediction run membership		/storage9920/home/tinghao.xia/Data_V2/train/6wln
6WLO	train	COMPLETE_REBASABLE				NEW_PREDICTION_REQUIRED	No V1 50x4 prediction run membership		/storage9920/home/tinghao.xia/Data_V2/train/6wlo
6WLQ	train	COMPLETE_REBASABLE	COMPLETE_50X4	COMPLETE_50X4	ALREADY_LINKED	REUSE_LINKED	50 seeds x 4 CIF/summary/full-data files present	/storage9920/home/tinghao.xia/Data_V1/train/6wlq	/storage9920/home/tinghao.xia/Data_V2/train/6wlq
6WLR	train	COMPLETE_REBASABLE	COMPLETE_50X4	COMPLETE_50X4	ALREADY_LINKED	REUSE_LINKED	50 seeds x 4 CIF/summary/full-data files present	/storage9920/home/tinghao.xia/Data_V1/train/6wlr	/storage9920/home/tinghao.xia/Data_V2/train/6wlr
6WLS	train	COMPLETE_REBASABLE	COMPLETE_50X4	COMPLETE_50X4	ALREADY_LINKED	REUSE_LINKED	50 seeds x 4 CIF/summary/full-data files present	/storage9920/home/tinghao.xia/Data_V1/train/6wls	/storage9920/home/tinghao.xia/Data_V2/train/6wls
6WLT	train	COMPLETE_REBASABLE	COMPLETE_50X4	COMPLETE_50X4	ALREADY_LINKED	REUSE_LINKED	50 seeds x 4 CIF/summary/full-data files present	/storage9920/home/tinghao.xia/Data_V1/train/6wlt	/storage9920/home/tinghao.xia/Data_V2/train/6wlt
6WLU	train	COMPLETE_REBASABLE	COMPLETE_50X4	COMPLETE_50X4	ALREADY_LINKED	REUSE_LINKED	50 seeds x 4 CIF/summary/full-data files present	/storage9920/home/tinghao.xia/Data_V1/train/6wlu	/storage9920/home/tinghao.xia/Data_V2/train/6wlu
6WTL	train	COMPLETE_REBASABLE	COMPLETE_50X4	COMPLETE_50X4	ALREADY_LINKED	REUSE_LINKED	50 seeds x 4 CIF/summary/full-data files present	/storage9920/home/tinghao.xia/Data_V1/train/6wtl	/storage9920/home/tinghao.xia/Data_V2/train/6wtl
6WTR	train	COMPLETE_REBASABLE	COMPLETE_50X4	COMPLETE_50X4	ALREADY_LINKED	REUSE_LINKED	50 seeds x 4 CIF/summary/full-data files present	/storage9920/home/tinghao.xia/Data_V1/train/6wtr	/storage9920/home/tinghao.xia/Data_V2/train/6wtr
6XB7	train	COMPLETE_REBASABLE	COMPLETE_50X4	COMPLETE_50X4	ALREADY_LINKED	REUSE_LINKED	50 seeds x 4 CIF/summary/full-data files present	/storage9920/home/tinghao.xia/Data_V1/train/6xb7	/storage9920/home/tinghao.xia/Data_V2/train/6xb7
6XKN	val	COMPLETE_REBASABLE	COMPLETE_50X4	COMPLETE_50X4	ALREADY_LINKED	REUSE_LINKED	50 seeds x 4 CIF/summary/full-data files present	/storage9920/home/tinghao.xia/Data_V1/val/6xkn	/storage9920/home/tinghao.xia/Data_V2/val/6xkn
6XKO	val	COMPLETE_REBASABLE	COMPLETE_50X4	COMPLETE_50X4	ALREADY_LINKED	REUSE_LINKED	50 seeds x 4 CIF/summary/full-data files present	/storage9920/home/tinghao.xia/Data_V1/val/6xko	/storage9920/home/tinghao.xia/Data_V2/val/6xko
6XRZ	train	COMPLETE_REBASABLE	COMPLETE_50X4	COMPLETE_50X4	ALREADY_LINKED	REUSE_LINKED	50 seeds x 4 CIF/summary/full-data files present	/storage9920/home/tinghao.xia/Data_V1/train/6xrz	/storage9920/home/tinghao.xia/Data_V2/train/6xrz
6XUR	train	COMPLETE_REBASABLE	COMPLETE_50X4	COMPLETE_50X4	ALREADY_LINKED	REUSE_LINKED	50 seeds x 4 CIF/summary/full-data files present	/storage9920/home/tinghao.xia/Data_V1/train/6xur	/storage9920/home/tinghao.xia/Data_V2/train/6xur
6XUS	train	COMPLETE_REBASABLE	COMPLETE_50X4	COMPLETE_50X4	ALREADY_LINKED	REUSE_LINKED	50 seeds x 4 CIF/summary/full-data files present	/storage9920/home/tinghao.xia/Data_V1/train/6xus	/storage9920/home/tinghao.xia/Data_V2/train/6xus
6XWJ	train	COMPLETE_REBASABLE	COMPLETE_50X4	COMPLETE_50X4	ALREADY_LINKED	REUSE_LINKED	50 seeds x 4 CIF/summary/full-data files present	/storage9920/home/tinghao.xia/Data_V1/train/6xwj	/storage9920/home/tinghao.xia/Data_V2/train/6xwj
6XWW	train	COMPLETE_REBASABLE	COMPLETE_50X4	COMPLETE_50X4	ALREADY_LINKED	REUSE_LINKED	50 seeds x 4 CIF/summary/full-data files present	/storage9920/home/tinghao.xia/Data_V1/train/6xww	/storage9920/home/tinghao.xia/Data_V2/train/6xww
6XXA	train	COMPLETE_REBASABLE	COMPLETE_50X4	COMPLETE_50X4	ALREADY_LINKED	REUSE_LINKED	50 seeds x 4 CIF/summary/full-data files present	/storage9920/home/tinghao.xia/Data_V1/train/6xxa	/storage9920/home/tinghao.xia/Data_V2/train/6xxa
6XXB	train	COMPLETE_REBASABLE	COMPLETE_50X4	COMPLETE_50X4	ALREADY_LINKED	REUSE_LINKED	50 seeds x 4 CIF/summary/full-data files present	/storage9920/home/tinghao.xia/Data_V1/train/6xxb	/storage9920/home/tinghao.xia/Data_V2/train/6xxb
6Y0Y	train	COMPLETE_REBASABLE	COMPLETE_50X4	COMPLETE_50X4	ALREADY_LINKED	REUSE_LINKED	50 seeds x 4 CIF/summary/full-data files present	/storage9920/home/tinghao.xia/Data_V1/train/6y0y	/storage9920/home/tinghao.xia/Data_V2/train/6y0y
6Y3G	train	COMPLETE_REBASABLE	COMPLETE_50X4	COMPLETE_50X4	ALREADY_LINKED	REUSE_LINKED	50 seeds x 4 CIF/summary/full-data files present	/storage9920/home/tinghao.xia/Data_V1/train/6y3g	/storage9920/home/tinghao.xia/Data_V2/train/6y3g
6ZYB	train	COMPLETE_REBASABLE	COMPLETE_50X4	COMPLETE_50X4	ALREADY_LINKED	REUSE_LINKED	50 seeds x 4 CIF/summary/full-data files present	/storage9920/home/tinghao.xia/Data_V1/train/6zyb	/storage9920/home/tinghao.xia/Data_V2/train/6zyb
7D12	train	COMPLETE_REBASABLE	COMPLETE_50X4	COMPLETE_50X4	ALREADY_LINKED	REUSE_LINKED	50 seeds x 4 CIF/summary/full-data files present	/storage9920/home/tinghao.xia/Data_V1/train/7d12	/storage9920/home/tinghao.xia/Data_V2/train/7d12
7D7W	train	COMPLETE_REBASABLE	COMPLETE_50X4	COMPLETE_50X4	ALREADY_LINKED	REUSE_LINKED	50 seeds x 4 CIF/summary/full-data files present	/storage9920/home/tinghao.xia/Data_V1/train/7d7w	/storage9920/home/tinghao.xia/Data_V2/train/7d7w
7D7X	train	COMPLETE_REBASABLE	COMPLETE_50X4	COMPLETE_50X4	ALREADY_LINKED	REUSE_LINKED	50 seeds x 4 CIF/summary/full-data files present	/storage9920/home/tinghao.xia/Data_V1/train/7d7x	/storage9920/home/tinghao.xia/Data_V2/train/7d7x
7D7Y	train	COMPLETE_REBASABLE	COMPLETE_50X4	COMPLETE_50X4	ALREADY_LINKED	REUSE_LINKED	50 seeds x 4 CIF/summary/full-data files present	/storage9920/home/tinghao.xia/Data_V1/train/7d7y	/storage9920/home/tinghao.xia/Data_V2/train/7d7y
7D7Z	train	COMPLETE_REBASABLE	COMPLETE_50X4	COMPLETE_50X4	ALREADY_LINKED	REUSE_LINKED	50 seeds x 4 CIF/summary/full-data files present	/storage9920/home/tinghao.xia/Data_V1/train/7d7z	/storage9920/home/tinghao.xia/Data_V2/train/7d7z
7D81	train	COMPLETE_REBASABLE	COMPLETE_50X4	COMPLETE_50X4	ALREADY_LINKED	REUSE_LINKED	50 seeds x 4 CIF/summary/full-data files present	/storage9920/home/tinghao.xia/Data_V1/train/7d81	/storage9920/home/tinghao.xia/Data_V2/train/7d81
7D82	train	COMPLETE_REBASABLE	COMPLETE_50X4	COMPLETE_50X4	ALREADY_LINKED	REUSE_LINKED	50 seeds x 4 CIF/summary/full-data files present	/storage9920/home/tinghao.xia/Data_V1/train/7d82	/storage9920/home/tinghao.xia/Data_V2/train/7d82
7DD4	train	COMPLETE_REBASABLE	COMPLETE_50X4	COMPLETE_50X4	ALREADY_LINKED	REUSE_LINKED	50 seeds x 4 CIF/summary/full-data files present	/storage9920/home/tinghao.xia/Data_V1/train/7dd4	/storage9920/home/tinghao.xia/Data_V2/train/7dd4
7E9E	val	COMPLETE_REBASABLE	COMPLETE_50X4	COMPLETE_50X4	ALREADY_LINKED	REUSE_LINKED	50 seeds x 4 CIF/summary/full-data files present	/storage9920/home/tinghao.xia/Data_V1/val/7e9e	/storage9920/home/tinghao.xia/Data_V2/val/7e9e
7E9I	val	COMPLETE_REBASABLE	COMPLETE_50X4	COMPLETE_50X4	ALREADY_LINKED	REUSE_LINKED	50 seeds x 4 CIF/summary/full-data files present	/storage9920/home/tinghao.xia/Data_V1/val/7e9i	/storage9920/home/tinghao.xia/Data_V2/val/7e9i
7EAF	train	COMPLETE_REBASABLE	COMPLETE_50X4	COMPLETE_50X4	ALREADY_LINKED	REUSE_LINKED	50 seeds x 4 CIF/summary/full-data files present	/storage9920/home/tinghao.xia/Data_V1/train/7eaf	/storage9920/home/tinghao.xia/Data_V2/train/7eaf
7EDN	val	COMPLETE_REBASABLE	COMPLETE_50X4	COMPLETE_50X4	ALREADY_LINKED	REUSE_LINKED	50 seeds x 4 CIF/summary/full-data files present	/storage9920/home/tinghao.xia/Data_V1/val/7edn	/storage9920/home/tinghao.xia/Data_V2/val/7edn
7EEM	val	COMPLETE_REBASABLE	COMPLETE_50X4	COMPLETE_50X4	ALREADY_LINKED	REUSE_LINKED	50 seeds x 4 CIF/summary/full-data files present	/storage9920/home/tinghao.xia/Data_V1/val/7eem	/storage9920/home/tinghao.xia/Data_V2/val/7eem
7EFG	val	COMPLETE_REBASABLE	COMPLETE_50X4	COMPLETE_50X4	ALREADY_LINKED	REUSE_LINKED	50 seeds x 4 CIF/summary/full-data files present	/storage9920/home/tinghao.xia/Data_V1/val/7efg	/storage9920/home/tinghao.xia/Data_V2/val/7efg
7EFH	val	COMPLETE_REBASABLE	COMPLETE_50X4	COMPLETE_50X4	ALREADY_LINKED	REUSE_LINKED	50 seeds x 4 CIF/summary/full-data files present	/storage9920/home/tinghao.xia/Data_V1/val/7efh	/storage9920/home/tinghao.xia/Data_V2/val/7efh
7EOG	val	COMPLETE_REBASABLE	COMPLETE_50X4	COMPLETE_50X4	ALREADY_LINKED	REUSE_LINKED	50 seeds x 4 CIF/summary/full-data files present	/storage9920/home/tinghao.xia/Data_V1/val/7eog	/storage9920/home/tinghao.xia/Data_V2/val/7eog
7EOH	val	COMPLETE_REBASABLE	COMPLETE_50X4	COMPLETE_50X4	ALREADY_LINKED	REUSE_LINKED	50 seeds x 4 CIF/summary/full-data files present	/storage9920/home/tinghao.xia/Data_V1/val/7eoh	/storage9920/home/tinghao.xia/Data_V2/val/7eoh
7EOI	val	COMPLETE_REBASABLE	COMPLETE_50X4	COMPLETE_50X4	ALREADY_LINKED	REUSE_LINKED	50 seeds x 4 CIF/summary/full-data files present	/storage9920/home/tinghao.xia/Data_V1/val/7eoi	/storage9920/home/tinghao.xia/Data_V2/val/7eoi
7EOJ	val	COMPLETE_REBASABLE	COMPLETE_50X4	COMPLETE_50X4	ALREADY_LINKED	REUSE_LINKED	50 seeds x 4 CIF/summary/full-data files present	/storage9920/home/tinghao.xia/Data_V1/val/7eoj	/storage9920/home/tinghao.xia/Data_V2/val/7eoj
7EOK	val	COMPLETE_REBASABLE	COMPLETE_50X4	COMPLETE_50X4	ALREADY_LINKED	REUSE_LINKED	50 seeds x 4 CIF/summary/full-data files present	/storage9920/home/tinghao.xia/Data_V1/val/7eok	/storage9920/home/tinghao.xia/Data_V2/val/7eok
7EOL	val	COMPLETE_REBASABLE	COMPLETE_50X4	COMPLETE_50X4	ALREADY_LINKED	REUSE_LINKED	50 seeds x 4 CIF/summary/full-data files present	/storage9920/home/tinghao.xia/Data_V1/val/7eol	/storage9920/home/tinghao.xia/Data_V2/val/7eol
7EOM	val	COMPLETE_REBASABLE	COMPLETE_50X4	COMPLETE_50X4	ALREADY_LINKED	REUSE_LINKED	50 seeds x 4 CIF/summary/full-data files present	/storage9920/home/tinghao.xia/Data_V1/val/7eom	/storage9920/home/tinghao.xia/Data_V2/val/7eom
7EON	val	COMPLETE_REBASABLE	COMPLETE_50X4	COMPLETE_50X4	ALREADY_LINKED	REUSE_LINKED	50 seeds x 4 CIF/summary/full-data files present	/storage9920/home/tinghao.xia/Data_V1/val/7eon	/storage9920/home/tinghao.xia/Data_V2/val/7eon
7EOO	val	COMPLETE_REBASABLE	COMPLETE_50X4	COMPLETE_50X4	ALREADY_LINKED	REUSE_LINKED	50 seeds x 4 CIF/summary/full-data files present	/storage9920/home/tinghao.xia/Data_V1/val/7eoo	/storage9920/home/tinghao.xia/Data_V2/val/7eoo
7EOP	val	COMPLETE_REBASABLE	COMPLETE_50X4	COMPLETE_50X4	ALREADY_LINKED	REUSE_LINKED	50 seeds x 4 CIF/summary/full-data files present	/storage9920/home/tinghao.xia/Data_V1/val/7eop	/storage9920/home/tinghao.xia/Data_V2/val/7eop
7EXY	val	COMPLETE_REBASABLE	COMPLETE_50X4	COMPLETE_50X4	ALREADY_LINKED	REUSE_LINKED	50 seeds x 4 CIF/summary/full-data files present	/storage9920/home/tinghao.xia/Data_V1/val/7exy	/storage9920/home/tinghao.xia/Data_V2/val/7exy
7EZ0	train	COMPLETE_REBASABLE	COMPLETE_50X4	COMPLETE_50X4	ALREADY_LINKED	REUSE_LINKED	50 seeds x 4 CIF/summary/full-data files present	/storage9920/home/tinghao.xia/Data_V1/train/7ez0	/storage9920/home/tinghao.xia/Data_V2/train/7ez0
7FHI	val	COMPLETE_REBASABLE	COMPLETE_50X4	COMPLETE_50X4	ALREADY_LINKED	REUSE_LINKED	50 seeds x 4 CIF/summary/full-data files present	/storage9920/home/tinghao.xia/Data_V1/val/7fhi	/storage9920/home/tinghao.xia/Data_V2/val/7fhi
7FJ0	val	COMPLETE_REBASABLE	COMPLETE_50X4	COMPLETE_50X4	ALREADY_LINKED	REUSE_LINKED	50 seeds x 4 CIF/summary/full-data files present	/storage9920/home/tinghao.xia/Data_V1/val/7fj0	/storage9920/home/tinghao.xia/Data_V2/val/7fj0
7JJD	train	COMPLETE_REBASABLE	COMPLETE_50X4	COMPLETE_50X4	ALREADY_LINKED	REUSE_LINKED	50 seeds x 4 CIF/summary/full-data files present	/storage9920/home/tinghao.xia/Data_V1/train/7jjd	/storage9920/home/tinghao.xia/Data_V2/train/7jjd
7JJE	train	COMPLETE_REBASABLE	COMPLETE_50X4	COMPLETE_50X4	ALREADY_LINKED	REUSE_LINKED	50 seeds x 4 CIF/summary/full-data files present	/storage9920/home/tinghao.xia/Data_V1/train/7jje	/storage9920/home/tinghao.xia/Data_V2/train/7jje
7JJF	train	COMPLETE_REBASABLE	COMPLETE_50X4	COMPLETE_50X4	ALREADY_LINKED	REUSE_LINKED	50 seeds x 4 CIF/summary/full-data files present	/storage9920/home/tinghao.xia/Data_V1/train/7jjf	/storage9920/home/tinghao.xia/Data_V2/train/7jjf
7JRR	train	COMPLETE_REBASABLE	COMPLETE_50X4	COMPLETE_50X4	ALREADY_LINKED	REUSE_LINKED	50 seeds x 4 CIF/summary/full-data files present	/storage9920/home/tinghao.xia/Data_V1/train/7jrr	/storage9920/home/tinghao.xia/Data_V2/train/7jrr
7JU1	train	COMPLETE_REBASABLE	COMPLETE_50X4	COMPLETE_50X4	ALREADY_LINKED	REUSE_LINKED	50 seeds x 4 CIF/summary/full-data files present	/storage9920/home/tinghao.xia/Data_V1/train/7ju1	/storage9920/home/tinghao.xia/Data_V2/train/7ju1
7K16	train	COMPLETE_REBASABLE	COMPLETE_50X4	COMPLETE_50X4	ALREADY_LINKED	REUSE_LINKED	50 seeds x 4 CIF/summary/full-data files present	/storage9920/home/tinghao.xia/Data_V1/train/7k16	/storage9920/home/tinghao.xia/Data_V2/train/7k16
7K4L	train	COMPLETE_REBASABLE	COMPLETE_50X4	COMPLETE_50X4	ALREADY_LINKED	REUSE_LINKED	50 seeds x 4 CIF/summary/full-data files present	/storage9920/home/tinghao.xia/Data_V1/train/7k4l	/storage9920/home/tinghao.xia/Data_V2/train/7k4l
7KD1	train	COMPLETE_REBASABLE	COMPLETE_50X4	COMPLETE_50X4	ALREADY_LINKED	REUSE_LINKED	50 seeds x 4 CIF/summary/full-data files present	/storage9920/home/tinghao.xia/Data_V1/train/7kd1	/storage9920/home/tinghao.xia/Data_V2/train/7kd1
7KJU	train	COMPLETE_REBASABLE	COMPLETE_50X4	COMPLETE_50X4	ALREADY_LINKED	REUSE_LINKED	50 seeds x 4 CIF/summary/full-data files present	/storage9920/home/tinghao.xia/Data_V1/train/7kju	/storage9920/home/tinghao.xia/Data_V2/train/7kju
7KUB	val	COMPLETE_REBASABLE	COMPLETE_50X4	COMPLETE_50X4	ALREADY_LINKED	REUSE_LINKED	50 seeds x 4 CIF/summary/full-data files present	/storage9920/home/tinghao.xia/Data_V1/val/7kub	/storage9920/home/tinghao.xia/Data_V2/val/7kub
7KUC	val	COMPLETE_REBASABLE	COMPLETE_50X4	COMPLETE_50X4	ALREADY_LINKED	REUSE_LINKED	50 seeds x 4 CIF/summary/full-data files present	/storage9920/home/tinghao.xia/Data_V1/val/7kuc	/storage9920/home/tinghao.xia/Data_V2/val/7kuc
7KUD	val	COMPLETE_REBASABLE	COMPLETE_50X4	COMPLETE_50X4	ALREADY_LINKED	REUSE_LINKED	50 seeds x 4 CIF/summary/full-data files present	/storage9920/home/tinghao.xia/Data_V1/val/7kud	/storage9920/home/tinghao.xia/Data_V2/val/7kud
7KVT	val	COMPLETE_REBASABLE	COMPLETE_50X4	COMPLETE_50X4	ALREADY_LINKED	REUSE_LINKED	50 seeds x 4 CIF/summary/full-data files present	/storage9920/home/tinghao.xia/Data_V1/val/7kvt	/storage9920/home/tinghao.xia/Data_V2/val/7kvt
7KVU	val	COMPLETE_REBASABLE	COMPLETE_50X4	COMPLETE_50X4	ALREADY_LINKED	REUSE_LINKED	50 seeds x 4 CIF/summary/full-data files present	/storage9920/home/tinghao.xia/Data_V1/val/7kvu	/storage9920/home/tinghao.xia/Data_V2/val/7kvu
7KVV	val	COMPLETE_REBASABLE	COMPLETE_50X4	COMPLETE_50X4	ALREADY_LINKED	REUSE_LINKED	50 seeds x 4 CIF/summary/full-data files present	/storage9920/home/tinghao.xia/Data_V1/val/7kvv	/storage9920/home/tinghao.xia/Data_V2/val/7kvv
7L0Z	train	COMPLETE_REBASABLE	COMPLETE_50X4	COMPLETE_50X4	ALREADY_LINKED	REUSE_LINKED	50 seeds x 4 CIF/summary/full-data files present	/storage9920/home/tinghao.xia/Data_V1/train/7l0z	/storage9920/home/tinghao.xia/Data_V2/train/7l0z
7L3R	train	COMPLETE_REBASABLE	COMPLETE_50X4	COMPLETE_50X4	ALREADY_LINKED	REUSE_LINKED	50 seeds x 4 CIF/summary/full-data files present	/storage9920/home/tinghao.xia/Data_V1/train/7l3r	/storage9920/home/tinghao.xia/Data_V2/train/7l3r
7LVA	train	COMPLETE_REBASABLE				NEW_PREDICTION_REQUIRED	No V1 50x4 prediction run membership		/storage9920/home/tinghao.xia/Data_V2/train/7lva
7LYF	train	COMPLETE_REBASABLE	COMPLETE_50X4	COMPLETE_50X4	ALREADY_LINKED	REUSE_LINKED	50 seeds x 4 CIF/summary/full-data files present	/storage9920/home/tinghao.xia/Data_V1/train/7lyf	/storage9920/home/tinghao.xia/Data_V2/train/7lyf
7LYG	train	COMPLETE_REBASABLE				NEW_PREDICTION_REQUIRED	No V1 50x4 prediction run membership		/storage9920/home/tinghao.xia/Data_V2/train/7lyg
7LYJ	train	COMPLETE_REBASABLE	COMPLETE_50X4	COMPLETE_50X4	ALREADY_LINKED	REUSE_LINKED	50 seeds x 4 CIF/summary/full-data files present	/storage9920/home/tinghao.xia/Data_V1/train/7lyj	/storage9920/home/tinghao.xia/Data_V2/train/7lyj
7M3V	val	COMPLETE_REBASABLE	COMPLETE_50X4	COMPLETE_50X4	ALREADY_LINKED	REUSE_LINKED	50 seeds x 4 CIF/summary/full-data files present	/storage9920/home/tinghao.xia/Data_V1/val/7m3v	/storage9920/home/tinghao.xia/Data_V2/val/7m3v
7MKT	val	COMPLETE_REBASABLE	COMPLETE_50X4	COMPLETE_50X4	ALREADY_LINKED	REUSE_LINKED	50 seeds x 4 CIF/summary/full-data files present	/storage9920/home/tinghao.xia/Data_V1/val/7mkt	/storage9920/home/tinghao.xia/Data_V2/val/7mkt
7MKY	train	COMPLETE_REBASABLE	COMPLETE_50X4	COMPLETE_50X4	ALREADY_LINKED	REUSE_LINKED	50 seeds x 4 CIF/summary/full-data files present	/storage9920/home/tinghao.xia/Data_V1/train/7mky	/storage9920/home/tinghao.xia/Data_V2/train/7mky
7MLW	val	COMPLETE_REBASABLE	COMPLETE_50X4	COMPLETE_50X4	ALREADY_LINKED	REUSE_LINKED	50 seeds x 4 CIF/summary/full-data files present	/storage9920/home/tinghao.xia/Data_V1/val/7mlw	/storage9920/home/tinghao.xia/Data_V2/val/7mlw
7POF	val	COMPLETE_REBASABLE	COMPLETE_50X4	COMPLETE_50X4	ALREADY_LINKED	REUSE_LINKED	50 seeds x 4 CIF/summary/full-data files present	/storage9920/home/tinghao.xia/Data_V1/val/7pof	/storage9920/home/tinghao.xia/Data_V2/val/7pof
7PS8	val	COMPLETE_REBASABLE	COMPLETE_50X4	COMPLETE_50X4	ALREADY_LINKED	REUSE_LINKED	50 seeds x 4 CIF/summary/full-data files present	/storage9920/home/tinghao.xia/Data_V1/val/7ps8	/storage9920/home/tinghao.xia/Data_V2/val/7ps8
7PTK	val	COMPLETE_REBASABLE	COMPLETE_50X4	COMPLETE_50X4	ALREADY_LINKED	REUSE_LINKED	50 seeds x 4 CIF/summary/full-data files present	/storage9920/home/tinghao.xia/Data_V1/val/7ptk	/storage9920/home/tinghao.xia/Data_V2/val/7ptk
7PTL	val	COMPLETE_REBASABLE	COMPLETE_50X4	COMPLETE_50X4	ALREADY_LINKED	REUSE_LINKED	50 seeds x 4 CIF/summary/full-data files present	/storage9920/home/tinghao.xia/Data_V1/val/7ptl	/storage9920/home/tinghao.xia/Data_V2/val/7ptl
7PTQ	val	COMPLETE_REBASABLE	COMPLETE_50X4	COMPLETE_50X4	ALREADY_LINKED	REUSE_LINKED	50 seeds x 4 CIF/summary/full-data files present	/storage9920/home/tinghao.xia/Data_V1/val/7ptq	/storage9920/home/tinghao.xia/Data_V2/val/7ptq
7PTS	val	COMPLETE_REBASABLE	COMPLETE_50X4	COMPLETE_50X4	ALREADY_LINKED	REUSE_LINKED	50 seeds x 4 CIF/summary/full-data files present	/storage9920/home/tinghao.xia/Data_V1/val/7pts	/storage9920/home/tinghao.xia/Data_V2/val/7pts
7Q48	val	COMPLETE_REBASABLE	COMPLETE_50X4	COMPLETE_50X4	ALREADY_LINKED	REUSE_LINKED	50 seeds x 4 CIF/summary/full-data files present	/storage9920/home/tinghao.xia/Data_V1/val/7q48	/storage9920/home/tinghao.xia/Data_V2/val/7q48
7Q6L	val	COMPLETE_REBASABLE	COMPLETE_50X4	COMPLETE_50X4	ALREADY_LINKED	REUSE_LINKED	50 seeds x 4 CIF/summary/full-data files present	/storage9920/home/tinghao.xia/Data_V1/val/7q6l	/storage9920/home/tinghao.xia/Data_V2/val/7q6l
7QA2	val	COMPLETE_REBASABLE	COMPLETE_50X4	COMPLETE_50X4	ALREADY_LINKED	REUSE_LINKED	50 seeds x 4 CIF/summary/full-data files present	/storage9920/home/tinghao.xia/Data_V1/val/7qa2	/storage9920/home/tinghao.xia/Data_V2/val/7qa2
7QDU	val	COMPLETE_REBASABLE	COMPLETE_50X4	COMPLETE_50X4	ALREADY_LINKED	REUSE_LINKED	50 seeds x 4 CIF/summary/full-data files present	/storage9920/home/tinghao.xia/Data_V1/val/7qdu	/storage9920/home/tinghao.xia/Data_V2/val/7qdu
7QP2	val	COMPLETE_REBASABLE	COMPLETE_50X4	COMPLETE_50X4	ALREADY_LINKED	REUSE_LINKED	50 seeds x 4 CIF/summary/full-data files present	/storage9920/home/tinghao.xia/Data_V1/val/7qp2	/storage9920/home/tinghao.xia/Data_V2/val/7qp2
7QSH	val	COMPLETE	COMPLETE_50X4	COMPLETE_50X4	ALREADY_LINKED	REUSE_LINKED	50 seeds x 4 CIF/summary/full-data files present	/storage9920/home/tinghao.xia/Data_V1/val/7qsh	/storage9920/home/tinghao.xia/Data_V2/val/7qsh
7QUA	val	COMPLETE_REBASABLE	COMPLETE_50X4	COMPLETE_50X4	ALREADY_LINKED	REUSE_LINKED	50 seeds x 4 CIF/summary/full-data files present	/storage9920/home/tinghao.xia/Data_V1/val/7qua	/storage9920/home/tinghao.xia/Data_V2/val/7qua
7R6N	val	COMPLETE_REBASABLE	COMPLETE_50X4	COMPLETE_50X4	ALREADY_LINKED	REUSE_LINKED	50 seeds x 4 CIF/summary/full-data files present	/storage9920/home/tinghao.xia/Data_V1/val/7r6n	/storage9920/home/tinghao.xia/Data_V2/val/7r6n
7RWR	val	COMPLETE_REBASABLE	COMPLETE_50X4	COMPLETE_50X4	ALREADY_LINKED	REUSE_LINKED	50 seeds x 4 CIF/summary/full-data files present	/storage9920/home/tinghao.xia/Data_V1/val/7rwr	/storage9920/home/tinghao.xia/Data_V2/val/7rwr
7SAM	val	COMPLETE_REBASABLE	COMPLETE_50X4	COMPLETE_50X4	ALREADY_LINKED	REUSE_LINKED	50 seeds x 4 CIF/summary/full-data files present	/storage9920/home/tinghao.xia/Data_V1/val/7sam	/storage9920/home/tinghao.xia/Data_V2/val/7sam
7SHX	val	COMPLETE_REBASABLE	COMPLETE_50X4	COMPLETE_50X4	ALREADY_LINKED	REUSE_LINKED	50 seeds x 4 CIF/summary/full-data files present	/storage9920/home/tinghao.xia/Data_V1/val/7shx	/storage9920/home/tinghao.xia/Data_V2/val/7shx
7SXP	val	COMPLETE_REBASABLE	COMPLETE_50X4	COMPLETE_50X4	ALREADY_LINKED	REUSE_LINKED	50 seeds x 4 CIF/summary/full-data files present	/storage9920/home/tinghao.xia/Data_V1/val/7sxp	/storage9920/home/tinghao.xia/Data_V2/val/7sxp
7TD7	val	COMPLETE_REBASABLE	COMPLETE_50X4	COMPLETE_50X4	ALREADY_LINKED	REUSE_LINKED	50 seeds x 4 CIF/summary/full-data files present	/storage9920/home/tinghao.xia/Data_V1/val/7td7	/storage9920/home/tinghao.xia/Data_V2/val/7td7
7TDA	val	COMPLETE_REBASABLE	COMPLETE_50X4	COMPLETE_50X4	ALREADY_LINKED	REUSE_LINKED	50 seeds x 4 CIF/summary/full-data files present	/storage9920/home/tinghao.xia/Data_V1/val/7tda	/storage9920/home/tinghao.xia/Data_V2/val/7tda
7TDB	val	COMPLETE_REBASABLE	COMPLETE_50X4	COMPLETE_50X4	ALREADY_LINKED	REUSE_LINKED	50 seeds x 4 CIF/summary/full-data files present	/storage9920/home/tinghao.xia/Data_V1/val/7tdb	/storage9920/home/tinghao.xia/Data_V2/val/7tdb
7TDC	val	COMPLETE_REBASABLE	COMPLETE_50X4	COMPLETE_50X4	ALREADY_LINKED	REUSE_LINKED	50 seeds x 4 CIF/summary/full-data files present	/storage9920/home/tinghao.xia/Data_V1/val/7tdc	/storage9920/home/tinghao.xia/Data_V2/val/7tdc
7TZT	val	COMPLETE_REBASABLE	COMPLETE_50X4	COMPLETE_50X4	ALREADY_LINKED	REUSE_LINKED	50 seeds x 4 CIF/summary/full-data files present	/storage9920/home/tinghao.xia/Data_V1/val/7tzt	/storage9920/home/tinghao.xia/Data_V2/val/7tzt
7TZU	val	COMPLETE_REBASABLE	COMPLETE_50X4	COMPLETE_50X4	ALREADY_LINKED	REUSE_LINKED	50 seeds x 4 CIF/summary/full-data files present	/storage9920/home/tinghao.xia/Data_V1/val/7tzu	/storage9920/home/tinghao.xia/Data_V2/val/7tzu
7U4A	val	COMPLETE_REBASABLE	COMPLETE_50X4	COMPLETE_50X4	ALREADY_LINKED	REUSE_LINKED	50 seeds x 4 CIF/summary/full-data files present	/storage9920/home/tinghao.xia/Data_V1/val/7u4a	/storage9920/home/tinghao.xia/Data_V2/val/7u4a
7UCR	val	COMPLETE_REBASABLE	COMPLETE_50X4	COMPLETE_50X4	ALREADY_LINKED	REUSE_LINKED	50 seeds x 4 CIF/summary/full-data files present	/storage9920/home/tinghao.xia/Data_V1/val/7ucr	/storage9920/home/tinghao.xia/Data_V2/val/7ucr
7UGA	val	COMPLETE_REBASABLE	COMPLETE_50X4	COMPLETE_50X4	ALREADY_LINKED	REUSE_LINKED	50 seeds x 4 CIF/summary/full-data files present	/storage9920/home/tinghao.xia/Data_V1/val/7uga	/storage9920/home/tinghao.xia/Data_V2/val/7uga
7UMC	val	COMPLETE_REBASABLE	COMPLETE_50X4	COMPLETE_50X4	ALREADY_LINKED	REUSE_LINKED	50 seeds x 4 CIF/summary/full-data files present	/storage9920/home/tinghao.xia/Data_V1/val/7umc	/storage9920/home/tinghao.xia/Data_V2/val/7umc
7UMD	val	COMPLETE_REBASABLE	COMPLETE_50X4	COMPLETE_50X4	ALREADY_LINKED	REUSE_LINKED	50 seeds x 4 CIF/summary/full-data files present	/storage9920/home/tinghao.xia/Data_V1/val/7umd	/storage9920/home/tinghao.xia/Data_V2/val/7umd
7UME	val	COMPLETE_REBASABLE	COMPLETE_50X4	COMPLETE_50X4	ALREADY_LINKED	REUSE_LINKED	50 seeds x 4 CIF/summary/full-data files present	/storage9920/home/tinghao.xia/Data_V1/val/7ume	/storage9920/home/tinghao.xia/Data_V2/val/7ume
7UQ6	val	COMPLETE_REBASABLE	COMPLETE_50X4	COMPLETE_50X4	ALREADY_LINKED	REUSE_LINKED	50 seeds x 4 CIF/summary/full-data files present	/storage9920/home/tinghao.xia/Data_V1/val/7uq6	/storage9920/home/tinghao.xia/Data_V2/val/7uq6
7URI	val	COMPLETE	COMPLETE_50X4	COMPLETE_50X4	ALREADY_LINKED	REUSE_LINKED	50 seeds x 4 CIF/summary/full-data files present	/storage9920/home/tinghao.xia/Data_V1/val/7uri	/storage9920/home/tinghao.xia/Data_V2/val/7uri
7URM	val	COMPLETE	COMPLETE_50X4	COMPLETE_50X4	ALREADY_LINKED	REUSE_LINKED	50 seeds x 4 CIF/summary/full-data files present	/storage9920/home/tinghao.xia/Data_V1/val/7urm	/storage9920/home/tinghao.xia/Data_V2/val/7urm
7UVT	val	COMPLETE_REBASABLE	COMPLETE_50X4	COMPLETE_50X4	ALREADY_LINKED	REUSE_LINKED	50 seeds x 4 CIF/summary/full-data files present	/storage9920/home/tinghao.xia/Data_V1/val/7uvt	/storage9920/home/tinghao.xia/Data_V2/val/7uvt
7UZ0	val	COMPLETE_REBASABLE	COMPLETE_50X4	COMPLETE_50X4	ALREADY_LINKED	REUSE_LINKED	50 seeds x 4 CIF/summary/full-data files present	/storage9920/home/tinghao.xia/Data_V1/val/7uz0	/storage9920/home/tinghao.xia/Data_V2/val/7uz0
7V06	val	COMPLETE_REBASABLE	COMPLETE_50X4	COMPLETE_50X4	ALREADY_LINKED	REUSE_LINKED	50 seeds x 4 CIF/summary/full-data files present	/storage9920/home/tinghao.xia/Data_V1/val/7v06	/storage9920/home/tinghao.xia/Data_V2/val/7v06
7V9E	val	COMPLETE_REBASABLE	COMPLETE_50X4	COMPLETE_50X4	ALREADY_LINKED	REUSE_LINKED	50 seeds x 4 CIF/summary/full-data files present	/storage9920/home/tinghao.xia/Data_V1/val/7v9e	/storage9920/home/tinghao.xia/Data_V2/val/7v9e
7VFT	val	COMPLETE_REBASABLE	COMPLETE_50X4	COMPLETE_50X4	ALREADY_LINKED	REUSE_LINKED	50 seeds x 4 CIF/summary/full-data files present	/storage9920/home/tinghao.xia/Data_V1/val/7vft	/storage9920/home/tinghao.xia/Data_V2/val/7vft
7WI9	val	COMPLETE_REBASABLE	COMPLETE_50X4	COMPLETE_50X4	ALREADY_LINKED	REUSE_LINKED	50 seeds x 4 CIF/summary/full-data files present	/storage9920/home/tinghao.xia/Data_V1/val/7wi9	/storage9920/home/tinghao.xia/Data_V2/val/7wi9
7WIA	val	COMPLETE_REBASABLE	COMPLETE_50X4	COMPLETE_50X4	ALREADY_LINKED	REUSE_LINKED	50 seeds x 4 CIF/summary/full-data files present	/storage9920/home/tinghao.xia/Data_V1/val/7wia	/storage9920/home/tinghao.xia/Data_V2/val/7wia
7WIB	val	COMPLETE_REBASABLE	COMPLETE_50X4	COMPLETE_50X4	ALREADY_LINKED	REUSE_LINKED	50 seeds x 4 CIF/summary/full-data files present	/storage9920/home/tinghao.xia/Data_V1/val/7wib	/storage9920/home/tinghao.xia/Data_V2/val/7wib
7WIE	val	COMPLETE_REBASABLE	COMPLETE_50X4	COMPLETE_50X4	ALREADY_LINKED	REUSE_LINKED	50 seeds x 4 CIF/summary/full-data files present	/storage9920/home/tinghao.xia/Data_V1/val/7wie	/storage9920/home/tinghao.xia/Data_V2/val/7wie
7WIF	val	COMPLETE_REBASABLE	COMPLETE_50X4	COMPLETE_50X4	ALREADY_LINKED	REUSE_LINKED	50 seeds x 4 CIF/summary/full-data files present	/storage9920/home/tinghao.xia/Data_V1/val/7wif	/storage9920/home/tinghao.xia/Data_V2/val/7wif
7WII	val	COMPLETE_REBASABLE	COMPLETE_50X4	COMPLETE_50X4	ALREADY_LINKED	REUSE_LINKED	50 seeds x 4 CIF/summary/full-data files present	/storage9920/home/tinghao.xia/Data_V1/val/7wii	/storage9920/home/tinghao.xia/Data_V2/val/7wii
7XD3	val	COMPLETE_REBASABLE	COMPLETE_50X4	COMPLETE_50X4	ALREADY_LINKED	REUSE_LINKED	50 seeds x 4 CIF/summary/full-data files present	/storage9920/home/tinghao.xia/Data_V1/val/7xd3	/storage9920/home/tinghao.xia/Data_V2/val/7xd3
7XD4	val	COMPLETE_REBASABLE	COMPLETE_50X4	COMPLETE_50X4	ALREADY_LINKED	REUSE_LINKED	50 seeds x 4 CIF/summary/full-data files present	/storage9920/home/tinghao.xia/Data_V1/val/7xd4	/storage9920/home/tinghao.xia/Data_V2/val/7xd4
7XD7	val	COMPLETE_REBASABLE	COMPLETE_50X4	COMPLETE_50X4	ALREADY_LINKED	REUSE_LINKED	50 seeds x 4 CIF/summary/full-data files present	/storage9920/home/tinghao.xia/Data_V1/val/7xd7	/storage9920/home/tinghao.xia/Data_V2/val/7xd7
7XSK	val	COMPLETE_REBASABLE	COMPLETE_50X4	COMPLETE_50X4	ALREADY_LINKED	REUSE_LINKED	50 seeds x 4 CIF/summary/full-data files present	/storage9920/home/tinghao.xia/Data_V1/val/7xsk	/storage9920/home/tinghao.xia/Data_V2/val/7xsk
7XSL	val	COMPLETE_REBASABLE	COMPLETE_50X4	COMPLETE_50X4	ALREADY_LINKED	REUSE_LINKED	50 seeds x 4 CIF/summary/full-data files present	/storage9920/home/tinghao.xia/Data_V1/val/7xsl	/storage9920/home/tinghao.xia/Data_V2/val/7xsl
7XSM	val	COMPLETE_REBASABLE	COMPLETE_50X4	COMPLETE_50X4	ALREADY_LINKED	REUSE_LINKED	50 seeds x 4 CIF/summary/full-data files present	/storage9920/home/tinghao.xia/Data_V1/val/7xsm	/storage9920/home/tinghao.xia/Data_V2/val/7xsm
7XSN	val	COMPLETE_REBASABLE	COMPLETE_50X4	COMPLETE_50X4	ALREADY_LINKED	REUSE_LINKED	50 seeds x 4 CIF/summary/full-data files present	/storage9920/home/tinghao.xia/Data_V1/val/7xsn	/storage9920/home/tinghao.xia/Data_V2/val/7xsn
7Y2B	val	COMPLETE_REBASABLE	COMPLETE_50X4	COMPLETE_50X4	ALREADY_LINKED	REUSE_LINKED	50 seeds x 4 CIF/summary/full-data files present	/storage9920/home/tinghao.xia/Data_V1/val/7y2b	/storage9920/home/tinghao.xia/Data_V2/val/7y2b
7YC8	val	COMPLETE_REBASABLE	COMPLETE_50X4	COMPLETE_50X4	ALREADY_LINKED	REUSE_LINKED	50 seeds x 4 CIF/summary/full-data files present	/storage9920/home/tinghao.xia/Data_V1/val/7yc8	/storage9920/home/tinghao.xia/Data_V2/val/7yc8
7ZFW	val	MISSING_UPDATED_JSON				SKIP_PREP_ABANDONED_LONG_CHAIN	V2 split assignment retained; no prediction or PT task		/storage9920/home/tinghao.xia/Data_V2/val/7zfw
7ZJ4	val	COMPLETE_REBASABLE	COMPLETE_50X4	COMPLETE_50X4	ALREADY_LINKED	REUSE_LINKED	50 seeds x 4 CIF/summary/full-data files present	/storage9920/home/tinghao.xia/Data_V1/val/7zj4	/storage9920/home/tinghao.xia/Data_V2/val/7zj4
7ZJ5	val	COMPLETE_REBASABLE	COMPLETE_50X4	COMPLETE_50X4	ALREADY_LINKED	REUSE_LINKED	50 seeds x 4 CIF/summary/full-data files present	/storage9920/home/tinghao.xia/Data_V1/val/7zj5	/storage9920/home/tinghao.xia/Data_V2/val/7zj5
8BTZ	val	COMPLETE_REBASABLE	COMPLETE_50X4	COMPLETE_50X4	ALREADY_LINKED	REUSE_LINKED	50 seeds x 4 CIF/summary/full-data files present	/storage9920/home/tinghao.xia/Data_V1/val/8btz	/storage9920/home/tinghao.xia/Data_V2/val/8btz
8BU8	test	COMPLETE_REBASABLE	COMPLETE_50X4	COMPLETE_50X4	ALREADY_LINKED	REUSE_LINKED	50 seeds x 4 CIF/summary/full-data files present	/storage9920/home/tinghao.xia/Data_V1/test/8bu8	/storage9920/home/tinghao.xia/Data_V2/test/8bu8
8BWT	val	COMPLETE_REBASABLE	COMPLETE_50X4	COMPLETE_50X4	ALREADY_LINKED	REUSE_LINKED	50 seeds x 4 CIF/summary/full-data files present	/storage9920/home/tinghao.xia/Data_V1/val/8bwt	/storage9920/home/tinghao.xia/Data_V2/val/8bwt
8CLR	val	COMPLETE_REBASABLE	COMPLETE_50X4	COMPLETE_50X4	ALREADY_LINKED	REUSE_LINKED	50 seeds x 4 CIF/summary/full-data files present	/storage9920/home/tinghao.xia/Data_V1/val/8clr	/storage9920/home/tinghao.xia/Data_V2/val/8clr
8CQ1	val	COMPLETE_REBASABLE	COMPLETE_50X4	COMPLETE_50X4	ALREADY_LINKED	REUSE_LINKED	50 seeds x 4 CIF/summary/full-data files present	/storage9920/home/tinghao.xia/Data_V1/val/8cq1	/storage9920/home/tinghao.xia/Data_V2/val/8cq1
8FCS	val	COMPLETE_REBASABLE	COMPLETE_50X4	COMPLETE_50X4	ALREADY_LINKED	REUSE_LINKED	50 seeds x 4 CIF/summary/full-data files present	/storage9920/home/tinghao.xia/Data_V1/val/8fcs	/storage9920/home/tinghao.xia/Data_V2/val/8fcs
8FW4	val	COMPLETE_REBASABLE	COMPLETE_50X4	COMPLETE_50X4	ALREADY_LINKED	REUSE_LINKED	50 seeds x 4 CIF/summary/full-data files present	/storage9920/home/tinghao.xia/Data_V1/val/8fw4	/storage9920/home/tinghao.xia/Data_V2/val/8fw4
8HB8	val	COMPLETE_REBASABLE	COMPLETE_50X4	COMPLETE_50X4	ALREADY_LINKED	REUSE_LINKED	50 seeds x 4 CIF/summary/full-data files present	/storage9920/home/tinghao.xia/Data_V1/val/8hb8	/storage9920/home/tinghao.xia/Data_V2/val/8hb8
8HD6	val	COMPLETE_REBASABLE	COMPLETE_50X4	COMPLETE_50X4	ALREADY_LINKED	REUSE_LINKED	50 seeds x 4 CIF/summary/full-data files present	/storage9920/home/tinghao.xia/Data_V1/val/8hd6	/storage9920/home/tinghao.xia/Data_V2/val/8hd6
8HD7	val	COMPLETE_REBASABLE	COMPLETE_50X4	COMPLETE_50X4	ALREADY_LINKED	REUSE_LINKED	50 seeds x 4 CIF/summary/full-data files present	/storage9920/home/tinghao.xia/Data_V1/val/8hd7	/storage9920/home/tinghao.xia/Data_V2/val/8hd7
8I43	val	COMPLETE_REBASABLE	COMPLETE_50X4	COMPLETE_50X4	ALREADY_LINKED	REUSE_LINKED	50 seeds x 4 CIF/summary/full-data files present	/storage9920/home/tinghao.xia/Data_V1/val/8i43	/storage9920/home/tinghao.xia/Data_V2/val/8i43
8I44	val	COMPLETE_REBASABLE	COMPLETE_50X4	COMPLETE_50X4	ALREADY_LINKED	REUSE_LINKED	50 seeds x 4 CIF/summary/full-data files present	/storage9920/home/tinghao.xia/Data_V1/val/8i44	/storage9920/home/tinghao.xia/Data_V2/val/8i44
8I45	val	COMPLETE_REBASABLE	COMPLETE_50X4	COMPLETE_50X4	ALREADY_LINKED	REUSE_LINKED	50 seeds x 4 CIF/summary/full-data files present	/storage9920/home/tinghao.xia/Data_V1/val/8i45	/storage9920/home/tinghao.xia/Data_V2/val/8i45
8I46	val	COMPLETE_REBASABLE	COMPLETE_50X4	COMPLETE_50X4	ALREADY_LINKED	REUSE_LINKED	50 seeds x 4 CIF/summary/full-data files present	/storage9920/home/tinghao.xia/Data_V1/val/8i46	/storage9920/home/tinghao.xia/Data_V2/val/8i46
8I7N	val	COMPLETE_REBASABLE	COMPLETE_50X4	COMPLETE_50X4	ALREADY_LINKED	REUSE_LINKED	50 seeds x 4 CIF/summary/full-data files present	/storage9920/home/tinghao.xia/Data_V1/val/8i7n	/storage9920/home/tinghao.xia/Data_V2/val/8i7n
8ITS	test	COMPLETE_REBASABLE	COMPLETE_50X4	COMPLETE_50X4	ALREADY_LINKED	REUSE_LINKED	50 seeds x 4 CIF/summary/full-data files present	/storage9920/home/tinghao.xia/Data_V1/test/8its	/storage9920/home/tinghao.xia/Data_V2/test/8its
8JHP	test	COMPLETE_REBASABLE	COMPLETE_50X4	COMPLETE_50X4	ALREADY_LINKED	REUSE_LINKED	50 seeds x 4 CIF/summary/full-data files present	/storage9920/home/tinghao.xia/Data_V1/test/8jhp	/storage9920/home/tinghao.xia/Data_V2/test/8jhp
8K15	test	COMPLETE_REBASABLE	COMPLETE_50X4	COMPLETE_50X4	ALREADY_LINKED	REUSE_LINKED	50 seeds x 4 CIF/summary/full-data files present	/storage9920/home/tinghao.xia/Data_V1/test/8k15	/storage9920/home/tinghao.xia/Data_V2/test/8k15
8K7W	test	COMPLETE_REBASABLE	COMPLETE_50X4	COMPLETE_50X4	ALREADY_LINKED	REUSE_LINKED	50 seeds x 4 CIF/summary/full-data files present	/storage9920/home/tinghao.xia/Data_V1/test/8k7w	/storage9920/home/tinghao.xia/Data_V2/test/8k7w
8Q4O	test	COMPLETE_REBASABLE	COMPLETE_50X4	COMPLETE_50X4	ALREADY_LINKED	REUSE_LINKED	50 seeds x 4 CIF/summary/full-data files present	/storage9920/home/tinghao.xia/Data_V1/test/8q4o	/storage9920/home/tinghao.xia/Data_V2/test/8q4o
8Q6N	test	COMPLETE_REBASABLE	COMPLETE_50X4	COMPLETE_50X4	ALREADY_LINKED	REUSE_LINKED	50 seeds x 4 CIF/summary/full-data files present	/storage9920/home/tinghao.xia/Data_V1/test/8q6n	/storage9920/home/tinghao.xia/Data_V2/test/8q6n
8QO2	test	COMPLETE_REBASABLE	COMPLETE_50X4	COMPLETE_50X4	ALREADY_LINKED	REUSE_LINKED	50 seeds x 4 CIF/summary/full-data files present	/storage9920/home/tinghao.xia/Data_V1/test/8qo2	/storage9920/home/tinghao.xia/Data_V2/test/8qo2
8QO3	test	COMPLETE_REBASABLE	COMPLETE_50X4	COMPLETE_50X4	ALREADY_LINKED	REUSE_LINKED	50 seeds x 4 CIF/summary/full-data files present	/storage9920/home/tinghao.xia/Data_V1/test/8qo3	/storage9920/home/tinghao.xia/Data_V2/test/8qo3
8S95	val	COMPLETE_REBASABLE	COMPLETE_50X4	COMPLETE_50X4	ALREADY_LINKED	REUSE_LINKED	50 seeds x 4 CIF/summary/full-data files present	/storage9920/home/tinghao.xia/Data_V1/val/8s95	/storage9920/home/tinghao.xia/Data_V2/val/8s95
8SCF	val	COMPLETE_REBASABLE	COMPLETE_50X4	COMPLETE_50X4	ALREADY_LINKED	REUSE_LINKED	50 seeds x 4 CIF/summary/full-data files present	/storage9920/home/tinghao.xia/Data_V1/val/8scf	/storage9920/home/tinghao.xia/Data_V2/val/8scf
8SCH	val	COMPLETE_REBASABLE	COMPLETE_50X4	COMPLETE_50X4	ALREADY_LINKED	REUSE_LINKED	50 seeds x 4 CIF/summary/full-data files present	/storage9920/home/tinghao.xia/Data_V1/val/8sch	/storage9920/home/tinghao.xia/Data_V2/val/8sch
8SP9	val	COMPLETE_REBASABLE	COMPLETE_50X4	COMPLETE_50X4	ALREADY_LINKED	REUSE_LINKED	50 seeds x 4 CIF/summary/full-data files present	/storage9920/home/tinghao.xia/Data_V1/val/8sp9	/storage9920/home/tinghao.xia/Data_V2/val/8sp9
8T5O	test	COMPLETE_REBASABLE	COMPLETE_50X4	COMPLETE_50X4	ALREADY_LINKED	REUSE_LINKED	50 seeds x 4 CIF/summary/full-data files present	/storage9920/home/tinghao.xia/Data_V1/test/8t5o	/storage9920/home/tinghao.xia/Data_V2/test/8t5o
8THV	val	COMPLETE_REBASABLE	COMPLETE_50X4	COMPLETE_50X4	ALREADY_LINKED	REUSE_LINKED	50 seeds x 4 CIF/summary/full-data files present	/storage9920/home/tinghao.xia/Data_V1/val/8thv	/storage9920/home/tinghao.xia/Data_V2/val/8thv
8TJQ	val	COMPLETE_REBASABLE	COMPLETE_50X4	COMPLETE_50X4	ALREADY_LINKED	REUSE_LINKED	50 seeds x 4 CIF/summary/full-data files present	/storage9920/home/tinghao.xia/Data_V1/val/8tjq	/storage9920/home/tinghao.xia/Data_V2/val/8tjq
8TJV	val	COMPLETE_REBASABLE	COMPLETE_50X4	COMPLETE_50X4	ALREADY_LINKED	REUSE_LINKED	50 seeds x 4 CIF/summary/full-data files present	/storage9920/home/tinghao.xia/Data_V1/val/8tjv	/storage9920/home/tinghao.xia/Data_V2/val/8tjv
8TJX	val	COMPLETE_REBASABLE	COMPLETE_50X4	COMPLETE_50X4	ALREADY_LINKED	REUSE_LINKED	50 seeds x 4 CIF/summary/full-data files present	/storage9920/home/tinghao.xia/Data_V1/val/8tjx	/storage9920/home/tinghao.xia/Data_V2/val/8tjx
8TNS	val	COMPLETE_REBASABLE	COMPLETE_50X4	COMPLETE_50X4	ALREADY_LINKED	REUSE_LINKED	50 seeds x 4 CIF/summary/full-data files present	/storage9920/home/tinghao.xia/Data_V1/val/8tns	/storage9920/home/tinghao.xia/Data_V2/val/8tns
8TVZ	test	COMPLETE_REBASABLE	COMPLETE_50X4	COMPLETE_50X4	ALREADY_LINKED	REUSE_LINKED	50 seeds x 4 CIF/summary/full-data files present	/storage9920/home/tinghao.xia/Data_V1/test/8tvz	/storage9920/home/tinghao.xia/Data_V2/test/8tvz
8U3M	val	COMPLETE_REBASABLE	COMPLETE_50X4	COMPLETE_50X4	ALREADY_LINKED	REUSE_LINKED	50 seeds x 4 CIF/summary/full-data files present	/storage9920/home/tinghao.xia/Data_V1/val/8u3m	/storage9920/home/tinghao.xia/Data_V2/val/8u3m
8UPT	test	COMPLETE	COMPLETE_50X4	COMPLETE_50X4	ALREADY_LINKED	REUSE_LINKED	50 seeds x 4 CIF/summary/full-data files present	/storage9920/home/tinghao.xia/Data_V1/test/8upt	/storage9920/home/tinghao.xia/Data_V2/test/8upt
8UPY	test	COMPLETE	COMPLETE_50X4	COMPLETE_50X4	ALREADY_LINKED	REUSE_LINKED	50 seeds x 4 CIF/summary/full-data files present	/storage9920/home/tinghao.xia/Data_V1/test/8upy	/storage9920/home/tinghao.xia/Data_V2/test/8upy
8UYE	val	COMPLETE_REBASABLE	COMPLETE_50X4	COMPLETE_50X4	ALREADY_LINKED	REUSE_LINKED	50 seeds x 4 CIF/summary/full-data files present	/storage9920/home/tinghao.xia/Data_V1/val/8uye	/storage9920/home/tinghao.xia/Data_V2/val/8uye
8UYG	val	COMPLETE_REBASABLE	COMPLETE_50X4	COMPLETE_50X4	ALREADY_LINKED	REUSE_LINKED	50 seeds x 4 CIF/summary/full-data files present	/storage9920/home/tinghao.xia/Data_V1/val/8uyg	/storage9920/home/tinghao.xia/Data_V2/val/8uyg
8UYJ	val	COMPLETE_REBASABLE	COMPLETE_50X4	COMPLETE_50X4	ALREADY_LINKED	REUSE_LINKED	50 seeds x 4 CIF/summary/full-data files present	/storage9920/home/tinghao.xia/Data_V1/val/8uyj	/storage9920/home/tinghao.xia/Data_V2/val/8uyj
8UYK	val	COMPLETE_REBASABLE	COMPLETE_50X4	COMPLETE_50X4	ALREADY_LINKED	REUSE_LINKED	50 seeds x 4 CIF/summary/full-data files present	/storage9920/home/tinghao.xia/Data_V1/val/8uyk	/storage9920/home/tinghao.xia/Data_V2/val/8uyk
8UYL	val	COMPLETE_REBASABLE	COMPLETE_50X4	COMPLETE_50X4	ALREADY_LINKED	REUSE_LINKED	50 seeds x 4 CIF/summary/full-data files present	/storage9920/home/tinghao.xia/Data_V1/val/8uyl	/storage9920/home/tinghao.xia/Data_V2/val/8uyl
8UYM	val	COMPLETE_REBASABLE	COMPLETE_50X4	COMPLETE_50X4	ALREADY_LINKED	REUSE_LINKED	50 seeds x 4 CIF/summary/full-data files present	/storage9920/home/tinghao.xia/Data_V1/val/8uym	/storage9920/home/tinghao.xia/Data_V2/val/8uym
8UYP	val	COMPLETE_REBASABLE	COMPLETE_50X4	COMPLETE_50X4	ALREADY_LINKED	REUSE_LINKED	50 seeds x 4 CIF/summary/full-data files present	/storage9920/home/tinghao.xia/Data_V1/val/8uyp	/storage9920/home/tinghao.xia/Data_V2/val/8uyp
8UYS	val	COMPLETE_REBASABLE	COMPLETE_50X4	COMPLETE_50X4	ALREADY_LINKED	REUSE_LINKED	50 seeds x 4 CIF/summary/full-data files present	/storage9920/home/tinghao.xia/Data_V1/val/8uys	/storage9920/home/tinghao.xia/Data_V2/val/8uys
8V1H	test	COMPLETE_REBASABLE	COMPLETE_50X4	COMPLETE_50X4	ALREADY_LINKED	REUSE_LINKED	50 seeds x 4 CIF/summary/full-data files present	/storage9920/home/tinghao.xia/Data_V1/test/8v1h	/storage9920/home/tinghao.xia/Data_V2/test/8v1h
8VCI	test	COMPLETE_REBASABLE	COMPLETE_50X4	COMPLETE_50X4	ALREADY_LINKED	REUSE_LINKED	50 seeds x 4 CIF/summary/full-data files present	/storage9920/home/tinghao.xia/Data_V1/test/8vci	/storage9920/home/tinghao.xia/Data_V2/test/8vci
8VT5	test	COMPLETE_REBASABLE	COMPLETE_50X4	COMPLETE_50X4	ALREADY_LINKED	REUSE_LINKED	50 seeds x 4 CIF/summary/full-data files present	/storage9920/home/tinghao.xia/Data_V1/test/8vt5	/storage9920/home/tinghao.xia/Data_V2/test/8vt5
8XTS	test	COMPLETE_REBASABLE	COMPLETE_50X4	COMPLETE_50X4	ALREADY_LINKED	REUSE_LINKED	50 seeds x 4 CIF/summary/full-data files present	/storage9920/home/tinghao.xia/Data_V1/test/8xts	/storage9920/home/tinghao.xia/Data_V2/test/8xts
8XZO	test	COMPLETE_REBASABLE	COMPLETE_50X4	COMPLETE_50X4	ALREADY_LINKED	REUSE_LINKED	50 seeds x 4 CIF/summary/full-data files present	/storage9920/home/tinghao.xia/Data_V1/test/8xzo	/storage9920/home/tinghao.xia/Data_V2/test/8xzo
8ZNQ	test	COMPLETE_REBASABLE	COMPLETE_50X4	COMPLETE_50X4	ALREADY_LINKED	REUSE_LINKED	50 seeds x 4 CIF/summary/full-data files present	/storage9920/home/tinghao.xia/Data_V1/test/8znq	/storage9920/home/tinghao.xia/Data_V2/test/8znq
9BCI	test	COMPLETE_REBASABLE	COMPLETE_50X4	COMPLETE_50X4	ALREADY_LINKED	REUSE_LINKED	50 seeds x 4 CIF/summary/full-data files present	/storage9920/home/tinghao.xia/Data_V1/test/9bci	/storage9920/home/tinghao.xia/Data_V2/test/9bci
9BLM	test	COMPLETE_REBASABLE	COMPLETE_50X4	COMPLETE_50X4	ALREADY_LINKED	REUSE_LINKED	50 seeds x 4 CIF/summary/full-data files present	/storage9920/home/tinghao.xia/Data_V1/test/9blm	/storage9920/home/tinghao.xia/Data_V2/test/9blm
9BZC	test	COMPLETE_REBASABLE	COMPLETE_50X4	COMPLETE_50X4	ALREADY_LINKED	REUSE_LINKED	50 seeds x 4 CIF/summary/full-data files present	/storage9920/home/tinghao.xia/Data_V1/test/9bzc	/storage9920/home/tinghao.xia/Data_V2/test/9bzc
9C6J	test	COMPLETE_REBASABLE	COMPLETE_50X4	COMPLETE_50X4	ALREADY_LINKED	REUSE_LINKED	50 seeds x 4 CIF/summary/full-data files present	/storage9920/home/tinghao.xia/Data_V1/test/9c6j	/storage9920/home/tinghao.xia/Data_V2/test/9c6j
9CXF	test	COMPLETE_REBASABLE	COMPLETE_50X4	COMPLETE_50X4	ALREADY_LINKED	REUSE_LINKED	50 seeds x 4 CIF/summary/full-data files present	/storage9920/home/tinghao.xia/Data_V1/test/9cxf	/storage9920/home/tinghao.xia/Data_V2/test/9cxf
9DE7	test	COMPLETE_REBASABLE	COMPLETE_50X4	COMPLETE_50X4	ALREADY_LINKED	REUSE_LINKED	50 seeds x 4 CIF/summary/full-data files present	/storage9920/home/tinghao.xia/Data_V1/test/9de7	/storage9920/home/tinghao.xia/Data_V2/test/9de7
9E74	test	COMPLETE_REBASABLE	COMPLETE_50X4	COMPLETE_50X4	ALREADY_LINKED	REUSE_LINKED	50 seeds x 4 CIF/summary/full-data files present	/storage9920/home/tinghao.xia/Data_V1/test/9e74	/storage9920/home/tinghao.xia/Data_V2/test/9e74
9E75	test	COMPLETE_REBASABLE	COMPLETE_50X4	COMPLETE_50X4	ALREADY_LINKED	REUSE_LINKED	50 seeds x 4 CIF/summary/full-data files present	/storage9920/home/tinghao.xia/Data_V1/test/9e75	/storage9920/home/tinghao.xia/Data_V2/test/9e75
9ECQ	test	COMPLETE_REBASABLE	COMPLETE_50X4	COMPLETE_50X4	ALREADY_LINKED	REUSE_LINKED	50 seeds x 4 CIF/summary/full-data files present	/storage9920/home/tinghao.xia/Data_V1/test/9ecq	/storage9920/home/tinghao.xia/Data_V2/test/9ecq
9ELY	test	COMPLETE_REBASABLE	COMPLETE_50X4	COMPLETE_50X4	ALREADY_LINKED	REUSE_LINKED	50 seeds x 4 CIF/summary/full-data files present	/storage9920/home/tinghao.xia/Data_V1/test/9ely	/storage9920/home/tinghao.xia/Data_V2/test/9ely
9EOW	test	COMPLETE_REBASABLE	COMPLETE_50X4	COMPLETE_50X4	ALREADY_LINKED	REUSE_LINKED	50 seeds x 4 CIF/summary/full-data files present	/storage9920/home/tinghao.xia/Data_V1/test/9eow	/storage9920/home/tinghao.xia/Data_V2/test/9eow
9EWW	test	COMPLETE_REBASABLE	COMPLETE_50X4	COMPLETE_50X4	ALREADY_LINKED	REUSE_LINKED	50 seeds x 4 CIF/summary/full-data files present	/storage9920/home/tinghao.xia/Data_V1/test/9eww	/storage9920/home/tinghao.xia/Data_V2/test/9eww
9FM4	test	COMPLETE_REBASABLE	COMPLETE_50X4	COMPLETE_50X4	ALREADY_LINKED	REUSE_LINKED	50 seeds x 4 CIF/summary/full-data files present	/storage9920/home/tinghao.xia/Data_V1/test/9fm4	/storage9920/home/tinghao.xia/Data_V2/test/9fm4
9FO8	test	COMPLETE_REBASABLE	COMPLETE_50X4	COMPLETE_50X4	ALREADY_LINKED	REUSE_LINKED	50 seeds x 4 CIF/summary/full-data files present	/storage9920/home/tinghao.xia/Data_V1/test/9fo8	/storage9920/home/tinghao.xia/Data_V2/test/9fo8
9FO9	test	COMPLETE_REBASABLE	COMPLETE_50X4	COMPLETE_50X4	ALREADY_LINKED	REUSE_LINKED	50 seeds x 4 CIF/summary/full-data files present	/storage9920/home/tinghao.xia/Data_V1/test/9fo9	/storage9920/home/tinghao.xia/Data_V2/test/9fo9
9G4I	test	COMPLETE_REBASABLE	COMPLETE_50X4	COMPLETE_50X4	ALREADY_LINKED	REUSE_LINKED	50 seeds x 4 CIF/summary/full-data files present	/storage9920/home/tinghao.xia/Data_V1/test/9g4i	/storage9920/home/tinghao.xia/Data_V2/test/9g4i
9G4R	test	COMPLETE_REBASABLE	COMPLETE_50X4	COMPLETE_50X4	ALREADY_LINKED	REUSE_LINKED	50 seeds x 4 CIF/summary/full-data files present	/storage9920/home/tinghao.xia/Data_V1/test/9g4r	/storage9920/home/tinghao.xia/Data_V2/test/9g4r
9G7C	test	COMPLETE_REBASABLE	COMPLETE_50X4	COMPLETE_50X4	ALREADY_LINKED	REUSE_LINKED	50 seeds x 4 CIF/summary/full-data files present	/storage9920/home/tinghao.xia/Data_V1/test/9g7c	/storage9920/home/tinghao.xia/Data_V2/test/9g7c
9HRF	test	COMPLETE_REBASABLE	COMPLETE_50X4	COMPLETE_50X4	ALREADY_LINKED	REUSE_LINKED	50 seeds x 4 CIF/summary/full-data files present	/storage9920/home/tinghao.xia/Data_V1/test/9hrf	/storage9920/home/tinghao.xia/Data_V2/test/9hrf
9HRO	test	COMPLETE_REBASABLE	COMPLETE_50X4	COMPLETE_50X4	ALREADY_LINKED	REUSE_LINKED	50 seeds x 4 CIF/summary/full-data files present	/storage9920/home/tinghao.xia/Data_V1/test/9hro	/storage9920/home/tinghao.xia/Data_V2/test/9hro
9IOS	test	COMPLETE_REBASABLE	COMPLETE_50X4	COMPLETE_50X4	ALREADY_LINKED	REUSE_LINKED	50 seeds x 4 CIF/summary/full-data files present	/storage9920/home/tinghao.xia/Data_V1/test/9ios	/storage9920/home/tinghao.xia/Data_V2/test/9ios
9ISV	test	COMPLETE_REBASABLE	COMPLETE_50X4	COMPLETE_50X4	ALREADY_LINKED	REUSE_LINKED	50 seeds x 4 CIF/summary/full-data files present	/storage9920/home/tinghao.xia/Data_V1/test/9isv	/storage9920/home/tinghao.xia/Data_V2/test/9isv
9J4N	test	COMPLETE_REBASABLE	COMPLETE_50X4	COMPLETE_50X4	ALREADY_LINKED	REUSE_LINKED	50 seeds x 4 CIF/summary/full-data files present	/storage9920/home/tinghao.xia/Data_V1/test/9j4n	/storage9920/home/tinghao.xia/Data_V2/test/9j4n
9J4O	test	COMPLETE_REBASABLE	COMPLETE_50X4	COMPLETE_50X4	ALREADY_LINKED	REUSE_LINKED	50 seeds x 4 CIF/summary/full-data files present	/storage9920/home/tinghao.xia/Data_V1/test/9j4o	/storage9920/home/tinghao.xia/Data_V2/test/9j4o
9K9G	test	COMPLETE	COMPLETE_50X4	COMPLETE_50X4	ALREADY_LINKED	REUSE_LINKED	50 seeds x 4 CIF/summary/full-data files present	/storage9920/home/tinghao.xia/Data_V1/test/9k9g	/storage9920/home/tinghao.xia/Data_V2/test/9k9g
9K9K	test	COMPLETE	COMPLETE_50X4	COMPLETE_50X4	ALREADY_LINKED	REUSE_LINKED	50 seeds x 4 CIF/summary/full-data files present	/storage9920/home/tinghao.xia/Data_V1/test/9k9k	/storage9920/home/tinghao.xia/Data_V2/test/9k9k
9KGG	test	COMPLETE_REBASABLE	COMPLETE_50X4	COMPLETE_50X4	ALREADY_LINKED	REUSE_LINKED	50 seeds x 4 CIF/summary/full-data files present	/storage9920/home/tinghao.xia/Data_V1/test/9kgg	/storage9920/home/tinghao.xia/Data_V2/test/9kgg
9L8F	test	COMPLETE	COMPLETE_50X4	COMPLETE_50X4	ALREADY_LINKED	REUSE_LINKED	50 seeds x 4 CIF/summary/full-data files present	/storage9920/home/tinghao.xia/Data_V1/test/9l8f	/storage9920/home/tinghao.xia/Data_V2/test/9l8f
9LEC	test	COMPLETE_REBASABLE	COMPLETE_50X4	COMPLETE_50X4	ALREADY_LINKED	REUSE_LINKED	50 seeds x 4 CIF/summary/full-data files present	/storage9920/home/tinghao.xia/Data_V1/test/9lec	/storage9920/home/tinghao.xia/Data_V2/test/9lec
9LEL	test	COMPLETE_REBASABLE	COMPLETE_50X4	COMPLETE_50X4	ALREADY_LINKED	REUSE_LINKED	50 seeds x 4 CIF/summary/full-data files present	/storage9920/home/tinghao.xia/Data_V1/test/9lel	/storage9920/home/tinghao.xia/Data_V2/test/9lel
9LHK	test	COMPLETE_REBASABLE	COMPLETE_50X4	COMPLETE_50X4	ALREADY_LINKED	REUSE_LINKED	50 seeds x 4 CIF/summary/full-data files present	/storage9920/home/tinghao.xia/Data_V1/test/9lhk	/storage9920/home/tinghao.xia/Data_V2/test/9lhk
9LKE	test	COMPLETE_REBASABLE	COMPLETE_50X4	COMPLETE_50X4	ALREADY_LINKED	REUSE_LINKED	50 seeds x 4 CIF/summary/full-data files present	/storage9920/home/tinghao.xia/Data_V1/test/9lke	/storage9920/home/tinghao.xia/Data_V2/test/9lke
9M79	test	COMPLETE_REBASABLE	COMPLETE_50X4	COMPLETE_50X4	ALREADY_LINKED	REUSE_LINKED	50 seeds x 4 CIF/summary/full-data files present	/storage9920/home/tinghao.xia/Data_V1/test/9m79	/storage9920/home/tinghao.xia/Data_V2/test/9m79
9MFH	test	COMPLETE_REBASABLE	COMPLETE_50X4	COMPLETE_50X4	ALREADY_LINKED	REUSE_LINKED	50 seeds x 4 CIF/summary/full-data files present	/storage9920/home/tinghao.xia/Data_V1/test/9mfh	/storage9920/home/tinghao.xia/Data_V2/test/9mfh
9MQT	test	COMPLETE_REBASABLE	COMPLETE_50X4	COMPLETE_50X4	ALREADY_LINKED	REUSE_LINKED	50 seeds x 4 CIF/summary/full-data files present	/storage9920/home/tinghao.xia/Data_V1/test/9mqt	/storage9920/home/tinghao.xia/Data_V2/test/9mqt
9NAM	test	COMPLETE	COMPLETE_50X4	COMPLETE_50X4	ALREADY_LINKED	REUSE_LINKED	50 seeds x 4 CIF/summary/full-data files present	/storage9920/home/tinghao.xia/Data_V1/test/9nam	/storage9920/home/tinghao.xia/Data_V2/test/9nam
9NBC	test	COMPLETE	COMPLETE_50X4	COMPLETE_50X4	ALREADY_LINKED	REUSE_LINKED	50 seeds x 4 CIF/summary/full-data files present	/storage9920/home/tinghao.xia/Data_V1/test/9nbc	/storage9920/home/tinghao.xia/Data_V2/test/9nbc
9NDV	test	COMPLETE	COMPLETE_50X4	COMPLETE_50X4	ALREADY_LINKED	REUSE_LINKED	50 seeds x 4 CIF/summary/full-data files present	/storage9920/home/tinghao.xia/Data_V1/test/9ndv	/storage9920/home/tinghao.xia/Data_V2/test/9ndv
9OBM	test	COMPLETE_REBASABLE	COMPLETE_50X4	COMPLETE_50X4	ALREADY_LINKED	REUSE_LINKED	50 seeds x 4 CIF/summary/full-data files present	/storage9920/home/tinghao.xia/Data_V1/test/9obm	/storage9920/home/tinghao.xia/Data_V2/test/9obm
9OD4	test	COMPLETE_REBASABLE	COMPLETE_50X4	COMPLETE_50X4	ALREADY_LINKED	REUSE_LINKED	50 seeds x 4 CIF/summary/full-data files present	/storage9920/home/tinghao.xia/Data_V1/test/9od4	/storage9920/home/tinghao.xia/Data_V2/test/9od4
9QTJ	test	COMPLETE	COMPLETE_50X4	COMPLETE_50X4	ALREADY_LINKED	REUSE_LINKED	50 seeds x 4 CIF/summary/full-data files present	/storage9920/home/tinghao.xia/Data_V1/test/9qtj	/storage9920/home/tinghao.xia/Data_V2/test/9qtj
9QZJ	test	COMPLETE_REBASABLE	COMPLETE_50X4	COMPLETE_50X4	ALREADY_LINKED	REUSE_LINKED	50 seeds x 4 CIF/summary/full-data files present	/storage9920/home/tinghao.xia/Data_V1/test/9qzj	/storage9920/home/tinghao.xia/Data_V2/test/9qzj
9R7Q	test	COMPLETE	COMPLETE_50X4	COMPLETE_50X4	ALREADY_LINKED	REUSE_LINKED	50 seeds x 4 CIF/summary/full-data files present	/storage9920/home/tinghao.xia/Data_V1/test/9r7q	/storage9920/home/tinghao.xia/Data_V2/test/9r7q
9R7W	test	COMPLETE	COMPLETE_50X4	COMPLETE_50X4	ALREADY_LINKED	REUSE_LINKED	50 seeds x 4 CIF/summary/full-data files present	/storage9920/home/tinghao.xia/Data_V1/test/9r7w	/storage9920/home/tinghao.xia/Data_V2/test/9r7w
9R82	test	COMPLETE				NEW_PREDICTION_REQUIRED	No V1 50x4 prediction run membership		/storage9920/home/tinghao.xia/Data_V2/test/9r82
9SY8	test	COMPLETE	COMPLETE_50X4	COMPLETE_50X4	ALREADY_LINKED	REUSE_LINKED	50 seeds x 4 CIF/summary/full-data files present	/storage9920/home/tinghao.xia/Data_V1/test/9sy8	/storage9920/home/tinghao.xia/Data_V2/test/9sy8
9UUG	test	COMPLETE	COMPLETE_50X4	COMPLETE_50X4	ALREADY_LINKED	REUSE_LINKED	50 seeds x 4 CIF/summary/full-data files present	/storage9920/home/tinghao.xia/Data_V1/test/9uug	/storage9920/home/tinghao.xia/Data_V2/test/9uug
9UW0	test	COMPLETE_REBASABLE	COMPLETE_50X4	COMPLETE_50X4	ALREADY_LINKED	REUSE_LINKED	50 seeds x 4 CIF/summary/full-data files present	/storage9920/home/tinghao.xia/Data_V1/test/9uw0	/storage9920/home/tinghao.xia/Data_V2/test/9uw0
9W1L	test	COMPLETE	COMPLETE_50X4	COMPLETE_50X4	ALREADY_LINKED	REUSE_LINKED	50 seeds x 4 CIF/summary/full-data files present	/storage9920/home/tinghao.xia/Data_V1/test/9w1l	/storage9920/home/tinghao.xia/Data_V2/test/9w1l
9X6B	test	COMPLETE	COMPLETE_50X4	COMPLETE_50X4	ALREADY_LINKED	REUSE_LINKED	50 seeds x 4 CIF/summary/full-data files present	/storage9920/home/tinghao.xia/Data_V1/test/9x6b	/storage9920/home/tinghao.xia/Data_V2/test/9x6b
9Z6I	test	COMPLETE	COMPLETE_50X4	COMPLETE_50X4	ALREADY_LINKED	REUSE_LINKED	50 seeds x 4 CIF/summary/full-data files present	/storage9920/home/tinghao.xia/Data_V1/test/9z6i	/storage9920/home/tinghao.xia/Data_V2/test/9z6i
9ZC9	test	COMPLETE_REBASABLE	COMPLETE_50X4	COMPLETE_50X4	ALREADY_LINKED	REUSE_LINKED	50 seeds x 4 CIF/summary/full-data files present	/storage9920/home/tinghao.xia/Data_V1/test/9zc9	/storage9920/home/tinghao.xia/Data_V2/test/9zc9
