PDB_ID	RELEASE_DATE	INITIAL_SPLIT	STRICT_RANK1_RMSD_ANGSTROM	SELECTION_STATUS	FINAL_SPLIT	FINAL_STATUS	EXCLUSION_REASON	RNA_CHAIN_ID	TARGET_DIRECTORY
10ZT	2026-05-27	test	37.409	SELECTED	test	KEPT		A	/storage9920/home/tinghao.xia/Data_V1/test/10zt
10ZU	2026-05-27	test	30.119	SELECTED		DROP_INTERNAL_REDUNDANT	Non-representative member of a test homology component	A	
11AG	2026-05-27	test	45.924	EXCLUDE_MULTI_RNA_CHAIN		EXCLUDE_MULTI_RNA_CHAIN	RNA_CHAIN_COUNT=2; required exactly 1		
11EH	2026-05-27	test	33.005	SELECTED		DROP_INTERNAL_REDUNDANT	Non-representative member of a test homology component	A	
12CI	2026-05-13	test	32.265	EXCLUDE_MULTI_RNA_CHAIN		EXCLUDE_MULTI_RNA_CHAIN	RNA_CHAIN_COUNT=2; required exactly 1		
12CJ	2026-05-13	test	22.269	EXCLUDE_MULTI_RNA_CHAIN		EXCLUDE_MULTI_RNA_CHAIN	RNA_CHAIN_COUNT=2; required exactly 1		
157D	1994-05-31	train	0.253	EXCLUDE_MULTI_RNA_CHAIN		EXCLUDE_MULTI_RNA_CHAIN	RNA_CHAIN_COUNT=2; required exactly 1		
165D	1994-08-31	train	0.211	EXCLUDE_MULTI_RNA_CHAIN		EXCLUDE_MULTI_RNA_CHAIN	RNA_CHAIN_COUNT=2; required exactly 1		
17RA	1999-04-20	train	2.753	SELECTED	train	KEPT		A	/storage9920/home/tinghao.xia/Data_V1/train/17ra
1A3M	1998-04-29	train	3.053	EXCLUDE_MULTI_RNA_CHAIN		EXCLUDE_MULTI_RNA_CHAIN	RNA_CHAIN_COUNT=2; required exactly 1		
1A4D	1998-04-29	train	4.881	EXCLUDE_MULTI_RNA_CHAIN		EXCLUDE_MULTI_RNA_CHAIN	RNA_CHAIN_COUNT=2; required exactly 1		
1A51	1998-05-27	train	5.196	SELECTED	train	KEPT		A	/storage9920/home/tinghao.xia/Data_V1/train/1a51
1A60	1998-05-27	train	6.659	SELECTED	train	KEPT		A	/storage9920/home/tinghao.xia/Data_V1/train/1a60
1A9L	1998-06-17	train	12.711	SELECTED	train	KEPT		A	/storage9920/home/tinghao.xia/Data_V1/train/1a9l
1AFX	1997-05-15	train	2.013	SELECTED	train	KEPT		A	/storage9920/home/tinghao.xia/Data_V1/train/1afx
1AJF	1997-07-07	train	1.411	SELECTED	train	KEPT		A	/storage9920/home/tinghao.xia/Data_V1/train/1ajf
1AJL	1997-07-07	train	6.536	EXCLUDE_MULTI_RNA_CHAIN		EXCLUDE_MULTI_RNA_CHAIN	RNA_CHAIN_COUNT=2; required exactly 1		
1AJT	1997-08-20	train	7.27	EXCLUDE_MULTI_RNA_CHAIN		EXCLUDE_MULTI_RNA_CHAIN	RNA_CHAIN_COUNT=2; required exactly 1		
1AJU	1997-12-17	train	4.798	SELECTED	train	KEPT		A	/storage9920/home/tinghao.xia/Data_V1/train/1aju
1AKX	1997-11-19	train	4.615	SELECTED	train	KEPT		A	/storage9920/home/tinghao.xia/Data_V1/train/1akx
1AL5	1997-12-17	train	2.578	EXCLUDE_MULTI_RNA_CHAIN		EXCLUDE_MULTI_RNA_CHAIN	RNA_CHAIN_COUNT=2; required exactly 1		
1AM0	1997-07-23	train	10.199	SELECTED	train	KEPT		A	/storage9920/home/tinghao.xia/Data_V1/train/1am0
1ANR	1997-01-11	train	5.183	SELECTED	train	KEPT		A	/storage9920/home/tinghao.xia/Data_V1/train/1anr
1AQO	1998-02-04	train	3.489	SELECTED	train	KEPT		A	/storage9920/home/tinghao.xia/Data_V1/train/1aqo
1ARJ	1996-11-08	train	4.452	SELECTED	train	KEPT		N	/storage9920/home/tinghao.xia/Data_V1/train/1arj
1ATO	1997-11-12	train	2.365	SELECTED	train	KEPT		A	/storage9920/home/tinghao.xia/Data_V1/train/1ato
1ATV	1998-02-25	train	2.771	SELECTED	train	KEPT		A	/storage9920/home/tinghao.xia/Data_V1/train/1atv
1ATW	1998-02-25	train	2.787	SELECTED	train	KEPT		A	/storage9920/home/tinghao.xia/Data_V1/train/1atw
1B36	1998-12-23	train	7.295	SELECTED	train	KEPT		A	/storage9920/home/tinghao.xia/Data_V1/train/1b36
1BAU	1999-04-27	train	23.606	EXCLUDE_MULTI_RNA_CHAIN		EXCLUDE_MULTI_RNA_CHAIN	RNA_CHAIN_COUNT=2; required exactly 1		
1BGZ	1999-01-13	train	4.325	SELECTED	train	KEPT		A	/storage9920/home/tinghao.xia/Data_V1/train/1bgz
1BJ2	1999-02-02	train	7.067	EXCLUDE_MULTI_RNA_CHAIN		EXCLUDE_MULTI_RNA_CHAIN	RNA_CHAIN_COUNT=2; required exactly 1		
1BN0	1999-04-27	train	3.039	SELECTED	train	KEPT		A	/storage9920/home/tinghao.xia/Data_V1/train/1bn0
1BVJ	1998-12-09	train	1.645	SELECTED	train	KEPT		A	/storage9920/home/tinghao.xia/Data_V1/train/1bvj
1BYJ	1999-10-29	train	1.793	SELECTED	train	KEPT		A	/storage9920/home/tinghao.xia/Data_V1/train/1byj
1BZ2	1999-04-27	train	1.273	SELECTED	train	KEPT		A	/storage9920/home/tinghao.xia/Data_V1/train/1bz2
1BZ3	1999-04-27	train	2.299	SELECTED	train	KEPT		A	/storage9920/home/tinghao.xia/Data_V1/train/1bz3
1BZT	1999-04-27	train	2.895	SELECTED	train	KEPT		A	/storage9920/home/tinghao.xia/Data_V1/train/1bzt
1BZU	1999-04-27	train	2.581	SELECTED	train	KEPT		A	/storage9920/home/tinghao.xia/Data_V1/train/1bzu
1C0O	1999-08-31	train	1.276	SELECTED	train	KEPT		A	/storage9920/home/tinghao.xia/Data_V1/train/1c0o
1C2W	2000-04-10	train	36.615	EXCLUDE_TRAIN_RMSD_CUTOFF		EXCLUDE_TRAIN_RMSD_CUTOFF	strict rank-1 RMSD 36.615 A > 15 A	B	
1C2X	2000-04-10	train	10.549	SELECTED	train	KEPT		C	/storage9920/home/tinghao.xia/Data_V1/train/1c2x
1C4L	2000-08-09	train	1.657	EXCLUDE_MULTI_RNA_CHAIN		EXCLUDE_MULTI_RNA_CHAIN	RNA_CHAIN_COUNT=2; required exactly 1		
1CQ5	1999-08-23	train	4.194	SELECTED	train	KEPT		A	/storage9920/home/tinghao.xia/Data_V1/train/1cq5
1CQL	2000-01-14	train	6.24	SELECTED	train	KEPT		A	/storage9920/home/tinghao.xia/Data_V1/train/1cql
1CSL	2000-02-14	train	0.36	EXCLUDE_MULTI_RNA_CHAIN		EXCLUDE_MULTI_RNA_CHAIN	RNA_CHAIN_COUNT=2; required exactly 1		
1D0T	2000-05-24	train	1.874	SELECTED	train	KEPT		A	/storage9920/home/tinghao.xia/Data_V1/train/1d0t
1D0U	2000-05-24	train	2.01	SELECTED	train	KEPT		A	/storage9920/home/tinghao.xia/Data_V1/train/1d0u
1D4R	1999-12-02	train	24.97	EXCLUDE_MULTI_RNA_CHAIN		EXCLUDE_MULTI_RNA_CHAIN	RNA_CHAIN_COUNT=3; required exactly 1		
1DDY	2000-01-01	train	25.25	EXCLUDE_MULTI_RNA_CHAIN		EXCLUDE_MULTI_RNA_CHAIN	RNA_CHAIN_COUNT=4; required exactly 1		
1DQF	2000-11-13	train	0.235	EXCLUDE_MULTI_RNA_CHAIN		EXCLUDE_MULTI_RNA_CHAIN	RNA_CHAIN_COUNT=2; required exactly 1		
1DQH	2000-11-13	train	0.281	EXCLUDE_MULTI_RNA_CHAIN		EXCLUDE_MULTI_RNA_CHAIN	RNA_CHAIN_COUNT=2; required exactly 1		
1DUH	2000-05-08	train	37.703	EXCLUDE_TRAIN_RMSD_CUTOFF		EXCLUDE_TRAIN_RMSD_CUTOFF	strict rank-1 RMSD 37.703 A > 15 A	A	
1DUQ	2000-05-16	train	18.347	EXCLUDE_MULTI_RNA_CHAIN		EXCLUDE_MULTI_RNA_CHAIN	RNA_CHAIN_COUNT=8; required exactly 1		
1E4P	2001-01-16	train	4.141	SELECTED	train	KEPT		A	/storage9920/home/tinghao.xia/Data_V1/train/1e4p
1E95	2001-08-23	train	3.848	SELECTED	train	KEPT		A	/storage9920/home/tinghao.xia/Data_V1/train/1e95
1EBQ	1997-07-07	train	3.357	SELECTED	train	KEPT		A	/storage9920/home/tinghao.xia/Data_V1/train/1ebq
1EBR	1997-07-07	train	5.449	SELECTED	train	KEPT		A	/storage9920/home/tinghao.xia/Data_V1/train/1ebr
1EBS	1997-07-07	train	4.054	SELECTED	train	KEPT		A	/storage9920/home/tinghao.xia/Data_V1/train/1ebs
1EHT	1997-12-24	train	4.908	SELECTED	train	KEPT		A	/storage9920/home/tinghao.xia/Data_V1/train/1eht
1EHZ	2000-10-02	train	1.18	SELECTED	train	KEPT		A	/storage9920/home/tinghao.xia/Data_V1/train/1ehz
1EI2	2000-03-06	train	3.366	SELECTED	train	KEPT		A	/storage9920/home/tinghao.xia/Data_V1/train/1ei2
1EKA	2000-11-13	train	2.653	EXCLUDE_MULTI_RNA_CHAIN		EXCLUDE_MULTI_RNA_CHAIN	RNA_CHAIN_COUNT=2; required exactly 1		
1EKD	2000-11-13	train	1.736	EXCLUDE_MULTI_RNA_CHAIN		EXCLUDE_MULTI_RNA_CHAIN	RNA_CHAIN_COUNT=2; required exactly 1		
1ELH	1994-01-31	train	2.363	EXCLUDE_MULTI_RNA_CHAIN		EXCLUDE_MULTI_RNA_CHAIN	RNA_CHAIN_COUNT=2; required exactly 1		
1ESH	2000-04-24	train	1.821	SELECTED	train	KEPT		A	/storage9920/home/tinghao.xia/Data_V1/train/1esh
1ESY	2000-05-31	train	2.805	SELECTED	train	KEPT		A	/storage9920/home/tinghao.xia/Data_V1/train/1esy
1ET4	2000-11-13	train	25.614	EXCLUDE_MULTI_RNA_CHAIN		EXCLUDE_MULTI_RNA_CHAIN	RNA_CHAIN_COUNT=5; required exactly 1		
1EVV	2000-05-01	train	0.759	SELECTED	train	KEPT		A	/storage9920/home/tinghao.xia/Data_V1/train/1evv
1F1T	2000-09-04	train	0.445	SELECTED	train	KEPT		A	/storage9920/home/tinghao.xia/Data_V1/train/1f1t
1F27	2000-06-12	train	0.149	EXCLUDE_MULTI_RNA_CHAIN		EXCLUDE_MULTI_RNA_CHAIN	RNA_CHAIN_COUNT=2; required exactly 1		
1F5G	2000-06-26	train	1.824	EXCLUDE_MULTI_RNA_CHAIN		EXCLUDE_MULTI_RNA_CHAIN	RNA_CHAIN_COUNT=2; required exactly 1		
1F5H	2000-06-26	train	1.623	EXCLUDE_MULTI_RNA_CHAIN		EXCLUDE_MULTI_RNA_CHAIN	RNA_CHAIN_COUNT=2; required exactly 1		
1F5U	2000-08-21	train	20.944	EXCLUDE_MULTI_RNA_CHAIN		EXCLUDE_MULTI_RNA_CHAIN	RNA_CHAIN_COUNT=2; required exactly 1		
1F6X	2000-10-09	train	2.312	SELECTED	train	KEPT		A	/storage9920/home/tinghao.xia/Data_V1/train/1f6x
1F6Z	2000-10-09	train	2.751	SELECTED	train	KEPT		A	/storage9920/home/tinghao.xia/Data_V1/train/1f6z
1F78	2000-10-09	train	2.573	SELECTED	train	KEPT		A	/storage9920/home/tinghao.xia/Data_V1/train/1f78
1F79	2000-10-09	train	3.097	SELECTED	train	KEPT		A	/storage9920/home/tinghao.xia/Data_V1/train/1f79
1F7F	2000-10-09	train	3.365	SELECTED	train	KEPT		A	/storage9920/home/tinghao.xia/Data_V1/train/1f7f
1F7G	2000-10-09	train	3.174	SELECTED	train	KEPT		A	/storage9920/home/tinghao.xia/Data_V1/train/1f7g
1F7H	2000-10-09	train	4.52	SELECTED	train	KEPT		A	/storage9920/home/tinghao.xia/Data_V1/train/1f7h
1F7I	2000-10-09	train	3.189	SELECTED	train	KEPT		A	/storage9920/home/tinghao.xia/Data_V1/train/1f7i
1F84	2000-11-17	train	2.606	SELECTED	train	KEPT		A	/storage9920/home/tinghao.xia/Data_V1/train/1f84
1F85	2000-11-17	train	1.469	SELECTED	train	KEPT		A	/storage9920/home/tinghao.xia/Data_V1/train/1f85
1F9L	2000-07-26	train	3.011	SELECTED	train	KEPT		A	/storage9920/home/tinghao.xia/Data_V1/train/1f9l
1FCW	2000-08-11	train	28.316	EXCLUDE_MULTI_RNA_CHAIN		EXCLUDE_MULTI_RNA_CHAIN	RNA_CHAIN_COUNT=5; required exactly 1		
1FEQ	2000-11-22	train	3.564	SELECTED	train	KEPT		A	/storage9920/home/tinghao.xia/Data_V1/train/1feq
1FG0	2000-08-28	train	40.88	EXCLUDE_MULTI_RNA_CHAIN		EXCLUDE_MULTI_RNA_CHAIN	RNA_CHAIN_COUNT=2; required exactly 1		
1FHK	2001-03-21	train	2.139	SELECTED	train	KEPT		A	/storage9920/home/tinghao.xia/Data_V1/train/1fhk
1FIR	2001-01-17	train	1.433	SELECTED	train	KEPT		A	/storage9920/home/tinghao.xia/Data_V1/train/1fir
1FL8	2000-10-16	train	1.381	SELECTED	train	KEPT		A	/storage9920/home/tinghao.xia/Data_V1/train/1fl8
1FMN	1996-07-11	train	5.29	SELECTED	train	KEPT		A	/storage9920/home/tinghao.xia/Data_V1/train/1fmn
1FOQ	2000-12-22	train	38.776	EXCLUDE_MULTI_RNA_CHAIN		EXCLUDE_MULTI_RNA_CHAIN	RNA_CHAIN_COUNT=5; required exactly 1		
1FQZ	2001-01-17	train	1.241	SELECTED	train	KEPT		A	/storage9920/home/tinghao.xia/Data_V1/train/1fqz
1FUF	2001-11-09	train	0.134	EXCLUDE_MULTI_RNA_CHAIN		EXCLUDE_MULTI_RNA_CHAIN	RNA_CHAIN_COUNT=2; required exactly 1		
1FYO	2001-03-14	train	4.322	SELECTED	train	KEPT		A	/storage9920/home/tinghao.xia/Data_V1/train/1fyo
1FYP	2001-03-14	train	2.567	SELECTED	train	KEPT		A	/storage9920/home/tinghao.xia/Data_V1/train/1fyp
1G2J	2000-12-06	train	6.131	SELECTED	train	KEPT		A	/storage9920/home/tinghao.xia/Data_V1/train/1g2j
1G3A	2001-08-01	train	0.995	EXCLUDE_MULTI_RNA_CHAIN		EXCLUDE_MULTI_RNA_CHAIN	RNA_CHAIN_COUNT=2; required exactly 1		
1GID	1996-12-31	train	29.016	EXCLUDE_MULTI_RNA_CHAIN		EXCLUDE_MULTI_RNA_CHAIN	RNA_CHAIN_COUNT=2; required exactly 1		
1GRZ	1998-11-24	train	47.031	EXCLUDE_MULTI_RNA_CHAIN		EXCLUDE_MULTI_RNA_CHAIN	RNA_CHAIN_COUNT=2; required exactly 1		
1GUC	1997-02-12	train	0.945	EXCLUDE_MULTI_RNA_CHAIN		EXCLUDE_MULTI_RNA_CHAIN	RNA_CHAIN_COUNT=2; required exactly 1		
1H0Q	2003-07-17	train	0.859	EXCLUDE_MULTI_RNA_CHAIN		EXCLUDE_MULTI_RNA_CHAIN	RNA_CHAIN_COUNT=2; required exactly 1		
1H1K	2002-09-26	train	342.239	EXCLUDE_MULTI_RNA_CHAIN		EXCLUDE_MULTI_RNA_CHAIN	RNA_CHAIN_COUNT=6; required exactly 1		
1HLX	1995-09-15	train	2.046	SELECTED	train	KEPT		A	/storage9920/home/tinghao.xia/Data_V1/train/1hlx
1HR2	2001-04-12	train	40.209	EXCLUDE_MULTI_RNA_CHAIN		EXCLUDE_MULTI_RNA_CHAIN	RNA_CHAIN_COUNT=2; required exactly 1		
1HS1	2003-09-02	train	2.916	SELECTED	train	KEPT		A	/storage9920/home/tinghao.xia/Data_V1/train/1hs1
1HS2	2001-08-29	train	1.782	SELECTED	train	KEPT		A	/storage9920/home/tinghao.xia/Data_V1/train/1hs2
1HS3	2003-09-02	train	1.792	SELECTED	train	KEPT		A	/storage9920/home/tinghao.xia/Data_V1/train/1hs3
1HS4	2003-09-02	train	1.974	SELECTED	train	KEPT		A	/storage9920/home/tinghao.xia/Data_V1/train/1hs4
1HS8	2003-09-02	train	2.625	SELECTED	train	KEPT		A	/storage9920/home/tinghao.xia/Data_V1/train/1hs8
1HWQ	2001-05-16	train	5.251	SELECTED	train	KEPT		A	/storage9920/home/tinghao.xia/Data_V1/train/1hwq
1I3X	2001-04-04	train	2.844	SELECTED	train	KEPT		A	/storage9920/home/tinghao.xia/Data_V1/train/1i3x
1I3Y	2001-04-04	train	2.956	SELECTED	train	KEPT		A	/storage9920/home/tinghao.xia/Data_V1/train/1i3y
1I46	2001-04-21	train	1.597	SELECTED	train	KEPT		A	/storage9920/home/tinghao.xia/Data_V1/train/1i46
1I4B	2001-04-21	train	1.891	SELECTED	train	KEPT		A	/storage9920/home/tinghao.xia/Data_V1/train/1i4b
1I4C	2001-04-21	train	2.069	SELECTED	train	KEPT		A	/storage9920/home/tinghao.xia/Data_V1/train/1i4c
1I7J	2001-09-21	train	0.78	EXCLUDE_MULTI_RNA_CHAIN		EXCLUDE_MULTI_RNA_CHAIN	RNA_CHAIN_COUNT=2; required exactly 1		
1I9K	2001-05-30	train	3.782	EXCLUDE_MULTI_RNA_CHAIN		EXCLUDE_MULTI_RNA_CHAIN	RNA_CHAIN_COUNT=4; required exactly 1		
1I9V	2001-06-04	train	0.7	SELECTED	train	KEPT		A	/storage9920/home/tinghao.xia/Data_V1/train/1i9v
1I9X	2001-09-05	train	0.257	EXCLUDE_MULTI_RNA_CHAIN		EXCLUDE_MULTI_RNA_CHAIN	RNA_CHAIN_COUNT=2; required exactly 1		
1IDV	2001-10-05	train	2.139	SELECTED	train	KEPT		A	/storage9920/home/tinghao.xia/Data_V1/train/1idv
1IE1	2001-06-20	train	4.828	SELECTED	train	KEPT		A	/storage9920/home/tinghao.xia/Data_V1/train/1ie1
1IE2	2001-06-20	train	4.814	SELECTED	train	KEPT		A	/storage9920/home/tinghao.xia/Data_V1/train/1ie2
1IK1	2001-07-18	train	2.095	SELECTED	train	KEPT		A	/storage9920/home/tinghao.xia/Data_V1/train/1ik1
1IK5	2001-11-09	train	0.182	EXCLUDE_MULTI_RNA_CHAIN		EXCLUDE_MULTI_RNA_CHAIN	RNA_CHAIN_COUNT=2; required exactly 1		
1IKD	1997-04-01	train	2.122	SELECTED	train	KEPT		A	/storage9920/home/tinghao.xia/Data_V1/train/1ikd
1J4Y	2002-07-17	train	3.688	SELECTED	train	KEPT		A	/storage9920/home/tinghao.xia/Data_V1/train/1j4y
1J6S	2003-08-05	train	16.497	EXCLUDE_MULTI_RNA_CHAIN		EXCLUDE_MULTI_RNA_CHAIN	RNA_CHAIN_COUNT=4; required exactly 1		
1J7T	2002-05-18	train	0.717	EXCLUDE_MULTI_RNA_CHAIN		EXCLUDE_MULTI_RNA_CHAIN	RNA_CHAIN_COUNT=2; required exactly 1		
1J8G	2001-11-23	train	11.761	EXCLUDE_MULTI_RNA_CHAIN		EXCLUDE_MULTI_RNA_CHAIN	RNA_CHAIN_COUNT=4; required exactly 1		
1J9H	2001-10-26	train	11.161	EXCLUDE_MULTI_RNA_CHAIN		EXCLUDE_MULTI_RNA_CHAIN	RNA_CHAIN_COUNT=4; required exactly 1		
1JO7	2001-09-19	train	4.779	SELECTED	train	KEPT		A	/storage9920/home/tinghao.xia/Data_V1/train/1jo7
1JOX	2002-05-01	train	3.263	SELECTED	train	KEPT		A	/storage9920/home/tinghao.xia/Data_V1/train/1jox
1JP0	2002-05-01	train	2.959	SELECTED	train	KEPT		A	/storage9920/home/tinghao.xia/Data_V1/train/1jp0
1JTJ	2002-12-11	train	4.686	SELECTED	train	KEPT		A	/storage9920/home/tinghao.xia/Data_V1/train/1jtj
1JTW	2001-12-12	train	1.443	SELECTED	train	KEPT		A	/storage9920/home/tinghao.xia/Data_V1/train/1jtw
1JU1	2002-08-23	train	4.792	EXCLUDE_MULTI_RNA_CHAIN		EXCLUDE_MULTI_RNA_CHAIN	RNA_CHAIN_COUNT=2; required exactly 1		
1JU7	2002-03-20	train	3.232	SELECTED	train	KEPT		A	/storage9920/home/tinghao.xia/Data_V1/train/1ju7
1JUR	2002-01-16	train	2.158	SELECTED	train	KEPT		A	/storage9920/home/tinghao.xia/Data_V1/train/1jur
1JWC	2002-03-20	train	3.186	SELECTED	train	KEPT		A	/storage9920/home/tinghao.xia/Data_V1/train/1jwc
1JZC	2003-10-07	train	2.571	SELECTED	train	KEPT		A	/storage9920/home/tinghao.xia/Data_V1/train/1jzc
1JZV	2003-11-11	train	9.585	EXCLUDE_MULTI_RNA_CHAIN		EXCLUDE_MULTI_RNA_CHAIN	RNA_CHAIN_COUNT=4; required exactly 1		
1K2G	2002-05-08	train	7.239	SELECTED	train	KEPT		A	/storage9920/home/tinghao.xia/Data_V1/train/1k2g
1K4A	2001-12-19	train	2.239	SELECTED	train	KEPT		A	/storage9920/home/tinghao.xia/Data_V1/train/1k4a
1K4B	2001-12-19	train	1.504	SELECTED	train	KEPT		A	/storage9920/home/tinghao.xia/Data_V1/train/1k4b
1K5I	2001-10-17	train	1.993	SELECTED	train	KEPT		A	/storage9920/home/tinghao.xia/Data_V1/train/1k5i
1K6G	2001-12-19	train	2.273	SELECTED	train	KEPT		A	/storage9920/home/tinghao.xia/Data_V1/train/1k6g
1K6H	2001-12-19	train	1.353	SELECTED	train	KEPT		A	/storage9920/home/tinghao.xia/Data_V1/train/1k6h
1K8S	2001-11-14	train	3.009	EXCLUDE_MULTI_RNA_CHAIN		EXCLUDE_MULTI_RNA_CHAIN	RNA_CHAIN_COUNT=2; required exactly 1		
1K9W	2001-11-30	train	29.333	EXCLUDE_MULTI_RNA_CHAIN		EXCLUDE_MULTI_RNA_CHAIN	RNA_CHAIN_COUNT=4; required exactly 1		
1KAJ	1996-07-11	train	9.566	SELECTED	train	KEPT		A	/storage9920/home/tinghao.xia/Data_V1/train/1kaj
1KD3	2003-03-04	train	0.49	EXCLUDE_MULTI_RNA_CHAIN		EXCLUDE_MULTI_RNA_CHAIN	RNA_CHAIN_COUNT=2; required exactly 1		
1KD4	2003-03-04	train	0.548	EXCLUDE_MULTI_RNA_CHAIN		EXCLUDE_MULTI_RNA_CHAIN	RNA_CHAIN_COUNT=2; required exactly 1		
1KD5	2003-03-04	train	0.561	EXCLUDE_MULTI_RNA_CHAIN		EXCLUDE_MULTI_RNA_CHAIN	RNA_CHAIN_COUNT=2; required exactly 1		
1KFO	2001-12-07	train	16.236	EXCLUDE_TRAIN_RMSD_CUTOFF		EXCLUDE_TRAIN_RMSD_CUTOFF	strict rank-1 RMSD 16.236 A > 15 A	A	
1KH6	2002-04-26	train	4.867	SELECTED	train	KEPT		A	/storage9920/home/tinghao.xia/Data_V1/train/1kh6
1KIS	1997-10-15	train	2.628	EXCLUDE_MULTI_RNA_CHAIN		EXCLUDE_MULTI_RNA_CHAIN	RNA_CHAIN_COUNT=2; required exactly 1		
1KKA	2002-07-17	train	4.556	SELECTED	train	KEPT		A	/storage9920/home/tinghao.xia/Data_V1/train/1kka
1KKS	2002-03-13	train	4.472	SELECTED	train	KEPT		A	/storage9920/home/tinghao.xia/Data_V1/train/1kks
1KOC	1996-08-17	train	12.142	EXCLUDE_MULTI_RNA_CHAIN		EXCLUDE_MULTI_RNA_CHAIN	RNA_CHAIN_COUNT=2; required exactly 1		
1KOD	1996-11-08	train	3.481	EXCLUDE_MULTI_RNA_CHAIN		EXCLUDE_MULTI_RNA_CHAIN	RNA_CHAIN_COUNT=2; required exactly 1		
1KOS	1999-10-22	train	2.823	SELECTED	train	KEPT		A	/storage9920/home/tinghao.xia/Data_V1/train/1kos
1KP7	2002-04-10	train	5.404	SELECTED	train	KEPT		A	/storage9920/home/tinghao.xia/Data_V1/train/1kp7
1KPD	1997-04-01	train	6.183	SELECTED	train	KEPT		A	/storage9920/home/tinghao.xia/Data_V1/train/1kpd
1KPY	2002-01-11	train	4.032	SELECTED	train	KEPT		A	/storage9920/home/tinghao.xia/Data_V1/train/1kpy
1KPZ	2002-01-11	train	3.984	SELECTED	train	KEPT		A	/storage9920/home/tinghao.xia/Data_V1/train/1kpz
1KXK	2002-03-22	train	6.511	SELECTED	train	KEPT		A	/storage9920/home/tinghao.xia/Data_V1/train/1kxk
1L1W	2002-05-22	train	1.652	SELECTED	train	KEPT		A	/storage9920/home/tinghao.xia/Data_V1/train/1l1w
1L2X	2002-03-22	train	0.454	SELECTED	train	KEPT		A	/storage9920/home/tinghao.xia/Data_V1/train/1l2x
1L3D	2002-03-22	train	0.617	SELECTED	train	KEPT		A	/storage9920/home/tinghao.xia/Data_V1/train/1l3d
1L3Z	2003-02-25	train	12.806	EXCLUDE_MULTI_RNA_CHAIN		EXCLUDE_MULTI_RNA_CHAIN	RNA_CHAIN_COUNT=2; required exactly 1		
1L8V	2002-08-23	train	5.458	EXCLUDE_MULTI_RNA_CHAIN		EXCLUDE_MULTI_RNA_CHAIN	RNA_CHAIN_COUNT=2; required exactly 1		
1LC4	2003-04-08	train	0.652	EXCLUDE_MULTI_RNA_CHAIN		EXCLUDE_MULTI_RNA_CHAIN	RNA_CHAIN_COUNT=2; required exactly 1		
1LC6	2002-05-29	train	5.416	SELECTED	train	KEPT		A	/storage9920/home/tinghao.xia/Data_V1/train/1lc6
1LDZ	1998-11-25	train	4.149	SELECTED	train	KEPT		A	/storage9920/home/tinghao.xia/Data_V1/train/1ldz
1LMV	2002-11-27	train	2.53	EXCLUDE_MULTI_RNA_CHAIN		EXCLUDE_MULTI_RNA_CHAIN	RNA_CHAIN_COUNT=2; required exactly 1		
1LNT	2003-06-03	train	0.111	EXCLUDE_MULTI_RNA_CHAIN		EXCLUDE_MULTI_RNA_CHAIN	RNA_CHAIN_COUNT=2; required exactly 1		
1LPW	2002-11-27	train	4.109	EXCLUDE_MULTI_RNA_CHAIN		EXCLUDE_MULTI_RNA_CHAIN	RNA_CHAIN_COUNT=2; required exactly 1		
1LU3	2002-06-26	train	0.926	SELECTED	train	KEPT		A	/storage9920/home/tinghao.xia/Data_V1/train/1lu3
1LUU	2003-09-09	train	3.384	SELECTED	train	KEPT		A	/storage9920/home/tinghao.xia/Data_V1/train/1luu
1LUX	2003-09-09	train	3.258	SELECTED	train	KEPT		A	/storage9920/home/tinghao.xia/Data_V1/train/1lux
1LVJ	2002-12-11	train	6.274	SELECTED	train	KEPT		A	/storage9920/home/tinghao.xia/Data_V1/train/1lvj
1M5L	2002-09-18	train	6.07	SELECTED	train	KEPT		A	/storage9920/home/tinghao.xia/Data_V1/train/1m5l
1M82	2003-06-03	train	2.37	SELECTED	train	KEPT		A	/storage9920/home/tinghao.xia/Data_V1/train/1m82
1MDG	2003-08-12	train		EXCLUDE_FROZEN_RMSD		EXCLUDE_FROZEN_RMSD	PDB is listed in exclude_strict_rank1_rmsd_pdb.txt	A	
1ME1	2003-08-19	train	1.981	SELECTED	train	KEPT		A	/storage9920/home/tinghao.xia/Data_V1/train/1me1
1MFJ	2002-11-06	train	2.168	SELECTED	train	KEPT		A	/storage9920/home/tinghao.xia/Data_V1/train/1mfj
1MFK	2002-11-13	train	2.149	SELECTED	train	KEPT		A	/storage9920/home/tinghao.xia/Data_V1/train/1mfk
1MFY	2002-09-18	train	3.393	SELECTED	train	KEPT		A	/storage9920/home/tinghao.xia/Data_V1/train/1mfy
1MHK	2002-09-06	train	0.26	EXCLUDE_MULTI_RNA_CHAIN		EXCLUDE_MULTI_RNA_CHAIN	RNA_CHAIN_COUNT=2; required exactly 1		
1MIS	1997-07-07	train	0.956	EXCLUDE_MULTI_RNA_CHAIN		EXCLUDE_MULTI_RNA_CHAIN	RNA_CHAIN_COUNT=2; required exactly 1		
1MME	1996-02-06	train	5.255	EXCLUDE_MULTI_RNA_CHAIN		EXCLUDE_MULTI_RNA_CHAIN	RNA_CHAIN_COUNT=4; required exactly 1		
1MNX	2003-01-14	train	3.8	SELECTED	train	KEPT		A	/storage9920/home/tinghao.xia/Data_V1/train/1mnx
1MSY	2003-02-25	train	0.91	SELECTED	train	KEPT		A	/storage9920/home/tinghao.xia/Data_V1/train/1msy
1MT4	2003-01-14	train	3.855	SELECTED	train	KEPT		A	/storage9920/home/tinghao.xia/Data_V1/train/1mt4
1MUV	2002-12-18	train	1.036	EXCLUDE_MULTI_RNA_CHAIN		EXCLUDE_MULTI_RNA_CHAIN	RNA_CHAIN_COUNT=2; required exactly 1		
1MV1	2002-12-18	train	1.853	EXCLUDE_MULTI_RNA_CHAIN		EXCLUDE_MULTI_RNA_CHAIN	RNA_CHAIN_COUNT=2; required exactly 1		
1MV2	2002-12-18	train	2.126	EXCLUDE_MULTI_RNA_CHAIN		EXCLUDE_MULTI_RNA_CHAIN	RNA_CHAIN_COUNT=2; required exactly 1		
1MV6	2002-12-18	train	2.629	EXCLUDE_MULTI_RNA_CHAIN		EXCLUDE_MULTI_RNA_CHAIN	RNA_CHAIN_COUNT=2; required exactly 1		
1MWG	1997-03-12	train	0.946	EXCLUDE_MULTI_RNA_CHAIN		EXCLUDE_MULTI_RNA_CHAIN	RNA_CHAIN_COUNT=2; required exactly 1		
1MWL	2003-02-18	train	0.676	EXCLUDE_MULTI_RNA_CHAIN		EXCLUDE_MULTI_RNA_CHAIN	RNA_CHAIN_COUNT=2; required exactly 1		
1MY9	2003-10-07	train	16.365	EXCLUDE_MULTI_RNA_CHAIN		EXCLUDE_MULTI_RNA_CHAIN	RNA_CHAIN_COUNT=2; required exactly 1		
1N53	2003-04-29	train	3.726	EXCLUDE_MULTI_RNA_CHAIN		EXCLUDE_MULTI_RNA_CHAIN	RNA_CHAIN_COUNT=2; required exactly 1		
1N66	2003-08-19	train	1.701	SELECTED	train	KEPT		A	/storage9920/home/tinghao.xia/Data_V1/train/1n66
1N8X	2003-04-08	train	2.508	SELECTED	train	KEPT		A	/storage9920/home/tinghao.xia/Data_V1/train/1n8x
1NA2	2003-01-21	train	4.847	SELECTED	train	KEPT		A	/storage9920/home/tinghao.xia/Data_V1/train/1na2
1NBK	2003-12-03	train	3.134	SELECTED	train	KEPT		A	/storage9920/home/tinghao.xia/Data_V1/train/1nbk
1NBR	2003-03-04	train	2.494	SELECTED	train	KEPT		A	/storage9920/home/tinghao.xia/Data_V1/train/1nbr
1NBS	2003-02-18	train	27.367	EXCLUDE_MULTI_RNA_CHAIN		EXCLUDE_MULTI_RNA_CHAIN	RNA_CHAIN_COUNT=2; required exactly 1		
1NC0	2003-02-25	train	6.734	SELECTED	train	KEPT		A	/storage9920/home/tinghao.xia/Data_V1/train/1nc0
1NEM	1999-08-31	train	1.989	SELECTED	train	KEPT		A	/storage9920/home/tinghao.xia/Data_V1/train/1nem
1NJN	2003-02-11	train	4.121	SELECTED	train	KEPT		0	/storage9920/home/tinghao.xia/Data_V1/train/1njn
1NJO	2003-02-11	train	3.988	EXCLUDE_MULTI_RNA_CHAIN		EXCLUDE_MULTI_RNA_CHAIN	RNA_CHAIN_COUNT=2; required exactly 1		
1NLC	2003-05-13	train	20.964	EXCLUDE_MULTI_RNA_CHAIN		EXCLUDE_MULTI_RNA_CHAIN	RNA_CHAIN_COUNT=2; required exactly 1		
1NTA	2003-05-13	train	0.369	EXCLUDE_MULTI_RNA_CHAIN		EXCLUDE_MULTI_RNA_CHAIN	RNA_CHAIN_COUNT=2; required exactly 1		
1NTB	2003-05-13	train	0.277	EXCLUDE_MULTI_RNA_CHAIN		EXCLUDE_MULTI_RNA_CHAIN	RNA_CHAIN_COUNT=2; required exactly 1		
1NUJ	2003-08-19	train	16.808	EXCLUDE_MULTI_RNA_CHAIN		EXCLUDE_MULTI_RNA_CHAIN	RNA_CHAIN_COUNT=8; required exactly 1		
1NUV	2003-08-19	train	19.171	EXCLUDE_MULTI_RNA_CHAIN		EXCLUDE_MULTI_RNA_CHAIN	RNA_CHAIN_COUNT=8; required exactly 1		
1NYI	2004-02-24	train	0.175	EXCLUDE_MULTI_RNA_CHAIN		EXCLUDE_MULTI_RNA_CHAIN	RNA_CHAIN_COUNT=2; required exactly 1		
1NZ1	2003-05-13	train	3.446	SELECTED	train	KEPT		A	/storage9920/home/tinghao.xia/Data_V1/train/1nz1
1O15	2003-02-18	train	3.139	SELECTED	train	KEPT		A	/storage9920/home/tinghao.xia/Data_V1/train/1o15
1O3Z	2003-05-27	train	0.702	EXCLUDE_MULTI_RNA_CHAIN		EXCLUDE_MULTI_RNA_CHAIN	RNA_CHAIN_COUNT=2; required exactly 1		
1O9M	2003-03-27	train	0.28	EXCLUDE_MULTI_RNA_CHAIN		EXCLUDE_MULTI_RNA_CHAIN	RNA_CHAIN_COUNT=2; required exactly 1		
1OQ0	2003-05-13	train	2.093	SELECTED	train	KEPT		A	/storage9920/home/tinghao.xia/Data_V1/train/1oq0
1OSU	1996-04-04	train		EXCLUDE_FROZEN_RMSD		EXCLUDE_FROZEN_RMSD	PDB is listed in exclude_strict_rank1_rmsd_pdb.txt	A	
1OSW	2003-05-20	train	3.639	SELECTED	train	KEPT		A	/storage9920/home/tinghao.xia/Data_V1/train/1osw
1OW9	2003-05-20	train	2.093	SELECTED	train	KEPT		A	/storage9920/home/tinghao.xia/Data_V1/train/1ow9
1P5M	2003-11-04	train	4.072	SELECTED	train	KEPT		A	/storage9920/home/tinghao.xia/Data_V1/train/1p5m
1P5N	2003-11-04	train	2.26	SELECTED	train	KEPT		A	/storage9920/home/tinghao.xia/Data_V1/train/1p5n
1P5O	2003-11-04	train	3.436	SELECTED	train	KEPT		A	/storage9920/home/tinghao.xia/Data_V1/train/1p5o
1P5P	2003-11-04	train	3.734	SELECTED	train	KEPT		A	/storage9920/home/tinghao.xia/Data_V1/train/1p5p
1P79	2003-11-04	train		EXCLUDE_FROZEN_RMSD		EXCLUDE_FROZEN_RMSD	PDB is listed in exclude_strict_rank1_rmsd_pdb.txt	A	
1P9X	2003-08-05	train	4.121	SELECTED	train	KEPT		0	/storage9920/home/tinghao.xia/Data_V1/train/1p9x
1PBL	1997-07-07	train	10.135	EXCLUDE_MULTI_RNA_CHAIN		EXCLUDE_MULTI_RNA_CHAIN	RNA_CHAIN_COUNT=2; required exactly 1		
1PBM	1997-07-07	train	0.998	EXCLUDE_MULTI_RNA_CHAIN		EXCLUDE_MULTI_RNA_CHAIN	RNA_CHAIN_COUNT=2; required exactly 1		
1PBR	1997-09-17	train	1.853	SELECTED	train	KEPT		A	/storage9920/home/tinghao.xia/Data_V1/train/1pbr
1PJY	2003-08-05	train	1.711	SELECTED	train	KEPT		A	/storage9920/home/tinghao.xia/Data_V1/train/1pjy
1Q29	2004-02-24	train	0.528	EXCLUDE_MULTI_RNA_CHAIN		EXCLUDE_MULTI_RNA_CHAIN	RNA_CHAIN_COUNT=2; required exactly 1		
1Q75	2003-12-23	train	1.675	SELECTED	train	KEPT		A	/storage9920/home/tinghao.xia/Data_V1/train/1q75
1Q8N	2004-03-23	train	3.983	SELECTED	train	KEPT		A	/storage9920/home/tinghao.xia/Data_V1/train/1q8n
1Q93	2003-11-25	train	20.367	EXCLUDE_MULTI_RNA_CHAIN		EXCLUDE_MULTI_RNA_CHAIN	RNA_CHAIN_COUNT=3; required exactly 1		
1Q96	2003-11-25	train	21.918	EXCLUDE_MULTI_RNA_CHAIN		EXCLUDE_MULTI_RNA_CHAIN	RNA_CHAIN_COUNT=3; required exactly 1		
1Q9A	2003-11-25	train	0.385	SELECTED	train	KEPT		A	/storage9920/home/tinghao.xia/Data_V1/train/1q9a
1QBP	1999-11-26	train	24.203	EXCLUDE_MULTI_RNA_CHAIN		EXCLUDE_MULTI_RNA_CHAIN	RNA_CHAIN_COUNT=6; required exactly 1		
1QC0	1999-11-11	train		EXCLUDE_MULTI_RNA_CHAIN		EXCLUDE_MULTI_RNA_CHAIN	RNA_CHAIN_COUNT=4; required exactly 1		
1QC8	1999-08-31	train	5.802	SELECTED	train	KEPT		A	/storage9920/home/tinghao.xia/Data_V1/train/1qc8
1QCU	1999-11-11	train	14.426	EXCLUDE_MULTI_RNA_CHAIN		EXCLUDE_MULTI_RNA_CHAIN	RNA_CHAIN_COUNT=4; required exactly 1		
1QD3	2000-07-12	train	3.222	SELECTED	train	KEPT		A	/storage9920/home/tinghao.xia/Data_V1/train/1qd3
1QES	1997-06-05	train	0.557	EXCLUDE_MULTI_RNA_CHAIN		EXCLUDE_MULTI_RNA_CHAIN	RNA_CHAIN_COUNT=2; required exactly 1		
1QET	1997-06-05	train	1.086	EXCLUDE_MULTI_RNA_CHAIN		EXCLUDE_MULTI_RNA_CHAIN	RNA_CHAIN_COUNT=2; required exactly 1		
1QWA	2003-11-25	train	4.743	SELECTED	train	KEPT		A	/storage9920/home/tinghao.xia/Data_V1/train/1qwa
1QWB	2003-11-25	train	7.523	SELECTED	train	KEPT		A	/storage9920/home/tinghao.xia/Data_V1/train/1qwb
1QZA	2003-11-04	train		EXCLUDE_FROZEN_RMSD		EXCLUDE_FROZEN_RMSD	PDB is listed in exclude_strict_rank1_rmsd_pdb.txt	B	
1QZB	2003-11-04	train		EXCLUDE_FROZEN_RMSD		EXCLUDE_FROZEN_RMSD	PDB is listed in exclude_strict_rank1_rmsd_pdb.txt	B	
1R2P	2004-02-03	train	9.578	SELECTED	train	KEPT		A	/storage9920/home/tinghao.xia/Data_V1/train/1r2p
1R3O	2003-12-23	train	7.721	EXCLUDE_MULTI_RNA_CHAIN		EXCLUDE_MULTI_RNA_CHAIN	RNA_CHAIN_COUNT=4; required exactly 1		
1R4H	2004-10-19	train	1.755	SELECTED	train	KEPT		A	/storage9920/home/tinghao.xia/Data_V1/train/1r4h
1R7W	2004-05-25	train	9.887	SELECTED	train	KEPT		A	/storage9920/home/tinghao.xia/Data_V1/train/1r7w
1R7Z	2004-05-25	train	11.124	SELECTED	train	KEPT		A	/storage9920/home/tinghao.xia/Data_V1/train/1r7z
1RAU	1994-01-31	train	3.019	EXCLUDE_MULTI_RNA_CHAIN		EXCLUDE_MULTI_RNA_CHAIN	RNA_CHAIN_COUNT=4; required exactly 1		
1RAW	1997-01-27	train	13.36	SELECTED	train	KEPT		A	/storage9920/home/tinghao.xia/Data_V1/train/1raw
1RFR	2004-03-23	train	3.193	SELECTED	train	KEPT		A	/storage9920/home/tinghao.xia/Data_V1/train/1rfr
1RHT	1995-06-03	train	4.58	SELECTED	train	KEPT		A	/storage9920/home/tinghao.xia/Data_V1/train/1rht
1RMN	1995-01-26	train	12.837	SELECTED	train	KEPT		A	/storage9920/home/tinghao.xia/Data_V1/train/1rmn
1RNA	1991-04-15	train	0.381	EXCLUDE_MULTI_RNA_CHAIN		EXCLUDE_MULTI_RNA_CHAIN	RNA_CHAIN_COUNT=2; required exactly 1		
1RNG	1995-12-07	train	1.834	SELECTED	train	KEPT		A	/storage9920/home/tinghao.xia/Data_V1/train/1rng
1RNK	1995-02-27	train	6.186	SELECTED	train	KEPT		A	/storage9920/home/tinghao.xia/Data_V1/train/1rnk
1ROQ	2004-05-18	train	0.841	SELECTED	train	KEPT		A	/storage9920/home/tinghao.xia/Data_V1/train/1roq
1RRR	1998-04-22	train	1.138	EXCLUDE_MULTI_RNA_CHAIN		EXCLUDE_MULTI_RNA_CHAIN	RNA_CHAIN_COUNT=2; required exactly 1		
1RXA	1996-10-20	train	5.853	SELECTED	train	KEPT		A	/storage9920/home/tinghao.xia/Data_V1/train/1rxa
1RXB	1996-08-26	train	0.728	EXCLUDE_MULTI_RNA_CHAIN		EXCLUDE_MULTI_RNA_CHAIN	RNA_CHAIN_COUNT=2; required exactly 1		
1S2F	2004-08-31	train	2.713	SELECTED	train	KEPT		A	/storage9920/home/tinghao.xia/Data_V1/train/1s2f
1S34	2004-08-31	train	2.868	SELECTED	train	KEPT		A	/storage9920/home/tinghao.xia/Data_V1/train/1s34
1S9L	2004-06-29	train	0.861	EXCLUDE_MULTI_RNA_CHAIN		EXCLUDE_MULTI_RNA_CHAIN	RNA_CHAIN_COUNT=4; required exactly 1		
1S9S	2004-04-06	train	24.425	EXCLUDE_TRAIN_RMSD_CUTOFF		EXCLUDE_TRAIN_RMSD_CUTOFF	strict rank-1 RMSD 24.425 A > 15 A	A	
1SA9	2004-05-18	train	15.766	EXCLUDE_MULTI_RNA_CHAIN		EXCLUDE_MULTI_RNA_CHAIN	RNA_CHAIN_COUNT=5; required exactly 1		
1SAQ	2004-05-18	train	26.462	EXCLUDE_MULTI_RNA_CHAIN		EXCLUDE_MULTI_RNA_CHAIN	RNA_CHAIN_COUNT=5; required exactly 1		
1SCL	1995-01-26	train	5.329	SELECTED	train	KEPT		A	/storage9920/home/tinghao.xia/Data_V1/train/1scl
1SDR	1995-02-27	train	12.8	EXCLUDE_MULTI_RNA_CHAIN		EXCLUDE_MULTI_RNA_CHAIN	RNA_CHAIN_COUNT=4; required exactly 1		
1SLO	1996-12-07	train	2.196	SELECTED	train	KEPT		A	/storage9920/home/tinghao.xia/Data_V1/train/1slo
1SLP	1997-04-21	train	2.449	SELECTED	train	KEPT		A	/storage9920/home/tinghao.xia/Data_V1/train/1slp
1SY4	2004-04-06	train	2.978	SELECTED	train	KEPT		A	/storage9920/home/tinghao.xia/Data_V1/train/1sy4
1SYZ	2004-11-09	train	2.708	SELECTED	train	KEPT		A	/storage9920/home/tinghao.xia/Data_V1/train/1syz
1SZY	2004-04-20	train	1.04	SELECTED	train	KEPT		A	/storage9920/home/tinghao.xia/Data_V1/train/1szy
1T0D	2004-06-15	train	19.722	EXCLUDE_MULTI_RNA_CHAIN		EXCLUDE_MULTI_RNA_CHAIN	RNA_CHAIN_COUNT=4; required exactly 1		
1T0E	2004-06-15	train	0.301	EXCLUDE_MULTI_RNA_CHAIN		EXCLUDE_MULTI_RNA_CHAIN	RNA_CHAIN_COUNT=2; required exactly 1		
1T1O	2004-06-15	train		EXCLUDE_MULTI_RNA_CHAIN		EXCLUDE_MULTI_RNA_CHAIN	RNA_CHAIN_COUNT=3; required exactly 1		
1T28	2004-08-10	train	4.779	SELECTED	train	KEPT		A	/storage9920/home/tinghao.xia/Data_V1/train/1t28
1T4X	2004-08-03	train	8.812	EXCLUDE_MULTI_RNA_CHAIN		EXCLUDE_MULTI_RNA_CHAIN	RNA_CHAIN_COUNT=2; required exactly 1		
1TBK	2005-03-01	train	3.968	SELECTED	train	KEPT		A	/storage9920/home/tinghao.xia/Data_V1/train/1tbk
1TFN	1997-02-12	train	3.285	SELECTED	train	KEPT		A	/storage9920/home/tinghao.xia/Data_V1/train/1tfn
1TJZ	2004-09-28	train	2.199	SELECTED	train	KEPT		A	/storage9920/home/tinghao.xia/Data_V1/train/1tjz
1TLR	1997-11-12	train	4.789	SELECTED	train	KEPT		A	/storage9920/home/tinghao.xia/Data_V1/train/1tlr
1TN1	1987-01-15	train	0.907	SELECTED	train	KEPT		A	/storage9920/home/tinghao.xia/Data_V1/train/1tn1
1TN2	1986-10-24	train	0.9	SELECTED	train	KEPT		A	/storage9920/home/tinghao.xia/Data_V1/train/1tn2
1TOB	1997-06-16	train	4.786	SELECTED	train	KEPT		A	/storage9920/home/tinghao.xia/Data_V1/train/1tob
1TRA	1986-07-14	train	1.415	SELECTED	train	KEPT		A	/storage9920/home/tinghao.xia/Data_V1/train/1tra
1TUT	2004-12-28	train	2.022	EXCLUDE_MULTI_RNA_CHAIN		EXCLUDE_MULTI_RNA_CHAIN	RNA_CHAIN_COUNT=2; required exactly 1		
1TXS	2004-10-05	train	3.269	SELECTED	train	KEPT		A	/storage9920/home/tinghao.xia/Data_V1/train/1txs
1U2A	1998-03-04	train	1.637	SELECTED	train	KEPT		A	/storage9920/home/tinghao.xia/Data_V1/train/1u2a
1U3K	2005-07-12	train	10.043	SELECTED	train	KEPT		A	/storage9920/home/tinghao.xia/Data_V1/train/1u3k
1U9S	2004-10-26	train	3.682	SELECTED	train	KEPT		A	/storage9920/home/tinghao.xia/Data_V1/train/1u9s
1UTS	2004-02-12	train	5.641	SELECTED	train	KEPT		B	/storage9920/home/tinghao.xia/Data_V1/train/1uts
1UUD	2004-03-15	train	2.641	SELECTED	train	KEPT		B	/storage9920/home/tinghao.xia/Data_V1/train/1uud
1UUI	2004-02-12	train	3.82	SELECTED	train	KEPT		B	/storage9920/home/tinghao.xia/Data_V1/train/1uui
1UUU	1998-02-25	train	2.028	SELECTED	train	KEPT		A	/storage9920/home/tinghao.xia/Data_V1/train/1uuu
1VOP	1997-12-24	train	4.652	SELECTED	train	KEPT		A	/storage9920/home/tinghao.xia/Data_V1/train/1vop
1VTQ	2011-07-13	train	1.435	SELECTED	train	KEPT		A	/storage9920/home/tinghao.xia/Data_V1/train/1vtq
1WKS	2004-06-22	train	0.999	SELECTED	train	KEPT		A	/storage9920/home/tinghao.xia/Data_V1/train/1wks
1WTS	1999-01-27	train	2.526	SELECTED	train	KEPT		A	/storage9920/home/tinghao.xia/Data_V1/train/1wts
1WTT	1999-01-27	train	2.682	SELECTED	train	KEPT		A	/storage9920/home/tinghao.xia/Data_V1/train/1wtt
1WVD	2004-12-21	train	21.949	EXCLUDE_MULTI_RNA_CHAIN		EXCLUDE_MULTI_RNA_CHAIN	RNA_CHAIN_COUNT=2; required exactly 1		
1X8W	2004-11-09	train	55.59	EXCLUDE_MULTI_RNA_CHAIN		EXCLUDE_MULTI_RNA_CHAIN	RNA_CHAIN_COUNT=4; required exactly 1		
1X9C	2005-11-22	train	0.21	EXCLUDE_MULTI_RNA_CHAIN		EXCLUDE_MULTI_RNA_CHAIN	RNA_CHAIN_COUNT=4; required exactly 1		
1X9K	2005-11-22	train	0.192	EXCLUDE_MULTI_RNA_CHAIN		EXCLUDE_MULTI_RNA_CHAIN	RNA_CHAIN_COUNT=4; required exactly 1		
1XHP	2004-11-23	train	2.545	SELECTED	train	KEPT		A	/storage9920/home/tinghao.xia/Data_V1/train/1xhp
1XJR	2005-02-01	train	1.722	SELECTED	train	KEPT		A	/storage9920/home/tinghao.xia/Data_V1/train/1xjr
1XP7	2005-10-18	train	0.496	EXCLUDE_MULTI_RNA_CHAIN		EXCLUDE_MULTI_RNA_CHAIN	RNA_CHAIN_COUNT=2; required exactly 1		
1XPE	2005-10-18	train	21.344	EXCLUDE_MULTI_RNA_CHAIN		EXCLUDE_MULTI_RNA_CHAIN	RNA_CHAIN_COUNT=2; required exactly 1		
1XPF	2005-10-18	train	22.388	EXCLUDE_MULTI_RNA_CHAIN		EXCLUDE_MULTI_RNA_CHAIN	RNA_CHAIN_COUNT=2; required exactly 1		
1XSG	2004-12-28	train	2.701	SELECTED	train	KEPT		A	/storage9920/home/tinghao.xia/Data_V1/train/1xsg
1XSH	2004-12-28	train	2.527	SELECTED	train	KEPT		A	/storage9920/home/tinghao.xia/Data_V1/train/1xsh
1XST	2004-12-28	train	3.436	SELECTED	train	KEPT		A	/storage9920/home/tinghao.xia/Data_V1/train/1xst
1XSU	2004-12-28	train	2.407	SELECTED	train	KEPT		A	/storage9920/home/tinghao.xia/Data_V1/train/1xsu
1XV0	2004-11-09	train	1.604	EXCLUDE_MULTI_RNA_CHAIN		EXCLUDE_MULTI_RNA_CHAIN	RNA_CHAIN_COUNT=2; required exactly 1		
1XV6	2005-04-05	train	8.606	SELECTED	train	KEPT		A	/storage9920/home/tinghao.xia/Data_V1/train/1xv6
1XWP	2005-02-15	train	2.037	SELECTED	train	KEPT		A	/storage9920/home/tinghao.xia/Data_V1/train/1xwp
1XWU	2005-02-15	train	2.363	SELECTED	train	KEPT		A	/storage9920/home/tinghao.xia/Data_V1/train/1xwu
1Y0Q	2004-12-21	train	1.458	EXCLUDE_MULTI_RNA_CHAIN		EXCLUDE_MULTI_RNA_CHAIN	RNA_CHAIN_COUNT=2; required exactly 1		
1Y26	2004-12-28	train	0.368	SELECTED	train	KEPT		X	/storage9920/home/tinghao.xia/Data_V1/train/1y26
1Y27	2004-12-28	train	0.399	SELECTED	train	KEPT		X	/storage9920/home/tinghao.xia/Data_V1/train/1y27
1Y3O	2005-11-08	train	21.604	EXCLUDE_MULTI_RNA_CHAIN		EXCLUDE_MULTI_RNA_CHAIN	RNA_CHAIN_COUNT=2; required exactly 1		
1Y3S	2005-11-08	train	21.558	EXCLUDE_MULTI_RNA_CHAIN		EXCLUDE_MULTI_RNA_CHAIN	RNA_CHAIN_COUNT=2; required exactly 1		
1Y6S	2004-12-21	train	20.681	EXCLUDE_MULTI_RNA_CHAIN		EXCLUDE_MULTI_RNA_CHAIN	RNA_CHAIN_COUNT=2; required exactly 1		
1Y6T	2004-12-21	train	0.924	EXCLUDE_MULTI_RNA_CHAIN		EXCLUDE_MULTI_RNA_CHAIN	RNA_CHAIN_COUNT=2; required exactly 1		
1Y73	2004-12-21	train	22.005	EXCLUDE_MULTI_RNA_CHAIN		EXCLUDE_MULTI_RNA_CHAIN	RNA_CHAIN_COUNT=2; required exactly 1		
1Y90	2004-12-21	train	1.047	EXCLUDE_MULTI_RNA_CHAIN		EXCLUDE_MULTI_RNA_CHAIN	RNA_CHAIN_COUNT=2; required exactly 1		
1Y95	2004-12-21	train	21.844	EXCLUDE_MULTI_RNA_CHAIN		EXCLUDE_MULTI_RNA_CHAIN	RNA_CHAIN_COUNT=2; required exactly 1		
1Y99	2004-12-21	train	22.309	EXCLUDE_MULTI_RNA_CHAIN		EXCLUDE_MULTI_RNA_CHAIN	RNA_CHAIN_COUNT=2; required exactly 1		
1YFG	1997-09-03	train	4.002	SELECTED	train	KEPT		A	/storage9920/home/tinghao.xia/Data_V1/train/1yfg
1YFV	1997-10-15	train	1.104	EXCLUDE_MULTI_RNA_CHAIN		EXCLUDE_MULTI_RNA_CHAIN	RNA_CHAIN_COUNT=2; required exactly 1		
1YG3	2005-12-13	train	3.025	SELECTED	train	KEPT		A	/storage9920/home/tinghao.xia/Data_V1/train/1yg3
1YG4	2005-12-13	train	2.939	SELECTED	train	KEPT		A	/storage9920/home/tinghao.xia/Data_V1/train/1yg4
1YKQ	2005-02-22	train	27.707	EXCLUDE_MULTI_RNA_CHAIN		EXCLUDE_MULTI_RNA_CHAIN	RNA_CHAIN_COUNT=4; required exactly 1		
1YKV	2005-02-22	train	33.875	EXCLUDE_MULTI_RNA_CHAIN		EXCLUDE_MULTI_RNA_CHAIN	RNA_CHAIN_COUNT=4; required exactly 1		
1YLG	2005-02-01	train	5.405	SELECTED	train	KEPT		A	/storage9920/home/tinghao.xia/Data_V1/train/1ylg
1YLS	2005-02-22	train	31.907	EXCLUDE_MULTI_RNA_CHAIN		EXCLUDE_MULTI_RNA_CHAIN	RNA_CHAIN_COUNT=4; required exactly 1		
1YMO	2005-03-15	train	6.375	SELECTED	train	KEPT		A	/storage9920/home/tinghao.xia/Data_V1/train/1ymo
1YN1	2006-01-24	train	3.377	SELECTED	train	KEPT		A	/storage9920/home/tinghao.xia/Data_V1/train/1yn1
1YN2	2006-01-24	train	4.207	SELECTED	train	KEPT		A	/storage9920/home/tinghao.xia/Data_V1/train/1yn2
1YNC	2005-02-08	train	5.718	SELECTED	train	KEPT		A	/storage9920/home/tinghao.xia/Data_V1/train/1ync
1YNE	2005-02-08	train	3.789	SELECTED	train	KEPT		A	/storage9920/home/tinghao.xia/Data_V1/train/1yne
1YNG	2005-02-08	train	3.889	SELECTED	train	KEPT		A	/storage9920/home/tinghao.xia/Data_V1/train/1yng
1YRJ	2005-06-07	train	1.616	EXCLUDE_MULTI_RNA_CHAIN		EXCLUDE_MULTI_RNA_CHAIN	RNA_CHAIN_COUNT=2; required exactly 1		
1YSV	2005-07-19	train	1.95	SELECTED	train	KEPT		A	/storage9920/home/tinghao.xia/Data_V1/train/1ysv
1YXP	2006-01-31	train	21.796	EXCLUDE_MULTI_RNA_CHAIN		EXCLUDE_MULTI_RNA_CHAIN	RNA_CHAIN_COUNT=2; required exactly 1		
1YY0	2005-10-18	train	22.023	EXCLUDE_MULTI_RNA_CHAIN		EXCLUDE_MULTI_RNA_CHAIN	RNA_CHAIN_COUNT=3; required exactly 1		
1YZD	2005-10-18	train	20.822	EXCLUDE_MULTI_RNA_CHAIN		EXCLUDE_MULTI_RNA_CHAIN	RNA_CHAIN_COUNT=3; required exactly 1		
1Z2J	2005-06-14	train	5.497	SELECTED	train	KEPT		A	/storage9920/home/tinghao.xia/Data_V1/train/1z2j
1Z30	2005-04-26	train	2.511	SELECTED	train	KEPT		A	/storage9920/home/tinghao.xia/Data_V1/train/1z30
1Z31	2005-03-22	train	2.269	SELECTED	train	KEPT		A	/storage9920/home/tinghao.xia/Data_V1/train/1z31
1Z43	2005-06-14	train	1.17	SELECTED	train	KEPT		A	/storage9920/home/tinghao.xia/Data_V1/train/1z43
1Z58	2005-06-28	train	4.048	SELECTED	train	KEPT		2	/storage9920/home/tinghao.xia/Data_V1/train/1z58
1Z79	2005-10-18	train	11.584	EXCLUDE_MULTI_RNA_CHAIN		EXCLUDE_MULTI_RNA_CHAIN	RNA_CHAIN_COUNT=3; required exactly 1		
1Z7F	2005-10-18	train	10.351	EXCLUDE_MULTI_RNA_CHAIN		EXCLUDE_MULTI_RNA_CHAIN	RNA_CHAIN_COUNT=3; required exactly 1		
1ZC5	2005-06-07	train	3.196	SELECTED	train	KEPT		A	/storage9920/home/tinghao.xia/Data_V1/train/1zc5
1ZCI	2006-01-31	train	23.023	EXCLUDE_MULTI_RNA_CHAIN		EXCLUDE_MULTI_RNA_CHAIN	RNA_CHAIN_COUNT=4; required exactly 1		
1ZEV	2005-10-25	train	1.702	EXCLUDE_MULTI_RNA_CHAIN		EXCLUDE_MULTI_RNA_CHAIN	RNA_CHAIN_COUNT=2; required exactly 1		
1ZFT	2006-02-14	train	0.21	EXCLUDE_MULTI_RNA_CHAIN		EXCLUDE_MULTI_RNA_CHAIN	RNA_CHAIN_COUNT=4; required exactly 1		
1ZFV	2006-02-14	train	0.21	EXCLUDE_MULTI_RNA_CHAIN		EXCLUDE_MULTI_RNA_CHAIN	RNA_CHAIN_COUNT=4; required exactly 1		
1ZFX	2006-02-14	train	0.186	EXCLUDE_MULTI_RNA_CHAIN		EXCLUDE_MULTI_RNA_CHAIN	RNA_CHAIN_COUNT=4; required exactly 1		
1ZIF	1997-03-12	train	1.346	SELECTED	train	KEPT		A	/storage9920/home/tinghao.xia/Data_V1/train/1zif
1ZIG	1997-03-12	train	0.722	SELECTED	train	KEPT		A	/storage9920/home/tinghao.xia/Data_V1/train/1zig
1ZIH	1997-03-12	train	1.516	SELECTED	train	KEPT		A	/storage9920/home/tinghao.xia/Data_V1/train/1zih
1ZO3	2005-06-14	train	19.144	EXCLUDE_MULTI_RNA_CHAIN		EXCLUDE_MULTI_RNA_CHAIN	RNA_CHAIN_COUNT=2; required exactly 1		
1ZX7	2005-09-20	train	18.36	EXCLUDE_MULTI_RNA_CHAIN		EXCLUDE_MULTI_RNA_CHAIN	RNA_CHAIN_COUNT=8; required exactly 1		
1ZZ5	2005-09-20	train	19.209	EXCLUDE_MULTI_RNA_CHAIN		EXCLUDE_MULTI_RNA_CHAIN	RNA_CHAIN_COUNT=4; required exactly 1		
205D	1995-09-15	train	0.413	EXCLUDE_MULTI_RNA_CHAIN		EXCLUDE_MULTI_RNA_CHAIN	RNA_CHAIN_COUNT=2; required exactly 1		
21CC	2025-12-17	test	9.788	EXCLUDE_MULTI_RNA_CHAIN		EXCLUDE_MULTI_RNA_CHAIN	RNA_CHAIN_COUNT=2; required exactly 1		
21ET	2026-07-15	test		EXCLUDE_MULTI_RNA_CHAIN		EXCLUDE_MULTI_RNA_CHAIN	RNA_CHAIN_COUNT=6; required exactly 1		
23JY	2026-05-06	test	2.036	EXCLUDE_MULTI_RNA_CHAIN		EXCLUDE_MULTI_RNA_CHAIN	RNA_CHAIN_COUNT=2; required exactly 1		
23JZ	2026-05-06	test	0.738	SELECTED	test	KEPT		A	/storage9920/home/tinghao.xia/Data_V1/test/23jz
23KA	2026-05-06	test	23.688	EXCLUDE_MULTI_RNA_CHAIN		EXCLUDE_MULTI_RNA_CHAIN	RNA_CHAIN_COUNT=3; required exactly 1		
255D	1995-02-07	train	9.888	SELECTED	train	KEPT		A	/storage9920/home/tinghao.xia/Data_V1/train/255d
259D	1996-08-26	train	0.589	EXCLUDE_MULTI_RNA_CHAIN		EXCLUDE_MULTI_RNA_CHAIN	RNA_CHAIN_COUNT=2; required exactly 1		
25SJ	2026-04-29	test	0.953	EXCLUDE_MULTI_RNA_CHAIN		EXCLUDE_MULTI_RNA_CHAIN	RNA_CHAIN_COUNT=2; required exactly 1		
25SM	2026-04-29	test		EXCLUDE_MULTI_RNA_CHAIN		EXCLUDE_MULTI_RNA_CHAIN	RNA_CHAIN_COUNT=2; required exactly 1		
280D	1996-09-30	train	12.914	EXCLUDE_MULTI_RNA_CHAIN		EXCLUDE_MULTI_RNA_CHAIN	RNA_CHAIN_COUNT=4; required exactly 1		
283D	1996-09-30	train	9.361	SELECTED	train	KEPT		A	/storage9920/home/tinghao.xia/Data_V1/train/283d
28SP	1999-04-12	train	1.707	SELECTED	train	KEPT		A	/storage9920/home/tinghao.xia/Data_V1/train/28sp
28SR	1999-04-20	train	1.776	SELECTED	train	KEPT		A	/storage9920/home/tinghao.xia/Data_V1/train/28sr
299D	1997-01-24	train	0.4	EXCLUDE_MULTI_RNA_CHAIN		EXCLUDE_MULTI_RNA_CHAIN	RNA_CHAIN_COUNT=2; required exactly 1		
2A04	2005-09-20	train	18.984	EXCLUDE_MULTI_RNA_CHAIN		EXCLUDE_MULTI_RNA_CHAIN	RNA_CHAIN_COUNT=4; required exactly 1		
2A0P	2005-08-16	train	0.41	EXCLUDE_MULTI_RNA_CHAIN		EXCLUDE_MULTI_RNA_CHAIN	RNA_CHAIN_COUNT=2; required exactly 1		
2A2E	2005-09-06	train	7.199	SELECTED	train	KEPT		A	/storage9920/home/tinghao.xia/Data_V1/train/2a2e
2A43	2005-09-27	train	0.351	SELECTED	train	KEPT		A	/storage9920/home/tinghao.xia/Data_V1/train/2a43
2A64	2005-09-20	train	13.825	SELECTED	train	KEPT		A	/storage9920/home/tinghao.xia/Data_V1/train/2a64
2A9L	1998-06-17	train	12.097	SELECTED	train	KEPT		A	/storage9920/home/tinghao.xia/Data_V1/train/2a9l
2ADT	2005-07-26	train	3.103	EXCLUDE_MULTI_RNA_CHAIN		EXCLUDE_MULTI_RNA_CHAIN	RNA_CHAIN_COUNT=2; required exactly 1		
2AGN	2006-07-25	train		EXCLUDE_MULTI_RNA_CHAIN		EXCLUDE_MULTI_RNA_CHAIN	RNA_CHAIN_COUNT=5; required exactly 1		
2AHT	2006-10-17	train	3.204	SELECTED	train	KEPT		A	/storage9920/home/tinghao.xia/Data_V1/train/2aht
2AO5	2006-03-28	train	13.53	EXCLUDE_MULTI_RNA_CHAIN		EXCLUDE_MULTI_RNA_CHAIN	RNA_CHAIN_COUNT=4; required exactly 1		
2AP0	2006-09-05	train	2.501	SELECTED	train	KEPT		A	/storage9920/home/tinghao.xia/Data_V1/train/2ap0
2AP5	2006-09-05	train	2.241	SELECTED	train	KEPT		A	/storage9920/home/tinghao.xia/Data_V1/train/2ap5
2AU4	2006-03-28	train	7.73	SELECTED	train	KEPT		A	/storage9920/home/tinghao.xia/Data_V1/train/2au4
2AWE	2006-02-07	train	1.12	EXCLUDE_MULTI_RNA_CHAIN		EXCLUDE_MULTI_RNA_CHAIN	RNA_CHAIN_COUNT=8; required exactly 1		
2AWQ	2006-01-17	train	2.536	SELECTED	train	KEPT		A	/storage9920/home/tinghao.xia/Data_V1/train/2awq
2B57	2006-05-23	train	0.293	SELECTED	train	KEPT		A	/storage9920/home/tinghao.xia/Data_V1/train/2b57
2B7G	2006-01-24	train	1.006	SELECTED	train	KEPT		A	/storage9920/home/tinghao.xia/Data_V1/train/2b7g
2B8R	2005-10-25	train	21.315	EXCLUDE_MULTI_RNA_CHAIN		EXCLUDE_MULTI_RNA_CHAIN	RNA_CHAIN_COUNT=2; required exactly 1		
2B8S	2005-10-25	train	0.618	EXCLUDE_MULTI_RNA_CHAIN		EXCLUDE_MULTI_RNA_CHAIN	RNA_CHAIN_COUNT=2; required exactly 1		
2BCY	2006-02-14	train	0.175	EXCLUDE_MULTI_RNA_CHAIN		EXCLUDE_MULTI_RNA_CHAIN	RNA_CHAIN_COUNT=4; required exactly 1		
2BCZ	2006-02-14	train	0.275	EXCLUDE_MULTI_RNA_CHAIN		EXCLUDE_MULTI_RNA_CHAIN	RNA_CHAIN_COUNT=4; required exactly 1		
2BE0	2005-12-20	train	0.474	EXCLUDE_MULTI_RNA_CHAIN		EXCLUDE_MULTI_RNA_CHAIN	RNA_CHAIN_COUNT=2; required exactly 1		
2BEE	2005-12-20	train	0.377	EXCLUDE_MULTI_RNA_CHAIN		EXCLUDE_MULTI_RNA_CHAIN	RNA_CHAIN_COUNT=2; required exactly 1		
2BJ2	1999-02-02	train	5.129	EXCLUDE_MULTI_RNA_CHAIN		EXCLUDE_MULTI_RNA_CHAIN	RNA_CHAIN_COUNT=2; required exactly 1		
2CD1	2007-05-01	train	2.423	SELECTED	train	KEPT		A	/storage9920/home/tinghao.xia/Data_V1/train/2cd1
2CD3	2007-05-01	train	2.267	SELECTED	train	KEPT		A	/storage9920/home/tinghao.xia/Data_V1/train/2cd3
2CD5	2007-05-01	train	2.223	SELECTED	train	KEPT		A	/storage9920/home/tinghao.xia/Data_V1/train/2cd5
2CD6	2007-05-01	train	2.141	SELECTED	train	KEPT		A	/storage9920/home/tinghao.xia/Data_V1/train/2cd6
2CKY	2006-05-08	train	29.4	EXCLUDE_MULTI_RNA_CHAIN		EXCLUDE_MULTI_RNA_CHAIN	RNA_CHAIN_COUNT=2; required exactly 1		
2D17	2005-11-01	train	2.232	EXCLUDE_MULTI_RNA_CHAIN		EXCLUDE_MULTI_RNA_CHAIN	RNA_CHAIN_COUNT=2; required exactly 1		
2D18	2005-11-01	train	3.28	EXCLUDE_MULTI_RNA_CHAIN		EXCLUDE_MULTI_RNA_CHAIN	RNA_CHAIN_COUNT=2; required exactly 1		
2D19	2005-11-01	train	16.022	EXCLUDE_MULTI_RNA_CHAIN		EXCLUDE_MULTI_RNA_CHAIN	RNA_CHAIN_COUNT=2; required exactly 1		
2D1A	2005-11-01	train	37.297	EXCLUDE_MULTI_RNA_CHAIN		EXCLUDE_MULTI_RNA_CHAIN	RNA_CHAIN_COUNT=2; required exactly 1		
2D1B	2005-11-01	train	2.829	EXCLUDE_MULTI_RNA_CHAIN		EXCLUDE_MULTI_RNA_CHAIN	RNA_CHAIN_COUNT=2; required exactly 1		
2D2K	2005-11-01	train	0.237	EXCLUDE_MULTI_RNA_CHAIN		EXCLUDE_MULTI_RNA_CHAIN	RNA_CHAIN_COUNT=4; required exactly 1		
2D2L	2005-11-01	train	0.235	EXCLUDE_MULTI_RNA_CHAIN		EXCLUDE_MULTI_RNA_CHAIN	RNA_CHAIN_COUNT=4; required exactly 1		
2DD1	2006-06-13	train	1.652	EXCLUDE_MULTI_RNA_CHAIN		EXCLUDE_MULTI_RNA_CHAIN	RNA_CHAIN_COUNT=2; required exactly 1		
2DD2	2006-06-13	train	2.694	EXCLUDE_MULTI_RNA_CHAIN		EXCLUDE_MULTI_RNA_CHAIN	RNA_CHAIN_COUNT=2; required exactly 1		
2DD3	2006-06-13	train	2.963	EXCLUDE_MULTI_RNA_CHAIN		EXCLUDE_MULTI_RNA_CHAIN	RNA_CHAIN_COUNT=2; required exactly 1		
2EES	2007-11-13	train	0.489	SELECTED	train	KEPT		A	/storage9920/home/tinghao.xia/Data_V1/train/2ees
2EET	2007-11-13	train	0.375	SELECTED	train	KEPT		A	/storage9920/home/tinghao.xia/Data_V1/train/2eet
2EEU	2007-11-13	train	0.332	SELECTED	train	KEPT		A	/storage9920/home/tinghao.xia/Data_V1/train/2eeu
2EEV	2007-11-13	train	0.438	SELECTED	train	KEPT		A	/storage9920/home/tinghao.xia/Data_V1/train/2eev
2EEW	2007-11-13	train	0.406	SELECTED	train	KEPT		A	/storage9920/home/tinghao.xia/Data_V1/train/2eew
2ES5	2006-01-24	train	1.714	SELECTED	train	KEPT		A	/storage9920/home/tinghao.xia/Data_V1/train/2es5
2ESI	2005-12-20	train	1.426	EXCLUDE_MULTI_RNA_CHAIN		EXCLUDE_MULTI_RNA_CHAIN	RNA_CHAIN_COUNT=2; required exactly 1		
2ESJ	2005-12-20	train	0.722	EXCLUDE_MULTI_RNA_CHAIN		EXCLUDE_MULTI_RNA_CHAIN	RNA_CHAIN_COUNT=2; required exactly 1		
2ET3	2005-12-13	train	0.857	EXCLUDE_MULTI_RNA_CHAIN		EXCLUDE_MULTI_RNA_CHAIN	RNA_CHAIN_COUNT=2; required exactly 1		
2ET4	2005-12-13	train	0.815	EXCLUDE_MULTI_RNA_CHAIN		EXCLUDE_MULTI_RNA_CHAIN	RNA_CHAIN_COUNT=2; required exactly 1		
2ET5	2005-12-13	train	0.602	EXCLUDE_MULTI_RNA_CHAIN		EXCLUDE_MULTI_RNA_CHAIN	RNA_CHAIN_COUNT=2; required exactly 1		
2ET8	2005-12-13	train	0.891	EXCLUDE_MULTI_RNA_CHAIN		EXCLUDE_MULTI_RNA_CHAIN	RNA_CHAIN_COUNT=2; required exactly 1		
2EUY	2006-01-03	train	8.085	SELECTED	train	KEPT		A	/storage9920/home/tinghao.xia/Data_V1/train/2euy
2EVY	2006-08-22	train	3.146	SELECTED	train	KEPT		A	/storage9920/home/tinghao.xia/Data_V1/train/2evy
2F4S	2006-05-02	train	0.325	EXCLUDE_MULTI_RNA_CHAIN		EXCLUDE_MULTI_RNA_CHAIN	RNA_CHAIN_COUNT=2; required exactly 1		
2F4T	2006-05-02	train	0.373	EXCLUDE_MULTI_RNA_CHAIN		EXCLUDE_MULTI_RNA_CHAIN	RNA_CHAIN_COUNT=2; required exactly 1		
2F4U	2006-05-02	train	0.296	EXCLUDE_MULTI_RNA_CHAIN		EXCLUDE_MULTI_RNA_CHAIN	RNA_CHAIN_COUNT=2; required exactly 1		
2F4X	2006-02-28	train	23.611	EXCLUDE_MULTI_RNA_CHAIN		EXCLUDE_MULTI_RNA_CHAIN	RNA_CHAIN_COUNT=2; required exactly 1		
2F87	2006-08-08	train	1.308	SELECTED	train	KEPT		A	/storage9920/home/tinghao.xia/Data_V1/train/2f87
2F88	2006-02-28	train	3.256	SELECTED	train	KEPT		A	/storage9920/home/tinghao.xia/Data_V1/train/2f88
2FCX	2006-05-16	train	0.749	EXCLUDE_MULTI_RNA_CHAIN		EXCLUDE_MULTI_RNA_CHAIN	RNA_CHAIN_COUNT=2; required exactly 1		
2FCY	2006-05-16	train	0.921	EXCLUDE_MULTI_RNA_CHAIN		EXCLUDE_MULTI_RNA_CHAIN	RNA_CHAIN_COUNT=2; required exactly 1		
2FCZ	2006-05-16	train	14.993	EXCLUDE_MULTI_RNA_CHAIN		EXCLUDE_MULTI_RNA_CHAIN	RNA_CHAIN_COUNT=4; required exactly 1		
2FD0	2006-05-16	train	0.867	EXCLUDE_MULTI_RNA_CHAIN		EXCLUDE_MULTI_RNA_CHAIN	RNA_CHAIN_COUNT=2; required exactly 1		
2FDT	2006-12-05	train	2.003	SELECTED	train	KEPT		A	/storage9920/home/tinghao.xia/Data_V1/train/2fdt
2FEY	2006-06-27	train	8.392	SELECTED	train	KEPT		A	/storage9920/home/tinghao.xia/Data_V1/train/2fey
2FGP	2006-02-14	train	0.254	EXCLUDE_MULTI_RNA_CHAIN		EXCLUDE_MULTI_RNA_CHAIN	RNA_CHAIN_COUNT=4; required exactly 1		
2FQN	2006-02-14	train	1.085	EXCLUDE_MULTI_RNA_CHAIN		EXCLUDE_MULTI_RNA_CHAIN	RNA_CHAIN_COUNT=2; required exactly 1		
2G1G	2006-06-20	train	3.507	SELECTED	train	KEPT		A	/storage9920/home/tinghao.xia/Data_V1/train/2g1g
2G1W	2006-04-11	train	4.6	SELECTED	train	KEPT		A	/storage9920/home/tinghao.xia/Data_V1/train/2g1w
2G32	2006-05-30	train	7.659	EXCLUDE_MULTI_RNA_CHAIN		EXCLUDE_MULTI_RNA_CHAIN	RNA_CHAIN_COUNT=4; required exactly 1		
2G3S	2007-01-16	train	23.409	EXCLUDE_MULTI_RNA_CHAIN		EXCLUDE_MULTI_RNA_CHAIN	RNA_CHAIN_COUNT=10; required exactly 1		
2G5K	2006-06-20	train	0.849	EXCLUDE_MULTI_RNA_CHAIN		EXCLUDE_MULTI_RNA_CHAIN	RNA_CHAIN_COUNT=2; required exactly 1		
2G91	2007-04-03	train	0.449	EXCLUDE_MULTI_RNA_CHAIN		EXCLUDE_MULTI_RNA_CHAIN	RNA_CHAIN_COUNT=2; required exactly 1		
2G92	2006-04-18	train	0.482	EXCLUDE_MULTI_RNA_CHAIN		EXCLUDE_MULTI_RNA_CHAIN	RNA_CHAIN_COUNT=2; required exactly 1		
2G9C	2006-11-21	train	0.457	SELECTED	train	KEPT		A	/storage9920/home/tinghao.xia/Data_V1/train/2g9c
2GBH	2006-04-11	train	2.715	SELECTED	train	KEPT		A	/storage9920/home/tinghao.xia/Data_V1/train/2gbh
2GCS	2006-09-26	train	0.516	EXCLUDE_MULTI_RNA_CHAIN		EXCLUDE_MULTI_RNA_CHAIN	RNA_CHAIN_COUNT=2; required exactly 1		
2GCV	2006-09-26	train	0.657	EXCLUDE_MULTI_RNA_CHAIN		EXCLUDE_MULTI_RNA_CHAIN	RNA_CHAIN_COUNT=2; required exactly 1		
2GDI	2006-07-04	train	28.147	EXCLUDE_MULTI_RNA_CHAIN		EXCLUDE_MULTI_RNA_CHAIN	RNA_CHAIN_COUNT=2; required exactly 1		
2GIO	2006-06-20	train	2.069	SELECTED	train	KEPT		A	/storage9920/home/tinghao.xia/Data_V1/train/2gio
2GIP	2006-06-20	train	1.625	SELECTED	train	KEPT		A	/storage9920/home/tinghao.xia/Data_V1/train/2gip
2GIS	2006-07-04	train	0.303	SELECTED	train	KEPT		A	/storage9920/home/tinghao.xia/Data_V1/train/2gis
2GM0	2006-04-25	train	6.096	EXCLUDE_MULTI_RNA_CHAIN		EXCLUDE_MULTI_RNA_CHAIN	RNA_CHAIN_COUNT=2; required exactly 1		
2GPM	2006-06-27	train	8.682	EXCLUDE_MULTI_RNA_CHAIN		EXCLUDE_MULTI_RNA_CHAIN	RNA_CHAIN_COUNT=4; required exactly 1		
2GQ4	2006-06-27	train	7.694	EXCLUDE_MULTI_RNA_CHAIN		EXCLUDE_MULTI_RNA_CHAIN	RNA_CHAIN_COUNT=4; required exactly 1		
2GQ5	2006-06-27	train	7.664	EXCLUDE_MULTI_RNA_CHAIN		EXCLUDE_MULTI_RNA_CHAIN	RNA_CHAIN_COUNT=4; required exactly 1		
2GQ6	2006-06-27	train	7.662	EXCLUDE_MULTI_RNA_CHAIN		EXCLUDE_MULTI_RNA_CHAIN	RNA_CHAIN_COUNT=4; required exactly 1		
2GQ7	2006-06-27	train	7.682	EXCLUDE_MULTI_RNA_CHAIN		EXCLUDE_MULTI_RNA_CHAIN	RNA_CHAIN_COUNT=4; required exactly 1		
2GRB	2006-11-21	train	3.104	EXCLUDE_MULTI_RNA_CHAIN		EXCLUDE_MULTI_RNA_CHAIN	RNA_CHAIN_COUNT=8; required exactly 1		
2GRW	2007-03-06	train	4.603	SELECTED	train	KEPT		A	/storage9920/home/tinghao.xia/Data_V1/train/2grw
2GV3	2006-08-08	train	4.098	SELECTED	train	KEPT		A	/storage9920/home/tinghao.xia/Data_V1/train/2gv3
2GV4	2007-03-20	train	1.91	SELECTED	train	KEPT		A	/storage9920/home/tinghao.xia/Data_V1/train/2gv4
2GVO	2007-05-08	train	4.475	SELECTED	train	KEPT		A	/storage9920/home/tinghao.xia/Data_V1/train/2gvo
2H0W	2006-09-26	train	0.609	EXCLUDE_MULTI_RNA_CHAIN		EXCLUDE_MULTI_RNA_CHAIN	RNA_CHAIN_COUNT=2; required exactly 1		
2H0X	2006-09-26	train	0.57	EXCLUDE_MULTI_RNA_CHAIN		EXCLUDE_MULTI_RNA_CHAIN	RNA_CHAIN_COUNT=2; required exactly 1		
2H1M	2006-07-18	train	0.265	EXCLUDE_MULTI_RNA_CHAIN		EXCLUDE_MULTI_RNA_CHAIN	RNA_CHAIN_COUNT=2; required exactly 1		
2H49	2006-11-21	train	2.67	EXCLUDE_MULTI_RNA_CHAIN		EXCLUDE_MULTI_RNA_CHAIN	RNA_CHAIN_COUNT=2; required exactly 1		
2HEM	2006-09-12	train	3.988	SELECTED	train	KEPT		A	/storage9920/home/tinghao.xia/Data_V1/train/2hem
2HNS	2006-10-31	train	2.07	SELECTED	train	KEPT		A	/storage9920/home/tinghao.xia/Data_V1/train/2hns
2HO6	2006-09-26	train	0.616	EXCLUDE_MULTI_RNA_CHAIN		EXCLUDE_MULTI_RNA_CHAIN	RNA_CHAIN_COUNT=2; required exactly 1		
2HO7	2006-09-26	train	0.588	EXCLUDE_MULTI_RNA_CHAIN		EXCLUDE_MULTI_RNA_CHAIN	RNA_CHAIN_COUNT=2; required exactly 1		
2HOJ	2006-09-19	train	2.196	SELECTED	train	KEPT		A	/storage9920/home/tinghao.xia/Data_V1/train/2hoj
2HOK	2006-09-19	train	2.427	SELECTED	train	KEPT		A	/storage9920/home/tinghao.xia/Data_V1/train/2hok
2HOL	2006-09-19	train	2.418	SELECTED	train	KEPT		A	/storage9920/home/tinghao.xia/Data_V1/train/2hol
2HOM	2006-09-19	train	2.286	SELECTED	train	KEPT		A	/storage9920/home/tinghao.xia/Data_V1/train/2hom
2HOO	2006-09-19	train	2.143	SELECTED	train	KEPT		A	/storage9920/home/tinghao.xia/Data_V1/train/2hoo
2HOP	2006-09-19	train	2.346	SELECTED	train	KEPT		A	/storage9920/home/tinghao.xia/Data_V1/train/2hop
2HUA	2007-04-17	train	6.801	SELECTED	train	KEPT		A	/storage9920/home/tinghao.xia/Data_V1/train/2hua
2I7E	2007-04-03	train	3.251	EXCLUDE_MULTI_RNA_CHAIN		EXCLUDE_MULTI_RNA_CHAIN	RNA_CHAIN_COUNT=2; required exactly 1		
2I7Z	2007-04-03	train	4.771	EXCLUDE_MULTI_RNA_CHAIN		EXCLUDE_MULTI_RNA_CHAIN	RNA_CHAIN_COUNT=2; required exactly 1		
2IL9	2007-02-13	train	27.569	EXCLUDE_MULTI_RNA_CHAIN		EXCLUDE_MULTI_RNA_CHAIN	RNA_CHAIN_COUNT=2; required exactly 1		
2IRN	2007-02-20	train	1.207	EXCLUDE_MULTI_RNA_CHAIN		EXCLUDE_MULTI_RNA_CHAIN	RNA_CHAIN_COUNT=2; required exactly 1		
2IRO	2007-02-20	train	0.841	EXCLUDE_MULTI_RNA_CHAIN		EXCLUDE_MULTI_RNA_CHAIN	RNA_CHAIN_COUNT=2; required exactly 1		
2IXY	2006-09-06	train	2.037	SELECTED	train	KEPT		A	/storage9920/home/tinghao.xia/Data_V1/train/2ixy
2IXZ	2006-09-06	train	5.356	SELECTED	train	KEPT		A	/storage9920/home/tinghao.xia/Data_V1/train/2ixz
2JJA	2008-07-22	train		EXCLUDE_FROZEN_RMSD		EXCLUDE_FROZEN_RMSD	PDB is listed in exclude_strict_rank1_rmsd_pdb.txt	A	
2JLT	2009-08-18	train	0.273	EXCLUDE_MULTI_RNA_CHAIN		EXCLUDE_MULTI_RNA_CHAIN	RNA_CHAIN_COUNT=2; required exactly 1		
2JR4	2007-07-24	train	2.491	SELECTED	train	KEPT		A	/storage9920/home/tinghao.xia/Data_V1/train/2jr4
2JRG	2007-07-24	train	2.874	SELECTED	train	KEPT		A	/storage9920/home/tinghao.xia/Data_V1/train/2jrg
2JRQ	2007-07-24	train	2.573	SELECTED	train	KEPT		A	/storage9920/home/tinghao.xia/Data_V1/train/2jrq
2JSE	2007-11-20	train	2.404	SELECTED	train	KEPT		A	/storage9920/home/tinghao.xia/Data_V1/train/2jse
2JSG	2007-08-07	train	3.395	SELECTED	train	KEPT		A	/storage9920/home/tinghao.xia/Data_V1/train/2jsg
2JTP	2007-10-02	train	3.324	SELECTED	train	KEPT		A	/storage9920/home/tinghao.xia/Data_V1/train/2jtp
2JUK	2007-11-20	train	1.318	SELECTED	train	KEPT		A	/storage9920/home/tinghao.xia/Data_V1/train/2juk
2JWV	2008-01-08	train	3.16	SELECTED	train	KEPT		A	/storage9920/home/tinghao.xia/Data_V1/train/2jwv
2JXQ	2008-05-20	train	0.409	EXCLUDE_MULTI_RNA_CHAIN		EXCLUDE_MULTI_RNA_CHAIN	RNA_CHAIN_COUNT=2; required exactly 1		
2JXS	2008-05-20	train		EXCLUDE_MULTI_RNA_CHAIN		EXCLUDE_MULTI_RNA_CHAIN	RNA_CHAIN_COUNT=2; required exactly 1		
2JXV	2008-04-29	train	3.711	SELECTED	train	KEPT		A	/storage9920/home/tinghao.xia/Data_V1/train/2jxv
2JYF	2008-10-07	train	9.211	EXCLUDE_MULTI_RNA_CHAIN		EXCLUDE_MULTI_RNA_CHAIN	RNA_CHAIN_COUNT=2; required exactly 1		
2JYH	2008-10-07	train	6.919	EXCLUDE_MULTI_RNA_CHAIN		EXCLUDE_MULTI_RNA_CHAIN	RNA_CHAIN_COUNT=2; required exactly 1		
2JYJ	2008-10-07	train	8.03	EXCLUDE_MULTI_RNA_CHAIN		EXCLUDE_MULTI_RNA_CHAIN	RNA_CHAIN_COUNT=2; required exactly 1		
2JYM	2008-04-29	train	2.701	SELECTED	train	KEPT		A	/storage9920/home/tinghao.xia/Data_V1/train/2jym
2K3Z	2008-11-04	train	2.08	EXCLUDE_MULTI_RNA_CHAIN		EXCLUDE_MULTI_RNA_CHAIN	RNA_CHAIN_COUNT=2; required exactly 1		
2K41	2008-11-04	train	2.227	EXCLUDE_MULTI_RNA_CHAIN		EXCLUDE_MULTI_RNA_CHAIN	RNA_CHAIN_COUNT=2; required exactly 1		
2K4C	2008-12-09	train	2.666	SELECTED	train	KEPT		A	/storage9920/home/tinghao.xia/Data_V1/train/2k4c
2K5Z	2009-07-14	train	6.509	SELECTED	train	KEPT		A	/storage9920/home/tinghao.xia/Data_V1/train/2k5z
2K65	2009-07-14	train	1.362	EXCLUDE_MULTI_RNA_CHAIN		EXCLUDE_MULTI_RNA_CHAIN	RNA_CHAIN_COUNT=2; required exactly 1		
2K66	2009-07-14	train	1.832	SELECTED	train	KEPT		A	/storage9920/home/tinghao.xia/Data_V1/train/2k66
2K7E	2008-10-07	train		EXCLUDE_MULTI_RNA_CHAIN		EXCLUDE_MULTI_RNA_CHAIN	RNA_CHAIN_COUNT=2; required exactly 1		
2K95	2008-11-25	train	3.642	SELECTED	train	KEPT		A	/storage9920/home/tinghao.xia/Data_V1/train/2k95
2K96	2008-11-25	train	3.597	SELECTED	train	KEPT		A	/storage9920/home/tinghao.xia/Data_V1/train/2k96
2KBP	2009-03-24	train	2.638	EXCLUDE_MULTI_RNA_CHAIN		EXCLUDE_MULTI_RNA_CHAIN	RNA_CHAIN_COUNT=2; required exactly 1		
2KD4	2009-04-07	train	4.029	EXCLUDE_MULTI_RNA_CHAIN		EXCLUDE_MULTI_RNA_CHAIN	RNA_CHAIN_COUNT=2; required exactly 1		
2KD8	2010-01-19	train	2.013	SELECTED	train	KEPT		A	/storage9920/home/tinghao.xia/Data_V1/train/2kd8
2KE6	2010-01-26	train	5.21	SELECTED	train	KEPT		A	/storage9920/home/tinghao.xia/Data_V1/train/2ke6
2KEZ	2009-07-21	train	2.191	SELECTED	train	KEPT		A	/storage9920/home/tinghao.xia/Data_V1/train/2kez
2KF0	2009-07-21	train	1.913	SELECTED	train	KEPT		A	/storage9920/home/tinghao.xia/Data_V1/train/2kf0
2KGP	2009-06-02	train	5.568	SELECTED	train	KEPT		A	/storage9920/home/tinghao.xia/Data_V1/train/2kgp
2KHY	2010-02-16	train	5.62	SELECTED	train	KEPT		A	/storage9920/home/tinghao.xia/Data_V1/train/2khy
2KOC	2009-12-01	train	1.491	SELECTED	train	KEPT		A	/storage9920/home/tinghao.xia/Data_V1/train/2koc
2KP3	2010-02-09	train	3.007	EXCLUDE_MULTI_RNA_CHAIN		EXCLUDE_MULTI_RNA_CHAIN	RNA_CHAIN_COUNT=2; required exactly 1		
2KPC	2010-06-30	train	2.213	SELECTED	train	KEPT		A	/storage9920/home/tinghao.xia/Data_V1/train/2kpc
2KPD	2010-06-30	train	2.738	SELECTED	train	KEPT		A	/storage9920/home/tinghao.xia/Data_V1/train/2kpd
2KPV	2010-08-04	train	2.529	SELECTED	train	KEPT		A	/storage9920/home/tinghao.xia/Data_V1/train/2kpv
2KRL	2011-02-09	train	21.324	EXCLUDE_TRAIN_RMSD_CUTOFF		EXCLUDE_TRAIN_RMSD_CUTOFF	strict rank-1 RMSD 21.324 A > 15 A	A	
2KRP	2010-12-01	train	2.167	SELECTED	train	KEPT		A	/storage9920/home/tinghao.xia/Data_V1/train/2krp
2KRQ	2010-12-01	train	1.855	SELECTED	train	KEPT		A	/storage9920/home/tinghao.xia/Data_V1/train/2krq
2KRV	2010-12-01	train	3.723	SELECTED	train	KEPT		A	/storage9920/home/tinghao.xia/Data_V1/train/2krv
2KRW	2010-12-01	train	1.367	SELECTED	train	KEPT		A	/storage9920/home/tinghao.xia/Data_V1/train/2krw
2KRY	2010-08-18	train	3.017	SELECTED	train	KEPT		A	/storage9920/home/tinghao.xia/Data_V1/train/2kry
2KRZ	2010-08-18	train	2.372	SELECTED	train	KEPT		A	/storage9920/home/tinghao.xia/Data_V1/train/2krz
2KTZ	2010-04-28	train	5.287	SELECTED	train	KEPT		A	/storage9920/home/tinghao.xia/Data_V1/train/2ktz
2KU0	2010-04-28	train	5.034	SELECTED	train	KEPT		A	/storage9920/home/tinghao.xia/Data_V1/train/2ku0
2KUR	2010-05-19	train	5.686	SELECTED	train	KEPT		A	/storage9920/home/tinghao.xia/Data_V1/train/2kur
2KUU	2010-05-19	train	4.875	SELECTED	train	KEPT		A	/storage9920/home/tinghao.xia/Data_V1/train/2kuu
2KUV	2010-05-19	train	5.834	SELECTED	train	KEPT		A	/storage9920/home/tinghao.xia/Data_V1/train/2kuv
2KUW	2010-05-19	train	4.902	SELECTED	train	KEPT		A	/storage9920/home/tinghao.xia/Data_V1/train/2kuw
2KVN	2010-07-07	train	1.804	SELECTED	train	KEPT		A	/storage9920/home/tinghao.xia/Data_V1/train/2kvn
2KWG	2010-07-21	train	4.114	EXCLUDE_MULTI_RNA_CHAIN		EXCLUDE_MULTI_RNA_CHAIN	RNA_CHAIN_COUNT=2; required exactly 1		
2KX8	2010-09-08	train	2.972	SELECTED	train	KEPT		A	/storage9920/home/tinghao.xia/Data_V1/train/2kx8
2KXM	2011-04-20	train	2.456	SELECTED	train	KEPT		A	/storage9920/home/tinghao.xia/Data_V1/train/2kxm
2KXZ	2010-06-02	train	1.577	EXCLUDE_MULTI_RNA_CHAIN		EXCLUDE_MULTI_RNA_CHAIN	RNA_CHAIN_COUNT=2; required exactly 1		
2KY0	2010-06-02	train	1.794	EXCLUDE_MULTI_RNA_CHAIN		EXCLUDE_MULTI_RNA_CHAIN	RNA_CHAIN_COUNT=2; required exactly 1		
2KY1	2010-06-02	train	1.588	EXCLUDE_MULTI_RNA_CHAIN		EXCLUDE_MULTI_RNA_CHAIN	RNA_CHAIN_COUNT=2; required exactly 1		
2KY2	2010-06-02	train	3.272	EXCLUDE_MULTI_RNA_CHAIN		EXCLUDE_MULTI_RNA_CHAIN	RNA_CHAIN_COUNT=2; required exactly 1		
2KYD	2010-07-07	train	0.858	EXCLUDE_MULTI_RNA_CHAIN		EXCLUDE_MULTI_RNA_CHAIN	RNA_CHAIN_COUNT=2; required exactly 1		
2KYE	2010-06-30	train	1.719	SELECTED	train	KEPT		A	/storage9920/home/tinghao.xia/Data_V1/train/2kye
2KZL	2011-02-23	train	13.891	SELECTED	train	KEPT		A	/storage9920/home/tinghao.xia/Data_V1/train/2kzl
2L1F	2010-10-27	train	11.421	EXCLUDE_MULTI_RNA_CHAIN		EXCLUDE_MULTI_RNA_CHAIN	RNA_CHAIN_COUNT=2; required exactly 1		
2L1V	2010-09-01	train	3.411	SELECTED	train	KEPT		A	/storage9920/home/tinghao.xia/Data_V1/train/2l1v
2L2J	2010-10-27	train	3.513	SELECTED	train	KEPT		A	/storage9920/home/tinghao.xia/Data_V1/train/2l2j
2L3E	2010-11-17	train	4.849	SELECTED	train	KEPT		A	/storage9920/home/tinghao.xia/Data_V1/train/2l3e
2L5Z	2011-02-16	train	5.103	SELECTED	train	KEPT		A	/storage9920/home/tinghao.xia/Data_V1/train/2l5z
2L6I	2011-03-23	train	1.239	SELECTED	train	KEPT		A	/storage9920/home/tinghao.xia/Data_V1/train/2l6i
2L8C	2011-02-23	train	2.75	EXCLUDE_MULTI_RNA_CHAIN		EXCLUDE_MULTI_RNA_CHAIN	RNA_CHAIN_COUNT=2; required exactly 1		
2L8F	2011-08-31	train	2.582	EXCLUDE_MULTI_RNA_CHAIN		EXCLUDE_MULTI_RNA_CHAIN	RNA_CHAIN_COUNT=2; required exactly 1		
2L8H	2011-03-23	train	3.303	SELECTED	train	KEPT		A	/storage9920/home/tinghao.xia/Data_V1/train/2l8h
2L8U	2011-02-23	train	1.763	EXCLUDE_MULTI_RNA_CHAIN		EXCLUDE_MULTI_RNA_CHAIN	RNA_CHAIN_COUNT=2; required exactly 1		
2L8W	2011-02-23	train	2.392	EXCLUDE_MULTI_RNA_CHAIN		EXCLUDE_MULTI_RNA_CHAIN	RNA_CHAIN_COUNT=2; required exactly 1		
2L94	2011-06-15	train	2.34	SELECTED	train	KEPT		A	/storage9920/home/tinghao.xia/Data_V1/train/2l94
2L9E	2011-03-02	train	1.191	SELECTED	train	KEPT		A	/storage9920/home/tinghao.xia/Data_V1/train/2l9e
2LA9	2011-08-03	train	2.406	SELECTED	train	KEPT		A	/storage9920/home/tinghao.xia/Data_V1/train/2la9
2LAC	2011-08-03	train	2.414	SELECTED	train	KEPT		A	/storage9920/home/tinghao.xia/Data_V1/train/2lac
2LBJ	2012-04-04	train	4.529	SELECTED	train	KEPT		A	/storage9920/home/tinghao.xia/Data_V1/train/2lbj
2LBK	2012-04-04	train	4.04	SELECTED	train	KEPT		A	/storage9920/home/tinghao.xia/Data_V1/train/2lbk
2LBL	2012-04-04	train	4.284	SELECTED	train	KEPT		A	/storage9920/home/tinghao.xia/Data_V1/train/2lbl
2LBQ	2011-08-03	train	2.72	SELECTED	train	KEPT		A	/storage9920/home/tinghao.xia/Data_V1/train/2lbq
2LBR	2011-08-03	train	2.898	SELECTED	train	KEPT		A	/storage9920/home/tinghao.xia/Data_V1/train/2lbr
2LC8	2011-11-23	train	7.318	SELECTED	train	KEPT		A	/storage9920/home/tinghao.xia/Data_V1/train/2lc8
2LDL	2011-12-28	train	1.964	SELECTED	train	KEPT		A	/storage9920/home/tinghao.xia/Data_V1/train/2ldl
2LDT	2011-09-07	train	5.388	SELECTED	train	KEPT		A	/storage9920/home/tinghao.xia/Data_V1/train/2ldt
2LDZ	1999-02-23	train	3.513	SELECTED	train	KEPT		A	/storage9920/home/tinghao.xia/Data_V1/train/2ldz
2LHP	2012-07-25	train	6.225	SELECTED	train	KEPT		A	/storage9920/home/tinghao.xia/Data_V1/train/2lhp
2LI4	2012-08-22	train	9.046	SELECTED	train	KEPT		A	/storage9920/home/tinghao.xia/Data_V1/train/2li4
2LJJ	2012-09-19	train	7.301	SELECTED	train	KEPT		A	/storage9920/home/tinghao.xia/Data_V1/train/2ljj
2LK3	2012-02-22	train	3.45	SELECTED	train	KEPT		A	/storage9920/home/tinghao.xia/Data_V1/train/2lk3
2LKR	2012-02-22	train	28.543	EXCLUDE_TRAIN_RMSD_CUTOFF		EXCLUDE_TRAIN_RMSD_CUTOFF	strict rank-1 RMSD 28.543 A > 15 A	A	
2LP9	2012-05-16	train	2.182	SELECTED	train	KEPT		A	/storage9920/home/tinghao.xia/Data_V1/train/2lp9
2LPA	2012-05-16	train	0.994	SELECTED	train	KEPT		A	/storage9920/home/tinghao.xia/Data_V1/train/2lpa
2LPS	2012-08-08	train	5.215	SELECTED	train	KEPT		A	/storage9920/home/tinghao.xia/Data_V1/train/2lps
2LPT	2012-08-08	train	2.806	SELECTED	train	KEPT		A	/storage9920/home/tinghao.xia/Data_V1/train/2lpt
2LQZ	2012-08-01	train	5.254	SELECTED	train	KEPT		A	/storage9920/home/tinghao.xia/Data_V1/train/2lqz
2LU0	2013-04-10	train	5.036	SELECTED	train	KEPT		A	/storage9920/home/tinghao.xia/Data_V1/train/2lu0
2LUB	2012-07-25	train	6.046	SELECTED	train	KEPT		A	/storage9920/home/tinghao.xia/Data_V1/train/2lub
2LUN	2013-12-18	train	5.619	SELECTED	train	KEPT		A	/storage9920/home/tinghao.xia/Data_V1/train/2lun
2LV0	2013-06-26	train	2.483	SELECTED	train	KEPT		A	/storage9920/home/tinghao.xia/Data_V1/train/2lv0
2LVY	2013-04-10	train		EXCLUDE_MULTI_RNA_CHAIN		EXCLUDE_MULTI_RNA_CHAIN	RNA_CHAIN_COUNT=2; required exactly 1		
2LWK	2012-08-29	train	2.017	SELECTED	train	KEPT		A	/storage9920/home/tinghao.xia/Data_V1/train/2lwk
2LX1	2012-11-21	train	6.396	EXCLUDE_MULTI_RNA_CHAIN		EXCLUDE_MULTI_RNA_CHAIN	RNA_CHAIN_COUNT=2; required exactly 1		
2M12	2013-10-23	train	8.262	SELECTED	train	KEPT		A	/storage9920/home/tinghao.xia/Data_V1/train/2m12
2M18	2013-04-17	train	1.785	EXCLUDE_MULTI_RNA_CHAIN		EXCLUDE_MULTI_RNA_CHAIN	RNA_CHAIN_COUNT=4; required exactly 1		
2M1O	2013-02-13	train		EXCLUDE_MULTI_RNA_CHAIN		EXCLUDE_MULTI_RNA_CHAIN	RNA_CHAIN_COUNT=2; required exactly 1		
2M21	2013-03-20	train	3.546	SELECTED	train	KEPT		A	/storage9920/home/tinghao.xia/Data_V1/train/2m21
2M22	2013-03-20	train	2.454	SELECTED	train	KEPT		A	/storage9920/home/tinghao.xia/Data_V1/train/2m22
2M23	2013-12-18	train	4.631	EXCLUDE_MULTI_RNA_CHAIN		EXCLUDE_MULTI_RNA_CHAIN	RNA_CHAIN_COUNT=2; required exactly 1		
2M24	2013-12-18	train	4.74	SELECTED	train	KEPT		A	/storage9920/home/tinghao.xia/Data_V1/train/2m24
2M39	2013-11-27	train		EXCLUDE_MULTI_RNA_CHAIN		EXCLUDE_MULTI_RNA_CHAIN	RNA_CHAIN_COUNT=2; required exactly 1		
2M4Q	2013-03-20	train	6.1	SELECTED	train	KEPT		1	/storage9920/home/tinghao.xia/Data_V1/train/2m4q
2M4W	2014-03-05	train	3.006	SELECTED	train	KEPT		A	/storage9920/home/tinghao.xia/Data_V1/train/2m4w
2M57	2014-02-26	train	5.959	SELECTED	train	KEPT		A	/storage9920/home/tinghao.xia/Data_V1/train/2m57
2M58	2013-04-03	train	19.001	EXCLUDE_TRAIN_RMSD_CUTOFF		EXCLUDE_TRAIN_RMSD_CUTOFF	strict rank-1 RMSD 19.001 A > 15 A	A	
2M5U	2014-04-02	train	2.81	SELECTED	train	KEPT		A	/storage9920/home/tinghao.xia/Data_V1/train/2m5u
2M8K	2013-06-19	train	7.8	SELECTED	train	KEPT		A	/storage9920/home/tinghao.xia/Data_V1/train/2m8k
2MEQ	2014-01-01	train	7.356	SELECTED	train	KEPT		A	/storage9920/home/tinghao.xia/Data_V1/train/2meq
2MER	2014-01-01	train	6.311	SELECTED	train	KEPT		A	/storage9920/home/tinghao.xia/Data_V1/train/2mer
2MFD	2014-10-15	train	4.554	SELECTED	train	KEPT		A	/storage9920/home/tinghao.xia/Data_V1/train/2mfd
2MHI	2013-12-25	train	19.28	EXCLUDE_TRAIN_RMSD_CUTOFF		EXCLUDE_TRAIN_RMSD_CUTOFF	strict rank-1 RMSD 19.28 A > 15 A	A	
2MI0	2014-01-15	train	7.217	EXCLUDE_MULTI_RNA_CHAIN		EXCLUDE_MULTI_RNA_CHAIN	RNA_CHAIN_COUNT=2; required exactly 1		
2MIS	2014-01-22	train	5.202	SELECTED	train	KEPT		A	/storage9920/home/tinghao.xia/Data_V1/train/2mis
2MIY	2014-01-29	train	4.693	SELECTED	train	KEPT		A	/storage9920/home/tinghao.xia/Data_V1/train/2miy
2MN0	2015-04-15	train	3.086	SELECTED	train	KEPT		A	/storage9920/home/tinghao.xia/Data_V1/train/2mn0
2MNC	2014-10-01	train	2.614	SELECTED	train	KEPT		A	/storage9920/home/tinghao.xia/Data_V1/train/2mnc
2MQT	2014-09-10	train	5.355	SELECTED	train	KEPT		A	/storage9920/home/tinghao.xia/Data_V1/train/2mqt
2MS5	2015-01-28	train	1.012	EXCLUDE_MULTI_RNA_CHAIN		EXCLUDE_MULTI_RNA_CHAIN	RNA_CHAIN_COUNT=2; required exactly 1		
2MTJ	2014-10-22	train	6.018	SELECTED	train	KEPT		A	/storage9920/home/tinghao.xia/Data_V1/train/2mtj
2MTK	2014-10-22	train	5.622	SELECTED	train	KEPT		A	/storage9920/home/tinghao.xia/Data_V1/train/2mtk
2MVS	2015-09-16	train	2.659	EXCLUDE_MULTI_RNA_CHAIN		EXCLUDE_MULTI_RNA_CHAIN	RNA_CHAIN_COUNT=2; required exactly 1		
2MVY	2015-09-30	train	1.704	EXCLUDE_MULTI_RNA_CHAIN		EXCLUDE_MULTI_RNA_CHAIN	RNA_CHAIN_COUNT=2; required exactly 1		
2MXJ	2015-05-06	train	1.116	SELECTED	train	KEPT		A	/storage9920/home/tinghao.xia/Data_V1/train/2mxj
2MXK	2015-05-06	train	1.223	EXCLUDE_MULTI_RNA_CHAIN		EXCLUDE_MULTI_RNA_CHAIN	RNA_CHAIN_COUNT=2; required exactly 1		
2MXL	2015-05-06	train	8.701	SELECTED	train	KEPT		A	/storage9920/home/tinghao.xia/Data_V1/train/2mxl
2MXS	2015-12-09	train	2.27	SELECTED	train	KEPT		A	/storage9920/home/tinghao.xia/Data_V1/train/2mxs
2N0J	2016-02-03	train	2.894	SELECTED	train	KEPT		A	/storage9920/home/tinghao.xia/Data_V1/train/2n0j
2N0R	2015-05-20	train	2.867	SELECTED	train	KEPT		A	/storage9920/home/tinghao.xia/Data_V1/train/2n0r
2N1Q	2015-05-27	train	29.623	EXCLUDE_TRAIN_RMSD_CUTOFF		EXCLUDE_TRAIN_RMSD_CUTOFF	strict rank-1 RMSD 29.623 A > 15 A	A	
2N2O	2015-08-05	train	8.682	SELECTED	train	KEPT		A	/storage9920/home/tinghao.xia/Data_V1/train/2n2o
2N2P	2015-08-05	train	7.523	SELECTED	train	KEPT		A	/storage9920/home/tinghao.xia/Data_V1/train/2n2p
2N3Q	2015-07-15	train	10.314	SELECTED	train	KEPT		A	/storage9920/home/tinghao.xia/Data_V1/train/2n3q
2N3R	2015-07-15	train	5.655	SELECTED	train	KEPT		A	/storage9920/home/tinghao.xia/Data_V1/train/2n3r
2N4J	2015-07-29	train		EXCLUDE_MULTI_RNA_CHAIN		EXCLUDE_MULTI_RNA_CHAIN	RNA_CHAIN_COUNT=2; required exactly 1		
2N4L	2015-12-02	train	3.089	SELECTED	train	KEPT		A	/storage9920/home/tinghao.xia/Data_V1/train/2n4l
2N6S	2016-08-03	train	3.459	SELECTED	train	KEPT		A	/storage9920/home/tinghao.xia/Data_V1/train/2n6s
2N6T	2016-08-03	train	6.908	SELECTED	train	KEPT		A	/storage9920/home/tinghao.xia/Data_V1/train/2n6t
2N6W	2016-08-03	train	7.382	SELECTED	train	KEPT		A	/storage9920/home/tinghao.xia/Data_V1/train/2n6w
2N6X	2016-08-03	train	13.656	SELECTED	train	KEPT		A	/storage9920/home/tinghao.xia/Data_V1/train/2n6x
2N7M	2015-12-30	train	22.599	EXCLUDE_TRAIN_RMSD_CUTOFF		EXCLUDE_TRAIN_RMSD_CUTOFF	strict rank-1 RMSD 22.599 A > 15 A	X	
2N7X	2016-04-13	train	4.589	SELECTED	train	KEPT		A	/storage9920/home/tinghao.xia/Data_V1/train/2n7x
2N8V	2015-11-11	train	8.167	SELECTED	train	KEPT		X	/storage9920/home/tinghao.xia/Data_V1/train/2n8v
2NBX	2016-08-10	train	12.332	SELECTED	train	KEPT		A	/storage9920/home/tinghao.xia/Data_V1/train/2nbx
2NBY	2016-08-10	train	2.651	SELECTED	train	KEPT		A	/storage9920/home/tinghao.xia/Data_V1/train/2nby
2NBZ	2016-08-10	train	4.682	SELECTED	train	KEPT		A	/storage9920/home/tinghao.xia/Data_V1/train/2nbz
2NC0	2016-08-10	train	7.169	SELECTED	train	KEPT		A	/storage9920/home/tinghao.xia/Data_V1/train/2nc0
2NC1	2016-08-10	train	12.125	SELECTED	train	KEPT		A	/storage9920/home/tinghao.xia/Data_V1/train/2nc1
2NCI	2016-09-28	train	7.321	SELECTED	train	KEPT		A	/storage9920/home/tinghao.xia/Data_V1/train/2nci
2NCQ	2017-04-19	train	0.843	EXCLUDE_MULTI_RNA_CHAIN		EXCLUDE_MULTI_RNA_CHAIN	RNA_CHAIN_COUNT=2; required exactly 1		
2NCR	2017-04-19	train	0.845	EXCLUDE_MULTI_RNA_CHAIN		EXCLUDE_MULTI_RNA_CHAIN	RNA_CHAIN_COUNT=2; required exactly 1		
2NOK	2007-02-13	train	22.325	EXCLUDE_MULTI_RNA_CHAIN		EXCLUDE_MULTI_RNA_CHAIN	RNA_CHAIN_COUNT=4; required exactly 1		
2NPY	2007-08-14	train	0.226	EXCLUDE_MULTI_RNA_CHAIN		EXCLUDE_MULTI_RNA_CHAIN	RNA_CHAIN_COUNT=4; required exactly 1		
2NPZ	2007-08-14	train	0.216	EXCLUDE_MULTI_RNA_CHAIN		EXCLUDE_MULTI_RNA_CHAIN	RNA_CHAIN_COUNT=4; required exactly 1		
2O32	2007-02-06	train	2.563	SELECTED	train	KEPT		A	/storage9920/home/tinghao.xia/Data_V1/train/2o32
2O33	2007-02-06	train	1.992	SELECTED	train	KEPT		A	/storage9920/home/tinghao.xia/Data_V1/train/2o33
2O3V	2007-11-06	train	0.798	EXCLUDE_MULTI_RNA_CHAIN		EXCLUDE_MULTI_RNA_CHAIN	RNA_CHAIN_COUNT=2; required exactly 1		
2O3W	2007-11-06	train	1.598	EXCLUDE_MULTI_RNA_CHAIN		EXCLUDE_MULTI_RNA_CHAIN	RNA_CHAIN_COUNT=2; required exactly 1		
2O3X	2007-11-06	train	1.443	EXCLUDE_MULTI_RNA_CHAIN		EXCLUDE_MULTI_RNA_CHAIN	RNA_CHAIN_COUNT=2; required exactly 1		
2O3Y	2007-11-06	train	1.254	EXCLUDE_MULTI_RNA_CHAIN		EXCLUDE_MULTI_RNA_CHAIN	RNA_CHAIN_COUNT=2; required exactly 1		
2O43	2007-12-04	train	4.11	SELECTED	train	KEPT		A	/storage9920/home/tinghao.xia/Data_V1/train/2o43
2O44	2007-12-04	train	4.161	SELECTED	train	KEPT		A	/storage9920/home/tinghao.xia/Data_V1/train/2o44
2O45	2007-12-04	train	4.197	SELECTED	train	KEPT		A	/storage9920/home/tinghao.xia/Data_V1/train/2o45
2O81	2007-07-10	train	2.598	EXCLUDE_MULTI_RNA_CHAIN		EXCLUDE_MULTI_RNA_CHAIN	RNA_CHAIN_COUNT=2; required exactly 1		
2O83	2007-07-10	train	2.479	EXCLUDE_MULTI_RNA_CHAIN		EXCLUDE_MULTI_RNA_CHAIN	RNA_CHAIN_COUNT=2; required exactly 1		
2OE5	2007-02-13	train	0.167	EXCLUDE_MULTI_RNA_CHAIN		EXCLUDE_MULTI_RNA_CHAIN	RNA_CHAIN_COUNT=2; required exactly 1		
2OE6	2007-02-13	train	0.252	EXCLUDE_MULTI_RNA_CHAIN		EXCLUDE_MULTI_RNA_CHAIN	RNA_CHAIN_COUNT=2; required exactly 1		
2OE8	2007-02-13	train	0.185	EXCLUDE_MULTI_RNA_CHAIN		EXCLUDE_MULTI_RNA_CHAIN	RNA_CHAIN_COUNT=2; required exactly 1		
2OEU	2007-02-20	train	0.5	EXCLUDE_MULTI_RNA_CHAIN		EXCLUDE_MULTI_RNA_CHAIN	RNA_CHAIN_COUNT=2; required exactly 1		
2OIJ	2007-02-13	train	0.577	EXCLUDE_MULTI_RNA_CHAIN		EXCLUDE_MULTI_RNA_CHAIN	RNA_CHAIN_COUNT=2; required exactly 1		
2OIU	2007-03-13	train	32.023	EXCLUDE_MULTI_RNA_CHAIN		EXCLUDE_MULTI_RNA_CHAIN	RNA_CHAIN_COUNT=2; required exactly 1		
2OIY	2007-12-25	train	0.616	EXCLUDE_MULTI_RNA_CHAIN		EXCLUDE_MULTI_RNA_CHAIN	RNA_CHAIN_COUNT=2; required exactly 1		
2OJ0	2007-12-25	train	0.838	EXCLUDE_MULTI_RNA_CHAIN		EXCLUDE_MULTI_RNA_CHAIN	RNA_CHAIN_COUNT=2; required exactly 1		
2OJ7	2007-05-22	train	5.339	SELECTED	train	KEPT		A	/storage9920/home/tinghao.xia/Data_V1/train/2oj7
2OJ8	2007-05-22	train	5.503	SELECTED	train	KEPT		A	/storage9920/home/tinghao.xia/Data_V1/train/2oj8
2OOM	2008-01-29	train	2.683	EXCLUDE_MULTI_RNA_CHAIN		EXCLUDE_MULTI_RNA_CHAIN	RNA_CHAIN_COUNT=2; required exactly 1		
2OUE	2007-03-06	train	0.223	EXCLUDE_MULTI_RNA_CHAIN		EXCLUDE_MULTI_RNA_CHAIN	RNA_CHAIN_COUNT=4; required exactly 1		
2P7F	2007-05-22	train	0.265	EXCLUDE_MULTI_RNA_CHAIN		EXCLUDE_MULTI_RNA_CHAIN	RNA_CHAIN_COUNT=4; required exactly 1		
2P89	2007-04-03	train	8.37	EXCLUDE_MULTI_RNA_CHAIN		EXCLUDE_MULTI_RNA_CHAIN	RNA_CHAIN_COUNT=2; required exactly 1		
2PCV	2007-05-08	train	13.599	SELECTED	train	KEPT		A	/storage9920/home/tinghao.xia/Data_V1/train/2pcv
2PCW	2007-05-08	train	14.27	EXCLUDE_MULTI_RNA_CHAIN		EXCLUDE_MULTI_RNA_CHAIN	RNA_CHAIN_COUNT=2; required exactly 1		
2PN3	2008-04-01	train	7.801	EXCLUDE_MULTI_RNA_CHAIN		EXCLUDE_MULTI_RNA_CHAIN	RNA_CHAIN_COUNT=2; required exactly 1		
2PN4	2008-04-01	train	19.095	EXCLUDE_MULTI_RNA_CHAIN		EXCLUDE_MULTI_RNA_CHAIN	RNA_CHAIN_COUNT=4; required exactly 1		
2PN9	2007-10-30	train	1.881	EXCLUDE_MULTI_RNA_CHAIN		EXCLUDE_MULTI_RNA_CHAIN	RNA_CHAIN_COUNT=2; required exactly 1		
2PWT	2007-09-18	train	0.608	EXCLUDE_MULTI_RNA_CHAIN		EXCLUDE_MULTI_RNA_CHAIN	RNA_CHAIN_COUNT=2; required exactly 1		
2Q1O	2007-10-30	train	9.368	EXCLUDE_MULTI_RNA_CHAIN		EXCLUDE_MULTI_RNA_CHAIN	RNA_CHAIN_COUNT=4; required exactly 1		
2Q1R	2007-10-30	train	9.698	SELECTED	train	KEPT		A	/storage9920/home/tinghao.xia/Data_V1/train/2q1r
2QBZ	2007-09-18	train	5.17	SELECTED	train	KEPT		X	/storage9920/home/tinghao.xia/Data_V1/train/2qbz
2QEK	2008-05-06	train	21.911	EXCLUDE_MULTI_RNA_CHAIN		EXCLUDE_MULTI_RNA_CHAIN	RNA_CHAIN_COUNT=2; required exactly 1		
2QH2	2007-09-25	train	4.224	SELECTED	train	KEPT		A	/storage9920/home/tinghao.xia/Data_V1/train/2qh2
2QH3	2007-09-25	train	5.8	SELECTED	train	KEPT		A	/storage9920/home/tinghao.xia/Data_V1/train/2qh3
2QH4	2007-09-25	train	2.384	SELECTED	train	KEPT		A	/storage9920/home/tinghao.xia/Data_V1/train/2qh4
2QUS	2008-07-15	train	32.587	EXCLUDE_MULTI_RNA_CHAIN		EXCLUDE_MULTI_RNA_CHAIN	RNA_CHAIN_COUNT=2; required exactly 1		
2QUW	2008-07-15	train	34.592	EXCLUDE_MULTI_RNA_CHAIN		EXCLUDE_MULTI_RNA_CHAIN	RNA_CHAIN_COUNT=4; required exactly 1		
2QWY	2008-01-22	train	26.767	EXCLUDE_MULTI_RNA_CHAIN		EXCLUDE_MULTI_RNA_CHAIN	RNA_CHAIN_COUNT=3; required exactly 1		
2R1S	2007-09-25	train	0.442	EXCLUDE_MULTI_RNA_CHAIN		EXCLUDE_MULTI_RNA_CHAIN	RNA_CHAIN_COUNT=2; required exactly 1		
2R20	2007-09-25	train	0.388	EXCLUDE_MULTI_RNA_CHAIN		EXCLUDE_MULTI_RNA_CHAIN	RNA_CHAIN_COUNT=2; required exactly 1		
2R21	2007-09-25	train	0.301	EXCLUDE_MULTI_RNA_CHAIN		EXCLUDE_MULTI_RNA_CHAIN	RNA_CHAIN_COUNT=2; required exactly 1		
2R22	2007-09-25	train	0.281	EXCLUDE_MULTI_RNA_CHAIN		EXCLUDE_MULTI_RNA_CHAIN	RNA_CHAIN_COUNT=2; required exactly 1		
2RLU	2008-02-26	train	2.103	SELECTED	train	KEPT		A	/storage9920/home/tinghao.xia/Data_V1/train/2rlu
2RN1	2008-09-23	train	2.179	EXCLUDE_MULTI_RNA_CHAIN		EXCLUDE_MULTI_RNA_CHAIN	RNA_CHAIN_COUNT=2; required exactly 1		
2RO2	2008-12-30	train	0.992	SELECTED	train	KEPT		A	/storage9920/home/tinghao.xia/Data_V1/train/2ro2
2RP0	2009-03-31	train	3.69	SELECTED	train	KEPT		A	/storage9920/home/tinghao.xia/Data_V1/train/2rp0
2RP1	2009-03-31	train	3.999	SELECTED	train	KEPT		A	/storage9920/home/tinghao.xia/Data_V1/train/2rp1
2RPK	2008-12-30	train	1.507	SELECTED	train	KEPT		A	/storage9920/home/tinghao.xia/Data_V1/train/2rpk
2RPT	2009-08-25	train	4.349	SELECTED	train	KEPT		A	/storage9920/home/tinghao.xia/Data_V1/train/2rpt
2RQJ	2009-11-17	train	12.578	EXCLUDE_MULTI_RNA_CHAIN		EXCLUDE_MULTI_RNA_CHAIN	RNA_CHAIN_COUNT=2; required exactly 1		
2RRC	2011-06-29	train	2.039	SELECTED	train	KEPT		A	/storage9920/home/tinghao.xia/Data_V1/train/2rrc
2RVO	2017-02-08	train	2.143	SELECTED	train	KEPT		A	/storage9920/home/tinghao.xia/Data_V1/train/2rvo
2TOB	1999-06-22	train	2.95	SELECTED	train	KEPT		A	/storage9920/home/tinghao.xia/Data_V1/train/2tob
2TPK	1998-11-04	train	3.881	SELECTED	train	KEPT		A	/storage9920/home/tinghao.xia/Data_V1/train/2tpk
2TRA	1987-11-06	train	1.022	SELECTED	train	KEPT		A	/storage9920/home/tinghao.xia/Data_V1/train/2tra
2U2A	1998-03-04	train	2.692	SELECTED	train	KEPT		A	/storage9920/home/tinghao.xia/Data_V1/train/2u2a
2V6W	2007-11-06	train	0.66	EXCLUDE_MULTI_RNA_CHAIN		EXCLUDE_MULTI_RNA_CHAIN	RNA_CHAIN_COUNT=2; required exactly 1		
2V7R	2008-03-18	train	0.454	EXCLUDE_MULTI_RNA_CHAIN		EXCLUDE_MULTI_RNA_CHAIN	RNA_CHAIN_COUNT=2; required exactly 1		
2VAL	2007-10-16	train	8.368	EXCLUDE_MULTI_RNA_CHAIN		EXCLUDE_MULTI_RNA_CHAIN	RNA_CHAIN_COUNT=4; required exactly 1		
2VUQ	2009-03-10	train		EXCLUDE_MULTI_RNA_CHAIN		EXCLUDE_MULTI_RNA_CHAIN	RNA_CHAIN_COUNT=2; required exactly 1		
2W89	2009-11-17	train	10.46	EXCLUDE_MULTI_RNA_CHAIN		EXCLUDE_MULTI_RNA_CHAIN	RNA_CHAIN_COUNT=4; required exactly 1		
2WNA	2010-02-16	train		EXCLUDE_FROZEN_RMSD		EXCLUDE_FROZEN_RMSD	PDB is listed in exclude_strict_rank1_rmsd_pdb.txt	A	
2X2Q	2011-02-16	train	13.462	EXCLUDE_MULTI_RNA_CHAIN		EXCLUDE_MULTI_RNA_CHAIN	RNA_CHAIN_COUNT=4; required exactly 1		
2XC6	2011-05-04	train		EXCLUDE_FROZEN_RMSD		EXCLUDE_FROZEN_RMSD	PDB is listed in exclude_strict_rank1_rmsd_pdb.txt	A	
2XEB	2010-05-26	train	6.516	EXCLUDE_MULTI_RNA_CHAIN		EXCLUDE_MULTI_RNA_CHAIN	RNA_CHAIN_COUNT=2; required exactly 1		
2XNW	2011-04-06	train	0.347	SELECTED	train	KEPT		A	/storage9920/home/tinghao.xia/Data_V1/train/2xnw
2XNZ	2011-04-06	train	0.376	SELECTED	train	KEPT		A	/storage9920/home/tinghao.xia/Data_V1/train/2xnz
2XO0	2011-04-06	train	0.372	SELECTED	train	KEPT		A	/storage9920/home/tinghao.xia/Data_V1/train/2xo0
2XO1	2011-04-06	train	0.319	SELECTED	train	KEPT		A	/storage9920/home/tinghao.xia/Data_V1/train/2xo1
2XSL	2011-08-10	train	9.862	EXCLUDE_MULTI_RNA_CHAIN		EXCLUDE_MULTI_RNA_CHAIN	RNA_CHAIN_COUNT=4; required exactly 1		
2Y95	2011-10-26	train	1.648	SELECTED	train	KEPT		A	/storage9920/home/tinghao.xia/Data_V1/train/2y95
2YDH	2011-09-07	train	0.503	SELECTED	train	KEPT		A	/storage9920/home/tinghao.xia/Data_V1/train/2ydh
2YGH	2011-09-07	train	0.927	SELECTED	train	KEPT		A	/storage9920/home/tinghao.xia/Data_V1/train/2ygh
2YIE	2011-08-31	train	0.318	EXCLUDE_MULTI_RNA_CHAIN		EXCLUDE_MULTI_RNA_CHAIN	RNA_CHAIN_COUNT=2; required exactly 1		
2YIF	2011-08-31	train	0.796	EXCLUDE_MULTI_RNA_CHAIN		EXCLUDE_MULTI_RNA_CHAIN	RNA_CHAIN_COUNT=2; required exactly 1		
2Z9Q	2007-10-16	train		EXCLUDE_FROZEN_RMSD		EXCLUDE_FROZEN_RMSD	PDB is listed in exclude_strict_rank1_rmsd_pdb.txt	A	
2ZY6	2009-06-30	train	9.973	SELECTED	train	KEPT		A	/storage9920/home/tinghao.xia/Data_V1/train/2zy6
300D	1997-01-24	train	0.428	EXCLUDE_MULTI_RNA_CHAIN		EXCLUDE_MULTI_RNA_CHAIN	RNA_CHAIN_COUNT=2; required exactly 1		
301D	1997-01-24	train	0.578	EXCLUDE_MULTI_RNA_CHAIN		EXCLUDE_MULTI_RNA_CHAIN	RNA_CHAIN_COUNT=2; required exactly 1		
30SC	2026-07-22	test	1.121	SELECTED	test	KEPT		A	/storage9920/home/tinghao.xia/Data_V1/test/30sc
310D	1997-06-24	train	1.071	EXCLUDE_MULTI_RNA_CHAIN		EXCLUDE_MULTI_RNA_CHAIN	RNA_CHAIN_COUNT=2; required exactly 1		
333D	1997-10-16	train	1.332	SELECTED	train	KEPT		A	/storage9920/home/tinghao.xia/Data_V1/train/333d
353D	1997-11-10	train	0.209	EXCLUDE_MULTI_RNA_CHAIN		EXCLUDE_MULTI_RNA_CHAIN	RNA_CHAIN_COUNT=2; required exactly 1		
354D	1997-11-26	train	0.202	EXCLUDE_MULTI_RNA_CHAIN		EXCLUDE_MULTI_RNA_CHAIN	RNA_CHAIN_COUNT=2; required exactly 1		
357D	1997-12-01	train	0.841	EXCLUDE_MULTI_RNA_CHAIN		EXCLUDE_MULTI_RNA_CHAIN	RNA_CHAIN_COUNT=3; required exactly 1		
359D	1997-11-07	train	0.648	EXCLUDE_MULTI_RNA_CHAIN		EXCLUDE_MULTI_RNA_CHAIN	RNA_CHAIN_COUNT=2; required exactly 1		
361D	1998-07-01	train	21.432	EXCLUDE_MULTI_RNA_CHAIN		EXCLUDE_MULTI_RNA_CHAIN	RNA_CHAIN_COUNT=2; required exactly 1		
364D	1998-01-02	train	0.609	EXCLUDE_MULTI_RNA_CHAIN		EXCLUDE_MULTI_RNA_CHAIN	RNA_CHAIN_COUNT=3; required exactly 1		
36LC	2026-07-01	test	0.427	EXCLUDE_MULTI_RNA_CHAIN		EXCLUDE_MULTI_RNA_CHAIN	RNA_CHAIN_COUNT=2; required exactly 1		
36LE	2026-07-01	test	14.083	EXCLUDE_MULTI_RNA_CHAIN		EXCLUDE_MULTI_RNA_CHAIN	RNA_CHAIN_COUNT=4; required exactly 1		
36LL	2026-07-01	test	14.681	SELECTED	test	KEPT		A	/storage9920/home/tinghao.xia/Data_V1/test/36ll
36LM	2026-07-01	test	0.185	EXCLUDE_MULTI_RNA_CHAIN		EXCLUDE_MULTI_RNA_CHAIN	RNA_CHAIN_COUNT=2; required exactly 1		
377D	1998-08-10	train	23.733	EXCLUDE_MULTI_RNA_CHAIN		EXCLUDE_MULTI_RNA_CHAIN	RNA_CHAIN_COUNT=4; required exactly 1		
379D	1998-02-11	train	0.84	EXCLUDE_MULTI_RNA_CHAIN		EXCLUDE_MULTI_RNA_CHAIN	RNA_CHAIN_COUNT=2; required exactly 1		
387D	2003-08-26	train	15.447	EXCLUDE_TRAIN_RMSD_CUTOFF		EXCLUDE_TRAIN_RMSD_CUTOFF	strict rank-1 RMSD 15.447 A > 15 A	A	
397D	1998-09-11	train	0.34	EXCLUDE_MULTI_RNA_CHAIN		EXCLUDE_MULTI_RNA_CHAIN	RNA_CHAIN_COUNT=2; required exactly 1		
3A3A	2009-08-11	train	2.435	SELECTED	train	KEPT		A	/storage9920/home/tinghao.xia/Data_V1/train/3a3a
3B31	2007-12-25	train	0.54	EXCLUDE_MULTI_RNA_CHAIN		EXCLUDE_MULTI_RNA_CHAIN	RNA_CHAIN_COUNT=2; required exactly 1		
3B4A	2007-12-11	train	1.283	EXCLUDE_MULTI_RNA_CHAIN		EXCLUDE_MULTI_RNA_CHAIN	RNA_CHAIN_COUNT=2; required exactly 1		
3B4B	2007-12-11	train	0.409	EXCLUDE_MULTI_RNA_CHAIN		EXCLUDE_MULTI_RNA_CHAIN	RNA_CHAIN_COUNT=2; required exactly 1		
3B4C	2007-12-11	train	1.196	EXCLUDE_MULTI_RNA_CHAIN		EXCLUDE_MULTI_RNA_CHAIN	RNA_CHAIN_COUNT=2; required exactly 1		
3B58	2008-08-12	train	0.857	EXCLUDE_MULTI_RNA_CHAIN		EXCLUDE_MULTI_RNA_CHAIN	RNA_CHAIN_COUNT=3; required exactly 1		
3B5A	2008-08-12	train	0.242	EXCLUDE_MULTI_RNA_CHAIN		EXCLUDE_MULTI_RNA_CHAIN	RNA_CHAIN_COUNT=3; required exactly 1		
3B5F	2008-08-12	train	0.223	EXCLUDE_MULTI_RNA_CHAIN		EXCLUDE_MULTI_RNA_CHAIN	RNA_CHAIN_COUNT=3; required exactly 1		
3B5S	2008-08-12	train	0.215	EXCLUDE_MULTI_RNA_CHAIN		EXCLUDE_MULTI_RNA_CHAIN	RNA_CHAIN_COUNT=3; required exactly 1		
3B91	2008-08-12	train	0.246	EXCLUDE_MULTI_RNA_CHAIN		EXCLUDE_MULTI_RNA_CHAIN	RNA_CHAIN_COUNT=3; required exactly 1		
3BBI	2008-08-12	train	0.261	EXCLUDE_MULTI_RNA_CHAIN		EXCLUDE_MULTI_RNA_CHAIN	RNA_CHAIN_COUNT=3; required exactly 1		
3BBK	2008-08-12	train		EXCLUDE_MULTI_RNA_CHAIN		EXCLUDE_MULTI_RNA_CHAIN	RNA_CHAIN_COUNT=3; required exactly 1		
3BBM	2008-08-12	train	0.223	EXCLUDE_MULTI_RNA_CHAIN		EXCLUDE_MULTI_RNA_CHAIN	RNA_CHAIN_COUNT=3; required exactly 1		
3BBV	2008-10-21	train	3.031	SELECTED	train	KEPT		z	/storage9920/home/tinghao.xia/Data_V1/train/3bbv
3BNL	2008-06-24	train	0.165	EXCLUDE_MULTI_RNA_CHAIN		EXCLUDE_MULTI_RNA_CHAIN	RNA_CHAIN_COUNT=2; required exactly 1		
3BNN	2008-06-24	train	14.154	EXCLUDE_MULTI_RNA_CHAIN		EXCLUDE_MULTI_RNA_CHAIN	RNA_CHAIN_COUNT=4; required exactly 1		
3BNO	2008-06-24	train	10.807	EXCLUDE_MULTI_RNA_CHAIN		EXCLUDE_MULTI_RNA_CHAIN	RNA_CHAIN_COUNT=4; required exactly 1		
3BNP	2008-06-24	train	0.448	EXCLUDE_MULTI_RNA_CHAIN		EXCLUDE_MULTI_RNA_CHAIN	RNA_CHAIN_COUNT=2; required exactly 1		
3BNQ	2008-06-24	train	13.161	EXCLUDE_MULTI_RNA_CHAIN		EXCLUDE_MULTI_RNA_CHAIN	RNA_CHAIN_COUNT=4; required exactly 1		
3BNR	2008-06-24	train	13.681	EXCLUDE_MULTI_RNA_CHAIN		EXCLUDE_MULTI_RNA_CHAIN	RNA_CHAIN_COUNT=4; required exactly 1		
3BNS	2008-06-24	train	13.675	EXCLUDE_MULTI_RNA_CHAIN		EXCLUDE_MULTI_RNA_CHAIN	RNA_CHAIN_COUNT=4; required exactly 1		
3BNT	2008-06-24	train	19.555	EXCLUDE_TRAIN_RMSD_CUTOFF		EXCLUDE_TRAIN_RMSD_CUTOFF	strict rank-1 RMSD 19.555 A > 15 A	A	
3BWP	2008-04-15	train	3.145	SELECTED	train	KEPT		A	/storage9920/home/tinghao.xia/Data_V1/train/3bwp
3C44	2008-05-06	train	1.079	EXCLUDE_MULTI_RNA_CHAIN		EXCLUDE_MULTI_RNA_CHAIN	RNA_CHAIN_COUNT=2; required exactly 1		
3CGP	2008-07-01	train	0.193	EXCLUDE_MULTI_RNA_CHAIN		EXCLUDE_MULTI_RNA_CHAIN	RNA_CHAIN_COUNT=2; required exactly 1		
3CGQ	2008-07-01	train	0.189	EXCLUDE_MULTI_RNA_CHAIN		EXCLUDE_MULTI_RNA_CHAIN	RNA_CHAIN_COUNT=2; required exactly 1		
3CGR	2008-07-01	train	0.14	EXCLUDE_MULTI_RNA_CHAIN		EXCLUDE_MULTI_RNA_CHAIN	RNA_CHAIN_COUNT=2; required exactly 1		
3CGS	2008-07-01	train	0.237	EXCLUDE_MULTI_RNA_CHAIN		EXCLUDE_MULTI_RNA_CHAIN	RNA_CHAIN_COUNT=2; required exactly 1		
3CJZ	2008-10-14	train	0.96	EXCLUDE_MULTI_RNA_CHAIN		EXCLUDE_MULTI_RNA_CHAIN	RNA_CHAIN_COUNT=2; required exactly 1		
3CW5	2008-09-02	train	2.544	SELECTED	train	KEPT		A	/storage9920/home/tinghao.xia/Data_V1/train/3cw5
3CW6	2008-09-02	train	2.559	SELECTED	train	KEPT		A	/storage9920/home/tinghao.xia/Data_V1/train/3cw6
3CZW	2008-09-09	train	12.524	SELECTED	train	KEPT		X	/storage9920/home/tinghao.xia/Data_V1/train/3czw
3D0M	2008-09-09	train	13.444	SELECTED	train	KEPT		X	/storage9920/home/tinghao.xia/Data_V1/train/3d0m
3D0U	2008-07-01	train	0.637	SELECTED	train	KEPT		A	/storage9920/home/tinghao.xia/Data_V1/train/3d0u
3D0X	2008-07-01	train	0.922	SELECTED	train	KEPT		A	/storage9920/home/tinghao.xia/Data_V1/train/3d0x
3D2G	2008-07-01	train	21.186	EXCLUDE_MULTI_RNA_CHAIN		EXCLUDE_MULTI_RNA_CHAIN	RNA_CHAIN_COUNT=2; required exactly 1		
3D2V	2008-07-01	train	15.001	EXCLUDE_MULTI_RNA_CHAIN		EXCLUDE_MULTI_RNA_CHAIN	RNA_CHAIN_COUNT=2; required exactly 1		
3D2X	2008-07-01	train	22.875	EXCLUDE_MULTI_RNA_CHAIN		EXCLUDE_MULTI_RNA_CHAIN	RNA_CHAIN_COUNT=2; required exactly 1		
3DG0	2009-02-03	train		EXCLUDE_MULTI_RNA_CHAIN		EXCLUDE_MULTI_RNA_CHAIN	RNA_CHAIN_COUNT=2; required exactly 1		
3DG2	2009-02-03	train		EXCLUDE_MULTI_RNA_CHAIN		EXCLUDE_MULTI_RNA_CHAIN	RNA_CHAIN_COUNT=2; required exactly 1		
3DG4	2009-02-03	train		EXCLUDE_MULTI_RNA_CHAIN		EXCLUDE_MULTI_RNA_CHAIN	RNA_CHAIN_COUNT=2; required exactly 1		
3DG5	2009-02-03	train		EXCLUDE_MULTI_RNA_CHAIN		EXCLUDE_MULTI_RNA_CHAIN	RNA_CHAIN_COUNT=2; required exactly 1		
3DHS	2009-01-27	train	8.706	SELECTED	train	KEPT		A	/storage9920/home/tinghao.xia/Data_V1/train/3dhs
3DIG	2008-09-16	train	0.49	SELECTED	train	KEPT		X	/storage9920/home/tinghao.xia/Data_V1/train/3dig
3DIL	2008-09-16	train	0.526	SELECTED	train	KEPT		A	/storage9920/home/tinghao.xia/Data_V1/train/3dil
3DIM	2008-09-16	train	0.449	SELECTED	train	KEPT		A	/storage9920/home/tinghao.xia/Data_V1/train/3dim
3DIO	2008-09-16	train	0.608	SELECTED	train	KEPT		X	/storage9920/home/tinghao.xia/Data_V1/train/3dio
3DIQ	2008-09-16	train	0.567	SELECTED	train	KEPT		A	/storage9920/home/tinghao.xia/Data_V1/train/3diq
3DIR	2008-09-16	train	0.601	SELECTED	train	KEPT		A	/storage9920/home/tinghao.xia/Data_V1/train/3dir
3DIS	2008-09-16	train	0.592	SELECTED	train	KEPT		A	/storage9920/home/tinghao.xia/Data_V1/train/3dis
3DIX	2008-09-16	train	0.437	SELECTED	train	KEPT		A	/storage9920/home/tinghao.xia/Data_V1/train/3dix
3DIY	2008-09-16	train	0.501	SELECTED	train	KEPT		A	/storage9920/home/tinghao.xia/Data_V1/train/3diy
3DIZ	2008-09-16	train	0.526	SELECTED	train	KEPT		A	/storage9920/home/tinghao.xia/Data_V1/train/3diz
3DJ0	2008-09-16	train	0.649	SELECTED	train	KEPT		A	/storage9920/home/tinghao.xia/Data_V1/train/3dj0
3DJ2	2008-09-16	train	0.662	SELECTED	train	KEPT		A	/storage9920/home/tinghao.xia/Data_V1/train/3dj2
3DS7	2009-02-17	train	24.692	EXCLUDE_MULTI_RNA_CHAIN		EXCLUDE_MULTI_RNA_CHAIN	RNA_CHAIN_COUNT=2; required exactly 1		
3DVV	2008-08-12	train	20.449	EXCLUDE_MULTI_RNA_CHAIN		EXCLUDE_MULTI_RNA_CHAIN	RNA_CHAIN_COUNT=2; required exactly 1		
3DVZ	2009-03-24	train	0.444	SELECTED	train	KEPT		A	/storage9920/home/tinghao.xia/Data_V1/train/3dvz
3DW4	2009-03-24	train	0.217	SELECTED	train	KEPT		A	/storage9920/home/tinghao.xia/Data_V1/train/3dw4
3DW5	2009-03-24	train	0.738	SELECTED	train	KEPT		A	/storage9920/home/tinghao.xia/Data_V1/train/3dw5
3DW6	2009-03-24	train	0.377	SELECTED	train	KEPT		A	/storage9920/home/tinghao.xia/Data_V1/train/3dw6
3DW7	2009-03-24	train	0.838	SELECTED	train	KEPT		A	/storage9920/home/tinghao.xia/Data_V1/train/3dw7
3E5C	2008-10-07	train	0.234	SELECTED	train	KEPT		A	/storage9920/home/tinghao.xia/Data_V1/train/3e5c
3E5E	2008-10-07	train	0.262	SELECTED	train	KEPT		A	/storage9920/home/tinghao.xia/Data_V1/train/3e5e
3E5F	2008-10-07	train	0.266	SELECTED	train	KEPT		A	/storage9920/home/tinghao.xia/Data_V1/train/3e5f
3EOG	2008-10-28	train	1.204	EXCLUDE_MULTI_RNA_CHAIN		EXCLUDE_MULTI_RNA_CHAIN	RNA_CHAIN_COUNT=2; required exactly 1		
3EOH	2008-10-28	train	1.601	EXCLUDE_MULTI_RNA_CHAIN		EXCLUDE_MULTI_RNA_CHAIN	RNA_CHAIN_COUNT=2; required exactly 1		
3F2Q	2009-01-27	train	0.624	SELECTED	train	KEPT		X	/storage9920/home/tinghao.xia/Data_V1/train/3f2q
3F2T	2009-01-27	train	0.436	SELECTED	train	KEPT		X	/storage9920/home/tinghao.xia/Data_V1/train/3f2t
3F2W	2009-01-27	train	0.685	SELECTED	train	KEPT		X	/storage9920/home/tinghao.xia/Data_V1/train/3f2w
3F2X	2009-01-27	train	0.581	SELECTED	train	KEPT		X	/storage9920/home/tinghao.xia/Data_V1/train/3f2x
3F2Y	2009-01-27	train	0.501	SELECTED	train	KEPT		X	/storage9920/home/tinghao.xia/Data_V1/train/3f2y
3F30	2009-01-27	train	0.489	SELECTED	train	KEPT		X	/storage9920/home/tinghao.xia/Data_V1/train/3f30
3F4E	2009-01-27	train	0.485	EXCLUDE_MULTI_RNA_CHAIN		EXCLUDE_MULTI_RNA_CHAIN	RNA_CHAIN_COUNT=2; required exactly 1		
3F4G	2009-01-27	train	0.469	EXCLUDE_MULTI_RNA_CHAIN		EXCLUDE_MULTI_RNA_CHAIN	RNA_CHAIN_COUNT=2; required exactly 1		
3F4H	2009-01-27	train	0.41	EXCLUDE_MULTI_RNA_CHAIN		EXCLUDE_MULTI_RNA_CHAIN	RNA_CHAIN_COUNT=2; required exactly 1		
3FAR	2009-11-24	train	0.502	EXCLUDE_MULTI_RNA_CHAIN		EXCLUDE_MULTI_RNA_CHAIN	RNA_CHAIN_COUNT=2; required exactly 1		
3FO4	2009-06-23	train	0.323	SELECTED	train	KEPT		A	/storage9920/home/tinghao.xia/Data_V1/train/3fo4
3FO6	2009-06-23	train	0.384	SELECTED	train	KEPT		A	/storage9920/home/tinghao.xia/Data_V1/train/3fo6
3FS0	2009-02-24	train	0.184	EXCLUDE_MULTI_RNA_CHAIN		EXCLUDE_MULTI_RNA_CHAIN	RNA_CHAIN_COUNT=2; required exactly 1		
3FTM	2009-02-24	train	16.735	EXCLUDE_MULTI_RNA_CHAIN		EXCLUDE_MULTI_RNA_CHAIN	RNA_CHAIN_COUNT=4; required exactly 1		
3FU2	2009-03-03	train	22.418	EXCLUDE_MULTI_RNA_CHAIN		EXCLUDE_MULTI_RNA_CHAIN	RNA_CHAIN_COUNT=3; required exactly 1		
3FWO	2010-01-19	train	4.5	EXCLUDE_MULTI_RNA_CHAIN		EXCLUDE_MULTI_RNA_CHAIN	RNA_CHAIN_COUNT=2; required exactly 1		
3G4M	2009-06-23	train	0.632	SELECTED	train	KEPT		A	/storage9920/home/tinghao.xia/Data_V1/train/3g4m
3G78	2010-02-16	train	1.129	EXCLUDE_MULTI_RNA_CHAIN		EXCLUDE_MULTI_RNA_CHAIN	RNA_CHAIN_COUNT=2; required exactly 1		
3GAO	2009-06-23	train	0.516	SELECTED	train	KEPT		A	/storage9920/home/tinghao.xia/Data_V1/train/3gao
3GCA	2009-03-03	train	0.395	SELECTED	train	KEPT		A	/storage9920/home/tinghao.xia/Data_V1/train/3gca
3GER	2009-06-23	train	0.497	SELECTED	train	KEPT		A	/storage9920/home/tinghao.xia/Data_V1/train/3ger
3GES	2009-06-23	train	0.515	SELECTED	train	KEPT		A	/storage9920/home/tinghao.xia/Data_V1/train/3ges
3GLP	2009-05-26	train	5.078	EXCLUDE_MULTI_RNA_CHAIN		EXCLUDE_MULTI_RNA_CHAIN	RNA_CHAIN_COUNT=5; required exactly 1		
3GM7	2009-05-26	train	1.123	EXCLUDE_MULTI_RNA_CHAIN		EXCLUDE_MULTI_RNA_CHAIN	RNA_CHAIN_COUNT=2; required exactly 1		
3GOG	2009-06-23	train	0.337	SELECTED	train	KEPT		A	/storage9920/home/tinghao.xia/Data_V1/train/3gog
3GOT	2009-06-23	train	0.329	SELECTED	train	KEPT		A	/storage9920/home/tinghao.xia/Data_V1/train/3got
3GS1	2009-05-12	train	0.294	EXCLUDE_MULTI_RNA_CHAIN		EXCLUDE_MULTI_RNA_CHAIN	RNA_CHAIN_COUNT=4; required exactly 1		
3GS5	2009-04-21	train	0.153	EXCLUDE_MULTI_RNA_CHAIN		EXCLUDE_MULTI_RNA_CHAIN	RNA_CHAIN_COUNT=2; required exactly 1		
3GS8	2009-04-21	train		EXCLUDE_MULTI_RNA_CHAIN		EXCLUDE_MULTI_RNA_CHAIN	RNA_CHAIN_COUNT=4; required exactly 1		
3GVN	2009-07-28	train	0.971	EXCLUDE_MULTI_RNA_CHAIN		EXCLUDE_MULTI_RNA_CHAIN	RNA_CHAIN_COUNT=2; required exactly 1		
3GX2	2010-01-12	train	0.469	SELECTED	train	KEPT		A	/storage9920/home/tinghao.xia/Data_V1/train/3gx2
3GX3	2010-01-12	train	0.415	SELECTED	train	KEPT		A	/storage9920/home/tinghao.xia/Data_V1/train/3gx3
3GX5	2010-01-12	train	0.425	SELECTED	train	KEPT		A	/storage9920/home/tinghao.xia/Data_V1/train/3gx5
3GX6	2010-01-12	train	0.483	SELECTED	train	KEPT		A	/storage9920/home/tinghao.xia/Data_V1/train/3gx6
3GX7	2010-01-12	train	0.511	SELECTED	train	KEPT		A	/storage9920/home/tinghao.xia/Data_V1/train/3gx7
3HGA	2009-08-18	train		EXCLUDE_FROZEN_RMSD		EXCLUDE_FROZEN_RMSD	PDB is listed in exclude_strict_rank1_rmsd_pdb.txt	X	
3IBK	2010-05-12	train	1.143	EXCLUDE_MULTI_RNA_CHAIN		EXCLUDE_MULTI_RNA_CHAIN	RNA_CHAIN_COUNT=2; required exactly 1		
3IGI	2009-12-22	train	1.368	EXCLUDE_MULTI_RNA_CHAIN		EXCLUDE_MULTI_RNA_CHAIN	RNA_CHAIN_COUNT=2; required exactly 1		
3IQN	2010-08-04	train	0.52	SELECTED	train	KEPT		A	/storage9920/home/tinghao.xia/Data_V1/train/3iqn
3IQP	2010-08-04	train	0.918	SELECTED	train	KEPT		A	/storage9920/home/tinghao.xia/Data_V1/train/3iqp
3IQR	2010-08-04	train	0.488	SELECTED	train	KEPT		A	/storage9920/home/tinghao.xia/Data_V1/train/3iqr
3IVN	2010-01-19	train	26.492	EXCLUDE_MULTI_RNA_CHAIN		EXCLUDE_MULTI_RNA_CHAIN	RNA_CHAIN_COUNT=2; required exactly 1		
3IZD	2010-12-01	train	11.525	SELECTED	train	KEPT		A	/storage9920/home/tinghao.xia/Data_V1/train/3izd
3J28	2013-01-16	train		EXCLUDE_NO_STRICT_RANK1		EXCLUDE_NO_STRICT_RANK1	PDB is absent from rank1_targets.csv	N	
3J29	2013-01-16	train		EXCLUDE_NO_STRICT_RANK1		EXCLUDE_NO_STRICT_RANK1	PDB is absent from rank1_targets.csv	N	
3J2A	2013-01-16	train		EXCLUDE_NO_STRICT_RANK1		EXCLUDE_NO_STRICT_RANK1	PDB is absent from rank1_targets.csv	N	
3J2B	2013-01-16	train		EXCLUDE_NO_STRICT_RANK1		EXCLUDE_NO_STRICT_RANK1	PDB is absent from rank1_targets.csv	N	
3J2C	2013-01-16	train	25.077	EXCLUDE_MULTI_RNA_CHAIN		EXCLUDE_MULTI_RNA_CHAIN	RNA_CHAIN_COUNT=3; required exactly 1		
3J2D	2013-01-16	train		EXCLUDE_NO_STRICT_RANK1		EXCLUDE_NO_STRICT_RANK1	PDB is absent from rank1_targets.csv	N	
3J2E	2013-01-16	train		EXCLUDE_NO_STRICT_RANK1		EXCLUDE_NO_STRICT_RANK1	PDB is absent from rank1_targets.csv	N	
3J2F	2013-01-16	train		EXCLUDE_NO_STRICT_RANK1		EXCLUDE_NO_STRICT_RANK1	PDB is absent from rank1_targets.csv	N	
3J2G	2013-01-16	train		EXCLUDE_NO_STRICT_RANK1		EXCLUDE_NO_STRICT_RANK1	PDB is absent from rank1_targets.csv	N	
3J2H	2013-01-16	train		EXCLUDE_NO_STRICT_RANK1		EXCLUDE_NO_STRICT_RANK1	PDB is absent from rank1_targets.csv	N	
3JQ4	2010-09-08	train	4.137	EXCLUDE_MULTI_RNA_CHAIN		EXCLUDE_MULTI_RNA_CHAIN	RNA_CHAIN_COUNT=2; required exactly 1		
3JXQ	2010-02-09	train	1.208	EXCLUDE_MULTI_RNA_CHAIN		EXCLUDE_MULTI_RNA_CHAIN	RNA_CHAIN_COUNT=4; required exactly 1		
3JXR	2010-02-09	train	10.625	EXCLUDE_MULTI_RNA_CHAIN		EXCLUDE_MULTI_RNA_CHAIN	RNA_CHAIN_COUNT=3; required exactly 1		
3K1V	2009-10-06	train	0.414	SELECTED	train	KEPT		A	/storage9920/home/tinghao.xia/Data_V1/train/3k1v
3L0U	2010-03-16	train	1.331	SELECTED	train	KEPT		A	/storage9920/home/tinghao.xia/Data_V1/train/3l0u
3LA5	2010-01-26	train	1.08	SELECTED	train	KEPT		A	/storage9920/home/tinghao.xia/Data_V1/train/3la5
3LOA	2010-08-04	train	0.318	EXCLUDE_MULTI_RNA_CHAIN		EXCLUDE_MULTI_RNA_CHAIN	RNA_CHAIN_COUNT=2; required exactly 1		
3MEI	2011-01-26	train	0.59	EXCLUDE_MULTI_RNA_CHAIN		EXCLUDE_MULTI_RNA_CHAIN	RNA_CHAIN_COUNT=2; required exactly 1		
3MIJ	2011-02-16	train	1.111	SELECTED	train	KEPT		A	/storage9920/home/tinghao.xia/Data_V1/train/3mij
3MJ3	2010-05-19	train	0.416	EXCLUDE_MULTI_RNA_CHAIN		EXCLUDE_MULTI_RNA_CHAIN	RNA_CHAIN_COUNT=2; required exactly 1		
3MJA	2010-05-19	train	0.423	EXCLUDE_MULTI_RNA_CHAIN		EXCLUDE_MULTI_RNA_CHAIN	RNA_CHAIN_COUNT=2; required exactly 1		
3MJB	2010-05-19	train	0.366	EXCLUDE_MULTI_RNA_CHAIN		EXCLUDE_MULTI_RNA_CHAIN	RNA_CHAIN_COUNT=2; required exactly 1		
3ND3	2011-09-21	train	14.357	SELECTED	train	KEPT		A	/storage9920/home/tinghao.xia/Data_V1/train/3nd3
3ND4	2011-09-21	train	14.418	SELECTED	train	KEPT		A	/storage9920/home/tinghao.xia/Data_V1/train/3nd4
3NJ6	2010-08-25	train	8.413	SELECTED	train	KEPT		A	/storage9920/home/tinghao.xia/Data_V1/train/3nj6
3NJ7	2010-08-25	train	11.945	EXCLUDE_MULTI_RNA_CHAIN		EXCLUDE_MULTI_RNA_CHAIN	RNA_CHAIN_COUNT=6; required exactly 1		
3NPN	2010-10-06	train	0.793	SELECTED	train	KEPT		A	/storage9920/home/tinghao.xia/Data_V1/train/3npn
3NPQ	2010-10-06	train	16.944	EXCLUDE_MULTI_RNA_CHAIN		EXCLUDE_MULTI_RNA_CHAIN	RNA_CHAIN_COUNT=3; required exactly 1		
3OWI	2010-12-29	train	2.555	EXCLUDE_MULTI_RNA_CHAIN		EXCLUDE_MULTI_RNA_CHAIN	RNA_CHAIN_COUNT=2; required exactly 1		
3OWW	2010-12-29	train	2.513	EXCLUDE_MULTI_RNA_CHAIN		EXCLUDE_MULTI_RNA_CHAIN	RNA_CHAIN_COUNT=2; required exactly 1		
3OWZ	2010-12-29	train	2.328	EXCLUDE_MULTI_RNA_CHAIN		EXCLUDE_MULTI_RNA_CHAIN	RNA_CHAIN_COUNT=2; required exactly 1		
3OX0	2010-12-29	train	2.237	EXCLUDE_MULTI_RNA_CHAIN		EXCLUDE_MULTI_RNA_CHAIN	RNA_CHAIN_COUNT=2; required exactly 1		
3OXB	2010-12-29	train	2.482	EXCLUDE_MULTI_RNA_CHAIN		EXCLUDE_MULTI_RNA_CHAIN	RNA_CHAIN_COUNT=2; required exactly 1		
3OXD	2010-12-29	train	2.309	EXCLUDE_MULTI_RNA_CHAIN		EXCLUDE_MULTI_RNA_CHAIN	RNA_CHAIN_COUNT=2; required exactly 1		
3OXE	2010-12-29	train	2.568	EXCLUDE_MULTI_RNA_CHAIN		EXCLUDE_MULTI_RNA_CHAIN	RNA_CHAIN_COUNT=2; required exactly 1		
3OXJ	2010-12-29	train	2.338	EXCLUDE_MULTI_RNA_CHAIN		EXCLUDE_MULTI_RNA_CHAIN	RNA_CHAIN_COUNT=2; required exactly 1		
3OXM	2010-12-29	train	2.451	EXCLUDE_MULTI_RNA_CHAIN		EXCLUDE_MULTI_RNA_CHAIN	RNA_CHAIN_COUNT=2; required exactly 1		
3P22	2010-12-08	train	39.614	EXCLUDE_MULTI_RNA_CHAIN		EXCLUDE_MULTI_RNA_CHAIN	RNA_CHAIN_COUNT=8; required exactly 1		
3P4A	2011-01-05	train		EXCLUDE_MULTI_RNA_CHAIN		EXCLUDE_MULTI_RNA_CHAIN	RNA_CHAIN_COUNT=6; required exactly 1		
3P4B	2011-01-05	train	3.359	EXCLUDE_MULTI_RNA_CHAIN		EXCLUDE_MULTI_RNA_CHAIN	RNA_CHAIN_COUNT=6; required exactly 1		
3P4C	2011-01-05	train	1.626	EXCLUDE_MULTI_RNA_CHAIN		EXCLUDE_MULTI_RNA_CHAIN	RNA_CHAIN_COUNT=2; required exactly 1		
3P4D	2011-01-05	train	0.272	EXCLUDE_MULTI_RNA_CHAIN		EXCLUDE_MULTI_RNA_CHAIN	RNA_CHAIN_COUNT=2; required exactly 1		
3P59	2011-04-06	train	1.956	EXCLUDE_MULTI_RNA_CHAIN		EXCLUDE_MULTI_RNA_CHAIN	RNA_CHAIN_COUNT=8; required exactly 1		
3PDR	2011-02-23	train	28.929	EXCLUDE_MULTI_RNA_CHAIN		EXCLUDE_MULTI_RNA_CHAIN	RNA_CHAIN_COUNT=2; required exactly 1		
3PHP	1998-10-21	train	5.477	SELECTED	train	KEPT		A	/storage9920/home/tinghao.xia/Data_V1/train/3php
3Q3Z	2011-05-11	train	26.982	EXCLUDE_MULTI_RNA_CHAIN		EXCLUDE_MULTI_RNA_CHAIN	RNA_CHAIN_COUNT=2; required exactly 1		
3Q50	2011-05-18	train	0.296	SELECTED	train	KEPT		A	/storage9920/home/tinghao.xia/Data_V1/train/3q50
3Q51	2011-05-18	train	1.597	SELECTED	train	KEPT		A	/storage9920/home/tinghao.xia/Data_V1/train/3q51
3R1C	2011-06-01	train	22.802	EXCLUDE_MULTI_RNA_CHAIN		EXCLUDE_MULTI_RNA_CHAIN	RNA_CHAIN_COUNT=36; required exactly 1		
3R1D	2011-06-01	train	22.223	EXCLUDE_MULTI_RNA_CHAIN		EXCLUDE_MULTI_RNA_CHAIN	RNA_CHAIN_COUNT=5; required exactly 1		
3R1E	2011-06-01	train	0.341	EXCLUDE_MULTI_RNA_CHAIN		EXCLUDE_MULTI_RNA_CHAIN	RNA_CHAIN_COUNT=2; required exactly 1		
3R4F	2011-04-20	train	2.462	SELECTED	train	KEPT		A	/storage9920/home/tinghao.xia/Data_V1/train/3r4f
3RG5	2011-06-08	train	23.536	EXCLUDE_MULTI_RNA_CHAIN		EXCLUDE_MULTI_RNA_CHAIN	RNA_CHAIN_COUNT=2; required exactly 1		
3RKF	2011-08-17	train	28.222	EXCLUDE_MULTI_RNA_CHAIN		EXCLUDE_MULTI_RNA_CHAIN	RNA_CHAIN_COUNT=4; required exactly 1		
3S49	2011-06-29	train	19.444	EXCLUDE_MULTI_RNA_CHAIN		EXCLUDE_MULTI_RNA_CHAIN	RNA_CHAIN_COUNT=7; required exactly 1		
3S4P	2011-09-21	train	0.305	EXCLUDE_MULTI_RNA_CHAIN		EXCLUDE_MULTI_RNA_CHAIN	RNA_CHAIN_COUNT=2; required exactly 1		
3S7C	2012-04-11	train	0.436	SELECTED	train	KEPT		A	/storage9920/home/tinghao.xia/Data_V1/train/3s7c
3S8U	2012-04-11	train	0.6	SELECTED	train	KEPT		A	/storage9920/home/tinghao.xia/Data_V1/train/3s8u
3SD3	2011-09-21	train	0.347	SELECTED	train	KEPT		A	/storage9920/home/tinghao.xia/Data_V1/train/3sd3
3SJ2	2011-08-03	train	0.175	EXCLUDE_MULTI_RNA_CHAIN		EXCLUDE_MULTI_RNA_CHAIN	RNA_CHAIN_COUNT=2; required exactly 1		
3SKI	2011-08-17	train	1.323	EXCLUDE_MULTI_RNA_CHAIN		EXCLUDE_MULTI_RNA_CHAIN	RNA_CHAIN_COUNT=2; required exactly 1		
3SKL	2011-08-17	train	30.32	EXCLUDE_MULTI_RNA_CHAIN		EXCLUDE_MULTI_RNA_CHAIN	RNA_CHAIN_COUNT=2; required exactly 1		
3SKR	2011-08-17	train	30.51	EXCLUDE_MULTI_RNA_CHAIN		EXCLUDE_MULTI_RNA_CHAIN	RNA_CHAIN_COUNT=2; required exactly 1		
3SKT	2011-08-17	train	16.761	EXCLUDE_MULTI_RNA_CHAIN		EXCLUDE_MULTI_RNA_CHAIN	RNA_CHAIN_COUNT=2; required exactly 1		
3SKW	2011-08-17	train	29.856	EXCLUDE_MULTI_RNA_CHAIN		EXCLUDE_MULTI_RNA_CHAIN	RNA_CHAIN_COUNT=2; required exactly 1		
3SKZ	2011-08-17	train	2.031	EXCLUDE_MULTI_RNA_CHAIN		EXCLUDE_MULTI_RNA_CHAIN	RNA_CHAIN_COUNT=2; required exactly 1		
3SLM	2011-08-17	train	27.414	EXCLUDE_MULTI_RNA_CHAIN		EXCLUDE_MULTI_RNA_CHAIN	RNA_CHAIN_COUNT=2; required exactly 1		
3SLQ	2011-08-17	train	2.826	EXCLUDE_MULTI_RNA_CHAIN		EXCLUDE_MULTI_RNA_CHAIN	RNA_CHAIN_COUNT=2; required exactly 1		
3SUH	2011-09-14	train	4.423	SELECTED	train	KEPT		X	/storage9920/home/tinghao.xia/Data_V1/train/3suh
3SUX	2011-09-14	train	6.076	SELECTED	train	KEPT		X	/storage9920/home/tinghao.xia/Data_V1/train/3sux
3SUY	2011-09-14	train	7.526	SELECTED	train	KEPT		X	/storage9920/home/tinghao.xia/Data_V1/train/3suy
3SYW	2012-04-25	train	0.335	EXCLUDE_MULTI_RNA_CHAIN		EXCLUDE_MULTI_RNA_CHAIN	RNA_CHAIN_COUNT=2; required exactly 1		
3SZX	2012-04-25	train	4.453	EXCLUDE_MULTI_RNA_CHAIN		EXCLUDE_MULTI_RNA_CHAIN	RNA_CHAIN_COUNT=2; required exactly 1		
3T4B	2011-10-12	train	2.008	SELECTED	train	KEPT		A	/storage9920/home/tinghao.xia/Data_V1/train/3t4b
3TD0	2011-12-07	train	1.119	EXCLUDE_MULTI_RNA_CHAIN		EXCLUDE_MULTI_RNA_CHAIN	RNA_CHAIN_COUNT=2; required exactly 1		
3TD1	2011-12-07	train	1.059	EXCLUDE_MULTI_RNA_CHAIN		EXCLUDE_MULTI_RNA_CHAIN	RNA_CHAIN_COUNT=2; required exactly 1		
3TRA	1987-11-06	train	0.743	SELECTED	train	KEPT		A	/storage9920/home/tinghao.xia/Data_V1/train/3tra
3TZR	2012-03-21	train	0.115	EXCLUDE_MULTI_RNA_CHAIN		EXCLUDE_MULTI_RNA_CHAIN	RNA_CHAIN_COUNT=2; required exactly 1		
3VRS	2012-05-09	train	1.004	SELECTED	train	KEPT		A	/storage9920/home/tinghao.xia/Data_V1/train/3vrs
3WRU	2014-11-05	train	1.356	EXCLUDE_MULTI_RNA_CHAIN		EXCLUDE_MULTI_RNA_CHAIN	RNA_CHAIN_COUNT=2; required exactly 1		
3ZD4	2012-12-12	train	0.228	EXCLUDE_MULTI_RNA_CHAIN		EXCLUDE_MULTI_RNA_CHAIN	RNA_CHAIN_COUNT=2; required exactly 1		
3ZD5	2012-12-12	train	0.317	EXCLUDE_MULTI_RNA_CHAIN		EXCLUDE_MULTI_RNA_CHAIN	RNA_CHAIN_COUNT=2; required exactly 1		
3ZP8	2013-03-06	train	0.42	EXCLUDE_MULTI_RNA_CHAIN		EXCLUDE_MULTI_RNA_CHAIN	RNA_CHAIN_COUNT=2; required exactly 1		
402D	1998-06-16	train	1.092	EXCLUDE_MULTI_RNA_CHAIN		EXCLUDE_MULTI_RNA_CHAIN	RNA_CHAIN_COUNT=2; required exactly 1		
405D	1999-01-13	train	0.403	EXCLUDE_MULTI_RNA_CHAIN		EXCLUDE_MULTI_RNA_CHAIN	RNA_CHAIN_COUNT=2; required exactly 1		
406D	1999-02-05	train	0.43	EXCLUDE_MULTI_RNA_CHAIN		EXCLUDE_MULTI_RNA_CHAIN	RNA_CHAIN_COUNT=2; required exactly 1		
409D	1999-01-13	train	12.726	EXCLUDE_MULTI_RNA_CHAIN		EXCLUDE_MULTI_RNA_CHAIN	RNA_CHAIN_COUNT=6; required exactly 1		
413D	1998-07-10	train	11.638	SELECTED	train	KEPT		A	/storage9920/home/tinghao.xia/Data_V1/train/413d
420D	1999-01-13	train	0.449	EXCLUDE_MULTI_RNA_CHAIN		EXCLUDE_MULTI_RNA_CHAIN	RNA_CHAIN_COUNT=2; required exactly 1		
422D	2003-06-03	train	0.473	EXCLUDE_MULTI_RNA_CHAIN		EXCLUDE_MULTI_RNA_CHAIN	RNA_CHAIN_COUNT=2; required exactly 1		
429D	1999-03-01	train	13.479	EXCLUDE_MULTI_RNA_CHAIN		EXCLUDE_MULTI_RNA_CHAIN	RNA_CHAIN_COUNT=4; required exactly 1		
430D	1998-10-07	train	1.27	SELECTED	train	KEPT		A	/storage9920/home/tinghao.xia/Data_V1/train/430d
433D	1998-12-04	train	0.275	EXCLUDE_MULTI_RNA_CHAIN		EXCLUDE_MULTI_RNA_CHAIN	RNA_CHAIN_COUNT=2; required exactly 1		
434D	1999-06-14	train	4.866	EXCLUDE_MULTI_RNA_CHAIN		EXCLUDE_MULTI_RNA_CHAIN	RNA_CHAIN_COUNT=4; required exactly 1		
435D	1999-06-14	train	16.981	EXCLUDE_MULTI_RNA_CHAIN		EXCLUDE_MULTI_RNA_CHAIN	RNA_CHAIN_COUNT=4; required exactly 1		
437D	1998-12-03	train	0.342	SELECTED	train	KEPT		A	/storage9920/home/tinghao.xia/Data_V1/train/437d
438D	1999-05-12	train	0.25	EXCLUDE_MULTI_RNA_CHAIN		EXCLUDE_MULTI_RNA_CHAIN	RNA_CHAIN_COUNT=2; required exactly 1		
439D	2001-09-14	train	0.296	EXCLUDE_MULTI_RNA_CHAIN		EXCLUDE_MULTI_RNA_CHAIN	RNA_CHAIN_COUNT=2; required exactly 1		
462D	1999-12-02	train	22.009	EXCLUDE_MULTI_RNA_CHAIN		EXCLUDE_MULTI_RNA_CHAIN	RNA_CHAIN_COUNT=2; required exactly 1		
464D	1999-08-16	train	4.419	EXCLUDE_MULTI_RNA_CHAIN		EXCLUDE_MULTI_RNA_CHAIN	RNA_CHAIN_COUNT=4; required exactly 1		
466D	1999-08-16	train	18.085	EXCLUDE_MULTI_RNA_CHAIN		EXCLUDE_MULTI_RNA_CHAIN	RNA_CHAIN_COUNT=4; required exactly 1		
468D	1999-05-12	train	1.178	EXCLUDE_MULTI_RNA_CHAIN		EXCLUDE_MULTI_RNA_CHAIN	RNA_CHAIN_COUNT=2; required exactly 1		
469D	1999-05-12	train	1.201	EXCLUDE_MULTI_RNA_CHAIN		EXCLUDE_MULTI_RNA_CHAIN	RNA_CHAIN_COUNT=2; required exactly 1		
470D	1999-05-12	train	0.7	EXCLUDE_MULTI_RNA_CHAIN		EXCLUDE_MULTI_RNA_CHAIN	RNA_CHAIN_COUNT=2; required exactly 1		
471D	1999-05-12	train	0.788	EXCLUDE_MULTI_RNA_CHAIN		EXCLUDE_MULTI_RNA_CHAIN	RNA_CHAIN_COUNT=2; required exactly 1		
472D	2000-11-27	train	0.345	EXCLUDE_MULTI_RNA_CHAIN		EXCLUDE_MULTI_RNA_CHAIN	RNA_CHAIN_COUNT=2; required exactly 1		
480D	1999-10-08	train	0.433	SELECTED	train	KEPT		A	/storage9920/home/tinghao.xia/Data_V1/train/480d
483D	1999-10-08	train	0.378	SELECTED	train	KEPT		A	/storage9920/home/tinghao.xia/Data_V1/train/483d
486D	1999-10-04	train	2.494	EXCLUDE_MULTI_RNA_CHAIN		EXCLUDE_MULTI_RNA_CHAIN	RNA_CHAIN_COUNT=7; required exactly 1		
488D	2000-03-06	train		EXCLUDE_MULTI_RNA_CHAIN		EXCLUDE_MULTI_RNA_CHAIN	RNA_CHAIN_COUNT=4; required exactly 1		
4A4R	2012-05-30	train	2.963	SELECTED	train	KEPT		A	/storage9920/home/tinghao.xia/Data_V1/train/4a4r
4A4S	2012-05-30	train	3.136	SELECTED	train	KEPT		A	/storage9920/home/tinghao.xia/Data_V1/train/4a4s
4A4T	2012-05-30	train	2.932	SELECTED	train	KEPT		A	/storage9920/home/tinghao.xia/Data_V1/train/4a4t
4A4U	2012-05-30	train	2.951	SELECTED	train	KEPT		A	/storage9920/home/tinghao.xia/Data_V1/train/4a4u
4AOB	2012-05-09	train	0.466	SELECTED	train	KEPT		A	/storage9920/home/tinghao.xia/Data_V1/train/4aob
4B5R	2013-01-30	train	1.079	SELECTED	train	KEPT		A	/storage9920/home/tinghao.xia/Data_V1/train/4b5r
4C40	2013-11-06	train	10.901	SELECTED	train	KEPT		A	/storage9920/home/tinghao.xia/Data_V1/train/4c40
4C4Q	2013-10-30	train	35.918	EXCLUDE_TRAIN_RMSD_CUTOFF		EXCLUDE_TRAIN_RMSD_CUTOFF	strict rank-1 RMSD 35.918 A > 15 A	N	
4CS1	2014-11-19	train	10.884	SELECTED	train	KEPT		A	/storage9920/home/tinghao.xia/Data_V1/train/4cs1
4DS6	2012-04-18	train	1.233	SELECTED	train	KEPT		A	/storage9920/home/tinghao.xia/Data_V1/train/4ds6
4E48	2012-07-11	train	26.449	EXCLUDE_MULTI_RNA_CHAIN		EXCLUDE_MULTI_RNA_CHAIN	RNA_CHAIN_COUNT=3; required exactly 1		
4E58	2012-12-12	train	1.615	EXCLUDE_MULTI_RNA_CHAIN		EXCLUDE_MULTI_RNA_CHAIN	RNA_CHAIN_COUNT=3; required exactly 1		
4E59	2012-12-12	train	7.233	EXCLUDE_MULTI_RNA_CHAIN		EXCLUDE_MULTI_RNA_CHAIN	RNA_CHAIN_COUNT=2; required exactly 1		
4E5C	2012-07-11	train	0.308	EXCLUDE_MULTI_RNA_CHAIN		EXCLUDE_MULTI_RNA_CHAIN	RNA_CHAIN_COUNT=2; required exactly 1		
4E6B	2012-07-11	train	0.572	EXCLUDE_MULTI_RNA_CHAIN		EXCLUDE_MULTI_RNA_CHAIN	RNA_CHAIN_COUNT=4; required exactly 1		
4E8K	2012-11-14	train	0.971	EXCLUDE_MULTI_RNA_CHAIN		EXCLUDE_MULTI_RNA_CHAIN	RNA_CHAIN_COUNT=2; required exactly 1		
4E8M	2012-11-14	train	1.579	SELECTED	train	KEPT		A	/storage9920/home/tinghao.xia/Data_V1/train/4e8m
4E8N	2012-11-14	train	1.792	SELECTED	train	KEPT		A	/storage9920/home/tinghao.xia/Data_V1/train/4e8n
4E8P	2012-11-14	train	1.498	SELECTED	train	KEPT		A	/storage9920/home/tinghao.xia/Data_V1/train/4e8p
4E8Q	2012-11-14	train	1.658	SELECTED	train	KEPT		A	/storage9920/home/tinghao.xia/Data_V1/train/4e8q
4E8R	2012-11-14	train	1.402	SELECTED	train	KEPT		A	/storage9920/home/tinghao.xia/Data_V1/train/4e8r
4E8T	2012-11-14	train	0.787	EXCLUDE_MULTI_RNA_CHAIN		EXCLUDE_MULTI_RNA_CHAIN	RNA_CHAIN_COUNT=2; required exactly 1		
4E8V	2012-11-14	train	1.224	SELECTED	train	KEPT		A	/storage9920/home/tinghao.xia/Data_V1/train/4e8v
4EN5	2012-05-09	train	1.447	SELECTED	train	KEPT		A	/storage9920/home/tinghao.xia/Data_V1/train/4en5
4ENA	2012-05-09	train	1.002	SELECTED	train	KEPT		A	/storage9920/home/tinghao.xia/Data_V1/train/4ena
4ENB	2012-05-09	train	0.556	SELECTED	train	KEPT		A	/storage9920/home/tinghao.xia/Data_V1/train/4enb
4ENC	2012-05-09	train	1.209	SELECTED	train	KEPT		A	/storage9920/home/tinghao.xia/Data_V1/train/4enc
4ERJ	2012-07-18	train	0.617	SELECTED	train	KEPT		A	/storage9920/home/tinghao.xia/Data_V1/train/4erj
4ERL	2012-07-18	train	0.507	SELECTED	train	KEPT		A	/storage9920/home/tinghao.xia/Data_V1/train/4erl
4F8U	2012-08-15	train	0.223	EXCLUDE_MULTI_RNA_CHAIN		EXCLUDE_MULTI_RNA_CHAIN	RNA_CHAIN_COUNT=2; required exactly 1		
4F8V	2012-08-15	train	0.57	EXCLUDE_MULTI_RNA_CHAIN		EXCLUDE_MULTI_RNA_CHAIN	RNA_CHAIN_COUNT=2; required exactly 1		
4FAQ	2012-11-14	train	0.895	SELECTED	train	KEPT		A	/storage9920/home/tinghao.xia/Data_V1/train/4faq
4FAR	2012-11-14	train	0.791	EXCLUDE_MULTI_RNA_CHAIN		EXCLUDE_MULTI_RNA_CHAIN	RNA_CHAIN_COUNT=2; required exactly 1		
4FAU	2012-11-14	train	1.259	SELECTED	train	KEPT		A	/storage9920/home/tinghao.xia/Data_V1/train/4fau
4FAW	2012-11-14	train		EXCLUDE_MULTI_RNA_CHAIN		EXCLUDE_MULTI_RNA_CHAIN	RNA_CHAIN_COUNT=2; required exactly 1		
4FAX	2012-11-14	train	1.61	SELECTED	train	KEPT		A	/storage9920/home/tinghao.xia/Data_V1/train/4fax
4FB0	2012-11-14	train	1.418	SELECTED	train	KEPT		A	/storage9920/home/tinghao.xia/Data_V1/train/4fb0
4FE5	2012-06-27	train	0.396	SELECTED	train	KEPT		B	/storage9920/home/tinghao.xia/Data_V1/train/4fe5
4FEJ	2013-02-27	train	0.295	SELECTED	train	KEPT		B	/storage9920/home/tinghao.xia/Data_V1/train/4fej
4FEL	2013-02-27	train	0.242	SELECTED	train	KEPT		B	/storage9920/home/tinghao.xia/Data_V1/train/4fel
4FEN	2013-02-27	train	0.232	SELECTED	train	KEPT		B	/storage9920/home/tinghao.xia/Data_V1/train/4fen
4FEO	2013-02-27	train	0.337	SELECTED	train	KEPT		B	/storage9920/home/tinghao.xia/Data_V1/train/4feo
4FEP	2013-02-27	train	0.213	SELECTED	train	KEPT		B	/storage9920/home/tinghao.xia/Data_V1/train/4fep
4FNJ	2012-10-17	train	0.426	SELECTED	train	KEPT		A	/storage9920/home/tinghao.xia/Data_V1/train/4fnj
4FRG	2012-10-17	train	34.538	EXCLUDE_MULTI_RNA_CHAIN		EXCLUDE_MULTI_RNA_CHAIN	RNA_CHAIN_COUNT=2; required exactly 1		
4FRN	2012-10-17	train	29.365	EXCLUDE_MULTI_RNA_CHAIN		EXCLUDE_MULTI_RNA_CHAIN	RNA_CHAIN_COUNT=2; required exactly 1		
4G6P	2012-08-15	train	0.238	EXCLUDE_MULTI_RNA_CHAIN		EXCLUDE_MULTI_RNA_CHAIN	RNA_CHAIN_COUNT=3; required exactly 1		
4G6R	2012-08-15	train	0.149	EXCLUDE_MULTI_RNA_CHAIN		EXCLUDE_MULTI_RNA_CHAIN	RNA_CHAIN_COUNT=4; required exactly 1		
4G6S	2012-08-08	train	0.301	EXCLUDE_MULTI_RNA_CHAIN		EXCLUDE_MULTI_RNA_CHAIN	RNA_CHAIN_COUNT=3; required exactly 1		
4GMA	2012-10-17	train	3.129	SELECTED	train	KEPT		Z	/storage9920/home/tinghao.xia/Data_V1/train/4gma
4GPW	2013-04-03	train	1.168	EXCLUDE_MULTI_RNA_CHAIN		EXCLUDE_MULTI_RNA_CHAIN	RNA_CHAIN_COUNT=2; required exactly 1		
4GPX	2013-04-03	train	1.004	EXCLUDE_MULTI_RNA_CHAIN		EXCLUDE_MULTI_RNA_CHAIN	RNA_CHAIN_COUNT=2; required exactly 1		
4GPY	2013-04-03	train	0.983	EXCLUDE_MULTI_RNA_CHAIN		EXCLUDE_MULTI_RNA_CHAIN	RNA_CHAIN_COUNT=2; required exactly 1		
4GXY	2012-10-17	train	1.73	SELECTED	train	KEPT		A	/storage9920/home/tinghao.xia/Data_V1/train/4gxy
4IQS	2013-12-25	train	15.906	EXCLUDE_MULTI_RNA_CHAIN		EXCLUDE_MULTI_RNA_CHAIN	RNA_CHAIN_COUNT=6; required exactly 1		
4J50	2013-02-20	train	0.506	EXCLUDE_MULTI_RNA_CHAIN		EXCLUDE_MULTI_RNA_CHAIN	RNA_CHAIN_COUNT=2; required exactly 1		
4JAB	2014-01-29	train	0.131	EXCLUDE_MULTI_RNA_CHAIN		EXCLUDE_MULTI_RNA_CHAIN	RNA_CHAIN_COUNT=2; required exactly 1		
4JAH	2014-01-29	train	0.676	EXCLUDE_MULTI_RNA_CHAIN		EXCLUDE_MULTI_RNA_CHAIN	RNA_CHAIN_COUNT=6; required exactly 1		
4JF2	2013-04-17	train	0.537	SELECTED	train	KEPT		A	/storage9920/home/tinghao.xia/Data_V1/train/4jf2
4JIY	2013-09-04	train		EXCLUDE_FROZEN_RMSD		EXCLUDE_FROZEN_RMSD	PDB is listed in exclude_strict_rank1_rmsd_pdb.txt	A	
4JRC	2013-04-24	train	26.436	EXCLUDE_MULTI_RNA_CHAIN		EXCLUDE_MULTI_RNA_CHAIN	RNA_CHAIN_COUNT=2; required exactly 1		
4JRD	2013-06-05	train	3.064	EXCLUDE_MULTI_RNA_CHAIN		EXCLUDE_MULTI_RNA_CHAIN	RNA_CHAIN_COUNT=2; required exactly 1		
4JRT	2013-06-05	train	0.098	EXCLUDE_MULTI_RNA_CHAIN		EXCLUDE_MULTI_RNA_CHAIN	RNA_CHAIN_COUNT=2; required exactly 1		
4K27	2013-11-27	train	1.14	SELECTED	train	KEPT		U	/storage9920/home/tinghao.xia/Data_V1/train/4k27
4K31	2013-07-31	train	0.765	EXCLUDE_MULTI_RNA_CHAIN		EXCLUDE_MULTI_RNA_CHAIN	RNA_CHAIN_COUNT=2; required exactly 1		
4K32	2013-07-31	train	0.831	EXCLUDE_MULTI_RNA_CHAIN		EXCLUDE_MULTI_RNA_CHAIN	RNA_CHAIN_COUNT=2; required exactly 1		
4KQY	2013-08-07	train	1.452	SELECTED	train	KEPT		A	/storage9920/home/tinghao.xia/Data_V1/train/4kqy
4KYY	2013-06-12	train	0.283	EXCLUDE_MULTI_RNA_CHAIN		EXCLUDE_MULTI_RNA_CHAIN	RNA_CHAIN_COUNT=2; required exactly 1		
4KZ2	2013-10-16	train	0.302	EXCLUDE_MULTI_RNA_CHAIN		EXCLUDE_MULTI_RNA_CHAIN	RNA_CHAIN_COUNT=3; required exactly 1		
4L81	2014-05-28	train	0.394	SELECTED	train	KEPT		A	/storage9920/home/tinghao.xia/Data_V1/train/4l81
4LVV	2014-03-19	train	0.461	SELECTED	train	KEPT		A	/storage9920/home/tinghao.xia/Data_V1/train/4lvv
4LVW	2014-03-19	train	0.344	SELECTED	train	KEPT		A	/storage9920/home/tinghao.xia/Data_V1/train/4lvw
4LVX	2014-03-19	train	0.359	SELECTED	train	KEPT		A	/storage9920/home/tinghao.xia/Data_V1/train/4lvx
4LVY	2014-03-19	train	0.379	SELECTED	train	KEPT		A	/storage9920/home/tinghao.xia/Data_V1/train/4lvy
4LVZ	2014-03-19	train	0.43	SELECTED	train	KEPT		A	/storage9920/home/tinghao.xia/Data_V1/train/4lvz
4LW0	2014-03-19	train	0.346	SELECTED	train	KEPT		A	/storage9920/home/tinghao.xia/Data_V1/train/4lw0
4LX5	2014-07-16	train	0.579	SELECTED	train	KEPT		A	/storage9920/home/tinghao.xia/Data_V1/train/4lx5
4LX6	2014-07-16	train	0.352	SELECTED	train	KEPT		A	/storage9920/home/tinghao.xia/Data_V1/train/4lx6
4MCE	2014-09-24	train	19.804	EXCLUDE_MULTI_RNA_CHAIN		EXCLUDE_MULTI_RNA_CHAIN	RNA_CHAIN_COUNT=4; required exactly 1		
4MCF	2014-11-12	train	21.646	EXCLUDE_MULTI_RNA_CHAIN		EXCLUDE_MULTI_RNA_CHAIN	RNA_CHAIN_COUNT=8; required exactly 1		
4MEG	2013-10-16	train	1.007	EXCLUDE_MULTI_RNA_CHAIN		EXCLUDE_MULTI_RNA_CHAIN	RNA_CHAIN_COUNT=2; required exactly 1		
4MEH	2013-10-16	train	1.21	EXCLUDE_MULTI_RNA_CHAIN		EXCLUDE_MULTI_RNA_CHAIN	RNA_CHAIN_COUNT=2; required exactly 1		
4MGM	2013-10-23	train	31.261	EXCLUDE_MULTI_RNA_CHAIN		EXCLUDE_MULTI_RNA_CHAIN	RNA_CHAIN_COUNT=2; required exactly 1		
4MGN	2013-10-23	train	29.319	EXCLUDE_MULTI_RNA_CHAIN		EXCLUDE_MULTI_RNA_CHAIN	RNA_CHAIN_COUNT=4; required exactly 1		
4MS9	2014-02-12	train	6.589	SELECTED	train	KEPT		A	/storage9920/home/tinghao.xia/Data_V1/train/4ms9
4MSB	2014-02-12	train	16.07	EXCLUDE_MULTI_RNA_CHAIN		EXCLUDE_MULTI_RNA_CHAIN	RNA_CHAIN_COUNT=6; required exactly 1		
4MSR	2014-02-12	train	1.833	EXCLUDE_MULTI_RNA_CHAIN		EXCLUDE_MULTI_RNA_CHAIN	RNA_CHAIN_COUNT=2; required exactly 1		
4NFO	2014-07-02	train	17.245	EXCLUDE_MULTI_RNA_CHAIN		EXCLUDE_MULTI_RNA_CHAIN	RNA_CHAIN_COUNT=3; required exactly 1		
4NFP	2014-07-02	train	12.868	EXCLUDE_MULTI_RNA_CHAIN		EXCLUDE_MULTI_RNA_CHAIN	RNA_CHAIN_COUNT=3; required exactly 1		
4NFQ	2014-07-02	train	18.09	EXCLUDE_MULTI_RNA_CHAIN		EXCLUDE_MULTI_RNA_CHAIN	RNA_CHAIN_COUNT=3; required exactly 1		
4NLF	2014-11-19	train	0.627	SELECTED	train	KEPT		A	/storage9920/home/tinghao.xia/Data_V1/train/4nlf
4NMG	2014-11-19	train	0.887	SELECTED	train	KEPT		A	/storage9920/home/tinghao.xia/Data_V1/train/4nmg
4NXH	2014-12-10	train	0.488	SELECTED	train	KEPT		A	/storage9920/home/tinghao.xia/Data_V1/train/4nxh
4NYA	2014-06-04	train	27.625	EXCLUDE_MULTI_RNA_CHAIN		EXCLUDE_MULTI_RNA_CHAIN	RNA_CHAIN_COUNT=2; required exactly 1		
4NYB	2014-06-04	train	2.471	SELECTED	train	KEPT		A	/storage9920/home/tinghao.xia/Data_V1/train/4nyb
4NYC	2014-06-04	train	2.361	SELECTED	train	KEPT		A	/storage9920/home/tinghao.xia/Data_V1/train/4nyc
4NYD	2014-06-04	train	2.355	SELECTED	train	KEPT		A	/storage9920/home/tinghao.xia/Data_V1/train/4nyd
4NYG	2014-06-04	train	2.261	SELECTED	train	KEPT		A	/storage9920/home/tinghao.xia/Data_V1/train/4nyg
4O41	2014-07-09	train	12.0	EXCLUDE_MULTI_RNA_CHAIN		EXCLUDE_MULTI_RNA_CHAIN	RNA_CHAIN_COUNT=4; required exactly 1		
4OJI	2014-07-23	train	1.38	SELECTED	train	KEPT		A	/storage9920/home/tinghao.xia/Data_V1/train/4oji
4OQU	2014-06-04	train	0.552	SELECTED	train	KEPT		A	/storage9920/home/tinghao.xia/Data_V1/train/4oqu
4P20	2014-05-07	train	0.727	EXCLUDE_MULTI_RNA_CHAIN		EXCLUDE_MULTI_RNA_CHAIN	RNA_CHAIN_COUNT=2; required exactly 1		
4P3S	2016-05-04	train	0.631	EXCLUDE_MULTI_RNA_CHAIN		EXCLUDE_MULTI_RNA_CHAIN	RNA_CHAIN_COUNT=2; required exactly 1		
4P3T	2016-05-04	train	1.413	EXCLUDE_MULTI_RNA_CHAIN		EXCLUDE_MULTI_RNA_CHAIN	RNA_CHAIN_COUNT=2; required exactly 1		
4P3U	2016-05-04	train	10.789	EXCLUDE_MULTI_RNA_CHAIN		EXCLUDE_MULTI_RNA_CHAIN	RNA_CHAIN_COUNT=4; required exactly 1		
4P43	2016-05-04	train	1.38	EXCLUDE_MULTI_RNA_CHAIN		EXCLUDE_MULTI_RNA_CHAIN	RNA_CHAIN_COUNT=2; required exactly 1		
4P5J	2014-06-04	train	0.651	SELECTED	train	KEPT		A	/storage9920/home/tinghao.xia/Data_V1/train/4p5j
4P8Z	2014-05-28	train	2.406	SELECTED	train	KEPT		A	/storage9920/home/tinghao.xia/Data_V1/train/4p8z
4P97	2015-03-04	train	24.704	EXCLUDE_MULTI_RNA_CHAIN		EXCLUDE_MULTI_RNA_CHAIN	RNA_CHAIN_COUNT=4; required exactly 1		
4P9R	2014-05-28	train	1.284	SELECTED	train	KEPT		A	/storage9920/home/tinghao.xia/Data_V1/train/4p9r
4PCJ	2014-10-29	train	0.448	SELECTED	train	KEPT		A	/storage9920/home/tinghao.xia/Data_V1/train/4pcj
4PCO	2015-10-14	train	8.816	EXCLUDE_MULTI_RNA_CHAIN		EXCLUDE_MULTI_RNA_CHAIN	RNA_CHAIN_COUNT=5; required exactly 1		
4PDQ	2015-01-07	train	1.3	EXCLUDE_MULTI_RNA_CHAIN		EXCLUDE_MULTI_RNA_CHAIN	RNA_CHAIN_COUNT=2; required exactly 1		
4PHY	2015-02-18	train	0.229	EXCLUDE_MULTI_RNA_CHAIN		EXCLUDE_MULTI_RNA_CHAIN	RNA_CHAIN_COUNT=2; required exactly 1		
4PLX	2014-06-25	train	35.098	EXCLUDE_MULTI_RNA_CHAIN		EXCLUDE_MULTI_RNA_CHAIN	RNA_CHAIN_COUNT=3; required exactly 1		
4PQV	2014-04-30	train	12.744	SELECTED	train	KEPT		A	/storage9920/home/tinghao.xia/Data_V1/train/4pqv
4QJD	2014-09-03	train	43.321	EXCLUDE_MULTI_RNA_CHAIN		EXCLUDE_MULTI_RNA_CHAIN	RNA_CHAIN_COUNT=8; required exactly 1		
4QJH	2014-09-03	train	31.833	EXCLUDE_MULTI_RNA_CHAIN		EXCLUDE_MULTI_RNA_CHAIN	RNA_CHAIN_COUNT=6; required exactly 1		
4QK8	2014-08-06	train	0.389	SELECTED	train	KEPT		A	/storage9920/home/tinghao.xia/Data_V1/train/4qk8
4QK9	2014-08-06	train	1.412	SELECTED	train	KEPT		A	/storage9920/home/tinghao.xia/Data_V1/train/4qk9
4QKA	2014-08-06	train	0.38	SELECTED	train	KEPT		A	/storage9920/home/tinghao.xia/Data_V1/train/4qka
4QLM	2014-08-13	train	2.064	SELECTED	train	KEPT		A	/storage9920/home/tinghao.xia/Data_V1/train/4qlm
4QLN	2014-08-13	train	3.091	SELECTED	train	KEPT		A	/storage9920/home/tinghao.xia/Data_V1/train/4qln
4R0D	2014-10-01	train	5.706	EXCLUDE_MULTI_RNA_CHAIN		EXCLUDE_MULTI_RNA_CHAIN	RNA_CHAIN_COUNT=2; required exactly 1		
4R4P	2015-09-30	train	5.305	SELECTED	train	KEPT		A	/storage9920/home/tinghao.xia/Data_V1/train/4r4p
4R4V	2015-09-30	train	5.497	SELECTED	train	KEPT		A	/storage9920/home/tinghao.xia/Data_V1/train/4r4v
4RBQ	2015-11-11	train	27.389	EXCLUDE_TRAIN_RMSD_CUTOFF		EXCLUDE_TRAIN_RMSD_CUTOFF	strict rank-1 RMSD 27.389 A > 15 A	A	
4RBY	2015-09-16	train	9.478	SELECTED	train	KEPT		A	/storage9920/home/tinghao.xia/Data_V1/train/4rby
4RBZ	2015-09-16	train	9.701	SELECTED	train	KEPT		A	/storage9920/home/tinghao.xia/Data_V1/train/4rbz
4RC0	2015-09-16	train	9.344	SELECTED	train	KEPT		A	/storage9920/home/tinghao.xia/Data_V1/train/4rc0
4RGE	2014-12-03	train	20.619	EXCLUDE_MULTI_RNA_CHAIN		EXCLUDE_MULTI_RNA_CHAIN	RNA_CHAIN_COUNT=3; required exactly 1		
4RGF	2014-12-03	train	20.496	EXCLUDE_MULTI_RNA_CHAIN		EXCLUDE_MULTI_RNA_CHAIN	RNA_CHAIN_COUNT=3; required exactly 1		
4RJ1	2014-11-12	train	8.744	EXCLUDE_MULTI_RNA_CHAIN		EXCLUDE_MULTI_RNA_CHAIN	RNA_CHAIN_COUNT=2; required exactly 1		
4RKV	2014-11-19	train	8.975	EXCLUDE_MULTI_RNA_CHAIN		EXCLUDE_MULTI_RNA_CHAIN	RNA_CHAIN_COUNT=2; required exactly 1		
4RNE	2014-11-19	train	15.019	EXCLUDE_MULTI_RNA_CHAIN		EXCLUDE_MULTI_RNA_CHAIN	RNA_CHAIN_COUNT=8; required exactly 1		
4RUM	2015-04-08	train	11.276	SELECTED	train	KEPT		A	/storage9920/home/tinghao.xia/Data_V1/train/4rum
4RZD	2015-07-01	train	9.943	SELECTED	train	KEPT		A	/storage9920/home/tinghao.xia/Data_V1/train/4rzd
4TNA	1978-04-12	train	1.755	SELECTED	train	KEPT		A	/storage9920/home/tinghao.xia/Data_V1/train/4tna
4TRA	1987-11-06	train	1.761	SELECTED	train	KEPT		A	/storage9920/home/tinghao.xia/Data_V1/train/4tra
4TS0	2014-07-23	train	0.594	EXCLUDE_MULTI_RNA_CHAIN		EXCLUDE_MULTI_RNA_CHAIN	RNA_CHAIN_COUNT=2; required exactly 1		
4TS2	2014-07-23	train	0.804	EXCLUDE_MULTI_RNA_CHAIN		EXCLUDE_MULTI_RNA_CHAIN	RNA_CHAIN_COUNT=2; required exactly 1		
4TZX	2014-09-10	train	0.467	SELECTED	train	KEPT		X	/storage9920/home/tinghao.xia/Data_V1/train/4tzx
4TZY	2014-09-10	train	0.36	SELECTED	train	KEPT		X	/storage9920/home/tinghao.xia/Data_V1/train/4tzy
4U34	2014-08-13	train	0.141	EXCLUDE_MULTI_RNA_CHAIN		EXCLUDE_MULTI_RNA_CHAIN	RNA_CHAIN_COUNT=2; required exactly 1		
4U35	2014-08-13	train	0.296	EXCLUDE_MULTI_RNA_CHAIN		EXCLUDE_MULTI_RNA_CHAIN	RNA_CHAIN_COUNT=2; required exactly 1		
4U37	2014-08-13	train	0.555	EXCLUDE_MULTI_RNA_CHAIN		EXCLUDE_MULTI_RNA_CHAIN	RNA_CHAIN_COUNT=2; required exactly 1		
4U38	2014-08-13	train	20.509	EXCLUDE_MULTI_RNA_CHAIN		EXCLUDE_MULTI_RNA_CHAIN	RNA_CHAIN_COUNT=8; required exactly 1		
4U3L	2015-07-29	train	0.53	EXCLUDE_MULTI_RNA_CHAIN		EXCLUDE_MULTI_RNA_CHAIN	RNA_CHAIN_COUNT=2; required exactly 1		
4U3O	2015-07-29	train	0.32	EXCLUDE_MULTI_RNA_CHAIN		EXCLUDE_MULTI_RNA_CHAIN	RNA_CHAIN_COUNT=2; required exactly 1		
4U3P	2015-07-29	train	0.432	EXCLUDE_MULTI_RNA_CHAIN		EXCLUDE_MULTI_RNA_CHAIN	RNA_CHAIN_COUNT=2; required exactly 1		
4U3R	2015-07-29	train	0.333	EXCLUDE_MULTI_RNA_CHAIN		EXCLUDE_MULTI_RNA_CHAIN	RNA_CHAIN_COUNT=2; required exactly 1		
4U47	2015-08-05	train	0.306	EXCLUDE_MULTI_RNA_CHAIN		EXCLUDE_MULTI_RNA_CHAIN	RNA_CHAIN_COUNT=2; required exactly 1		
4U78	2015-08-26	train	0.202	EXCLUDE_MULTI_RNA_CHAIN		EXCLUDE_MULTI_RNA_CHAIN	RNA_CHAIN_COUNT=2; required exactly 1		
4WFL	2014-10-15	train	2.086	SELECTED	train	KEPT		A	/storage9920/home/tinghao.xia/Data_V1/train/4wfl
4WFM	2014-10-15	train	21.729	EXCLUDE_MULTI_RNA_CHAIN		EXCLUDE_MULTI_RNA_CHAIN	RNA_CHAIN_COUNT=2; required exactly 1		
4XK0	2015-02-11	train	8.886	EXCLUDE_MULTI_RNA_CHAIN		EXCLUDE_MULTI_RNA_CHAIN	RNA_CHAIN_COUNT=2; required exactly 1		
4XNR	2015-05-06	train	0.431	SELECTED	train	KEPT		X	/storage9920/home/tinghao.xia/Data_V1/train/4xnr
4XW0	2016-01-13	train	0.292	EXCLUDE_MULTI_RNA_CHAIN		EXCLUDE_MULTI_RNA_CHAIN	RNA_CHAIN_COUNT=2; required exactly 1		
4XW1	2016-01-13	train	3.108	SELECTED	train	KEPT		C	/storage9920/home/tinghao.xia/Data_V1/train/4xw1
4XW7	2015-09-09	train	0.51	SELECTED	train	KEPT		A	/storage9920/home/tinghao.xia/Data_V1/train/4xw7
4XWF	2015-09-09	train	0.452	SELECTED	train	KEPT		A	/storage9920/home/tinghao.xia/Data_V1/train/4xwf
4Y1I	2015-04-08	train	26.63	EXCLUDE_MULTI_RNA_CHAIN		EXCLUDE_MULTI_RNA_CHAIN	RNA_CHAIN_COUNT=2; required exactly 1		
4Y1J	2015-04-08	train	26.415	EXCLUDE_MULTI_RNA_CHAIN		EXCLUDE_MULTI_RNA_CHAIN	RNA_CHAIN_COUNT=2; required exactly 1		
4Y1M	2015-04-08	train	19.065	EXCLUDE_MULTI_RNA_CHAIN		EXCLUDE_MULTI_RNA_CHAIN	RNA_CHAIN_COUNT=2; required exactly 1		
4Y1N	2015-10-14	train	32.61	EXCLUDE_MULTI_RNA_CHAIN		EXCLUDE_MULTI_RNA_CHAIN	RNA_CHAIN_COUNT=2; required exactly 1		
4Y1O	2015-10-14	train	36.11	EXCLUDE_MULTI_RNA_CHAIN		EXCLUDE_MULTI_RNA_CHAIN	RNA_CHAIN_COUNT=2; required exactly 1		
4Y27	2015-11-18	train	0.489	SELECTED	train	KEPT		A	/storage9920/home/tinghao.xia/Data_V1/train/4y27
4YAZ	2015-04-15	train	26.665	EXCLUDE_MULTI_RNA_CHAIN		EXCLUDE_MULTI_RNA_CHAIN	RNA_CHAIN_COUNT=2; required exactly 1		
4YB0	2015-04-15	train	28.956	EXCLUDE_MULTI_RNA_CHAIN		EXCLUDE_MULTI_RNA_CHAIN	RNA_CHAIN_COUNT=2; required exactly 1		
4YN6	2015-04-22	train	0.376	EXCLUDE_MULTI_RNA_CHAIN		EXCLUDE_MULTI_RNA_CHAIN	RNA_CHAIN_COUNT=2; required exactly 1		
4ZC7	2015-08-26	train	21.528	EXCLUDE_MULTI_RNA_CHAIN		EXCLUDE_MULTI_RNA_CHAIN	RNA_CHAIN_COUNT=4; required exactly 1		
4ZNP	2015-08-26	train	18.786	EXCLUDE_MULTI_RNA_CHAIN		EXCLUDE_MULTI_RNA_CHAIN	RNA_CHAIN_COUNT=2; required exactly 1		
5A17	2015-05-06	train	8.519	SELECTED	train	KEPT		A	/storage9920/home/tinghao.xia/Data_V1/train/5a17
5A18	2015-05-06	train	8.4	SELECTED	train	KEPT		A	/storage9920/home/tinghao.xia/Data_V1/train/5a18
5AY2	2015-10-21	train	9.674	EXCLUDE_MULTI_RNA_CHAIN		EXCLUDE_MULTI_RNA_CHAIN	RNA_CHAIN_COUNT=4; required exactly 1		
5AY3	2015-10-21	train	0.582	EXCLUDE_MULTI_RNA_CHAIN		EXCLUDE_MULTI_RNA_CHAIN	RNA_CHAIN_COUNT=2; required exactly 1		
5AY4	2015-10-21	train	0.393	EXCLUDE_MULTI_RNA_CHAIN		EXCLUDE_MULTI_RNA_CHAIN	RNA_CHAIN_COUNT=2; required exactly 1		
5BJO	2017-09-27	train	15.232	EXCLUDE_MULTI_RNA_CHAIN		EXCLUDE_MULTI_RNA_CHAIN	RNA_CHAIN_COUNT=2; required exactly 1		
5BJP	2017-09-27	train	4.514	EXCLUDE_MULTI_RNA_CHAIN		EXCLUDE_MULTI_RNA_CHAIN	RNA_CHAIN_COUNT=2; required exactly 1		
5BTM	2015-07-15	train	11.362	EXCLUDE_MULTI_RNA_CHAIN		EXCLUDE_MULTI_RNA_CHAIN	RNA_CHAIN_COUNT=2; required exactly 1		
5BTP	2015-08-12	train	22.359	EXCLUDE_MULTI_RNA_CHAIN		EXCLUDE_MULTI_RNA_CHAIN	RNA_CHAIN_COUNT=2; required exactly 1		
5C45	2015-10-07	train	0.564	EXCLUDE_MULTI_RNA_CHAIN		EXCLUDE_MULTI_RNA_CHAIN	RNA_CHAIN_COUNT=2; required exactly 1		
5C5W	2015-10-14	train	16.033	EXCLUDE_TRAIN_RMSD_CUTOFF		EXCLUDE_TRAIN_RMSD_CUTOFF	strict rank-1 RMSD 16.033 A > 15 A	A	
5C7U	2015-08-12	train	1.165	SELECTED	train	KEPT		B	/storage9920/home/tinghao.xia/Data_V1/train/5c7u
5C7W	2015-08-12	train	0.344	SELECTED	train	KEPT		C	/storage9920/home/tinghao.xia/Data_V1/train/5c7w
5CNR	2016-03-09	train	13.253	EXCLUDE_MULTI_RNA_CHAIN		EXCLUDE_MULTI_RNA_CHAIN	RNA_CHAIN_COUNT=4; required exactly 1		
5D5L	2016-08-10	train	20.134	EXCLUDE_MULTI_RNA_CHAIN		EXCLUDE_MULTI_RNA_CHAIN	RNA_CHAIN_COUNT=4; required exactly 1		
5D8T	2016-06-29	train	0.534	EXCLUDE_MULTI_RNA_CHAIN		EXCLUDE_MULTI_RNA_CHAIN	RNA_CHAIN_COUNT=2; required exactly 1		
5D99	2016-04-13	train	0.262	SELECTED	train	KEPT		A	/storage9920/home/tinghao.xia/Data_V1/train/5d99
5DA6	2016-04-13	train	27.592	EXCLUDE_TRAIN_RMSD_CUTOFF		EXCLUDE_TRAIN_RMSD_CUTOFF	strict rank-1 RMSD 27.592 A > 15 A	A	
5DER	2016-06-29	train	9.147	EXCLUDE_MULTI_RNA_CHAIN		EXCLUDE_MULTI_RNA_CHAIN	RNA_CHAIN_COUNT=4; required exactly 1		
5DH7	2015-10-07	train	0.857	EXCLUDE_MULTI_RNA_CHAIN		EXCLUDE_MULTI_RNA_CHAIN	RNA_CHAIN_COUNT=2; required exactly 1		
5DHB	2016-12-07	train	0.939	EXCLUDE_MULTI_RNA_CHAIN		EXCLUDE_MULTI_RNA_CHAIN	RNA_CHAIN_COUNT=4; required exactly 1		
5DHC	2016-12-07	train	20.261	EXCLUDE_MULTI_RNA_CHAIN		EXCLUDE_MULTI_RNA_CHAIN	RNA_CHAIN_COUNT=4; required exactly 1		
5DO5	2016-09-21	train	9.333	SELECTED	train	KEPT		A	/storage9920/home/tinghao.xia/Data_V1/train/5do5
5DUN	2015-10-28	train	1.274	SELECTED	train	KEPT		A	/storage9920/home/tinghao.xia/Data_V1/train/5dun
5E54	2016-11-23	train	19.686	EXCLUDE_MULTI_RNA_CHAIN		EXCLUDE_MULTI_RNA_CHAIN	RNA_CHAIN_COUNT=2; required exactly 1		
5EAO	2016-02-24	train	1.367	EXCLUDE_MULTI_RNA_CHAIN		EXCLUDE_MULTI_RNA_CHAIN	RNA_CHAIN_COUNT=2; required exactly 1		
5EAQ	2016-02-24	train	0.693	EXCLUDE_MULTI_RNA_CHAIN		EXCLUDE_MULTI_RNA_CHAIN	RNA_CHAIN_COUNT=2; required exactly 1		
5EW4	2016-02-24	train	0.571	EXCLUDE_MULTI_RNA_CHAIN		EXCLUDE_MULTI_RNA_CHAIN	RNA_CHAIN_COUNT=2; required exactly 1		
5EW7	2016-02-24	train	0.587	EXCLUDE_MULTI_RNA_CHAIN		EXCLUDE_MULTI_RNA_CHAIN	RNA_CHAIN_COUNT=2; required exactly 1		
5FJ0	2016-09-28	train	19.647	EXCLUDE_MULTI_RNA_CHAIN		EXCLUDE_MULTI_RNA_CHAIN	RNA_CHAIN_COUNT=3; required exactly 1		
5FJ1	2016-05-25	train	22.481	EXCLUDE_MULTI_RNA_CHAIN		EXCLUDE_MULTI_RNA_CHAIN	RNA_CHAIN_COUNT=8; required exactly 1		
5FJC	2016-05-25	train	0.979	SELECTED	train	KEPT		A	/storage9920/home/tinghao.xia/Data_V1/train/5fjc
5FK1	2016-05-25	train	0.364	SELECTED	train	KEPT		A	/storage9920/home/tinghao.xia/Data_V1/train/5fk1
5FK2	2016-05-25	train	0.373	SELECTED	train	KEPT		A	/storage9920/home/tinghao.xia/Data_V1/train/5fk2
5FK3	2016-05-25	train	0.448	SELECTED	train	KEPT		A	/storage9920/home/tinghao.xia/Data_V1/train/5fk3
5FK4	2016-05-25	train	1.215	SELECTED	train	KEPT		A	/storage9920/home/tinghao.xia/Data_V1/train/5fk4
5FK5	2016-05-25	train	0.589	SELECTED	train	KEPT		A	/storage9920/home/tinghao.xia/Data_V1/train/5fk5
5FK6	2016-05-25	train	0.534	SELECTED	train	KEPT		A	/storage9920/home/tinghao.xia/Data_V1/train/5fk6
5FKD	2016-05-25	train	0.527	SELECTED	train	KEPT		A	/storage9920/home/tinghao.xia/Data_V1/train/5fkd
5FKE	2016-05-25	train	0.528	SELECTED	train	KEPT		A	/storage9920/home/tinghao.xia/Data_V1/train/5fke
5FKF	2016-05-25	train	0.488	SELECTED	train	KEPT		A	/storage9920/home/tinghao.xia/Data_V1/train/5fkf
5FKG	2016-05-25	train	0.498	SELECTED	train	KEPT		A	/storage9920/home/tinghao.xia/Data_V1/train/5fkg
5FKH	2016-05-25	train	0.414	SELECTED	train	KEPT		A	/storage9920/home/tinghao.xia/Data_V1/train/5fkh
5G2Y	2016-05-04	train	35.854	EXCLUDE_TRAIN_RMSD_CUTOFF		EXCLUDE_TRAIN_RMSD_CUTOFF	strict rank-1 RMSD 35.854 A > 15 A	A	
5G4T	2016-09-28	train	0.139	EXCLUDE_MULTI_RNA_CHAIN		EXCLUDE_MULTI_RNA_CHAIN	RNA_CHAIN_COUNT=2; required exactly 1		
5HBW	2016-12-07	train	0.442	EXCLUDE_MULTI_RNA_CHAIN		EXCLUDE_MULTI_RNA_CHAIN	RNA_CHAIN_COUNT=2; required exactly 1		
5HBX	2016-12-07	train	19.388	EXCLUDE_MULTI_RNA_CHAIN		EXCLUDE_MULTI_RNA_CHAIN	RNA_CHAIN_COUNT=4; required exactly 1		
5HBY	2016-12-07	train	10.486	SELECTED	train	KEPT		A	/storage9920/home/tinghao.xia/Data_V1/train/5hby
5HN2	2016-04-27	train	17.352	EXCLUDE_MULTI_RNA_CHAIN		EXCLUDE_MULTI_RNA_CHAIN	RNA_CHAIN_COUNT=6; required exactly 1		
5HNJ	2016-04-27	train	13.969	EXCLUDE_MULTI_RNA_CHAIN		EXCLUDE_MULTI_RNA_CHAIN	RNA_CHAIN_COUNT=6; required exactly 1		
5HNQ	2016-04-27	train	22.428	EXCLUDE_MULTI_RNA_CHAIN		EXCLUDE_MULTI_RNA_CHAIN	RNA_CHAIN_COUNT=13; required exactly 1		
5IEM	2016-11-02	train	7.805	SELECTED	train	KEPT		A	/storage9920/home/tinghao.xia/Data_V1/train/5iem
5J01	2016-12-14	train	7.34	SELECTED	train	KEPT		A	/storage9920/home/tinghao.xia/Data_V1/train/5j01
5J02	2016-12-14	train	7.277	EXCLUDE_MULTI_RNA_CHAIN		EXCLUDE_MULTI_RNA_CHAIN	RNA_CHAIN_COUNT=2; required exactly 1		
5K8H	2016-07-06	train		EXCLUDE_FROZEN_RMSD		EXCLUDE_FROZEN_RMSD	PDB is listed in exclude_strict_rank1_rmsd_pdb.txt	A	
5KH8	2017-07-19	train	10.999	SELECTED	train	KEPT		A	/storage9920/home/tinghao.xia/Data_V1/train/5kh8
5KMZ	2016-10-12	train	2.56	SELECTED	train	KEPT		A	/storage9920/home/tinghao.xia/Data_V1/train/5kmz
5KPY	2017-01-11	train	5.951	SELECTED	train	KEPT		A	/storage9920/home/tinghao.xia/Data_V1/train/5kpy
5KQE	2016-08-24	train	9.882	SELECTED	train	KEPT		A	/storage9920/home/tinghao.xia/Data_V1/train/5kqe
5KRG	2016-12-07	train	1.381	EXCLUDE_MULTI_RNA_CHAIN		EXCLUDE_MULTI_RNA_CHAIN	RNA_CHAIN_COUNT=4; required exactly 1		
5KTJ	2016-10-05	train	22.461	EXCLUDE_MULTI_RNA_CHAIN		EXCLUDE_MULTI_RNA_CHAIN	RNA_CHAIN_COUNT=4; required exactly 1		
5KVJ	2016-08-03	train	0.247	EXCLUDE_MULTI_RNA_CHAIN		EXCLUDE_MULTI_RNA_CHAIN	RNA_CHAIN_COUNT=2; required exactly 1		
5KX9	2016-08-24	train	0.506	EXCLUDE_MULTI_RNA_CHAIN		EXCLUDE_MULTI_RNA_CHAIN	RNA_CHAIN_COUNT=2; required exactly 1		
5L00	2016-12-07	train	2.891	EXCLUDE_MULTI_RNA_CHAIN		EXCLUDE_MULTI_RNA_CHAIN	RNA_CHAIN_COUNT=4; required exactly 1		
5L4O	2017-03-01	train	1.04	SELECTED	train	KEPT		A	/storage9920/home/tinghao.xia/Data_V1/train/5l4o
5LQO	2017-06-21	train	0.213	EXCLUDE_MULTI_RNA_CHAIN		EXCLUDE_MULTI_RNA_CHAIN	RNA_CHAIN_COUNT=2; required exactly 1		
5LQT	2017-06-21	train	0.22	EXCLUDE_MULTI_RNA_CHAIN		EXCLUDE_MULTI_RNA_CHAIN	RNA_CHAIN_COUNT=2; required exactly 1		
5LR3	2017-06-21	train	0.342	EXCLUDE_MULTI_RNA_CHAIN		EXCLUDE_MULTI_RNA_CHAIN	RNA_CHAIN_COUNT=2; required exactly 1		
5LR4	2017-06-21	train	9.052	EXCLUDE_MULTI_RNA_CHAIN		EXCLUDE_MULTI_RNA_CHAIN	RNA_CHAIN_COUNT=4; required exactly 1		
5LR5	2017-06-21	train	9.963	EXCLUDE_MULTI_RNA_CHAIN		EXCLUDE_MULTI_RNA_CHAIN	RNA_CHAIN_COUNT=4; required exactly 1		
5LSN	2017-09-20	train	4.003	SELECTED	train	KEPT		A	/storage9920/home/tinghao.xia/Data_V1/train/5lsn
5LWJ	2016-12-14	train	3.439	SELECTED	train	KEPT		A	/storage9920/home/tinghao.xia/Data_V1/train/5lwj
5LYS	2017-01-25	train	21.415	EXCLUDE_MULTI_RNA_CHAIN		EXCLUDE_MULTI_RNA_CHAIN	RNA_CHAIN_COUNT=2; required exactly 1		
5LYU	2017-01-25	train	27.175	EXCLUDE_MULTI_RNA_CHAIN		EXCLUDE_MULTI_RNA_CHAIN	RNA_CHAIN_COUNT=2; required exactly 1		
5LYV	2017-01-25	train	28.217	EXCLUDE_MULTI_RNA_CHAIN		EXCLUDE_MULTI_RNA_CHAIN	RNA_CHAIN_COUNT=2; required exactly 1		
5M0H	2017-01-18	train	0.85	SELECTED	train	KEPT		A	/storage9920/home/tinghao.xia/Data_V1/train/5m0h
5ML7	2017-12-20	train	24.689	EXCLUDE_MULTI_RNA_CHAIN		EXCLUDE_MULTI_RNA_CHAIN	RNA_CHAIN_COUNT=2; required exactly 1		
5MRX	2018-01-17	train	0.367	SELECTED	train	KEPT		A	/storage9920/home/tinghao.xia/Data_V1/train/5mrx
5MWI	2017-03-08	train	21.422	EXCLUDE_TRAIN_RMSD_CUTOFF		EXCLUDE_TRAIN_RMSD_CUTOFF	strict rank-1 RMSD 21.422 A > 15 A	A	
5N5C	2018-03-14	train	1.85	SELECTED	train	KEPT		A	/storage9920/home/tinghao.xia/Data_V1/train/5n5c
5NDH	2017-05-31	train	4.384	EXCLUDE_MULTI_RNA_CHAIN		EXCLUDE_MULTI_RNA_CHAIN	RNA_CHAIN_COUNT=4; required exactly 1		
5NDI	2017-05-31	train	14.568	EXCLUDE_MULTI_RNA_CHAIN		EXCLUDE_MULTI_RNA_CHAIN	RNA_CHAIN_COUNT=4; required exactly 1		
5NEF	2017-06-07	train	0.132	SELECTED	train	KEPT		A	/storage9920/home/tinghao.xia/Data_V1/train/5nef
5NEO	2017-05-31	train	0.388	SELECTED	train	KEPT		A	/storage9920/home/tinghao.xia/Data_V1/train/5neo
5NEP	2017-05-31	train	0.107	SELECTED	train	KEPT		A	/storage9920/home/tinghao.xia/Data_V1/train/5nep
5NEQ	2017-05-31	train	0.291	SELECTED	train	KEPT		A	/storage9920/home/tinghao.xia/Data_V1/train/5neq
5NEX	2017-05-31	train	0.197	SELECTED	train	KEPT		A	/storage9920/home/tinghao.xia/Data_V1/train/5nex
5NOM	2017-05-31	train	0.176	SELECTED	train	KEPT		A	/storage9920/home/tinghao.xia/Data_V1/train/5nom
5NQI	2017-07-26	train	0.322	SELECTED	train	KEPT		A	/storage9920/home/tinghao.xia/Data_V1/train/5nqi
5NWQ	2017-10-18	train	12.029	EXCLUDE_MULTI_RNA_CHAIN		EXCLUDE_MULTI_RNA_CHAIN	RNA_CHAIN_COUNT=2; required exactly 1		
5NXT	2017-11-29	train	16.369	EXCLUDE_TRAIN_RMSD_CUTOFF		EXCLUDE_TRAIN_RMSD_CUTOFF	strict rank-1 RMSD 16.369 A > 15 A	U	
5NY8	2017-10-18	train	17.743	EXCLUDE_MULTI_RNA_CHAIN		EXCLUDE_MULTI_RNA_CHAIN	RNA_CHAIN_COUNT=2; required exactly 1		
5NZ3	2017-10-18	train	11.449	EXCLUDE_MULTI_RNA_CHAIN		EXCLUDE_MULTI_RNA_CHAIN	RNA_CHAIN_COUNT=2; required exactly 1		
5NZ6	2017-10-18	train	0.451	SELECTED	train	KEPT		A	/storage9920/home/tinghao.xia/Data_V1/train/5nz6
5NZD	2017-10-18	train	22.915	EXCLUDE_MULTI_RNA_CHAIN		EXCLUDE_MULTI_RNA_CHAIN	RNA_CHAIN_COUNT=2; required exactly 1		
5O62	2017-10-18	train	10.902	EXCLUDE_MULTI_RNA_CHAIN		EXCLUDE_MULTI_RNA_CHAIN	RNA_CHAIN_COUNT=2; required exactly 1		
5O69	2017-10-18	train	13.648	EXCLUDE_MULTI_RNA_CHAIN		EXCLUDE_MULTI_RNA_CHAIN	RNA_CHAIN_COUNT=2; required exactly 1		
5OB3	2017-10-04	train	0.329	SELECTED	train	KEPT		A	/storage9920/home/tinghao.xia/Data_V1/train/5ob3
5OR0	2017-08-30	train	4.433	EXCLUDE_MULTI_RNA_CHAIN		EXCLUDE_MULTI_RNA_CHAIN	RNA_CHAIN_COUNT=2; required exactly 1		
5SWD	2016-11-23	train	21.175	EXCLUDE_MULTI_RNA_CHAIN		EXCLUDE_MULTI_RNA_CHAIN	RNA_CHAIN_COUNT=2; required exactly 1		
5SWE	2016-11-23	train	0.552	SELECTED	train	KEPT		X	/storage9920/home/tinghao.xia/Data_V1/train/5swe
5T3K	2017-07-05	train	19.933	EXCLUDE_MULTI_RNA_CHAIN		EXCLUDE_MULTI_RNA_CHAIN	RNA_CHAIN_COUNT=4; required exactly 1		
5T83	2017-01-11	train	0.658	SELECTED	train	KEPT		A	/storage9920/home/tinghao.xia/Data_V1/train/5t83
5TDJ	2017-01-11	train	15.658	EXCLUDE_MULTI_RNA_CHAIN		EXCLUDE_MULTI_RNA_CHAIN	RNA_CHAIN_COUNT=2; required exactly 1		
5TDK	2017-01-11	train	1.642	EXCLUDE_MULTI_RNA_CHAIN		EXCLUDE_MULTI_RNA_CHAIN	RNA_CHAIN_COUNT=2; required exactly 1		
5TGP	2017-10-18	train		EXCLUDE_MULTI_RNA_CHAIN		EXCLUDE_MULTI_RNA_CHAIN	RNA_CHAIN_COUNT=2; required exactly 1		
5TKO	2017-10-11	train	14.793	EXCLUDE_MULTI_RNA_CHAIN		EXCLUDE_MULTI_RNA_CHAIN	RNA_CHAIN_COUNT=4; required exactly 1		
5TPY	2016-12-14	train	2.294	SELECTED	train	KEPT		A	/storage9920/home/tinghao.xia/Data_V1/train/5tpy
5U3G	2017-02-01	train	0.633	SELECTED	train	KEPT		B	/storage9920/home/tinghao.xia/Data_V1/train/5u3g
5UED	2017-07-05	train	0.584	EXCLUDE_MULTI_RNA_CHAIN		EXCLUDE_MULTI_RNA_CHAIN	RNA_CHAIN_COUNT=2; required exactly 1		
5UEE	2017-07-05	train	0.336	EXCLUDE_MULTI_RNA_CHAIN		EXCLUDE_MULTI_RNA_CHAIN	RNA_CHAIN_COUNT=2; required exactly 1		
5UEF	2017-07-05	train	0.338	EXCLUDE_MULTI_RNA_CHAIN		EXCLUDE_MULTI_RNA_CHAIN	RNA_CHAIN_COUNT=4; required exactly 1		
5UEG	2017-07-05	train	2.161	EXCLUDE_MULTI_RNA_CHAIN		EXCLUDE_MULTI_RNA_CHAIN	RNA_CHAIN_COUNT=4; required exactly 1		
5UF3	2017-05-31	train	3.688	SELECTED	train	KEPT		A	/storage9920/home/tinghao.xia/Data_V1/train/5uf3
5UNE	2017-03-29	train	0.936	EXCLUDE_MULTI_RNA_CHAIN		EXCLUDE_MULTI_RNA_CHAIN	RNA_CHAIN_COUNT=2; required exactly 1		
5UX3	2018-02-21	train	0.259	EXCLUDE_MULTI_RNA_CHAIN		EXCLUDE_MULTI_RNA_CHAIN	RNA_CHAIN_COUNT=2; required exactly 1		
5UZ6	2018-02-21	train	23.109	EXCLUDE_MULTI_RNA_CHAIN		EXCLUDE_MULTI_RNA_CHAIN	RNA_CHAIN_COUNT=6; required exactly 1		
5UZA	2018-02-28	train	0.419	SELECTED	train	KEPT		X	/storage9920/home/tinghao.xia/Data_V1/train/5uza
5UZT	2017-05-10	train	6.178	SELECTED	train	KEPT		A	/storage9920/home/tinghao.xia/Data_V1/train/5uzt
5V0H	2017-03-08	train	0.474	EXCLUDE_MULTI_RNA_CHAIN		EXCLUDE_MULTI_RNA_CHAIN	RNA_CHAIN_COUNT=2; required exactly 1		
5V0J	2017-03-08	train	0.352	EXCLUDE_MULTI_RNA_CHAIN		EXCLUDE_MULTI_RNA_CHAIN	RNA_CHAIN_COUNT=2; required exactly 1		
5V0K	2017-03-08	train	10.982	SELECTED	train	KEPT		A	/storage9920/home/tinghao.xia/Data_V1/train/5v0k
5V0O	2018-02-21	train	0.487	EXCLUDE_MULTI_RNA_CHAIN		EXCLUDE_MULTI_RNA_CHAIN	RNA_CHAIN_COUNT=2; required exactly 1		
5V16	2017-07-12	train	11.306	SELECTED	train	KEPT		A	/storage9920/home/tinghao.xia/Data_V1/train/5v16
5V17	2017-07-12	train	8.968	SELECTED	train	KEPT		A	/storage9920/home/tinghao.xia/Data_V1/train/5v17
5V1K	2017-06-21	train	1.139	EXCLUDE_MULTI_RNA_CHAIN		EXCLUDE_MULTI_RNA_CHAIN	RNA_CHAIN_COUNT=2; required exactly 1		
5V1L	2017-06-14	train	14.799	EXCLUDE_MULTI_RNA_CHAIN		EXCLUDE_MULTI_RNA_CHAIN	RNA_CHAIN_COUNT=4; required exactly 1		
5V2H	2017-06-14	train	1.346	EXCLUDE_MULTI_RNA_CHAIN		EXCLUDE_MULTI_RNA_CHAIN	RNA_CHAIN_COUNT=4; required exactly 1		
5V2R	2017-07-26	train	6.863	EXCLUDE_MULTI_RNA_CHAIN		EXCLUDE_MULTI_RNA_CHAIN	RNA_CHAIN_COUNT=2; required exactly 1		
5V3F	2017-05-24	train	0.644	EXCLUDE_MULTI_RNA_CHAIN		EXCLUDE_MULTI_RNA_CHAIN	RNA_CHAIN_COUNT=2; required exactly 1		
5V3I	2017-07-05	train	5.334	SELECTED	train	KEPT		A	/storage9920/home/tinghao.xia/Data_V1/train/5v3i
5V9Z	2018-02-21	train	0.389	EXCLUDE_MULTI_RNA_CHAIN		EXCLUDE_MULTI_RNA_CHAIN	RNA_CHAIN_COUNT=2; required exactly 1		
5VCF	2018-02-21	train	0.282	EXCLUDE_MULTI_RNA_CHAIN		EXCLUDE_MULTI_RNA_CHAIN	RNA_CHAIN_COUNT=2; required exactly 1		
5VCI	2018-02-21	train	0.282	EXCLUDE_MULTI_RNA_CHAIN		EXCLUDE_MULTI_RNA_CHAIN	RNA_CHAIN_COUNT=2; required exactly 1		
5VGW	2018-02-21	train	0.315	EXCLUDE_MULTI_RNA_CHAIN		EXCLUDE_MULTI_RNA_CHAIN	RNA_CHAIN_COUNT=2; required exactly 1		
5VH7	2017-06-28	train	3.019	EXCLUDE_MULTI_RNA_CHAIN		EXCLUDE_MULTI_RNA_CHAIN	RNA_CHAIN_COUNT=2; required exactly 1		
5VH8	2017-06-28	train	3.79	EXCLUDE_MULTI_RNA_CHAIN		EXCLUDE_MULTI_RNA_CHAIN	RNA_CHAIN_COUNT=2; required exactly 1		
5VJ9	2017-06-28	train	10.868	EXCLUDE_MULTI_RNA_CHAIN		EXCLUDE_MULTI_RNA_CHAIN	RNA_CHAIN_COUNT=4; required exactly 1		
5VJB	2017-06-28	train	10.874	EXCLUDE_MULTI_RNA_CHAIN		EXCLUDE_MULTI_RNA_CHAIN	RNA_CHAIN_COUNT=4; required exactly 1		
5VR4	2017-10-04	train	9.086	EXCLUDE_MULTI_RNA_CHAIN		EXCLUDE_MULTI_RNA_CHAIN	RNA_CHAIN_COUNT=4; required exactly 1		
5WQ1	2017-07-05	train	1.298	SELECTED	train	KEPT		A	/storage9920/home/tinghao.xia/Data_V1/train/5wq1
5XI1	2018-08-08	train	1.757	EXCLUDE_MULTI_RNA_CHAIN		EXCLUDE_MULTI_RNA_CHAIN	RNA_CHAIN_COUNT=2; required exactly 1		
5XWG	2017-10-11	train	12.32	SELECTED	train	KEPT		A	/storage9920/home/tinghao.xia/Data_V1/train/5xwg
5XZ1	2018-07-18	train	18.229	EXCLUDE_MULTI_RNA_CHAIN		EXCLUDE_MULTI_RNA_CHAIN	RNA_CHAIN_COUNT=4; required exactly 1		
5Z1H	2018-05-30	train	1.767	EXCLUDE_MULTI_RNA_CHAIN		EXCLUDE_MULTI_RNA_CHAIN	RNA_CHAIN_COUNT=2; required exactly 1		
5Z1I	2018-05-30	train	18.635	EXCLUDE_TRAIN_RMSD_CUTOFF		EXCLUDE_TRAIN_RMSD_CUTOFF	strict rank-1 RMSD 18.635 A > 15 A	A	
5Z71	2019-01-30	train	2.517	EXCLUDE_MULTI_RNA_CHAIN		EXCLUDE_MULTI_RNA_CHAIN	RNA_CHAIN_COUNT=2; required exactly 1		
5ZEG	2018-03-21	train	24.046	EXCLUDE_MULTI_RNA_CHAIN		EXCLUDE_MULTI_RNA_CHAIN	RNA_CHAIN_COUNT=3; required exactly 1		
5ZEI	2018-03-21	train	0.141	EXCLUDE_MULTI_RNA_CHAIN		EXCLUDE_MULTI_RNA_CHAIN	RNA_CHAIN_COUNT=2; required exactly 1		
5ZEJ	2018-03-21	train	0.221	EXCLUDE_MULTI_RNA_CHAIN		EXCLUDE_MULTI_RNA_CHAIN	RNA_CHAIN_COUNT=2; required exactly 1		
5ZEM	2018-03-21	train	1.127	EXCLUDE_MULTI_RNA_CHAIN		EXCLUDE_MULTI_RNA_CHAIN	RNA_CHAIN_COUNT=2; required exactly 1		
6AAS	2019-06-05	train	0.926	SELECTED	train	KEPT		A	/storage9920/home/tinghao.xia/Data_V1/train/6aas
6AAU	2019-06-05	train	2.543	SELECTED	train	KEPT		A	/storage9920/home/tinghao.xia/Data_V1/train/6aau
6AZ4	2018-02-21	train	0.243	EXCLUDE_MULTI_RNA_CHAIN		EXCLUDE_MULTI_RNA_CHAIN	RNA_CHAIN_COUNT=2; required exactly 1		
6BFB	2018-02-21	train	0.515	EXCLUDE_MULTI_RNA_CHAIN		EXCLUDE_MULTI_RNA_CHAIN	RNA_CHAIN_COUNT=2; required exactly 1		
6BG9	2018-02-21	train	1.598	EXCLUDE_MULTI_RNA_CHAIN		EXCLUDE_MULTI_RNA_CHAIN	RNA_CHAIN_COUNT=2; required exactly 1		
6BGB	2017-12-06	train	12.392	EXCLUDE_MULTI_RNA_CHAIN		EXCLUDE_MULTI_RNA_CHAIN	RNA_CHAIN_COUNT=3; required exactly 1		
6BJX	2018-07-04	train	29.09	EXCLUDE_MULTI_RNA_CHAIN		EXCLUDE_MULTI_RNA_CHAIN	RNA_CHAIN_COUNT=2; required exactly 1		
6BMD	2018-02-21	train	22.114	EXCLUDE_MULTI_RNA_CHAIN		EXCLUDE_MULTI_RNA_CHAIN	RNA_CHAIN_COUNT=6; required exactly 1		
6BY4	2018-06-13	train	0.919	SELECTED	train	KEPT		A	/storage9920/home/tinghao.xia/Data_V1/train/6by4
6BY5	2018-06-13	train	1.46	SELECTED	train	KEPT		A	/storage9920/home/tinghao.xia/Data_V1/train/6by5
6C27	2019-01-09	train	24.996	EXCLUDE_MULTI_RNA_CHAIN		EXCLUDE_MULTI_RNA_CHAIN	RNA_CHAIN_COUNT=2; required exactly 1		
6C63	2018-08-08	train	17.729	EXCLUDE_MULTI_RNA_CHAIN		EXCLUDE_MULTI_RNA_CHAIN	RNA_CHAIN_COUNT=3; required exactly 1		
6C64	2018-08-08	train	12.198	EXCLUDE_MULTI_RNA_CHAIN		EXCLUDE_MULTI_RNA_CHAIN	RNA_CHAIN_COUNT=3; required exactly 1		
6C65	2018-08-08	train	16.309	EXCLUDE_MULTI_RNA_CHAIN		EXCLUDE_MULTI_RNA_CHAIN	RNA_CHAIN_COUNT=3; required exactly 1		
6C8D	2018-05-30	train	0.251	EXCLUDE_MULTI_RNA_CHAIN		EXCLUDE_MULTI_RNA_CHAIN	RNA_CHAIN_COUNT=2; required exactly 1		
6C8E	2018-05-30	train	0.255	EXCLUDE_MULTI_RNA_CHAIN		EXCLUDE_MULTI_RNA_CHAIN	RNA_CHAIN_COUNT=2; required exactly 1		
6C8I	2018-05-30	train	0.584	EXCLUDE_MULTI_RNA_CHAIN		EXCLUDE_MULTI_RNA_CHAIN	RNA_CHAIN_COUNT=2; required exactly 1		
6C8J	2018-05-30	train	0.15	EXCLUDE_MULTI_RNA_CHAIN		EXCLUDE_MULTI_RNA_CHAIN	RNA_CHAIN_COUNT=2; required exactly 1		
6C8K	2018-05-30	train	0.311	EXCLUDE_MULTI_RNA_CHAIN		EXCLUDE_MULTI_RNA_CHAIN	RNA_CHAIN_COUNT=2; required exactly 1		
6C8L	2018-05-30	train	0.348	EXCLUDE_MULTI_RNA_CHAIN		EXCLUDE_MULTI_RNA_CHAIN	RNA_CHAIN_COUNT=2; required exactly 1		
6C8M	2018-05-30	train	0.377	EXCLUDE_MULTI_RNA_CHAIN		EXCLUDE_MULTI_RNA_CHAIN	RNA_CHAIN_COUNT=2; required exactly 1		
6C8N	2018-05-30	train	0.24	EXCLUDE_MULTI_RNA_CHAIN		EXCLUDE_MULTI_RNA_CHAIN	RNA_CHAIN_COUNT=2; required exactly 1		
6C8O	2018-05-30	train	0.225	EXCLUDE_MULTI_RNA_CHAIN		EXCLUDE_MULTI_RNA_CHAIN	RNA_CHAIN_COUNT=2; required exactly 1		
6CAB	2018-05-30	train	0.225	EXCLUDE_MULTI_RNA_CHAIN		EXCLUDE_MULTI_RNA_CHAIN	RNA_CHAIN_COUNT=2; required exactly 1		
6CB3	2018-06-13	train	1.851	EXCLUDE_MULTI_RNA_CHAIN		EXCLUDE_MULTI_RNA_CHAIN	RNA_CHAIN_COUNT=2; required exactly 1		
6CC1	2018-06-13	train	2.183	EXCLUDE_MULTI_RNA_CHAIN		EXCLUDE_MULTI_RNA_CHAIN	RNA_CHAIN_COUNT=2; required exactly 1		
6CC3	2018-06-13	train	28.764	EXCLUDE_MULTI_RNA_CHAIN		EXCLUDE_MULTI_RNA_CHAIN	RNA_CHAIN_COUNT=2; required exactly 1		
6CHR	2018-11-21	train	5.049	EXCLUDE_MULTI_RNA_CHAIN		EXCLUDE_MULTI_RNA_CHAIN	RNA_CHAIN_COUNT=2; required exactly 1		
6CIH	2018-11-21	train	4.172	EXCLUDE_MULTI_RNA_CHAIN		EXCLUDE_MULTI_RNA_CHAIN	RNA_CHAIN_COUNT=2; required exactly 1		
6CK4	2018-06-20	train	28.651	EXCLUDE_MULTI_RNA_CHAIN		EXCLUDE_MULTI_RNA_CHAIN	RNA_CHAIN_COUNT=4; required exactly 1		
6CK5	2018-06-20	train	28.733	EXCLUDE_MULTI_RNA_CHAIN		EXCLUDE_MULTI_RNA_CHAIN	RNA_CHAIN_COUNT=2; required exactly 1		
6CU1	2018-10-31	train	2.475	SELECTED	train	KEPT		A	/storage9920/home/tinghao.xia/Data_V1/train/6cu1
6CXZ	2018-08-29	train	0.14	EXCLUDE_MULTI_RNA_CHAIN		EXCLUDE_MULTI_RNA_CHAIN	RNA_CHAIN_COUNT=2; required exactly 1		
6CY0	2018-08-29	train	17.744	EXCLUDE_MULTI_RNA_CHAIN		EXCLUDE_MULTI_RNA_CHAIN	RNA_CHAIN_COUNT=8; required exactly 1		
6CY2	2018-08-29	train	1.581	EXCLUDE_MULTI_RNA_CHAIN		EXCLUDE_MULTI_RNA_CHAIN	RNA_CHAIN_COUNT=2; required exactly 1		
6CY4	2018-08-29	train	14.075	EXCLUDE_MULTI_RNA_CHAIN		EXCLUDE_MULTI_RNA_CHAIN	RNA_CHAIN_COUNT=8; required exactly 1		
6D3P	2018-06-20	train	1.028	SELECTED	train	KEPT		A	/storage9920/home/tinghao.xia/Data_V1/train/6d3p
6D8L	2018-07-18	train	29.178	EXCLUDE_MULTI_RNA_CHAIN		EXCLUDE_MULTI_RNA_CHAIN	RNA_CHAIN_COUNT=2; required exactly 1		
6D8M	2018-07-04	train	30.019	EXCLUDE_MULTI_RNA_CHAIN		EXCLUDE_MULTI_RNA_CHAIN	RNA_CHAIN_COUNT=2; required exactly 1		
6D8N	2018-07-18	train	29.268	EXCLUDE_MULTI_RNA_CHAIN		EXCLUDE_MULTI_RNA_CHAIN	RNA_CHAIN_COUNT=2; required exactly 1		
6D8O	2018-07-04	train	29.655	EXCLUDE_MULTI_RNA_CHAIN		EXCLUDE_MULTI_RNA_CHAIN	RNA_CHAIN_COUNT=2; required exactly 1		
6DLQ	2018-11-14	train	1.017	SELECTED	train	KEPT		A	/storage9920/home/tinghao.xia/Data_V1/train/6dlq
6DLR	2018-11-14	train	0.889	SELECTED	train	KEPT		A	/storage9920/home/tinghao.xia/Data_V1/train/6dlr
6DLS	2018-11-14	train	0.64	SELECTED	train	KEPT		A	/storage9920/home/tinghao.xia/Data_V1/train/6dls
6DLT	2018-11-14	train	0.95	SELECTED	train	KEPT		A	/storage9920/home/tinghao.xia/Data_V1/train/6dlt
6DMC	2018-11-14	train	19.833	EXCLUDE_MULTI_RNA_CHAIN		EXCLUDE_MULTI_RNA_CHAIN	RNA_CHAIN_COUNT=2; required exactly 1		
6DMD	2018-11-14	train	19.898	EXCLUDE_MULTI_RNA_CHAIN		EXCLUDE_MULTI_RNA_CHAIN	RNA_CHAIN_COUNT=2; required exactly 1		
6DME	2018-11-14	train	0.953	SELECTED	train	KEPT		A	/storage9920/home/tinghao.xia/Data_V1/train/6dme
6DN1	2018-09-05	train	0.219	EXCLUDE_MULTI_RNA_CHAIN		EXCLUDE_MULTI_RNA_CHAIN	RNA_CHAIN_COUNT=2; required exactly 1		
6DN2	2018-09-05	train	0.471	EXCLUDE_MULTI_RNA_CHAIN		EXCLUDE_MULTI_RNA_CHAIN	RNA_CHAIN_COUNT=2; required exactly 1		
6DN3	2018-09-05	train	0.551	EXCLUDE_MULTI_RNA_CHAIN		EXCLUDE_MULTI_RNA_CHAIN	RNA_CHAIN_COUNT=2; required exactly 1		
6DNR	2018-11-14	train	2.116	SELECTED	train	KEPT		A	/storage9920/home/tinghao.xia/Data_V1/train/6dnr
6DVK	2019-06-26	train	2.949	SELECTED	train	KEPT		H	/storage9920/home/tinghao.xia/Data_V1/train/6dvk
6E1S	2019-04-10	train	0.324	SELECTED	train	KEPT		A	/storage9920/home/tinghao.xia/Data_V1/train/6e1s
6E1T	2019-04-10	train	0.269	SELECTED	train	KEPT		A	/storage9920/home/tinghao.xia/Data_V1/train/6e1t
6E1U	2019-04-10	train	0.376	SELECTED	train	KEPT		A	/storage9920/home/tinghao.xia/Data_V1/train/6e1u
6E1V	2019-04-10	train	0.235	SELECTED	train	KEPT		A	/storage9920/home/tinghao.xia/Data_V1/train/6e1v
6E1W	2019-04-10	train	0.389	SELECTED	train	KEPT		A	/storage9920/home/tinghao.xia/Data_V1/train/6e1w
6E7L	2019-07-31	train	19.04	EXCLUDE_TRAIN_RMSD_CUTOFF		EXCLUDE_TRAIN_RMSD_CUTOFF	strict rank-1 RMSD 19.04 A > 15 A	A	
6E80	2019-07-31	train	1.91	SELECTED	train	KEPT		A	/storage9920/home/tinghao.xia/Data_V1/train/6e80
6E81	2019-07-31	train	0.621	SELECTED	train	KEPT		A	/storage9920/home/tinghao.xia/Data_V1/train/6e81
6E82	2019-07-31	train	0.622	SELECTED	train	KEPT		A	/storage9920/home/tinghao.xia/Data_V1/train/6e82
6E84	2019-07-31	train	0.764	SELECTED	train	KEPT		A	/storage9920/home/tinghao.xia/Data_V1/train/6e84
6E8S	2019-04-17	train	10.894	EXCLUDE_MULTI_RNA_CHAIN		EXCLUDE_MULTI_RNA_CHAIN	RNA_CHAIN_COUNT=2; required exactly 1		
6E8T	2019-04-17	train	18.171	EXCLUDE_MULTI_RNA_CHAIN		EXCLUDE_MULTI_RNA_CHAIN	RNA_CHAIN_COUNT=4; required exactly 1		
6E8U	2019-04-17	train	0.496	SELECTED	train	KEPT		B	/storage9920/home/tinghao.xia/Data_V1/train/6e8u
6EZ0	2018-01-03	train	3.433	SELECTED	train	KEPT		A	/storage9920/home/tinghao.xia/Data_V1/train/6ez0
6FZ0	2018-07-04	train	2.742	SELECTED	train	KEPT		A	/storage9920/home/tinghao.xia/Data_V1/train/6fz0
6G7Z	2018-12-05	train	1.318	EXCLUDE_MULTI_RNA_CHAIN		EXCLUDE_MULTI_RNA_CHAIN	RNA_CHAIN_COUNT=2; required exactly 1		
6GE1	2018-10-31	train	2.944	EXCLUDE_MULTI_RNA_CHAIN		EXCLUDE_MULTI_RNA_CHAIN	RNA_CHAIN_COUNT=4; required exactly 1		
6GYV	2018-08-22	train	1.474	SELECTED	train	KEPT		A	/storage9920/home/tinghao.xia/Data_V1/train/6gyv
6GZK	2019-07-17	train	5.909	SELECTED	train	KEPT		A	/storage9920/home/tinghao.xia/Data_V1/train/6gzk
6GZR	2019-07-17	train	6.142	SELECTED	train	KEPT		A	/storage9920/home/tinghao.xia/Data_V1/train/6gzr
6H0R	2019-04-17	train	8.459	EXCLUDE_MULTI_RNA_CHAIN		EXCLUDE_MULTI_RNA_CHAIN	RNA_CHAIN_COUNT=2; required exactly 1		
6HAG	2019-01-09	train	3.465	SELECTED	train	KEPT		A	/storage9920/home/tinghao.xia/Data_V1/train/6hag
6HBT	2019-02-20	train	0.173	SELECTED	train	KEPT		A	/storage9920/home/tinghao.xia/Data_V1/train/6hbt
6HBX	2019-02-20	train	0.186	SELECTED	train	KEPT		A	/storage9920/home/tinghao.xia/Data_V1/train/6hbx
6HC5	2019-02-20	train	0.167	SELECTED	train	KEPT		A	/storage9920/home/tinghao.xia/Data_V1/train/6hc5
6HMI	2019-08-14	train	1.591	EXCLUDE_MULTI_RNA_CHAIN		EXCLUDE_MULTI_RNA_CHAIN	RNA_CHAIN_COUNT=2; required exactly 1		
6HMO	2019-08-14	train	2.888	EXCLUDE_MULTI_RNA_CHAIN		EXCLUDE_MULTI_RNA_CHAIN	RNA_CHAIN_COUNT=2; required exactly 1		
6HU6	2018-11-21	train	0.234	EXCLUDE_MULTI_RNA_CHAIN		EXCLUDE_MULTI_RNA_CHAIN	RNA_CHAIN_COUNT=4; required exactly 1		
6HYK	2019-04-24	train	4.013	SELECTED	train	KEPT		A	/storage9920/home/tinghao.xia/Data_V1/train/6hyk
6I1V	2019-11-20	train	0.866	EXCLUDE_MULTI_RNA_CHAIN		EXCLUDE_MULTI_RNA_CHAIN	RNA_CHAIN_COUNT=2; required exactly 1		
6I1W	2019-11-20	train	0.875	EXCLUDE_MULTI_RNA_CHAIN		EXCLUDE_MULTI_RNA_CHAIN	RNA_CHAIN_COUNT=2; required exactly 1		
6IA2	2019-03-27	train	0.449	EXCLUDE_MULTI_RNA_CHAIN		EXCLUDE_MULTI_RNA_CHAIN	RNA_CHAIN_COUNT=2; required exactly 1		
6IZP	2019-12-25	train	9.57	SELECTED	train	KEPT		A	/storage9920/home/tinghao.xia/Data_V1/train/6izp
6JBF	2020-01-29	train	15.655	EXCLUDE_MULTI_RNA_CHAIN		EXCLUDE_MULTI_RNA_CHAIN	RNA_CHAIN_COUNT=4; required exactly 1		
6JBG	2020-01-29	train	15.778	EXCLUDE_MULTI_RNA_CHAIN		EXCLUDE_MULTI_RNA_CHAIN	RNA_CHAIN_COUNT=4; required exactly 1		
6JJH	2020-02-26	train	1.674	SELECTED	train	KEPT		B	/storage9920/home/tinghao.xia/Data_V1/train/6jjh
6JJI	2020-02-26	train	1.386	SELECTED	train	KEPT		B	/storage9920/home/tinghao.xia/Data_V1/train/6jji
6JQ5	2019-06-12	train	20.707	EXCLUDE_MULTI_RNA_CHAIN		EXCLUDE_MULTI_RNA_CHAIN	RNA_CHAIN_COUNT=2; required exactly 1		
6JQ6	2019-06-12	train	14.293	SELECTED	train	KEPT		U	/storage9920/home/tinghao.xia/Data_V1/train/6jq6
6JXM	2019-08-21	train	4.592	SELECTED	train	KEPT		B	/storage9920/home/tinghao.xia/Data_V1/train/6jxm
6K84	2020-04-01	train	11.868	SELECTED	train	KEPT		A	/storage9920/home/tinghao.xia/Data_V1/train/6k84
6L0Y	2020-09-30	train	30.027	EXCLUDE_MULTI_RNA_CHAIN		EXCLUDE_MULTI_RNA_CHAIN	RNA_CHAIN_COUNT=2; required exactly 1		
6MCI	2018-10-31	train	6.822	SELECTED	train	KEPT		A	/storage9920/home/tinghao.xia/Data_V1/train/6mci
6MJ0	2019-01-09	train	32.584	EXCLUDE_MULTI_RNA_CHAIN		EXCLUDE_MULTI_RNA_CHAIN	RNA_CHAIN_COUNT=2; required exactly 1		
6MXQ	2020-05-06	train	16.583	EXCLUDE_TRAIN_RMSD_CUTOFF		EXCLUDE_TRAIN_RMSD_CUTOFF	strict rank-1 RMSD 16.583 A > 15 A	A	
6N2V	2019-10-02	train	38.549	EXCLUDE_MULTI_RNA_CHAIN		EXCLUDE_MULTI_RNA_CHAIN	RNA_CHAIN_COUNT=2; required exactly 1		
6N5K	2019-11-27	train	0.363	SELECTED	train	KEPT		A	/storage9920/home/tinghao.xia/Data_V1/train/6n5k
6N5N	2019-11-27	train	0.457	SELECTED	train	KEPT		A	/storage9920/home/tinghao.xia/Data_V1/train/6n5n
6N5O	2019-11-27	train	0.812	SELECTED	train	KEPT		A	/storage9920/home/tinghao.xia/Data_V1/train/6n5o
6N5P	2019-11-27	train	0.625	SELECTED	train	KEPT		A	/storage9920/home/tinghao.xia/Data_V1/train/6n5p
6N5Q	2019-11-27	train	0.497	SELECTED	train	KEPT		A	/storage9920/home/tinghao.xia/Data_V1/train/6n5q
6N5S	2019-11-27	train	0.475	SELECTED	train	KEPT		A	/storage9920/home/tinghao.xia/Data_V1/train/6n5s
6N5T	2019-11-27	train	0.344	SELECTED	train	KEPT		A	/storage9920/home/tinghao.xia/Data_V1/train/6n5t
6N8F	2019-02-13	train	3.535	EXCLUDE_MULTI_RNA_CHAIN		EXCLUDE_MULTI_RNA_CHAIN	RNA_CHAIN_COUNT=2; required exactly 1		
6N8H	2019-02-13	train	3.479	EXCLUDE_MULTI_RNA_CHAIN		EXCLUDE_MULTI_RNA_CHAIN	RNA_CHAIN_COUNT=2; required exactly 1		
6N8I	2019-02-13	train	3.002	EXCLUDE_MULTI_RNA_CHAIN		EXCLUDE_MULTI_RNA_CHAIN	RNA_CHAIN_COUNT=2; required exactly 1		
6NOA	2020-07-22	train	3.652	SELECTED	train	KEPT		A	/storage9920/home/tinghao.xia/Data_V1/train/6noa
6OD9	2019-07-17	train	23.465	EXCLUDE_MULTI_RNA_CHAIN		EXCLUDE_MULTI_RNA_CHAIN	RNA_CHAIN_COUNT=2; required exactly 1		
6OL3	2019-07-03	train	19.068	EXCLUDE_TRAIN_RMSD_CUTOFF		EXCLUDE_TRAIN_RMSD_CUTOFF	strict rank-1 RMSD 19.068 A > 15 A	C	
6OWL	2020-02-26	train	12.474	EXCLUDE_MULTI_RNA_CHAIN		EXCLUDE_MULTI_RNA_CHAIN	RNA_CHAIN_COUNT=3; required exactly 1		
6P2H	2019-10-23	train	0.239	SELECTED	train	KEPT		A	/storage9920/home/tinghao.xia/Data_V1/train/6p2h
6PK9	2020-07-01	train	3.575	SELECTED	train	KEPT		A	/storage9920/home/tinghao.xia/Data_V1/train/6pk9
6PMO	2019-11-20	train	2.9	EXCLUDE_MULTI_RNA_CHAIN		EXCLUDE_MULTI_RNA_CHAIN	RNA_CHAIN_COUNT=2; required exactly 1		
6POM	2019-11-20	train	3.222	EXCLUDE_MULTI_RNA_CHAIN		EXCLUDE_MULTI_RNA_CHAIN	RNA_CHAIN_COUNT=2; required exactly 1		
6PQ7	2019-07-31	train	0.311	SELECTED	train	KEPT		C	/storage9920/home/tinghao.xia/Data_V1/train/6pq7
6PRV	2020-01-08	train	24.278	EXCLUDE_MULTI_RNA_CHAIN		EXCLUDE_MULTI_RNA_CHAIN	RNA_CHAIN_COUNT=4; required exactly 1		
6Q57	2019-12-18	train	0.584	SELECTED	train	KEPT		A	/storage9920/home/tinghao.xia/Data_V1/train/6q57
6Q8V	2019-07-03	train	1.721	SELECTED	train	KEPT		A	/storage9920/home/tinghao.xia/Data_V1/train/6q8v
6QIQ	2019-09-25	train	0.711	EXCLUDE_MULTI_RNA_CHAIN		EXCLUDE_MULTI_RNA_CHAIN	RNA_CHAIN_COUNT=2; required exactly 1		
6QIR	2019-09-25	train	11.708	EXCLUDE_MULTI_RNA_CHAIN		EXCLUDE_MULTI_RNA_CHAIN	RNA_CHAIN_COUNT=4; required exactly 1		
6QIS	2019-09-25	train	21.32	EXCLUDE_MULTI_RNA_CHAIN		EXCLUDE_MULTI_RNA_CHAIN	RNA_CHAIN_COUNT=8; required exactly 1		
6QIT	2019-09-25	train	12.284	EXCLUDE_MULTI_RNA_CHAIN		EXCLUDE_MULTI_RNA_CHAIN	RNA_CHAIN_COUNT=4; required exactly 1		
6QIV	2019-09-25	train	4.727	SELECTED	train	KEPT		A	/storage9920/home/tinghao.xia/Data_V1/train/6qiv
6QN3	2019-06-12	train	1.05	EXCLUDE_MULTI_RNA_CHAIN		EXCLUDE_MULTI_RNA_CHAIN	RNA_CHAIN_COUNT=2; required exactly 1		
6QYZ	2019-06-12	train	3.648	EXCLUDE_MULTI_RNA_CHAIN		EXCLUDE_MULTI_RNA_CHAIN	RNA_CHAIN_COUNT=5; required exactly 1		
6R47	2019-07-03	train	0.259	EXCLUDE_MULTI_RNA_CHAIN		EXCLUDE_MULTI_RNA_CHAIN	RNA_CHAIN_COUNT=2; required exactly 1		
6SVS	2020-01-01	train	27.802	EXCLUDE_MULTI_RNA_CHAIN		EXCLUDE_MULTI_RNA_CHAIN	RNA_CHAIN_COUNT=2; required exactly 1		
6T3K	2020-05-13	train	0.854	EXCLUDE_MULTI_RNA_CHAIN		EXCLUDE_MULTI_RNA_CHAIN	RNA_CHAIN_COUNT=2; required exactly 1		
6T3N	2020-05-13	train	1.159	SELECTED	train	KEPT		A	/storage9920/home/tinghao.xia/Data_V1/train/6t3n
6T3R	2020-05-13	train	0.76	EXCLUDE_MULTI_RNA_CHAIN		EXCLUDE_MULTI_RNA_CHAIN	RNA_CHAIN_COUNT=2; required exactly 1		
6T3S	2020-05-13	train	1.086	SELECTED	train	KEPT		A	/storage9920/home/tinghao.xia/Data_V1/train/6t3s
6TB7	2020-09-30	train	0.273	SELECTED	train	KEPT		A	/storage9920/home/tinghao.xia/Data_V1/train/6tb7
6TF0	2020-09-23	train	0.421	SELECTED	train	KEPT		A	/storage9920/home/tinghao.xia/Data_V1/train/6tf0
6TF1	2020-09-23	train	0.254	SELECTED	train	KEPT		A	/storage9920/home/tinghao.xia/Data_V1/train/6tf1
6TF2	2020-09-23	train	0.248	SELECTED	train	KEPT		A	/storage9920/home/tinghao.xia/Data_V1/train/6tf2
6TF3	2020-09-23	train	0.372	SELECTED	train	KEPT		A	/storage9920/home/tinghao.xia/Data_V1/train/6tf3
6TFE	2020-09-23	train	0.193	SELECTED	train	KEPT		A	/storage9920/home/tinghao.xia/Data_V1/train/6tfe
6TFF	2020-09-23	train	0.303	SELECTED	train	KEPT		A	/storage9920/home/tinghao.xia/Data_V1/train/6tff
6TFG	2020-09-23	train	0.236	SELECTED	train	KEPT		A	/storage9920/home/tinghao.xia/Data_V1/train/6tfg
6TFH	2020-09-23	train	0.402	SELECTED	train	KEPT		A	/storage9920/home/tinghao.xia/Data_V1/train/6tfh
6TNA	1979-01-16	train	1.709	SELECTED	train	KEPT		A	/storage9920/home/tinghao.xia/Data_V1/train/6tna
6U6J	2019-11-20	train	0.313	EXCLUDE_MULTI_RNA_CHAIN		EXCLUDE_MULTI_RNA_CHAIN	RNA_CHAIN_COUNT=2; required exactly 1		
6U79	2020-08-26	train	5.241	SELECTED	train	KEPT		A	/storage9920/home/tinghao.xia/Data_V1/train/6u79
6U7Y	2020-12-09	train	0.216	EXCLUDE_MULTI_RNA_CHAIN		EXCLUDE_MULTI_RNA_CHAIN	RNA_CHAIN_COUNT=2; required exactly 1		
6U7Z	2020-12-09	train	0.31	EXCLUDE_MULTI_RNA_CHAIN		EXCLUDE_MULTI_RNA_CHAIN	RNA_CHAIN_COUNT=2; required exactly 1		
6U89	2020-12-09	train	0.367	EXCLUDE_MULTI_RNA_CHAIN		EXCLUDE_MULTI_RNA_CHAIN	RNA_CHAIN_COUNT=2; required exactly 1		
6U8F	2020-12-09	train	0.192	EXCLUDE_MULTI_RNA_CHAIN		EXCLUDE_MULTI_RNA_CHAIN	RNA_CHAIN_COUNT=2; required exactly 1		
6U8U	2020-12-09	train	0.573	EXCLUDE_MULTI_RNA_CHAIN		EXCLUDE_MULTI_RNA_CHAIN	RNA_CHAIN_COUNT=2; required exactly 1		
6UBU	2020-07-22	train	0.355	SELECTED	train	KEPT		B	/storage9920/home/tinghao.xia/Data_V1/train/6ubu
6UC7	2020-07-22	train	0.615	SELECTED	train	KEPT		B	/storage9920/home/tinghao.xia/Data_V1/train/6uc7
6UC8	2020-07-22	train	0.332	SELECTED	train	KEPT		B	/storage9920/home/tinghao.xia/Data_V1/train/6uc8
6UC9	2020-07-22	train	0.265	SELECTED	train	KEPT		B	/storage9920/home/tinghao.xia/Data_V1/train/6uc9
6UES	2019-12-18	train	2.536	SELECTED	train	KEPT		A	/storage9920/home/tinghao.xia/Data_V1/train/6ues
6UET	2019-12-18	train	1.559	SELECTED	train	KEPT		A	/storage9920/home/tinghao.xia/Data_V1/train/6uet
6UEY	2019-12-18	train	22.499	EXCLUDE_MULTI_RNA_CHAIN		EXCLUDE_MULTI_RNA_CHAIN	RNA_CHAIN_COUNT=4; required exactly 1		
6UF1	2019-12-18	train	18.196	EXCLUDE_MULTI_RNA_CHAIN		EXCLUDE_MULTI_RNA_CHAIN	RNA_CHAIN_COUNT=4; required exactly 1		
6UFG	2019-11-20	train	3.763	EXCLUDE_MULTI_RNA_CHAIN		EXCLUDE_MULTI_RNA_CHAIN	RNA_CHAIN_COUNT=2; required exactly 1		
6UFH	2019-11-20	train	3.05	EXCLUDE_MULTI_RNA_CHAIN		EXCLUDE_MULTI_RNA_CHAIN	RNA_CHAIN_COUNT=2; required exactly 1		
6UFJ	2019-12-18	train	18.164	EXCLUDE_MULTI_RNA_CHAIN		EXCLUDE_MULTI_RNA_CHAIN	RNA_CHAIN_COUNT=6; required exactly 1		
6UFK	2019-12-18	train	18.216	EXCLUDE_MULTI_RNA_CHAIN		EXCLUDE_MULTI_RNA_CHAIN	RNA_CHAIN_COUNT=6; required exactly 1		
6UFM	2019-12-04	train	1.182	EXCLUDE_MULTI_RNA_CHAIN		EXCLUDE_MULTI_RNA_CHAIN	RNA_CHAIN_COUNT=2; required exactly 1		
6UGG	2020-01-01	train	15.42	EXCLUDE_MULTI_RNA_CHAIN		EXCLUDE_MULTI_RNA_CHAIN	RNA_CHAIN_COUNT=2; required exactly 1		
6UGI	2020-01-01	train	0.298	SELECTED	train	KEPT		A	/storage9920/home/tinghao.xia/Data_V1/train/6ugi
6UGJ	2020-01-01	train	0.963	SELECTED	train	KEPT		A	/storage9920/home/tinghao.xia/Data_V1/train/6ugj
6UP0	2020-10-21	train	18.076	EXCLUDE_MULTI_RNA_CHAIN		EXCLUDE_MULTI_RNA_CHAIN	RNA_CHAIN_COUNT=2; required exactly 1		
6V9B	2020-05-20	train	1.004	EXCLUDE_MULTI_RNA_CHAIN		EXCLUDE_MULTI_RNA_CHAIN	RNA_CHAIN_COUNT=2; required exactly 1		
6V9D	2020-05-20	train	0.959	EXCLUDE_MULTI_RNA_CHAIN		EXCLUDE_MULTI_RNA_CHAIN	RNA_CHAIN_COUNT=2; required exactly 1		
6VA1	2020-05-20	train	2.909	EXCLUDE_MULTI_RNA_CHAIN		EXCLUDE_MULTI_RNA_CHAIN	RNA_CHAIN_COUNT=2; required exactly 1		
6VA2	2020-05-20	train	4.584	EXCLUDE_MULTI_RNA_CHAIN		EXCLUDE_MULTI_RNA_CHAIN	RNA_CHAIN_COUNT=2; required exactly 1		
6VA3	2020-05-20	train	2.812	EXCLUDE_MULTI_RNA_CHAIN		EXCLUDE_MULTI_RNA_CHAIN	RNA_CHAIN_COUNT=2; required exactly 1		
6VA4	2020-05-20	train	1.186	EXCLUDE_MULTI_RNA_CHAIN		EXCLUDE_MULTI_RNA_CHAIN	RNA_CHAIN_COUNT=2; required exactly 1		
6VAR	2020-12-30	train	16.402	EXCLUDE_TRAIN_RMSD_CUTOFF		EXCLUDE_TRAIN_RMSD_CUTOFF	strict rank-1 RMSD 16.402 A > 15 A	A	
6VEM	2020-11-18	train	0.146	EXCLUDE_MULTI_RNA_CHAIN		EXCLUDE_MULTI_RNA_CHAIN	RNA_CHAIN_COUNT=2; required exactly 1		
6VMY	2020-06-10	train	2.083	SELECTED	train	KEPT		A	/storage9920/home/tinghao.xia/Data_V1/train/6vmy
6VU1	2020-04-29	train	2.252	SELECTED	train	KEPT		A	/storage9920/home/tinghao.xia/Data_V1/train/6vu1
6VUH	2020-06-24	train	1.572	SELECTED	train	KEPT		A	/storage9920/home/tinghao.xia/Data_V1/train/6vuh
6VUI	2020-06-24	train	0.795	SELECTED	train	KEPT		A	/storage9920/home/tinghao.xia/Data_V1/train/6vui
6VVJ	2020-04-29	train	10.71	SELECTED	train	KEPT		A	/storage9920/home/tinghao.xia/Data_V1/train/6vvj
6VWT	2020-11-11	train	30.042	EXCLUDE_MULTI_RNA_CHAIN		EXCLUDE_MULTI_RNA_CHAIN	RNA_CHAIN_COUNT=2; required exactly 1		
6VWV	2020-11-11	train	31.975	EXCLUDE_MULTI_RNA_CHAIN		EXCLUDE_MULTI_RNA_CHAIN	RNA_CHAIN_COUNT=2; required exactly 1		
6VZC	2020-09-02	train	2.074	SELECTED	train	KEPT		A	/storage9920/home/tinghao.xia/Data_V1/train/6vzc
6W3M	2020-09-23	train	2.564	SELECTED	train	KEPT		A	/storage9920/home/tinghao.xia/Data_V1/train/6w3m
6WJR	2020-09-02	train	2.753	SELECTED	train	KEPT		X	/storage9920/home/tinghao.xia/Data_V1/train/6wjr
6WJS	2020-09-02	train	2.653	SELECTED	train	KEPT		X	/storage9920/home/tinghao.xia/Data_V1/train/6wjs
6WLJ	2020-07-08	train	9.826	SELECTED	train	KEPT		A	/storage9920/home/tinghao.xia/Data_V1/train/6wlj
6WLK	2020-07-08	train	9.896	SELECTED	train	KEPT		A	/storage9920/home/tinghao.xia/Data_V1/train/6wlk
6WLL	2020-07-08	train	3.794	SELECTED	train	KEPT		A	/storage9920/home/tinghao.xia/Data_V1/train/6wll
6WLM	2020-07-08	train	2.712	SELECTED	train	KEPT		A	/storage9920/home/tinghao.xia/Data_V1/train/6wlm
6WLN	2020-07-08	train	41.359	EXCLUDE_TRAIN_RMSD_CUTOFF		EXCLUDE_TRAIN_RMSD_CUTOFF	strict rank-1 RMSD 41.359 A > 15 A	A	
6WLO	2020-07-08	train	38.911	EXCLUDE_TRAIN_RMSD_CUTOFF		EXCLUDE_TRAIN_RMSD_CUTOFF	strict rank-1 RMSD 38.911 A > 15 A	A	
6WLQ	2020-07-08	train	3.782	SELECTED	train	KEPT		A	/storage9920/home/tinghao.xia/Data_V1/train/6wlq
6WLR	2020-07-08	train	2.531	SELECTED	train	KEPT		A	/storage9920/home/tinghao.xia/Data_V1/train/6wlr
6WLS	2020-07-08	train	4.579	SELECTED	train	KEPT		A	/storage9920/home/tinghao.xia/Data_V1/train/6wls
6WLT	2020-07-08	train	6.629	SELECTED	train	KEPT		A	/storage9920/home/tinghao.xia/Data_V1/train/6wlt
6WLU	2020-07-08	train	7.118	SELECTED	train	KEPT		A	/storage9920/home/tinghao.xia/Data_V1/train/6wlu
6WTL	2021-05-05	train	0.369	SELECTED	train	KEPT		A	/storage9920/home/tinghao.xia/Data_V1/train/6wtl
6WTR	2021-05-05	train	0.526	SELECTED	train	KEPT		A	/storage9920/home/tinghao.xia/Data_V1/train/6wtr
6WY2	2020-09-02	train	11.408	EXCLUDE_MULTI_RNA_CHAIN		EXCLUDE_MULTI_RNA_CHAIN	RNA_CHAIN_COUNT=5; required exactly 1		
6WY3	2020-09-02	train	3.132	EXCLUDE_MULTI_RNA_CHAIN		EXCLUDE_MULTI_RNA_CHAIN	RNA_CHAIN_COUNT=4; required exactly 1		
6WZR	2021-03-24	train	22.6	EXCLUDE_MULTI_RNA_CHAIN		EXCLUDE_MULTI_RNA_CHAIN	RNA_CHAIN_COUNT=2; required exactly 1		
6WZS	2021-03-24	train	21.664	EXCLUDE_MULTI_RNA_CHAIN		EXCLUDE_MULTI_RNA_CHAIN	RNA_CHAIN_COUNT=2; required exactly 1		
6XB7	2020-09-02	train	14.714	SELECTED	train	KEPT		A	/storage9920/home/tinghao.xia/Data_V1/train/6xb7
6XKN	2021-12-29	val	10.873	SELECTED	val	KEPT		A	/storage9920/home/tinghao.xia/Data_V1/val/6xkn
6XKO	2021-12-29	val	6.295	SELECTED	val	KEPT		A	/storage9920/home/tinghao.xia/Data_V1/val/6xko
6XRQ	2021-07-28	train	0.814	EXCLUDE_MULTI_RNA_CHAIN		EXCLUDE_MULTI_RNA_CHAIN	RNA_CHAIN_COUNT=2; required exactly 1		
6XRZ	2020-08-19	train	14.511	SELECTED	train	KEPT		A	/storage9920/home/tinghao.xia/Data_V1/train/6xrz
6XUR	2020-02-19	train	9.002	SELECTED	train	KEPT		A	/storage9920/home/tinghao.xia/Data_V1/train/6xur
6XUS	2021-02-03	train	9.3	SELECTED	train	KEPT		A	/storage9920/home/tinghao.xia/Data_V1/train/6xus
6XWJ	2020-05-27	train	1.613	SELECTED	train	KEPT		A	/storage9920/home/tinghao.xia/Data_V1/train/6xwj
6XWW	2020-05-27	train	1.711	SELECTED	train	KEPT		A	/storage9920/home/tinghao.xia/Data_V1/train/6xww
6XXA	2020-05-27	train	4.652	SELECTED	train	KEPT		A	/storage9920/home/tinghao.xia/Data_V1/train/6xxa
6XXB	2020-05-27	train	2.135	SELECTED	train	KEPT		A	/storage9920/home/tinghao.xia/Data_V1/train/6xxb
6Y0T	2021-02-17	train	9.066	EXCLUDE_MULTI_RNA_CHAIN		EXCLUDE_MULTI_RNA_CHAIN	RNA_CHAIN_COUNT=2; required exactly 1		
6Y0Y	2021-02-17	train	0.559	SELECTED	train	KEPT		A	/storage9920/home/tinghao.xia/Data_V1/train/6y0y
6Y3G	2020-12-30	train	1.099	SELECTED	train	KEPT		F	/storage9920/home/tinghao.xia/Data_V1/train/6y3g
6YL5	2020-07-22	train	15.273	EXCLUDE_MULTI_RNA_CHAIN		EXCLUDE_MULTI_RNA_CHAIN	RNA_CHAIN_COUNT=12; required exactly 1		
6YLB	2020-07-22	train	22.969	EXCLUDE_MULTI_RNA_CHAIN		EXCLUDE_MULTI_RNA_CHAIN	RNA_CHAIN_COUNT=12; required exactly 1		
6YMC	2022-04-20	val	23.607	EXCLUDE_MULTI_RNA_CHAIN		EXCLUDE_MULTI_RNA_CHAIN	RNA_CHAIN_COUNT=2; required exactly 1		
6YMI	2020-07-22	train	29.484	EXCLUDE_MULTI_RNA_CHAIN		EXCLUDE_MULTI_RNA_CHAIN	RNA_CHAIN_COUNT=12; required exactly 1		
6YMJ	2020-07-22	train	28.143	EXCLUDE_MULTI_RNA_CHAIN		EXCLUDE_MULTI_RNA_CHAIN	RNA_CHAIN_COUNT=12; required exactly 1		
6YMK	2020-07-22	train	28.137	EXCLUDE_MULTI_RNA_CHAIN		EXCLUDE_MULTI_RNA_CHAIN	RNA_CHAIN_COUNT=12; required exactly 1		
6YML	2020-07-22	train	16.69	EXCLUDE_MULTI_RNA_CHAIN		EXCLUDE_MULTI_RNA_CHAIN	RNA_CHAIN_COUNT=4; required exactly 1		
6YMM	2020-07-22	train	17.192	EXCLUDE_MULTI_RNA_CHAIN		EXCLUDE_MULTI_RNA_CHAIN	RNA_CHAIN_COUNT=4; required exactly 1		
6Z18	2020-09-02	train	1.01	EXCLUDE_MULTI_RNA_CHAIN		EXCLUDE_MULTI_RNA_CHAIN	RNA_CHAIN_COUNT=2; required exactly 1		
6ZPF	2021-05-26	train	6.163	EXCLUDE_MULTI_RNA_CHAIN		EXCLUDE_MULTI_RNA_CHAIN	RNA_CHAIN_COUNT=4; required exactly 1		
6ZQ9	2021-05-26	train	6.148	EXCLUDE_MULTI_RNA_CHAIN		EXCLUDE_MULTI_RNA_CHAIN	RNA_CHAIN_COUNT=4; required exactly 1		
6ZR1	2021-05-26	train	6.126	EXCLUDE_MULTI_RNA_CHAIN		EXCLUDE_MULTI_RNA_CHAIN	RNA_CHAIN_COUNT=4; required exactly 1		
6ZRL	2021-05-26	train	5.747	EXCLUDE_MULTI_RNA_CHAIN		EXCLUDE_MULTI_RNA_CHAIN	RNA_CHAIN_COUNT=4; required exactly 1		
6ZRS	2021-05-26	train	6.138	EXCLUDE_MULTI_RNA_CHAIN		EXCLUDE_MULTI_RNA_CHAIN	RNA_CHAIN_COUNT=4; required exactly 1		
6ZW3	2021-05-26	train	5.748	EXCLUDE_MULTI_RNA_CHAIN		EXCLUDE_MULTI_RNA_CHAIN	RNA_CHAIN_COUNT=4; required exactly 1		
6ZWU	2021-05-26	train	5.763	EXCLUDE_MULTI_RNA_CHAIN		EXCLUDE_MULTI_RNA_CHAIN	RNA_CHAIN_COUNT=4; required exactly 1		
6ZX5	2021-05-26	train	6.147	EXCLUDE_MULTI_RNA_CHAIN		EXCLUDE_MULTI_RNA_CHAIN	RNA_CHAIN_COUNT=4; required exactly 1		
6ZX8	2021-05-26	train	6.149	EXCLUDE_MULTI_RNA_CHAIN		EXCLUDE_MULTI_RNA_CHAIN	RNA_CHAIN_COUNT=4; required exactly 1		
6ZXZ	2020-12-16	train	15.091	EXCLUDE_MULTI_RNA_CHAIN		EXCLUDE_MULTI_RNA_CHAIN	RNA_CHAIN_COUNT=3; required exactly 1		
6ZYB	2020-12-16	train	0.291	SELECTED	train	KEPT		A	/storage9920/home/tinghao.xia/Data_V1/train/6zyb
7A3Y	2021-03-10	train	4.681	EXCLUDE_MULTI_RNA_CHAIN		EXCLUDE_MULTI_RNA_CHAIN	RNA_CHAIN_COUNT=2; required exactly 1		
7A9L	2021-05-26	train	5.778	EXCLUDE_MULTI_RNA_CHAIN		EXCLUDE_MULTI_RNA_CHAIN	RNA_CHAIN_COUNT=4; required exactly 1		
7A9N	2021-05-26	train	6.152	EXCLUDE_MULTI_RNA_CHAIN		EXCLUDE_MULTI_RNA_CHAIN	RNA_CHAIN_COUNT=4; required exactly 1		
7A9O	2021-05-26	train	6.138	EXCLUDE_MULTI_RNA_CHAIN		EXCLUDE_MULTI_RNA_CHAIN	RNA_CHAIN_COUNT=4; required exactly 1		
7A9P	2021-05-26	train	5.73	EXCLUDE_MULTI_RNA_CHAIN		EXCLUDE_MULTI_RNA_CHAIN	RNA_CHAIN_COUNT=4; required exactly 1		
7A9Q	2021-05-26	train	6.183	EXCLUDE_MULTI_RNA_CHAIN		EXCLUDE_MULTI_RNA_CHAIN	RNA_CHAIN_COUNT=4; required exactly 1		
7A9R	2021-05-26	train	5.743	EXCLUDE_MULTI_RNA_CHAIN		EXCLUDE_MULTI_RNA_CHAIN	RNA_CHAIN_COUNT=4; required exactly 1		
7A9S	2021-05-26	train	6.157	EXCLUDE_MULTI_RNA_CHAIN		EXCLUDE_MULTI_RNA_CHAIN	RNA_CHAIN_COUNT=4; required exactly 1		
7A9T	2021-05-26	train	6.13	EXCLUDE_MULTI_RNA_CHAIN		EXCLUDE_MULTI_RNA_CHAIN	RNA_CHAIN_COUNT=4; required exactly 1		
7D12	2021-05-12	train	3.99	SELECTED	train	KEPT		A	/storage9920/home/tinghao.xia/Data_V1/train/7d12
7D7W	2020-11-25	train	0.277	SELECTED	train	KEPT		A	/storage9920/home/tinghao.xia/Data_V1/train/7d7w
7D7X	2020-11-25	train	0.213	SELECTED	train	KEPT		A	/storage9920/home/tinghao.xia/Data_V1/train/7d7x
7D7Y	2020-11-25	train	0.29	SELECTED	train	KEPT		A	/storage9920/home/tinghao.xia/Data_V1/train/7d7y
7D7Z	2020-11-25	train	0.309	SELECTED	train	KEPT		A	/storage9920/home/tinghao.xia/Data_V1/train/7d7z
7D81	2020-11-25	train	1.413	SELECTED	train	KEPT		A	/storage9920/home/tinghao.xia/Data_V1/train/7d81
7D82	2020-11-25	train	1.401	SELECTED	train	KEPT		A	/storage9920/home/tinghao.xia/Data_V1/train/7d82
7DD4	2021-06-09	train	4.526	SELECTED	train	KEPT		A	/storage9920/home/tinghao.xia/Data_V1/train/7dd4
7E9E	2021-11-17	val	1.15	SELECTED	val	KEPT		A	/storage9920/home/tinghao.xia/Data_V1/val/7e9e
7E9I	2021-11-17	val	0.308	SELECTED	val	KEPT		A	/storage9920/home/tinghao.xia/Data_V1/val/7e9i
7EAF	2021-06-02	train	0.592	SELECTED	train	KEPT		A	/storage9920/home/tinghao.xia/Data_V1/train/7eaf
7EAG	2021-06-02	train		EXCLUDE_MULTI_RNA_CHAIN		EXCLUDE_MULTI_RNA_CHAIN	RNA_CHAIN_COUNT=6; required exactly 1		
7ECJ	2022-03-16	val	16.988	EXCLUDE_MULTI_RNA_CHAIN		EXCLUDE_MULTI_RNA_CHAIN	RNA_CHAIN_COUNT=3; required exactly 1		
7ECK	2022-03-16	val	17.319	EXCLUDE_MULTI_RNA_CHAIN		EXCLUDE_MULTI_RNA_CHAIN	RNA_CHAIN_COUNT=12; required exactly 1		
7ECL	2022-03-16	val	22.238	EXCLUDE_MULTI_RNA_CHAIN		EXCLUDE_MULTI_RNA_CHAIN	RNA_CHAIN_COUNT=12; required exactly 1		
7ECM	2022-03-16	val	14.649	EXCLUDE_MULTI_RNA_CHAIN		EXCLUDE_MULTI_RNA_CHAIN	RNA_CHAIN_COUNT=4; required exactly 1		
7ECN	2022-03-16	val	3.363	EXCLUDE_MULTI_RNA_CHAIN		EXCLUDE_MULTI_RNA_CHAIN	RNA_CHAIN_COUNT=4; required exactly 1		
7ECO	2022-03-16	val	20.623	EXCLUDE_MULTI_RNA_CHAIN		EXCLUDE_MULTI_RNA_CHAIN	RNA_CHAIN_COUNT=6; required exactly 1		
7ECP	2022-03-16	val	13.98	EXCLUDE_MULTI_RNA_CHAIN		EXCLUDE_MULTI_RNA_CHAIN	RNA_CHAIN_COUNT=4; required exactly 1		
7EDL	2022-03-16	val	0.778	EXCLUDE_MULTI_RNA_CHAIN		EXCLUDE_MULTI_RNA_CHAIN	RNA_CHAIN_COUNT=2; required exactly 1		
7EDM	2022-03-16	val	1.04	EXCLUDE_MULTI_RNA_CHAIN		EXCLUDE_MULTI_RNA_CHAIN	RNA_CHAIN_COUNT=2; required exactly 1		
7EDN	2022-03-16	val	18.857	SELECTED	val	KEPT		A	/storage9920/home/tinghao.xia/Data_V1/val/7edn
7EDT	2022-03-23	val	1.917	EXCLUDE_MULTI_RNA_CHAIN		EXCLUDE_MULTI_RNA_CHAIN	RNA_CHAIN_COUNT=2; required exactly 1		
7EDU	2022-03-23	val	14.996	EXCLUDE_MULTI_RNA_CHAIN		EXCLUDE_MULTI_RNA_CHAIN	RNA_CHAIN_COUNT=4; required exactly 1		
7EEM	2022-03-23	val	0.719	SELECTED	val	KEPT		A	/storage9920/home/tinghao.xia/Data_V1/val/7eem
7EFG	2022-04-13	val	10.999	SELECTED	val	KEPT		A	/storage9920/home/tinghao.xia/Data_V1/val/7efg
7EFH	2022-03-23	val	10.274	SELECTED	val	KEPT		A	/storage9920/home/tinghao.xia/Data_V1/val/7efh
7EI7	2022-03-30	val	1.85	EXCLUDE_MULTI_RNA_CHAIN		EXCLUDE_MULTI_RNA_CHAIN	RNA_CHAIN_COUNT=2; required exactly 1		
7EI8	2022-03-30	val	2.094	EXCLUDE_MULTI_RNA_CHAIN		EXCLUDE_MULTI_RNA_CHAIN	RNA_CHAIN_COUNT=4; required exactly 1		
7EI9	2022-03-30	val	1.155	EXCLUDE_MULTI_RNA_CHAIN		EXCLUDE_MULTI_RNA_CHAIN	RNA_CHAIN_COUNT=2; required exactly 1		
7EIA	2022-03-30	val	22.964	EXCLUDE_MULTI_RNA_CHAIN		EXCLUDE_MULTI_RNA_CHAIN	RNA_CHAIN_COUNT=8; required exactly 1		
7ELP	2021-06-30	train	34.509	EXCLUDE_MULTI_RNA_CHAIN		EXCLUDE_MULTI_RNA_CHAIN	RNA_CHAIN_COUNT=2; required exactly 1		
7ELQ	2021-06-30	train	34.718	EXCLUDE_MULTI_RNA_CHAIN		EXCLUDE_MULTI_RNA_CHAIN	RNA_CHAIN_COUNT=2; required exactly 1		
7ELR	2021-06-30	train	34.662	EXCLUDE_MULTI_RNA_CHAIN		EXCLUDE_MULTI_RNA_CHAIN	RNA_CHAIN_COUNT=2; required exactly 1		
7ELS	2021-06-30	train	34.642	EXCLUDE_MULTI_RNA_CHAIN		EXCLUDE_MULTI_RNA_CHAIN	RNA_CHAIN_COUNT=2; required exactly 1		
7EOG	2021-11-24	val	8.635	SELECTED	val	KEPT		A	/storage9920/home/tinghao.xia/Data_V1/val/7eog
7EOH	2021-11-24	val	8.483	SELECTED	val	KEPT		A	/storage9920/home/tinghao.xia/Data_V1/val/7eoh
7EOI	2021-11-24	val	7.038	SELECTED	val	KEPT		A	/storage9920/home/tinghao.xia/Data_V1/val/7eoi
7EOJ	2021-11-24	val	7.338	SELECTED	val	KEPT		A	/storage9920/home/tinghao.xia/Data_V1/val/7eoj
7EOK	2021-11-24	val	8.501	SELECTED	val	KEPT		A	/storage9920/home/tinghao.xia/Data_V1/val/7eok
7EOL	2021-11-24	val	8.516	SELECTED	val	KEPT		A	/storage9920/home/tinghao.xia/Data_V1/val/7eol
7EOM	2021-11-24	val	8.111	SELECTED	val	KEPT		A	/storage9920/home/tinghao.xia/Data_V1/val/7eom
7EON	2021-11-24	val	8.512	SELECTED	val	KEPT		A	/storage9920/home/tinghao.xia/Data_V1/val/7eon
7EOO	2021-11-24	val	8.457	SELECTED	val	KEPT		A	/storage9920/home/tinghao.xia/Data_V1/val/7eoo
7EOP	2021-11-24	val	8.941	SELECTED	val	KEPT		A	/storage9920/home/tinghao.xia/Data_V1/val/7eop
7EQJ	2022-01-19	val	21.888	EXCLUDE_MULTI_RNA_CHAIN		EXCLUDE_MULTI_RNA_CHAIN	RNA_CHAIN_COUNT=2; required exactly 1		
7EXY	2022-03-02	val	4.233	SELECTED	val	KEPT		A	/storage9920/home/tinghao.xia/Data_V1/val/7exy
7EZ0	2021-08-25	train	2.959	SELECTED	train	KEPT		N	/storage9920/home/tinghao.xia/Data_V1/train/7ez0
7EZ2	2021-08-25	train		EXCLUDE_MULTI_RNA_CHAIN		EXCLUDE_MULTI_RNA_CHAIN	RNA_CHAIN_COUNT=3; required exactly 1		
7F8Z	2022-07-06	val	20.063	EXCLUDE_MULTI_RNA_CHAIN		EXCLUDE_MULTI_RNA_CHAIN	RNA_CHAIN_COUNT=10; required exactly 1		
7FHI	2021-12-01	val	2.745	SELECTED	val	KEPT		A	/storage9920/home/tinghao.xia/Data_V1/val/7fhi
7FJ0	2021-12-01	val	4.317	SELECTED	val	KEPT		A	/storage9920/home/tinghao.xia/Data_V1/val/7fj0
7JJD	2020-12-23	train	0.395	SELECTED	train	KEPT		A	/storage9920/home/tinghao.xia/Data_V1/train/7jjd
7JJE	2020-12-23	train	0.388	SELECTED	train	KEPT		A	/storage9920/home/tinghao.xia/Data_V1/train/7jje
7JJF	2020-12-23	train	0.448	SELECTED	train	KEPT		A	/storage9920/home/tinghao.xia/Data_V1/train/7jjf
7JJU	2020-09-09	train	0.314	EXCLUDE_MULTI_RNA_CHAIN		EXCLUDE_MULTI_RNA_CHAIN	RNA_CHAIN_COUNT=2; required exactly 1		
7JNH	2021-01-20	train	8.149	EXCLUDE_MULTI_RNA_CHAIN		EXCLUDE_MULTI_RNA_CHAIN	RNA_CHAIN_COUNT=2; required exactly 1		
7JRR	2021-09-08	train	11.288	SELECTED	train	KEPT		A	/storage9920/home/tinghao.xia/Data_V1/train/7jrr
7JRS	2021-09-08	train	3.828	EXCLUDE_MULTI_RNA_CHAIN		EXCLUDE_MULTI_RNA_CHAIN	RNA_CHAIN_COUNT=2; required exactly 1		
7JRT	2021-09-08	train	4.179	EXCLUDE_MULTI_RNA_CHAIN		EXCLUDE_MULTI_RNA_CHAIN	RNA_CHAIN_COUNT=2; required exactly 1		
7JU1	2020-10-07	train	3.653	SELECTED	train	KEPT		X	/storage9920/home/tinghao.xia/Data_V1/train/7ju1
7K16	2020-10-14	train	1.181	SELECTED	train	KEPT		P	/storage9920/home/tinghao.xia/Data_V1/train/7k16
7K4L	2021-09-29	train	6.818	SELECTED	train	KEPT		A	/storage9920/home/tinghao.xia/Data_V1/train/7k4l
7KD1	2021-03-03	train	3.554	SELECTED	train	KEPT		A	/storage9920/home/tinghao.xia/Data_V1/train/7kd1
7KGA	2021-06-23	train	32.179	EXCLUDE_MULTI_RNA_CHAIN		EXCLUDE_MULTI_RNA_CHAIN	RNA_CHAIN_COUNT=2; required exactly 1		
7KJU	2020-12-02	train	0.984	SELECTED	train	KEPT		A	/storage9920/home/tinghao.xia/Data_V1/train/7kju
7KUB	2022-06-01	val	18.447	SELECTED	val	KEPT		A	/storage9920/home/tinghao.xia/Data_V1/val/7kub
7KUC	2022-06-01	val	2.177	SELECTED	val	KEPT		A	/storage9920/home/tinghao.xia/Data_V1/val/7kuc
7KUD	2022-06-01	val	0.96	SELECTED	val	KEPT		A	/storage9920/home/tinghao.xia/Data_V1/val/7kud
7KUK	2021-09-08	train	0.261	EXCLUDE_MULTI_RNA_CHAIN		EXCLUDE_MULTI_RNA_CHAIN	RNA_CHAIN_COUNT=2; required exactly 1		
7KUM	2021-09-08	train	0.311	EXCLUDE_MULTI_RNA_CHAIN		EXCLUDE_MULTI_RNA_CHAIN	RNA_CHAIN_COUNT=2; required exactly 1		
7KUN	2021-09-08	train	0.217	EXCLUDE_MULTI_RNA_CHAIN		EXCLUDE_MULTI_RNA_CHAIN	RNA_CHAIN_COUNT=2; required exactly 1		
7KUO	2021-09-08	train	0.653	EXCLUDE_MULTI_RNA_CHAIN		EXCLUDE_MULTI_RNA_CHAIN	RNA_CHAIN_COUNT=2; required exactly 1		
7KUP	2021-09-08	train	0.208	EXCLUDE_MULTI_RNA_CHAIN		EXCLUDE_MULTI_RNA_CHAIN	RNA_CHAIN_COUNT=2; required exactly 1		
7KVT	2022-01-19	val	18.383	SELECTED	val	KEPT		B	/storage9920/home/tinghao.xia/Data_V1/val/7kvt
7KVU	2022-01-19	val	10.54	SELECTED	val	KEPT		G	/storage9920/home/tinghao.xia/Data_V1/val/7kvu
7KVV	2022-01-19	val	20.014	SELECTED	val	KEPT		D	/storage9920/home/tinghao.xia/Data_V1/val/7kvv
7L0Z	2021-05-26	train	0.347	SELECTED	train	KEPT		G	/storage9920/home/tinghao.xia/Data_V1/train/7l0z
7L3R	2021-05-05	train	0.411	SELECTED	train	KEPT		A	/storage9920/home/tinghao.xia/Data_V1/train/7l3r
7LJY	2021-04-14	train	7.069	EXCLUDE_MULTI_RNA_CHAIN		EXCLUDE_MULTI_RNA_CHAIN	RNA_CHAIN_COUNT=2; required exactly 1		
7LNE	2021-09-08	train	0.273	EXCLUDE_MULTI_RNA_CHAIN		EXCLUDE_MULTI_RNA_CHAIN	RNA_CHAIN_COUNT=2; required exactly 1		
7LNF	2021-09-08	train	0.138	EXCLUDE_MULTI_RNA_CHAIN		EXCLUDE_MULTI_RNA_CHAIN	RNA_CHAIN_COUNT=2; required exactly 1		
7LNG	2021-09-08	train	0.444	EXCLUDE_MULTI_RNA_CHAIN		EXCLUDE_MULTI_RNA_CHAIN	RNA_CHAIN_COUNT=2; required exactly 1		
7LO9	2021-12-22	val	12.887	EXCLUDE_MULTI_RNA_CHAIN		EXCLUDE_MULTI_RNA_CHAIN	RNA_CHAIN_COUNT=4; required exactly 1		
7LVA	2021-03-17	train	19.803	EXCLUDE_TRAIN_RMSD_CUTOFF		EXCLUDE_TRAIN_RMSD_CUTOFF	strict rank-1 RMSD 19.803 A > 15 A	A	
7LYF	2021-05-12	train	11.613	SELECTED	train	KEPT		A	/storage9920/home/tinghao.xia/Data_V1/train/7lyf
7LYG	2021-05-12	train	16.456	EXCLUDE_TRAIN_RMSD_CUTOFF		EXCLUDE_TRAIN_RMSD_CUTOFF	strict rank-1 RMSD 16.456 A > 15 A	A	
7LYJ	2021-05-26	train	0.315	SELECTED	train	KEPT		A	/storage9920/home/tinghao.xia/Data_V1/train/7lyj
7M3V	2022-03-23	val	0.229	SELECTED	val	KEPT		A	/storage9920/home/tinghao.xia/Data_V1/val/7m3v
7MKT	2022-11-02	val	8.445	SELECTED	val	KEPT		A	/storage9920/home/tinghao.xia/Data_V1/val/7mkt
7MKY	2021-05-26	train	0.338	SELECTED	train	KEPT		A	/storage9920/home/tinghao.xia/Data_V1/train/7mky
7MLW	2022-01-12	val	2.008	SELECTED	val	KEPT		F	/storage9920/home/tinghao.xia/Data_V1/val/7mlw
7OA3	2021-06-16	train	25.657	EXCLUDE_MULTI_RNA_CHAIN		EXCLUDE_MULTI_RNA_CHAIN	RNA_CHAIN_COUNT=2; required exactly 1		
7OAV	2021-06-16	train	2.289	EXCLUDE_MULTI_RNA_CHAIN		EXCLUDE_MULTI_RNA_CHAIN	RNA_CHAIN_COUNT=4; required exactly 1		
7OAW	2021-06-16	train	1.799	EXCLUDE_MULTI_RNA_CHAIN		EXCLUDE_MULTI_RNA_CHAIN	RNA_CHAIN_COUNT=4; required exactly 1		
7OAX	2021-06-16	train	1.754	EXCLUDE_MULTI_RNA_CHAIN		EXCLUDE_MULTI_RNA_CHAIN	RNA_CHAIN_COUNT=4; required exactly 1		
7OUO	2022-03-30	val	0.501	EXCLUDE_MULTI_RNA_CHAIN		EXCLUDE_MULTI_RNA_CHAIN	RNA_CHAIN_COUNT=2; required exactly 1		
7POF	2022-03-16	val	1.035	SELECTED	val	KEPT		A	/storage9920/home/tinghao.xia/Data_V1/val/7pof
7PS8	2023-04-05	val	6.92	SELECTED	val	KEPT		A	/storage9920/home/tinghao.xia/Data_V1/val/7ps8
7PTK	2022-10-05	val	34.871	SELECTED	val	KEPT		B	/storage9920/home/tinghao.xia/Data_V1/val/7ptk
7PTL	2022-10-05	val	40.388	SELECTED	val	KEPT		B	/storage9920/home/tinghao.xia/Data_V1/val/7ptl
7PTQ	2022-10-05	val	41.005	SELECTED	val	KEPT		C	/storage9920/home/tinghao.xia/Data_V1/val/7ptq
7PTS	2022-10-05	val	29.76	SELECTED	val	KEPT		A	/storage9920/home/tinghao.xia/Data_V1/val/7pts
7Q48	2022-11-16	val	9.975	SELECTED	val	KEPT		A	/storage9920/home/tinghao.xia/Data_V1/val/7q48
7Q6L	2022-11-16	val	11.395	SELECTED	val	KEPT		A	/storage9920/home/tinghao.xia/Data_V1/val/7q6l
7Q7X	2022-03-23	val	12.25	EXCLUDE_MULTI_RNA_CHAIN		EXCLUDE_MULTI_RNA_CHAIN	RNA_CHAIN_COUNT=3; required exactly 1		
7Q7Y	2022-03-23	val	11.954	EXCLUDE_MULTI_RNA_CHAIN		EXCLUDE_MULTI_RNA_CHAIN	RNA_CHAIN_COUNT=3; required exactly 1		
7Q7Z	2022-03-23	val	26.026	EXCLUDE_MULTI_RNA_CHAIN		EXCLUDE_MULTI_RNA_CHAIN	RNA_CHAIN_COUNT=6; required exactly 1		
7Q80	2022-03-23	val	28.059	EXCLUDE_MULTI_RNA_CHAIN		EXCLUDE_MULTI_RNA_CHAIN	RNA_CHAIN_COUNT=6; required exactly 1		
7Q81	2022-03-23	val	11.36	EXCLUDE_MULTI_RNA_CHAIN		EXCLUDE_MULTI_RNA_CHAIN	RNA_CHAIN_COUNT=3; required exactly 1		
7Q82	2022-03-23	val	11.967	EXCLUDE_MULTI_RNA_CHAIN		EXCLUDE_MULTI_RNA_CHAIN	RNA_CHAIN_COUNT=3; required exactly 1		
7QA2	2022-11-23	val	10.431	SELECTED	val	KEPT		A	/storage9920/home/tinghao.xia/Data_V1/val/7qa2
7QDU	2022-12-14	val	45.919	SELECTED	val	KEPT		Q	/storage9920/home/tinghao.xia/Data_V1/val/7qdu
7QP2	2022-07-20	val	0.709	SELECTED	val	KEPT		A	/storage9920/home/tinghao.xia/Data_V1/val/7qp2
7QSH	2023-01-25	val	0.505	SELECTED	val	KEPT		A	/storage9920/home/tinghao.xia/Data_V1/val/7qsh
7QTN	2023-01-25	val	0.834	EXCLUDE_MULTI_RNA_CHAIN		EXCLUDE_MULTI_RNA_CHAIN	RNA_CHAIN_COUNT=2; required exactly 1		
7QUA	2023-01-25	val	8.921	SELECTED	val	KEPT		A	/storage9920/home/tinghao.xia/Data_V1/val/7qua
7R6N	2022-05-04	val	3.797	SELECTED	val	KEPT		A	/storage9920/home/tinghao.xia/Data_V1/val/7r6n
7REX	2021-12-29	val	18.432	EXCLUDE_MULTI_RNA_CHAIN		EXCLUDE_MULTI_RNA_CHAIN	RNA_CHAIN_COUNT=3; required exactly 1		
7RWR	2022-07-20	val	5.583	SELECTED	val	KEPT		A	/storage9920/home/tinghao.xia/Data_V1/val/7rwr
7SAM	2021-12-01	val	11.051	SELECTED	val	KEPT		A	/storage9920/home/tinghao.xia/Data_V1/val/7sam
7SHX	2022-10-19	val	19.833	SELECTED	val	KEPT		A	/storage9920/home/tinghao.xia/Data_V1/val/7shx
7SXP	2023-05-31	val	3.235	SELECTED	val	KEPT		A	/storage9920/home/tinghao.xia/Data_V1/val/7sxp
7TD7	2022-02-16	val	2.913	SELECTED	val	KEPT		A	/storage9920/home/tinghao.xia/Data_V1/val/7td7
7TDA	2022-02-16	val	2.483	SELECTED	val	KEPT		A	/storage9920/home/tinghao.xia/Data_V1/val/7tda
7TDB	2022-02-16	val	2.489	SELECTED	val	KEPT		A	/storage9920/home/tinghao.xia/Data_V1/val/7tdb
7TDC	2022-02-16	val	2.486	SELECTED	val	KEPT		A	/storage9920/home/tinghao.xia/Data_V1/val/7tdc
7TZR	2022-05-25	val	28.372	EXCLUDE_MULTI_RNA_CHAIN		EXCLUDE_MULTI_RNA_CHAIN	RNA_CHAIN_COUNT=2; required exactly 1		
7TZS	2022-05-25	val	28.619	EXCLUDE_MULTI_RNA_CHAIN		EXCLUDE_MULTI_RNA_CHAIN	RNA_CHAIN_COUNT=2; required exactly 1		
7TZT	2022-05-25	val	2.357	SELECTED	val	KEPT		A	/storage9920/home/tinghao.xia/Data_V1/val/7tzt
7TZU	2022-05-25	val	2.379	SELECTED	val	KEPT		A	/storage9920/home/tinghao.xia/Data_V1/val/7tzu
7U4A	2023-09-06	val	7.113	SELECTED	val	KEPT		A	/storage9920/home/tinghao.xia/Data_V1/val/7u4a
7U87	2023-03-15	val	0.481	EXCLUDE_MULTI_RNA_CHAIN		EXCLUDE_MULTI_RNA_CHAIN	RNA_CHAIN_COUNT=2; required exactly 1		
7U88	2023-03-15	val	0.437	EXCLUDE_MULTI_RNA_CHAIN		EXCLUDE_MULTI_RNA_CHAIN	RNA_CHAIN_COUNT=2; required exactly 1		
7U89	2023-03-15	val	0.465	EXCLUDE_MULTI_RNA_CHAIN		EXCLUDE_MULTI_RNA_CHAIN	RNA_CHAIN_COUNT=2; required exactly 1		
7U8A	2023-03-15	val	0.398	EXCLUDE_MULTI_RNA_CHAIN		EXCLUDE_MULTI_RNA_CHAIN	RNA_CHAIN_COUNT=2; required exactly 1		
7U8B	2023-03-15	val	0.336	EXCLUDE_MULTI_RNA_CHAIN		EXCLUDE_MULTI_RNA_CHAIN	RNA_CHAIN_COUNT=2; required exactly 1		
7UCR	2022-07-20	val	0.391	SELECTED	val	KEPT		A	/storage9920/home/tinghao.xia/Data_V1/val/7ucr
7UGA	2022-04-13	val	7.622	SELECTED	val	KEPT		A	/storage9920/home/tinghao.xia/Data_V1/val/7uga
7UMC	2022-07-06	val	9.402	SELECTED	val	KEPT		A	/storage9920/home/tinghao.xia/Data_V1/val/7umc
7UMD	2022-07-06	val	12.182	SELECTED	val	KEPT		A	/storage9920/home/tinghao.xia/Data_V1/val/7umd
7UME	2022-07-06	val	3.171	SELECTED	val	KEPT		A	/storage9920/home/tinghao.xia/Data_V1/val/7ume
7UQ6	2022-06-15	val	3.706	SELECTED	val	KEPT		B	/storage9920/home/tinghao.xia/Data_V1/val/7uq6
7UR5	2022-08-10	val	36.491	EXCLUDE_MULTI_RNA_CHAIN		EXCLUDE_MULTI_RNA_CHAIN	RNA_CHAIN_COUNT=3; required exactly 1		
7URI	2022-08-10	val	3.525	SELECTED	val	KEPT		y	/storage9920/home/tinghao.xia/Data_V1/val/7uri
7URM	2022-08-10	val	4.417	SELECTED	val	KEPT		v	/storage9920/home/tinghao.xia/Data_V1/val/7urm
7UVT	2022-08-31	val	6.246	SELECTED	val	KEPT		A	/storage9920/home/tinghao.xia/Data_V1/val/7uvt
7UZ0	2022-06-08	val	1.922	SELECTED	val	KEPT		A	/storage9920/home/tinghao.xia/Data_V1/val/7uz0
7V06	2022-06-29	val	3.225	SELECTED	val	KEPT		A	/storage9920/home/tinghao.xia/Data_V1/val/7v06
7V9E	2022-03-23	val	13.219	SELECTED	val	KEPT		A	/storage9920/home/tinghao.xia/Data_V1/val/7v9e
7VFT	2022-06-15	val	20.692	SELECTED	val	KEPT		A	/storage9920/home/tinghao.xia/Data_V1/val/7vft
7VNV	2022-05-04	val	18.466	EXCLUDE_MULTI_RNA_CHAIN		EXCLUDE_MULTI_RNA_CHAIN	RNA_CHAIN_COUNT=2; required exactly 1		
7VNW	2022-05-04	val	16.242	EXCLUDE_MULTI_RNA_CHAIN		EXCLUDE_MULTI_RNA_CHAIN	RNA_CHAIN_COUNT=2; required exactly 1		
7WI9	2023-01-18	val	4.438	SELECTED	val	KEPT		V	/storage9920/home/tinghao.xia/Data_V1/val/7wi9
7WIA	2023-01-18	val	9.758	SELECTED	val	KEPT		V	/storage9920/home/tinghao.xia/Data_V1/val/7wia
7WIB	2023-01-18	val	3.33	SELECTED	val	KEPT		V	/storage9920/home/tinghao.xia/Data_V1/val/7wib
7WIE	2023-01-18	val	4.009	SELECTED	val	KEPT		V	/storage9920/home/tinghao.xia/Data_V1/val/7wie
7WIF	2023-01-18	val	3.94	SELECTED	val	KEPT		V	/storage9920/home/tinghao.xia/Data_V1/val/7wif
7WII	2023-01-18	val	3.932	SELECTED	val	KEPT		V	/storage9920/home/tinghao.xia/Data_V1/val/7wii
7XD3	2023-03-29	val	12.238	SELECTED	val	KEPT		N	/storage9920/home/tinghao.xia/Data_V1/val/7xd3
7XD4	2023-03-29	val	9.411	SELECTED	val	KEPT		N	/storage9920/home/tinghao.xia/Data_V1/val/7xd4
7XD5	2023-04-05	val	2.686	EXCLUDE_MULTI_RNA_CHAIN		EXCLUDE_MULTI_RNA_CHAIN	RNA_CHAIN_COUNT=2; required exactly 1		
7XD6	2023-04-05	val	19.135	EXCLUDE_MULTI_RNA_CHAIN		EXCLUDE_MULTI_RNA_CHAIN	RNA_CHAIN_COUNT=2; required exactly 1		
7XD7	2023-03-29	val	6.793	SELECTED	val	KEPT		N	/storage9920/home/tinghao.xia/Data_V1/val/7xd7
7XSK	2022-08-03	val	5.425	SELECTED	val	KEPT		N	/storage9920/home/tinghao.xia/Data_V1/val/7xsk
7XSL	2022-08-03	val	5.32	SELECTED	val	KEPT		N	/storage9920/home/tinghao.xia/Data_V1/val/7xsl
7XSM	2022-08-03	val	5.071	SELECTED	val	KEPT		N	/storage9920/home/tinghao.xia/Data_V1/val/7xsm
7XSN	2022-08-03	val	2.888	SELECTED	val	KEPT		N	/storage9920/home/tinghao.xia/Data_V1/val/7xsn
7Y2B	2023-05-31	val	11.324	SELECTED	val	KEPT		S	/storage9920/home/tinghao.xia/Data_V1/val/7y2b
7Y2P	2023-05-31	val	1.539	EXCLUDE_MULTI_RNA_CHAIN		EXCLUDE_MULTI_RNA_CHAIN	RNA_CHAIN_COUNT=2; required exactly 1		
7Y8P	2023-05-03	val	0.928	EXCLUDE_MULTI_RNA_CHAIN		EXCLUDE_MULTI_RNA_CHAIN	RNA_CHAIN_COUNT=2; required exactly 1		
7YC8	2023-07-05	val	4.046	SELECTED	val	KEPT		N	/storage9920/home/tinghao.xia/Data_V1/val/7yc8
7YCG	2023-07-05	val	8.94	EXCLUDE_MULTI_RNA_CHAIN		EXCLUDE_MULTI_RNA_CHAIN	RNA_CHAIN_COUNT=2; required exactly 1		
7YCH	2023-07-05	val	1.709	EXCLUDE_MULTI_RNA_CHAIN		EXCLUDE_MULTI_RNA_CHAIN	RNA_CHAIN_COUNT=2; required exactly 1		
7YCI	2023-07-05	val	2.076	EXCLUDE_MULTI_RNA_CHAIN		EXCLUDE_MULTI_RNA_CHAIN	RNA_CHAIN_COUNT=2; required exactly 1		
7YG8	2023-03-29	val	4.753	EXCLUDE_MULTI_RNA_CHAIN		EXCLUDE_MULTI_RNA_CHAIN	RNA_CHAIN_COUNT=3; required exactly 1		
7YG9	2023-03-29	val		EXCLUDE_MULTI_RNA_CHAIN		EXCLUDE_MULTI_RNA_CHAIN	RNA_CHAIN_COUNT=3; required exactly 1		
7YGA	2023-03-29	val		EXCLUDE_MULTI_RNA_CHAIN		EXCLUDE_MULTI_RNA_CHAIN	RNA_CHAIN_COUNT=3; required exactly 1		
7YGB	2023-03-29	val	2.082	EXCLUDE_MULTI_RNA_CHAIN		EXCLUDE_MULTI_RNA_CHAIN	RNA_CHAIN_COUNT=3; required exactly 1		
7YGC	2023-03-29	val	9.072	EXCLUDE_MULTI_RNA_CHAIN		EXCLUDE_MULTI_RNA_CHAIN	RNA_CHAIN_COUNT=3; required exactly 1		
7YGD	2023-03-29	val	2.699	EXCLUDE_MULTI_RNA_CHAIN		EXCLUDE_MULTI_RNA_CHAIN	RNA_CHAIN_COUNT=3; required exactly 1		
7ZFW	2022-11-23	val		EXCLUDE_NO_STRICT_RANK1		EXCLUDE_NO_STRICT_RANK1	PDB is absent from rank1_targets.csv	L5	
7ZJ4	2023-04-19	val	53.018	SELECTED	val	KEPT		E	/storage9920/home/tinghao.xia/Data_V1/val/7zj4
7ZJ5	2023-04-19	val	37.567	SELECTED	val	KEPT		E	/storage9920/home/tinghao.xia/Data_V1/val/7zj5
8AMG	2022-11-23	val	18.764	EXCLUDE_MULTI_RNA_CHAIN		EXCLUDE_MULTI_RNA_CHAIN	RNA_CHAIN_COUNT=12; required exactly 1		
8AMI	2022-11-23	val	1.391	EXCLUDE_MULTI_RNA_CHAIN		EXCLUDE_MULTI_RNA_CHAIN	RNA_CHAIN_COUNT=2; required exactly 1		
8AMJ	2022-11-23	val	0.942	EXCLUDE_MULTI_RNA_CHAIN		EXCLUDE_MULTI_RNA_CHAIN	RNA_CHAIN_COUNT=2; required exactly 1		
8AMK	2022-11-23	val	26.734	EXCLUDE_MULTI_RNA_CHAIN		EXCLUDE_MULTI_RNA_CHAIN	RNA_CHAIN_COUNT=28; required exactly 1		
8AML	2022-11-23	val	29.547	EXCLUDE_MULTI_RNA_CHAIN		EXCLUDE_MULTI_RNA_CHAIN	RNA_CHAIN_COUNT=28; required exactly 1		
8AMM	2022-11-23	val	26.124	EXCLUDE_MULTI_RNA_CHAIN		EXCLUDE_MULTI_RNA_CHAIN	RNA_CHAIN_COUNT=28; required exactly 1		
8AMN	2022-11-23	val	24.083	EXCLUDE_MULTI_RNA_CHAIN		EXCLUDE_MULTI_RNA_CHAIN	RNA_CHAIN_COUNT=28; required exactly 1		
8BTZ	2022-12-28	val	19.164	SELECTED	val	KEPT		A	/storage9920/home/tinghao.xia/Data_V1/val/8btz
8BU8	2024-01-24	test	29.662	SELECTED	test	KEPT		A	/storage9920/home/tinghao.xia/Data_V1/test/8bu8
8BWT	2023-08-30	val	2.885	SELECTED	val	KEPT		A	/storage9920/home/tinghao.xia/Data_V1/val/8bwt
8CF2	2024-02-21	test	4.525	EXCLUDE_MULTI_RNA_CHAIN		EXCLUDE_MULTI_RNA_CHAIN	RNA_CHAIN_COUNT=2; required exactly 1		
8CLM	2023-03-01	val	9.68	EXCLUDE_MULTI_RNA_CHAIN		EXCLUDE_MULTI_RNA_CHAIN	RNA_CHAIN_COUNT=6; required exactly 1		
8CLR	2023-07-19	val	1.178	SELECTED	val	KEPT		A	/storage9920/home/tinghao.xia/Data_V1/val/8clr
8CQ1	2023-09-20	val	2.679	SELECTED	val	KEPT		A	/storage9920/home/tinghao.xia/Data_V1/val/8cq1
8D28	2022-11-30	val	26.677	EXCLUDE_MULTI_RNA_CHAIN		EXCLUDE_MULTI_RNA_CHAIN	RNA_CHAIN_COUNT=2; required exactly 1		
8D2A	2022-11-30	val	20.557	EXCLUDE_MULTI_RNA_CHAIN		EXCLUDE_MULTI_RNA_CHAIN	RNA_CHAIN_COUNT=2; required exactly 1		
8D2B	2022-11-30	val	26.847	EXCLUDE_MULTI_RNA_CHAIN		EXCLUDE_MULTI_RNA_CHAIN	RNA_CHAIN_COUNT=2; required exactly 1		
8D5L	2022-11-30	val	23.143	EXCLUDE_MULTI_RNA_CHAIN		EXCLUDE_MULTI_RNA_CHAIN	RNA_CHAIN_COUNT=4; required exactly 1		
8D5O	2022-11-30	val	21.876	EXCLUDE_MULTI_RNA_CHAIN		EXCLUDE_MULTI_RNA_CHAIN	RNA_CHAIN_COUNT=2; required exactly 1		
8EYU	2023-05-31	val	8.444	EXCLUDE_MULTI_RNA_CHAIN		EXCLUDE_MULTI_RNA_CHAIN	RNA_CHAIN_COUNT=2; required exactly 1		
8EYV	2023-05-31	val	10.553	EXCLUDE_MULTI_RNA_CHAIN		EXCLUDE_MULTI_RNA_CHAIN	RNA_CHAIN_COUNT=2; required exactly 1		
8EYW	2023-05-31	val	11.359	EXCLUDE_MULTI_RNA_CHAIN		EXCLUDE_MULTI_RNA_CHAIN	RNA_CHAIN_COUNT=2; required exactly 1		
8F0N	2023-05-31	val	9.861	EXCLUDE_MULTI_RNA_CHAIN		EXCLUDE_MULTI_RNA_CHAIN	RNA_CHAIN_COUNT=2; required exactly 1		
8F24	2023-04-12	val		EXCLUDE_MULTI_RNA_CHAIN		EXCLUDE_MULTI_RNA_CHAIN	RNA_CHAIN_COUNT=6; required exactly 1		
8F4O	2023-05-17	val	18.895	EXCLUDE_MULTI_RNA_CHAIN		EXCLUDE_MULTI_RNA_CHAIN	RNA_CHAIN_COUNT=2; required exactly 1		
8FB3	2023-02-22	val	18.21	EXCLUDE_MULTI_RNA_CHAIN		EXCLUDE_MULTI_RNA_CHAIN	RNA_CHAIN_COUNT=3; required exactly 1		
8FCS	2023-02-22	val	2.845	SELECTED	val	KEPT		A	/storage9920/home/tinghao.xia/Data_V1/val/8fcs
8FEO	2024-01-24	test	14.494	SELECTED	test	KEPT		AAA	/storage9920/home/tinghao.xia/Data_V1/test/8feo
8FEP	2024-01-24	test	14.281	SELECTED	test	KEPT		AAA	/storage9920/home/tinghao.xia/Data_V1/test/8fep
8FEQ	2024-01-24	test	14.508	SELECTED	test	KEPT		AAA	/storage9920/home/tinghao.xia/Data_V1/test/8feq
8FER	2024-01-24	test	0.79	EXCLUDE_MULTI_RNA_CHAIN		EXCLUDE_MULTI_RNA_CHAIN	RNA_CHAIN_COUNT=2; required exactly 1		
8FW4	2023-07-26	val	3.385	SELECTED	val	KEPT		Z	/storage9920/home/tinghao.xia/Data_V1/val/8fw4
8FZA	2023-08-30	val	26.227	EXCLUDE_MULTI_RNA_CHAIN		EXCLUDE_MULTI_RNA_CHAIN	RNA_CHAIN_COUNT=2; required exactly 1		
8HB1	2023-03-22	val	5.406	EXCLUDE_MULTI_RNA_CHAIN		EXCLUDE_MULTI_RNA_CHAIN	RNA_CHAIN_COUNT=2; required exactly 1		
8HB3	2023-03-22	val	7.539	EXCLUDE_MULTI_RNA_CHAIN		EXCLUDE_MULTI_RNA_CHAIN	RNA_CHAIN_COUNT=2; required exactly 1		
8HB8	2023-03-22	val	9.532	SELECTED	val	KEPT		A	/storage9920/home/tinghao.xia/Data_V1/val/8hb8
8HBA	2023-03-22	val	23.654	EXCLUDE_MULTI_RNA_CHAIN		EXCLUDE_MULTI_RNA_CHAIN	RNA_CHAIN_COUNT=2; required exactly 1		
8HD6	2023-03-29	val	13.882	SELECTED	val	KEPT		N	/storage9920/home/tinghao.xia/Data_V1/val/8hd6
8HD7	2023-03-29	val	8.021	SELECTED	val	KEPT		N	/storage9920/home/tinghao.xia/Data_V1/val/8hd7
8HZD	2024-06-19	test	14.678	EXCLUDE_MULTI_RNA_CHAIN		EXCLUDE_MULTI_RNA_CHAIN	RNA_CHAIN_COUNT=2; required exactly 1		
8HZE	2024-06-19	test	15.685	EXCLUDE_MULTI_RNA_CHAIN		EXCLUDE_MULTI_RNA_CHAIN	RNA_CHAIN_COUNT=2; required exactly 1		
8HZF	2024-06-19	test	27.935	EXCLUDE_MULTI_RNA_CHAIN		EXCLUDE_MULTI_RNA_CHAIN	RNA_CHAIN_COUNT=2; required exactly 1		
8HZJ	2024-06-19	test	27.719	EXCLUDE_MULTI_RNA_CHAIN		EXCLUDE_MULTI_RNA_CHAIN	RNA_CHAIN_COUNT=2; required exactly 1		
8HZK	2024-06-19	test	12.762	EXCLUDE_MULTI_RNA_CHAIN		EXCLUDE_MULTI_RNA_CHAIN	RNA_CHAIN_COUNT=2; required exactly 1		
8HZL	2024-06-19	test	33.385	EXCLUDE_MULTI_RNA_CHAIN		EXCLUDE_MULTI_RNA_CHAIN	RNA_CHAIN_COUNT=2; required exactly 1		
8HZM	2024-06-19	test	27.63	EXCLUDE_MULTI_RNA_CHAIN		EXCLUDE_MULTI_RNA_CHAIN	RNA_CHAIN_COUNT=2; required exactly 1		
8I3Z	2023-03-22	val	5.599	EXCLUDE_MULTI_RNA_CHAIN		EXCLUDE_MULTI_RNA_CHAIN	RNA_CHAIN_COUNT=2; required exactly 1		
8I43	2023-03-29	val	5.434	SELECTED	val	KEPT		A	/storage9920/home/tinghao.xia/Data_V1/val/8i43
8I44	2023-03-29	val	4.311	SELECTED	val	KEPT		A	/storage9920/home/tinghao.xia/Data_V1/val/8i44
8I45	2023-03-29	val	3.245	SELECTED	val	KEPT		A	/storage9920/home/tinghao.xia/Data_V1/val/8i45
8I46	2023-03-29	val	3.39	SELECTED	val	KEPT		A	/storage9920/home/tinghao.xia/Data_V1/val/8i46
8I7N	2023-03-29	val	4.516	SELECTED	val	KEPT		N	/storage9920/home/tinghao.xia/Data_V1/val/8i7n
8ITS	2024-03-27	test	14.175	SELECTED	test	KEPT		A	/storage9920/home/tinghao.xia/Data_V1/test/8its
8JHP	2024-05-29	test	3.06	SELECTED	test	KEPT		A	/storage9920/home/tinghao.xia/Data_V1/test/8jhp
8K0P	2024-05-15	test	60.618	EXCLUDE_MULTI_RNA_CHAIN		EXCLUDE_MULTI_RNA_CHAIN	RNA_CHAIN_COUNT=2; required exactly 1		
8K0S	2024-05-01	test	54.376	EXCLUDE_MULTI_RNA_CHAIN		EXCLUDE_MULTI_RNA_CHAIN	RNA_CHAIN_COUNT=2; required exactly 1		
8K0Y	2025-01-15	test	26.893	EXCLUDE_MULTI_RNA_CHAIN		EXCLUDE_MULTI_RNA_CHAIN	RNA_CHAIN_COUNT=2; required exactly 1		
8K15	2024-05-15	test	28.804	SELECTED	test	KEPT		C	/storage9920/home/tinghao.xia/Data_V1/test/8k15
8K1E	2025-01-15	test	30.08	EXCLUDE_MULTI_RNA_CHAIN		EXCLUDE_MULTI_RNA_CHAIN	RNA_CHAIN_COUNT=2; required exactly 1		
8K2Z	2025-01-15	test	4.528	EXCLUDE_MULTI_RNA_CHAIN		EXCLUDE_MULTI_RNA_CHAIN	RNA_CHAIN_COUNT=2; required exactly 1		
8K30	2025-01-15	test	24.385	EXCLUDE_MULTI_RNA_CHAIN		EXCLUDE_MULTI_RNA_CHAIN	RNA_CHAIN_COUNT=2; required exactly 1		
8K7W	2025-01-29	test	3.521	SELECTED	test	KEPT		A	/storage9920/home/tinghao.xia/Data_V1/test/8k7w
8K85	2025-02-12	test	39.254	EXCLUDE_MULTI_RNA_CHAIN		EXCLUDE_MULTI_RNA_CHAIN	RNA_CHAIN_COUNT=2; required exactly 1		
8K8B	2024-06-05	test	2.341	SELECTED	test	KEPT		A	/storage9920/home/tinghao.xia/Data_V1/test/8k8b
8KEB	2025-02-19	test	3.555	SELECTED		DROP_INTERNAL_REDUNDANT	Non-representative member of a test homology component	A	
8KED	2025-02-19	test	3.716	SELECTED		DROP_INTERNAL_REDUNDANT	Non-representative member of a test homology component	A	
8KHH	2025-02-26	test	20.057	EXCLUDE_MULTI_RNA_CHAIN		EXCLUDE_MULTI_RNA_CHAIN	RNA_CHAIN_COUNT=2; required exactly 1		
8OLS	2024-06-19	test	0.894	SELECTED		DROP_REFERENCE_HOMOLOG	Single RNA chain is homologous to final train/val	A	
8OLV	2024-06-19	test	1.177	SELECTED		DROP_REFERENCE_HOMOLOG	Single RNA chain is homologous to final train/val	A	
8OLW	2024-06-19	test	0.993	SELECTED		DROP_REFERENCE_HOMOLOG	Single RNA chain is homologous to final train/val	A	
8OLY	2024-06-19	test	0.647	EXCLUDE_MULTI_RNA_CHAIN		EXCLUDE_MULTI_RNA_CHAIN	RNA_CHAIN_COUNT=2; required exactly 1		
8OLZ	2024-06-19	test		EXCLUDE_MULTI_RNA_CHAIN		EXCLUDE_MULTI_RNA_CHAIN	RNA_CHAIN_COUNT=2; required exactly 1		
8OM0	2024-06-19	test	1.475	SELECTED		DROP_REFERENCE_HOMOLOG	Single RNA chain is homologous to final train/val	A	
8PFK	2024-01-31	test	9.465	SELECTED		DROP_REFERENCE_HOMOLOG	Single RNA chain is homologous to final train/val	A	
8PFQ	2024-01-31	test	0.875	EXCLUDE_MULTI_RNA_CHAIN		EXCLUDE_MULTI_RNA_CHAIN	RNA_CHAIN_COUNT=2; required exactly 1		
8Q4O	2024-03-06	test	9.546	SELECTED	test	KEPT		A	/storage9920/home/tinghao.xia/Data_V1/test/8q4o
8Q6N	2024-08-28	test	1.885	SELECTED	test	KEPT		A	/storage9920/home/tinghao.xia/Data_V1/test/8q6n
8QMH	2024-05-01	test	9.659	EXCLUDE_MULTI_RNA_CHAIN		EXCLUDE_MULTI_RNA_CHAIN	RNA_CHAIN_COUNT=4; required exactly 1		
8QMI	2024-05-01	test	9.416	EXCLUDE_MULTI_RNA_CHAIN		EXCLUDE_MULTI_RNA_CHAIN	RNA_CHAIN_COUNT=4; required exactly 1		
8QO2	2024-03-06	test	37.01	SELECTED	test	KEPT		A	/storage9920/home/tinghao.xia/Data_V1/test/8qo2
8QO3	2024-03-06	test	17.537	SELECTED	test	KEPT		A	/storage9920/home/tinghao.xia/Data_V1/test/8qo3
8QO4	2024-03-06	test	16.7	SELECTED		DROP_REFERENCE_HOMOLOG	Single RNA chain is homologous to final train/val	A	
8QO5	2024-03-06	test	24.878	SELECTED		DROP_REFERENCE_HOMOLOG	Single RNA chain is homologous to final train/val	A	
8R62	2024-03-06	test	3.21	EXCLUDE_MULTI_RNA_CHAIN		EXCLUDE_MULTI_RNA_CHAIN	RNA_CHAIN_COUNT=2; required exactly 1		
8R63	2024-03-06	test	3.262	EXCLUDE_MULTI_RNA_CHAIN		EXCLUDE_MULTI_RNA_CHAIN	RNA_CHAIN_COUNT=2; required exactly 1		
8R8P	2024-03-06	test	3.176	EXCLUDE_MULTI_RNA_CHAIN		EXCLUDE_MULTI_RNA_CHAIN	RNA_CHAIN_COUNT=2; required exactly 1		
8RUH	2024-06-19	test	0.785	EXCLUDE_MULTI_RNA_CHAIN		EXCLUDE_MULTI_RNA_CHAIN	RNA_CHAIN_COUNT=2; required exactly 1		
8RUI	2024-06-19	test	0.877	SELECTED		DROP_REFERENCE_HOMOLOG	Single RNA chain is homologous to final train/val	A	
8RUJ	2024-06-19	test	0.915	SELECTED		DROP_REFERENCE_HOMOLOG	Single RNA chain is homologous to final train/val	A	
8RUK	2024-06-19	test	1.223	SELECTED		DROP_REFERENCE_HOMOLOG	Single RNA chain is homologous to final train/val	A	
8RUL	2024-06-19	test	1.23	SELECTED		DROP_REFERENCE_HOMOLOG	Single RNA chain is homologous to final train/val	A	
8RUM	2024-06-19	test	1.929	SELECTED		DROP_REFERENCE_HOMOLOG	Single RNA chain is homologous to final train/val	A	
8RUN	2024-06-19	test	1.533	SELECTED		DROP_REFERENCE_HOMOLOG	Single RNA chain is homologous to final train/val	A	
8S6W	2025-01-29	test	28.232	EXCLUDE_MULTI_RNA_CHAIN		EXCLUDE_MULTI_RNA_CHAIN	RNA_CHAIN_COUNT=4; required exactly 1		
8S95	2023-08-09	val	18.172	SELECTED	val	KEPT		C	/storage9920/home/tinghao.xia/Data_V1/val/8s95
8SA2	2023-07-26	val	55.875	EXCLUDE_MULTI_RNA_CHAIN		EXCLUDE_MULTI_RNA_CHAIN	RNA_CHAIN_COUNT=2; required exactly 1		
8SA3	2023-07-26	val	47.756	EXCLUDE_MULTI_RNA_CHAIN		EXCLUDE_MULTI_RNA_CHAIN	RNA_CHAIN_COUNT=2; required exactly 1		
8SA4	2023-07-26	val	7.704	EXCLUDE_MULTI_RNA_CHAIN		EXCLUDE_MULTI_RNA_CHAIN	RNA_CHAIN_COUNT=2; required exactly 1		
8SA5	2023-07-26	val	19.904	EXCLUDE_MULTI_RNA_CHAIN		EXCLUDE_MULTI_RNA_CHAIN	RNA_CHAIN_COUNT=2; required exactly 1		
8SA6	2023-07-26	val	26.127	EXCLUDE_MULTI_RNA_CHAIN		EXCLUDE_MULTI_RNA_CHAIN	RNA_CHAIN_COUNT=2; required exactly 1		
8SCF	2023-07-12	val	2.728	SELECTED	val	KEPT		A	/storage9920/home/tinghao.xia/Data_V1/val/8scf
8SCH	2023-07-12	val	24.01	SELECTED	val	KEPT		A	/storage9920/home/tinghao.xia/Data_V1/val/8sch
8SKQ	2024-02-14	test		EXCLUDE_NO_STRICT_RANK1		EXCLUDE_NO_STRICT_RANK1	PDB is absent from rank1_targets.csv	A	
8SP9	2023-08-09	val	25.139	SELECTED	val	KEPT		C	/storage9920/home/tinghao.xia/Data_V1/val/8sp9
8SWG	2023-05-31	val	0.458	EXCLUDE_MULTI_RNA_CHAIN		EXCLUDE_MULTI_RNA_CHAIN	RNA_CHAIN_COUNT=2; required exactly 1		
8SWO	2023-05-31	val	0.427	EXCLUDE_MULTI_RNA_CHAIN		EXCLUDE_MULTI_RNA_CHAIN	RNA_CHAIN_COUNT=2; required exactly 1		
8SX5	2023-05-31	val	0.621	EXCLUDE_MULTI_RNA_CHAIN		EXCLUDE_MULTI_RNA_CHAIN	RNA_CHAIN_COUNT=2; required exactly 1		
8SX6	2023-05-31	val	0.386	EXCLUDE_MULTI_RNA_CHAIN		EXCLUDE_MULTI_RNA_CHAIN	RNA_CHAIN_COUNT=2; required exactly 1		
8SXL	2023-05-31	val	0.625	EXCLUDE_MULTI_RNA_CHAIN		EXCLUDE_MULTI_RNA_CHAIN	RNA_CHAIN_COUNT=2; required exactly 1		
8SY1	2023-05-31	val	11.981	EXCLUDE_MULTI_RNA_CHAIN		EXCLUDE_MULTI_RNA_CHAIN	RNA_CHAIN_COUNT=4; required exactly 1		
8SYK	2025-02-19	test	32.845	EXCLUDE_MULTI_RNA_CHAIN		EXCLUDE_MULTI_RNA_CHAIN	RNA_CHAIN_COUNT=4; required exactly 1		
8T2P	2024-01-24	test	40.258	EXCLUDE_MULTI_RNA_CHAIN		EXCLUDE_MULTI_RNA_CHAIN	RNA_CHAIN_COUNT=2; required exactly 1		
8T5O	2025-02-19	test	4.78	SELECTED	test	KEPT		A	/storage9920/home/tinghao.xia/Data_V1/test/8t5o
8TDY	2024-06-12	test	14.444	SELECTED	test	KEPT		A	/storage9920/home/tinghao.xia/Data_V1/test/8tdy
8TDZ	2024-06-12	test	14.454	SELECTED	test	KEPT		A	/storage9920/home/tinghao.xia/Data_V1/test/8tdz
8TE0	2024-06-12	test	14.701	SELECTED	test	KEPT		A	/storage9920/home/tinghao.xia/Data_V1/test/8te0
8TE2	2024-06-12	test	14.453	SELECTED	test	KEPT		A	/storage9920/home/tinghao.xia/Data_V1/test/8te2
8THV	2023-08-02	val	3.792	SELECTED	val	KEPT		A	/storage9920/home/tinghao.xia/Data_V1/val/8thv
8TJQ	2023-11-01	val	4.013	SELECTED	val	KEPT		N	/storage9920/home/tinghao.xia/Data_V1/val/8tjq
8TJV	2023-11-01	val	6.833	SELECTED	val	KEPT		A	/storage9920/home/tinghao.xia/Data_V1/val/8tjv
8TJX	2023-11-01	val	4.681	SELECTED	val	KEPT		N	/storage9920/home/tinghao.xia/Data_V1/val/8tjx
8TKJ	2025-02-19	test	4.57	SELECTED		DROP_INTERNAL_REDUNDANT	Non-representative member of a test homology component	A	
8TKK	2025-02-19	test	18.456	SELECTED		DROP_INTERNAL_REDUNDANT	Non-representative member of a test homology component	A	
8TNS	2023-11-15	val	10.621	SELECTED	val	KEPT		A	/storage9920/home/tinghao.xia/Data_V1/val/8tns
8TOZ	2024-08-07	test	10.566	SELECTED		DROP_REFERENCE_HOMOLOG	Single RNA chain is homologous to final train/val	A	
8TQX	2024-03-06	test	1.772	EXCLUDE_MULTI_RNA_CHAIN		EXCLUDE_MULTI_RNA_CHAIN	RNA_CHAIN_COUNT=2; required exactly 1		
8TSV	2024-03-06	test	15.356	EXCLUDE_MULTI_RNA_CHAIN		EXCLUDE_MULTI_RNA_CHAIN	RNA_CHAIN_COUNT=4; required exactly 1		
8TVZ	2024-04-03	test	41.25	SELECTED	test	KEPT		C	/storage9920/home/tinghao.xia/Data_V1/test/8tvz
8U3M	2023-10-04	val	6.226	SELECTED	val	KEPT		A	/storage9920/home/tinghao.xia/Data_V1/val/8u3m
8U5J	2024-03-27	test	1.87	SELECTED		DROP_REFERENCE_HOMOLOG	Single RNA chain is homologous to final train/val	A	
8U5K	2024-03-27	test	19.539	EXCLUDE_MULTI_RNA_CHAIN		EXCLUDE_MULTI_RNA_CHAIN	RNA_CHAIN_COUNT=3; required exactly 1		
8U5P	2024-03-27	test	17.524	EXCLUDE_MULTI_RNA_CHAIN		EXCLUDE_MULTI_RNA_CHAIN	RNA_CHAIN_COUNT=3; required exactly 1		
8U5R	2024-03-27	test	17.303	EXCLUDE_MULTI_RNA_CHAIN		EXCLUDE_MULTI_RNA_CHAIN	RNA_CHAIN_COUNT=3; required exactly 1		
8U5T	2024-03-27	test	20.304	EXCLUDE_MULTI_RNA_CHAIN		EXCLUDE_MULTI_RNA_CHAIN	RNA_CHAIN_COUNT=3; required exactly 1		
8U5Z	2024-03-27	test	20.319	EXCLUDE_MULTI_RNA_CHAIN		EXCLUDE_MULTI_RNA_CHAIN	RNA_CHAIN_COUNT=3; required exactly 1		
8U60	2024-03-27	test	19.19	EXCLUDE_MULTI_RNA_CHAIN		EXCLUDE_MULTI_RNA_CHAIN	RNA_CHAIN_COUNT=3; required exactly 1		
8UO6	2024-06-05	test	27.446	EXCLUDE_MULTI_RNA_CHAIN		EXCLUDE_MULTI_RNA_CHAIN	RNA_CHAIN_COUNT=2; required exactly 1		
8UPT	2024-01-10	test	3.665	SELECTED	test	KEPT		A	/storage9920/home/tinghao.xia/Data_V1/test/8upt
8UPY	2024-09-04	test	3.85	SELECTED	test	KEPT		C	/storage9920/home/tinghao.xia/Data_V1/test/8upy
8UTG	2024-06-19	test	10.033	EXCLUDE_MULTI_RNA_CHAIN		EXCLUDE_MULTI_RNA_CHAIN	RNA_CHAIN_COUNT=2; required exactly 1		
8UYE	2023-12-06	val	20.555	SELECTED	val	KEPT		A	/storage9920/home/tinghao.xia/Data_V1/val/8uye
8UYG	2023-12-06	val	19.428	SELECTED	val	KEPT		A	/storage9920/home/tinghao.xia/Data_V1/val/8uyg
8UYJ	2023-12-06	val	14.378	SELECTED	val	KEPT		A	/storage9920/home/tinghao.xia/Data_V1/val/8uyj
8UYK	2023-12-06	val	16.481	SELECTED	val	KEPT		A	/storage9920/home/tinghao.xia/Data_V1/val/8uyk
8UYL	2023-12-06	val	17.183	SELECTED	val	KEPT		A	/storage9920/home/tinghao.xia/Data_V1/val/8uyl
8UYM	2023-12-06	val	12.036	SELECTED	val	KEPT		A	/storage9920/home/tinghao.xia/Data_V1/val/8uym
8UYP	2023-12-20	val	27.355	SELECTED	val	KEPT		A	/storage9920/home/tinghao.xia/Data_V1/val/8uyp
8UYS	2023-12-06	val	17.839	SELECTED	val	KEPT		A	/storage9920/home/tinghao.xia/Data_V1/val/8uys
8V1H	2024-07-10	test	2.305	SELECTED	test	KEPT		A	/storage9920/home/tinghao.xia/Data_V1/test/8v1h
8V1I	2024-07-10	test	23.293	EXCLUDE_MULTI_RNA_CHAIN		EXCLUDE_MULTI_RNA_CHAIN	RNA_CHAIN_COUNT=2; required exactly 1		
8VAW	2024-04-17	test	0.373	EXCLUDE_MULTI_RNA_CHAIN		EXCLUDE_MULTI_RNA_CHAIN	RNA_CHAIN_COUNT=2; required exactly 1		
8VAX	2024-04-17	test	0.399	EXCLUDE_MULTI_RNA_CHAIN		EXCLUDE_MULTI_RNA_CHAIN	RNA_CHAIN_COUNT=2; required exactly 1		
8VCI	2024-01-17	test	25.293	SELECTED	test	KEPT		A	/storage9920/home/tinghao.xia/Data_V1/test/8vci
8VFS	2024-12-25	test	1.81	EXCLUDE_MULTI_RNA_CHAIN		EXCLUDE_MULTI_RNA_CHAIN	RNA_CHAIN_COUNT=2; required exactly 1		
8VJT	2024-10-16	test	8.928	EXCLUDE_MULTI_RNA_CHAIN		EXCLUDE_MULTI_RNA_CHAIN	RNA_CHAIN_COUNT=2; required exactly 1		
8VPV	2024-10-02	test	9.104	SELECTED		DROP_REFERENCE_HOMOLOG	Single RNA chain is homologous to final train/val	A	
8VQV	2025-06-11	test	1.253	SELECTED		DROP_REFERENCE_HOMOLOG	Single RNA chain is homologous to final train/val	A	
8VT5	2024-07-24	test	1.636	SELECTED	test	KEPT		A	/storage9920/home/tinghao.xia/Data_V1/test/8vt5
8VVJ	2025-06-11	test	2.568	SELECTED		DROP_REFERENCE_HOMOLOG	Single RNA chain is homologous to final train/val	A	
8VXX	2025-02-19	test	17.677	EXCLUDE_MULTI_RNA_CHAIN		EXCLUDE_MULTI_RNA_CHAIN	RNA_CHAIN_COUNT=3; required exactly 1		
8VXZ	2025-02-19	test	16.18	EXCLUDE_MULTI_RNA_CHAIN		EXCLUDE_MULTI_RNA_CHAIN	RNA_CHAIN_COUNT=3; required exactly 1		
8VY0	2025-02-19	test	18.284	EXCLUDE_MULTI_RNA_CHAIN		EXCLUDE_MULTI_RNA_CHAIN	RNA_CHAIN_COUNT=3; required exactly 1		
8VY1	2025-02-19	test	16.539	EXCLUDE_MULTI_RNA_CHAIN		EXCLUDE_MULTI_RNA_CHAIN	RNA_CHAIN_COUNT=3; required exactly 1		
8X0S	2024-06-19	test	8.75	EXCLUDE_MULTI_RNA_CHAIN		EXCLUDE_MULTI_RNA_CHAIN	RNA_CHAIN_COUNT=2; required exactly 1		
8X9K	2025-03-12	test	51.347	SELECTED		DROP_INTERNAL_REDUNDANT	Non-representative member of a test homology component	A	
8X9L	2025-03-12	test	44.256	EXCLUDE_MULTI_RNA_CHAIN		EXCLUDE_MULTI_RNA_CHAIN	RNA_CHAIN_COUNT=2; required exactly 1		
8X9M	2025-03-12	test	40.618	SELECTED		DROP_INTERNAL_REDUNDANT	Non-representative member of a test homology component	A	
8X9N	2025-03-12	test	52.863	EXCLUDE_MULTI_RNA_CHAIN		EXCLUDE_MULTI_RNA_CHAIN	RNA_CHAIN_COUNT=2; required exactly 1		
8X9O	2025-03-12	test	40.678	SELECTED		DROP_INTERNAL_REDUNDANT	Non-representative member of a test homology component	A	
8X9Q	2025-03-12	test	43.351	SELECTED		DROP_INTERNAL_REDUNDANT	Non-representative member of a test homology component	A	
8XTP	2025-02-12	test	46.636	EXCLUDE_MULTI_RNA_CHAIN		EXCLUDE_MULTI_RNA_CHAIN	RNA_CHAIN_COUNT=2; required exactly 1		
8XTQ	2025-02-12	test	39.032	SELECTED		DROP_INTERNAL_REDUNDANT	Non-representative member of a test homology component	A	
8XTR	2025-02-12	test	45.317	EXCLUDE_MULTI_RNA_CHAIN		EXCLUDE_MULTI_RNA_CHAIN	RNA_CHAIN_COUNT=2; required exactly 1		
8XTS	2025-02-12	test	42.587	SELECTED	test	KEPT		A	/storage9920/home/tinghao.xia/Data_V1/test/8xts
8XZE	2024-07-24	test	5.491	SELECTED		DROP_INTERNAL_REDUNDANT	Non-representative member of a test homology component	A	
8XZK	2024-07-24	test	4.622	SELECTED		DROP_INTERNAL_REDUNDANT	Non-representative member of a test homology component	A	
8XZL	2024-07-24	test	5.582	SELECTED		DROP_INTERNAL_REDUNDANT	Non-representative member of a test homology component	A	
8XZM	2024-07-24	test	4.572	SELECTED		DROP_INTERNAL_REDUNDANT	Non-representative member of a test homology component	A	
8XZN	2024-07-24	test	5.389	SELECTED		DROP_INTERNAL_REDUNDANT	Non-representative member of a test homology component	A	
8XZO	2024-07-24	test	3.769	SELECTED	test	KEPT		A	/storage9920/home/tinghao.xia/Data_V1/test/8xzo
8XZP	2024-07-24	test	5.207	SELECTED		DROP_INTERNAL_REDUNDANT	Non-representative member of a test homology component	A	
8XZQ	2024-07-24	test	3.379	SELECTED		DROP_INTERNAL_REDUNDANT	Non-representative member of a test homology component	A	
8XZR	2024-07-24	test	5.341	SELECTED		DROP_INTERNAL_REDUNDANT	Non-representative member of a test homology component	A	
8XZW	2024-07-24	test	5.134	SELECTED		DROP_INTERNAL_REDUNDANT	Non-representative member of a test homology component	A	
8YAM	2024-09-11	test	0.72	SELECTED	test	KEPT		A	/storage9920/home/tinghao.xia/Data_V1/test/8yam
8YAN	2024-09-11	test	0.781	SELECTED	test	KEPT		A	/storage9920/home/tinghao.xia/Data_V1/test/8yan
8YNO	2024-11-20	test	0.545	EXCLUDE_MULTI_RNA_CHAIN		EXCLUDE_MULTI_RNA_CHAIN	RNA_CHAIN_COUNT=2; required exactly 1		
8YNP	2025-01-22	test	0.679	EXCLUDE_MULTI_RNA_CHAIN		EXCLUDE_MULTI_RNA_CHAIN	RNA_CHAIN_COUNT=2; required exactly 1		
8YZL	2025-03-12	test	0.701	EXCLUDE_MULTI_RNA_CHAIN		EXCLUDE_MULTI_RNA_CHAIN	RNA_CHAIN_COUNT=2; required exactly 1		
8Z8Q	2025-03-19	test	25.594	EXCLUDE_MULTI_RNA_CHAIN		EXCLUDE_MULTI_RNA_CHAIN	RNA_CHAIN_COUNT=2; required exactly 1		
8Z8U	2025-03-19	test	30.413	EXCLUDE_MULTI_RNA_CHAIN		EXCLUDE_MULTI_RNA_CHAIN	RNA_CHAIN_COUNT=2; required exactly 1		
8Z9K	2025-03-19	test	31.045	EXCLUDE_MULTI_RNA_CHAIN		EXCLUDE_MULTI_RNA_CHAIN	RNA_CHAIN_COUNT=2; required exactly 1		
8ZA0	2025-03-19	test	18.693	EXCLUDE_MULTI_RNA_CHAIN		EXCLUDE_MULTI_RNA_CHAIN	RNA_CHAIN_COUNT=6; required exactly 1		
8ZA4	2025-03-19	test	19.591	EXCLUDE_MULTI_RNA_CHAIN		EXCLUDE_MULTI_RNA_CHAIN	RNA_CHAIN_COUNT=6; required exactly 1		
8ZAU	2025-03-19	test	19.06	SELECTED		DROP_REFERENCE_HOMOLOG	Single RNA chain is homologous to final train/val	A	
8ZMH	2025-03-12	test	8.799	SELECTED		DROP_REFERENCE_HOMOLOG	Single RNA chain is homologous to final train/val	A	
8ZNQ	2025-06-04	test	3.33	SELECTED	test	KEPT		A	/storage9920/home/tinghao.xia/Data_V1/test/8znq
9BCI	2024-11-27	test	2.968	SELECTED	test	KEPT		A	/storage9920/home/tinghao.xia/Data_V1/test/9bci
9BLM	2024-11-27	test	4.085	SELECTED	test	KEPT		A	/storage9920/home/tinghao.xia/Data_V1/test/9blm
9BUN	2024-06-05	test	26.878	EXCLUDE_MULTI_RNA_CHAIN		EXCLUDE_MULTI_RNA_CHAIN	RNA_CHAIN_COUNT=4; required exactly 1		
9BXE	2025-04-02	test	1.387	EXCLUDE_MULTI_RNA_CHAIN		EXCLUDE_MULTI_RNA_CHAIN	RNA_CHAIN_COUNT=2; required exactly 1		
9BZ1	2024-11-27	test	22.799	EXCLUDE_MULTI_RNA_CHAIN		EXCLUDE_MULTI_RNA_CHAIN	RNA_CHAIN_COUNT=2; required exactly 1		
9BZC	2024-11-27	test	2.976	SELECTED	test	KEPT		A	/storage9920/home/tinghao.xia/Data_V1/test/9bzc
9C6I	2024-12-04	test	1.541	SELECTED		DROP_REFERENCE_HOMOLOG	Single RNA chain is homologous to final train/val	A	
9C6J	2024-12-04	test	28.31	SELECTED	test	KEPT		A	/storage9920/home/tinghao.xia/Data_V1/test/9c6j
9C6K	2024-12-04	test	1.521	SELECTED		DROP_INTERNAL_REDUNDANT	Non-representative member of a test homology component	X	
9CBU	2024-11-20	test	3.236	SELECTED		DROP_REFERENCE_HOMOLOG	Single RNA chain is homologous to final train/val	N	
9CBW	2024-11-20	test	4.354	SELECTED		DROP_REFERENCE_HOMOLOG	Single RNA chain is homologous to final train/val	N	
9CBX	2024-11-20	test	2.3	SELECTED		DROP_REFERENCE_HOMOLOG	Single RNA chain is homologous to final train/val	N	
9CBY	2024-11-20	test	4.106	SELECTED		DROP_REFERENCE_HOMOLOG	Single RNA chain is homologous to final train/val	N	
9CFN	2025-07-16	test	21.953	EXCLUDE_MULTI_RNA_CHAIN		EXCLUDE_MULTI_RNA_CHAIN	RNA_CHAIN_COUNT=2; required exactly 1		
9CPD	2024-08-07	test	1.465	EXCLUDE_MULTI_RNA_CHAIN		EXCLUDE_MULTI_RNA_CHAIN	RNA_CHAIN_COUNT=2; required exactly 1		
9CPG	2024-08-07	test	3.001	EXCLUDE_MULTI_RNA_CHAIN		EXCLUDE_MULTI_RNA_CHAIN	RNA_CHAIN_COUNT=2; required exactly 1		
9CPI	2024-08-07	test	3.247	EXCLUDE_MULTI_RNA_CHAIN		EXCLUDE_MULTI_RNA_CHAIN	RNA_CHAIN_COUNT=2; required exactly 1		
9CPJ	2024-08-07	test	3.237	EXCLUDE_MULTI_RNA_CHAIN		EXCLUDE_MULTI_RNA_CHAIN	RNA_CHAIN_COUNT=2; required exactly 1		
9CSO	2025-05-14	test	14.33	SELECTED	test	KEPT		A	/storage9920/home/tinghao.xia/Data_V1/test/9cso
9CSP	2025-05-14	test	14.27	SELECTED	test	KEPT		A	/storage9920/home/tinghao.xia/Data_V1/test/9csp
9CSQ	2025-05-14	test	14.259	SELECTED	test	KEPT		A	/storage9920/home/tinghao.xia/Data_V1/test/9csq
9CSR	2025-05-14	test	14.422	SELECTED	test	KEPT		A	/storage9920/home/tinghao.xia/Data_V1/test/9csr
9CXF	2025-01-29	test	35.67	SELECTED	test	KEPT		A	/storage9920/home/tinghao.xia/Data_V1/test/9cxf
9DE6	2025-03-12	test	51.654	EXCLUDE_MULTI_RNA_CHAIN		EXCLUDE_MULTI_RNA_CHAIN	RNA_CHAIN_COUNT=2; required exactly 1		
9DE7	2025-03-12	test	2.791	SELECTED	test	KEPT		A	/storage9920/home/tinghao.xia/Data_V1/test/9de7
9DE8	2025-03-12	test	2.78	SELECTED		DROP_INTERNAL_REDUNDANT	Non-representative member of a test homology component	A	
9DIB	2025-04-09	test	37.125	EXCLUDE_MULTI_RNA_CHAIN		EXCLUDE_MULTI_RNA_CHAIN	RNA_CHAIN_COUNT=2; required exactly 1		
9DID	2025-04-09	test	37.076	EXCLUDE_MULTI_RNA_CHAIN		EXCLUDE_MULTI_RNA_CHAIN	RNA_CHAIN_COUNT=2; required exactly 1		
9DIG	2025-04-09	test	37.865	EXCLUDE_MULTI_RNA_CHAIN		EXCLUDE_MULTI_RNA_CHAIN	RNA_CHAIN_COUNT=2; required exactly 1		
9DII	2025-04-09	test	38.093	EXCLUDE_MULTI_RNA_CHAIN		EXCLUDE_MULTI_RNA_CHAIN	RNA_CHAIN_COUNT=2; required exactly 1		
9DKG	2026-04-08	test	1.106	EXCLUDE_MULTI_RNA_CHAIN		EXCLUDE_MULTI_RNA_CHAIN	RNA_CHAIN_COUNT=2; required exactly 1		
9DLL	2024-09-25	test	2.003	EXCLUDE_MULTI_RNA_CHAIN		EXCLUDE_MULTI_RNA_CHAIN	RNA_CHAIN_COUNT=2; required exactly 1		
9DLM	2026-04-08	test	4.676	EXCLUDE_MULTI_RNA_CHAIN		EXCLUDE_MULTI_RNA_CHAIN	RNA_CHAIN_COUNT=2; required exactly 1		
9DLN	2026-05-06	test	2.612	EXCLUDE_MULTI_RNA_CHAIN		EXCLUDE_MULTI_RNA_CHAIN	RNA_CHAIN_COUNT=2; required exactly 1		
9DP9	2025-05-28	test	16.743	SELECTED		DROP_REFERENCE_HOMOLOG	Single RNA chain is homologous to final train/val	A	
9DXL	2024-10-23	test	25.244	EXCLUDE_MULTI_RNA_CHAIN		EXCLUDE_MULTI_RNA_CHAIN	RNA_CHAIN_COUNT=2; required exactly 1		
9E5H	2025-09-24	test	22.055	EXCLUDE_MULTI_RNA_CHAIN		EXCLUDE_MULTI_RNA_CHAIN	RNA_CHAIN_COUNT=2; required exactly 1		
9E5I	2025-09-24	test	9.837	EXCLUDE_MULTI_RNA_CHAIN		EXCLUDE_MULTI_RNA_CHAIN	RNA_CHAIN_COUNT=2; required exactly 1		
9E5J	2025-09-24	test	10.611	EXCLUDE_MULTI_RNA_CHAIN		EXCLUDE_MULTI_RNA_CHAIN	RNA_CHAIN_COUNT=2; required exactly 1		
9E5K	2025-09-24	test	27.844	EXCLUDE_MULTI_RNA_CHAIN		EXCLUDE_MULTI_RNA_CHAIN	RNA_CHAIN_COUNT=4; required exactly 1		
9E5L	2025-09-24	test	9.848	EXCLUDE_MULTI_RNA_CHAIN		EXCLUDE_MULTI_RNA_CHAIN	RNA_CHAIN_COUNT=2; required exactly 1		
9E5M	2025-09-24	test	27.306	EXCLUDE_MULTI_RNA_CHAIN		EXCLUDE_MULTI_RNA_CHAIN	RNA_CHAIN_COUNT=2; required exactly 1		
9E5O	2025-09-24	test	10.166	EXCLUDE_MULTI_RNA_CHAIN		EXCLUDE_MULTI_RNA_CHAIN	RNA_CHAIN_COUNT=2; required exactly 1		
9E5P	2025-09-24	test	10.848	EXCLUDE_MULTI_RNA_CHAIN		EXCLUDE_MULTI_RNA_CHAIN	RNA_CHAIN_COUNT=2; required exactly 1		
9E5Q	2025-09-24	test	10.743	EXCLUDE_MULTI_RNA_CHAIN		EXCLUDE_MULTI_RNA_CHAIN	RNA_CHAIN_COUNT=2; required exactly 1		
9E5R	2025-09-24	test	10.98	EXCLUDE_MULTI_RNA_CHAIN		EXCLUDE_MULTI_RNA_CHAIN	RNA_CHAIN_COUNT=2; required exactly 1		
9E5S	2025-09-24	test	10.6	EXCLUDE_MULTI_RNA_CHAIN		EXCLUDE_MULTI_RNA_CHAIN	RNA_CHAIN_COUNT=2; required exactly 1		
9E5T	2025-09-24	test	28.244	EXCLUDE_MULTI_RNA_CHAIN		EXCLUDE_MULTI_RNA_CHAIN	RNA_CHAIN_COUNT=2; required exactly 1		
9E73	2025-11-05	test	25.362	SELECTED		DROP_INTERNAL_REDUNDANT	Non-representative member of a test homology component	A	
9E74	2025-11-05	test	30.527	SELECTED	test	KEPT		A	/storage9920/home/tinghao.xia/Data_V1/test/9e74
9E75	2025-11-05	test	27.285	SELECTED	test	KEPT		A	/storage9920/home/tinghao.xia/Data_V1/test/9e75
9E9O	2025-11-05	test	18.262	SELECTED		DROP_REFERENCE_HOMOLOG	Single RNA chain is homologous to final train/val	A	
9E9Q	2025-07-09	test	18.728	SELECTED		DROP_REFERENCE_HOMOLOG	Single RNA chain is homologous to final train/val	A	
9EBP	2025-11-19	test	30.593	EXCLUDE_MULTI_RNA_CHAIN		EXCLUDE_MULTI_RNA_CHAIN	RNA_CHAIN_COUNT=2; required exactly 1		
9EBV	2025-11-19	test	30.697	EXCLUDE_MULTI_RNA_CHAIN		EXCLUDE_MULTI_RNA_CHAIN	RNA_CHAIN_COUNT=2; required exactly 1		
9EC4	2025-11-19	test	28.785	EXCLUDE_MULTI_RNA_CHAIN		EXCLUDE_MULTI_RNA_CHAIN	RNA_CHAIN_COUNT=2; required exactly 1		
9ECQ	2025-04-16	test	2.559	SELECTED	test	KEPT		A	/storage9920/home/tinghao.xia/Data_V1/test/9ecq
9ECR	2025-04-16	test	2.309	SELECTED	test	KEPT		A	/storage9920/home/tinghao.xia/Data_V1/test/9ecr
9ELR	2025-09-24	test	27.137	EXCLUDE_MULTI_RNA_CHAIN		EXCLUDE_MULTI_RNA_CHAIN	RNA_CHAIN_COUNT=2; required exactly 1		
9ELY	2025-04-23	test	28.204	SELECTED	test	KEPT		A	/storage9920/home/tinghao.xia/Data_V1/test/9ely
9EN6	2024-05-01	test	9.959	EXCLUDE_MULTI_RNA_CHAIN		EXCLUDE_MULTI_RNA_CHAIN	RNA_CHAIN_COUNT=4; required exactly 1		
9EOW	2024-06-19	test	4.97	SELECTED	test	KEPT		A	/storage9920/home/tinghao.xia/Data_V1/test/9eow
9EWW	2025-04-16	test	26.478	SELECTED	test	KEPT		A	/storage9920/home/tinghao.xia/Data_V1/test/9eww
9FM4	2025-05-07	test	4.134	SELECTED	test	KEPT		A	/storage9920/home/tinghao.xia/Data_V1/test/9fm4
9FN2	2025-01-22	test	24.984	EXCLUDE_MULTI_RNA_CHAIN		EXCLUDE_MULTI_RNA_CHAIN	RNA_CHAIN_COUNT=2; required exactly 1		
9FN3	2025-02-05	test	22.578	EXCLUDE_MULTI_RNA_CHAIN		EXCLUDE_MULTI_RNA_CHAIN	RNA_CHAIN_COUNT=2; required exactly 1		
9FO8	2024-11-06	test	5.232	SELECTED	test	KEPT		A	/storage9920/home/tinghao.xia/Data_V1/test/9fo8
9FO9	2024-11-06	test	6.25	SELECTED	test	KEPT		A	/storage9920/home/tinghao.xia/Data_V1/test/9fo9
9G4I	2025-11-05	test	4.147	SELECTED	test	KEPT		A	/storage9920/home/tinghao.xia/Data_V1/test/9g4i
9G4J	2025-11-05	test	11.076	SELECTED		DROP_REFERENCE_HOMOLOG	Single RNA chain is homologous to final train/val	A	
9G4L	2025-11-05	test	4.541	SELECTED		DROP_REFERENCE_HOMOLOG	Single RNA chain is homologous to final train/val	A	
9G4P	2025-07-30	test	16.87	EXCLUDE_MULTI_RNA_CHAIN		EXCLUDE_MULTI_RNA_CHAIN	RNA_CHAIN_COUNT=2; required exactly 1		
9G4Q	2025-07-30	test	33.282	EXCLUDE_MULTI_RNA_CHAIN		EXCLUDE_MULTI_RNA_CHAIN	RNA_CHAIN_COUNT=2; required exactly 1		
9G4R	2025-07-30	test	7.344	SELECTED	test	KEPT		A	/storage9920/home/tinghao.xia/Data_V1/test/9g4r
9G4V	2025-11-05	test	6.068	SELECTED		DROP_INTERNAL_REDUNDANT	Non-representative member of a test homology component	A	
9G54	2025-11-05	test	3.168	SELECTED		DROP_REFERENCE_HOMOLOG	Single RNA chain is homologous to final train/val	A	
9G56	2025-12-17	test	7.025	SELECTED		DROP_INTERNAL_REDUNDANT	Non-representative member of a test homology component	A	
9G7C	2024-10-30	test	29.388	SELECTED	test	KEPT		A	/storage9920/home/tinghao.xia/Data_V1/test/9g7c
9H82	2024-12-04	test	14.897	EXCLUDE_MULTI_RNA_CHAIN		EXCLUDE_MULTI_RNA_CHAIN	RNA_CHAIN_COUNT=2; required exactly 1		
9H83	2024-12-04	test		EXCLUDE_MULTI_RNA_CHAIN		EXCLUDE_MULTI_RNA_CHAIN	RNA_CHAIN_COUNT=4; required exactly 1		
9H86	2024-12-04	test	49.449	EXCLUDE_MULTI_RNA_CHAIN		EXCLUDE_MULTI_RNA_CHAIN	RNA_CHAIN_COUNT=8; required exactly 1		
9H8A	2024-12-04	test	47.617	EXCLUDE_MULTI_RNA_CHAIN		EXCLUDE_MULTI_RNA_CHAIN	RNA_CHAIN_COUNT=8; required exactly 1		
9HRD	2026-01-14	test	33.964	EXCLUDE_MULTI_RNA_CHAIN		EXCLUDE_MULTI_RNA_CHAIN	RNA_CHAIN_COUNT=4; required exactly 1		
9HRF	2026-01-14	test	8.182	SELECTED	test	KEPT		A	/storage9920/home/tinghao.xia/Data_V1/test/9hrf
9HRG	2026-01-14	test	34.556	EXCLUDE_MULTI_RNA_CHAIN		EXCLUDE_MULTI_RNA_CHAIN	RNA_CHAIN_COUNT=4; required exactly 1		
9HRO	2025-10-01	test	3.819	SELECTED	test	KEPT		A	/storage9920/home/tinghao.xia/Data_V1/test/9hro
9I8B	2025-03-12	test	3.627	EXCLUDE_MULTI_RNA_CHAIN		EXCLUDE_MULTI_RNA_CHAIN	RNA_CHAIN_COUNT=2; required exactly 1		
9I9W	2025-09-24	test	4.193	EXCLUDE_MULTI_RNA_CHAIN		EXCLUDE_MULTI_RNA_CHAIN	RNA_CHAIN_COUNT=2; required exactly 1		
9IF0	2025-09-24	test	4.359	EXCLUDE_MULTI_RNA_CHAIN		EXCLUDE_MULTI_RNA_CHAIN	RNA_CHAIN_COUNT=2; required exactly 1		
9IF1	2025-09-24	test	2.228	EXCLUDE_MULTI_RNA_CHAIN		EXCLUDE_MULTI_RNA_CHAIN	RNA_CHAIN_COUNT=2; required exactly 1		
9IO0	2025-04-02	test	4.278	SELECTED	test	KEPT		A	/storage9920/home/tinghao.xia/Data_V1/test/9io0
9IO1	2025-04-02	test	4.019	SELECTED	test	KEPT		A	/storage9920/home/tinghao.xia/Data_V1/test/9io1
9IOR	2025-04-02	test	4.72	SELECTED	test	KEPT		A	/storage9920/home/tinghao.xia/Data_V1/test/9ior
9IOS	2025-04-02	test	5.282	SELECTED	test	KEPT		A	/storage9920/home/tinghao.xia/Data_V1/test/9ios
9IOU	2025-04-02	test	5.788	SELECTED	test	KEPT		A	/storage9920/home/tinghao.xia/Data_V1/test/9iou
9IS7	2025-02-12	test	47.583	EXCLUDE_MULTI_RNA_CHAIN		EXCLUDE_MULTI_RNA_CHAIN	RNA_CHAIN_COUNT=2; required exactly 1		
9ISV	2025-03-19	test	38.831	SELECTED	test	KEPT		A	/storage9920/home/tinghao.xia/Data_V1/test/9isv
9IWF	2025-06-04	test	4.053	EXCLUDE_MULTI_RNA_CHAIN		EXCLUDE_MULTI_RNA_CHAIN	RNA_CHAIN_COUNT=2; required exactly 1		
9IWG	2025-06-04	test	4.195	EXCLUDE_MULTI_RNA_CHAIN		EXCLUDE_MULTI_RNA_CHAIN	RNA_CHAIN_COUNT=2; required exactly 1		
9J3R	2025-03-19	test	82.158	EXCLUDE_MULTI_RNA_CHAIN		EXCLUDE_MULTI_RNA_CHAIN	RNA_CHAIN_COUNT=4; required exactly 1		
9J3T	2025-03-19	test		EXCLUDE_MULTI_RNA_CHAIN		EXCLUDE_MULTI_RNA_CHAIN	RNA_CHAIN_COUNT=8; required exactly 1		
9J4N	2025-07-09	test	3.467	SELECTED	test	KEPT		A	/storage9920/home/tinghao.xia/Data_V1/test/9j4n
9J4O	2025-07-09	test	3.944	SELECTED	test	KEPT		A	/storage9920/home/tinghao.xia/Data_V1/test/9j4o
9J6P	2025-01-15	test	2.435	EXCLUDE_MULTI_RNA_CHAIN		EXCLUDE_MULTI_RNA_CHAIN	RNA_CHAIN_COUNT=2; required exactly 1		
9J6Y	2025-03-19	test	90.032	EXCLUDE_MULTI_RNA_CHAIN		EXCLUDE_MULTI_RNA_CHAIN	RNA_CHAIN_COUNT=6; required exactly 1		
9J9X	2026-03-04	test		EXCLUDE_NO_STRICT_RANK1		EXCLUDE_NO_STRICT_RANK1	PDB is absent from rank1_targets.csv	N	
9JA7	2025-09-03	test	4.215	SELECTED		DROP_REFERENCE_HOMOLOG	Single RNA chain is homologous to final train/val	A	
9JA9	2025-09-03	test	4.177	SELECTED		DROP_REFERENCE_HOMOLOG	Single RNA chain is homologous to final train/val	A	
9JC8	2026-03-04	test	10.486	SELECTED		DROP_REFERENCE_HOMOLOG	Single RNA chain is homologous to final train/val	N	
9JGM	2025-06-04	test	37.746	EXCLUDE_MULTI_RNA_CHAIN		EXCLUDE_MULTI_RNA_CHAIN	RNA_CHAIN_COUNT=4; required exactly 1		
9K9G	2026-04-22	test	19.559	SELECTED	test	KEPT		A	/storage9920/home/tinghao.xia/Data_V1/test/9k9g
9K9H	2026-04-22	test	20.303	SELECTED		DROP_INTERNAL_REDUNDANT	Non-representative member of a test homology component	A	
9K9J	2026-04-22	test	5.946	SELECTED		DROP_INTERNAL_REDUNDANT	Non-representative member of a test homology component	A	
9K9K	2026-04-22	test	5.819	SELECTED	test	KEPT		A	/storage9920/home/tinghao.xia/Data_V1/test/9k9k
9KAD	2025-01-22	test	8.428	EXCLUDE_MULTI_RNA_CHAIN		EXCLUDE_MULTI_RNA_CHAIN	RNA_CHAIN_COUNT=2; required exactly 1		
9KGG	2025-11-12	test	8.333	SELECTED	test	KEPT		U	/storage9920/home/tinghao.xia/Data_V1/test/9kgg
9KGH	2025-11-12	test	6.375	SELECTED		DROP_INTERNAL_REDUNDANT	Non-representative member of a test homology component	U	
9KPH	2025-03-19	test	51.421	EXCLUDE_MULTI_RNA_CHAIN		EXCLUDE_MULTI_RNA_CHAIN	RNA_CHAIN_COUNT=2; required exactly 1		
9KPO	2025-03-19	test	39.118	EXCLUDE_MULTI_RNA_CHAIN		EXCLUDE_MULTI_RNA_CHAIN	RNA_CHAIN_COUNT=2; required exactly 1		
9L0R	2025-03-19	test		EXCLUDE_MULTI_RNA_CHAIN		EXCLUDE_MULTI_RNA_CHAIN	RNA_CHAIN_COUNT=12; required exactly 1		
9L8F	2026-07-01	test	8.905	SELECTED	test	KEPT		U	/storage9920/home/tinghao.xia/Data_V1/test/9l8f
9LCR	2025-03-19	test	22.027	EXCLUDE_MULTI_RNA_CHAIN		EXCLUDE_MULTI_RNA_CHAIN	RNA_CHAIN_COUNT=2; required exactly 1		
9LE3	2025-09-10	test	93.022	EXCLUDE_MULTI_RNA_CHAIN		EXCLUDE_MULTI_RNA_CHAIN	RNA_CHAIN_COUNT=6; required exactly 1		
9LE5	2025-09-10	test	44.681	SELECTED		DROP_INTERNAL_REDUNDANT	Non-representative member of a test homology component	A	
9LE6	2025-09-10	test	96.996	EXCLUDE_MULTI_RNA_CHAIN		EXCLUDE_MULTI_RNA_CHAIN	RNA_CHAIN_COUNT=6; required exactly 1		
9LEC	2025-09-10	test	33.708	SELECTED	test	KEPT		J	/storage9920/home/tinghao.xia/Data_V1/test/9lec
9LEE	2025-09-10	test		EXCLUDE_MULTI_RNA_CHAIN		EXCLUDE_MULTI_RNA_CHAIN	RNA_CHAIN_COUNT=10; required exactly 1		
9LEL	2025-09-10	test	47.87	SELECTED	test	KEPT		J	/storage9920/home/tinghao.xia/Data_V1/test/9lel
9LEM	2025-09-10	test		EXCLUDE_MULTI_RNA_CHAIN		EXCLUDE_MULTI_RNA_CHAIN	RNA_CHAIN_COUNT=10; required exactly 1		
9LHK	2025-09-10	test	55.607	SELECTED	test	KEPT		G	/storage9920/home/tinghao.xia/Data_V1/test/9lhk
9LHL	2025-09-10	test		EXCLUDE_MULTI_RNA_CHAIN		EXCLUDE_MULTI_RNA_CHAIN	RNA_CHAIN_COUNT=14; required exactly 1		
9LJN	2025-11-26	test	5.571	SELECTED		DROP_INTERNAL_REDUNDANT	Non-representative member of a test homology component	A	
9LKC	2025-11-26	test	6.114	SELECTED		DROP_INTERNAL_REDUNDANT	Non-representative member of a test homology component	A	
9LKE	2025-11-26	test	5.518	SELECTED	test	KEPT		A	/storage9920/home/tinghao.xia/Data_V1/test/9lke
9LKF	2025-11-26	test	5.853	SELECTED		DROP_INTERNAL_REDUNDANT	Non-representative member of a test homology component	A	
9LKU	2025-08-20	test	3.647	SELECTED		DROP_INTERNAL_REDUNDANT	Non-representative member of a test homology component	X	
9LKV	2025-08-20	test	3.797	SELECTED		DROP_INTERNAL_REDUNDANT	Non-representative member of a test homology component	X	
9LKW	2025-08-20	test	3.967	SELECTED		DROP_INTERNAL_REDUNDANT	Non-representative member of a test homology component	X	
9LMC	2025-11-26	test	25.143	EXCLUDE_MULTI_RNA_CHAIN		EXCLUDE_MULTI_RNA_CHAIN	RNA_CHAIN_COUNT=2; required exactly 1		
9LMF	2025-03-19	test		EXCLUDE_MULTI_RNA_CHAIN		EXCLUDE_MULTI_RNA_CHAIN	RNA_CHAIN_COUNT=10; required exactly 1		
9M78	2025-09-10	test	82.485	EXCLUDE_MULTI_RNA_CHAIN		EXCLUDE_MULTI_RNA_CHAIN	RNA_CHAIN_COUNT=6; required exactly 1		
9M79	2025-09-10	test	43.871	SELECTED	test	KEPT		A	/storage9920/home/tinghao.xia/Data_V1/test/9m79
9MCW	2025-04-23	test	49.45	EXCLUDE_MULTI_RNA_CHAIN		EXCLUDE_MULTI_RNA_CHAIN	RNA_CHAIN_COUNT=2; required exactly 1		
9MDS	2025-04-30	test		EXCLUDE_MULTI_RNA_CHAIN		EXCLUDE_MULTI_RNA_CHAIN	RNA_CHAIN_COUNT=8; required exactly 1		
9MDW	2025-05-14	test	14.37	SELECTED	test	KEPT		A	/storage9920/home/tinghao.xia/Data_V1/test/9mdw
9MDX	2025-05-14	test	14.572	SELECTED	test	KEPT		A	/storage9920/home/tinghao.xia/Data_V1/test/9mdx
9MDY	2025-05-14	test	14.308	SELECTED	test	KEPT		A	/storage9920/home/tinghao.xia/Data_V1/test/9mdy
9MEE	2025-04-30	test		EXCLUDE_MULTI_RNA_CHAIN		EXCLUDE_MULTI_RNA_CHAIN	RNA_CHAIN_COUNT=14; required exactly 1		
9MFH	2025-09-24	test	5.011	SELECTED	test	KEPT		A	/storage9920/home/tinghao.xia/Data_V1/test/9mfh
9MM6	2025-06-04	test		EXCLUDE_MULTI_RNA_CHAIN		EXCLUDE_MULTI_RNA_CHAIN	RNA_CHAIN_COUNT=8; required exactly 1		
9MME	2025-06-04	test		EXCLUDE_MULTI_RNA_CHAIN		EXCLUDE_MULTI_RNA_CHAIN	RNA_CHAIN_COUNT=8; required exactly 1		
9MMG	2025-06-04	test	51.033	SELECTED		DROP_INTERNAL_REDUNDANT	Non-representative member of a test homology component	c	
9MQS	2025-04-30	test	9.019	SELECTED		DROP_INTERNAL_REDUNDANT	Non-representative member of a test homology component	A	
9MQT	2025-04-30	test	9.17	SELECTED	test	KEPT		A	/storage9920/home/tinghao.xia/Data_V1/test/9mqt
9MQU	2025-04-30	test	9.117	SELECTED		DROP_INTERNAL_REDUNDANT	Non-representative member of a test homology component	A	
9NA1	2026-03-04	test	36.282	EXCLUDE_MULTI_RNA_CHAIN		EXCLUDE_MULTI_RNA_CHAIN	RNA_CHAIN_COUNT=2; required exactly 1		
9NA7	2026-03-04	test	42.145	EXCLUDE_MULTI_RNA_CHAIN		EXCLUDE_MULTI_RNA_CHAIN	RNA_CHAIN_COUNT=2; required exactly 1		
9NAK	2026-03-04	test	34.578	EXCLUDE_MULTI_RNA_CHAIN		EXCLUDE_MULTI_RNA_CHAIN	RNA_CHAIN_COUNT=2; required exactly 1		
9NAM	2026-03-04	test	12.733	SELECTED	test	KEPT		A	/storage9920/home/tinghao.xia/Data_V1/test/9nam
9NAP	2026-03-04	test	20.783	SELECTED		DROP_INTERNAL_REDUNDANT	Non-representative member of a test homology component	A	
9NAS	2026-03-04	test	42.796	EXCLUDE_MULTI_RNA_CHAIN		EXCLUDE_MULTI_RNA_CHAIN	RNA_CHAIN_COUNT=4; required exactly 1		
9NBC	2026-03-04	test	1.53	SELECTED	test	KEPT		A	/storage9920/home/tinghao.xia/Data_V1/test/9nbc
9NBH	2026-03-04	test	41.263	EXCLUDE_MULTI_RNA_CHAIN		EXCLUDE_MULTI_RNA_CHAIN	RNA_CHAIN_COUNT=4; required exactly 1		
9NDD	2026-03-04	test	53.439	EXCLUDE_MULTI_RNA_CHAIN		EXCLUDE_MULTI_RNA_CHAIN	RNA_CHAIN_COUNT=4; required exactly 1		
9NDV	2026-03-04	test	5.268	SELECTED	test	KEPT		A	/storage9920/home/tinghao.xia/Data_V1/test/9ndv
9NDW	2026-03-04	test	48.302	EXCLUDE_MULTI_RNA_CHAIN		EXCLUDE_MULTI_RNA_CHAIN	RNA_CHAIN_COUNT=2; required exactly 1		
9NDX	2026-03-04	test	60.933	EXCLUDE_MULTI_RNA_CHAIN		EXCLUDE_MULTI_RNA_CHAIN	RNA_CHAIN_COUNT=2; required exactly 1		
9O47	2026-04-22	test		EXCLUDE_MULTI_RNA_CHAIN		EXCLUDE_MULTI_RNA_CHAIN	RNA_CHAIN_COUNT=2; required exactly 1		
9OBM	2025-07-16	test	6.236	SELECTED	test	KEPT		A	/storage9920/home/tinghao.xia/Data_V1/test/9obm
9OD4	2025-10-15	test	0.848	SELECTED	test	KEPT		A	/storage9920/home/tinghao.xia/Data_V1/test/9od4
9OD5	2025-10-15	test	2.037	SELECTED		DROP_INTERNAL_REDUNDANT	Non-representative member of a test homology component	A	
9OL2	2025-10-22	test	0.219	EXCLUDE_MULTI_RNA_CHAIN		EXCLUDE_MULTI_RNA_CHAIN	RNA_CHAIN_COUNT=2; required exactly 1		
9OL3	2025-10-22	test	0.286	EXCLUDE_MULTI_RNA_CHAIN		EXCLUDE_MULTI_RNA_CHAIN	RNA_CHAIN_COUNT=2; required exactly 1		
9OV3	2026-05-20	test	10.216	SELECTED		DROP_REFERENCE_HOMOLOG	Single RNA chain is homologous to final train/val	A	
9OV6	2026-05-20	test	8.121	SELECTED		DROP_REFERENCE_HOMOLOG	Single RNA chain is homologous to final train/val	A	
9OV7	2026-05-20	test	10.424	SELECTED		DROP_REFERENCE_HOMOLOG	Single RNA chain is homologous to final train/val	A	
9OV8	2026-05-20	test	10.218	SELECTED		DROP_REFERENCE_HOMOLOG	Single RNA chain is homologous to final train/val	A	
9OVB	2026-05-20	test	10.793	SELECTED		DROP_REFERENCE_HOMOLOG	Single RNA chain is homologous to final train/val	A	
9OVC	2026-05-20	test	11.079	SELECTED		DROP_REFERENCE_HOMOLOG	Single RNA chain is homologous to final train/val	A	
9OWJ	2026-05-20	test	17.881	EXCLUDE_MULTI_RNA_CHAIN		EXCLUDE_MULTI_RNA_CHAIN	RNA_CHAIN_COUNT=3; required exactly 1		
9OWK	2026-06-03	test	16.322	EXCLUDE_MULTI_RNA_CHAIN		EXCLUDE_MULTI_RNA_CHAIN	RNA_CHAIN_COUNT=3; required exactly 1		
9OWL	2026-05-20	test	11.548	EXCLUDE_MULTI_RNA_CHAIN		EXCLUDE_MULTI_RNA_CHAIN	RNA_CHAIN_COUNT=2; required exactly 1		
9OWM	2026-05-20	test	11.723	EXCLUDE_MULTI_RNA_CHAIN		EXCLUDE_MULTI_RNA_CHAIN	RNA_CHAIN_COUNT=2; required exactly 1		
9OWN	2026-05-06	test	11.634	EXCLUDE_MULTI_RNA_CHAIN		EXCLUDE_MULTI_RNA_CHAIN	RNA_CHAIN_COUNT=2; required exactly 1		
9OWO	2026-06-10	test	20.073	EXCLUDE_MULTI_RNA_CHAIN		EXCLUDE_MULTI_RNA_CHAIN	RNA_CHAIN_COUNT=2; required exactly 1		
9OWP	2026-06-10	test	21.21	EXCLUDE_MULTI_RNA_CHAIN		EXCLUDE_MULTI_RNA_CHAIN	RNA_CHAIN_COUNT=2; required exactly 1		
9OWQ	2026-05-06	test	15.224	EXCLUDE_MULTI_RNA_CHAIN		EXCLUDE_MULTI_RNA_CHAIN	RNA_CHAIN_COUNT=2; required exactly 1		
9OY2	2026-05-20	test	14.632	SELECTED		DROP_REFERENCE_HOMOLOG	Single RNA chain is homologous to final train/val	A	
9OY3	2026-05-20	test	11.829	SELECTED		DROP_REFERENCE_HOMOLOG	Single RNA chain is homologous to final train/val	A	
9OY4	2026-05-20	test	12.846	SELECTED		DROP_REFERENCE_HOMOLOG	Single RNA chain is homologous to final train/val	A	
9PDE	2026-02-04	test	2.448	SELECTED	test	KEPT		A	/storage9920/home/tinghao.xia/Data_V1/test/9pde
9PDF	2026-02-04	test	2.389	SELECTED		DROP_REFERENCE_HOMOLOG	Single RNA chain is homologous to final train/val	A	
9PDG	2026-02-04	test	3.233	SELECTED		DROP_REFERENCE_HOMOLOG	Single RNA chain is homologous to final train/val	A	
9Q0I	2026-04-29	test		EXCLUDE_MULTI_RNA_CHAIN		EXCLUDE_MULTI_RNA_CHAIN	RNA_CHAIN_COUNT=6; required exactly 1		
9Q0J	2026-04-29	test		EXCLUDE_MULTI_RNA_CHAIN		EXCLUDE_MULTI_RNA_CHAIN	RNA_CHAIN_COUNT=3; required exactly 1		
9Q3C	2025-11-05	test	30.104	EXCLUDE_MULTI_RNA_CHAIN		EXCLUDE_MULTI_RNA_CHAIN	RNA_CHAIN_COUNT=14; required exactly 1		
9QTJ	2026-02-18	test	9.597	SELECTED	test	KEPT		1	/storage9920/home/tinghao.xia/Data_V1/test/9qtj
9QU6	2026-02-25	test	7.516	EXCLUDE_MULTI_RNA_CHAIN		EXCLUDE_MULTI_RNA_CHAIN	RNA_CHAIN_COUNT=2; required exactly 1		
9QU7	2026-02-25	test	15.409	EXCLUDE_MULTI_RNA_CHAIN		EXCLUDE_MULTI_RNA_CHAIN	RNA_CHAIN_COUNT=2; required exactly 1		
9QZJ	2025-10-01	test	3.394	SELECTED	test	KEPT		A	/storage9920/home/tinghao.xia/Data_V1/test/9qzj
9R7Q	2026-02-25	test	9.997	SELECTED	test	KEPT		A	/storage9920/home/tinghao.xia/Data_V1/test/9r7q
9R7W	2026-02-25	test	39.147	SELECTED	test	KEPT		A	/storage9920/home/tinghao.xia/Data_V1/test/9r7w
9R82	2026-02-25	test		EXCLUDE_NO_STRICT_RANK1		EXCLUDE_NO_STRICT_RANK1	PDB is absent from rank1_targets.csv	A	
9RB4	2026-06-03	test		EXCLUDE_NO_STRICT_RANK1		EXCLUDE_NO_STRICT_RANK1	PDB is absent from rank1_targets.csv	A	
9S1D	2026-07-22	test	12.481	EXCLUDE_MULTI_RNA_CHAIN		EXCLUDE_MULTI_RNA_CHAIN	RNA_CHAIN_COUNT=3; required exactly 1		
9SD9	2026-06-10	test		EXCLUDE_MULTI_RNA_CHAIN		EXCLUDE_MULTI_RNA_CHAIN	RNA_CHAIN_COUNT=2; required exactly 1		
9SXV	2025-11-12	test	2.017	SELECTED		DROP_REFERENCE_HOMOLOG	Single RNA chain is homologous to final train/val	A	
9SY4	2025-11-12	test	1.869	SELECTED		DROP_REFERENCE_HOMOLOG	Single RNA chain is homologous to final train/val	A	
9SY8	2026-06-24	test	2.103	SELECTED	test	KEPT		A	/storage9920/home/tinghao.xia/Data_V1/test/9sy8
9SYC	2026-06-24	test	3.204	SELECTED		DROP_INTERNAL_REDUNDANT	Non-representative member of a test homology component	A	
9SYD	2026-06-24	test	2.341	SELECTED		DROP_INTERNAL_REDUNDANT	Non-representative member of a test homology component	A	
9SYE	2026-06-24	test	1.807	SELECTED		DROP_INTERNAL_REDUNDANT	Non-representative member of a test homology component	A	
9SYF	2026-06-24	test	1.341	SELECTED		DROP_INTERNAL_REDUNDANT	Non-representative member of a test homology component	A	
9TCA	2026-02-11	test	9.586	EXCLUDE_MULTI_RNA_CHAIN		EXCLUDE_MULTI_RNA_CHAIN	RNA_CHAIN_COUNT=4; required exactly 1		
9TCG	2026-02-11	test	10.289	EXCLUDE_MULTI_RNA_CHAIN		EXCLUDE_MULTI_RNA_CHAIN	RNA_CHAIN_COUNT=4; required exactly 1		
9UUG	2026-06-10	test	3.043	SELECTED	test	KEPT		A	/storage9920/home/tinghao.xia/Data_V1/test/9uug
9UW0	2025-08-20	test	3.94	SELECTED	test	KEPT		X	/storage9920/home/tinghao.xia/Data_V1/test/9uw0
9V4U	2025-11-26	test	5.312	SELECTED		DROP_INTERNAL_REDUNDANT	Non-representative member of a test homology component	A	
9V4V	2025-11-26	test	5.715	SELECTED		DROP_INTERNAL_REDUNDANT	Non-representative member of a test homology component	A	
9V4X	2025-11-26	test	5.353	SELECTED		DROP_INTERNAL_REDUNDANT	Non-representative member of a test homology component	A	
9V4Y	2025-11-26	test	5.557	SELECTED		DROP_INTERNAL_REDUNDANT	Non-representative member of a test homology component	A	
9V4Z	2025-11-26	test	6.069	SELECTED		DROP_INTERNAL_REDUNDANT	Non-representative member of a test homology component	A	
9V50	2025-11-26	test	6.02	SELECTED		DROP_INTERNAL_REDUNDANT	Non-representative member of a test homology component	A	
9V51	2025-11-26	test	5.835	SELECTED		DROP_INTERNAL_REDUNDANT	Non-representative member of a test homology component	A	
9V7N	2026-03-25	test	1.772	EXCLUDE_MULTI_RNA_CHAIN		EXCLUDE_MULTI_RNA_CHAIN	RNA_CHAIN_COUNT=3; required exactly 1		
9V7O	2026-03-25	test	1.696	EXCLUDE_MULTI_RNA_CHAIN		EXCLUDE_MULTI_RNA_CHAIN	RNA_CHAIN_COUNT=3; required exactly 1		
9V7P	2026-03-25	test	2.531	SELECTED		DROP_INTERNAL_REDUNDANT	Non-representative member of a test homology component	B	
9V7Q	2026-03-25	test	2.045	SELECTED		DROP_INTERNAL_REDUNDANT	Non-representative member of a test homology component	B	
9VMZ	2026-07-01	test		EXCLUDE_NO_STRICT_RANK1		EXCLUDE_NO_STRICT_RANK1	PDB is absent from rank1_targets.csv	A	
9VSN	2026-05-20	test	2.25	EXCLUDE_MULTI_RNA_CHAIN		EXCLUDE_MULTI_RNA_CHAIN	RNA_CHAIN_COUNT=2; required exactly 1		
9W1L	2026-01-28	test	8.238	SELECTED	test	KEPT		A	/storage9920/home/tinghao.xia/Data_V1/test/9w1l
9WHV	2025-10-15	test	21.113	EXCLUDE_MULTI_RNA_CHAIN		EXCLUDE_MULTI_RNA_CHAIN	RNA_CHAIN_COUNT=8; required exactly 1		
9X6B	2026-03-25	test	1.865	SELECTED	test	KEPT		B	/storage9920/home/tinghao.xia/Data_V1/test/9x6b
9YD3	2025-10-22	test	0.269	EXCLUDE_MULTI_RNA_CHAIN		EXCLUDE_MULTI_RNA_CHAIN	RNA_CHAIN_COUNT=2; required exactly 1		
9Z6I	2026-05-27	test	25.986	SELECTED	test	KEPT		A	/storage9920/home/tinghao.xia/Data_V1/test/9z6i
9ZBQ	2025-12-03	test	5.199	SELECTED		DROP_REFERENCE_HOMOLOG	Single RNA chain is homologous to final train/val	A	
9ZBR	2025-12-03	test	12.807	SELECTED		DROP_REFERENCE_HOMOLOG	Single RNA chain is homologous to final train/val	A	
9ZC6	2025-12-03	test	13.404	SELECTED		DROP_REFERENCE_HOMOLOG	Single RNA chain is homologous to final train/val	A	
9ZC7	2025-12-03	test	47.536	SELECTED		DROP_REFERENCE_HOMOLOG	Single RNA chain is homologous to final train/val	B	
9ZC8	2025-12-03	test		EXCLUDE_MULTI_RNA_CHAIN		EXCLUDE_MULTI_RNA_CHAIN	RNA_CHAIN_COUNT=2; required exactly 1		
9ZC9	2025-12-03	test	50.49	SELECTED	test	KEPT		A	/storage9920/home/tinghao.xia/Data_V1/test/9zc9
9ZCA	2025-12-10	test		EXCLUDE_MULTI_RNA_CHAIN		EXCLUDE_MULTI_RNA_CHAIN	RNA_CHAIN_COUNT=2; required exactly 1		
9ZCB	2025-12-10	test		EXCLUDE_MULTI_RNA_CHAIN		EXCLUDE_MULTI_RNA_CHAIN	RNA_CHAIN_COUNT=2; required exactly 1		
9ZCC	2025-12-03	test		EXCLUDE_MULTI_RNA_CHAIN		EXCLUDE_MULTI_RNA_CHAIN	RNA_CHAIN_COUNT=2; required exactly 1		
9ZDV	2026-05-13	test	11.856	SELECTED		DROP_REFERENCE_HOMOLOG	Single RNA chain is homologous to final train/val	A	
9ZF2	2026-05-13	test	15.206	SELECTED		DROP_REFERENCE_HOMOLOG	Single RNA chain is homologous to final train/val	A	
9ZF3	2026-05-13	test	13.239	SELECTED		DROP_REFERENCE_HOMOLOG	Single RNA chain is homologous to final train/val	A	
9ZF5	2026-05-13	test	14.331	SELECTED		DROP_REFERENCE_HOMOLOG	Single RNA chain is homologous to final train/val	A	
9ZF9	2026-05-13	test	11.983	SELECTED		DROP_REFERENCE_HOMOLOG	Single RNA chain is homologous to final train/val	A	
9ZFC	2026-05-13	test	13.517	SELECTED		DROP_REFERENCE_HOMOLOG	Single RNA chain is homologous to final train/val	A	
9ZFD	2026-05-13	test	13.209	SELECTED		DROP_REFERENCE_HOMOLOG	Single RNA chain is homologous to final train/val	A	
9ZGM	2026-05-13	test	14.15	SELECTED		DROP_REFERENCE_HOMOLOG	Single RNA chain is homologous to final train/val	A	
9ZGN	2026-05-13	test	15.46	SELECTED		DROP_REFERENCE_HOMOLOG	Single RNA chain is homologous to final train/val	A	
9ZGO	2026-05-13	test	14.856	SELECTED		DROP_REFERENCE_HOMOLOG	Single RNA chain is homologous to final train/val	A	
9ZGP	2026-05-13	test	15.006	SELECTED		DROP_REFERENCE_HOMOLOG	Single RNA chain is homologous to final train/val	A	
9ZGQ	2026-05-13	test	13.678	SELECTED		DROP_REFERENCE_HOMOLOG	Single RNA chain is homologous to final train/val	A	
9ZGR	2026-05-13	test	14.225	SELECTED		DROP_REFERENCE_HOMOLOG	Single RNA chain is homologous to final train/val	A	
9ZGS	2026-05-13	test	13.485	SELECTED		DROP_REFERENCE_HOMOLOG	Single RNA chain is homologous to final train/val	A	
9ZGT	2026-05-13	test	14.069	SELECTED		DROP_REFERENCE_HOMOLOG	Single RNA chain is homologous to final train/val	A	
9ZGU	2026-05-13	test	12.331	SELECTED		DROP_REFERENCE_HOMOLOG	Single RNA chain is homologous to final train/val	A	
9ZGV	2026-05-13	test	13.1	SELECTED		DROP_REFERENCE_HOMOLOG	Single RNA chain is homologous to final train/val	A	
9ZGW	2026-05-13	test	13.309	SELECTED		DROP_REFERENCE_HOMOLOG	Single RNA chain is homologous to final train/val	A	
9ZGX	2026-05-13	test	14.053	SELECTED		DROP_REFERENCE_HOMOLOG	Single RNA chain is homologous to final train/val	A	
9ZGY	2026-05-13	test	12.486	SELECTED		DROP_REFERENCE_HOMOLOG	Single RNA chain is homologous to final train/val	A	
9ZGZ	2026-05-13	test	13.196	SELECTED		DROP_REFERENCE_HOMOLOG	Single RNA chain is homologous to final train/val	A	
9ZH0	2026-05-13	test	11.355	SELECTED		DROP_REFERENCE_HOMOLOG	Single RNA chain is homologous to final train/val	A	
9ZH1	2026-05-13	test	11.843	SELECTED		DROP_REFERENCE_HOMOLOG	Single RNA chain is homologous to final train/val	A	
9ZH2	2026-05-13	test	13.652	SELECTED		DROP_REFERENCE_HOMOLOG	Single RNA chain is homologous to final train/val	A	
9ZH5	2026-05-13	test	14.531	SELECTED		DROP_REFERENCE_HOMOLOG	Single RNA chain is homologous to final train/val	A	
9ZH7	2026-05-13	test	13.936	SELECTED		DROP_REFERENCE_HOMOLOG	Single RNA chain is homologous to final train/val	A	
9ZH9	2026-05-13	test	14.001	SELECTED		DROP_REFERENCE_HOMOLOG	Single RNA chain is homologous to final train/val	A	
9ZHA	2026-05-13	test	11.565	SELECTED		DROP_REFERENCE_HOMOLOG	Single RNA chain is homologous to final train/val	A	
9ZHB	2026-05-13	test	12.389	SELECTED		DROP_REFERENCE_HOMOLOG	Single RNA chain is homologous to final train/val	A	
9ZHC	2026-05-13	test	11.163	SELECTED		DROP_REFERENCE_HOMOLOG	Single RNA chain is homologous to final train/val	A	
9ZHD	2026-05-13	test	12.556	SELECTED		DROP_REFERENCE_HOMOLOG	Single RNA chain is homologous to final train/val	A	
9ZHE	2026-05-13	test	12.609	SELECTED		DROP_REFERENCE_HOMOLOG	Single RNA chain is homologous to final train/val	A	
9ZHF	2026-05-13	test	12.319	SELECTED		DROP_REFERENCE_HOMOLOG	Single RNA chain is homologous to final train/val	A	
9ZHG	2026-05-13	test	11.197	SELECTED		DROP_REFERENCE_HOMOLOG	Single RNA chain is homologous to final train/val	A	
9ZHI	2026-05-13	test	13.814	SELECTED		DROP_REFERENCE_HOMOLOG	Single RNA chain is homologous to final train/val	A	
9ZHJ	2026-05-13	test	14.814	SELECTED		DROP_REFERENCE_HOMOLOG	Single RNA chain is homologous to final train/val	A	
9ZHK	2026-05-13	test	15.761	SELECTED		DROP_REFERENCE_HOMOLOG	Single RNA chain is homologous to final train/val	A	
9ZHL	2026-05-13	test	14.742	SELECTED		DROP_REFERENCE_HOMOLOG	Single RNA chain is homologous to final train/val	A	
9ZHO	2026-05-13	test	14.52	SELECTED		DROP_REFERENCE_HOMOLOG	Single RNA chain is homologous to final train/val	A	
9ZHP	2026-05-13	test	14.036	SELECTED		DROP_REFERENCE_HOMOLOG	Single RNA chain is homologous to final train/val	A	
9ZHR	2026-05-13	test	12.508	SELECTED		DROP_REFERENCE_HOMOLOG	Single RNA chain is homologous to final train/val	A	
9ZHS	2026-05-13	test	13.79	SELECTED		DROP_REFERENCE_HOMOLOG	Single RNA chain is homologous to final train/val	A	
9ZHT	2026-05-13	test	14.418	SELECTED		DROP_REFERENCE_HOMOLOG	Single RNA chain is homologous to final train/val	A	
9ZHU	2026-05-13	test	12.74	SELECTED		DROP_REFERENCE_HOMOLOG	Single RNA chain is homologous to final train/val	A	
9ZHV	2026-05-13	test	12.667	SELECTED		DROP_REFERENCE_HOMOLOG	Single RNA chain is homologous to final train/val	A	
9ZHW	2026-05-13	test	13.741	SELECTED		DROP_REFERENCE_HOMOLOG	Single RNA chain is homologous to final train/val	A	
9ZHX	2026-05-13	test	14.461	SELECTED		DROP_REFERENCE_HOMOLOG	Single RNA chain is homologous to final train/val	A	
9ZHZ	2026-05-13	test	14.373	SELECTED		DROP_REFERENCE_HOMOLOG	Single RNA chain is homologous to final train/val	A	
9ZI0	2026-05-13	test	10.748	SELECTED		DROP_REFERENCE_HOMOLOG	Single RNA chain is homologous to final train/val	A	
9ZI2	2026-05-13	test	13.734	SELECTED		DROP_REFERENCE_HOMOLOG	Single RNA chain is homologous to final train/val	A	
9ZI3	2026-05-13	test	14.836	SELECTED		DROP_REFERENCE_HOMOLOG	Single RNA chain is homologous to final train/val	A	
9ZI4	2026-05-13	test	11.595	SELECTED		DROP_REFERENCE_HOMOLOG	Single RNA chain is homologous to final train/val	A	
9ZI5	2026-05-13	test	14.19	SELECTED		DROP_REFERENCE_HOMOLOG	Single RNA chain is homologous to final train/val	A	
9ZI6	2026-05-13	test	11.515	SELECTED		DROP_REFERENCE_HOMOLOG	Single RNA chain is homologous to final train/val	A	
9ZI7	2026-05-13	test	14.269	SELECTED		DROP_REFERENCE_HOMOLOG	Single RNA chain is homologous to final train/val	A	
