PDB_ID	SOURCE_EXCLUDED	RELEASE_DATE	INITIAL_SPLIT	FINAL_SPLIT	FINAL_STATUS	EXCLUSION_REASON	RNA_LENGTH	RNA_CHAIN_COUNT	STRICT_RANK1_RMSD_ANGSTROM	PREP_DIR_PRESENT	PRED_CIF_COUNT	PRED_AUDIT_STATUS	PRED_EXPECTED_COUNT	PRED_VALID_COUNT	PREP_AUDIT_STATUS	PREP_AUDIT_REASON	PT_COUNT	PT_ISSUE_COUNT	PT_RMSD_GT30_COUNT	PT_RMSD_GT30_SAVED_COUNT	PT_RMSD_GT30_SOURCE	PT_POLICY_EXCLUDED	PT_POLICY_REASON	PT_EXPECTED_COUNT	PT_ACCOUNTED_COUNT	NEXT_STAGE	EVIDENCE_NOTE
10ZT	False	2026-05-27	test	test	KEPT		519	1	37.409													False				NOT_AUDITED	server stage paths were not provided
10ZU	False	2026-05-27	test		DROP_INTERNAL_REDUNDANT	Non-representative member of a test homology component	518	1	30.119																	NOT_ASSIGNED	see FINAL_STATUS and EXCLUSION_REASON
11AG	False	2026-05-27	test		EXCLUDE_MULTI_RNA_CHAIN	RNA_CHAIN_COUNT=2; required exactly 1	1036	2	45.924																	NOT_ASSIGNED	see FINAL_STATUS and EXCLUSION_REASON
11EH	False	2026-05-27	test		DROP_INTERNAL_REDUNDANT	Non-representative member of a test homology component	519	1	33.005																	NOT_ASSIGNED	see FINAL_STATUS and EXCLUSION_REASON
12CI	False	2026-05-13	test		EXCLUDE_MULTI_RNA_CHAIN	RNA_CHAIN_COUNT=2; required exactly 1	164	2	32.265																	NOT_ASSIGNED	see FINAL_STATUS and EXCLUSION_REASON
12CJ	False	2026-05-13	test		EXCLUDE_MULTI_RNA_CHAIN	RNA_CHAIN_COUNT=2; required exactly 1	154	2	22.269																	NOT_ASSIGNED	see FINAL_STATUS and EXCLUSION_REASON
157D	False	1994-05-31	train		EXCLUDE_MULTI_RNA_CHAIN	RNA_CHAIN_COUNT=2; required exactly 1	24	2	0.253																	NOT_ASSIGNED	see FINAL_STATUS and EXCLUSION_REASON
165D	False	1994-08-31	train		EXCLUDE_MULTI_RNA_CHAIN	RNA_CHAIN_COUNT=2; required exactly 1	18	2	0.211																	NOT_ASSIGNED	see FINAL_STATUS and EXCLUSION_REASON
176D	True				SOURCE_EXCLUDED	listed in source exclusion XLSX (not in experimental pure RNA set)																				SOURCE_EXCLUDED	listed in source exclusion XLSX (not in experimental pure RNA set)
17RA	False	1999-04-20	train	train	KEPT		21	1	2.753													False				NOT_AUDITED	server stage paths were not provided
1A3M	False	1998-04-29	train		EXCLUDE_MULTI_RNA_CHAIN	RNA_CHAIN_COUNT=2; required exactly 1	27	2	3.053																	NOT_ASSIGNED	see FINAL_STATUS and EXCLUSION_REASON
1A4D	False	1998-04-29	train		EXCLUDE_MULTI_RNA_CHAIN	RNA_CHAIN_COUNT=2; required exactly 1	41	2	4.881																	NOT_ASSIGNED	see FINAL_STATUS and EXCLUSION_REASON
1A51	False	1998-05-27	train	train	KEPT		41	1	5.196													False				NOT_AUDITED	server stage paths were not provided
1A60	False	1998-05-27	train	train	KEPT		44	1	6.659													False				NOT_AUDITED	server stage paths were not provided
1A9L	False	1998-06-17	train	train	KEPT		38	1	12.711													False				NOT_AUDITED	server stage paths were not provided
1AFX	False	1997-05-15	train	train	KEPT		12	1	2.013													False				NOT_AUDITED	server stage paths were not provided
1AJF	False	1997-07-07	train	train	KEPT		18	1	1.411													False				NOT_AUDITED	server stage paths were not provided
1AJL	False	1997-07-07	train		EXCLUDE_MULTI_RNA_CHAIN	RNA_CHAIN_COUNT=2; required exactly 1	19	2	6.536																	NOT_ASSIGNED	see FINAL_STATUS and EXCLUSION_REASON
1AJT	False	1997-08-20	train		EXCLUDE_MULTI_RNA_CHAIN	RNA_CHAIN_COUNT=2; required exactly 1	19	2	7.27																	NOT_ASSIGNED	see FINAL_STATUS and EXCLUSION_REASON
1AJU	False	1997-12-17	train	train	KEPT		30	1	4.798													False				NOT_AUDITED	server stage paths were not provided
1AKX	False	1997-11-19	train	train	KEPT		30	1	4.615													False				NOT_AUDITED	server stage paths were not provided
1AL5	False	1997-12-17	train		EXCLUDE_MULTI_RNA_CHAIN	RNA_CHAIN_COUNT=2; required exactly 1	24	2	2.578																	NOT_ASSIGNED	see FINAL_STATUS and EXCLUSION_REASON
1AM0	False	1997-07-23	train	train	KEPT		40	1	10.199													False				NOT_AUDITED	server stage paths were not provided
1ANR	False	1997-01-11	train	train	KEPT		29	1	5.183													False				NOT_AUDITED	server stage paths were not provided
1AQO	False	1998-02-04	train	train	KEPT		29	1	3.489													False				NOT_AUDITED	server stage paths were not provided
1ARJ	False	1996-11-08	train	train	KEPT		29	1	4.452													False				NOT_AUDITED	server stage paths were not provided
1ATO	False	1997-11-12	train	train	KEPT		19	1	2.365													False				NOT_AUDITED	server stage paths were not provided
1ATV	False	1998-02-25	train	train	KEPT		17	1	2.771													False				NOT_AUDITED	server stage paths were not provided
1ATW	False	1998-02-25	train	train	KEPT		15	1	2.787													False				NOT_AUDITED	server stage paths were not provided
1B36	False	1998-12-23	train	train	KEPT		38	1	7.295													False				NOT_AUDITED	server stage paths were not provided
1BAU	False	1999-04-27	train		EXCLUDE_MULTI_RNA_CHAIN	RNA_CHAIN_COUNT=2; required exactly 1	46	2	23.606																	NOT_ASSIGNED	see FINAL_STATUS and EXCLUSION_REASON
1BGZ	False	1999-01-13	train	train	KEPT		23	1	4.325													False				NOT_AUDITED	server stage paths were not provided
1BJ2	False	1999-02-02	train		EXCLUDE_MULTI_RNA_CHAIN	RNA_CHAIN_COUNT=2; required exactly 1	40	2	7.067																	NOT_ASSIGNED	see FINAL_STATUS and EXCLUSION_REASON
1BN0	False	1999-04-27	train	train	KEPT		20	1	3.039													False				NOT_AUDITED	server stage paths were not provided
1BVJ	False	1998-12-09	train	train	KEPT		23	1	1.645													False				NOT_AUDITED	server stage paths were not provided
1BYJ	False	1999-10-29	train	train	KEPT		27	1	1.793													False				NOT_AUDITED	server stage paths were not provided
1BZ2	False	1999-04-27	train	train	KEPT		17	1	1.273													False				NOT_AUDITED	server stage paths were not provided
1BZ3	False	1999-04-27	train	train	KEPT		17	1	2.299													False				NOT_AUDITED	server stage paths were not provided
1BZT	False	1999-04-27	train	train	KEPT		17	1	2.895													False				NOT_AUDITED	server stage paths were not provided
1BZU	False	1999-04-27	train	train	KEPT		17	1	2.581													False				NOT_AUDITED	server stage paths were not provided
1C0O	False	1999-08-31	train	train	KEPT		14	1	1.276													False				NOT_AUDITED	server stage paths were not provided
1C2W	False	2000-04-10	train		EXCLUDE_TRAIN_RMSD_CUTOFF	strict rank-1 RMSD 36.615 A > 15 A	2904	1	36.615																	NOT_ASSIGNED	see FINAL_STATUS and EXCLUSION_REASON
1C2X	False	2000-04-10	train	train	KEPT		120	1	10.549													False				NOT_AUDITED	server stage paths were not provided
1C4L	False	2000-08-09	train		EXCLUDE_MULTI_RNA_CHAIN	RNA_CHAIN_COUNT=2; required exactly 1	18	2	1.657																	NOT_ASSIGNED	see FINAL_STATUS and EXCLUSION_REASON
1CQ5	False	1999-08-23	train	train	KEPT		43	1	4.194													False				NOT_AUDITED	server stage paths were not provided
1CQL	False	2000-01-14	train	train	KEPT		43	1	6.24													False				NOT_AUDITED	server stage paths were not provided
1CSL	False	2000-02-14	train		EXCLUDE_MULTI_RNA_CHAIN	RNA_CHAIN_COUNT=2; required exactly 1	28	2	0.36																	NOT_ASSIGNED	see FINAL_STATUS and EXCLUSION_REASON
1D0T	False	2000-05-24	train	train	KEPT		21	1	1.874													False				NOT_AUDITED	server stage paths were not provided
1D0U	False	2000-05-24	train	train	KEPT		21	1	2.01													False				NOT_AUDITED	server stage paths were not provided
1D4R	False	1999-12-02	train		EXCLUDE_MULTI_RNA_CHAIN	RNA_CHAIN_COUNT=3; required exactly 1	87	3	24.97																	NOT_ASSIGNED	see FINAL_STATUS and EXCLUSION_REASON
1DDY	False	2000-01-01	train		EXCLUDE_MULTI_RNA_CHAIN	RNA_CHAIN_COUNT=4; required exactly 1	140	4	25.25																	NOT_ASSIGNED	see FINAL_STATUS and EXCLUSION_REASON
1DQF	False	2000-11-13	train		EXCLUDE_MULTI_RNA_CHAIN	RNA_CHAIN_COUNT=2; required exactly 1	19	2	0.235																	NOT_ASSIGNED	see FINAL_STATUS and EXCLUSION_REASON
1DQH	False	2000-11-13	train		EXCLUDE_MULTI_RNA_CHAIN	RNA_CHAIN_COUNT=2; required exactly 1	19	2	0.281																	NOT_ASSIGNED	see FINAL_STATUS and EXCLUSION_REASON
1DUH	False	2000-05-08	train		EXCLUDE_TRAIN_RMSD_CUTOFF	strict rank-1 RMSD 37.703 A > 15 A	45	1	37.703																	NOT_ASSIGNED	see FINAL_STATUS and EXCLUSION_REASON
1DUQ	False	2000-05-16	train		EXCLUDE_MULTI_RNA_CHAIN	RNA_CHAIN_COUNT=8; required exactly 1	104	8	18.347																	NOT_ASSIGNED	see FINAL_STATUS and EXCLUSION_REASON
1E4P	False	2001-01-16	train	train	KEPT		24	1	4.141													False				NOT_AUDITED	server stage paths were not provided
1E95	False	2001-08-23	train	train	KEPT		36	1	3.848													False				NOT_AUDITED	server stage paths were not provided
1EBQ	False	1997-07-07	train	train	KEPT		29	1	3.357													False				NOT_AUDITED	server stage paths were not provided
1EBR	False	1997-07-07	train	train	KEPT		30	1	5.449													False				NOT_AUDITED	server stage paths were not provided
1EBS	False	1997-07-07	train	train	KEPT		29	1	4.054													False				NOT_AUDITED	server stage paths were not provided
1EHT	False	1997-12-24	train	train	KEPT		33	1	4.908													False				NOT_AUDITED	server stage paths were not provided
1EHZ	False	2000-10-02	train	train	KEPT		76	1	1.18													False				NOT_AUDITED	server stage paths were not provided
1EI2	False	2000-03-06	train	train	KEPT		25	1	3.366													False				NOT_AUDITED	server stage paths were not provided
1EKA	False	2000-11-13	train		EXCLUDE_MULTI_RNA_CHAIN	RNA_CHAIN_COUNT=2; required exactly 1	16	2	2.653																	NOT_ASSIGNED	see FINAL_STATUS and EXCLUSION_REASON
1EKD	False	2000-11-13	train		EXCLUDE_MULTI_RNA_CHAIN	RNA_CHAIN_COUNT=2; required exactly 1	16	2	1.736																	NOT_ASSIGNED	see FINAL_STATUS and EXCLUSION_REASON
1ELH	False	1994-01-31	train		EXCLUDE_MULTI_RNA_CHAIN	RNA_CHAIN_COUNT=2; required exactly 1	25	2	2.363																	NOT_ASSIGNED	see FINAL_STATUS and EXCLUSION_REASON
1ESH	False	2000-04-24	train	train	KEPT		13	1	1.821													False				NOT_AUDITED	server stage paths were not provided
1ESY	False	2000-05-31	train	train	KEPT		19	1	2.805													False				NOT_AUDITED	server stage paths were not provided
1ET4	False	2000-11-13	train		EXCLUDE_MULTI_RNA_CHAIN	RNA_CHAIN_COUNT=5; required exactly 1	175	5	25.614																	NOT_ASSIGNED	see FINAL_STATUS and EXCLUSION_REASON
1EVV	False	2000-05-01	train	train	KEPT		76	1	0.759													False				NOT_AUDITED	server stage paths were not provided
1F1T	False	2000-09-04	train	train	KEPT		38	1	0.445													False				NOT_AUDITED	server stage paths were not provided
1F27	False	2000-06-12	train		EXCLUDE_MULTI_RNA_CHAIN	RNA_CHAIN_COUNT=2; required exactly 1	30	2	0.149																	NOT_ASSIGNED	see FINAL_STATUS and EXCLUSION_REASON
1F5G	False	2000-06-26	train		EXCLUDE_MULTI_RNA_CHAIN	RNA_CHAIN_COUNT=2; required exactly 1	20	2	1.824																	NOT_ASSIGNED	see FINAL_STATUS and EXCLUSION_REASON
1F5H	False	2000-06-26	train		EXCLUDE_MULTI_RNA_CHAIN	RNA_CHAIN_COUNT=2; required exactly 1	20	2	1.623																	NOT_ASSIGNED	see FINAL_STATUS and EXCLUSION_REASON
1F5U	False	2000-08-21	train		EXCLUDE_MULTI_RNA_CHAIN	RNA_CHAIN_COUNT=2; required exactly 1	36	2	20.944																	NOT_ASSIGNED	see FINAL_STATUS and EXCLUSION_REASON
1F6X	False	2000-10-09	train	train	KEPT		27	1	2.312													False				NOT_AUDITED	server stage paths were not provided
1F6Z	False	2000-10-09	train	train	KEPT		27	1	2.751													False				NOT_AUDITED	server stage paths were not provided
1F78	False	2000-10-09	train	train	KEPT		27	1	2.573													False				NOT_AUDITED	server stage paths were not provided
1F79	False	2000-10-09	train	train	KEPT		27	1	3.097													False				NOT_AUDITED	server stage paths were not provided
1F7F	False	2000-10-09	train	train	KEPT		27	1	3.365													False				NOT_AUDITED	server stage paths were not provided
1F7G	False	2000-10-09	train	train	KEPT		27	1	3.174													False				NOT_AUDITED	server stage paths were not provided
1F7H	False	2000-10-09	train	train	KEPT		27	1	4.52													False				NOT_AUDITED	server stage paths were not provided
1F7I	False	2000-10-09	train	train	KEPT		27	1	3.189													False				NOT_AUDITED	server stage paths were not provided
1F84	False	2000-11-17	train	train	KEPT		29	1	2.606													False				NOT_AUDITED	server stage paths were not provided
1F85	False	2000-11-17	train	train	KEPT		14	1	1.469													False				NOT_AUDITED	server stage paths were not provided
1F9L	False	2000-07-26	train	train	KEPT		22	1	3.011													False				NOT_AUDITED	server stage paths were not provided
1FCW	False	2000-08-11	train		EXCLUDE_MULTI_RNA_CHAIN	RNA_CHAIN_COUNT=5; required exactly 1	380	5	28.316																	NOT_ASSIGNED	see FINAL_STATUS and EXCLUSION_REASON
1FEQ	False	2000-11-22	train	train	KEPT		17	1	3.564													False				NOT_AUDITED	server stage paths were not provided
1FG0	False	2000-08-28	train		EXCLUDE_MULTI_RNA_CHAIN	RNA_CHAIN_COUNT=2; required exactly 1	636	2	40.88																	NOT_ASSIGNED	see FINAL_STATUS and EXCLUSION_REASON
1FHK	False	2001-03-21	train	train	KEPT		14	1	2.139													False				NOT_AUDITED	server stage paths were not provided
1FIR	False	2001-01-17	train	train	KEPT		76	1	1.433													False				NOT_AUDITED	server stage paths were not provided
1FL8	False	2000-10-16	train	train	KEPT		17	1	1.381													False				NOT_AUDITED	server stage paths were not provided
1FMN	False	1996-07-11	train	train	KEPT		35	1	5.29													False				NOT_AUDITED	server stage paths were not provided
1FOQ	False	2000-12-22	train		EXCLUDE_MULTI_RNA_CHAIN	RNA_CHAIN_COUNT=5; required exactly 1	600	5	38.776																	NOT_ASSIGNED	see FINAL_STATUS and EXCLUSION_REASON
1FQZ	False	2001-01-17	train	train	KEPT		27	1	1.241													False				NOT_AUDITED	server stage paths were not provided
1FUF	False	2001-11-09	train		EXCLUDE_MULTI_RNA_CHAIN	RNA_CHAIN_COUNT=2; required exactly 1	28	2	0.134																	NOT_ASSIGNED	see FINAL_STATUS and EXCLUSION_REASON
1FYO	False	2001-03-14	train	train	KEPT		27	1	4.322													False				NOT_AUDITED	server stage paths were not provided
1FYP	False	2001-03-14	train	train	KEPT		27	1	2.567													False				NOT_AUDITED	server stage paths were not provided
1G2J	False	2000-12-06	train	train	KEPT		8	1	6.131													False				NOT_AUDITED	server stage paths were not provided
1G3A	False	2001-08-01	train		EXCLUDE_MULTI_RNA_CHAIN	RNA_CHAIN_COUNT=2; required exactly 1	12	2	0.995																	NOT_ASSIGNED	see FINAL_STATUS and EXCLUSION_REASON
1GID	False	1996-12-31	train		EXCLUDE_MULTI_RNA_CHAIN	RNA_CHAIN_COUNT=2; required exactly 1	316	2	29.016																	NOT_ASSIGNED	see FINAL_STATUS and EXCLUSION_REASON
1GRZ	False	1998-11-24	train		EXCLUDE_MULTI_RNA_CHAIN	RNA_CHAIN_COUNT=2; required exactly 1	494	2	47.031																	NOT_ASSIGNED	see FINAL_STATUS and EXCLUSION_REASON
1GUC	False	1997-02-12	train		EXCLUDE_MULTI_RNA_CHAIN	RNA_CHAIN_COUNT=2; required exactly 1	16	2	0.945																	NOT_ASSIGNED	see FINAL_STATUS and EXCLUSION_REASON
1H0Q	False	2003-07-17	train		EXCLUDE_MULTI_RNA_CHAIN	RNA_CHAIN_COUNT=2; required exactly 1	18	2	0.859																	NOT_ASSIGNED	see FINAL_STATUS and EXCLUSION_REASON
1H1K	False	2002-09-26	train		EXCLUDE_MULTI_RNA_CHAIN	RNA_CHAIN_COUNT=6; required exactly 1	1906	6	342.239																	NOT_ASSIGNED	see FINAL_STATUS and EXCLUSION_REASON
1HLX	False	1995-09-15	train	train	KEPT		20	1	2.046													False				NOT_AUDITED	server stage paths were not provided
1HR2	False	2001-04-12	train		EXCLUDE_MULTI_RNA_CHAIN	RNA_CHAIN_COUNT=2; required exactly 1	316	2	40.209																	NOT_ASSIGNED	see FINAL_STATUS and EXCLUSION_REASON
1HS1	False	2003-09-02	train	train	KEPT		13	1	2.916													False				NOT_AUDITED	server stage paths were not provided
1HS2	False	2001-08-29	train	train	KEPT		13	1	1.782													False				NOT_AUDITED	server stage paths were not provided
1HS3	False	2003-09-02	train	train	KEPT		13	1	1.792													False				NOT_AUDITED	server stage paths were not provided
1HS4	False	2003-09-02	train	train	KEPT		13	1	1.974													False				NOT_AUDITED	server stage paths were not provided
1HS8	False	2003-09-02	train	train	KEPT		13	1	2.625													False				NOT_AUDITED	server stage paths were not provided
1HWQ	False	2001-05-16	train	train	KEPT		30	1	5.251													False				NOT_AUDITED	server stage paths were not provided
1I3X	False	2001-04-04	train	train	KEPT		19	1	2.844													False				NOT_AUDITED	server stage paths were not provided
1I3Y	False	2001-04-04	train	train	KEPT		19	1	2.956													False				NOT_AUDITED	server stage paths were not provided
1I46	False	2001-04-21	train	train	KEPT		13	1	1.597													False				NOT_AUDITED	server stage paths were not provided
1I4B	False	2001-04-21	train	train	KEPT		13	1	1.891													False				NOT_AUDITED	server stage paths were not provided
1I4C	False	2001-04-21	train	train	KEPT		13	1	2.069													False				NOT_AUDITED	server stage paths were not provided
1I7J	False	2001-09-21	train		EXCLUDE_MULTI_RNA_CHAIN	RNA_CHAIN_COUNT=2; required exactly 1	12	2	0.78																	NOT_ASSIGNED	see FINAL_STATUS and EXCLUSION_REASON
1I9K	False	2001-05-30	train		EXCLUDE_MULTI_RNA_CHAIN	RNA_CHAIN_COUNT=4; required exactly 1	24	4	3.782																	NOT_ASSIGNED	see FINAL_STATUS and EXCLUSION_REASON
1I9V	False	2001-06-04	train	train	KEPT		76	1	0.7													False				NOT_AUDITED	server stage paths were not provided
1I9X	False	2001-09-05	train		EXCLUDE_MULTI_RNA_CHAIN	RNA_CHAIN_COUNT=2; required exactly 1	26	2	0.257																	NOT_ASSIGNED	see FINAL_STATUS and EXCLUSION_REASON
1IDV	False	2001-10-05	train	train	KEPT		10	1	2.139													False				NOT_AUDITED	server stage paths were not provided
1IE1	False	2001-06-20	train	train	KEPT		22	1	4.828													False				NOT_AUDITED	server stage paths were not provided
1IE2	False	2001-06-20	train	train	KEPT		22	1	4.814													False				NOT_AUDITED	server stage paths were not provided
1IK1	False	2001-07-18	train	train	KEPT		14	1	2.095													False				NOT_AUDITED	server stage paths were not provided
1IK5	False	2001-11-09	train		EXCLUDE_MULTI_RNA_CHAIN	RNA_CHAIN_COUNT=2; required exactly 1	28	2	0.182																	NOT_ASSIGNED	see FINAL_STATUS and EXCLUSION_REASON
1IKD	False	1997-04-01	train	train	KEPT		22	1	2.122													False				NOT_AUDITED	server stage paths were not provided
1J4Y	False	2002-07-17	train	train	KEPT		17	1	3.688													False				NOT_AUDITED	server stage paths were not provided
1J6S	False	2003-08-05	train		EXCLUDE_MULTI_RNA_CHAIN	RNA_CHAIN_COUNT=4; required exactly 1	24	4	16.497																	NOT_ASSIGNED	see FINAL_STATUS and EXCLUSION_REASON
1J7T	False	2002-05-18	train		EXCLUDE_MULTI_RNA_CHAIN	RNA_CHAIN_COUNT=2; required exactly 1	44	2	0.717																	NOT_ASSIGNED	see FINAL_STATUS and EXCLUSION_REASON
1J8G	False	2001-11-23	train		EXCLUDE_MULTI_RNA_CHAIN	RNA_CHAIN_COUNT=4; required exactly 1	24	4	11.761																	NOT_ASSIGNED	see FINAL_STATUS and EXCLUSION_REASON
1J9H	False	2001-10-26	train		EXCLUDE_MULTI_RNA_CHAIN	RNA_CHAIN_COUNT=4; required exactly 1	36	4	11.161																	NOT_ASSIGNED	see FINAL_STATUS and EXCLUSION_REASON
1JO7	False	2001-09-19	train	train	KEPT		31	1	4.779													False				NOT_AUDITED	server stage paths were not provided
1JOX	False	2002-05-01	train	train	KEPT		21	1	3.263													False				NOT_AUDITED	server stage paths were not provided
1JP0	False	2002-05-01	train	train	KEPT		21	1	2.959													False				NOT_AUDITED	server stage paths were not provided
1JTJ	False	2002-12-11	train	train	KEPT		23	1	4.686													False				NOT_AUDITED	server stage paths were not provided
1JTW	False	2001-12-12	train	train	KEPT		16	1	1.443													False				NOT_AUDITED	server stage paths were not provided
1JU1	False	2002-08-23	train		EXCLUDE_MULTI_RNA_CHAIN	RNA_CHAIN_COUNT=2; required exactly 1	46	2	4.792																	NOT_ASSIGNED	see FINAL_STATUS and EXCLUSION_REASON
1JU7	False	2002-03-20	train	train	KEPT		28	1	3.232													False				NOT_AUDITED	server stage paths were not provided
1JUR	False	2002-01-16	train	train	KEPT		22	1	2.158													False				NOT_AUDITED	server stage paths were not provided
1JWC	False	2002-03-20	train	train	KEPT		28	1	3.186													False				NOT_AUDITED	server stage paths were not provided
1JZC	False	2003-10-07	train	train	KEPT		13	1	2.571													False				NOT_AUDITED	server stage paths were not provided
1JZV	False	2003-11-11	train		EXCLUDE_MULTI_RNA_CHAIN	RNA_CHAIN_COUNT=4; required exactly 1	34	4	9.585																	NOT_ASSIGNED	see FINAL_STATUS and EXCLUSION_REASON
1K2G	False	2002-05-08	train	train	KEPT		22	1	7.239													False				NOT_AUDITED	server stage paths were not provided
1K4A	False	2001-12-19	train	train	KEPT		14	1	2.239													False				NOT_AUDITED	server stage paths were not provided
1K4B	False	2001-12-19	train	train	KEPT		14	1	1.504													False				NOT_AUDITED	server stage paths were not provided
1K5I	False	2001-10-17	train	train	KEPT		23	1	1.993													False				NOT_AUDITED	server stage paths were not provided
1K6G	False	2001-12-19	train	train	KEPT		22	1	2.273													False				NOT_AUDITED	server stage paths were not provided
1K6H	False	2001-12-19	train	train	KEPT		22	1	1.353													False				NOT_AUDITED	server stage paths were not provided
1K8S	False	2001-11-14	train		EXCLUDE_MULTI_RNA_CHAIN	RNA_CHAIN_COUNT=2; required exactly 1	25	2	3.009																	NOT_ASSIGNED	see FINAL_STATUS and EXCLUSION_REASON
1K9W	False	2001-11-30	train		EXCLUDE_MULTI_RNA_CHAIN	RNA_CHAIN_COUNT=4; required exactly 1	92	4	29.333																	NOT_ASSIGNED	see FINAL_STATUS and EXCLUSION_REASON
1KAJ	False	1996-07-11	train	train	KEPT		32	1	9.566													False				NOT_AUDITED	server stage paths were not provided
1KD3	False	2003-03-04	train		EXCLUDE_MULTI_RNA_CHAIN	RNA_CHAIN_COUNT=2; required exactly 1	22	2	0.49																	NOT_ASSIGNED	see FINAL_STATUS and EXCLUSION_REASON
1KD4	False	2003-03-04	train		EXCLUDE_MULTI_RNA_CHAIN	RNA_CHAIN_COUNT=2; required exactly 1	22	2	0.548																	NOT_ASSIGNED	see FINAL_STATUS and EXCLUSION_REASON
1KD5	False	2003-03-04	train		EXCLUDE_MULTI_RNA_CHAIN	RNA_CHAIN_COUNT=2; required exactly 1	22	2	0.561																	NOT_ASSIGNED	see FINAL_STATUS and EXCLUSION_REASON
1KFO	False	2001-12-07	train		EXCLUDE_TRAIN_RMSD_CUTOFF	strict rank-1 RMSD 16.236 A > 15 A	19	1	16.236																	NOT_ASSIGNED	see FINAL_STATUS and EXCLUSION_REASON
1KH6	False	2002-04-26	train	train	KEPT		53	1	4.867													False				NOT_AUDITED	server stage paths were not provided
1KIS	False	1997-10-15	train		EXCLUDE_MULTI_RNA_CHAIN	RNA_CHAIN_COUNT=2; required exactly 1	32	2	2.628																	NOT_ASSIGNED	see FINAL_STATUS and EXCLUSION_REASON
1KKA	False	2002-07-17	train	train	KEPT		17	1	4.556													False				NOT_AUDITED	server stage paths were not provided
1KKS	False	2002-03-13	train	train	KEPT		24	1	4.472													False				NOT_AUDITED	server stage paths were not provided
1KOC	False	1996-08-17	train		EXCLUDE_MULTI_RNA_CHAIN	RNA_CHAIN_COUNT=2; required exactly 1	25	2	12.142																	NOT_ASSIGNED	see FINAL_STATUS and EXCLUSION_REASON
1KOD	False	1996-11-08	train		EXCLUDE_MULTI_RNA_CHAIN	RNA_CHAIN_COUNT=2; required exactly 1	25	2	3.481																	NOT_ASSIGNED	see FINAL_STATUS and EXCLUSION_REASON
1KOS	False	1999-10-22	train	train	KEPT		17	1	2.823													False				NOT_AUDITED	server stage paths were not provided
1KP7	False	2002-04-10	train	train	KEPT		30	1	5.404													False				NOT_AUDITED	server stage paths were not provided
1KPD	False	1997-04-01	train	train	KEPT		32	1	6.183													False				NOT_AUDITED	server stage paths were not provided
1KPY	False	2002-01-11	train	train	KEPT		33	1	4.032													False				NOT_AUDITED	server stage paths were not provided
1KPZ	False	2002-01-11	train	train	KEPT		33	1	3.984													False				NOT_AUDITED	server stage paths were not provided
1KXK	False	2002-03-22	train	train	KEPT		70	1	6.511													False				NOT_AUDITED	server stage paths were not provided
1L1W	False	2002-05-22	train	train	KEPT		29	1	1.652													False				NOT_AUDITED	server stage paths were not provided
1L2X	False	2002-03-22	train	train	KEPT		28	1	0.454													False				NOT_AUDITED	server stage paths were not provided
1L3D	False	2002-03-22	train	train	KEPT		28	1	0.617													False				NOT_AUDITED	server stage paths were not provided
1L3Z	False	2003-02-25	train		EXCLUDE_MULTI_RNA_CHAIN	RNA_CHAIN_COUNT=2; required exactly 1	14	2	12.806																	NOT_ASSIGNED	see FINAL_STATUS and EXCLUSION_REASON
1L8V	False	2002-08-23	train		EXCLUDE_MULTI_RNA_CHAIN	RNA_CHAIN_COUNT=2; required exactly 1	314	2	5.458																	NOT_ASSIGNED	see FINAL_STATUS and EXCLUSION_REASON
1LC4	False	2003-04-08	train		EXCLUDE_MULTI_RNA_CHAIN	RNA_CHAIN_COUNT=2; required exactly 1	46	2	0.652																	NOT_ASSIGNED	see FINAL_STATUS and EXCLUSION_REASON
1LC6	False	2002-05-29	train	train	KEPT		24	1	5.416													False				NOT_AUDITED	server stage paths were not provided
1LDZ	False	1998-11-25	train	train	KEPT		30	1	4.149													False				NOT_AUDITED	server stage paths were not provided
1LMV	False	2002-11-27	train		EXCLUDE_MULTI_RNA_CHAIN	RNA_CHAIN_COUNT=2; required exactly 1	19	2	2.53																	NOT_ASSIGNED	see FINAL_STATUS and EXCLUSION_REASON
1LNT	False	2003-06-03	train		EXCLUDE_MULTI_RNA_CHAIN	RNA_CHAIN_COUNT=2; required exactly 1	24	2	0.111																	NOT_ASSIGNED	see FINAL_STATUS and EXCLUSION_REASON
1LPW	False	2002-11-27	train		EXCLUDE_MULTI_RNA_CHAIN	RNA_CHAIN_COUNT=2; required exactly 1	19	2	4.109																	NOT_ASSIGNED	see FINAL_STATUS and EXCLUSION_REASON
1LU3	False	2002-06-26	train	train	KEPT		17	1	0.926													False				NOT_AUDITED	server stage paths were not provided
1LUU	False	2003-09-09	train	train	KEPT		17	1	3.384													False				NOT_AUDITED	server stage paths were not provided
1LUX	False	2003-09-09	train	train	KEPT		17	1	3.258													False				NOT_AUDITED	server stage paths were not provided
1LVJ	False	2002-12-11	train	train	KEPT		31	1	6.274													False				NOT_AUDITED	server stage paths were not provided
1M5L	False	2002-09-18	train	train	KEPT		38	1	6.07													False				NOT_AUDITED	server stage paths were not provided
1M82	False	2003-06-03	train	train	KEPT		25	1	2.37													False				NOT_AUDITED	server stage paths were not provided
1MDG	False	2003-08-12	train		EXCLUDE_FROZEN_RMSD	PDB is listed in exclude_strict_rank1_rmsd_pdb.txt	6	1																		NOT_ASSIGNED	see FINAL_STATUS and EXCLUSION_REASON
1ME1	False	2003-08-19	train	train	KEPT		12	1	1.981													False				NOT_AUDITED	server stage paths were not provided
1MFJ	False	2002-11-06	train	train	KEPT		20	1	2.168													False				NOT_AUDITED	server stage paths were not provided
1MFK	False	2002-11-13	train	train	KEPT		23	1	2.149													False				NOT_AUDITED	server stage paths were not provided
1MFY	False	2002-09-18	train	train	KEPT		31	1	3.393													False				NOT_AUDITED	server stage paths were not provided
1MHK	False	2002-09-06	train		EXCLUDE_MULTI_RNA_CHAIN	RNA_CHAIN_COUNT=2; required exactly 1	26	2	0.26																	NOT_ASSIGNED	see FINAL_STATUS and EXCLUSION_REASON
1MIS	False	1997-07-07	train		EXCLUDE_MULTI_RNA_CHAIN	RNA_CHAIN_COUNT=2; required exactly 1	16	2	0.956																	NOT_ASSIGNED	see FINAL_STATUS and EXCLUSION_REASON
1MME	False	1996-02-06	train		EXCLUDE_MULTI_RNA_CHAIN	RNA_CHAIN_COUNT=4; required exactly 1	82	4	5.255																	NOT_ASSIGNED	see FINAL_STATUS and EXCLUSION_REASON
1MNX	False	2003-01-14	train	train	KEPT		42	1	3.8													False				NOT_AUDITED	server stage paths were not provided
1MSY	False	2003-02-25	train	train	KEPT		27	1	0.91													False				NOT_AUDITED	server stage paths were not provided
1MT4	False	2003-01-14	train	train	KEPT		24	1	3.855													False				NOT_AUDITED	server stage paths were not provided
1MUV	False	2002-12-18	train		EXCLUDE_MULTI_RNA_CHAIN	RNA_CHAIN_COUNT=2; required exactly 1	18	2	1.036																	NOT_ASSIGNED	see FINAL_STATUS and EXCLUSION_REASON
1MV1	False	2002-12-18	train		EXCLUDE_MULTI_RNA_CHAIN	RNA_CHAIN_COUNT=2; required exactly 1	18	2	1.853																	NOT_ASSIGNED	see FINAL_STATUS and EXCLUSION_REASON
1MV2	False	2002-12-18	train		EXCLUDE_MULTI_RNA_CHAIN	RNA_CHAIN_COUNT=2; required exactly 1	18	2	2.126																	NOT_ASSIGNED	see FINAL_STATUS and EXCLUSION_REASON
1MV6	False	2002-12-18	train		EXCLUDE_MULTI_RNA_CHAIN	RNA_CHAIN_COUNT=2; required exactly 1	18	2	2.629																	NOT_ASSIGNED	see FINAL_STATUS and EXCLUSION_REASON
1MWG	False	1997-03-12	train		EXCLUDE_MULTI_RNA_CHAIN	RNA_CHAIN_COUNT=2; required exactly 1	16	2	0.946																	NOT_ASSIGNED	see FINAL_STATUS and EXCLUSION_REASON
1MWL	False	2003-02-18	train		EXCLUDE_MULTI_RNA_CHAIN	RNA_CHAIN_COUNT=2; required exactly 1	44	2	0.676																	NOT_ASSIGNED	see FINAL_STATUS and EXCLUSION_REASON
1MY9	False	2003-10-07	train		EXCLUDE_MULTI_RNA_CHAIN	RNA_CHAIN_COUNT=2; required exactly 1	28	2	16.365																	NOT_ASSIGNED	see FINAL_STATUS and EXCLUSION_REASON
1N53	False	2003-04-29	train		EXCLUDE_MULTI_RNA_CHAIN	RNA_CHAIN_COUNT=2; required exactly 1	25	2	3.726																	NOT_ASSIGNED	see FINAL_STATUS and EXCLUSION_REASON
1N66	False	2003-08-19	train	train	KEPT		22	1	1.701													False				NOT_AUDITED	server stage paths were not provided
1N8X	False	2003-04-08	train	train	KEPT		36	1	2.508													False				NOT_AUDITED	server stage paths were not provided
1NA2	False	2003-01-21	train	train	KEPT		30	1	4.847													False				NOT_AUDITED	server stage paths were not provided
1NBK	False	2003-12-03	train	train	KEPT		34	1	3.134													False				NOT_AUDITED	server stage paths were not provided
1NBR	False	2003-03-04	train	train	KEPT		29	1	2.494													False				NOT_AUDITED	server stage paths were not provided
1NBS	False	2003-02-18	train		EXCLUDE_MULTI_RNA_CHAIN	RNA_CHAIN_COUNT=2; required exactly 1	310	2	27.367																	NOT_ASSIGNED	see FINAL_STATUS and EXCLUSION_REASON
1NC0	False	2003-02-25	train	train	KEPT		24	1	6.734													False				NOT_AUDITED	server stage paths were not provided
1NEM	False	1999-08-31	train	train	KEPT		23	1	1.989													False				NOT_AUDITED	server stage paths were not provided
1NJN	False	2003-02-11	train	train	KEPT		2880	1	4.121													False				NOT_AUDITED	server stage paths were not provided
1NJO	False	2003-02-11	train		EXCLUDE_MULTI_RNA_CHAIN	RNA_CHAIN_COUNT=2; required exactly 1	2884	2	3.988																	NOT_ASSIGNED	see FINAL_STATUS and EXCLUSION_REASON
1NLC	False	2003-05-13	train		EXCLUDE_MULTI_RNA_CHAIN	RNA_CHAIN_COUNT=2; required exactly 1	46	2	20.964																	NOT_ASSIGNED	see FINAL_STATUS and EXCLUSION_REASON
1NTA	False	2003-05-13	train		EXCLUDE_MULTI_RNA_CHAIN	RNA_CHAIN_COUNT=2; required exactly 1	40	2	0.369																	NOT_ASSIGNED	see FINAL_STATUS and EXCLUSION_REASON
1NTB	False	2003-05-13	train		EXCLUDE_MULTI_RNA_CHAIN	RNA_CHAIN_COUNT=2; required exactly 1	40	2	0.277																	NOT_ASSIGNED	see FINAL_STATUS and EXCLUSION_REASON
1NUJ	False	2003-08-19	train		EXCLUDE_MULTI_RNA_CHAIN	RNA_CHAIN_COUNT=8; required exactly 1	96	8	16.808																	NOT_ASSIGNED	see FINAL_STATUS and EXCLUSION_REASON
1NUV	False	2003-08-19	train		EXCLUDE_MULTI_RNA_CHAIN	RNA_CHAIN_COUNT=8; required exactly 1	96	8	19.171																	NOT_ASSIGNED	see FINAL_STATUS and EXCLUSION_REASON
1NYI	False	2004-02-24	train		EXCLUDE_MULTI_RNA_CHAIN	RNA_CHAIN_COUNT=2; required exactly 1	40	2	0.175																	NOT_ASSIGNED	see FINAL_STATUS and EXCLUSION_REASON
1NZ1	False	2003-05-13	train	train	KEPT		24	1	3.446													False				NOT_AUDITED	server stage paths were not provided
1O15	False	2003-02-18	train	train	KEPT		33	1	3.139													False				NOT_AUDITED	server stage paths were not provided
1O3Z	False	2003-05-27	train		EXCLUDE_MULTI_RNA_CHAIN	RNA_CHAIN_COUNT=2; required exactly 1	46	2	0.702																	NOT_ASSIGNED	see FINAL_STATUS and EXCLUSION_REASON
1O9M	False	2003-03-27	train		EXCLUDE_MULTI_RNA_CHAIN	RNA_CHAIN_COUNT=2; required exactly 1	44	2	0.28																	NOT_ASSIGNED	see FINAL_STATUS and EXCLUSION_REASON
1OQ0	False	2003-05-13	train	train	KEPT		15	1	2.093													False				NOT_AUDITED	server stage paths were not provided
1OSU	False	1996-04-04	train		EXCLUDE_FROZEN_RMSD	PDB is listed in exclude_strict_rank1_rmsd_pdb.txt	6	1																		NOT_ASSIGNED	see FINAL_STATUS and EXCLUSION_REASON
1OSW	False	2003-05-20	train	train	KEPT		23	1	3.639													False				NOT_AUDITED	server stage paths were not provided
1OW9	False	2003-05-20	train	train	KEPT		23	1	2.093													False				NOT_AUDITED	server stage paths were not provided
1P5M	False	2003-11-04	train	train	KEPT		55	1	4.072													False				NOT_AUDITED	server stage paths were not provided
1P5N	False	2003-11-04	train	train	KEPT		34	1	2.26													False				NOT_AUDITED	server stage paths were not provided
1P5O	False	2003-11-04	train	train	KEPT		77	1	3.436													False				NOT_AUDITED	server stage paths were not provided
1P5P	False	2003-11-04	train	train	KEPT		77	1	3.734													False				NOT_AUDITED	server stage paths were not provided
1P79	False	2003-11-04	train		EXCLUDE_FROZEN_RMSD	PDB is listed in exclude_strict_rank1_rmsd_pdb.txt	6	1																		NOT_ASSIGNED	see FINAL_STATUS and EXCLUSION_REASON
1P9X	False	2003-08-05	train	train	KEPT		2880	1	4.121													False				NOT_AUDITED	server stage paths were not provided
1PBL	False	1997-07-07	train		EXCLUDE_MULTI_RNA_CHAIN	RNA_CHAIN_COUNT=2; required exactly 1	12	2	10.135																	NOT_ASSIGNED	see FINAL_STATUS and EXCLUSION_REASON
1PBM	False	1997-07-07	train		EXCLUDE_MULTI_RNA_CHAIN	RNA_CHAIN_COUNT=2; required exactly 1	12	2	0.998																	NOT_ASSIGNED	see FINAL_STATUS and EXCLUSION_REASON
1PBR	False	1997-09-17	train	train	KEPT		27	1	1.853													False				NOT_AUDITED	server stage paths were not provided
1PJY	False	2003-08-05	train	train	KEPT		22	1	1.711													False				NOT_AUDITED	server stage paths were not provided
1Q29	False	2004-02-24	train		EXCLUDE_MULTI_RNA_CHAIN	RNA_CHAIN_COUNT=2; required exactly 1	41	2	0.528																	NOT_ASSIGNED	see FINAL_STATUS and EXCLUSION_REASON
1Q75	False	2003-12-23	train	train	KEPT		15	1	1.675													False				NOT_AUDITED	server stage paths were not provided
1Q8N	False	2004-03-23	train	train	KEPT		38	1	3.983													False				NOT_AUDITED	server stage paths were not provided
1Q93	False	2003-11-25	train		EXCLUDE_MULTI_RNA_CHAIN	RNA_CHAIN_COUNT=3; required exactly 1	81	3	20.367																	NOT_ASSIGNED	see FINAL_STATUS and EXCLUSION_REASON
1Q96	False	2003-11-25	train		EXCLUDE_MULTI_RNA_CHAIN	RNA_CHAIN_COUNT=3; required exactly 1	81	3	21.918																	NOT_ASSIGNED	see FINAL_STATUS and EXCLUSION_REASON
1Q9A	False	2003-11-25	train	train	KEPT		27	1	0.385													False				NOT_AUDITED	server stage paths were not provided
1QBP	False	1999-11-26	train		EXCLUDE_MULTI_RNA_CHAIN	RNA_CHAIN_COUNT=6; required exactly 1	90	6	24.203																	NOT_ASSIGNED	see FINAL_STATUS and EXCLUSION_REASON
1QC0	False	1999-11-11	train		EXCLUDE_MULTI_RNA_CHAIN	RNA_CHAIN_COUNT=4; required exactly 1	57	4																		NOT_ASSIGNED	see FINAL_STATUS and EXCLUSION_REASON
1QC8	False	1999-08-31	train	train	KEPT		25	1	5.802													False				NOT_AUDITED	server stage paths were not provided
1QCU	False	1999-11-11	train		EXCLUDE_MULTI_RNA_CHAIN	RNA_CHAIN_COUNT=4; required exactly 1	44	4	14.426																	NOT_ASSIGNED	see FINAL_STATUS and EXCLUSION_REASON
1QD3	False	2000-07-12	train	train	KEPT		29	1	3.222													False				NOT_AUDITED	server stage paths were not provided
1QES	False	1997-06-05	train		EXCLUDE_MULTI_RNA_CHAIN	RNA_CHAIN_COUNT=2; required exactly 1	16	2	0.557																	NOT_ASSIGNED	see FINAL_STATUS and EXCLUSION_REASON
1QET	False	1997-06-05	train		EXCLUDE_MULTI_RNA_CHAIN	RNA_CHAIN_COUNT=2; required exactly 1	16	2	1.086																	NOT_ASSIGNED	see FINAL_STATUS and EXCLUSION_REASON
1QWA	False	2003-11-25	train	train	KEPT		21	1	4.743													False				NOT_AUDITED	server stage paths were not provided
1QWB	False	2003-11-25	train	train	KEPT		26	1	7.523													False				NOT_AUDITED	server stage paths were not provided
1QZA	False	2003-11-04	train		EXCLUDE_FROZEN_RMSD	PDB is listed in exclude_strict_rank1_rmsd_pdb.txt	75	1																		NOT_ASSIGNED	see FINAL_STATUS and EXCLUSION_REASON
1QZB	False	2003-11-04	train		EXCLUDE_FROZEN_RMSD	PDB is listed in exclude_strict_rank1_rmsd_pdb.txt	76	1																		NOT_ASSIGNED	see FINAL_STATUS and EXCLUSION_REASON
1R2P	False	2004-02-03	train	train	KEPT		34	1	9.578													False				NOT_AUDITED	server stage paths were not provided
1R3O	False	2003-12-23	train		EXCLUDE_MULTI_RNA_CHAIN	RNA_CHAIN_COUNT=4; required exactly 1	32	4	7.721																	NOT_ASSIGNED	see FINAL_STATUS and EXCLUSION_REASON
1R4H	False	2004-10-19	train	train	KEPT		10	1	1.755													False				NOT_AUDITED	server stage paths were not provided
1R7W	False	2004-05-25	train	train	KEPT		34	1	9.887													False				NOT_AUDITED	server stage paths were not provided
1R7Z	False	2004-05-25	train	train	KEPT		34	1	11.124													False				NOT_AUDITED	server stage paths were not provided
1RAU	False	1994-01-31	train		EXCLUDE_MULTI_RNA_CHAIN	RNA_CHAIN_COUNT=4; required exactly 1	24	4	3.019																	NOT_ASSIGNED	see FINAL_STATUS and EXCLUSION_REASON
1RAW	False	1997-01-27	train	train	KEPT		36	1	13.36													False				NOT_AUDITED	server stage paths were not provided
1RFR	False	2004-03-23	train	train	KEPT		30	1	3.193													False				NOT_AUDITED	server stage paths were not provided
1RHT	False	1995-06-03	train	train	KEPT		24	1	4.58													False				NOT_AUDITED	server stage paths were not provided
1RMN	False	1995-01-26	train	train	KEPT		49	1	12.837													False				NOT_AUDITED	server stage paths were not provided
1RNA	False	1991-04-15	train		EXCLUDE_MULTI_RNA_CHAIN	RNA_CHAIN_COUNT=2; required exactly 1	28	2	0.381																	NOT_ASSIGNED	see FINAL_STATUS and EXCLUSION_REASON
1RNG	False	1995-12-07	train	train	KEPT		12	1	1.834													False				NOT_AUDITED	server stage paths were not provided
1RNK	False	1995-02-27	train	train	KEPT		34	1	6.186													False				NOT_AUDITED	server stage paths were not provided
1ROQ	False	2004-05-18	train	train	KEPT		14	1	0.841													False				NOT_AUDITED	server stage paths were not provided
1RRR	False	1998-04-22	train		EXCLUDE_MULTI_RNA_CHAIN	RNA_CHAIN_COUNT=2; required exactly 1	20	2	1.138																	NOT_ASSIGNED	see FINAL_STATUS and EXCLUSION_REASON
1RXA	False	1996-10-20	train	train	KEPT		8	1	5.853													False				NOT_AUDITED	server stage paths were not provided
1RXB	False	1996-08-26	train		EXCLUDE_MULTI_RNA_CHAIN	RNA_CHAIN_COUNT=2; required exactly 1	16	2	0.728																	NOT_ASSIGNED	see FINAL_STATUS and EXCLUSION_REASON
1S2F	False	2004-08-31	train	train	KEPT		23	1	2.713													False				NOT_AUDITED	server stage paths were not provided
1S34	False	2004-08-31	train	train	KEPT		23	1	2.868													False				NOT_AUDITED	server stage paths were not provided
1S9L	False	2004-06-29	train		EXCLUDE_MULTI_RNA_CHAIN	RNA_CHAIN_COUNT=4; required exactly 1	20	4	0.861																	NOT_ASSIGNED	see FINAL_STATUS and EXCLUSION_REASON
1S9S	False	2004-04-06	train		EXCLUDE_TRAIN_RMSD_CUTOFF	strict rank-1 RMSD 24.425 A > 15 A	101	1	24.425																	NOT_ASSIGNED	see FINAL_STATUS and EXCLUSION_REASON
1SA9	False	2004-05-18	train		EXCLUDE_MULTI_RNA_CHAIN	RNA_CHAIN_COUNT=5; required exactly 1	40	5	15.766																	NOT_ASSIGNED	see FINAL_STATUS and EXCLUSION_REASON
1SAQ	False	2004-05-18	train		EXCLUDE_MULTI_RNA_CHAIN	RNA_CHAIN_COUNT=5; required exactly 1	40	5	26.462																	NOT_ASSIGNED	see FINAL_STATUS and EXCLUSION_REASON
1SCL	False	1995-01-26	train	train	KEPT		29	1	5.329													False				NOT_AUDITED	server stage paths were not provided
1SDR	False	1995-02-27	train		EXCLUDE_MULTI_RNA_CHAIN	RNA_CHAIN_COUNT=4; required exactly 1	48	4	12.8																	NOT_ASSIGNED	see FINAL_STATUS and EXCLUSION_REASON
1SLO	False	1996-12-07	train	train	KEPT		19	1	2.196													False				NOT_AUDITED	server stage paths were not provided
1SLP	False	1997-04-21	train	train	KEPT		19	1	2.449													False				NOT_AUDITED	server stage paths were not provided
1SY4	False	2004-04-06	train	train	KEPT		24	1	2.978													False				NOT_AUDITED	server stage paths were not provided
1SYZ	False	2004-11-09	train	train	KEPT		24	1	2.708													False				NOT_AUDITED	server stage paths were not provided
1SZY	False	2004-04-20	train	train	KEPT		21	1	1.04													False				NOT_AUDITED	server stage paths were not provided
1T0D	False	2004-06-15	train		EXCLUDE_MULTI_RNA_CHAIN	RNA_CHAIN_COUNT=4; required exactly 1	66	4	19.722																	NOT_ASSIGNED	see FINAL_STATUS and EXCLUSION_REASON
1T0E	False	2004-06-15	train		EXCLUDE_MULTI_RNA_CHAIN	RNA_CHAIN_COUNT=2; required exactly 1	35	2	0.301																	NOT_ASSIGNED	see FINAL_STATUS and EXCLUSION_REASON
1T1O	False	2004-06-15	train		EXCLUDE_MULTI_RNA_CHAIN	RNA_CHAIN_COUNT=3; required exactly 1	73	3																		NOT_ASSIGNED	see FINAL_STATUS and EXCLUSION_REASON
1T28	False	2004-08-10	train	train	KEPT		34	1	4.779													False				NOT_AUDITED	server stage paths were not provided
1T4X	False	2004-08-03	train		EXCLUDE_MULTI_RNA_CHAIN	RNA_CHAIN_COUNT=2; required exactly 1	12	2	8.812																	NOT_ASSIGNED	see FINAL_STATUS and EXCLUSION_REASON
1TBK	False	2005-03-01	train	train	KEPT		17	1	3.968													False				NOT_AUDITED	server stage paths were not provided
1TFN	False	1997-02-12	train	train	KEPT		24	1	3.285													False				NOT_AUDITED	server stage paths were not provided
1TJZ	False	2004-09-28	train	train	KEPT		22	1	2.199													False				NOT_AUDITED	server stage paths were not provided
1TLR	False	1997-11-12	train	train	KEPT		23	1	4.789													False				NOT_AUDITED	server stage paths were not provided
1TN1	False	1987-01-15	train	train	KEPT		76	1	0.907													False				NOT_AUDITED	server stage paths were not provided
1TN2	False	1986-10-24	train	train	KEPT		76	1	0.9													False				NOT_AUDITED	server stage paths were not provided
1TOB	False	1997-06-16	train	train	KEPT		27	1	4.786													False				NOT_AUDITED	server stage paths were not provided
1TRA	False	1986-07-14	train	train	KEPT		76	1	1.415													False				NOT_AUDITED	server stage paths were not provided
1TUT	False	2004-12-28	train		EXCLUDE_MULTI_RNA_CHAIN	RNA_CHAIN_COUNT=2; required exactly 1	22	2	2.022																	NOT_ASSIGNED	see FINAL_STATUS and EXCLUSION_REASON
1TXS	False	2004-10-05	train	train	KEPT		38	1	3.269													False				NOT_AUDITED	server stage paths were not provided
1U2A	False	1998-03-04	train	train	KEPT		20	1	1.637													False				NOT_AUDITED	server stage paths were not provided
1U3K	False	2005-07-12	train	train	KEPT		38	1	10.043													False				NOT_AUDITED	server stage paths were not provided
1U9S	False	2004-10-26	train	train	KEPT		161	1	3.682													False				NOT_AUDITED	server stage paths were not provided
1UTS	False	2004-02-12	train	train	KEPT		29	1	5.641													False				NOT_AUDITED	server stage paths were not provided
1UUD	False	2004-03-15	train	train	KEPT		29	1	2.641													False				NOT_AUDITED	server stage paths were not provided
1UUI	False	2004-02-12	train	train	KEPT		29	1	3.82													False				NOT_AUDITED	server stage paths were not provided
1UUU	False	1998-02-25	train	train	KEPT		19	1	2.028													False				NOT_AUDITED	server stage paths were not provided
1VOP	False	1997-12-24	train	train	KEPT		13	1	4.652													False				NOT_AUDITED	server stage paths were not provided
1VTQ	False	2011-07-13	train	train	KEPT		75	1	1.435													False				NOT_AUDITED	server stage paths were not provided
1WKS	False	2004-06-22	train	train	KEPT		17	1	0.999													False				NOT_AUDITED	server stage paths were not provided
1WTS	False	1999-01-27	train	train	KEPT		14	1	2.526													False				NOT_AUDITED	server stage paths were not provided
1WTT	False	1999-01-27	train	train	KEPT		14	1	2.682													False				NOT_AUDITED	server stage paths were not provided
1WVD	False	2004-12-21	train		EXCLUDE_MULTI_RNA_CHAIN	RNA_CHAIN_COUNT=2; required exactly 1	46	2	21.949																	NOT_ASSIGNED	see FINAL_STATUS and EXCLUSION_REASON
1X8W	False	2004-11-09	train		EXCLUDE_MULTI_RNA_CHAIN	RNA_CHAIN_COUNT=4; required exactly 1	988	4	55.59																	NOT_ASSIGNED	see FINAL_STATUS and EXCLUSION_REASON
1X9C	False	2005-11-22	train		EXCLUDE_MULTI_RNA_CHAIN	RNA_CHAIN_COUNT=4; required exactly 1	61	4	0.21																	NOT_ASSIGNED	see FINAL_STATUS and EXCLUSION_REASON
1X9K	False	2005-11-22	train		EXCLUDE_MULTI_RNA_CHAIN	RNA_CHAIN_COUNT=4; required exactly 1	62	4	0.192																	NOT_ASSIGNED	see FINAL_STATUS and EXCLUSION_REASON
1XHP	False	2004-11-23	train	train	KEPT		32	1	2.545													False				NOT_AUDITED	server stage paths were not provided
1XJR	False	2005-02-01	train	train	KEPT		47	1	1.722													False				NOT_AUDITED	server stage paths were not provided
1XP7	False	2005-10-18	train		EXCLUDE_MULTI_RNA_CHAIN	RNA_CHAIN_COUNT=2; required exactly 1	46	2	0.496																	NOT_ASSIGNED	see FINAL_STATUS and EXCLUSION_REASON
1XPE	False	2005-10-18	train		EXCLUDE_MULTI_RNA_CHAIN	RNA_CHAIN_COUNT=2; required exactly 1	46	2	21.344																	NOT_ASSIGNED	see FINAL_STATUS and EXCLUSION_REASON
1XPF	False	2005-10-18	train		EXCLUDE_MULTI_RNA_CHAIN	RNA_CHAIN_COUNT=2; required exactly 1	46	2	22.388																	NOT_ASSIGNED	see FINAL_STATUS and EXCLUSION_REASON
1XSG	False	2004-12-28	train	train	KEPT		27	1	2.701													False				NOT_AUDITED	server stage paths were not provided
1XSH	False	2004-12-28	train	train	KEPT		27	1	2.527													False				NOT_AUDITED	server stage paths were not provided
1XST	False	2004-12-28	train	train	KEPT		27	1	3.436													False				NOT_AUDITED	server stage paths were not provided
1XSU	False	2004-12-28	train	train	KEPT		27	1	2.407													False				NOT_AUDITED	server stage paths were not provided
1XV0	False	2004-11-09	train		EXCLUDE_MULTI_RNA_CHAIN	RNA_CHAIN_COUNT=2; required exactly 1	20	2	1.604																	NOT_ASSIGNED	see FINAL_STATUS and EXCLUSION_REASON
1XV6	False	2005-04-05	train	train	KEPT		12	1	8.606													False				NOT_AUDITED	server stage paths were not provided
1XWP	False	2005-02-15	train	train	KEPT		15	1	2.037													False				NOT_AUDITED	server stage paths were not provided
1XWU	False	2005-02-15	train	train	KEPT		16	1	2.363													False				NOT_AUDITED	server stage paths were not provided
1Y0Q	False	2004-12-21	train		EXCLUDE_MULTI_RNA_CHAIN	RNA_CHAIN_COUNT=2; required exactly 1	233	2	1.458																	NOT_ASSIGNED	see FINAL_STATUS and EXCLUSION_REASON
1Y26	False	2004-12-28	train	train	KEPT		71	1	0.368													False				NOT_AUDITED	server stage paths were not provided
1Y27	False	2004-12-28	train	train	KEPT		68	1	0.399													False				NOT_AUDITED	server stage paths were not provided
1Y3O	False	2005-11-08	train		EXCLUDE_MULTI_RNA_CHAIN	RNA_CHAIN_COUNT=2; required exactly 1	46	2	21.604																	NOT_ASSIGNED	see FINAL_STATUS and EXCLUSION_REASON
1Y3S	False	2005-11-08	train		EXCLUDE_MULTI_RNA_CHAIN	RNA_CHAIN_COUNT=2; required exactly 1	46	2	21.558																	NOT_ASSIGNED	see FINAL_STATUS and EXCLUSION_REASON
1Y6S	False	2004-12-21	train		EXCLUDE_MULTI_RNA_CHAIN	RNA_CHAIN_COUNT=2; required exactly 1	46	2	20.681																	NOT_ASSIGNED	see FINAL_STATUS and EXCLUSION_REASON
1Y6T	False	2004-12-21	train		EXCLUDE_MULTI_RNA_CHAIN	RNA_CHAIN_COUNT=2; required exactly 1	46	2	0.924																	NOT_ASSIGNED	see FINAL_STATUS and EXCLUSION_REASON
1Y73	False	2004-12-21	train		EXCLUDE_MULTI_RNA_CHAIN	RNA_CHAIN_COUNT=2; required exactly 1	46	2	22.005																	NOT_ASSIGNED	see FINAL_STATUS and EXCLUSION_REASON
1Y90	False	2004-12-21	train		EXCLUDE_MULTI_RNA_CHAIN	RNA_CHAIN_COUNT=2; required exactly 1	46	2	1.047																	NOT_ASSIGNED	see FINAL_STATUS and EXCLUSION_REASON
1Y95	False	2004-12-21	train		EXCLUDE_MULTI_RNA_CHAIN	RNA_CHAIN_COUNT=2; required exactly 1	46	2	21.844																	NOT_ASSIGNED	see FINAL_STATUS and EXCLUSION_REASON
1Y99	False	2004-12-21	train		EXCLUDE_MULTI_RNA_CHAIN	RNA_CHAIN_COUNT=2; required exactly 1	46	2	22.309																	NOT_ASSIGNED	see FINAL_STATUS and EXCLUSION_REASON
1YFG	False	1997-09-03	train	train	KEPT		75	1	4.002													False				NOT_AUDITED	server stage paths were not provided
1YFV	False	1997-10-15	train		EXCLUDE_MULTI_RNA_CHAIN	RNA_CHAIN_COUNT=2; required exactly 1	16	2	1.104																	NOT_ASSIGNED	see FINAL_STATUS and EXCLUSION_REASON
1YG3	False	2005-12-13	train	train	KEPT		28	1	3.025													False				NOT_AUDITED	server stage paths were not provided
1YG4	False	2005-12-13	train	train	KEPT		28	1	2.939													False				NOT_AUDITED	server stage paths were not provided
1YKQ	False	2005-02-22	train		EXCLUDE_MULTI_RNA_CHAIN	RNA_CHAIN_COUNT=4; required exactly 1	98	4	27.707																	NOT_ASSIGNED	see FINAL_STATUS and EXCLUSION_REASON
1YKV	False	2005-02-22	train		EXCLUDE_MULTI_RNA_CHAIN	RNA_CHAIN_COUNT=4; required exactly 1	98	4	33.875																	NOT_ASSIGNED	see FINAL_STATUS and EXCLUSION_REASON
1YLG	False	2005-02-01	train	train	KEPT		31	1	5.405													False				NOT_AUDITED	server stage paths were not provided
1YLS	False	2005-02-22	train		EXCLUDE_MULTI_RNA_CHAIN	RNA_CHAIN_COUNT=4; required exactly 1	98	4	31.907																	NOT_ASSIGNED	see FINAL_STATUS and EXCLUSION_REASON
1YMO	False	2005-03-15	train	train	KEPT		47	1	6.375													False				NOT_AUDITED	server stage paths were not provided
1YN1	False	2006-01-24	train	train	KEPT		17	1	3.377													False				NOT_AUDITED	server stage paths were not provided
1YN2	False	2006-01-24	train	train	KEPT		17	1	4.207													False				NOT_AUDITED	server stage paths were not provided
1YNC	False	2005-02-08	train	train	KEPT		31	1	5.718													False				NOT_AUDITED	server stage paths were not provided
1YNE	False	2005-02-08	train	train	KEPT		31	1	3.789													False				NOT_AUDITED	server stage paths were not provided
1YNG	False	2005-02-08	train	train	KEPT		31	1	3.889													False				NOT_AUDITED	server stage paths were not provided
1YRJ	False	2005-06-07	train		EXCLUDE_MULTI_RNA_CHAIN	RNA_CHAIN_COUNT=2; required exactly 1	46	2	1.616																	NOT_ASSIGNED	see FINAL_STATUS and EXCLUSION_REASON
1YSV	False	2005-07-19	train	train	KEPT		27	1	1.95													False				NOT_AUDITED	server stage paths were not provided
1YXP	False	2006-01-31	train		EXCLUDE_MULTI_RNA_CHAIN	RNA_CHAIN_COUNT=2; required exactly 1	46	2	21.796																	NOT_ASSIGNED	see FINAL_STATUS and EXCLUSION_REASON
1YY0	False	2005-10-18	train		EXCLUDE_MULTI_RNA_CHAIN	RNA_CHAIN_COUNT=3; required exactly 1	48	3	22.023																	NOT_ASSIGNED	see FINAL_STATUS and EXCLUSION_REASON
1YZD	False	2005-10-18	train		EXCLUDE_MULTI_RNA_CHAIN	RNA_CHAIN_COUNT=3; required exactly 1	48	3	20.822																	NOT_ASSIGNED	see FINAL_STATUS and EXCLUSION_REASON
1Z2J	False	2005-06-14	train	train	KEPT		45	1	5.497													False				NOT_AUDITED	server stage paths were not provided
1Z30	False	2005-04-26	train	train	KEPT		18	1	2.511													False				NOT_AUDITED	server stage paths were not provided
1Z31	False	2005-03-22	train	train	KEPT		32	1	2.269													False				NOT_AUDITED	server stage paths were not provided
1Z43	False	2005-06-14	train	train	KEPT		101	1	1.17													False				NOT_AUDITED	server stage paths were not provided
1Z58	False	2005-06-28	train	train	KEPT		2880	1	4.048													False				NOT_AUDITED	server stage paths were not provided
1Z79	False	2005-10-18	train		EXCLUDE_MULTI_RNA_CHAIN	RNA_CHAIN_COUNT=3; required exactly 1	48	3	11.584																	NOT_ASSIGNED	see FINAL_STATUS and EXCLUSION_REASON
1Z7F	False	2005-10-18	train		EXCLUDE_MULTI_RNA_CHAIN	RNA_CHAIN_COUNT=3; required exactly 1	48	3	10.351																	NOT_ASSIGNED	see FINAL_STATUS and EXCLUSION_REASON
1ZC5	False	2005-06-07	train	train	KEPT		41	1	3.196													False				NOT_AUDITED	server stage paths were not provided
1ZCI	False	2006-01-31	train		EXCLUDE_MULTI_RNA_CHAIN	RNA_CHAIN_COUNT=4; required exactly 1	92	4	23.023																	NOT_ASSIGNED	see FINAL_STATUS and EXCLUSION_REASON
1ZEV	False	2005-10-25	train		EXCLUDE_MULTI_RNA_CHAIN	RNA_CHAIN_COUNT=2; required exactly 1	36	2	1.702																	NOT_ASSIGNED	see FINAL_STATUS and EXCLUSION_REASON
1ZFT	False	2006-02-14	train		EXCLUDE_MULTI_RNA_CHAIN	RNA_CHAIN_COUNT=4; required exactly 1	61	4	0.21																	NOT_ASSIGNED	see FINAL_STATUS and EXCLUSION_REASON
1ZFV	False	2006-02-14	train		EXCLUDE_MULTI_RNA_CHAIN	RNA_CHAIN_COUNT=4; required exactly 1	61	4	0.21																	NOT_ASSIGNED	see FINAL_STATUS and EXCLUSION_REASON
1ZFX	False	2006-02-14	train		EXCLUDE_MULTI_RNA_CHAIN	RNA_CHAIN_COUNT=4; required exactly 1	61	4	0.186																	NOT_ASSIGNED	see FINAL_STATUS and EXCLUSION_REASON
1ZIF	False	1997-03-12	train	train	KEPT		12	1	1.346													False				NOT_AUDITED	server stage paths were not provided
1ZIG	False	1997-03-12	train	train	KEPT		12	1	0.722													False				NOT_AUDITED	server stage paths were not provided
1ZIH	False	1997-03-12	train	train	KEPT		12	1	1.516													False				NOT_AUDITED	server stage paths were not provided
1ZO3	False	2005-06-14	train		EXCLUDE_MULTI_RNA_CHAIN	RNA_CHAIN_COUNT=2; required exactly 1	152	2	19.144																	NOT_ASSIGNED	see FINAL_STATUS and EXCLUSION_REASON
1ZX7	False	2005-09-20	train		EXCLUDE_MULTI_RNA_CHAIN	RNA_CHAIN_COUNT=8; required exactly 1	116	8	18.36																	NOT_ASSIGNED	see FINAL_STATUS and EXCLUSION_REASON
1ZZ5	False	2005-09-20	train		EXCLUDE_MULTI_RNA_CHAIN	RNA_CHAIN_COUNT=4; required exactly 1	58	4	19.209																	NOT_ASSIGNED	see FINAL_STATUS and EXCLUSION_REASON
205D	False	1995-09-15	train		EXCLUDE_MULTI_RNA_CHAIN	RNA_CHAIN_COUNT=2; required exactly 1	24	2	0.413																	NOT_ASSIGNED	see FINAL_STATUS and EXCLUSION_REASON
21CC	False	2025-12-17	test		EXCLUDE_MULTI_RNA_CHAIN	RNA_CHAIN_COUNT=2; required exactly 1	24	2	9.788																	NOT_ASSIGNED	see FINAL_STATUS and EXCLUSION_REASON
21ET	False	2026-07-15	test		EXCLUDE_MULTI_RNA_CHAIN	RNA_CHAIN_COUNT=6; required exactly 1	78	6																		NOT_ASSIGNED	see FINAL_STATUS and EXCLUSION_REASON
23JY	False	2026-05-06	test		EXCLUDE_MULTI_RNA_CHAIN	RNA_CHAIN_COUNT=2; required exactly 1	44	2	2.036																	NOT_ASSIGNED	see FINAL_STATUS and EXCLUSION_REASON
23JZ	False	2026-05-06	test	test	KEPT		35	1	0.738													False				NOT_AUDITED	server stage paths were not provided
23KA	False	2026-05-06	test		EXCLUDE_MULTI_RNA_CHAIN	RNA_CHAIN_COUNT=3; required exactly 1	105	3	23.688																	NOT_ASSIGNED	see FINAL_STATUS and EXCLUSION_REASON
255D	False	1995-02-07	train	train	KEPT		12	1	9.888													False				NOT_AUDITED	server stage paths were not provided
259D	False	1996-08-26	train		EXCLUDE_MULTI_RNA_CHAIN	RNA_CHAIN_COUNT=2; required exactly 1	16	2	0.589																	NOT_ASSIGNED	see FINAL_STATUS and EXCLUSION_REASON
25SJ	False	2026-04-29	test		EXCLUDE_MULTI_RNA_CHAIN	RNA_CHAIN_COUNT=2; required exactly 1	16	2	0.953																	NOT_ASSIGNED	see FINAL_STATUS and EXCLUSION_REASON
25SM	False	2026-04-29	test		EXCLUDE_MULTI_RNA_CHAIN	RNA_CHAIN_COUNT=2; required exactly 1	16	2																		NOT_ASSIGNED	see FINAL_STATUS and EXCLUSION_REASON
280D	False	1996-09-30	train		EXCLUDE_MULTI_RNA_CHAIN	RNA_CHAIN_COUNT=4; required exactly 1	48	4	12.914																	NOT_ASSIGNED	see FINAL_STATUS and EXCLUSION_REASON
283D	False	1996-09-30	train	train	KEPT		12	1	9.361													False				NOT_AUDITED	server stage paths were not provided
28SP	False	1999-04-12	train	train	KEPT		28	1	1.707													False				NOT_AUDITED	server stage paths were not provided
28SR	False	1999-04-20	train	train	KEPT		28	1	1.776													False				NOT_AUDITED	server stage paths were not provided
299D	False	1997-01-24	train		EXCLUDE_MULTI_RNA_CHAIN	RNA_CHAIN_COUNT=2; required exactly 1	41	2	0.4																	NOT_ASSIGNED	see FINAL_STATUS and EXCLUSION_REASON
2A04	False	2005-09-20	train		EXCLUDE_MULTI_RNA_CHAIN	RNA_CHAIN_COUNT=4; required exactly 1	58	4	18.984																	NOT_ASSIGNED	see FINAL_STATUS and EXCLUSION_REASON
2A0P	False	2005-08-16	train		EXCLUDE_MULTI_RNA_CHAIN	RNA_CHAIN_COUNT=2; required exactly 1	16	2	0.41																	NOT_ASSIGNED	see FINAL_STATUS and EXCLUSION_REASON
2A2E	False	2005-09-06	train	train	KEPT		338	1	7.199													False				NOT_AUDITED	server stage paths were not provided
2A43	False	2005-09-27	train	train	KEPT		26	1	0.351													False				NOT_AUDITED	server stage paths were not provided
2A64	False	2005-09-20	train	train	KEPT		417	1	13.825													False				NOT_AUDITED	server stage paths were not provided
2A9L	False	1998-06-17	train	train	KEPT		38	1	12.097													False				NOT_AUDITED	server stage paths were not provided
2ADT	False	2005-07-26	train		EXCLUDE_MULTI_RNA_CHAIN	RNA_CHAIN_COUNT=2; required exactly 1	86	2	3.103																	NOT_ASSIGNED	see FINAL_STATUS and EXCLUSION_REASON
2AGN	False	2006-07-25	train		EXCLUDE_MULTI_RNA_CHAIN	RNA_CHAIN_COUNT=5; required exactly 1	203	5																		NOT_ASSIGNED	see FINAL_STATUS and EXCLUSION_REASON
2AHT	False	2006-10-17	train	train	KEPT		27	1	3.204													False				NOT_AUDITED	server stage paths were not provided
2AO5	False	2006-03-28	train		EXCLUDE_MULTI_RNA_CHAIN	RNA_CHAIN_COUNT=4; required exactly 1	40	4	13.53																	NOT_ASSIGNED	see FINAL_STATUS and EXCLUSION_REASON
2AP0	False	2006-09-05	train	train	KEPT		28	1	2.501													False				NOT_AUDITED	server stage paths were not provided
2AP5	False	2006-09-05	train	train	KEPT		28	1	2.241													False				NOT_AUDITED	server stage paths were not provided
2AU4	False	2006-03-28	train	train	KEPT		41	1	7.73													False				NOT_AUDITED	server stage paths were not provided
2AWE	False	2006-02-07	train		EXCLUDE_MULTI_RNA_CHAIN	RNA_CHAIN_COUNT=8; required exactly 1	48	8	1.12																	NOT_ASSIGNED	see FINAL_STATUS and EXCLUSION_REASON
2AWQ	False	2006-01-17	train	train	KEPT		17	1	2.536													False				NOT_AUDITED	server stage paths were not provided
2B57	False	2006-05-23	train	train	KEPT		65	1	0.293													False				NOT_AUDITED	server stage paths were not provided
2B7G	False	2006-01-24	train	train	KEPT		19	1	1.006													False				NOT_AUDITED	server stage paths were not provided
2B8R	False	2005-10-25	train		EXCLUDE_MULTI_RNA_CHAIN	RNA_CHAIN_COUNT=2; required exactly 1	46	2	21.315																	NOT_ASSIGNED	see FINAL_STATUS and EXCLUSION_REASON
2B8S	False	2005-10-25	train		EXCLUDE_MULTI_RNA_CHAIN	RNA_CHAIN_COUNT=2; required exactly 1	46	2	0.618																	NOT_ASSIGNED	see FINAL_STATUS and EXCLUSION_REASON
2BCY	False	2006-02-14	train		EXCLUDE_MULTI_RNA_CHAIN	RNA_CHAIN_COUNT=4; required exactly 1	61	4	0.175																	NOT_ASSIGNED	see FINAL_STATUS and EXCLUSION_REASON
2BCZ	False	2006-02-14	train		EXCLUDE_MULTI_RNA_CHAIN	RNA_CHAIN_COUNT=4; required exactly 1	61	4	0.275																	NOT_ASSIGNED	see FINAL_STATUS and EXCLUSION_REASON
2BE0	False	2005-12-20	train		EXCLUDE_MULTI_RNA_CHAIN	RNA_CHAIN_COUNT=2; required exactly 1	44	2	0.474																	NOT_ASSIGNED	see FINAL_STATUS and EXCLUSION_REASON
2BEE	False	2005-12-20	train		EXCLUDE_MULTI_RNA_CHAIN	RNA_CHAIN_COUNT=2; required exactly 1	44	2	0.377																	NOT_ASSIGNED	see FINAL_STATUS and EXCLUSION_REASON
2BJ2	False	1999-02-02	train		EXCLUDE_MULTI_RNA_CHAIN	RNA_CHAIN_COUNT=2; required exactly 1	40	2	5.129																	NOT_ASSIGNED	see FINAL_STATUS and EXCLUSION_REASON
2CD1	False	2007-05-01	train	train	KEPT		27	1	2.423													False				NOT_AUDITED	server stage paths were not provided
2CD3	False	2007-05-01	train	train	KEPT		27	1	2.267													False				NOT_AUDITED	server stage paths were not provided
2CD5	False	2007-05-01	train	train	KEPT		27	1	2.223													False				NOT_AUDITED	server stage paths were not provided
2CD6	False	2007-05-01	train	train	KEPT		27	1	2.141													False				NOT_AUDITED	server stage paths were not provided
2CKY	False	2006-05-08	train		EXCLUDE_MULTI_RNA_CHAIN	RNA_CHAIN_COUNT=2; required exactly 1	154	2	29.4																	NOT_ASSIGNED	see FINAL_STATUS and EXCLUSION_REASON
2D17	False	2005-11-01	train		EXCLUDE_MULTI_RNA_CHAIN	RNA_CHAIN_COUNT=2; required exactly 1	30	2	2.232																	NOT_ASSIGNED	see FINAL_STATUS and EXCLUSION_REASON
2D18	False	2005-11-01	train		EXCLUDE_MULTI_RNA_CHAIN	RNA_CHAIN_COUNT=2; required exactly 1	34	2	3.28																	NOT_ASSIGNED	see FINAL_STATUS and EXCLUSION_REASON
2D19	False	2005-11-01	train		EXCLUDE_MULTI_RNA_CHAIN	RNA_CHAIN_COUNT=2; required exactly 1	34	2	16.022																	NOT_ASSIGNED	see FINAL_STATUS and EXCLUSION_REASON
2D1A	False	2005-11-01	train		EXCLUDE_MULTI_RNA_CHAIN	RNA_CHAIN_COUNT=2; required exactly 1	78	2	37.297																	NOT_ASSIGNED	see FINAL_STATUS and EXCLUSION_REASON
2D1B	False	2005-11-01	train		EXCLUDE_MULTI_RNA_CHAIN	RNA_CHAIN_COUNT=2; required exactly 1	78	2	2.829																	NOT_ASSIGNED	see FINAL_STATUS and EXCLUSION_REASON
2D2K	False	2005-11-01	train		EXCLUDE_MULTI_RNA_CHAIN	RNA_CHAIN_COUNT=4; required exactly 1	61	4	0.237																	NOT_ASSIGNED	see FINAL_STATUS and EXCLUSION_REASON
2D2L	False	2005-11-01	train		EXCLUDE_MULTI_RNA_CHAIN	RNA_CHAIN_COUNT=4; required exactly 1	61	4	0.235																	NOT_ASSIGNED	see FINAL_STATUS and EXCLUSION_REASON
2DD1	False	2006-06-13	train		EXCLUDE_MULTI_RNA_CHAIN	RNA_CHAIN_COUNT=2; required exactly 1	20	2	1.652																	NOT_ASSIGNED	see FINAL_STATUS and EXCLUSION_REASON
2DD2	False	2006-06-13	train		EXCLUDE_MULTI_RNA_CHAIN	RNA_CHAIN_COUNT=2; required exactly 1	20	2	2.694																	NOT_ASSIGNED	see FINAL_STATUS and EXCLUSION_REASON
2DD3	False	2006-06-13	train		EXCLUDE_MULTI_RNA_CHAIN	RNA_CHAIN_COUNT=2; required exactly 1	20	2	2.963																	NOT_ASSIGNED	see FINAL_STATUS and EXCLUSION_REASON
2EES	False	2007-11-13	train	train	KEPT		67	1	0.489													False				NOT_AUDITED	server stage paths were not provided
2EET	False	2007-11-13	train	train	KEPT		67	1	0.375													False				NOT_AUDITED	server stage paths were not provided
2EEU	False	2007-11-13	train	train	KEPT		67	1	0.332													False				NOT_AUDITED	server stage paths were not provided
2EEV	False	2007-11-13	train	train	KEPT		67	1	0.438													False				NOT_AUDITED	server stage paths were not provided
2EEW	False	2007-11-13	train	train	KEPT		67	1	0.406													False				NOT_AUDITED	server stage paths were not provided
2ES5	False	2006-01-24	train	train	KEPT		23	1	1.714													False				NOT_AUDITED	server stage paths were not provided
2ESI	False	2005-12-20	train		EXCLUDE_MULTI_RNA_CHAIN	RNA_CHAIN_COUNT=2; required exactly 1	46	2	1.426																	NOT_ASSIGNED	see FINAL_STATUS and EXCLUSION_REASON
2ESJ	False	2005-12-20	train		EXCLUDE_MULTI_RNA_CHAIN	RNA_CHAIN_COUNT=2; required exactly 1	44	2	0.722																	NOT_ASSIGNED	see FINAL_STATUS and EXCLUSION_REASON
2ET3	False	2005-12-13	train		EXCLUDE_MULTI_RNA_CHAIN	RNA_CHAIN_COUNT=2; required exactly 1	44	2	0.857																	NOT_ASSIGNED	see FINAL_STATUS and EXCLUSION_REASON
2ET4	False	2005-12-13	train		EXCLUDE_MULTI_RNA_CHAIN	RNA_CHAIN_COUNT=2; required exactly 1	44	2	0.815																	NOT_ASSIGNED	see FINAL_STATUS and EXCLUSION_REASON
2ET5	False	2005-12-13	train		EXCLUDE_MULTI_RNA_CHAIN	RNA_CHAIN_COUNT=2; required exactly 1	44	2	0.602																	NOT_ASSIGNED	see FINAL_STATUS and EXCLUSION_REASON
2ET8	False	2005-12-13	train		EXCLUDE_MULTI_RNA_CHAIN	RNA_CHAIN_COUNT=2; required exactly 1	44	2	0.891																	NOT_ASSIGNED	see FINAL_STATUS and EXCLUSION_REASON
2EUY	False	2006-01-03	train	train	KEPT		34	1	8.085													False				NOT_AUDITED	server stage paths were not provided
2EVY	False	2006-08-22	train	train	KEPT		14	1	3.146													False				NOT_AUDITED	server stage paths were not provided
2F4S	False	2006-05-02	train		EXCLUDE_MULTI_RNA_CHAIN	RNA_CHAIN_COUNT=2; required exactly 1	42	2	0.325																	NOT_ASSIGNED	see FINAL_STATUS and EXCLUSION_REASON
2F4T	False	2006-05-02	train		EXCLUDE_MULTI_RNA_CHAIN	RNA_CHAIN_COUNT=2; required exactly 1	44	2	0.373																	NOT_ASSIGNED	see FINAL_STATUS and EXCLUSION_REASON
2F4U	False	2006-05-02	train		EXCLUDE_MULTI_RNA_CHAIN	RNA_CHAIN_COUNT=2; required exactly 1	42	2	0.296																	NOT_ASSIGNED	see FINAL_STATUS and EXCLUSION_REASON
2F4X	False	2006-02-28	train		EXCLUDE_MULTI_RNA_CHAIN	RNA_CHAIN_COUNT=2; required exactly 1	48	2	23.611																	NOT_ASSIGNED	see FINAL_STATUS and EXCLUSION_REASON
2F87	False	2006-08-08	train	train	KEPT		12	1	1.308													False				NOT_AUDITED	server stage paths were not provided
2F88	False	2006-02-28	train	train	KEPT		34	1	3.256													False				NOT_AUDITED	server stage paths were not provided
2FCX	False	2006-05-16	train		EXCLUDE_MULTI_RNA_CHAIN	RNA_CHAIN_COUNT=2; required exactly 1	46	2	0.749																	NOT_ASSIGNED	see FINAL_STATUS and EXCLUSION_REASON
2FCY	False	2006-05-16	train		EXCLUDE_MULTI_RNA_CHAIN	RNA_CHAIN_COUNT=2; required exactly 1	46	2	0.921																	NOT_ASSIGNED	see FINAL_STATUS and EXCLUSION_REASON
2FCZ	False	2006-05-16	train		EXCLUDE_MULTI_RNA_CHAIN	RNA_CHAIN_COUNT=4; required exactly 1	92	4	14.993																	NOT_ASSIGNED	see FINAL_STATUS and EXCLUSION_REASON
2FD0	False	2006-05-16	train		EXCLUDE_MULTI_RNA_CHAIN	RNA_CHAIN_COUNT=2; required exactly 1	46	2	0.867																	NOT_ASSIGNED	see FINAL_STATUS and EXCLUSION_REASON
2FDT	False	2006-12-05	train	train	KEPT		36	1	2.003													False				NOT_AUDITED	server stage paths were not provided
2FEY	False	2006-06-27	train	train	KEPT		43	1	8.392													False				NOT_AUDITED	server stage paths were not provided
2FGP	False	2006-02-14	train		EXCLUDE_MULTI_RNA_CHAIN	RNA_CHAIN_COUNT=4; required exactly 1	61	4	0.254																	NOT_ASSIGNED	see FINAL_STATUS and EXCLUSION_REASON
2FQN	False	2006-02-14	train		EXCLUDE_MULTI_RNA_CHAIN	RNA_CHAIN_COUNT=2; required exactly 1	46	2	1.085																	NOT_ASSIGNED	see FINAL_STATUS and EXCLUSION_REASON
2G1G	False	2006-06-20	train	train	KEPT		17	1	3.507													False				NOT_AUDITED	server stage paths were not provided
2G1W	False	2006-04-11	train	train	KEPT		22	1	4.6													False				NOT_AUDITED	server stage paths were not provided
2G32	False	2006-05-30	train		EXCLUDE_MULTI_RNA_CHAIN	RNA_CHAIN_COUNT=4; required exactly 1	32	4	7.659																	NOT_ASSIGNED	see FINAL_STATUS and EXCLUSION_REASON
2G3S	False	2007-01-16	train		EXCLUDE_MULTI_RNA_CHAIN	RNA_CHAIN_COUNT=10; required exactly 1	80	10	23.409																	NOT_ASSIGNED	see FINAL_STATUS and EXCLUSION_REASON
2G5K	False	2006-06-20	train		EXCLUDE_MULTI_RNA_CHAIN	RNA_CHAIN_COUNT=2; required exactly 1	46	2	0.849																	NOT_ASSIGNED	see FINAL_STATUS and EXCLUSION_REASON
2G91	False	2007-04-03	train		EXCLUDE_MULTI_RNA_CHAIN	RNA_CHAIN_COUNT=2; required exactly 1	18	2	0.449																	NOT_ASSIGNED	see FINAL_STATUS and EXCLUSION_REASON
2G92	False	2006-04-18	train		EXCLUDE_MULTI_RNA_CHAIN	RNA_CHAIN_COUNT=2; required exactly 1	24	2	0.482																	NOT_ASSIGNED	see FINAL_STATUS and EXCLUSION_REASON
2G9C	False	2006-11-21	train	train	KEPT		67	1	0.457													False				NOT_AUDITED	server stage paths were not provided
2GBH	False	2006-04-11	train	train	KEPT		24	1	2.715													False				NOT_AUDITED	server stage paths were not provided
2GCS	False	2006-09-26	train		EXCLUDE_MULTI_RNA_CHAIN	RNA_CHAIN_COUNT=2; required exactly 1	152	2	0.516																	NOT_ASSIGNED	see FINAL_STATUS and EXCLUSION_REASON
2GCV	False	2006-09-26	train		EXCLUDE_MULTI_RNA_CHAIN	RNA_CHAIN_COUNT=2; required exactly 1	151	2	0.657																	NOT_ASSIGNED	see FINAL_STATUS and EXCLUSION_REASON
2GDI	False	2006-07-04	train		EXCLUDE_MULTI_RNA_CHAIN	RNA_CHAIN_COUNT=2; required exactly 1	160	2	28.147																	NOT_ASSIGNED	see FINAL_STATUS and EXCLUSION_REASON
2GIO	False	2006-06-20	train	train	KEPT		29	1	2.069													False				NOT_AUDITED	server stage paths were not provided
2GIP	False	2006-06-20	train	train	KEPT		28	1	1.625													False				NOT_AUDITED	server stage paths were not provided
2GIS	False	2006-07-04	train	train	KEPT		94	1	0.303													False				NOT_AUDITED	server stage paths were not provided
2GM0	False	2006-04-25	train		EXCLUDE_MULTI_RNA_CHAIN	RNA_CHAIN_COUNT=2; required exactly 1	70	2	6.096																	NOT_ASSIGNED	see FINAL_STATUS and EXCLUSION_REASON
2GPM	False	2006-06-27	train		EXCLUDE_MULTI_RNA_CHAIN	RNA_CHAIN_COUNT=4; required exactly 1	32	4	8.682																	NOT_ASSIGNED	see FINAL_STATUS and EXCLUSION_REASON
2GQ4	False	2006-06-27	train		EXCLUDE_MULTI_RNA_CHAIN	RNA_CHAIN_COUNT=4; required exactly 1	32	4	7.694																	NOT_ASSIGNED	see FINAL_STATUS and EXCLUSION_REASON
2GQ5	False	2006-06-27	train		EXCLUDE_MULTI_RNA_CHAIN	RNA_CHAIN_COUNT=4; required exactly 1	32	4	7.664																	NOT_ASSIGNED	see FINAL_STATUS and EXCLUSION_REASON
2GQ6	False	2006-06-27	train		EXCLUDE_MULTI_RNA_CHAIN	RNA_CHAIN_COUNT=4; required exactly 1	32	4	7.662																	NOT_ASSIGNED	see FINAL_STATUS and EXCLUSION_REASON
2GQ7	False	2006-06-27	train		EXCLUDE_MULTI_RNA_CHAIN	RNA_CHAIN_COUNT=4; required exactly 1	32	4	7.682																	NOT_ASSIGNED	see FINAL_STATUS and EXCLUSION_REASON
2GRB	False	2006-11-21	train		EXCLUDE_MULTI_RNA_CHAIN	RNA_CHAIN_COUNT=8; required exactly 1	48	8	3.104																	NOT_ASSIGNED	see FINAL_STATUS and EXCLUSION_REASON
2GRW	False	2007-03-06	train	train	KEPT		22	1	4.603													False				NOT_AUDITED	server stage paths were not provided
2GV3	False	2006-08-08	train	train	KEPT		22	1	4.098													False				NOT_AUDITED	server stage paths were not provided
2GV4	False	2007-03-20	train	train	KEPT		22	1	1.91													False				NOT_AUDITED	server stage paths were not provided
2GVO	False	2007-05-08	train	train	KEPT		18	1	4.475													False				NOT_AUDITED	server stage paths were not provided
2H0W	False	2006-09-26	train		EXCLUDE_MULTI_RNA_CHAIN	RNA_CHAIN_COUNT=2; required exactly 1	151	2	0.609																	NOT_ASSIGNED	see FINAL_STATUS and EXCLUSION_REASON
2H0X	False	2006-09-26	train		EXCLUDE_MULTI_RNA_CHAIN	RNA_CHAIN_COUNT=2; required exactly 1	152	2	0.57																	NOT_ASSIGNED	see FINAL_STATUS and EXCLUSION_REASON
2H1M	False	2006-07-18	train		EXCLUDE_MULTI_RNA_CHAIN	RNA_CHAIN_COUNT=2; required exactly 1	32	2	0.265																	NOT_ASSIGNED	see FINAL_STATUS and EXCLUSION_REASON
2H49	False	2006-11-21	train		EXCLUDE_MULTI_RNA_CHAIN	RNA_CHAIN_COUNT=2; required exactly 1	18	2	2.67																	NOT_ASSIGNED	see FINAL_STATUS and EXCLUSION_REASON
2HEM	False	2006-09-12	train	train	KEPT		24	1	3.988													False				NOT_AUDITED	server stage paths were not provided
2HNS	False	2006-10-31	train	train	KEPT		22	1	2.07													False				NOT_AUDITED	server stage paths were not provided
2HO6	False	2006-09-26	train		EXCLUDE_MULTI_RNA_CHAIN	RNA_CHAIN_COUNT=2; required exactly 1	152	2	0.616																	NOT_ASSIGNED	see FINAL_STATUS and EXCLUSION_REASON
2HO7	False	2006-09-26	train		EXCLUDE_MULTI_RNA_CHAIN	RNA_CHAIN_COUNT=2; required exactly 1	152	2	0.588																	NOT_ASSIGNED	see FINAL_STATUS and EXCLUSION_REASON
2HOJ	False	2006-09-19	train	train	KEPT		83	1	2.196													False				NOT_AUDITED	server stage paths were not provided
2HOK	False	2006-09-19	train	train	KEPT		83	1	2.427													False				NOT_AUDITED	server stage paths were not provided
2HOL	False	2006-09-19	train	train	KEPT		83	1	2.418													False				NOT_AUDITED	server stage paths were not provided
2HOM	False	2006-09-19	train	train	KEPT		83	1	2.286													False				NOT_AUDITED	server stage paths were not provided
2HOO	False	2006-09-19	train	train	KEPT		83	1	2.143													False				NOT_AUDITED	server stage paths were not provided
2HOP	False	2006-09-19	train	train	KEPT		83	1	2.346													False				NOT_AUDITED	server stage paths were not provided
2HUA	False	2007-04-17	train	train	KEPT		40	1	6.801													False				NOT_AUDITED	server stage paths were not provided
2I7E	False	2007-04-03	train		EXCLUDE_MULTI_RNA_CHAIN	RNA_CHAIN_COUNT=2; required exactly 1	86	2	3.251																	NOT_ASSIGNED	see FINAL_STATUS and EXCLUSION_REASON
2I7Z	False	2007-04-03	train		EXCLUDE_MULTI_RNA_CHAIN	RNA_CHAIN_COUNT=2; required exactly 1	86	2	4.771																	NOT_ASSIGNED	see FINAL_STATUS and EXCLUSION_REASON
2IL9	False	2007-02-13	train		EXCLUDE_MULTI_RNA_CHAIN	RNA_CHAIN_COUNT=2; required exactly 1	284	2	27.569																	NOT_ASSIGNED	see FINAL_STATUS and EXCLUSION_REASON
2IRN	False	2007-02-20	train		EXCLUDE_MULTI_RNA_CHAIN	RNA_CHAIN_COUNT=2; required exactly 1	18	2	1.207																	NOT_ASSIGNED	see FINAL_STATUS and EXCLUSION_REASON
2IRO	False	2007-02-20	train		EXCLUDE_MULTI_RNA_CHAIN	RNA_CHAIN_COUNT=2; required exactly 1	18	2	0.841																	NOT_ASSIGNED	see FINAL_STATUS and EXCLUSION_REASON
2IXY	False	2006-09-06	train	train	KEPT		27	1	2.037													False				NOT_AUDITED	server stage paths were not provided
2IXZ	False	2006-09-06	train	train	KEPT		8	1	5.356													False				NOT_AUDITED	server stage paths were not provided
2JJA	False	2008-07-22	train		EXCLUDE_FROZEN_RMSD	PDB is listed in exclude_strict_rank1_rmsd_pdb.txt	8	1																		NOT_ASSIGNED	see FINAL_STATUS and EXCLUSION_REASON
2JLT	False	2009-08-18	train		EXCLUDE_MULTI_RNA_CHAIN	RNA_CHAIN_COUNT=2; required exactly 1	34	2	0.273																	NOT_ASSIGNED	see FINAL_STATUS and EXCLUSION_REASON
2JR4	False	2007-07-24	train	train	KEPT		17	1	2.491													False				NOT_AUDITED	server stage paths were not provided
2JRG	False	2007-07-24	train	train	KEPT		17	1	2.874													False				NOT_AUDITED	server stage paths were not provided
2JRQ	False	2007-07-24	train	train	KEPT		17	1	2.573													False				NOT_AUDITED	server stage paths were not provided
2JSE	False	2007-11-20	train	train	KEPT		22	1	2.404													False				NOT_AUDITED	server stage paths were not provided
2JSG	False	2007-08-07	train	train	KEPT		17	1	3.395													False				NOT_AUDITED	server stage paths were not provided
2JTP	False	2007-10-02	train	train	KEPT		34	1	3.324													False				NOT_AUDITED	server stage paths were not provided
2JUK	False	2007-11-20	train	train	KEPT		22	1	1.318													False				NOT_AUDITED	server stage paths were not provided
2JWV	False	2008-01-08	train	train	KEPT		29	1	3.16													False				NOT_AUDITED	server stage paths were not provided
2JXQ	False	2008-05-20	train		EXCLUDE_MULTI_RNA_CHAIN	RNA_CHAIN_COUNT=2; required exactly 1	20	2	0.409																	NOT_ASSIGNED	see FINAL_STATUS and EXCLUSION_REASON
2JXS	False	2008-05-20	train		EXCLUDE_MULTI_RNA_CHAIN	RNA_CHAIN_COUNT=2; required exactly 1	21	2																		NOT_ASSIGNED	see FINAL_STATUS and EXCLUSION_REASON
2JXV	False	2008-04-29	train	train	KEPT		33	1	3.711													False				NOT_AUDITED	server stage paths were not provided
2JYF	False	2008-10-07	train		EXCLUDE_MULTI_RNA_CHAIN	RNA_CHAIN_COUNT=2; required exactly 1	86	2	9.211																	NOT_ASSIGNED	see FINAL_STATUS and EXCLUSION_REASON
2JYH	False	2008-10-07	train		EXCLUDE_MULTI_RNA_CHAIN	RNA_CHAIN_COUNT=2; required exactly 1	86	2	6.919																	NOT_ASSIGNED	see FINAL_STATUS and EXCLUSION_REASON
2JYJ	False	2008-10-07	train		EXCLUDE_MULTI_RNA_CHAIN	RNA_CHAIN_COUNT=2; required exactly 1	86	2	8.03																	NOT_ASSIGNED	see FINAL_STATUS and EXCLUSION_REASON
2JYM	False	2008-04-29	train	train	KEPT		22	1	2.701													False				NOT_AUDITED	server stage paths were not provided
2K3Z	False	2008-11-04	train		EXCLUDE_MULTI_RNA_CHAIN	RNA_CHAIN_COUNT=2; required exactly 1	17	2	2.08																	NOT_ASSIGNED	see FINAL_STATUS and EXCLUSION_REASON
2K41	False	2008-11-04	train		EXCLUDE_MULTI_RNA_CHAIN	RNA_CHAIN_COUNT=2; required exactly 1	17	2	2.227																	NOT_ASSIGNED	see FINAL_STATUS and EXCLUSION_REASON
2K4C	False	2008-12-09	train	train	KEPT		76	1	2.666													False				NOT_AUDITED	server stage paths were not provided
2K5Z	False	2009-07-14	train	train	KEPT		29	1	6.509													False				NOT_AUDITED	server stage paths were not provided
2K65	False	2009-07-14	train		EXCLUDE_MULTI_RNA_CHAIN	RNA_CHAIN_COUNT=2; required exactly 1	14	2	1.362																	NOT_ASSIGNED	see FINAL_STATUS and EXCLUSION_REASON
2K66	False	2009-07-14	train	train	KEPT		22	1	1.832													False				NOT_AUDITED	server stage paths were not provided
2K7E	False	2008-10-07	train		EXCLUDE_MULTI_RNA_CHAIN	RNA_CHAIN_COUNT=2; required exactly 1	24	2																		NOT_ASSIGNED	see FINAL_STATUS and EXCLUSION_REASON
2K95	False	2008-11-25	train	train	KEPT		48	1	3.642													False				NOT_AUDITED	server stage paths were not provided
2K96	False	2008-11-25	train	train	KEPT		47	1	3.597													False				NOT_AUDITED	server stage paths were not provided
2KBP	False	2009-03-24	train		EXCLUDE_MULTI_RNA_CHAIN	RNA_CHAIN_COUNT=2; required exactly 1	24	2	2.638																	NOT_ASSIGNED	see FINAL_STATUS and EXCLUSION_REASON
2KD4	False	2009-04-07	train		EXCLUDE_MULTI_RNA_CHAIN	RNA_CHAIN_COUNT=2; required exactly 1	16	2	4.029																	NOT_ASSIGNED	see FINAL_STATUS and EXCLUSION_REASON
2KD8	False	2010-01-19	train	train	KEPT		22	1	2.013													False				NOT_AUDITED	server stage paths were not provided
2KE6	False	2010-01-26	train	train	KEPT		48	1	5.21													False				NOT_AUDITED	server stage paths were not provided
2KEZ	False	2009-07-21	train	train	KEPT		24	1	2.191													False				NOT_AUDITED	server stage paths were not provided
2KF0	False	2009-07-21	train	train	KEPT		24	1	1.913													False				NOT_AUDITED	server stage paths were not provided
2KGP	False	2009-06-02	train	train	KEPT		25	1	5.568													False				NOT_AUDITED	server stage paths were not provided
2KHY	False	2010-02-16	train	train	KEPT		38	1	5.62													False				NOT_AUDITED	server stage paths were not provided
2KOC	False	2009-12-01	train	train	KEPT		14	1	1.491													False				NOT_AUDITED	server stage paths were not provided
2KP3	False	2010-02-09	train		EXCLUDE_MULTI_RNA_CHAIN	RNA_CHAIN_COUNT=2; required exactly 1	20	2	3.007																	NOT_ASSIGNED	see FINAL_STATUS and EXCLUSION_REASON
2KPC	False	2010-06-30	train	train	KEPT		17	1	2.213													False				NOT_AUDITED	server stage paths were not provided
2KPD	False	2010-06-30	train	train	KEPT		17	1	2.738													False				NOT_AUDITED	server stage paths were not provided
2KPV	False	2010-08-04	train	train	KEPT		34	1	2.529													False				NOT_AUDITED	server stage paths were not provided
2KRL	False	2011-02-09	train		EXCLUDE_TRAIN_RMSD_CUTOFF	strict rank-1 RMSD 21.324 A > 15 A	102	1	21.324																	NOT_ASSIGNED	see FINAL_STATUS and EXCLUSION_REASON
2KRP	False	2010-12-01	train	train	KEPT		17	1	2.167													False				NOT_AUDITED	server stage paths were not provided
2KRQ	False	2010-12-01	train	train	KEPT		17	1	1.855													False				NOT_AUDITED	server stage paths were not provided
2KRV	False	2010-12-01	train	train	KEPT		17	1	3.723													False				NOT_AUDITED	server stage paths were not provided
2KRW	False	2010-12-01	train	train	KEPT		17	1	1.367													False				NOT_AUDITED	server stage paths were not provided
2KRY	False	2010-08-18	train	train	KEPT		17	1	3.017													False				NOT_AUDITED	server stage paths were not provided
2KRZ	False	2010-08-18	train	train	KEPT		17	1	2.372													False				NOT_AUDITED	server stage paths were not provided
2KTZ	False	2010-04-28	train	train	KEPT		38	1	5.287													False				NOT_AUDITED	server stage paths were not provided
2KU0	False	2010-04-28	train	train	KEPT		38	1	5.034													False				NOT_AUDITED	server stage paths were not provided
2KUR	False	2010-05-19	train	train	KEPT		48	1	5.686													False				NOT_AUDITED	server stage paths were not provided
2KUU	False	2010-05-19	train	train	KEPT		48	1	4.875													False				NOT_AUDITED	server stage paths were not provided
2KUV	False	2010-05-19	train	train	KEPT		48	1	5.834													False				NOT_AUDITED	server stage paths were not provided
2KUW	False	2010-05-19	train	train	KEPT		48	1	4.902													False				NOT_AUDITED	server stage paths were not provided
2KVN	False	2010-07-07	train	train	KEPT		17	1	1.804													False				NOT_AUDITED	server stage paths were not provided
2KWG	False	2010-07-21	train		EXCLUDE_MULTI_RNA_CHAIN	RNA_CHAIN_COUNT=2; required exactly 1	42	2	4.114																	NOT_ASSIGNED	see FINAL_STATUS and EXCLUSION_REASON
2KX8	False	2010-09-08	train	train	KEPT		42	1	2.972													False				NOT_AUDITED	server stage paths were not provided
2KXM	False	2011-04-20	train	train	KEPT		27	1	2.456													False				NOT_AUDITED	server stage paths were not provided
2KXZ	False	2010-06-02	train		EXCLUDE_MULTI_RNA_CHAIN	RNA_CHAIN_COUNT=2; required exactly 1	22	2	1.577																	NOT_ASSIGNED	see FINAL_STATUS and EXCLUSION_REASON
2KY0	False	2010-06-02	train		EXCLUDE_MULTI_RNA_CHAIN	RNA_CHAIN_COUNT=2; required exactly 1	22	2	1.794																	NOT_ASSIGNED	see FINAL_STATUS and EXCLUSION_REASON
2KY1	False	2010-06-02	train		EXCLUDE_MULTI_RNA_CHAIN	RNA_CHAIN_COUNT=2; required exactly 1	22	2	1.588																	NOT_ASSIGNED	see FINAL_STATUS and EXCLUSION_REASON
2KY2	False	2010-06-02	train		EXCLUDE_MULTI_RNA_CHAIN	RNA_CHAIN_COUNT=2; required exactly 1	18	2	3.272																	NOT_ASSIGNED	see FINAL_STATUS and EXCLUSION_REASON
2KYD	False	2010-07-07	train		EXCLUDE_MULTI_RNA_CHAIN	RNA_CHAIN_COUNT=2; required exactly 1	32	2	0.858																	NOT_ASSIGNED	see FINAL_STATUS and EXCLUSION_REASON
2KYE	False	2010-06-30	train	train	KEPT		15	1	1.719													False				NOT_AUDITED	server stage paths were not provided
2KZL	False	2011-02-23	train	train	KEPT		55	1	13.891													False				NOT_AUDITED	server stage paths were not provided
2L1F	False	2010-10-27	train		EXCLUDE_MULTI_RNA_CHAIN	RNA_CHAIN_COUNT=2; required exactly 1	131	2	11.421																	NOT_ASSIGNED	see FINAL_STATUS and EXCLUSION_REASON
2L1V	False	2010-09-01	train	train	KEPT		36	1	3.411													False				NOT_AUDITED	server stage paths were not provided
2L2J	False	2010-10-27	train	train	KEPT		42	1	3.513													False				NOT_AUDITED	server stage paths were not provided
2L3E	False	2010-11-17	train	train	KEPT		35	1	4.849													False				NOT_AUDITED	server stage paths were not provided
2L5Z	False	2011-02-16	train	train	KEPT		26	1	5.103													False				NOT_AUDITED	server stage paths were not provided
2L6I	False	2011-03-23	train	train	KEPT		16	1	1.239													False				NOT_AUDITED	server stage paths were not provided
2L8C	False	2011-02-23	train		EXCLUDE_MULTI_RNA_CHAIN	RNA_CHAIN_COUNT=2; required exactly 1	18	2	2.75																	NOT_ASSIGNED	see FINAL_STATUS and EXCLUSION_REASON
2L8F	False	2011-08-31	train		EXCLUDE_MULTI_RNA_CHAIN	RNA_CHAIN_COUNT=2; required exactly 1	22	2	2.582																	NOT_ASSIGNED	see FINAL_STATUS and EXCLUSION_REASON
2L8H	False	2011-03-23	train	train	KEPT		29	1	3.303													False				NOT_AUDITED	server stage paths were not provided
2L8U	False	2011-02-23	train		EXCLUDE_MULTI_RNA_CHAIN	RNA_CHAIN_COUNT=2; required exactly 1	18	2	1.763																	NOT_ASSIGNED	see FINAL_STATUS and EXCLUSION_REASON
2L8W	False	2011-02-23	train		EXCLUDE_MULTI_RNA_CHAIN	RNA_CHAIN_COUNT=2; required exactly 1	18	2	2.392																	NOT_ASSIGNED	see FINAL_STATUS and EXCLUSION_REASON
2L94	False	2011-06-15	train	train	KEPT		45	1	2.34													False				NOT_AUDITED	server stage paths were not provided
2L9E	False	2011-03-02	train	train	KEPT		17	1	1.191													False				NOT_AUDITED	server stage paths were not provided
2LA9	False	2011-08-03	train	train	KEPT		17	1	2.406													False				NOT_AUDITED	server stage paths were not provided
2LAC	False	2011-08-03	train	train	KEPT		17	1	2.414													False				NOT_AUDITED	server stage paths were not provided
2LBJ	False	2012-04-04	train	train	KEPT		17	1	4.529													False				NOT_AUDITED	server stage paths were not provided
2LBK	False	2012-04-04	train	train	KEPT		17	1	4.04													False				NOT_AUDITED	server stage paths were not provided
2LBL	False	2012-04-04	train	train	KEPT		17	1	4.284													False				NOT_AUDITED	server stage paths were not provided
2LBQ	False	2011-08-03	train	train	KEPT		17	1	2.72													False				NOT_AUDITED	server stage paths were not provided
2LBR	False	2011-08-03	train	train	KEPT		17	1	2.898													False				NOT_AUDITED	server stage paths were not provided
2LC8	False	2011-11-23	train	train	KEPT		63	1	7.318													False				NOT_AUDITED	server stage paths were not provided
2LDL	False	2011-12-28	train	train	KEPT		27	1	1.964													False				NOT_AUDITED	server stage paths were not provided
2LDT	False	2011-09-07	train	train	KEPT		31	1	5.388													False				NOT_AUDITED	server stage paths were not provided
2LDZ	False	1999-02-23	train	train	KEPT		30	1	3.513													False				NOT_AUDITED	server stage paths were not provided
2LHP	False	2012-07-25	train	train	KEPT		37	1	6.225													False				NOT_AUDITED	server stage paths were not provided
2LI4	False	2012-08-22	train	train	KEPT		32	1	9.046													False				NOT_AUDITED	server stage paths were not provided
2LJJ	False	2012-09-19	train	train	KEPT		27	1	7.301													False				NOT_AUDITED	server stage paths were not provided
2LK3	False	2012-02-22	train	train	KEPT		24	1	3.45													False				NOT_AUDITED	server stage paths were not provided
2LKR	False	2012-02-22	train		EXCLUDE_TRAIN_RMSD_CUTOFF	strict rank-1 RMSD 28.543 A > 15 A	111	1	28.543																	NOT_ASSIGNED	see FINAL_STATUS and EXCLUSION_REASON
2LP9	False	2012-05-16	train	train	KEPT		16	1	2.182													False				NOT_AUDITED	server stage paths were not provided
2LPA	False	2012-05-16	train	train	KEPT		15	1	0.994													False				NOT_AUDITED	server stage paths were not provided
2LPS	False	2012-08-08	train	train	KEPT		34	1	5.215													False				NOT_AUDITED	server stage paths were not provided
2LPT	False	2012-08-08	train	train	KEPT		34	1	2.806													False				NOT_AUDITED	server stage paths were not provided
2LQZ	False	2012-08-01	train	train	KEPT		27	1	5.254													False				NOT_AUDITED	server stage paths were not provided
2LU0	False	2013-04-10	train	train	KEPT		49	1	5.036													False				NOT_AUDITED	server stage paths were not provided
2LUB	False	2012-07-25	train	train	KEPT		37	1	6.046													False				NOT_AUDITED	server stage paths were not provided
2LUN	False	2013-12-18	train	train	KEPT		28	1	5.619													False				NOT_AUDITED	server stage paths were not provided
2LV0	False	2013-06-26	train	train	KEPT		24	1	2.483													False				NOT_AUDITED	server stage paths were not provided
2LVY	False	2013-04-10	train		EXCLUDE_MULTI_RNA_CHAIN	RNA_CHAIN_COUNT=2; required exactly 1	18	2																		NOT_ASSIGNED	see FINAL_STATUS and EXCLUSION_REASON
2LWK	False	2012-08-29	train	train	KEPT		32	1	2.017													False				NOT_AUDITED	server stage paths were not provided
2LX1	False	2012-11-21	train		EXCLUDE_MULTI_RNA_CHAIN	RNA_CHAIN_COUNT=2; required exactly 1	22	2	6.396																	NOT_ASSIGNED	see FINAL_STATUS and EXCLUSION_REASON
2M12	False	2013-10-23	train	train	KEPT		23	1	8.262													False				NOT_AUDITED	server stage paths were not provided
2M18	False	2013-04-17	train		EXCLUDE_MULTI_RNA_CHAIN	RNA_CHAIN_COUNT=4; required exactly 1	40	4	1.785																	NOT_ASSIGNED	see FINAL_STATUS and EXCLUSION_REASON
2M1O	False	2013-02-13	train		EXCLUDE_MULTI_RNA_CHAIN	RNA_CHAIN_COUNT=2; required exactly 1	14	2																		NOT_ASSIGNED	see FINAL_STATUS and EXCLUSION_REASON
2M21	False	2013-03-20	train	train	KEPT		21	1	3.546													False				NOT_AUDITED	server stage paths were not provided
2M22	False	2013-03-20	train	train	KEPT		23	1	2.454													False				NOT_AUDITED	server stage paths were not provided
2M23	False	2013-12-18	train		EXCLUDE_MULTI_RNA_CHAIN	RNA_CHAIN_COUNT=2; required exactly 1	36	2	4.631																	NOT_ASSIGNED	see FINAL_STATUS and EXCLUSION_REASON
2M24	False	2013-12-18	train	train	KEPT		29	1	4.74													False				NOT_AUDITED	server stage paths were not provided
2M39	False	2013-11-27	train		EXCLUDE_MULTI_RNA_CHAIN	RNA_CHAIN_COUNT=2; required exactly 1	24	2																		NOT_ASSIGNED	see FINAL_STATUS and EXCLUSION_REASON
2M4Q	False	2013-03-20	train	train	KEPT		27	1	6.1													False				NOT_AUDITED	server stage paths were not provided
2M4W	False	2014-03-05	train	train	KEPT		17	1	3.006													False				NOT_AUDITED	server stage paths were not provided
2M57	False	2014-02-26	train	train	KEPT		35	1	5.959													False				NOT_AUDITED	server stage paths were not provided
2M58	False	2013-04-03	train		EXCLUDE_TRAIN_RMSD_CUTOFF	strict rank-1 RMSD 19.001 A > 15 A	59	1	19.001																	NOT_ASSIGNED	see FINAL_STATUS and EXCLUSION_REASON
2M5U	False	2014-04-02	train	train	KEPT		22	1	2.81													False				NOT_AUDITED	server stage paths were not provided
2M8K	False	2013-06-19	train	train	KEPT		48	1	7.8													False				NOT_AUDITED	server stage paths were not provided
2MEQ	False	2014-01-01	train	train	KEPT		19	1	7.356													False				NOT_AUDITED	server stage paths were not provided
2MER	False	2014-01-01	train	train	KEPT		19	1	6.311													False				NOT_AUDITED	server stage paths were not provided
2MFD	False	2014-10-15	train	train	KEPT		19	1	4.554													False				NOT_AUDITED	server stage paths were not provided
2MHI	False	2013-12-25	train		EXCLUDE_TRAIN_RMSD_CUTOFF	strict rank-1 RMSD 19.28 A > 15 A	53	1	19.28																	NOT_ASSIGNED	see FINAL_STATUS and EXCLUSION_REASON
2MI0	False	2014-01-15	train		EXCLUDE_MULTI_RNA_CHAIN	RNA_CHAIN_COUNT=2; required exactly 1	43	2	7.217																	NOT_ASSIGNED	see FINAL_STATUS and EXCLUSION_REASON
2MIS	False	2014-01-22	train	train	KEPT		26	1	5.202													False				NOT_AUDITED	server stage paths were not provided
2MIY	False	2014-01-29	train	train	KEPT		59	1	4.693													False				NOT_AUDITED	server stage paths were not provided
2MN0	False	2015-04-15	train	train	KEPT		15	1	3.086													False				NOT_AUDITED	server stage paths were not provided
2MNC	False	2014-10-01	train	train	KEPT		29	1	2.614													False				NOT_AUDITED	server stage paths were not provided
2MQT	False	2014-09-10	train	train	KEPT		68	1	5.355													False				NOT_AUDITED	server stage paths were not provided
2MS5	False	2015-01-28	train		EXCLUDE_MULTI_RNA_CHAIN	RNA_CHAIN_COUNT=2; required exactly 1	18	2	1.012																	NOT_ASSIGNED	see FINAL_STATUS and EXCLUSION_REASON
2MTJ	False	2014-10-22	train	train	KEPT		47	1	6.018													False				NOT_AUDITED	server stage paths were not provided
2MTK	False	2014-10-22	train	train	KEPT		47	1	5.622													False				NOT_AUDITED	server stage paths were not provided
2MVS	False	2015-09-16	train		EXCLUDE_MULTI_RNA_CHAIN	RNA_CHAIN_COUNT=2; required exactly 1	20	2	2.659																	NOT_ASSIGNED	see FINAL_STATUS and EXCLUSION_REASON
2MVY	False	2015-09-30	train		EXCLUDE_MULTI_RNA_CHAIN	RNA_CHAIN_COUNT=2; required exactly 1	20	2	1.704																	NOT_ASSIGNED	see FINAL_STATUS and EXCLUSION_REASON
2MXJ	False	2015-05-06	train	train	KEPT		11	1	1.116													False				NOT_AUDITED	server stage paths were not provided
2MXK	False	2015-05-06	train		EXCLUDE_MULTI_RNA_CHAIN	RNA_CHAIN_COUNT=2; required exactly 1	19	2	1.223																	NOT_ASSIGNED	see FINAL_STATUS and EXCLUSION_REASON
2MXL	False	2015-05-06	train	train	KEPT		39	1	8.701													False				NOT_AUDITED	server stage paths were not provided
2MXS	False	2015-12-09	train	train	KEPT		27	1	2.27													False				NOT_AUDITED	server stage paths were not provided
2N0J	False	2016-02-03	train	train	KEPT		27	1	2.894													False				NOT_AUDITED	server stage paths were not provided
2N0R	False	2015-05-20	train	train	KEPT		26	1	2.867													False				NOT_AUDITED	server stage paths were not provided
2N1Q	False	2015-05-27	train		EXCLUDE_TRAIN_RMSD_CUTOFF	strict rank-1 RMSD 29.623 A > 15 A	155	1	29.623																	NOT_ASSIGNED	see FINAL_STATUS and EXCLUSION_REASON
2N2O	False	2015-08-05	train	train	KEPT		23	1	8.682													False				NOT_AUDITED	server stage paths were not provided
2N2P	False	2015-08-05	train	train	KEPT		23	1	7.523													False				NOT_AUDITED	server stage paths were not provided
2N3Q	False	2015-07-15	train	train	KEPT		62	1	10.314													False				NOT_AUDITED	server stage paths were not provided
2N3R	False	2015-07-15	train	train	KEPT		62	1	5.655													False				NOT_AUDITED	server stage paths were not provided
2N4J	False	2015-07-29	train		EXCLUDE_MULTI_RNA_CHAIN	RNA_CHAIN_COUNT=2; required exactly 1	16	2																		NOT_ASSIGNED	see FINAL_STATUS and EXCLUSION_REASON
2N4L	False	2015-12-02	train	train	KEPT		53	1	3.089													False				NOT_AUDITED	server stage paths were not provided
2N6S	False	2016-08-03	train	train	KEPT		36	1	3.459													False				NOT_AUDITED	server stage paths were not provided
2N6T	False	2016-08-03	train	train	KEPT		42	1	6.908													False				NOT_AUDITED	server stage paths were not provided
2N6W	False	2016-08-03	train	train	KEPT		68	1	7.382													False				NOT_AUDITED	server stage paths were not provided
2N6X	False	2016-08-03	train	train	KEPT		43	1	13.656													False				NOT_AUDITED	server stage paths were not provided
2N7M	False	2015-12-30	train		EXCLUDE_TRAIN_RMSD_CUTOFF	strict rank-1 RMSD 22.599 A > 15 A	92	1	22.599																	NOT_ASSIGNED	see FINAL_STATUS and EXCLUSION_REASON
2N7X	False	2016-04-13	train	train	KEPT		23	1	4.589													False				NOT_AUDITED	server stage paths were not provided
2N8V	False	2015-11-11	train	train	KEPT		70	1	8.167													False				NOT_AUDITED	server stage paths were not provided
2NBX	False	2016-08-10	train	train	KEPT		108	1	12.332													False				NOT_AUDITED	server stage paths were not provided
2NBY	False	2016-08-10	train	train	KEPT		39	1	2.651													False				NOT_AUDITED	server stage paths were not provided
2NBZ	False	2016-08-10	train	train	KEPT		40	1	4.682													False				NOT_AUDITED	server stage paths were not provided
2NC0	False	2016-08-10	train	train	KEPT		28	1	7.169													False				NOT_AUDITED	server stage paths were not provided
2NC1	False	2016-08-10	train	train	KEPT		67	1	12.125													False				NOT_AUDITED	server stage paths were not provided
2NCI	False	2016-09-28	train	train	KEPT		28	1	7.321													False				NOT_AUDITED	server stage paths were not provided
2NCQ	False	2017-04-19	train		EXCLUDE_MULTI_RNA_CHAIN	RNA_CHAIN_COUNT=2; required exactly 1	18	2	0.843																	NOT_ASSIGNED	see FINAL_STATUS and EXCLUSION_REASON
2NCR	False	2017-04-19	train		EXCLUDE_MULTI_RNA_CHAIN	RNA_CHAIN_COUNT=2; required exactly 1	18	2	0.845																	NOT_ASSIGNED	see FINAL_STATUS and EXCLUSION_REASON
2NOK	False	2007-02-13	train		EXCLUDE_MULTI_RNA_CHAIN	RNA_CHAIN_COUNT=4; required exactly 1	88	4	22.325																	NOT_ASSIGNED	see FINAL_STATUS and EXCLUSION_REASON
2NPY	False	2007-08-14	train		EXCLUDE_MULTI_RNA_CHAIN	RNA_CHAIN_COUNT=4; required exactly 1	61	4	0.226																	NOT_ASSIGNED	see FINAL_STATUS and EXCLUSION_REASON
2NPZ	False	2007-08-14	train		EXCLUDE_MULTI_RNA_CHAIN	RNA_CHAIN_COUNT=4; required exactly 1	61	4	0.216																	NOT_ASSIGNED	see FINAL_STATUS and EXCLUSION_REASON
2O32	False	2007-02-06	train	train	KEPT		20	1	2.563													False				NOT_AUDITED	server stage paths were not provided
2O33	False	2007-02-06	train	train	KEPT		20	1	1.992													False				NOT_AUDITED	server stage paths were not provided
2O3V	False	2007-11-06	train		EXCLUDE_MULTI_RNA_CHAIN	RNA_CHAIN_COUNT=2; required exactly 1	46	2	0.798																	NOT_ASSIGNED	see FINAL_STATUS and EXCLUSION_REASON
2O3W	False	2007-11-06	train		EXCLUDE_MULTI_RNA_CHAIN	RNA_CHAIN_COUNT=2; required exactly 1	46	2	1.598																	NOT_ASSIGNED	see FINAL_STATUS and EXCLUSION_REASON
2O3X	False	2007-11-06	train		EXCLUDE_MULTI_RNA_CHAIN	RNA_CHAIN_COUNT=2; required exactly 1	46	2	1.443																	NOT_ASSIGNED	see FINAL_STATUS and EXCLUSION_REASON
2O3Y	False	2007-11-06	train		EXCLUDE_MULTI_RNA_CHAIN	RNA_CHAIN_COUNT=2; required exactly 1	46	2	1.254																	NOT_ASSIGNED	see FINAL_STATUS and EXCLUSION_REASON
2O43	False	2007-12-04	train	train	KEPT		2880	1	4.11													False				NOT_AUDITED	server stage paths were not provided
2O44	False	2007-12-04	train	train	KEPT		2880	1	4.161													False				NOT_AUDITED	server stage paths were not provided
2O45	False	2007-12-04	train	train	KEPT		2880	1	4.197													False				NOT_AUDITED	server stage paths were not provided
2O81	False	2007-07-10	train		EXCLUDE_MULTI_RNA_CHAIN	RNA_CHAIN_COUNT=2; required exactly 1	18	2	2.598																	NOT_ASSIGNED	see FINAL_STATUS and EXCLUSION_REASON
2O83	False	2007-07-10	train		EXCLUDE_MULTI_RNA_CHAIN	RNA_CHAIN_COUNT=2; required exactly 1	18	2	2.479																	NOT_ASSIGNED	see FINAL_STATUS and EXCLUSION_REASON
2OE5	False	2007-02-13	train		EXCLUDE_MULTI_RNA_CHAIN	RNA_CHAIN_COUNT=2; required exactly 1	33	2	0.167																	NOT_ASSIGNED	see FINAL_STATUS and EXCLUSION_REASON
2OE6	False	2007-02-13	train		EXCLUDE_MULTI_RNA_CHAIN	RNA_CHAIN_COUNT=2; required exactly 1	33	2	0.252																	NOT_ASSIGNED	see FINAL_STATUS and EXCLUSION_REASON
2OE8	False	2007-02-13	train		EXCLUDE_MULTI_RNA_CHAIN	RNA_CHAIN_COUNT=2; required exactly 1	33	2	0.185																	NOT_ASSIGNED	see FINAL_STATUS and EXCLUSION_REASON
2OEU	False	2007-02-20	train		EXCLUDE_MULTI_RNA_CHAIN	RNA_CHAIN_COUNT=2; required exactly 1	63	2	0.5																	NOT_ASSIGNED	see FINAL_STATUS and EXCLUSION_REASON
2OIJ	False	2007-02-13	train		EXCLUDE_MULTI_RNA_CHAIN	RNA_CHAIN_COUNT=2; required exactly 1	46	2	0.577																	NOT_ASSIGNED	see FINAL_STATUS and EXCLUSION_REASON
2OIU	False	2007-03-13	train		EXCLUDE_MULTI_RNA_CHAIN	RNA_CHAIN_COUNT=2; required exactly 1	142	2	32.023																	NOT_ASSIGNED	see FINAL_STATUS and EXCLUSION_REASON
2OIY	False	2007-12-25	train		EXCLUDE_MULTI_RNA_CHAIN	RNA_CHAIN_COUNT=2; required exactly 1	46	2	0.616																	NOT_ASSIGNED	see FINAL_STATUS and EXCLUSION_REASON
2OJ0	False	2007-12-25	train		EXCLUDE_MULTI_RNA_CHAIN	RNA_CHAIN_COUNT=2; required exactly 1	46	2	0.838																	NOT_ASSIGNED	see FINAL_STATUS and EXCLUSION_REASON
2OJ7	False	2007-05-22	train	train	KEPT		8	1	5.339													False				NOT_AUDITED	server stage paths were not provided
2OJ8	False	2007-05-22	train	train	KEPT		8	1	5.503													False				NOT_AUDITED	server stage paths were not provided
2OOM	False	2008-01-29	train		EXCLUDE_MULTI_RNA_CHAIN	RNA_CHAIN_COUNT=2; required exactly 1	32	2	2.683																	NOT_ASSIGNED	see FINAL_STATUS and EXCLUSION_REASON
2OUE	False	2007-03-06	train		EXCLUDE_MULTI_RNA_CHAIN	RNA_CHAIN_COUNT=4; required exactly 1	61	4	0.223																	NOT_ASSIGNED	see FINAL_STATUS and EXCLUSION_REASON
2P7F	False	2007-05-22	train		EXCLUDE_MULTI_RNA_CHAIN	RNA_CHAIN_COUNT=4; required exactly 1	61	4	0.265																	NOT_ASSIGNED	see FINAL_STATUS and EXCLUSION_REASON
2P89	False	2007-04-03	train		EXCLUDE_MULTI_RNA_CHAIN	RNA_CHAIN_COUNT=2; required exactly 1	48	2	8.37																	NOT_ASSIGNED	see FINAL_STATUS and EXCLUSION_REASON
2PCV	False	2007-05-08	train	train	KEPT		35	1	13.599													False				NOT_AUDITED	server stage paths were not provided
2PCW	False	2007-05-08	train		EXCLUDE_MULTI_RNA_CHAIN	RNA_CHAIN_COUNT=2; required exactly 1	49	2	14.27																	NOT_ASSIGNED	see FINAL_STATUS and EXCLUSION_REASON
2PN3	False	2008-04-01	train		EXCLUDE_MULTI_RNA_CHAIN	RNA_CHAIN_COUNT=2; required exactly 1	44	2	7.801																	NOT_ASSIGNED	see FINAL_STATUS and EXCLUSION_REASON
2PN4	False	2008-04-01	train		EXCLUDE_MULTI_RNA_CHAIN	RNA_CHAIN_COUNT=4; required exactly 1	88	4	19.095																	NOT_ASSIGNED	see FINAL_STATUS and EXCLUSION_REASON
2PN9	False	2007-10-30	train		EXCLUDE_MULTI_RNA_CHAIN	RNA_CHAIN_COUNT=2; required exactly 1	32	2	1.881																	NOT_ASSIGNED	see FINAL_STATUS and EXCLUSION_REASON
2PWT	False	2007-09-18	train		EXCLUDE_MULTI_RNA_CHAIN	RNA_CHAIN_COUNT=2; required exactly 1	42	2	0.608																	NOT_ASSIGNED	see FINAL_STATUS and EXCLUSION_REASON
2Q1O	False	2007-10-30	train		EXCLUDE_MULTI_RNA_CHAIN	RNA_CHAIN_COUNT=4; required exactly 1	48	4	9.368																	NOT_ASSIGNED	see FINAL_STATUS and EXCLUSION_REASON
2Q1R	False	2007-10-30	train	train	KEPT		12	1	9.698													False				NOT_AUDITED	server stage paths were not provided
2QBZ	False	2007-09-18	train	train	KEPT		161	1	5.17													False				NOT_AUDITED	server stage paths were not provided
2QEK	False	2008-05-06	train		EXCLUDE_MULTI_RNA_CHAIN	RNA_CHAIN_COUNT=2; required exactly 1	46	2	21.911																	NOT_ASSIGNED	see FINAL_STATUS and EXCLUSION_REASON
2QH2	False	2007-09-25	train	train	KEPT		24	1	4.224													False				NOT_AUDITED	server stage paths were not provided
2QH3	False	2007-09-25	train	train	KEPT		23	1	5.8													False				NOT_AUDITED	server stage paths were not provided
2QH4	False	2007-09-25	train	train	KEPT		18	1	2.384													False				NOT_AUDITED	server stage paths were not provided
2QUS	False	2008-07-15	train		EXCLUDE_MULTI_RNA_CHAIN	RNA_CHAIN_COUNT=2; required exactly 1	138	2	32.587																	NOT_ASSIGNED	see FINAL_STATUS and EXCLUSION_REASON
2QUW	False	2008-07-15	train		EXCLUDE_MULTI_RNA_CHAIN	RNA_CHAIN_COUNT=4; required exactly 1	138	4	34.592																	NOT_ASSIGNED	see FINAL_STATUS and EXCLUSION_REASON
2QWY	False	2008-01-22	train		EXCLUDE_MULTI_RNA_CHAIN	RNA_CHAIN_COUNT=3; required exactly 1	156	3	26.767																	NOT_ASSIGNED	see FINAL_STATUS and EXCLUSION_REASON
2R1S	False	2007-09-25	train		EXCLUDE_MULTI_RNA_CHAIN	RNA_CHAIN_COUNT=2; required exactly 1	26	2	0.442																	NOT_ASSIGNED	see FINAL_STATUS and EXCLUSION_REASON
2R20	False	2007-09-25	train		EXCLUDE_MULTI_RNA_CHAIN	RNA_CHAIN_COUNT=2; required exactly 1	26	2	0.388																	NOT_ASSIGNED	see FINAL_STATUS and EXCLUSION_REASON
2R21	False	2007-09-25	train		EXCLUDE_MULTI_RNA_CHAIN	RNA_CHAIN_COUNT=2; required exactly 1	26	2	0.301																	NOT_ASSIGNED	see FINAL_STATUS and EXCLUSION_REASON
2R22	False	2007-09-25	train		EXCLUDE_MULTI_RNA_CHAIN	RNA_CHAIN_COUNT=2; required exactly 1	26	2	0.281																	NOT_ASSIGNED	see FINAL_STATUS and EXCLUSION_REASON
2RLU	False	2008-02-26	train	train	KEPT		19	1	2.103													False				NOT_AUDITED	server stage paths were not provided
2RN1	False	2008-09-23	train		EXCLUDE_MULTI_RNA_CHAIN	RNA_CHAIN_COUNT=2; required exactly 1	32	2	2.179																	NOT_ASSIGNED	see FINAL_STATUS and EXCLUSION_REASON
2RO2	False	2008-12-30	train	train	KEPT		23	1	0.992													False				NOT_AUDITED	server stage paths were not provided
2RP0	False	2009-03-31	train	train	KEPT		27	1	3.69													False				NOT_AUDITED	server stage paths were not provided
2RP1	False	2009-03-31	train	train	KEPT		27	1	3.999													False				NOT_AUDITED	server stage paths were not provided
2RPK	False	2008-12-30	train	train	KEPT		20	1	1.507													False				NOT_AUDITED	server stage paths were not provided
2RPT	False	2009-08-25	train	train	KEPT		20	1	4.349													False				NOT_AUDITED	server stage paths were not provided
2RQJ	False	2009-11-17	train		EXCLUDE_MULTI_RNA_CHAIN	RNA_CHAIN_COUNT=2; required exactly 1	24	2	12.578																	NOT_ASSIGNED	see FINAL_STATUS and EXCLUSION_REASON
2RRC	False	2011-06-29	train	train	KEPT		22	1	2.039													False				NOT_AUDITED	server stage paths were not provided
2RVO	False	2017-02-08	train	train	KEPT		34	1	2.143													False				NOT_AUDITED	server stage paths were not provided
2TOB	False	1999-06-22	train	train	KEPT		20	1	2.95													False				NOT_AUDITED	server stage paths were not provided
2TPK	False	1998-11-04	train	train	KEPT		36	1	3.881													False				NOT_AUDITED	server stage paths were not provided
2TRA	False	1987-11-06	train	train	KEPT		75	1	1.022													False				NOT_AUDITED	server stage paths were not provided
2U2A	False	1998-03-04	train	train	KEPT		20	1	2.692													False				NOT_AUDITED	server stage paths were not provided
2V6W	False	2007-11-06	train		EXCLUDE_MULTI_RNA_CHAIN	RNA_CHAIN_COUNT=2; required exactly 1	14	2	0.66																	NOT_ASSIGNED	see FINAL_STATUS and EXCLUSION_REASON
2V7R	False	2008-03-18	train		EXCLUDE_MULTI_RNA_CHAIN	RNA_CHAIN_COUNT=2; required exactly 1	14	2	0.454																	NOT_ASSIGNED	see FINAL_STATUS and EXCLUSION_REASON
2VAL	False	2007-10-16	train		EXCLUDE_MULTI_RNA_CHAIN	RNA_CHAIN_COUNT=4; required exactly 1	28	4	8.368																	NOT_ASSIGNED	see FINAL_STATUS and EXCLUSION_REASON
2VUQ	False	2009-03-10	train		EXCLUDE_MULTI_RNA_CHAIN	RNA_CHAIN_COUNT=2; required exactly 1	14	2																		NOT_ASSIGNED	see FINAL_STATUS and EXCLUSION_REASON
2W89	False	2009-11-17	train		EXCLUDE_MULTI_RNA_CHAIN	RNA_CHAIN_COUNT=4; required exactly 1	28	4	10.46																	NOT_ASSIGNED	see FINAL_STATUS and EXCLUSION_REASON
2WNA	False	2010-02-16	train		EXCLUDE_FROZEN_RMSD	PDB is listed in exclude_strict_rank1_rmsd_pdb.txt	6	1																		NOT_ASSIGNED	see FINAL_STATUS and EXCLUSION_REASON
2X2Q	False	2011-02-16	train		EXCLUDE_MULTI_RNA_CHAIN	RNA_CHAIN_COUNT=4; required exactly 1	28	4	13.462																	NOT_ASSIGNED	see FINAL_STATUS and EXCLUSION_REASON
2XC6	False	2011-05-04	train		EXCLUDE_FROZEN_RMSD	PDB is listed in exclude_strict_rank1_rmsd_pdb.txt	8	1																		NOT_ASSIGNED	see FINAL_STATUS and EXCLUSION_REASON
2XEB	False	2010-05-26	train		EXCLUDE_MULTI_RNA_CHAIN	RNA_CHAIN_COUNT=2; required exactly 1	33	2	6.516																	NOT_ASSIGNED	see FINAL_STATUS and EXCLUSION_REASON
2XNW	False	2011-04-06	train	train	KEPT		67	1	0.347													False				NOT_AUDITED	server stage paths were not provided
2XNZ	False	2011-04-06	train	train	KEPT		67	1	0.376													False				NOT_AUDITED	server stage paths were not provided
2XO0	False	2011-04-06	train	train	KEPT		67	1	0.372													False				NOT_AUDITED	server stage paths were not provided
2XO1	False	2011-04-06	train	train	KEPT		67	1	0.319													False				NOT_AUDITED	server stage paths were not provided
2XSL	False	2011-08-10	train		EXCLUDE_MULTI_RNA_CHAIN	RNA_CHAIN_COUNT=4; required exactly 1	28	4	9.862																	NOT_ASSIGNED	see FINAL_STATUS and EXCLUSION_REASON
2Y95	False	2011-10-26	train	train	KEPT		14	1	1.648													False				NOT_AUDITED	server stage paths were not provided
2YDH	False	2011-09-07	train	train	KEPT		94	1	0.503													False				NOT_AUDITED	server stage paths were not provided
2YGH	False	2011-09-07	train	train	KEPT		95	1	0.927													False				NOT_AUDITED	server stage paths were not provided
2YIE	False	2011-08-31	train		EXCLUDE_MULTI_RNA_CHAIN	RNA_CHAIN_COUNT=2; required exactly 1	111	2	0.318																	NOT_ASSIGNED	see FINAL_STATUS and EXCLUSION_REASON
2YIF	False	2011-08-31	train		EXCLUDE_MULTI_RNA_CHAIN	RNA_CHAIN_COUNT=2; required exactly 1	111	2	0.796																	NOT_ASSIGNED	see FINAL_STATUS and EXCLUSION_REASON
2Z9Q	False	2007-10-16	train		EXCLUDE_FROZEN_RMSD	PDB is listed in exclude_strict_rank1_rmsd_pdb.txt	75	1																		NOT_ASSIGNED	see FINAL_STATUS and EXCLUSION_REASON
2ZY6	False	2009-06-30	train	train	KEPT		39	1	9.973													False				NOT_AUDITED	server stage paths were not provided
300D	False	1997-01-24	train		EXCLUDE_MULTI_RNA_CHAIN	RNA_CHAIN_COUNT=2; required exactly 1	41	2	0.428																	NOT_ASSIGNED	see FINAL_STATUS and EXCLUSION_REASON
301D	False	1997-01-24	train		EXCLUDE_MULTI_RNA_CHAIN	RNA_CHAIN_COUNT=2; required exactly 1	41	2	0.578																	NOT_ASSIGNED	see FINAL_STATUS and EXCLUSION_REASON
30SC	False	2026-07-22	test	test	KEPT		15	1	1.121													False				NOT_AUDITED	server stage paths were not provided
310D	False	1997-06-24	train		EXCLUDE_MULTI_RNA_CHAIN	RNA_CHAIN_COUNT=2; required exactly 1	12	2	1.071																	NOT_ASSIGNED	see FINAL_STATUS and EXCLUSION_REASON
333D	False	1997-10-16	train	train	KEPT		8	1	1.332													False				NOT_AUDITED	server stage paths were not provided
353D	False	1997-11-10	train		EXCLUDE_MULTI_RNA_CHAIN	RNA_CHAIN_COUNT=2; required exactly 1	24	2	0.209																	NOT_ASSIGNED	see FINAL_STATUS and EXCLUSION_REASON
354D	False	1997-11-26	train		EXCLUDE_MULTI_RNA_CHAIN	RNA_CHAIN_COUNT=2; required exactly 1	24	2	0.202																	NOT_ASSIGNED	see FINAL_STATUS and EXCLUSION_REASON
357D	False	1997-12-01	train		EXCLUDE_MULTI_RNA_CHAIN	RNA_CHAIN_COUNT=3; required exactly 1	61	3	0.841																	NOT_ASSIGNED	see FINAL_STATUS and EXCLUSION_REASON
359D	False	1997-11-07	train		EXCLUDE_MULTI_RNA_CHAIN	RNA_CHAIN_COUNT=2; required exactly 1	41	2	0.648																	NOT_ASSIGNED	see FINAL_STATUS and EXCLUSION_REASON
361D	False	1998-07-01	train		EXCLUDE_MULTI_RNA_CHAIN	RNA_CHAIN_COUNT=2; required exactly 1	40	2	21.432																	NOT_ASSIGNED	see FINAL_STATUS and EXCLUSION_REASON
364D	False	1998-01-02	train		EXCLUDE_MULTI_RNA_CHAIN	RNA_CHAIN_COUNT=3; required exactly 1	61	3	0.609																	NOT_ASSIGNED	see FINAL_STATUS and EXCLUSION_REASON
36LC	False	2026-07-01	test		EXCLUDE_MULTI_RNA_CHAIN	RNA_CHAIN_COUNT=2; required exactly 1	28	2	0.427																	NOT_ASSIGNED	see FINAL_STATUS and EXCLUSION_REASON
36LE	False	2026-07-01	test		EXCLUDE_MULTI_RNA_CHAIN	RNA_CHAIN_COUNT=4; required exactly 1	56	4	14.083																	NOT_ASSIGNED	see FINAL_STATUS and EXCLUSION_REASON
36LL	False	2026-07-01	test	test	KEPT		16	1	14.681													False				NOT_AUDITED	server stage paths were not provided
36LM	False	2026-07-01	test		EXCLUDE_MULTI_RNA_CHAIN	RNA_CHAIN_COUNT=2; required exactly 1	28	2	0.185																	NOT_ASSIGNED	see FINAL_STATUS and EXCLUSION_REASON
377D	False	1998-08-10	train		EXCLUDE_MULTI_RNA_CHAIN	RNA_CHAIN_COUNT=4; required exactly 1	24	4	23.733																	NOT_ASSIGNED	see FINAL_STATUS and EXCLUSION_REASON
379D	False	1998-02-11	train		EXCLUDE_MULTI_RNA_CHAIN	RNA_CHAIN_COUNT=2; required exactly 1	41	2	0.84																	NOT_ASSIGNED	see FINAL_STATUS and EXCLUSION_REASON
387D	False	2003-08-26	train		EXCLUDE_TRAIN_RMSD_CUTOFF	strict rank-1 RMSD 15.447 A > 15 A	26	1	15.447																	NOT_ASSIGNED	see FINAL_STATUS and EXCLUSION_REASON
397D	False	1998-09-11	train		EXCLUDE_MULTI_RNA_CHAIN	RNA_CHAIN_COUNT=2; required exactly 1	27	2	0.34																	NOT_ASSIGNED	see FINAL_STATUS and EXCLUSION_REASON
3A3A	False	2009-08-11	train	train	KEPT		90	1	2.435													False				NOT_AUDITED	server stage paths were not provided
3B31	False	2007-12-25	train		EXCLUDE_MULTI_RNA_CHAIN	RNA_CHAIN_COUNT=2; required exactly 1	43	2	0.54																	NOT_ASSIGNED	see FINAL_STATUS and EXCLUSION_REASON
3B4A	False	2007-12-11	train		EXCLUDE_MULTI_RNA_CHAIN	RNA_CHAIN_COUNT=2; required exactly 1	153	2	1.283																	NOT_ASSIGNED	see FINAL_STATUS and EXCLUSION_REASON
3B4B	False	2007-12-11	train		EXCLUDE_MULTI_RNA_CHAIN	RNA_CHAIN_COUNT=2; required exactly 1	151	2	0.409																	NOT_ASSIGNED	see FINAL_STATUS and EXCLUSION_REASON
3B4C	False	2007-12-11	train		EXCLUDE_MULTI_RNA_CHAIN	RNA_CHAIN_COUNT=2; required exactly 1	151	2	1.196																	NOT_ASSIGNED	see FINAL_STATUS and EXCLUSION_REASON
3B58	False	2008-08-12	train		EXCLUDE_MULTI_RNA_CHAIN	RNA_CHAIN_COUNT=3; required exactly 1	62	3	0.857																	NOT_ASSIGNED	see FINAL_STATUS and EXCLUSION_REASON
3B5A	False	2008-08-12	train		EXCLUDE_MULTI_RNA_CHAIN	RNA_CHAIN_COUNT=3; required exactly 1	62	3	0.242																	NOT_ASSIGNED	see FINAL_STATUS and EXCLUSION_REASON
3B5F	False	2008-08-12	train		EXCLUDE_MULTI_RNA_CHAIN	RNA_CHAIN_COUNT=3; required exactly 1	62	3	0.223																	NOT_ASSIGNED	see FINAL_STATUS and EXCLUSION_REASON
3B5S	False	2008-08-12	train		EXCLUDE_MULTI_RNA_CHAIN	RNA_CHAIN_COUNT=3; required exactly 1	62	3	0.215																	NOT_ASSIGNED	see FINAL_STATUS and EXCLUSION_REASON
3B91	False	2008-08-12	train		EXCLUDE_MULTI_RNA_CHAIN	RNA_CHAIN_COUNT=3; required exactly 1	62	3	0.246																	NOT_ASSIGNED	see FINAL_STATUS and EXCLUSION_REASON
3BBI	False	2008-08-12	train		EXCLUDE_MULTI_RNA_CHAIN	RNA_CHAIN_COUNT=3; required exactly 1	62	3	0.261																	NOT_ASSIGNED	see FINAL_STATUS and EXCLUSION_REASON
3BBK	False	2008-08-12	train		EXCLUDE_MULTI_RNA_CHAIN	RNA_CHAIN_COUNT=3; required exactly 1	62	3																		NOT_ASSIGNED	see FINAL_STATUS and EXCLUSION_REASON
3BBM	False	2008-08-12	train		EXCLUDE_MULTI_RNA_CHAIN	RNA_CHAIN_COUNT=3; required exactly 1	62	3	0.223																	NOT_ASSIGNED	see FINAL_STATUS and EXCLUSION_REASON
3BBV	False	2008-10-21	train	train	KEPT		76	1	3.031													False				NOT_AUDITED	server stage paths were not provided
3BNL	False	2008-06-24	train		EXCLUDE_MULTI_RNA_CHAIN	RNA_CHAIN_COUNT=2; required exactly 1	44	2	0.165																	NOT_ASSIGNED	see FINAL_STATUS and EXCLUSION_REASON
3BNN	False	2008-06-24	train		EXCLUDE_MULTI_RNA_CHAIN	RNA_CHAIN_COUNT=4; required exactly 1	84	4	14.154																	NOT_ASSIGNED	see FINAL_STATUS and EXCLUSION_REASON
3BNO	False	2008-06-24	train		EXCLUDE_MULTI_RNA_CHAIN	RNA_CHAIN_COUNT=4; required exactly 1	84	4	10.807																	NOT_ASSIGNED	see FINAL_STATUS and EXCLUSION_REASON
3BNP	False	2008-06-24	train		EXCLUDE_MULTI_RNA_CHAIN	RNA_CHAIN_COUNT=2; required exactly 1	43	2	0.448																	NOT_ASSIGNED	see FINAL_STATUS and EXCLUSION_REASON
3BNQ	False	2008-06-24	train		EXCLUDE_MULTI_RNA_CHAIN	RNA_CHAIN_COUNT=4; required exactly 1	90	4	13.161																	NOT_ASSIGNED	see FINAL_STATUS and EXCLUSION_REASON
3BNR	False	2008-06-24	train		EXCLUDE_MULTI_RNA_CHAIN	RNA_CHAIN_COUNT=4; required exactly 1	89	4	13.681																	NOT_ASSIGNED	see FINAL_STATUS and EXCLUSION_REASON
3BNS	False	2008-06-24	train		EXCLUDE_MULTI_RNA_CHAIN	RNA_CHAIN_COUNT=4; required exactly 1	89	4	13.675																	NOT_ASSIGNED	see FINAL_STATUS and EXCLUSION_REASON
3BNT	False	2008-06-24	train		EXCLUDE_TRAIN_RMSD_CUTOFF	strict rank-1 RMSD 19.555 A > 15 A	22	1	19.555																	NOT_ASSIGNED	see FINAL_STATUS and EXCLUSION_REASON
3BWP	False	2008-04-15	train	train	KEPT		412	1	3.145													False				NOT_AUDITED	server stage paths were not provided
3C44	False	2008-05-06	train		EXCLUDE_MULTI_RNA_CHAIN	RNA_CHAIN_COUNT=2; required exactly 1	46	2	1.079																	NOT_ASSIGNED	see FINAL_STATUS and EXCLUSION_REASON
3CGP	False	2008-07-01	train		EXCLUDE_MULTI_RNA_CHAIN	RNA_CHAIN_COUNT=2; required exactly 1	25	2	0.193																	NOT_ASSIGNED	see FINAL_STATUS and EXCLUSION_REASON
3CGQ	False	2008-07-01	train		EXCLUDE_MULTI_RNA_CHAIN	RNA_CHAIN_COUNT=2; required exactly 1	25	2	0.189																	NOT_ASSIGNED	see FINAL_STATUS and EXCLUSION_REASON
3CGR	False	2008-07-01	train		EXCLUDE_MULTI_RNA_CHAIN	RNA_CHAIN_COUNT=2; required exactly 1	25	2	0.14																	NOT_ASSIGNED	see FINAL_STATUS and EXCLUSION_REASON
3CGS	False	2008-07-01	train		EXCLUDE_MULTI_RNA_CHAIN	RNA_CHAIN_COUNT=2; required exactly 1	25	2	0.237																	NOT_ASSIGNED	see FINAL_STATUS and EXCLUSION_REASON
3CJZ	False	2008-10-14	train		EXCLUDE_MULTI_RNA_CHAIN	RNA_CHAIN_COUNT=2; required exactly 1	26	2	0.96																	NOT_ASSIGNED	see FINAL_STATUS and EXCLUSION_REASON
3CW5	False	2008-09-02	train	train	KEPT		77	1	2.544													False				NOT_AUDITED	server stage paths were not provided
3CW6	False	2008-09-02	train	train	KEPT		77	1	2.559													False				NOT_AUDITED	server stage paths were not provided
3CZW	False	2008-09-09	train	train	KEPT		16	1	12.524													False				NOT_AUDITED	server stage paths were not provided
3D0M	False	2008-09-09	train	train	KEPT		16	1	13.444													False				NOT_AUDITED	server stage paths were not provided
3D0U	False	2008-07-01	train	train	KEPT		161	1	0.637													False				NOT_AUDITED	server stage paths were not provided
3D0X	False	2008-07-01	train	train	KEPT		161	1	0.922													False				NOT_AUDITED	server stage paths were not provided
3D2G	False	2008-07-01	train		EXCLUDE_MULTI_RNA_CHAIN	RNA_CHAIN_COUNT=2; required exactly 1	154	2	21.186																	NOT_ASSIGNED	see FINAL_STATUS and EXCLUSION_REASON
3D2V	False	2008-07-01	train		EXCLUDE_MULTI_RNA_CHAIN	RNA_CHAIN_COUNT=2; required exactly 1	154	2	15.001																	NOT_ASSIGNED	see FINAL_STATUS and EXCLUSION_REASON
3D2X	False	2008-07-01	train		EXCLUDE_MULTI_RNA_CHAIN	RNA_CHAIN_COUNT=2; required exactly 1	154	2	22.875																	NOT_ASSIGNED	see FINAL_STATUS and EXCLUSION_REASON
3DG0	False	2009-02-03	train		EXCLUDE_MULTI_RNA_CHAIN	RNA_CHAIN_COUNT=2; required exactly 1	4446	2																		NOT_ASSIGNED	see FINAL_STATUS and EXCLUSION_REASON
3DG2	False	2009-02-03	train		EXCLUDE_MULTI_RNA_CHAIN	RNA_CHAIN_COUNT=2; required exactly 1	4446	2																		NOT_ASSIGNED	see FINAL_STATUS and EXCLUSION_REASON
3DG4	False	2009-02-03	train		EXCLUDE_MULTI_RNA_CHAIN	RNA_CHAIN_COUNT=2; required exactly 1	4446	2																		NOT_ASSIGNED	see FINAL_STATUS and EXCLUSION_REASON
3DG5	False	2009-02-03	train		EXCLUDE_MULTI_RNA_CHAIN	RNA_CHAIN_COUNT=2; required exactly 1	4446	2																		NOT_ASSIGNED	see FINAL_STATUS and EXCLUSION_REASON
3DHS	False	2009-01-27	train	train	KEPT		268	1	8.706													False				NOT_AUDITED	server stage paths were not provided
3DIG	False	2008-09-16	train	train	KEPT		174	1	0.49													False				NOT_AUDITED	server stage paths were not provided
3DIL	False	2008-09-16	train	train	KEPT		174	1	0.526													False				NOT_AUDITED	server stage paths were not provided
3DIM	False	2008-09-16	train	train	KEPT		174	1	0.449													False				NOT_AUDITED	server stage paths were not provided
3DIO	False	2008-09-16	train	train	KEPT		174	1	0.608													False				NOT_AUDITED	server stage paths were not provided
3DIQ	False	2008-09-16	train	train	KEPT		174	1	0.567													False				NOT_AUDITED	server stage paths were not provided
3DIR	False	2008-09-16	train	train	KEPT		174	1	0.601													False				NOT_AUDITED	server stage paths were not provided
3DIS	False	2008-09-16	train	train	KEPT		174	1	0.592													False				NOT_AUDITED	server stage paths were not provided
3DIX	False	2008-09-16	train	train	KEPT		174	1	0.437													False				NOT_AUDITED	server stage paths were not provided
3DIY	False	2008-09-16	train	train	KEPT		174	1	0.501													False				NOT_AUDITED	server stage paths were not provided
3DIZ	False	2008-09-16	train	train	KEPT		174	1	0.526													False				NOT_AUDITED	server stage paths were not provided
3DJ0	False	2008-09-16	train	train	KEPT		174	1	0.649													False				NOT_AUDITED	server stage paths were not provided
3DJ2	False	2008-09-16	train	train	KEPT		174	1	0.662													False				NOT_AUDITED	server stage paths were not provided
3DS7	False	2009-02-17	train		EXCLUDE_MULTI_RNA_CHAIN	RNA_CHAIN_COUNT=2; required exactly 1	134	2	24.692																	NOT_ASSIGNED	see FINAL_STATUS and EXCLUSION_REASON
3DVV	False	2008-08-12	train		EXCLUDE_MULTI_RNA_CHAIN	RNA_CHAIN_COUNT=2; required exactly 1	46	2	20.449																	NOT_ASSIGNED	see FINAL_STATUS and EXCLUSION_REASON
3DVZ	False	2009-03-24	train	train	KEPT		27	1	0.444													False				NOT_AUDITED	server stage paths were not provided
3DW4	False	2009-03-24	train	train	KEPT		27	1	0.217													False				NOT_AUDITED	server stage paths were not provided
3DW5	False	2009-03-24	train	train	KEPT		27	1	0.738													False				NOT_AUDITED	server stage paths were not provided
3DW6	False	2009-03-24	train	train	KEPT		27	1	0.377													False				NOT_AUDITED	server stage paths were not provided
3DW7	False	2009-03-24	train	train	KEPT		27	1	0.838													False				NOT_AUDITED	server stage paths were not provided
3E5C	False	2008-10-07	train	train	KEPT		53	1	0.234													False				NOT_AUDITED	server stage paths were not provided
3E5E	False	2008-10-07	train	train	KEPT		53	1	0.262													False				NOT_AUDITED	server stage paths were not provided
3E5F	False	2008-10-07	train	train	KEPT		53	1	0.266													False				NOT_AUDITED	server stage paths were not provided
3EOG	False	2008-10-28	train		EXCLUDE_MULTI_RNA_CHAIN	RNA_CHAIN_COUNT=2; required exactly 1	418	2	1.204																	NOT_ASSIGNED	see FINAL_STATUS and EXCLUSION_REASON
3EOH	False	2008-10-28	train		EXCLUDE_MULTI_RNA_CHAIN	RNA_CHAIN_COUNT=2; required exactly 1	418	2	1.601																	NOT_ASSIGNED	see FINAL_STATUS and EXCLUSION_REASON
3F2Q	False	2009-01-27	train	train	KEPT		112	1	0.624													False				NOT_AUDITED	server stage paths were not provided
3F2T	False	2009-01-27	train	train	KEPT		112	1	0.436													False				NOT_AUDITED	server stage paths were not provided
3F2W	False	2009-01-27	train	train	KEPT		112	1	0.685													False				NOT_AUDITED	server stage paths were not provided
3F2X	False	2009-01-27	train	train	KEPT		112	1	0.581													False				NOT_AUDITED	server stage paths were not provided
3F2Y	False	2009-01-27	train	train	KEPT		112	1	0.501													False				NOT_AUDITED	server stage paths were not provided
3F30	False	2009-01-27	train	train	KEPT		112	1	0.489													False				NOT_AUDITED	server stage paths were not provided
3F4E	False	2009-01-27	train		EXCLUDE_MULTI_RNA_CHAIN	RNA_CHAIN_COUNT=2; required exactly 1	110	2	0.485																	NOT_ASSIGNED	see FINAL_STATUS and EXCLUSION_REASON
3F4G	False	2009-01-27	train		EXCLUDE_MULTI_RNA_CHAIN	RNA_CHAIN_COUNT=2; required exactly 1	110	2	0.469																	NOT_ASSIGNED	see FINAL_STATUS and EXCLUSION_REASON
3F4H	False	2009-01-27	train		EXCLUDE_MULTI_RNA_CHAIN	RNA_CHAIN_COUNT=2; required exactly 1	110	2	0.41																	NOT_ASSIGNED	see FINAL_STATUS and EXCLUSION_REASON
3FAR	False	2009-11-24	train		EXCLUDE_MULTI_RNA_CHAIN	RNA_CHAIN_COUNT=2; required exactly 1	46	2	0.502																	NOT_ASSIGNED	see FINAL_STATUS and EXCLUSION_REASON
3FO4	False	2009-06-23	train	train	KEPT		68	1	0.323													False				NOT_AUDITED	server stage paths were not provided
3FO6	False	2009-06-23	train	train	KEPT		68	1	0.384													False				NOT_AUDITED	server stage paths were not provided
3FS0	False	2009-02-24	train		EXCLUDE_MULTI_RNA_CHAIN	RNA_CHAIN_COUNT=2; required exactly 1	21	2	0.184																	NOT_ASSIGNED	see FINAL_STATUS and EXCLUSION_REASON
3FTM	False	2009-02-24	train		EXCLUDE_MULTI_RNA_CHAIN	RNA_CHAIN_COUNT=4; required exactly 1	46	4	16.735																	NOT_ASSIGNED	see FINAL_STATUS and EXCLUSION_REASON
3FU2	False	2009-03-03	train		EXCLUDE_MULTI_RNA_CHAIN	RNA_CHAIN_COUNT=3; required exactly 1	102	3	22.418																	NOT_ASSIGNED	see FINAL_STATUS and EXCLUSION_REASON
3FWO	False	2010-01-19	train		EXCLUDE_MULTI_RNA_CHAIN	RNA_CHAIN_COUNT=2; required exactly 1	2998	2	4.5																	NOT_ASSIGNED	see FINAL_STATUS and EXCLUSION_REASON
3G4M	False	2009-06-23	train	train	KEPT		67	1	0.632													False				NOT_AUDITED	server stage paths were not provided
3G78	False	2010-02-16	train		EXCLUDE_MULTI_RNA_CHAIN	RNA_CHAIN_COUNT=2; required exactly 1	421	2	1.129																	NOT_ASSIGNED	see FINAL_STATUS and EXCLUSION_REASON
3GAO	False	2009-06-23	train	train	KEPT		67	1	0.516													False				NOT_AUDITED	server stage paths were not provided
3GCA	False	2009-03-03	train	train	KEPT		33	1	0.395													False				NOT_AUDITED	server stage paths were not provided
3GER	False	2009-06-23	train	train	KEPT		67	1	0.497													False				NOT_AUDITED	server stage paths were not provided
3GES	False	2009-06-23	train	train	KEPT		67	1	0.515													False				NOT_AUDITED	server stage paths were not provided
3GLP	False	2009-05-26	train		EXCLUDE_MULTI_RNA_CHAIN	RNA_CHAIN_COUNT=5; required exactly 1	40	5	5.078																	NOT_ASSIGNED	see FINAL_STATUS and EXCLUSION_REASON
3GM7	False	2009-05-26	train		EXCLUDE_MULTI_RNA_CHAIN	RNA_CHAIN_COUNT=2; required exactly 1	36	2	1.123																	NOT_ASSIGNED	see FINAL_STATUS and EXCLUSION_REASON
3GOG	False	2009-06-23	train	train	KEPT		67	1	0.337													False				NOT_AUDITED	server stage paths were not provided
3GOT	False	2009-06-23	train	train	KEPT		67	1	0.329													False				NOT_AUDITED	server stage paths were not provided
3GS1	False	2009-05-12	train		EXCLUDE_MULTI_RNA_CHAIN	RNA_CHAIN_COUNT=4; required exactly 1	62	4	0.294																	NOT_ASSIGNED	see FINAL_STATUS and EXCLUSION_REASON
3GS5	False	2009-04-21	train		EXCLUDE_MULTI_RNA_CHAIN	RNA_CHAIN_COUNT=2; required exactly 1	61	2	0.153																	NOT_ASSIGNED	see FINAL_STATUS and EXCLUSION_REASON
3GS8	False	2009-04-21	train		EXCLUDE_MULTI_RNA_CHAIN	RNA_CHAIN_COUNT=4; required exactly 1	62	4																		NOT_ASSIGNED	see FINAL_STATUS and EXCLUSION_REASON
3GVN	False	2009-07-28	train		EXCLUDE_MULTI_RNA_CHAIN	RNA_CHAIN_COUNT=2; required exactly 1	14	2	0.971																	NOT_ASSIGNED	see FINAL_STATUS and EXCLUSION_REASON
3GX2	False	2010-01-12	train	train	KEPT		94	1	0.469													False				NOT_AUDITED	server stage paths were not provided
3GX3	False	2010-01-12	train	train	KEPT		94	1	0.415													False				NOT_AUDITED	server stage paths were not provided
3GX5	False	2010-01-12	train	train	KEPT		94	1	0.425													False				NOT_AUDITED	server stage paths were not provided
3GX6	False	2010-01-12	train	train	KEPT		94	1	0.483													False				NOT_AUDITED	server stage paths were not provided
3GX7	False	2010-01-12	train	train	KEPT		94	1	0.511													False				NOT_AUDITED	server stage paths were not provided
3HGA	False	2009-08-18	train		EXCLUDE_FROZEN_RMSD	PDB is listed in exclude_strict_rank1_rmsd_pdb.txt	6	1																		NOT_ASSIGNED	see FINAL_STATUS and EXCLUSION_REASON
3IBK	False	2010-05-12	train		EXCLUDE_MULTI_RNA_CHAIN	RNA_CHAIN_COUNT=2; required exactly 1	24	2	1.143																	NOT_ASSIGNED	see FINAL_STATUS and EXCLUSION_REASON
3IGI	False	2009-12-22	train		EXCLUDE_MULTI_RNA_CHAIN	RNA_CHAIN_COUNT=2; required exactly 1	425	2	1.368																	NOT_ASSIGNED	see FINAL_STATUS and EXCLUSION_REASON
3IQN	False	2010-08-04	train	train	KEPT		94	1	0.52													False				NOT_AUDITED	server stage paths were not provided
3IQP	False	2010-08-04	train	train	KEPT		94	1	0.918													False				NOT_AUDITED	server stage paths were not provided
3IQR	False	2010-08-04	train	train	KEPT		94	1	0.488													False				NOT_AUDITED	server stage paths were not provided
3IVN	False	2010-01-19	train		EXCLUDE_MULTI_RNA_CHAIN	RNA_CHAIN_COUNT=2; required exactly 1	140	2	26.492																	NOT_ASSIGNED	see FINAL_STATUS and EXCLUSION_REASON
3IZD	False	2010-12-01	train	train	KEPT		151	1	11.525													False				NOT_AUDITED	server stage paths were not provided
3J28	False	2013-01-16	train		EXCLUDE_NO_STRICT_RANK1	PDB is absent from rank1_targets.csv	1533	1																		NOT_ASSIGNED	see FINAL_STATUS and EXCLUSION_REASON
3J29	False	2013-01-16	train		EXCLUDE_NO_STRICT_RANK1	PDB is absent from rank1_targets.csv	1533	1																		NOT_ASSIGNED	see FINAL_STATUS and EXCLUSION_REASON
3J2A	False	2013-01-16	train		EXCLUDE_NO_STRICT_RANK1	PDB is absent from rank1_targets.csv	1533	1																		NOT_ASSIGNED	see FINAL_STATUS and EXCLUSION_REASON
3J2B	False	2013-01-16	train		EXCLUDE_NO_STRICT_RANK1	PDB is absent from rank1_targets.csv	1533	1																		NOT_ASSIGNED	see FINAL_STATUS and EXCLUSION_REASON
3J2C	False	2013-01-16	train		EXCLUDE_MULTI_RNA_CHAIN	RNA_CHAIN_COUNT=3; required exactly 1	1533	3	25.077																	NOT_ASSIGNED	see FINAL_STATUS and EXCLUSION_REASON
3J2D	False	2013-01-16	train		EXCLUDE_NO_STRICT_RANK1	PDB is absent from rank1_targets.csv	1533	1																		NOT_ASSIGNED	see FINAL_STATUS and EXCLUSION_REASON
3J2E	False	2013-01-16	train		EXCLUDE_NO_STRICT_RANK1	PDB is absent from rank1_targets.csv	1533	1																		NOT_ASSIGNED	see FINAL_STATUS and EXCLUSION_REASON
3J2F	False	2013-01-16	train		EXCLUDE_NO_STRICT_RANK1	PDB is absent from rank1_targets.csv	1533	1																		NOT_ASSIGNED	see FINAL_STATUS and EXCLUSION_REASON
3J2G	False	2013-01-16	train		EXCLUDE_NO_STRICT_RANK1	PDB is absent from rank1_targets.csv	1533	1																		NOT_ASSIGNED	see FINAL_STATUS and EXCLUSION_REASON
3J2H	False	2013-01-16	train		EXCLUDE_NO_STRICT_RANK1	PDB is absent from rank1_targets.csv	1533	1																		NOT_ASSIGNED	see FINAL_STATUS and EXCLUSION_REASON
3JQ4	False	2010-09-08	train		EXCLUDE_MULTI_RNA_CHAIN	RNA_CHAIN_COUNT=2; required exactly 1	2998	2	4.137																	NOT_ASSIGNED	see FINAL_STATUS and EXCLUSION_REASON
3JXQ	False	2010-02-09	train		EXCLUDE_MULTI_RNA_CHAIN	RNA_CHAIN_COUNT=4; required exactly 1	24	4	1.208																	NOT_ASSIGNED	see FINAL_STATUS and EXCLUSION_REASON
3JXR	False	2010-02-09	train		EXCLUDE_MULTI_RNA_CHAIN	RNA_CHAIN_COUNT=3; required exactly 1	18	3	10.625																	NOT_ASSIGNED	see FINAL_STATUS and EXCLUSION_REASON
3K1V	False	2009-10-06	train	train	KEPT		34	1	0.414													False				NOT_AUDITED	server stage paths were not provided
3L0U	False	2010-03-16	train	train	KEPT		76	1	1.331													False				NOT_AUDITED	server stage paths were not provided
3LA5	False	2010-01-26	train	train	KEPT		71	1	1.08													False				NOT_AUDITED	server stage paths were not provided
3LOA	False	2010-08-04	train		EXCLUDE_MULTI_RNA_CHAIN	RNA_CHAIN_COUNT=2; required exactly 1	44	2	0.318																	NOT_ASSIGNED	see FINAL_STATUS and EXCLUSION_REASON
3MEI	False	2011-01-26	train		EXCLUDE_MULTI_RNA_CHAIN	RNA_CHAIN_COUNT=2; required exactly 1	46	2	0.59																	NOT_ASSIGNED	see FINAL_STATUS and EXCLUSION_REASON
3MIJ	False	2011-02-16	train	train	KEPT		12	1	1.111													False				NOT_AUDITED	server stage paths were not provided
3MJ3	False	2010-05-19	train		EXCLUDE_MULTI_RNA_CHAIN	RNA_CHAIN_COUNT=2; required exactly 1	43	2	0.416																	NOT_ASSIGNED	see FINAL_STATUS and EXCLUSION_REASON
3MJA	False	2010-05-19	train		EXCLUDE_MULTI_RNA_CHAIN	RNA_CHAIN_COUNT=2; required exactly 1	43	2	0.423																	NOT_ASSIGNED	see FINAL_STATUS and EXCLUSION_REASON
3MJB	False	2010-05-19	train		EXCLUDE_MULTI_RNA_CHAIN	RNA_CHAIN_COUNT=2; required exactly 1	43	2	0.366																	NOT_ASSIGNED	see FINAL_STATUS and EXCLUSION_REASON
3ND3	False	2011-09-21	train	train	KEPT		16	1	14.357													False				NOT_AUDITED	server stage paths were not provided
3ND4	False	2011-09-21	train	train	KEPT		16	1	14.418													False				NOT_AUDITED	server stage paths were not provided
3NJ6	False	2010-08-25	train	train	KEPT		10	1	8.413													False				NOT_AUDITED	server stage paths were not provided
3NJ7	False	2010-08-25	train		EXCLUDE_MULTI_RNA_CHAIN	RNA_CHAIN_COUNT=6; required exactly 1	60	6	11.945																	NOT_ASSIGNED	see FINAL_STATUS and EXCLUSION_REASON
3NPN	False	2010-10-06	train	train	KEPT		54	1	0.793													False				NOT_AUDITED	server stage paths were not provided
3NPQ	False	2010-10-06	train		EXCLUDE_MULTI_RNA_CHAIN	RNA_CHAIN_COUNT=3; required exactly 1	162	3	16.944																	NOT_ASSIGNED	see FINAL_STATUS and EXCLUSION_REASON
3OK2	True				SOURCE_EXCLUDED	listed in source exclusion XLSX (not in experimental pure RNA set)																				SOURCE_EXCLUDED	listed in source exclusion XLSX (not in experimental pure RNA set)
3OK4	True				SOURCE_EXCLUDED	listed in source exclusion XLSX (not in experimental pure RNA set)																				SOURCE_EXCLUDED	listed in source exclusion XLSX (not in experimental pure RNA set)
3OWI	False	2010-12-29	train		EXCLUDE_MULTI_RNA_CHAIN	RNA_CHAIN_COUNT=2; required exactly 1	176	2	2.555																	NOT_ASSIGNED	see FINAL_STATUS and EXCLUSION_REASON
3OWW	False	2010-12-29	train		EXCLUDE_MULTI_RNA_CHAIN	RNA_CHAIN_COUNT=2; required exactly 1	176	2	2.513																	NOT_ASSIGNED	see FINAL_STATUS and EXCLUSION_REASON
3OWZ	False	2010-12-29	train		EXCLUDE_MULTI_RNA_CHAIN	RNA_CHAIN_COUNT=2; required exactly 1	176	2	2.328																	NOT_ASSIGNED	see FINAL_STATUS and EXCLUSION_REASON
3OX0	False	2010-12-29	train		EXCLUDE_MULTI_RNA_CHAIN	RNA_CHAIN_COUNT=2; required exactly 1	176	2	2.237																	NOT_ASSIGNED	see FINAL_STATUS and EXCLUSION_REASON
3OXB	False	2010-12-29	train		EXCLUDE_MULTI_RNA_CHAIN	RNA_CHAIN_COUNT=2; required exactly 1	176	2	2.482																	NOT_ASSIGNED	see FINAL_STATUS and EXCLUSION_REASON
3OXD	False	2010-12-29	train		EXCLUDE_MULTI_RNA_CHAIN	RNA_CHAIN_COUNT=2; required exactly 1	176	2	2.309																	NOT_ASSIGNED	see FINAL_STATUS and EXCLUSION_REASON
3OXE	False	2010-12-29	train		EXCLUDE_MULTI_RNA_CHAIN	RNA_CHAIN_COUNT=2; required exactly 1	176	2	2.568																	NOT_ASSIGNED	see FINAL_STATUS and EXCLUSION_REASON
3OXJ	False	2010-12-29	train		EXCLUDE_MULTI_RNA_CHAIN	RNA_CHAIN_COUNT=2; required exactly 1	176	2	2.338																	NOT_ASSIGNED	see FINAL_STATUS and EXCLUSION_REASON
3OXM	False	2010-12-29	train		EXCLUDE_MULTI_RNA_CHAIN	RNA_CHAIN_COUNT=2; required exactly 1	176	2	2.451																	NOT_ASSIGNED	see FINAL_STATUS and EXCLUSION_REASON
3P22	False	2010-12-08	train		EXCLUDE_MULTI_RNA_CHAIN	RNA_CHAIN_COUNT=8; required exactly 1	196	8	39.614																	NOT_ASSIGNED	see FINAL_STATUS and EXCLUSION_REASON
3P4A	False	2011-01-05	train		EXCLUDE_MULTI_RNA_CHAIN	RNA_CHAIN_COUNT=6; required exactly 1	48	6																		NOT_ASSIGNED	see FINAL_STATUS and EXCLUSION_REASON
3P4B	False	2011-01-05	train		EXCLUDE_MULTI_RNA_CHAIN	RNA_CHAIN_COUNT=6; required exactly 1	48	6	3.359																	NOT_ASSIGNED	see FINAL_STATUS and EXCLUSION_REASON
3P4C	False	2011-01-05	train		EXCLUDE_MULTI_RNA_CHAIN	RNA_CHAIN_COUNT=2; required exactly 1	16	2	1.626																	NOT_ASSIGNED	see FINAL_STATUS and EXCLUSION_REASON
3P4D	False	2011-01-05	train		EXCLUDE_MULTI_RNA_CHAIN	RNA_CHAIN_COUNT=2; required exactly 1	16	2	0.272																	NOT_ASSIGNED	see FINAL_STATUS and EXCLUSION_REASON
3P59	False	2011-04-06	train		EXCLUDE_MULTI_RNA_CHAIN	RNA_CHAIN_COUNT=8; required exactly 1	100	8	1.956																	NOT_ASSIGNED	see FINAL_STATUS and EXCLUSION_REASON
3PDR	False	2011-02-23	train		EXCLUDE_MULTI_RNA_CHAIN	RNA_CHAIN_COUNT=2; required exactly 1	322	2	28.929																	NOT_ASSIGNED	see FINAL_STATUS and EXCLUSION_REASON
3PHP	False	1998-10-21	train	train	KEPT		23	1	5.477													False				NOT_AUDITED	server stage paths were not provided
3Q3Z	False	2011-05-11	train		EXCLUDE_MULTI_RNA_CHAIN	RNA_CHAIN_COUNT=2; required exactly 1	150	2	26.982																	NOT_ASSIGNED	see FINAL_STATUS and EXCLUSION_REASON
3Q50	False	2011-05-18	train	train	KEPT		33	1	0.296													False				NOT_AUDITED	server stage paths were not provided
3Q51	False	2011-05-18	train	train	KEPT		33	1	1.597													False				NOT_AUDITED	server stage paths were not provided
3R1C	False	2011-06-01	train		EXCLUDE_MULTI_RNA_CHAIN	RNA_CHAIN_COUNT=36; required exactly 1	288	36	22.802																	NOT_ASSIGNED	see FINAL_STATUS and EXCLUSION_REASON
3R1D	False	2011-06-01	train		EXCLUDE_MULTI_RNA_CHAIN	RNA_CHAIN_COUNT=5; required exactly 1	55	5	22.223																	NOT_ASSIGNED	see FINAL_STATUS and EXCLUSION_REASON
3R1E	False	2011-06-01	train		EXCLUDE_MULTI_RNA_CHAIN	RNA_CHAIN_COUNT=2; required exactly 1	16	2	0.341																	NOT_ASSIGNED	see FINAL_STATUS and EXCLUSION_REASON
3R4F	False	2011-04-20	train	train	KEPT		66	1	2.462													False				NOT_AUDITED	server stage paths were not provided
3RG5	False	2011-06-08	train		EXCLUDE_MULTI_RNA_CHAIN	RNA_CHAIN_COUNT=2; required exactly 1	172	2	23.536																	NOT_ASSIGNED	see FINAL_STATUS and EXCLUSION_REASON
3RKF	False	2011-08-17	train		EXCLUDE_MULTI_RNA_CHAIN	RNA_CHAIN_COUNT=4; required exactly 1	268	4	28.222																	NOT_ASSIGNED	see FINAL_STATUS and EXCLUSION_REASON
3S49	False	2011-06-29	train		EXCLUDE_MULTI_RNA_CHAIN	RNA_CHAIN_COUNT=7; required exactly 1	56	7	19.444																	NOT_ASSIGNED	see FINAL_STATUS and EXCLUSION_REASON
3S4P	False	2011-09-21	train		EXCLUDE_MULTI_RNA_CHAIN	RNA_CHAIN_COUNT=2; required exactly 1	42	2	0.305																	NOT_ASSIGNED	see FINAL_STATUS and EXCLUSION_REASON
3S7C	False	2012-04-11	train	train	KEPT		27	1	0.436													False				NOT_AUDITED	server stage paths were not provided
3S8U	False	2012-04-11	train	train	KEPT		27	1	0.6													False				NOT_AUDITED	server stage paths were not provided
3SD3	False	2011-09-21	train	train	KEPT		89	1	0.347													False				NOT_AUDITED	server stage paths were not provided
3SJ2	False	2011-08-03	train		EXCLUDE_MULTI_RNA_CHAIN	RNA_CHAIN_COUNT=2; required exactly 1	36	2	0.175																	NOT_ASSIGNED	see FINAL_STATUS and EXCLUSION_REASON
3SKI	False	2011-08-17	train		EXCLUDE_MULTI_RNA_CHAIN	RNA_CHAIN_COUNT=2; required exactly 1	136	2	1.323																	NOT_ASSIGNED	see FINAL_STATUS and EXCLUSION_REASON
3SKL	False	2011-08-17	train		EXCLUDE_MULTI_RNA_CHAIN	RNA_CHAIN_COUNT=2; required exactly 1	132	2	30.32																	NOT_ASSIGNED	see FINAL_STATUS and EXCLUSION_REASON
3SKR	False	2011-08-17	train		EXCLUDE_MULTI_RNA_CHAIN	RNA_CHAIN_COUNT=2; required exactly 1	132	2	30.51																	NOT_ASSIGNED	see FINAL_STATUS and EXCLUSION_REASON
3SKT	False	2011-08-17	train		EXCLUDE_MULTI_RNA_CHAIN	RNA_CHAIN_COUNT=2; required exactly 1	132	2	16.761																	NOT_ASSIGNED	see FINAL_STATUS and EXCLUSION_REASON
3SKW	False	2011-08-17	train		EXCLUDE_MULTI_RNA_CHAIN	RNA_CHAIN_COUNT=2; required exactly 1	132	2	29.856																	NOT_ASSIGNED	see FINAL_STATUS and EXCLUSION_REASON
3SKZ	False	2011-08-17	train		EXCLUDE_MULTI_RNA_CHAIN	RNA_CHAIN_COUNT=2; required exactly 1	136	2	2.031																	NOT_ASSIGNED	see FINAL_STATUS and EXCLUSION_REASON
3SLM	False	2011-08-17	train		EXCLUDE_MULTI_RNA_CHAIN	RNA_CHAIN_COUNT=2; required exactly 1	136	2	27.414																	NOT_ASSIGNED	see FINAL_STATUS and EXCLUSION_REASON
3SLQ	False	2011-08-17	train		EXCLUDE_MULTI_RNA_CHAIN	RNA_CHAIN_COUNT=2; required exactly 1	136	2	2.826																	NOT_ASSIGNED	see FINAL_STATUS and EXCLUSION_REASON
3SUH	False	2011-09-14	train	train	KEPT		101	1	4.423													False				NOT_AUDITED	server stage paths were not provided
3SUX	False	2011-09-14	train	train	KEPT		101	1	6.076													False				NOT_AUDITED	server stage paths were not provided
3SUY	False	2011-09-14	train	train	KEPT		101	1	7.526													False				NOT_AUDITED	server stage paths were not provided
3SYW	False	2012-04-25	train		EXCLUDE_MULTI_RNA_CHAIN	RNA_CHAIN_COUNT=2; required exactly 1	38	2	0.335																	NOT_ASSIGNED	see FINAL_STATUS and EXCLUSION_REASON
3SZX	False	2012-04-25	train		EXCLUDE_MULTI_RNA_CHAIN	RNA_CHAIN_COUNT=2; required exactly 1	38	2	4.453																	NOT_ASSIGNED	see FINAL_STATUS and EXCLUSION_REASON
3T4B	False	2011-10-12	train	train	KEPT		84	1	2.008													False				NOT_AUDITED	server stage paths were not provided
3TD0	False	2011-12-07	train		EXCLUDE_MULTI_RNA_CHAIN	RNA_CHAIN_COUNT=2; required exactly 1	46	2	1.119																	NOT_ASSIGNED	see FINAL_STATUS and EXCLUSION_REASON
3TD1	False	2011-12-07	train		EXCLUDE_MULTI_RNA_CHAIN	RNA_CHAIN_COUNT=2; required exactly 1	46	2	1.059																	NOT_ASSIGNED	see FINAL_STATUS and EXCLUSION_REASON
3TRA	False	1987-11-06	train	train	KEPT		75	1	0.743													False				NOT_AUDITED	server stage paths were not provided
3TZR	False	2012-03-21	train		EXCLUDE_MULTI_RNA_CHAIN	RNA_CHAIN_COUNT=2; required exactly 1	36	2	0.115																	NOT_ASSIGNED	see FINAL_STATUS and EXCLUSION_REASON
3VRS	False	2012-05-09	train	train	KEPT		52	1	1.004													False				NOT_AUDITED	server stage paths were not provided
3WRU	False	2014-11-05	train		EXCLUDE_MULTI_RNA_CHAIN	RNA_CHAIN_COUNT=2; required exactly 1	46	2	1.356																	NOT_ASSIGNED	see FINAL_STATUS and EXCLUSION_REASON
3ZD4	False	2012-12-12	train		EXCLUDE_MULTI_RNA_CHAIN	RNA_CHAIN_COUNT=2; required exactly 1	63	2	0.228																	NOT_ASSIGNED	see FINAL_STATUS and EXCLUSION_REASON
3ZD5	False	2012-12-12	train		EXCLUDE_MULTI_RNA_CHAIN	RNA_CHAIN_COUNT=2; required exactly 1	63	2	0.317																	NOT_ASSIGNED	see FINAL_STATUS and EXCLUSION_REASON
3ZP8	False	2013-03-06	train		EXCLUDE_MULTI_RNA_CHAIN	RNA_CHAIN_COUNT=2; required exactly 1	63	2	0.42																	NOT_ASSIGNED	see FINAL_STATUS and EXCLUSION_REASON
402D	False	1998-06-16	train		EXCLUDE_MULTI_RNA_CHAIN	RNA_CHAIN_COUNT=2; required exactly 1	16	2	1.092																	NOT_ASSIGNED	see FINAL_STATUS and EXCLUSION_REASON
405D	False	1999-01-13	train		EXCLUDE_MULTI_RNA_CHAIN	RNA_CHAIN_COUNT=2; required exactly 1	32	2	0.403																	NOT_ASSIGNED	see FINAL_STATUS and EXCLUSION_REASON
406D	False	1999-02-05	train		EXCLUDE_MULTI_RNA_CHAIN	RNA_CHAIN_COUNT=2; required exactly 1	34	2	0.43																	NOT_ASSIGNED	see FINAL_STATUS and EXCLUSION_REASON
409D	False	1999-01-13	train		EXCLUDE_MULTI_RNA_CHAIN	RNA_CHAIN_COUNT=6; required exactly 1	48	6	12.726																	NOT_ASSIGNED	see FINAL_STATUS and EXCLUSION_REASON
413D	False	1998-07-10	train	train	KEPT		13	1	11.638													False				NOT_AUDITED	server stage paths were not provided
420D	False	1999-01-13	train		EXCLUDE_MULTI_RNA_CHAIN	RNA_CHAIN_COUNT=2; required exactly 1	32	2	0.449																	NOT_ASSIGNED	see FINAL_STATUS and EXCLUSION_REASON
422D	False	2003-06-03	train		EXCLUDE_MULTI_RNA_CHAIN	RNA_CHAIN_COUNT=2; required exactly 1	24	2	0.473																	NOT_ASSIGNED	see FINAL_STATUS and EXCLUSION_REASON
429D	False	1999-03-01	train		EXCLUDE_MULTI_RNA_CHAIN	RNA_CHAIN_COUNT=4; required exactly 1	48	4	13.479																	NOT_ASSIGNED	see FINAL_STATUS and EXCLUSION_REASON
430D	False	1998-10-07	train	train	KEPT		29	1	1.27													False				NOT_AUDITED	server stage paths were not provided
433D	False	1998-12-04	train		EXCLUDE_MULTI_RNA_CHAIN	RNA_CHAIN_COUNT=2; required exactly 1	28	2	0.275																	NOT_ASSIGNED	see FINAL_STATUS and EXCLUSION_REASON
434D	False	1999-06-14	train		EXCLUDE_MULTI_RNA_CHAIN	RNA_CHAIN_COUNT=4; required exactly 1	28	4	4.866																	NOT_ASSIGNED	see FINAL_STATUS and EXCLUSION_REASON
435D	False	1999-06-14	train		EXCLUDE_MULTI_RNA_CHAIN	RNA_CHAIN_COUNT=4; required exactly 1	28	4	16.981																	NOT_ASSIGNED	see FINAL_STATUS and EXCLUSION_REASON
437D	False	1998-12-03	train	train	KEPT		28	1	0.342													False				NOT_AUDITED	server stage paths were not provided
438D	False	1999-05-12	train		EXCLUDE_MULTI_RNA_CHAIN	RNA_CHAIN_COUNT=2; required exactly 1	18	2	0.25																	NOT_ASSIGNED	see FINAL_STATUS and EXCLUSION_REASON
439D	False	2001-09-14	train		EXCLUDE_MULTI_RNA_CHAIN	RNA_CHAIN_COUNT=2; required exactly 1	16	2	0.296																	NOT_ASSIGNED	see FINAL_STATUS and EXCLUSION_REASON
462D	False	1999-12-02	train		EXCLUDE_MULTI_RNA_CHAIN	RNA_CHAIN_COUNT=2; required exactly 1	46	2	22.009																	NOT_ASSIGNED	see FINAL_STATUS and EXCLUSION_REASON
464D	False	1999-08-16	train		EXCLUDE_MULTI_RNA_CHAIN	RNA_CHAIN_COUNT=4; required exactly 1	28	4	4.419																	NOT_ASSIGNED	see FINAL_STATUS and EXCLUSION_REASON
466D	False	1999-08-16	train		EXCLUDE_MULTI_RNA_CHAIN	RNA_CHAIN_COUNT=4; required exactly 1	28	4	18.085																	NOT_ASSIGNED	see FINAL_STATUS and EXCLUSION_REASON
468D	False	1999-05-12	train		EXCLUDE_MULTI_RNA_CHAIN	RNA_CHAIN_COUNT=2; required exactly 1	24	2	1.178																	NOT_ASSIGNED	see FINAL_STATUS and EXCLUSION_REASON
469D	False	1999-05-12	train		EXCLUDE_MULTI_RNA_CHAIN	RNA_CHAIN_COUNT=2; required exactly 1	24	2	1.201																	NOT_ASSIGNED	see FINAL_STATUS and EXCLUSION_REASON
470D	False	1999-05-12	train		EXCLUDE_MULTI_RNA_CHAIN	RNA_CHAIN_COUNT=2; required exactly 1	24	2	0.7																	NOT_ASSIGNED	see FINAL_STATUS and EXCLUSION_REASON
471D	False	1999-05-12	train		EXCLUDE_MULTI_RNA_CHAIN	RNA_CHAIN_COUNT=2; required exactly 1	24	2	0.788																	NOT_ASSIGNED	see FINAL_STATUS and EXCLUSION_REASON
472D	False	2000-11-27	train		EXCLUDE_MULTI_RNA_CHAIN	RNA_CHAIN_COUNT=2; required exactly 1	16	2	0.345																	NOT_ASSIGNED	see FINAL_STATUS and EXCLUSION_REASON
480D	False	1999-10-08	train	train	KEPT		27	1	0.433													False				NOT_AUDITED	server stage paths were not provided
483D	False	1999-10-08	train	train	KEPT		27	1	0.378													False				NOT_AUDITED	server stage paths were not provided
486D	False	1999-10-04	train		EXCLUDE_MULTI_RNA_CHAIN	RNA_CHAIN_COUNT=7; required exactly 1	342	7	2.494																	NOT_ASSIGNED	see FINAL_STATUS and EXCLUSION_REASON
488D	False	2000-03-06	train		EXCLUDE_MULTI_RNA_CHAIN	RNA_CHAIN_COUNT=4; required exactly 1	66	4																		NOT_ASSIGNED	see FINAL_STATUS and EXCLUSION_REASON
4A4R	False	2012-05-30	train	train	KEPT		22	1	2.963													False				NOT_AUDITED	server stage paths were not provided
4A4S	False	2012-05-30	train	train	KEPT		22	1	3.136													False				NOT_AUDITED	server stage paths were not provided
4A4T	False	2012-05-30	train	train	KEPT		22	1	2.932													False				NOT_AUDITED	server stage paths were not provided
4A4U	False	2012-05-30	train	train	KEPT		22	1	2.951													False				NOT_AUDITED	server stage paths were not provided
4AOB	False	2012-05-09	train	train	KEPT		94	1	0.466													False				NOT_AUDITED	server stage paths were not provided
4B5R	False	2013-01-30	train	train	KEPT		94	1	1.079													False				NOT_AUDITED	server stage paths were not provided
4C40	False	2013-11-06	train	train	KEPT		19	1	10.901													False				NOT_AUDITED	server stage paths were not provided
4C4Q	False	2013-10-30	train		EXCLUDE_TRAIN_RMSD_CUTOFF	strict rank-1 RMSD 35.918 A > 15 A	233	1	35.918																	NOT_ASSIGNED	see FINAL_STATUS and EXCLUSION_REASON
4CS1	False	2014-11-19	train	train	KEPT		19	1	10.884													False				NOT_AUDITED	server stage paths were not provided
4DS6	False	2012-04-18	train	train	KEPT		422	1	1.233													False				NOT_AUDITED	server stage paths were not provided
4E48	False	2012-07-11	train		EXCLUDE_MULTI_RNA_CHAIN	RNA_CHAIN_COUNT=3; required exactly 1	60	3	26.449																	NOT_ASSIGNED	see FINAL_STATUS and EXCLUSION_REASON
4E58	False	2012-12-12	train		EXCLUDE_MULTI_RNA_CHAIN	RNA_CHAIN_COUNT=3; required exactly 1	24	3	1.615																	NOT_ASSIGNED	see FINAL_STATUS and EXCLUSION_REASON
4E59	False	2012-12-12	train		EXCLUDE_MULTI_RNA_CHAIN	RNA_CHAIN_COUNT=2; required exactly 1	16	2	7.233																	NOT_ASSIGNED	see FINAL_STATUS and EXCLUSION_REASON
4E5C	False	2012-07-11	train		EXCLUDE_MULTI_RNA_CHAIN	RNA_CHAIN_COUNT=2; required exactly 1	38	2	0.308																	NOT_ASSIGNED	see FINAL_STATUS and EXCLUSION_REASON
4E6B	False	2012-07-11	train		EXCLUDE_MULTI_RNA_CHAIN	RNA_CHAIN_COUNT=4; required exactly 1	16	4	0.572																	NOT_ASSIGNED	see FINAL_STATUS and EXCLUSION_REASON
4E8K	False	2012-11-14	train		EXCLUDE_MULTI_RNA_CHAIN	RNA_CHAIN_COUNT=2; required exactly 1	403	2	0.971																	NOT_ASSIGNED	see FINAL_STATUS and EXCLUSION_REASON
4E8M	False	2012-11-14	train	train	KEPT		394	1	1.579													False				NOT_AUDITED	server stage paths were not provided
4E8N	False	2012-11-14	train	train	KEPT		393	1	1.792													False				NOT_AUDITED	server stage paths were not provided
4E8P	False	2012-11-14	train	train	KEPT		393	1	1.498													False				NOT_AUDITED	server stage paths were not provided
4E8Q	False	2012-11-14	train	train	KEPT		393	1	1.658													False				NOT_AUDITED	server stage paths were not provided
4E8R	False	2012-11-14	train	train	KEPT		393	1	1.402													False				NOT_AUDITED	server stage paths were not provided
4E8T	False	2012-11-14	train		EXCLUDE_MULTI_RNA_CHAIN	RNA_CHAIN_COUNT=2; required exactly 1	401	2	0.787																	NOT_ASSIGNED	see FINAL_STATUS and EXCLUSION_REASON
4E8V	False	2012-11-14	train	train	KEPT		393	1	1.224													False				NOT_AUDITED	server stage paths were not provided
4EN5	False	2012-05-09	train	train	KEPT		52	1	1.447													False				NOT_AUDITED	server stage paths were not provided
4ENA	False	2012-05-09	train	train	KEPT		52	1	1.002													False				NOT_AUDITED	server stage paths were not provided
4ENB	False	2012-05-09	train	train	KEPT		52	1	0.556													False				NOT_AUDITED	server stage paths were not provided
4ENC	False	2012-05-09	train	train	KEPT		52	1	1.209													False				NOT_AUDITED	server stage paths were not provided
4ERJ	False	2012-07-18	train	train	KEPT		161	1	0.617													False				NOT_AUDITED	server stage paths were not provided
4ERL	False	2012-07-18	train	train	KEPT		161	1	0.507													False				NOT_AUDITED	server stage paths were not provided
4F8U	False	2012-08-15	train		EXCLUDE_MULTI_RNA_CHAIN	RNA_CHAIN_COUNT=2; required exactly 1	43	2	0.223																	NOT_ASSIGNED	see FINAL_STATUS and EXCLUSION_REASON
4F8V	False	2012-08-15	train		EXCLUDE_MULTI_RNA_CHAIN	RNA_CHAIN_COUNT=2; required exactly 1	42	2	0.57																	NOT_ASSIGNED	see FINAL_STATUS and EXCLUSION_REASON
4FAQ	False	2012-11-14	train	train	KEPT		396	1	0.895													False				NOT_AUDITED	server stage paths were not provided
4FAR	False	2012-11-14	train		EXCLUDE_MULTI_RNA_CHAIN	RNA_CHAIN_COUNT=2; required exactly 1	398	2	0.791																	NOT_ASSIGNED	see FINAL_STATUS and EXCLUSION_REASON
4FAU	False	2012-11-14	train	train	KEPT		398	1	1.259													False				NOT_AUDITED	server stage paths were not provided
4FAW	False	2012-11-14	train		EXCLUDE_MULTI_RNA_CHAIN	RNA_CHAIN_COUNT=2; required exactly 1	402	2																		NOT_ASSIGNED	see FINAL_STATUS and EXCLUSION_REASON
4FAX	False	2012-11-14	train	train	KEPT		394	1	1.61													False				NOT_AUDITED	server stage paths were not provided
4FB0	False	2012-11-14	train	train	KEPT		393	1	1.418													False				NOT_AUDITED	server stage paths were not provided
4FE5	False	2012-06-27	train	train	KEPT		67	1	0.396													False				NOT_AUDITED	server stage paths were not provided
4FEJ	False	2013-02-27	train	train	KEPT		67	1	0.295													False				NOT_AUDITED	server stage paths were not provided
4FEL	False	2013-02-27	train	train	KEPT		67	1	0.242													False				NOT_AUDITED	server stage paths were not provided
4FEN	False	2013-02-27	train	train	KEPT		67	1	0.232													False				NOT_AUDITED	server stage paths were not provided
4FEO	False	2013-02-27	train	train	KEPT		67	1	0.337													False				NOT_AUDITED	server stage paths were not provided
4FEP	False	2013-02-27	train	train	KEPT		67	1	0.213													False				NOT_AUDITED	server stage paths were not provided
4FNJ	False	2012-10-17	train	train	KEPT		35	1	0.426													False				NOT_AUDITED	server stage paths were not provided
4FRG	False	2012-10-17	train		EXCLUDE_MULTI_RNA_CHAIN	RNA_CHAIN_COUNT=2; required exactly 1	168	2	34.538																	NOT_ASSIGNED	see FINAL_STATUS and EXCLUSION_REASON
4FRN	False	2012-10-17	train		EXCLUDE_MULTI_RNA_CHAIN	RNA_CHAIN_COUNT=2; required exactly 1	204	2	29.365																	NOT_ASSIGNED	see FINAL_STATUS and EXCLUSION_REASON
4G6P	False	2012-08-15	train		EXCLUDE_MULTI_RNA_CHAIN	RNA_CHAIN_COUNT=3; required exactly 1	62	3	0.238																	NOT_ASSIGNED	see FINAL_STATUS and EXCLUSION_REASON
4G6R	False	2012-08-15	train		EXCLUDE_MULTI_RNA_CHAIN	RNA_CHAIN_COUNT=4; required exactly 1	61	4	0.149																	NOT_ASSIGNED	see FINAL_STATUS and EXCLUSION_REASON
4G6S	False	2012-08-08	train		EXCLUDE_MULTI_RNA_CHAIN	RNA_CHAIN_COUNT=3; required exactly 1	62	3	0.301																	NOT_ASSIGNED	see FINAL_STATUS and EXCLUSION_REASON
4GMA	False	2012-10-17	train	train	KEPT		210	1	3.129													False				NOT_AUDITED	server stage paths were not provided
4GPW	False	2013-04-03	train		EXCLUDE_MULTI_RNA_CHAIN	RNA_CHAIN_COUNT=2; required exactly 1	46	2	1.168																	NOT_ASSIGNED	see FINAL_STATUS and EXCLUSION_REASON
4GPX	False	2013-04-03	train		EXCLUDE_MULTI_RNA_CHAIN	RNA_CHAIN_COUNT=2; required exactly 1	46	2	1.004																	NOT_ASSIGNED	see FINAL_STATUS and EXCLUSION_REASON
4GPY	False	2013-04-03	train		EXCLUDE_MULTI_RNA_CHAIN	RNA_CHAIN_COUNT=2; required exactly 1	46	2	0.983																	NOT_ASSIGNED	see FINAL_STATUS and EXCLUSION_REASON
4GXY	False	2012-10-17	train	train	KEPT		172	1	1.73													False				NOT_AUDITED	server stage paths were not provided
4IQS	False	2013-12-25	train		EXCLUDE_MULTI_RNA_CHAIN	RNA_CHAIN_COUNT=6; required exactly 1	48	6	15.906																	NOT_ASSIGNED	see FINAL_STATUS and EXCLUSION_REASON
4J50	False	2013-02-20	train		EXCLUDE_MULTI_RNA_CHAIN	RNA_CHAIN_COUNT=2; required exactly 1	38	2	0.506																	NOT_ASSIGNED	see FINAL_STATUS and EXCLUSION_REASON
4JAB	False	2014-01-29	train		EXCLUDE_MULTI_RNA_CHAIN	RNA_CHAIN_COUNT=2; required exactly 1	16	2	0.131																	NOT_ASSIGNED	see FINAL_STATUS and EXCLUSION_REASON
4JAH	False	2014-01-29	train		EXCLUDE_MULTI_RNA_CHAIN	RNA_CHAIN_COUNT=6; required exactly 1	48	6	0.676																	NOT_ASSIGNED	see FINAL_STATUS and EXCLUSION_REASON
4JF2	False	2013-04-17	train	train	KEPT		77	1	0.537													False				NOT_AUDITED	server stage paths were not provided
4JIY	False	2013-09-04	train		EXCLUDE_FROZEN_RMSD	PDB is listed in exclude_strict_rank1_rmsd_pdb.txt	6	1																		NOT_ASSIGNED	see FINAL_STATUS and EXCLUSION_REASON
4JRC	False	2013-04-24	train		EXCLUDE_MULTI_RNA_CHAIN	RNA_CHAIN_COUNT=2; required exactly 1	114	2	26.436																	NOT_ASSIGNED	see FINAL_STATUS and EXCLUSION_REASON
4JRD	False	2013-06-05	train		EXCLUDE_MULTI_RNA_CHAIN	RNA_CHAIN_COUNT=2; required exactly 1	22	2	3.064																	NOT_ASSIGNED	see FINAL_STATUS and EXCLUSION_REASON
4JRT	False	2013-06-05	train		EXCLUDE_MULTI_RNA_CHAIN	RNA_CHAIN_COUNT=2; required exactly 1	24	2	0.098																	NOT_ASSIGNED	see FINAL_STATUS and EXCLUSION_REASON
4K27	False	2013-11-27	train	train	KEPT		55	1	1.14													False				NOT_AUDITED	server stage paths were not provided
4K31	False	2013-07-31	train		EXCLUDE_MULTI_RNA_CHAIN	RNA_CHAIN_COUNT=2; required exactly 1	46	2	0.765																	NOT_ASSIGNED	see FINAL_STATUS and EXCLUSION_REASON
4K32	False	2013-07-31	train		EXCLUDE_MULTI_RNA_CHAIN	RNA_CHAIN_COUNT=2; required exactly 1	46	2	0.831																	NOT_ASSIGNED	see FINAL_STATUS and EXCLUSION_REASON
4KQY	False	2013-08-07	train	train	KEPT		119	1	1.452													False				NOT_AUDITED	server stage paths were not provided
4KYY	False	2013-06-12	train		EXCLUDE_MULTI_RNA_CHAIN	RNA_CHAIN_COUNT=2; required exactly 1	34	2	0.283																	NOT_ASSIGNED	see FINAL_STATUS and EXCLUSION_REASON
4KZ2	False	2013-10-16	train		EXCLUDE_MULTI_RNA_CHAIN	RNA_CHAIN_COUNT=3; required exactly 1	54	3	0.302																	NOT_ASSIGNED	see FINAL_STATUS and EXCLUSION_REASON
4L81	False	2014-05-28	train	train	KEPT		96	1	0.394													False				NOT_AUDITED	server stage paths were not provided
4LVV	False	2014-03-19	train	train	KEPT		89	1	0.461													False				NOT_AUDITED	server stage paths were not provided
4LVW	False	2014-03-19	train	train	KEPT		89	1	0.344													False				NOT_AUDITED	server stage paths were not provided
4LVX	False	2014-03-19	train	train	KEPT		89	1	0.359													False				NOT_AUDITED	server stage paths were not provided
4LVY	False	2014-03-19	train	train	KEPT		89	1	0.379													False				NOT_AUDITED	server stage paths were not provided
4LVZ	False	2014-03-19	train	train	KEPT		89	1	0.43													False				NOT_AUDITED	server stage paths were not provided
4LW0	False	2014-03-19	train	train	KEPT		89	1	0.346													False				NOT_AUDITED	server stage paths were not provided
4LX5	False	2014-07-16	train	train	KEPT		71	1	0.579													False				NOT_AUDITED	server stage paths were not provided
4LX6	False	2014-07-16	train	train	KEPT		71	1	0.352													False				NOT_AUDITED	server stage paths were not provided
4MCE	False	2014-09-24	train		EXCLUDE_MULTI_RNA_CHAIN	RNA_CHAIN_COUNT=4; required exactly 1	42	4	19.804																	NOT_ASSIGNED	see FINAL_STATUS and EXCLUSION_REASON
4MCF	False	2014-11-12	train		EXCLUDE_MULTI_RNA_CHAIN	RNA_CHAIN_COUNT=8; required exactly 1	84	8	21.646																	NOT_ASSIGNED	see FINAL_STATUS and EXCLUSION_REASON
4MEG	False	2013-10-16	train		EXCLUDE_MULTI_RNA_CHAIN	RNA_CHAIN_COUNT=2; required exactly 1	153	2	1.007																	NOT_ASSIGNED	see FINAL_STATUS and EXCLUSION_REASON
4MEH	False	2013-10-16	train		EXCLUDE_MULTI_RNA_CHAIN	RNA_CHAIN_COUNT=2; required exactly 1	153	2	1.21																	NOT_ASSIGNED	see FINAL_STATUS and EXCLUSION_REASON
4MGM	False	2013-10-23	train		EXCLUDE_MULTI_RNA_CHAIN	RNA_CHAIN_COUNT=2; required exactly 1	150	2	31.261																	NOT_ASSIGNED	see FINAL_STATUS and EXCLUSION_REASON
4MGN	False	2013-10-23	train		EXCLUDE_MULTI_RNA_CHAIN	RNA_CHAIN_COUNT=4; required exactly 1	322	4	29.319																	NOT_ASSIGNED	see FINAL_STATUS and EXCLUSION_REASON
4MS9	False	2014-02-12	train	train	KEPT		10	1	6.589													False				NOT_AUDITED	server stage paths were not provided
4MSB	False	2014-02-12	train		EXCLUDE_MULTI_RNA_CHAIN	RNA_CHAIN_COUNT=6; required exactly 1	60	6	16.07																	NOT_ASSIGNED	see FINAL_STATUS and EXCLUSION_REASON
4MSR	False	2014-02-12	train		EXCLUDE_MULTI_RNA_CHAIN	RNA_CHAIN_COUNT=2; required exactly 1	20	2	1.833																	NOT_ASSIGNED	see FINAL_STATUS and EXCLUSION_REASON
4NFO	False	2014-07-02	train		EXCLUDE_MULTI_RNA_CHAIN	RNA_CHAIN_COUNT=3; required exactly 1	48	3	17.245																	NOT_ASSIGNED	see FINAL_STATUS and EXCLUSION_REASON
4NFP	False	2014-07-02	train		EXCLUDE_MULTI_RNA_CHAIN	RNA_CHAIN_COUNT=3; required exactly 1	48	3	12.868																	NOT_ASSIGNED	see FINAL_STATUS and EXCLUSION_REASON
4NFQ	False	2014-07-02	train		EXCLUDE_MULTI_RNA_CHAIN	RNA_CHAIN_COUNT=3; required exactly 1	48	3	18.09																	NOT_ASSIGNED	see FINAL_STATUS and EXCLUSION_REASON
4NLF	False	2014-11-19	train	train	KEPT		27	1	0.627													False				NOT_AUDITED	server stage paths were not provided
4NMG	False	2014-11-19	train	train	KEPT		27	1	0.887													False				NOT_AUDITED	server stage paths were not provided
4NXH	False	2014-12-10	train	train	KEPT		27	1	0.488													False				NOT_AUDITED	server stage paths were not provided
4NYA	False	2014-06-04	train		EXCLUDE_MULTI_RNA_CHAIN	RNA_CHAIN_COUNT=2; required exactly 1	160	2	27.625																	NOT_ASSIGNED	see FINAL_STATUS and EXCLUSION_REASON
4NYB	False	2014-06-04	train	train	KEPT		83	1	2.471													False				NOT_AUDITED	server stage paths were not provided
4NYC	False	2014-06-04	train	train	KEPT		83	1	2.361													False				NOT_AUDITED	server stage paths were not provided
4NYD	False	2014-06-04	train	train	KEPT		83	1	2.355													False				NOT_AUDITED	server stage paths were not provided
4NYG	False	2014-06-04	train	train	KEPT		83	1	2.261													False				NOT_AUDITED	server stage paths were not provided
4O41	False	2014-07-09	train		EXCLUDE_MULTI_RNA_CHAIN	RNA_CHAIN_COUNT=4; required exactly 1	48	4	12.0																	NOT_ASSIGNED	see FINAL_STATUS and EXCLUSION_REASON
4OJI	False	2014-07-23	train	train	KEPT		54	1	1.38													False				NOT_AUDITED	server stage paths were not provided
4OQU	False	2014-06-04	train	train	KEPT		97	1	0.552													False				NOT_AUDITED	server stage paths were not provided
4P20	False	2014-05-07	train		EXCLUDE_MULTI_RNA_CHAIN	RNA_CHAIN_COUNT=2; required exactly 1	46	2	0.727																	NOT_ASSIGNED	see FINAL_STATUS and EXCLUSION_REASON
4P3S	False	2016-05-04	train		EXCLUDE_MULTI_RNA_CHAIN	RNA_CHAIN_COUNT=2; required exactly 1	46	2	0.631																	NOT_ASSIGNED	see FINAL_STATUS and EXCLUSION_REASON
4P3T	False	2016-05-04	train		EXCLUDE_MULTI_RNA_CHAIN	RNA_CHAIN_COUNT=2; required exactly 1	46	2	1.413																	NOT_ASSIGNED	see FINAL_STATUS and EXCLUSION_REASON
4P3U	False	2016-05-04	train		EXCLUDE_MULTI_RNA_CHAIN	RNA_CHAIN_COUNT=4; required exactly 1	92	4	10.789																	NOT_ASSIGNED	see FINAL_STATUS and EXCLUSION_REASON
4P43	False	2016-05-04	train		EXCLUDE_MULTI_RNA_CHAIN	RNA_CHAIN_COUNT=2; required exactly 1	46	2	1.38																	NOT_ASSIGNED	see FINAL_STATUS and EXCLUSION_REASON
4P5J	False	2014-06-04	train	train	KEPT		86	1	0.651													False				NOT_AUDITED	server stage paths were not provided
4P8Z	False	2014-05-28	train	train	KEPT		188	1	2.406													False				NOT_AUDITED	server stage paths were not provided
4P97	False	2015-03-04	train		EXCLUDE_MULTI_RNA_CHAIN	RNA_CHAIN_COUNT=4; required exactly 1	54	4	24.704																	NOT_ASSIGNED	see FINAL_STATUS and EXCLUSION_REASON
4P9R	False	2014-05-28	train	train	KEPT		192	1	1.284													False				NOT_AUDITED	server stage paths were not provided
4PCJ	False	2014-10-29	train	train	KEPT		35	1	0.448													False				NOT_AUDITED	server stage paths were not provided
4PCO	False	2015-10-14	train		EXCLUDE_MULTI_RNA_CHAIN	RNA_CHAIN_COUNT=5; required exactly 1	50	5	8.816																	NOT_ASSIGNED	see FINAL_STATUS and EXCLUSION_REASON
4PDQ	False	2015-01-07	train		EXCLUDE_MULTI_RNA_CHAIN	RNA_CHAIN_COUNT=2; required exactly 1	46	2	1.3																	NOT_ASSIGNED	see FINAL_STATUS and EXCLUSION_REASON
4PHY	False	2015-02-18	train		EXCLUDE_MULTI_RNA_CHAIN	RNA_CHAIN_COUNT=2; required exactly 1	46	2	0.229																	NOT_ASSIGNED	see FINAL_STATUS and EXCLUSION_REASON
4PLX	False	2014-06-25	train		EXCLUDE_MULTI_RNA_CHAIN	RNA_CHAIN_COUNT=3; required exactly 1	228	3	35.098																	NOT_ASSIGNED	see FINAL_STATUS and EXCLUSION_REASON
4PQV	False	2014-04-30	train	train	KEPT		68	1	12.744													False				NOT_AUDITED	server stage paths were not provided
4QJD	False	2014-09-03	train		EXCLUDE_MULTI_RNA_CHAIN	RNA_CHAIN_COUNT=8; required exactly 1	292	8	43.321																	NOT_ASSIGNED	see FINAL_STATUS and EXCLUSION_REASON
4QJH	False	2014-09-03	train		EXCLUDE_MULTI_RNA_CHAIN	RNA_CHAIN_COUNT=6; required exactly 1	222	6	31.833																	NOT_ASSIGNED	see FINAL_STATUS and EXCLUSION_REASON
4QK8	False	2014-08-06	train	train	KEPT		122	1	0.389													False				NOT_AUDITED	server stage paths were not provided
4QK9	False	2014-08-06	train	train	KEPT		124	1	1.412													False				NOT_AUDITED	server stage paths were not provided
4QKA	False	2014-08-06	train	train	KEPT		122	1	0.38													False				NOT_AUDITED	server stage paths were not provided
4QLM	False	2014-08-13	train	train	KEPT		125	1	2.064													False				NOT_AUDITED	server stage paths were not provided
4QLN	False	2014-08-13	train	train	KEPT		125	1	3.091													False				NOT_AUDITED	server stage paths were not provided
4R0D	False	2014-10-01	train		EXCLUDE_MULTI_RNA_CHAIN	RNA_CHAIN_COUNT=2; required exactly 1	642	2	5.706																	NOT_ASSIGNED	see FINAL_STATUS and EXCLUSION_REASON
4R4P	False	2015-09-30	train	train	KEPT		186	1	5.305													False				NOT_AUDITED	server stage paths were not provided
4R4V	False	2015-09-30	train	train	KEPT		186	1	5.497													False				NOT_AUDITED	server stage paths were not provided
4RBQ	False	2015-11-11	train		EXCLUDE_TRAIN_RMSD_CUTOFF	strict rank-1 RMSD 27.389 A > 15 A	32	1	27.389																	NOT_ASSIGNED	see FINAL_STATUS and EXCLUSION_REASON
4RBY	False	2015-09-16	train	train	KEPT		12	1	9.478													False				NOT_AUDITED	server stage paths were not provided
4RBZ	False	2015-09-16	train	train	KEPT		12	1	9.701													False				NOT_AUDITED	server stage paths were not provided
4RC0	False	2015-09-16	train	train	KEPT		12	1	9.344													False				NOT_AUDITED	server stage paths were not provided
4RGE	False	2014-12-03	train		EXCLUDE_MULTI_RNA_CHAIN	RNA_CHAIN_COUNT=3; required exactly 1	168	3	20.619																	NOT_ASSIGNED	see FINAL_STATUS and EXCLUSION_REASON
4RGF	False	2014-12-03	train		EXCLUDE_MULTI_RNA_CHAIN	RNA_CHAIN_COUNT=3; required exactly 1	168	3	20.496																	NOT_ASSIGNED	see FINAL_STATUS and EXCLUSION_REASON
4RJ1	False	2014-11-12	train		EXCLUDE_MULTI_RNA_CHAIN	RNA_CHAIN_COUNT=2; required exactly 1	12	2	8.744																	NOT_ASSIGNED	see FINAL_STATUS and EXCLUSION_REASON
4RKV	False	2014-11-19	train		EXCLUDE_MULTI_RNA_CHAIN	RNA_CHAIN_COUNT=2; required exactly 1	12	2	8.975																	NOT_ASSIGNED	see FINAL_STATUS and EXCLUSION_REASON
4RNE	False	2014-11-19	train		EXCLUDE_MULTI_RNA_CHAIN	RNA_CHAIN_COUNT=8; required exactly 1	48	8	15.019																	NOT_ASSIGNED	see FINAL_STATUS and EXCLUSION_REASON
4RUM	False	2015-04-08	train	train	KEPT		94	1	11.276													False				NOT_AUDITED	server stage paths were not provided
4RZD	False	2015-07-01	train	train	KEPT		101	1	9.943													False				NOT_AUDITED	server stage paths were not provided
4TNA	False	1978-04-12	train	train	KEPT		76	1	1.755													False				NOT_AUDITED	server stage paths were not provided
4TRA	False	1987-11-06	train	train	KEPT		76	1	1.761													False				NOT_AUDITED	server stage paths were not provided
4TS0	False	2014-07-23	train		EXCLUDE_MULTI_RNA_CHAIN	RNA_CHAIN_COUNT=2; required exactly 1	91	2	0.594																	NOT_ASSIGNED	see FINAL_STATUS and EXCLUSION_REASON
4TS2	False	2014-07-23	train		EXCLUDE_MULTI_RNA_CHAIN	RNA_CHAIN_COUNT=2; required exactly 1	91	2	0.804																	NOT_ASSIGNED	see FINAL_STATUS and EXCLUSION_REASON
4TZX	False	2014-09-10	train	train	KEPT		71	1	0.467													False				NOT_AUDITED	server stage paths were not provided
4TZY	False	2014-09-10	train	train	KEPT		71	1	0.36													False				NOT_AUDITED	server stage paths were not provided
4U34	False	2014-08-13	train		EXCLUDE_MULTI_RNA_CHAIN	RNA_CHAIN_COUNT=2; required exactly 1	14	2	0.141																	NOT_ASSIGNED	see FINAL_STATUS and EXCLUSION_REASON
4U35	False	2014-08-13	train		EXCLUDE_MULTI_RNA_CHAIN	RNA_CHAIN_COUNT=2; required exactly 1	14	2	0.296																	NOT_ASSIGNED	see FINAL_STATUS and EXCLUSION_REASON
4U37	False	2014-08-13	train		EXCLUDE_MULTI_RNA_CHAIN	RNA_CHAIN_COUNT=2; required exactly 1	14	2	0.555																	NOT_ASSIGNED	see FINAL_STATUS and EXCLUSION_REASON
4U38	False	2014-08-13	train		EXCLUDE_MULTI_RNA_CHAIN	RNA_CHAIN_COUNT=8; required exactly 1	56	8	20.509																	NOT_ASSIGNED	see FINAL_STATUS and EXCLUSION_REASON
4U3L	False	2015-07-29	train		EXCLUDE_MULTI_RNA_CHAIN	RNA_CHAIN_COUNT=2; required exactly 1	16	2	0.53																	NOT_ASSIGNED	see FINAL_STATUS and EXCLUSION_REASON
4U3O	False	2015-07-29	train		EXCLUDE_MULTI_RNA_CHAIN	RNA_CHAIN_COUNT=2; required exactly 1	16	2	0.32																	NOT_ASSIGNED	see FINAL_STATUS and EXCLUSION_REASON
4U3P	False	2015-07-29	train		EXCLUDE_MULTI_RNA_CHAIN	RNA_CHAIN_COUNT=2; required exactly 1	16	2	0.432																	NOT_ASSIGNED	see FINAL_STATUS and EXCLUSION_REASON
4U3R	False	2015-07-29	train		EXCLUDE_MULTI_RNA_CHAIN	RNA_CHAIN_COUNT=2; required exactly 1	16	2	0.333																	NOT_ASSIGNED	see FINAL_STATUS and EXCLUSION_REASON
4U47	False	2015-08-05	train		EXCLUDE_MULTI_RNA_CHAIN	RNA_CHAIN_COUNT=2; required exactly 1	16	2	0.306																	NOT_ASSIGNED	see FINAL_STATUS and EXCLUSION_REASON
4U78	False	2015-08-26	train		EXCLUDE_MULTI_RNA_CHAIN	RNA_CHAIN_COUNT=2; required exactly 1	16	2	0.202																	NOT_ASSIGNED	see FINAL_STATUS and EXCLUSION_REASON
4WFL	False	2014-10-15	train	train	KEPT		107	1	2.086													False				NOT_AUDITED	server stage paths were not provided
4WFM	False	2014-10-15	train		EXCLUDE_MULTI_RNA_CHAIN	RNA_CHAIN_COUNT=2; required exactly 1	206	2	21.729																	NOT_ASSIGNED	see FINAL_STATUS and EXCLUSION_REASON
4XK0	False	2015-02-11	train		EXCLUDE_MULTI_RNA_CHAIN	RNA_CHAIN_COUNT=2; required exactly 1	12	2	8.886																	NOT_ASSIGNED	see FINAL_STATUS and EXCLUSION_REASON
4XNR	False	2015-05-06	train	train	KEPT		71	1	0.431													False				NOT_AUDITED	server stage paths were not provided
4XW0	False	2016-01-13	train		EXCLUDE_MULTI_RNA_CHAIN	RNA_CHAIN_COUNT=2; required exactly 1	20	2	0.292																	NOT_ASSIGNED	see FINAL_STATUS and EXCLUSION_REASON
4XW1	False	2016-01-13	train	train	KEPT		9	1	3.108													False				NOT_AUDITED	server stage paths were not provided
4XW7	False	2015-09-09	train	train	KEPT		64	1	0.51													False				NOT_AUDITED	server stage paths were not provided
4XWF	False	2015-09-09	train	train	KEPT		64	1	0.452													False				NOT_AUDITED	server stage paths were not provided
4Y1I	False	2015-04-08	train		EXCLUDE_MULTI_RNA_CHAIN	RNA_CHAIN_COUNT=2; required exactly 1	200	2	26.63																	NOT_ASSIGNED	see FINAL_STATUS and EXCLUSION_REASON
4Y1J	False	2015-04-08	train		EXCLUDE_MULTI_RNA_CHAIN	RNA_CHAIN_COUNT=2; required exactly 1	200	2	26.415																	NOT_ASSIGNED	see FINAL_STATUS and EXCLUSION_REASON
4Y1M	False	2015-04-08	train		EXCLUDE_MULTI_RNA_CHAIN	RNA_CHAIN_COUNT=2; required exactly 1	214	2	19.065																	NOT_ASSIGNED	see FINAL_STATUS and EXCLUSION_REASON
4Y1N	False	2015-10-14	train		EXCLUDE_MULTI_RNA_CHAIN	RNA_CHAIN_COUNT=2; required exactly 1	550	2	32.61																	NOT_ASSIGNED	see FINAL_STATUS and EXCLUSION_REASON
4Y1O	False	2015-10-14	train		EXCLUDE_MULTI_RNA_CHAIN	RNA_CHAIN_COUNT=2; required exactly 1	550	2	36.11																	NOT_ASSIGNED	see FINAL_STATUS and EXCLUSION_REASON
4Y27	False	2015-11-18	train	train	KEPT		27	1	0.489													False				NOT_AUDITED	server stage paths were not provided
4YAZ	False	2015-04-15	train		EXCLUDE_MULTI_RNA_CHAIN	RNA_CHAIN_COUNT=2; required exactly 1	168	2	26.665																	NOT_ASSIGNED	see FINAL_STATUS and EXCLUSION_REASON
4YB0	False	2015-04-15	train		EXCLUDE_MULTI_RNA_CHAIN	RNA_CHAIN_COUNT=2; required exactly 1	166	2	28.956																	NOT_ASSIGNED	see FINAL_STATUS and EXCLUSION_REASON
4YN6	False	2015-04-22	train		EXCLUDE_MULTI_RNA_CHAIN	RNA_CHAIN_COUNT=2; required exactly 1	38	2	0.376																	NOT_ASSIGNED	see FINAL_STATUS and EXCLUSION_REASON
4ZC7	False	2015-08-26	train		EXCLUDE_MULTI_RNA_CHAIN	RNA_CHAIN_COUNT=4; required exactly 1	368	4	21.528																	NOT_ASSIGNED	see FINAL_STATUS and EXCLUSION_REASON
4ZNP	False	2015-08-26	train		EXCLUDE_MULTI_RNA_CHAIN	RNA_CHAIN_COUNT=2; required exactly 1	146	2	18.786																	NOT_ASSIGNED	see FINAL_STATUS and EXCLUSION_REASON
5A17	False	2015-05-06	train	train	KEPT		32	1	8.519													False				NOT_AUDITED	server stage paths were not provided
5A18	False	2015-05-06	train	train	KEPT		32	1	8.4													False				NOT_AUDITED	server stage paths were not provided
5AY2	False	2015-10-21	train		EXCLUDE_MULTI_RNA_CHAIN	RNA_CHAIN_COUNT=4; required exactly 1	48	4	9.674																	NOT_ASSIGNED	see FINAL_STATUS and EXCLUSION_REASON
5AY3	False	2015-10-21	train		EXCLUDE_MULTI_RNA_CHAIN	RNA_CHAIN_COUNT=2; required exactly 1	24	2	0.582																	NOT_ASSIGNED	see FINAL_STATUS and EXCLUSION_REASON
5AY4	False	2015-10-21	train		EXCLUDE_MULTI_RNA_CHAIN	RNA_CHAIN_COUNT=2; required exactly 1	24	2	0.393																	NOT_ASSIGNED	see FINAL_STATUS and EXCLUSION_REASON
5BJO	False	2017-09-27	train		EXCLUDE_MULTI_RNA_CHAIN	RNA_CHAIN_COUNT=2; required exactly 1	72	2	15.232																	NOT_ASSIGNED	see FINAL_STATUS and EXCLUSION_REASON
5BJP	False	2017-09-27	train		EXCLUDE_MULTI_RNA_CHAIN	RNA_CHAIN_COUNT=2; required exactly 1	72	2	4.514																	NOT_ASSIGNED	see FINAL_STATUS and EXCLUSION_REASON
5BTM	False	2015-07-15	train		EXCLUDE_MULTI_RNA_CHAIN	RNA_CHAIN_COUNT=2; required exactly 1	110	2	11.362																	NOT_ASSIGNED	see FINAL_STATUS and EXCLUSION_REASON
5BTP	False	2015-08-12	train		EXCLUDE_MULTI_RNA_CHAIN	RNA_CHAIN_COUNT=2; required exactly 1	150	2	22.359																	NOT_ASSIGNED	see FINAL_STATUS and EXCLUSION_REASON
5C45	False	2015-10-07	train		EXCLUDE_MULTI_RNA_CHAIN	RNA_CHAIN_COUNT=2; required exactly 1	110	2	0.564																	NOT_ASSIGNED	see FINAL_STATUS and EXCLUSION_REASON
5C5W	False	2015-10-14	train		EXCLUDE_TRAIN_RMSD_CUTOFF	strict rank-1 RMSD 16.033 A > 15 A	19	1	16.033																	NOT_ASSIGNED	see FINAL_STATUS and EXCLUSION_REASON
5C7U	False	2015-08-12	train	train	KEPT		67	1	1.165													False				NOT_AUDITED	server stage paths were not provided
5C7W	False	2015-08-12	train	train	KEPT		67	1	0.344													False				NOT_AUDITED	server stage paths were not provided
5CNR	False	2016-03-09	train		EXCLUDE_MULTI_RNA_CHAIN	RNA_CHAIN_COUNT=4; required exactly 1	54	4	13.253																	NOT_ASSIGNED	see FINAL_STATUS and EXCLUSION_REASON
5D5L	False	2016-08-10	train		EXCLUDE_MULTI_RNA_CHAIN	RNA_CHAIN_COUNT=4; required exactly 1	308	4	20.134																	NOT_ASSIGNED	see FINAL_STATUS and EXCLUSION_REASON
5D8T	False	2016-06-29	train		EXCLUDE_MULTI_RNA_CHAIN	RNA_CHAIN_COUNT=2; required exactly 1	16	2	0.534																	NOT_ASSIGNED	see FINAL_STATUS and EXCLUSION_REASON
5D99	False	2016-04-13	train	train	KEPT		27	1	0.262													False				NOT_AUDITED	server stage paths were not provided
5DA6	False	2016-04-13	train		EXCLUDE_TRAIN_RMSD_CUTOFF	strict rank-1 RMSD 27.592 A > 15 A	32	1	27.592																	NOT_ASSIGNED	see FINAL_STATUS and EXCLUSION_REASON
5DER	False	2016-06-29	train		EXCLUDE_MULTI_RNA_CHAIN	RNA_CHAIN_COUNT=4; required exactly 1	32	4	9.147																	NOT_ASSIGNED	see FINAL_STATUS and EXCLUSION_REASON
5DH7	False	2015-10-07	train		EXCLUDE_MULTI_RNA_CHAIN	RNA_CHAIN_COUNT=2; required exactly 1	68	2	0.857																	NOT_ASSIGNED	see FINAL_STATUS and EXCLUSION_REASON
5DHB	False	2016-12-07	train		EXCLUDE_MULTI_RNA_CHAIN	RNA_CHAIN_COUNT=4; required exactly 1	28	4	0.939																	NOT_ASSIGNED	see FINAL_STATUS and EXCLUSION_REASON
5DHC	False	2016-12-07	train		EXCLUDE_MULTI_RNA_CHAIN	RNA_CHAIN_COUNT=4; required exactly 1	56	4	20.261																	NOT_ASSIGNED	see FINAL_STATUS and EXCLUSION_REASON
5DO5	False	2016-09-21	train	train	KEPT		12	1	9.333													False				NOT_AUDITED	server stage paths were not provided
5DUN	False	2015-10-28	train	train	KEPT		54	1	1.274													False				NOT_AUDITED	server stage paths were not provided
5E54	False	2016-11-23	train		EXCLUDE_MULTI_RNA_CHAIN	RNA_CHAIN_COUNT=2; required exactly 1	142	2	19.686																	NOT_ASSIGNED	see FINAL_STATUS and EXCLUSION_REASON
5EAO	False	2016-02-24	train		EXCLUDE_MULTI_RNA_CHAIN	RNA_CHAIN_COUNT=2; required exactly 1	68	2	1.367																	NOT_ASSIGNED	see FINAL_STATUS and EXCLUSION_REASON
5EAQ	False	2016-02-24	train		EXCLUDE_MULTI_RNA_CHAIN	RNA_CHAIN_COUNT=2; required exactly 1	68	2	0.693																	NOT_ASSIGNED	see FINAL_STATUS and EXCLUSION_REASON
5EME	True				SOURCE_EXCLUDED	listed in source exclusion XLSX (not in experimental pure RNA set)																				SOURCE_EXCLUDED	listed in source exclusion XLSX (not in experimental pure RNA set)
5EMF	True				SOURCE_EXCLUDED	listed in source exclusion XLSX (not in experimental pure RNA set)																				SOURCE_EXCLUDED	listed in source exclusion XLSX (not in experimental pure RNA set)
5EW4	False	2016-02-24	train		EXCLUDE_MULTI_RNA_CHAIN	RNA_CHAIN_COUNT=2; required exactly 1	44	2	0.571																	NOT_ASSIGNED	see FINAL_STATUS and EXCLUSION_REASON
5EW7	False	2016-02-24	train		EXCLUDE_MULTI_RNA_CHAIN	RNA_CHAIN_COUNT=2; required exactly 1	44	2	0.587																	NOT_ASSIGNED	see FINAL_STATUS and EXCLUSION_REASON
5FJ0	False	2016-09-28	train		EXCLUDE_MULTI_RNA_CHAIN	RNA_CHAIN_COUNT=3; required exactly 1	57	3	19.647																	NOT_ASSIGNED	see FINAL_STATUS and EXCLUSION_REASON
5FJ1	False	2016-05-25	train		EXCLUDE_MULTI_RNA_CHAIN	RNA_CHAIN_COUNT=8; required exactly 1	192	8	22.481																	NOT_ASSIGNED	see FINAL_STATUS and EXCLUSION_REASON
5FJC	False	2016-05-25	train	train	KEPT		94	1	0.979													False				NOT_AUDITED	server stage paths were not provided
5FK1	False	2016-05-25	train	train	KEPT		94	1	0.364													False				NOT_AUDITED	server stage paths were not provided
5FK2	False	2016-05-25	train	train	KEPT		94	1	0.373													False				NOT_AUDITED	server stage paths were not provided
5FK3	False	2016-05-25	train	train	KEPT		94	1	0.448													False				NOT_AUDITED	server stage paths were not provided
5FK4	False	2016-05-25	train	train	KEPT		93	1	1.215													False				NOT_AUDITED	server stage paths were not provided
5FK5	False	2016-05-25	train	train	KEPT		94	1	0.589													False				NOT_AUDITED	server stage paths were not provided
5FK6	False	2016-05-25	train	train	KEPT		94	1	0.534													False				NOT_AUDITED	server stage paths were not provided
5FKD	False	2016-05-25	train	train	KEPT		94	1	0.527													False				NOT_AUDITED	server stage paths were not provided
5FKE	False	2016-05-25	train	train	KEPT		94	1	0.528													False				NOT_AUDITED	server stage paths were not provided
5FKF	False	2016-05-25	train	train	KEPT		94	1	0.488													False				NOT_AUDITED	server stage paths were not provided
5FKG	False	2016-05-25	train	train	KEPT		94	1	0.498													False				NOT_AUDITED	server stage paths were not provided
5FKH	False	2016-05-25	train	train	KEPT		94	1	0.414													False				NOT_AUDITED	server stage paths were not provided
5G2Y	False	2016-05-04	train		EXCLUDE_TRAIN_RMSD_CUTOFF	strict rank-1 RMSD 35.854 A > 15 A	704	1	35.854																	NOT_ASSIGNED	see FINAL_STATUS and EXCLUSION_REASON
5G4T	False	2016-09-28	train		EXCLUDE_MULTI_RNA_CHAIN	RNA_CHAIN_COUNT=2; required exactly 1	19	2	0.139																	NOT_ASSIGNED	see FINAL_STATUS and EXCLUSION_REASON
5HBW	False	2016-12-07	train		EXCLUDE_MULTI_RNA_CHAIN	RNA_CHAIN_COUNT=2; required exactly 1	14	2	0.442																	NOT_ASSIGNED	see FINAL_STATUS and EXCLUSION_REASON
5HBX	False	2016-12-07	train		EXCLUDE_MULTI_RNA_CHAIN	RNA_CHAIN_COUNT=4; required exactly 1	56	4	19.388																	NOT_ASSIGNED	see FINAL_STATUS and EXCLUSION_REASON
5HBY	False	2016-12-07	train	train	KEPT		13	1	10.486													False				NOT_AUDITED	server stage paths were not provided
5HN2	False	2016-04-27	train		EXCLUDE_MULTI_RNA_CHAIN	RNA_CHAIN_COUNT=6; required exactly 1	48	6	17.352																	NOT_ASSIGNED	see FINAL_STATUS and EXCLUSION_REASON
5HNJ	False	2016-04-27	train		EXCLUDE_MULTI_RNA_CHAIN	RNA_CHAIN_COUNT=6; required exactly 1	48	6	13.969																	NOT_ASSIGNED	see FINAL_STATUS and EXCLUSION_REASON
5HNQ	False	2016-04-27	train		EXCLUDE_MULTI_RNA_CHAIN	RNA_CHAIN_COUNT=13; required exactly 1	104	13	22.428																	NOT_ASSIGNED	see FINAL_STATUS and EXCLUSION_REASON
5IEM	False	2016-11-02	train	train	KEPT		57	1	7.805													False				NOT_AUDITED	server stage paths were not provided
5J01	False	2016-12-14	train	train	KEPT		418	1	7.34													False				NOT_AUDITED	server stage paths were not provided
5J02	False	2016-12-14	train		EXCLUDE_MULTI_RNA_CHAIN	RNA_CHAIN_COUNT=2; required exactly 1	425	2	7.277																	NOT_ASSIGNED	see FINAL_STATUS and EXCLUSION_REASON
5K8H	False	2016-07-06	train		EXCLUDE_FROZEN_RMSD	PDB is listed in exclude_strict_rank1_rmsd_pdb.txt	7	1																		NOT_ASSIGNED	see FINAL_STATUS and EXCLUSION_REASON
5KH8	False	2017-07-19	train	train	KEPT		47	1	10.999													False				NOT_AUDITED	server stage paths were not provided
5KMZ	False	2016-10-12	train	train	KEPT		31	1	2.56													False				NOT_AUDITED	server stage paths were not provided
5KPY	False	2017-01-11	train	train	KEPT		71	1	5.951													False				NOT_AUDITED	server stage paths were not provided
5KQE	False	2016-08-24	train	train	KEPT		36	1	9.882													False				NOT_AUDITED	server stage paths were not provided
5KRG	False	2016-12-07	train		EXCLUDE_MULTI_RNA_CHAIN	RNA_CHAIN_COUNT=4; required exactly 1	60	4	1.381																	NOT_ASSIGNED	see FINAL_STATUS and EXCLUSION_REASON
5KTJ	False	2016-10-05	train		EXCLUDE_MULTI_RNA_CHAIN	RNA_CHAIN_COUNT=4; required exactly 1	130	4	22.461																	NOT_ASSIGNED	see FINAL_STATUS and EXCLUSION_REASON
5KVJ	False	2016-08-03	train		EXCLUDE_MULTI_RNA_CHAIN	RNA_CHAIN_COUNT=2; required exactly 1	32	2	0.247																	NOT_ASSIGNED	see FINAL_STATUS and EXCLUSION_REASON
5KX9	False	2016-08-24	train		EXCLUDE_MULTI_RNA_CHAIN	RNA_CHAIN_COUNT=2; required exactly 1	110	2	0.506																	NOT_ASSIGNED	see FINAL_STATUS and EXCLUSION_REASON
5L00	False	2016-12-07	train		EXCLUDE_MULTI_RNA_CHAIN	RNA_CHAIN_COUNT=4; required exactly 1	60	4	2.891																	NOT_ASSIGNED	see FINAL_STATUS and EXCLUSION_REASON
5L4O	False	2017-03-01	train	train	KEPT		77	1	1.04													False				NOT_AUDITED	server stage paths were not provided
5LQO	False	2017-06-21	train		EXCLUDE_MULTI_RNA_CHAIN	RNA_CHAIN_COUNT=2; required exactly 1	20	2	0.213																	NOT_ASSIGNED	see FINAL_STATUS and EXCLUSION_REASON
5LQT	False	2017-06-21	train		EXCLUDE_MULTI_RNA_CHAIN	RNA_CHAIN_COUNT=2; required exactly 1	20	2	0.22																	NOT_ASSIGNED	see FINAL_STATUS and EXCLUSION_REASON
5LR3	False	2017-06-21	train		EXCLUDE_MULTI_RNA_CHAIN	RNA_CHAIN_COUNT=2; required exactly 1	20	2	0.342																	NOT_ASSIGNED	see FINAL_STATUS and EXCLUSION_REASON
5LR4	False	2017-06-21	train		EXCLUDE_MULTI_RNA_CHAIN	RNA_CHAIN_COUNT=4; required exactly 1	40	4	9.052																	NOT_ASSIGNED	see FINAL_STATUS and EXCLUSION_REASON
5LR5	False	2017-06-21	train		EXCLUDE_MULTI_RNA_CHAIN	RNA_CHAIN_COUNT=4; required exactly 1	40	4	9.963																	NOT_ASSIGNED	see FINAL_STATUS and EXCLUSION_REASON
5LSN	False	2017-09-20	train	train	KEPT		29	1	4.003													False				NOT_AUDITED	server stage paths were not provided
5LWJ	False	2016-12-14	train	train	KEPT		34	1	3.439													False				NOT_AUDITED	server stage paths were not provided
5LYS	False	2017-01-25	train		EXCLUDE_MULTI_RNA_CHAIN	RNA_CHAIN_COUNT=2; required exactly 1	114	2	21.415																	NOT_ASSIGNED	see FINAL_STATUS and EXCLUSION_REASON
5LYU	False	2017-01-25	train		EXCLUDE_MULTI_RNA_CHAIN	RNA_CHAIN_COUNT=2; required exactly 1	116	2	27.175																	NOT_ASSIGNED	see FINAL_STATUS and EXCLUSION_REASON
5LYV	False	2017-01-25	train		EXCLUDE_MULTI_RNA_CHAIN	RNA_CHAIN_COUNT=2; required exactly 1	114	2	28.217																	NOT_ASSIGNED	see FINAL_STATUS and EXCLUSION_REASON
5M0H	False	2017-01-18	train	train	KEPT		42	1	0.85													False				NOT_AUDITED	server stage paths were not provided
5ML7	False	2017-12-20	train		EXCLUDE_MULTI_RNA_CHAIN	RNA_CHAIN_COUNT=2; required exactly 1	192	2	24.689																	NOT_ASSIGNED	see FINAL_STATUS and EXCLUSION_REASON
5MRX	False	2018-01-17	train	train	KEPT		27	1	0.367													False				NOT_AUDITED	server stage paths were not provided
5MWI	False	2017-03-08	train		EXCLUDE_TRAIN_RMSD_CUTOFF	strict rank-1 RMSD 21.422 A > 15 A	26	1	21.422																	NOT_ASSIGNED	see FINAL_STATUS and EXCLUSION_REASON
5N5C	False	2018-03-14	train	train	KEPT		19	1	1.85													False				NOT_AUDITED	server stage paths were not provided
5NDH	False	2017-05-31	train		EXCLUDE_MULTI_RNA_CHAIN	RNA_CHAIN_COUNT=4; required exactly 1	64	4	4.384																	NOT_ASSIGNED	see FINAL_STATUS and EXCLUSION_REASON
5NDI	False	2017-05-31	train		EXCLUDE_MULTI_RNA_CHAIN	RNA_CHAIN_COUNT=4; required exactly 1	80	4	14.568																	NOT_ASSIGNED	see FINAL_STATUS and EXCLUSION_REASON
5NEF	False	2017-06-07	train	train	KEPT		18	1	0.132													False				NOT_AUDITED	server stage paths were not provided
5NEO	False	2017-05-31	train	train	KEPT		18	1	0.388													False				NOT_AUDITED	server stage paths were not provided
5NEP	False	2017-05-31	train	train	KEPT		18	1	0.107													False				NOT_AUDITED	server stage paths were not provided
5NEQ	False	2017-05-31	train	train	KEPT		18	1	0.291													False				NOT_AUDITED	server stage paths were not provided
5NEX	False	2017-05-31	train	train	KEPT		18	1	0.197													False				NOT_AUDITED	server stage paths were not provided
5NOM	False	2017-05-31	train	train	KEPT		18	1	0.176													False				NOT_AUDITED	server stage paths were not provided
5NQI	False	2017-07-26	train	train	KEPT		27	1	0.322													False				NOT_AUDITED	server stage paths were not provided
5NWQ	False	2017-10-18	train		EXCLUDE_MULTI_RNA_CHAIN	RNA_CHAIN_COUNT=2; required exactly 1	82	2	12.029																	NOT_ASSIGNED	see FINAL_STATUS and EXCLUSION_REASON
5NXT	False	2017-11-29	train		EXCLUDE_TRAIN_RMSD_CUTOFF	strict rank-1 RMSD 16.369 A > 15 A	18	1	16.369																	NOT_ASSIGNED	see FINAL_STATUS and EXCLUSION_REASON
5NY8	False	2017-10-18	train		EXCLUDE_MULTI_RNA_CHAIN	RNA_CHAIN_COUNT=2; required exactly 1	82	2	17.743																	NOT_ASSIGNED	see FINAL_STATUS and EXCLUSION_REASON
5NZ3	False	2017-10-18	train		EXCLUDE_MULTI_RNA_CHAIN	RNA_CHAIN_COUNT=2; required exactly 1	82	2	11.449																	NOT_ASSIGNED	see FINAL_STATUS and EXCLUSION_REASON
5NZ6	False	2017-10-18	train	train	KEPT		41	1	0.451													False				NOT_AUDITED	server stage paths were not provided
5NZD	False	2017-10-18	train		EXCLUDE_MULTI_RNA_CHAIN	RNA_CHAIN_COUNT=2; required exactly 1	82	2	22.915																	NOT_ASSIGNED	see FINAL_STATUS and EXCLUSION_REASON
5O62	False	2017-10-18	train		EXCLUDE_MULTI_RNA_CHAIN	RNA_CHAIN_COUNT=2; required exactly 1	82	2	10.902																	NOT_ASSIGNED	see FINAL_STATUS and EXCLUSION_REASON
5O69	False	2017-10-18	train		EXCLUDE_MULTI_RNA_CHAIN	RNA_CHAIN_COUNT=2; required exactly 1	82	2	13.648																	NOT_ASSIGNED	see FINAL_STATUS and EXCLUSION_REASON
5OB3	False	2017-10-04	train	train	KEPT		69	1	0.329													False				NOT_AUDITED	server stage paths were not provided
5OR0	False	2017-08-30	train		EXCLUDE_MULTI_RNA_CHAIN	RNA_CHAIN_COUNT=2; required exactly 1	22	2	4.433																	NOT_ASSIGNED	see FINAL_STATUS and EXCLUSION_REASON
5SWD	False	2016-11-23	train		EXCLUDE_MULTI_RNA_CHAIN	RNA_CHAIN_COUNT=2; required exactly 1	142	2	21.175																	NOT_ASSIGNED	see FINAL_STATUS and EXCLUSION_REASON
5SWE	False	2016-11-23	train	train	KEPT		71	1	0.552													False				NOT_AUDITED	server stage paths were not provided
5T3K	False	2017-07-05	train		EXCLUDE_MULTI_RNA_CHAIN	RNA_CHAIN_COUNT=4; required exactly 1	66	4	19.933																	NOT_ASSIGNED	see FINAL_STATUS and EXCLUSION_REASON
5T83	False	2017-01-11	train	train	KEPT		95	1	0.658													False				NOT_AUDITED	server stage paths were not provided
5TDJ	False	2017-01-11	train		EXCLUDE_MULTI_RNA_CHAIN	RNA_CHAIN_COUNT=2; required exactly 1	20	2	15.658																	NOT_ASSIGNED	see FINAL_STATUS and EXCLUSION_REASON
5TDK	False	2017-01-11	train		EXCLUDE_MULTI_RNA_CHAIN	RNA_CHAIN_COUNT=2; required exactly 1	20	2	1.642																	NOT_ASSIGNED	see FINAL_STATUS and EXCLUSION_REASON
5TGP	False	2017-10-18	train		EXCLUDE_MULTI_RNA_CHAIN	RNA_CHAIN_COUNT=2; required exactly 1	16	2																		NOT_ASSIGNED	see FINAL_STATUS and EXCLUSION_REASON
5TKO	False	2017-10-11	train		EXCLUDE_MULTI_RNA_CHAIN	RNA_CHAIN_COUNT=4; required exactly 1	28	4	14.793																	NOT_ASSIGNED	see FINAL_STATUS and EXCLUSION_REASON
5TPY	False	2016-12-14	train	train	KEPT		71	1	2.294													False				NOT_AUDITED	server stage paths were not provided
5U3G	False	2017-02-01	train	train	KEPT		85	1	0.633													False				NOT_AUDITED	server stage paths were not provided
5UED	False	2017-07-05	train		EXCLUDE_MULTI_RNA_CHAIN	RNA_CHAIN_COUNT=2; required exactly 1	28	2	0.584																	NOT_ASSIGNED	see FINAL_STATUS and EXCLUSION_REASON
5UEE	False	2017-07-05	train		EXCLUDE_MULTI_RNA_CHAIN	RNA_CHAIN_COUNT=2; required exactly 1	28	2	0.336																	NOT_ASSIGNED	see FINAL_STATUS and EXCLUSION_REASON
5UEF	False	2017-07-05	train		EXCLUDE_MULTI_RNA_CHAIN	RNA_CHAIN_COUNT=4; required exactly 1	32	4	0.338																	NOT_ASSIGNED	see FINAL_STATUS and EXCLUSION_REASON
5UEG	False	2017-07-05	train		EXCLUDE_MULTI_RNA_CHAIN	RNA_CHAIN_COUNT=4; required exactly 1	56	4	2.161																	NOT_ASSIGNED	see FINAL_STATUS and EXCLUSION_REASON
5UF3	False	2017-05-31	train	train	KEPT		23	1	3.688													False				NOT_AUDITED	server stage paths were not provided
5UNE	False	2017-03-29	train		EXCLUDE_MULTI_RNA_CHAIN	RNA_CHAIN_COUNT=2; required exactly 1	94	2	0.936																	NOT_ASSIGNED	see FINAL_STATUS and EXCLUSION_REASON
5UX3	False	2018-02-21	train		EXCLUDE_MULTI_RNA_CHAIN	RNA_CHAIN_COUNT=2; required exactly 1	33	2	0.259																	NOT_ASSIGNED	see FINAL_STATUS and EXCLUSION_REASON
5UZ6	False	2018-02-21	train		EXCLUDE_MULTI_RNA_CHAIN	RNA_CHAIN_COUNT=6; required exactly 1	99	6	23.109																	NOT_ASSIGNED	see FINAL_STATUS and EXCLUSION_REASON
5UZA	False	2018-02-28	train	train	KEPT		71	1	0.419													False				NOT_AUDITED	server stage paths were not provided
5UZT	False	2017-05-10	train	train	KEPT		31	1	6.178													False				NOT_AUDITED	server stage paths were not provided
5V0H	False	2017-03-08	train		EXCLUDE_MULTI_RNA_CHAIN	RNA_CHAIN_COUNT=2; required exactly 1	30	2	0.474																	NOT_ASSIGNED	see FINAL_STATUS and EXCLUSION_REASON
5V0J	False	2017-03-08	train		EXCLUDE_MULTI_RNA_CHAIN	RNA_CHAIN_COUNT=2; required exactly 1	28	2	0.352																	NOT_ASSIGNED	see FINAL_STATUS and EXCLUSION_REASON
5V0K	False	2017-03-08	train	train	KEPT		13	1	10.982													False				NOT_AUDITED	server stage paths were not provided
5V0O	False	2018-02-21	train		EXCLUDE_MULTI_RNA_CHAIN	RNA_CHAIN_COUNT=2; required exactly 1	33	2	0.487																	NOT_ASSIGNED	see FINAL_STATUS and EXCLUSION_REASON
5V16	False	2017-07-12	train	train	KEPT		41	1	11.306													False				NOT_AUDITED	server stage paths were not provided
5V17	False	2017-07-12	train	train	KEPT		41	1	8.968													False				NOT_AUDITED	server stage paths were not provided
5V1K	False	2017-06-21	train		EXCLUDE_MULTI_RNA_CHAIN	RNA_CHAIN_COUNT=2; required exactly 1	24	2	1.139																	NOT_ASSIGNED	see FINAL_STATUS and EXCLUSION_REASON
5V1L	False	2017-06-14	train		EXCLUDE_MULTI_RNA_CHAIN	RNA_CHAIN_COUNT=4; required exactly 1	48	4	14.799																	NOT_ASSIGNED	see FINAL_STATUS and EXCLUSION_REASON
5V2H	False	2017-06-14	train		EXCLUDE_MULTI_RNA_CHAIN	RNA_CHAIN_COUNT=4; required exactly 1	32	4	1.346																	NOT_ASSIGNED	see FINAL_STATUS and EXCLUSION_REASON
5V2R	False	2017-07-26	train		EXCLUDE_MULTI_RNA_CHAIN	RNA_CHAIN_COUNT=2; required exactly 1	30	2	6.863																	NOT_ASSIGNED	see FINAL_STATUS and EXCLUSION_REASON
5V3F	False	2017-05-24	train		EXCLUDE_MULTI_RNA_CHAIN	RNA_CHAIN_COUNT=2; required exactly 1	62	2	0.644																	NOT_ASSIGNED	see FINAL_STATUS and EXCLUSION_REASON
5V3I	False	2017-07-05	train	train	KEPT		186	1	5.334													False				NOT_AUDITED	server stage paths were not provided
5V9Z	False	2018-02-21	train		EXCLUDE_MULTI_RNA_CHAIN	RNA_CHAIN_COUNT=2; required exactly 1	33	2	0.389																	NOT_ASSIGNED	see FINAL_STATUS and EXCLUSION_REASON
5VCF	False	2018-02-21	train		EXCLUDE_MULTI_RNA_CHAIN	RNA_CHAIN_COUNT=2; required exactly 1	34	2	0.282																	NOT_ASSIGNED	see FINAL_STATUS and EXCLUSION_REASON
5VCI	False	2018-02-21	train		EXCLUDE_MULTI_RNA_CHAIN	RNA_CHAIN_COUNT=2; required exactly 1	34	2	0.282																	NOT_ASSIGNED	see FINAL_STATUS and EXCLUSION_REASON
5VGW	False	2018-02-21	train		EXCLUDE_MULTI_RNA_CHAIN	RNA_CHAIN_COUNT=2; required exactly 1	35	2	0.315																	NOT_ASSIGNED	see FINAL_STATUS and EXCLUSION_REASON
5VH7	False	2017-06-28	train		EXCLUDE_MULTI_RNA_CHAIN	RNA_CHAIN_COUNT=2; required exactly 1	30	2	3.019																	NOT_ASSIGNED	see FINAL_STATUS and EXCLUSION_REASON
5VH8	False	2017-06-28	train		EXCLUDE_MULTI_RNA_CHAIN	RNA_CHAIN_COUNT=2; required exactly 1	30	2	3.79																	NOT_ASSIGNED	see FINAL_STATUS and EXCLUSION_REASON
5VJ9	False	2017-06-28	train		EXCLUDE_MULTI_RNA_CHAIN	RNA_CHAIN_COUNT=4; required exactly 1	64	4	10.868																	NOT_ASSIGNED	see FINAL_STATUS and EXCLUSION_REASON
5VJB	False	2017-06-28	train		EXCLUDE_MULTI_RNA_CHAIN	RNA_CHAIN_COUNT=4; required exactly 1	64	4	10.874																	NOT_ASSIGNED	see FINAL_STATUS and EXCLUSION_REASON
5VR4	False	2017-10-04	train		EXCLUDE_MULTI_RNA_CHAIN	RNA_CHAIN_COUNT=4; required exactly 1	32	4	9.086																	NOT_ASSIGNED	see FINAL_STATUS and EXCLUSION_REASON
5WQ1	False	2017-07-05	train	train	KEPT		23	1	1.298													False				NOT_AUDITED	server stage paths were not provided
5XI1	False	2018-08-08	train		EXCLUDE_MULTI_RNA_CHAIN	RNA_CHAIN_COUNT=2; required exactly 1	18	2	1.757																	NOT_ASSIGNED	see FINAL_STATUS and EXCLUSION_REASON
5XWG	False	2017-10-11	train	train	KEPT		15	1	12.32													False				NOT_AUDITED	server stage paths were not provided
5XZ1	False	2018-07-18	train		EXCLUDE_MULTI_RNA_CHAIN	RNA_CHAIN_COUNT=4; required exactly 1	88	4	18.229																	NOT_ASSIGNED	see FINAL_STATUS and EXCLUSION_REASON
5Z1H	False	2018-05-30	train		EXCLUDE_MULTI_RNA_CHAIN	RNA_CHAIN_COUNT=2; required exactly 1	46	2	1.767																	NOT_ASSIGNED	see FINAL_STATUS and EXCLUSION_REASON
5Z1I	False	2018-05-30	train		EXCLUDE_TRAIN_RMSD_CUTOFF	strict rank-1 RMSD 18.635 A > 15 A	21	1	18.635																	NOT_ASSIGNED	see FINAL_STATUS and EXCLUSION_REASON
5Z71	False	2019-01-30	train		EXCLUDE_MULTI_RNA_CHAIN	RNA_CHAIN_COUNT=2; required exactly 1	44	2	2.517																	NOT_ASSIGNED	see FINAL_STATUS and EXCLUSION_REASON
5ZEG	False	2018-03-21	train		EXCLUDE_MULTI_RNA_CHAIN	RNA_CHAIN_COUNT=3; required exactly 1	69	3	24.046																	NOT_ASSIGNED	see FINAL_STATUS and EXCLUSION_REASON
5ZEI	False	2018-03-21	train		EXCLUDE_MULTI_RNA_CHAIN	RNA_CHAIN_COUNT=2; required exactly 1	43	2	0.141																	NOT_ASSIGNED	see FINAL_STATUS and EXCLUSION_REASON
5ZEJ	False	2018-03-21	train		EXCLUDE_MULTI_RNA_CHAIN	RNA_CHAIN_COUNT=2; required exactly 1	44	2	0.221																	NOT_ASSIGNED	see FINAL_STATUS and EXCLUSION_REASON
5ZEM	False	2018-03-21	train		EXCLUDE_MULTI_RNA_CHAIN	RNA_CHAIN_COUNT=2; required exactly 1	44	2	1.127																	NOT_ASSIGNED	see FINAL_STATUS and EXCLUSION_REASON
6AAS	False	2019-06-05	train	train	KEPT		28	1	0.926													False				NOT_AUDITED	server stage paths were not provided
6AAU	False	2019-06-05	train	train	KEPT		24	1	2.543													False				NOT_AUDITED	server stage paths were not provided
6AZ4	False	2018-02-21	train		EXCLUDE_MULTI_RNA_CHAIN	RNA_CHAIN_COUNT=2; required exactly 1	41	2	0.243																	NOT_ASSIGNED	see FINAL_STATUS and EXCLUSION_REASON
6BFB	False	2018-02-21	train		EXCLUDE_MULTI_RNA_CHAIN	RNA_CHAIN_COUNT=2; required exactly 1	110	2	0.515																	NOT_ASSIGNED	see FINAL_STATUS and EXCLUSION_REASON
6BG9	False	2018-02-21	train		EXCLUDE_MULTI_RNA_CHAIN	RNA_CHAIN_COUNT=2; required exactly 1	94	2	1.598																	NOT_ASSIGNED	see FINAL_STATUS and EXCLUSION_REASON
6BGB	False	2017-12-06	train		EXCLUDE_MULTI_RNA_CHAIN	RNA_CHAIN_COUNT=3; required exactly 1	48	3	12.392																	NOT_ASSIGNED	see FINAL_STATUS and EXCLUSION_REASON
6BJX	False	2018-07-04	train		EXCLUDE_MULTI_RNA_CHAIN	RNA_CHAIN_COUNT=2; required exactly 1	316	2	29.09																	NOT_ASSIGNED	see FINAL_STATUS and EXCLUSION_REASON
6BMD	False	2018-02-21	train		EXCLUDE_MULTI_RNA_CHAIN	RNA_CHAIN_COUNT=6; required exactly 1	96	6	22.114																	NOT_ASSIGNED	see FINAL_STATUS and EXCLUSION_REASON
6BY4	False	2018-06-13	train	train	KEPT		14	1	0.919													False				NOT_AUDITED	server stage paths were not provided
6BY5	False	2018-06-13	train	train	KEPT		14	1	1.46													False				NOT_AUDITED	server stage paths were not provided
6C27	False	2019-01-09	train		EXCLUDE_MULTI_RNA_CHAIN	RNA_CHAIN_COUNT=2; required exactly 1	94	2	24.996																	NOT_ASSIGNED	see FINAL_STATUS and EXCLUSION_REASON
6C63	False	2018-08-08	train		EXCLUDE_MULTI_RNA_CHAIN	RNA_CHAIN_COUNT=3; required exactly 1	104	3	17.729																	NOT_ASSIGNED	see FINAL_STATUS and EXCLUSION_REASON
6C64	False	2018-08-08	train		EXCLUDE_MULTI_RNA_CHAIN	RNA_CHAIN_COUNT=3; required exactly 1	104	3	12.198																	NOT_ASSIGNED	see FINAL_STATUS and EXCLUSION_REASON
6C65	False	2018-08-08	train		EXCLUDE_MULTI_RNA_CHAIN	RNA_CHAIN_COUNT=3; required exactly 1	107	3	16.309																	NOT_ASSIGNED	see FINAL_STATUS and EXCLUSION_REASON
6C8D	False	2018-05-30	train		EXCLUDE_MULTI_RNA_CHAIN	RNA_CHAIN_COUNT=2; required exactly 1	28	2	0.251																	NOT_ASSIGNED	see FINAL_STATUS and EXCLUSION_REASON
6C8E	False	2018-05-30	train		EXCLUDE_MULTI_RNA_CHAIN	RNA_CHAIN_COUNT=2; required exactly 1	28	2	0.255																	NOT_ASSIGNED	see FINAL_STATUS and EXCLUSION_REASON
6C8I	False	2018-05-30	train		EXCLUDE_MULTI_RNA_CHAIN	RNA_CHAIN_COUNT=2; required exactly 1	28	2	0.584																	NOT_ASSIGNED	see FINAL_STATUS and EXCLUSION_REASON
6C8J	False	2018-05-30	train		EXCLUDE_MULTI_RNA_CHAIN	RNA_CHAIN_COUNT=2; required exactly 1	28	2	0.15																	NOT_ASSIGNED	see FINAL_STATUS and EXCLUSION_REASON
6C8K	False	2018-05-30	train		EXCLUDE_MULTI_RNA_CHAIN	RNA_CHAIN_COUNT=2; required exactly 1	28	2	0.311																	NOT_ASSIGNED	see FINAL_STATUS and EXCLUSION_REASON
6C8L	False	2018-05-30	train		EXCLUDE_MULTI_RNA_CHAIN	RNA_CHAIN_COUNT=2; required exactly 1	28	2	0.348																	NOT_ASSIGNED	see FINAL_STATUS and EXCLUSION_REASON
6C8M	False	2018-05-30	train		EXCLUDE_MULTI_RNA_CHAIN	RNA_CHAIN_COUNT=2; required exactly 1	29	2	0.377																	NOT_ASSIGNED	see FINAL_STATUS and EXCLUSION_REASON
6C8N	False	2018-05-30	train		EXCLUDE_MULTI_RNA_CHAIN	RNA_CHAIN_COUNT=2; required exactly 1	30	2	0.24																	NOT_ASSIGNED	see FINAL_STATUS and EXCLUSION_REASON
6C8O	False	2018-05-30	train		EXCLUDE_MULTI_RNA_CHAIN	RNA_CHAIN_COUNT=2; required exactly 1	30	2	0.225																	NOT_ASSIGNED	see FINAL_STATUS and EXCLUSION_REASON
6CAB	False	2018-05-30	train		EXCLUDE_MULTI_RNA_CHAIN	RNA_CHAIN_COUNT=2; required exactly 1	28	2	0.225																	NOT_ASSIGNED	see FINAL_STATUS and EXCLUSION_REASON
6CB3	False	2018-06-13	train		EXCLUDE_MULTI_RNA_CHAIN	RNA_CHAIN_COUNT=2; required exactly 1	202	2	1.851																	NOT_ASSIGNED	see FINAL_STATUS and EXCLUSION_REASON
6CC1	False	2018-06-13	train		EXCLUDE_MULTI_RNA_CHAIN	RNA_CHAIN_COUNT=2; required exactly 1	202	2	2.183																	NOT_ASSIGNED	see FINAL_STATUS and EXCLUSION_REASON
6CC3	False	2018-06-13	train		EXCLUDE_MULTI_RNA_CHAIN	RNA_CHAIN_COUNT=2; required exactly 1	202	2	28.764																	NOT_ASSIGNED	see FINAL_STATUS and EXCLUSION_REASON
6CHR	False	2018-11-21	train		EXCLUDE_MULTI_RNA_CHAIN	RNA_CHAIN_COUNT=2; required exactly 1	638	2	5.049																	NOT_ASSIGNED	see FINAL_STATUS and EXCLUSION_REASON
6CIH	False	2018-11-21	train		EXCLUDE_MULTI_RNA_CHAIN	RNA_CHAIN_COUNT=2; required exactly 1	635	2	4.172																	NOT_ASSIGNED	see FINAL_STATUS and EXCLUSION_REASON
6CK4	False	2018-06-20	train		EXCLUDE_MULTI_RNA_CHAIN	RNA_CHAIN_COUNT=4; required exactly 1	468	4	28.651																	NOT_ASSIGNED	see FINAL_STATUS and EXCLUSION_REASON
6CK5	False	2018-06-20	train		EXCLUDE_MULTI_RNA_CHAIN	RNA_CHAIN_COUNT=2; required exactly 1	234	2	28.733																	NOT_ASSIGNED	see FINAL_STATUS and EXCLUSION_REASON
6CU1	False	2018-10-31	train	train	KEPT		81	1	2.475													False				NOT_AUDITED	server stage paths were not provided
6CXZ	False	2018-08-29	train		EXCLUDE_MULTI_RNA_CHAIN	RNA_CHAIN_COUNT=2; required exactly 1	16	2	0.14																	NOT_ASSIGNED	see FINAL_STATUS and EXCLUSION_REASON
6CY0	False	2018-08-29	train		EXCLUDE_MULTI_RNA_CHAIN	RNA_CHAIN_COUNT=8; required exactly 1	64	8	17.744																	NOT_ASSIGNED	see FINAL_STATUS and EXCLUSION_REASON
6CY2	False	2018-08-29	train		EXCLUDE_MULTI_RNA_CHAIN	RNA_CHAIN_COUNT=2; required exactly 1	16	2	1.581																	NOT_ASSIGNED	see FINAL_STATUS and EXCLUSION_REASON
6CY4	False	2018-08-29	train		EXCLUDE_MULTI_RNA_CHAIN	RNA_CHAIN_COUNT=8; required exactly 1	64	8	14.075																	NOT_ASSIGNED	see FINAL_STATUS and EXCLUSION_REASON
6D3P	False	2018-06-20	train	train	KEPT		45	1	1.028													False				NOT_AUDITED	server stage paths were not provided
6D8L	False	2018-07-18	train		EXCLUDE_MULTI_RNA_CHAIN	RNA_CHAIN_COUNT=2; required exactly 1	316	2	29.178																	NOT_ASSIGNED	see FINAL_STATUS and EXCLUSION_REASON
6D8M	False	2018-07-04	train		EXCLUDE_MULTI_RNA_CHAIN	RNA_CHAIN_COUNT=2; required exactly 1	318	2	30.019																	NOT_ASSIGNED	see FINAL_STATUS and EXCLUSION_REASON
6D8N	False	2018-07-18	train		EXCLUDE_MULTI_RNA_CHAIN	RNA_CHAIN_COUNT=2; required exactly 1	318	2	29.268																	NOT_ASSIGNED	see FINAL_STATUS and EXCLUSION_REASON
6D8O	False	2018-07-04	train		EXCLUDE_MULTI_RNA_CHAIN	RNA_CHAIN_COUNT=2; required exactly 1	316	2	29.655																	NOT_ASSIGNED	see FINAL_STATUS and EXCLUSION_REASON
6DLQ	False	2018-11-14	train	train	KEPT		107	1	1.017													False				NOT_AUDITED	server stage paths were not provided
6DLR	False	2018-11-14	train	train	KEPT		107	1	0.889													False				NOT_AUDITED	server stage paths were not provided
6DLS	False	2018-11-14	train	train	KEPT		107	1	0.64													False				NOT_AUDITED	server stage paths were not provided
6DLT	False	2018-11-14	train	train	KEPT		107	1	0.95													False				NOT_AUDITED	server stage paths were not provided
6DMC	False	2018-11-14	train		EXCLUDE_MULTI_RNA_CHAIN	RNA_CHAIN_COUNT=2; required exactly 1	204	2	19.833																	NOT_ASSIGNED	see FINAL_STATUS and EXCLUSION_REASON
6DMD	False	2018-11-14	train		EXCLUDE_MULTI_RNA_CHAIN	RNA_CHAIN_COUNT=2; required exactly 1	204	2	19.898																	NOT_ASSIGNED	see FINAL_STATUS and EXCLUSION_REASON
6DME	False	2018-11-14	train	train	KEPT		102	1	0.953													False				NOT_AUDITED	server stage paths were not provided
6DN1	False	2018-09-05	train		EXCLUDE_MULTI_RNA_CHAIN	RNA_CHAIN_COUNT=2; required exactly 1	111	2	0.219																	NOT_ASSIGNED	see FINAL_STATUS and EXCLUSION_REASON
6DN2	False	2018-09-05	train		EXCLUDE_MULTI_RNA_CHAIN	RNA_CHAIN_COUNT=2; required exactly 1	110	2	0.471																	NOT_ASSIGNED	see FINAL_STATUS and EXCLUSION_REASON
6DN3	False	2018-09-05	train		EXCLUDE_MULTI_RNA_CHAIN	RNA_CHAIN_COUNT=2; required exactly 1	110	2	0.551																	NOT_ASSIGNED	see FINAL_STATUS and EXCLUSION_REASON
6DNR	False	2018-11-14	train	train	KEPT		107	1	2.116													False				NOT_AUDITED	server stage paths were not provided
6DVK	False	2019-06-26	train	train	KEPT		95	1	2.949													False				NOT_AUDITED	server stage paths were not provided
6E1S	False	2019-04-10	train	train	KEPT		33	1	0.324													False				NOT_AUDITED	server stage paths were not provided
6E1T	False	2019-04-10	train	train	KEPT		33	1	0.269													False				NOT_AUDITED	server stage paths were not provided
6E1U	False	2019-04-10	train	train	KEPT		33	1	0.376													False				NOT_AUDITED	server stage paths were not provided
6E1V	False	2019-04-10	train	train	KEPT		33	1	0.235													False				NOT_AUDITED	server stage paths were not provided
6E1W	False	2019-04-10	train	train	KEPT		33	1	0.389													False				NOT_AUDITED	server stage paths were not provided
6E7L	False	2019-07-31	train		EXCLUDE_TRAIN_RMSD_CUTOFF	strict rank-1 RMSD 19.04 A > 15 A	22	1	19.04																	NOT_ASSIGNED	see FINAL_STATUS and EXCLUSION_REASON
6E80	False	2019-07-31	train	train	KEPT		36	1	1.91													False				NOT_AUDITED	server stage paths were not provided
6E81	False	2019-07-31	train	train	KEPT		36	1	0.621													False				NOT_AUDITED	server stage paths were not provided
6E82	False	2019-07-31	train	train	KEPT		36	1	0.622													False				NOT_AUDITED	server stage paths were not provided
6E84	False	2019-07-31	train	train	KEPT		36	1	0.764													False				NOT_AUDITED	server stage paths were not provided
6E8S	False	2019-04-17	train		EXCLUDE_MULTI_RNA_CHAIN	RNA_CHAIN_COUNT=2; required exactly 1	76	2	10.894																	NOT_ASSIGNED	see FINAL_STATUS and EXCLUSION_REASON
6E8T	False	2019-04-17	train		EXCLUDE_MULTI_RNA_CHAIN	RNA_CHAIN_COUNT=4; required exactly 1	144	4	18.171																	NOT_ASSIGNED	see FINAL_STATUS and EXCLUSION_REASON
6E8U	False	2019-04-17	train	train	KEPT		37	1	0.496													False				NOT_AUDITED	server stage paths were not provided
6EZ0	False	2018-01-03	train	train	KEPT		27	1	3.433													False				NOT_AUDITED	server stage paths were not provided
6FZ0	False	2018-07-04	train	train	KEPT		53	1	2.742													False				NOT_AUDITED	server stage paths were not provided
6G7Z	False	2018-12-05	train		EXCLUDE_MULTI_RNA_CHAIN	RNA_CHAIN_COUNT=2; required exactly 1	186	2	1.318																	NOT_ASSIGNED	see FINAL_STATUS and EXCLUSION_REASON
6GE1	False	2018-10-31	train		EXCLUDE_MULTI_RNA_CHAIN	RNA_CHAIN_COUNT=4; required exactly 1	28	4	2.944																	NOT_ASSIGNED	see FINAL_STATUS and EXCLUSION_REASON
6GYV	False	2018-08-22	train	train	KEPT		192	1	1.474													False				NOT_AUDITED	server stage paths were not provided
6GZK	False	2019-07-17	train	train	KEPT		48	1	5.909													False				NOT_AUDITED	server stage paths were not provided
6GZR	False	2019-07-17	train	train	KEPT		48	1	6.142													False				NOT_AUDITED	server stage paths were not provided
6H0R	False	2019-04-17	train		EXCLUDE_MULTI_RNA_CHAIN	RNA_CHAIN_COUNT=2; required exactly 1	62	2	8.459																	NOT_ASSIGNED	see FINAL_STATUS and EXCLUSION_REASON
6HAG	False	2019-01-09	train	train	KEPT		43	1	3.465													False				NOT_AUDITED	server stage paths were not provided
6HBT	False	2019-02-20	train	train	KEPT		18	1	0.173													False				NOT_AUDITED	server stage paths were not provided
6HBX	False	2019-02-20	train	train	KEPT		18	1	0.186													False				NOT_AUDITED	server stage paths were not provided
6HC5	False	2019-02-20	train	train	KEPT		18	1	0.167													False				NOT_AUDITED	server stage paths were not provided
6HMI	False	2019-08-14	train		EXCLUDE_MULTI_RNA_CHAIN	RNA_CHAIN_COUNT=2; required exactly 1	22	2	1.591																	NOT_ASSIGNED	see FINAL_STATUS and EXCLUSION_REASON
6HMO	False	2019-08-14	train		EXCLUDE_MULTI_RNA_CHAIN	RNA_CHAIN_COUNT=2; required exactly 1	22	2	2.888																	NOT_ASSIGNED	see FINAL_STATUS and EXCLUSION_REASON
6HU6	False	2018-11-21	train		EXCLUDE_MULTI_RNA_CHAIN	RNA_CHAIN_COUNT=4; required exactly 1	57	4	0.234																	NOT_ASSIGNED	see FINAL_STATUS and EXCLUSION_REASON
6HYK	False	2019-04-24	train	train	KEPT		31	1	4.013													False				NOT_AUDITED	server stage paths were not provided
6I1V	False	2019-11-20	train		EXCLUDE_MULTI_RNA_CHAIN	RNA_CHAIN_COUNT=2; required exactly 1	18	2	0.866																	NOT_ASSIGNED	see FINAL_STATUS and EXCLUSION_REASON
6I1W	False	2019-11-20	train		EXCLUDE_MULTI_RNA_CHAIN	RNA_CHAIN_COUNT=2; required exactly 1	18	2	0.875																	NOT_ASSIGNED	see FINAL_STATUS and EXCLUSION_REASON
6IA2	False	2019-03-27	train		EXCLUDE_MULTI_RNA_CHAIN	RNA_CHAIN_COUNT=2; required exactly 1	38	2	0.449																	NOT_ASSIGNED	see FINAL_STATUS and EXCLUSION_REASON
6IZP	False	2019-12-25	train	train	KEPT		29	1	9.57													False				NOT_AUDITED	server stage paths were not provided
6JBF	False	2020-01-29	train		EXCLUDE_MULTI_RNA_CHAIN	RNA_CHAIN_COUNT=4; required exactly 1	92	4	15.655																	NOT_ASSIGNED	see FINAL_STATUS and EXCLUSION_REASON
6JBG	False	2020-01-29	train		EXCLUDE_MULTI_RNA_CHAIN	RNA_CHAIN_COUNT=4; required exactly 1	90	4	15.778																	NOT_ASSIGNED	see FINAL_STATUS and EXCLUSION_REASON
6JJH	False	2020-02-26	train	train	KEPT		14	1	1.674													False				NOT_AUDITED	server stage paths were not provided
6JJI	False	2020-02-26	train	train	KEPT		14	1	1.386													False				NOT_AUDITED	server stage paths were not provided
6JQ5	False	2019-06-12	train		EXCLUDE_MULTI_RNA_CHAIN	RNA_CHAIN_COUNT=2; required exactly 1	164	2	20.707																	NOT_ASSIGNED	see FINAL_STATUS and EXCLUSION_REASON
6JQ6	False	2019-06-12	train	train	KEPT		81	1	14.293													False				NOT_AUDITED	server stage paths were not provided
6JXM	False	2019-08-21	train	train	KEPT		97	1	4.592													False				NOT_AUDITED	server stage paths were not provided
6K84	False	2020-04-01	train	train	KEPT		25	1	11.868													False				NOT_AUDITED	server stage paths were not provided
6L0Y	False	2020-09-30	train		EXCLUDE_MULTI_RNA_CHAIN	RNA_CHAIN_COUNT=2; required exactly 1	44	2	30.027																	NOT_ASSIGNED	see FINAL_STATUS and EXCLUSION_REASON
6MCI	False	2018-10-31	train	train	KEPT		57	1	6.822													False				NOT_AUDITED	server stage paths were not provided
6MJ0	False	2019-01-09	train		EXCLUDE_MULTI_RNA_CHAIN	RNA_CHAIN_COUNT=2; required exactly 1	208	2	32.584																	NOT_ASSIGNED	see FINAL_STATUS and EXCLUSION_REASON
6MXQ	False	2020-05-06	train		EXCLUDE_TRAIN_RMSD_CUTOFF	strict rank-1 RMSD 16.583 A > 15 A	49	1	16.583																	NOT_ASSIGNED	see FINAL_STATUS and EXCLUSION_REASON
6N2V	False	2019-10-02	train		EXCLUDE_MULTI_RNA_CHAIN	RNA_CHAIN_COUNT=2; required exactly 1	198	2	38.549																	NOT_ASSIGNED	see FINAL_STATUS and EXCLUSION_REASON
6N5K	False	2019-11-27	train	train	KEPT		125	1	0.363													False				NOT_AUDITED	server stage paths were not provided
6N5N	False	2019-11-27	train	train	KEPT		125	1	0.457													False				NOT_AUDITED	server stage paths were not provided
6N5O	False	2019-11-27	train	train	KEPT		126	1	0.812													False				NOT_AUDITED	server stage paths were not provided
6N5P	False	2019-11-27	train	train	KEPT		127	1	0.625													False				NOT_AUDITED	server stage paths were not provided
6N5Q	False	2019-11-27	train	train	KEPT		128	1	0.497													False				NOT_AUDITED	server stage paths were not provided
6N5S	False	2019-11-27	train	train	KEPT		123	1	0.475													False				NOT_AUDITED	server stage paths were not provided
6N5T	False	2019-11-27	train	train	KEPT		126	1	0.344													False				NOT_AUDITED	server stage paths were not provided
6N8F	False	2019-02-13	train		EXCLUDE_MULTI_RNA_CHAIN	RNA_CHAIN_COUNT=2; required exactly 1	24	2	3.535																	NOT_ASSIGNED	see FINAL_STATUS and EXCLUSION_REASON
6N8H	False	2019-02-13	train		EXCLUDE_MULTI_RNA_CHAIN	RNA_CHAIN_COUNT=2; required exactly 1	20	2	3.479																	NOT_ASSIGNED	see FINAL_STATUS and EXCLUSION_REASON
6N8I	False	2019-02-13	train		EXCLUDE_MULTI_RNA_CHAIN	RNA_CHAIN_COUNT=2; required exactly 1	24	2	3.002																	NOT_ASSIGNED	see FINAL_STATUS and EXCLUSION_REASON
6NOA	False	2020-07-22	train	train	KEPT		56	1	3.652													False				NOT_AUDITED	server stage paths were not provided
6OD9	False	2019-07-17	train		EXCLUDE_MULTI_RNA_CHAIN	RNA_CHAIN_COUNT=2; required exactly 1	150	2	23.465																	NOT_ASSIGNED	see FINAL_STATUS and EXCLUSION_REASON
6OL3	False	2019-07-03	train		EXCLUDE_TRAIN_RMSD_CUTOFF	strict rank-1 RMSD 19.068 A > 15 A	112	1	19.068																	NOT_ASSIGNED	see FINAL_STATUS and EXCLUSION_REASON
6OWL	False	2020-02-26	train		EXCLUDE_MULTI_RNA_CHAIN	RNA_CHAIN_COUNT=3; required exactly 1	18	3	12.474																	NOT_ASSIGNED	see FINAL_STATUS and EXCLUSION_REASON
6P2H	False	2019-10-23	train	train	KEPT		69	1	0.239													False				NOT_AUDITED	server stage paths were not provided
6PK9	False	2020-07-01	train	train	KEPT		20	1	3.575													False				NOT_AUDITED	server stage paths were not provided
6PMO	False	2019-11-20	train		EXCLUDE_MULTI_RNA_CHAIN	RNA_CHAIN_COUNT=2; required exactly 1	141	2	2.9																	NOT_ASSIGNED	see FINAL_STATUS and EXCLUSION_REASON
6POM	False	2019-11-20	train		EXCLUDE_MULTI_RNA_CHAIN	RNA_CHAIN_COUNT=2; required exactly 1	244	2	3.222																	NOT_ASSIGNED	see FINAL_STATUS and EXCLUSION_REASON
6PQ7	False	2019-07-31	train	train	KEPT		37	1	0.311													False				NOT_AUDITED	server stage paths were not provided
6PRV	False	2020-01-08	train		EXCLUDE_MULTI_RNA_CHAIN	RNA_CHAIN_COUNT=4; required exactly 1	232	4	24.278																	NOT_ASSIGNED	see FINAL_STATUS and EXCLUSION_REASON
6Q57	False	2019-12-18	train	train	KEPT		89	1	0.584													False				NOT_AUDITED	server stage paths were not provided
6Q8V	False	2019-07-03	train	train	KEPT		19	1	1.721													False				NOT_AUDITED	server stage paths were not provided
6QIQ	False	2019-09-25	train		EXCLUDE_MULTI_RNA_CHAIN	RNA_CHAIN_COUNT=2; required exactly 1	16	2	0.711																	NOT_ASSIGNED	see FINAL_STATUS and EXCLUSION_REASON
6QIR	False	2019-09-25	train		EXCLUDE_MULTI_RNA_CHAIN	RNA_CHAIN_COUNT=4; required exactly 1	32	4	11.708																	NOT_ASSIGNED	see FINAL_STATUS and EXCLUSION_REASON
6QIS	False	2019-09-25	train		EXCLUDE_MULTI_RNA_CHAIN	RNA_CHAIN_COUNT=8; required exactly 1	64	8	21.32																	NOT_ASSIGNED	see FINAL_STATUS and EXCLUSION_REASON
6QIT	False	2019-09-25	train		EXCLUDE_MULTI_RNA_CHAIN	RNA_CHAIN_COUNT=4; required exactly 1	32	4	12.284																	NOT_ASSIGNED	see FINAL_STATUS and EXCLUSION_REASON
6QIV	False	2019-09-25	train	train	KEPT		8	1	4.727													False				NOT_AUDITED	server stage paths were not provided
6QN3	False	2019-06-12	train		EXCLUDE_MULTI_RNA_CHAIN	RNA_CHAIN_COUNT=2; required exactly 1	100	2	1.05																	NOT_ASSIGNED	see FINAL_STATUS and EXCLUSION_REASON
6QYZ	False	2019-06-12	train		EXCLUDE_MULTI_RNA_CHAIN	RNA_CHAIN_COUNT=5; required exactly 1	600	5	3.648																	NOT_ASSIGNED	see FINAL_STATUS and EXCLUSION_REASON
6R47	False	2019-07-03	train		EXCLUDE_MULTI_RNA_CHAIN	RNA_CHAIN_COUNT=2; required exactly 1	65	2	0.259																	NOT_ASSIGNED	see FINAL_STATUS and EXCLUSION_REASON
6SVS	False	2020-01-01	train		EXCLUDE_MULTI_RNA_CHAIN	RNA_CHAIN_COUNT=2; required exactly 1	154	2	27.802																	NOT_ASSIGNED	see FINAL_STATUS and EXCLUSION_REASON
6T3K	False	2020-05-13	train		EXCLUDE_MULTI_RNA_CHAIN	RNA_CHAIN_COUNT=2; required exactly 1	398	2	0.854																	NOT_ASSIGNED	see FINAL_STATUS and EXCLUSION_REASON
6T3N	False	2020-05-13	train	train	KEPT		398	1	1.159													False				NOT_AUDITED	server stage paths were not provided
6T3R	False	2020-05-13	train		EXCLUDE_MULTI_RNA_CHAIN	RNA_CHAIN_COUNT=2; required exactly 1	398	2	0.76																	NOT_ASSIGNED	see FINAL_STATUS and EXCLUSION_REASON
6T3S	False	2020-05-13	train	train	KEPT		398	1	1.086													False				NOT_AUDITED	server stage paths were not provided
6TB7	False	2020-09-30	train	train	KEPT		52	1	0.273													False				NOT_AUDITED	server stage paths were not provided
6TF0	False	2020-09-23	train	train	KEPT		52	1	0.421													False				NOT_AUDITED	server stage paths were not provided
6TF1	False	2020-09-23	train	train	KEPT		52	1	0.254													False				NOT_AUDITED	server stage paths were not provided
6TF2	False	2020-09-23	train	train	KEPT		52	1	0.248													False				NOT_AUDITED	server stage paths were not provided
6TF3	False	2020-09-23	train	train	KEPT		52	1	0.372													False				NOT_AUDITED	server stage paths were not provided
6TFE	False	2020-09-23	train	train	KEPT		52	1	0.193													False				NOT_AUDITED	server stage paths were not provided
6TFF	False	2020-09-23	train	train	KEPT		52	1	0.303													False				NOT_AUDITED	server stage paths were not provided
6TFG	False	2020-09-23	train	train	KEPT		52	1	0.236													False				NOT_AUDITED	server stage paths were not provided
6TFH	False	2020-09-23	train	train	KEPT		52	1	0.402													False				NOT_AUDITED	server stage paths were not provided
6TNA	False	1979-01-16	train	train	KEPT		76	1	1.709													False				NOT_AUDITED	server stage paths were not provided
6U6J	False	2019-11-20	train		EXCLUDE_MULTI_RNA_CHAIN	RNA_CHAIN_COUNT=2; required exactly 1	30	2	0.313																	NOT_ASSIGNED	see FINAL_STATUS and EXCLUSION_REASON
6U79	False	2020-08-26	train	train	KEPT		37	1	5.241													False				NOT_AUDITED	server stage paths were not provided
6U7Y	False	2020-12-09	train		EXCLUDE_MULTI_RNA_CHAIN	RNA_CHAIN_COUNT=2; required exactly 1	34	2	0.216																	NOT_ASSIGNED	see FINAL_STATUS and EXCLUSION_REASON
6U7Z	False	2020-12-09	train		EXCLUDE_MULTI_RNA_CHAIN	RNA_CHAIN_COUNT=2; required exactly 1	34	2	0.31																	NOT_ASSIGNED	see FINAL_STATUS and EXCLUSION_REASON
6U89	False	2020-12-09	train		EXCLUDE_MULTI_RNA_CHAIN	RNA_CHAIN_COUNT=2; required exactly 1	14	2	0.367																	NOT_ASSIGNED	see FINAL_STATUS and EXCLUSION_REASON
6U8F	False	2020-12-09	train		EXCLUDE_MULTI_RNA_CHAIN	RNA_CHAIN_COUNT=2; required exactly 1	34	2	0.192																	NOT_ASSIGNED	see FINAL_STATUS and EXCLUSION_REASON
6U8U	False	2020-12-09	train		EXCLUDE_MULTI_RNA_CHAIN	RNA_CHAIN_COUNT=2; required exactly 1	28	2	0.573																	NOT_ASSIGNED	see FINAL_STATUS and EXCLUSION_REASON
6UBU	False	2020-07-22	train	train	KEPT		67	1	0.355													False				NOT_AUDITED	server stage paths were not provided
6UC7	False	2020-07-22	train	train	KEPT		67	1	0.615													False				NOT_AUDITED	server stage paths were not provided
6UC8	False	2020-07-22	train	train	KEPT		67	1	0.332													False				NOT_AUDITED	server stage paths were not provided
6UC9	False	2020-07-22	train	train	KEPT		67	1	0.265													False				NOT_AUDITED	server stage paths were not provided
6UES	False	2019-12-18	train	train	KEPT		119	1	2.536													False				NOT_AUDITED	server stage paths were not provided
6UET	False	2019-12-18	train	train	KEPT		119	1	1.559													False				NOT_AUDITED	server stage paths were not provided
6UEY	False	2019-12-18	train		EXCLUDE_MULTI_RNA_CHAIN	RNA_CHAIN_COUNT=4; required exactly 1	130	4	22.499																	NOT_ASSIGNED	see FINAL_STATUS and EXCLUSION_REASON
6UF1	False	2019-12-18	train		EXCLUDE_MULTI_RNA_CHAIN	RNA_CHAIN_COUNT=4; required exactly 1	130	4	18.196																	NOT_ASSIGNED	see FINAL_STATUS and EXCLUSION_REASON
6UFG	False	2019-11-20	train		EXCLUDE_MULTI_RNA_CHAIN	RNA_CHAIN_COUNT=2; required exactly 1	243	2	3.763																	NOT_ASSIGNED	see FINAL_STATUS and EXCLUSION_REASON
6UFH	False	2019-11-20	train		EXCLUDE_MULTI_RNA_CHAIN	RNA_CHAIN_COUNT=2; required exactly 1	244	2	3.05																	NOT_ASSIGNED	see FINAL_STATUS and EXCLUSION_REASON
6UFJ	False	2019-12-18	train		EXCLUDE_MULTI_RNA_CHAIN	RNA_CHAIN_COUNT=6; required exactly 1	132	6	18.164																	NOT_ASSIGNED	see FINAL_STATUS and EXCLUSION_REASON
6UFK	False	2019-12-18	train		EXCLUDE_MULTI_RNA_CHAIN	RNA_CHAIN_COUNT=6; required exactly 1	132	6	18.216																	NOT_ASSIGNED	see FINAL_STATUS and EXCLUSION_REASON
6UFM	False	2019-12-04	train		EXCLUDE_MULTI_RNA_CHAIN	RNA_CHAIN_COUNT=2; required exactly 1	175	2	1.182																	NOT_ASSIGNED	see FINAL_STATUS and EXCLUSION_REASON
6UGG	False	2020-01-01	train		EXCLUDE_MULTI_RNA_CHAIN	RNA_CHAIN_COUNT=2; required exactly 1	154	2	15.42																	NOT_ASSIGNED	see FINAL_STATUS and EXCLUSION_REASON
6UGI	False	2020-01-01	train	train	KEPT		31	1	0.298													False				NOT_AUDITED	server stage paths were not provided
6UGJ	False	2020-01-01	train	train	KEPT		31	1	0.963													False				NOT_AUDITED	server stage paths were not provided
6UP0	False	2020-10-21	train		EXCLUDE_MULTI_RNA_CHAIN	RNA_CHAIN_COUNT=2; required exactly 1	76	2	18.076																	NOT_ASSIGNED	see FINAL_STATUS and EXCLUSION_REASON
6V9B	False	2020-05-20	train		EXCLUDE_MULTI_RNA_CHAIN	RNA_CHAIN_COUNT=2; required exactly 1	56	2	1.004																	NOT_ASSIGNED	see FINAL_STATUS and EXCLUSION_REASON
6V9D	False	2020-05-20	train		EXCLUDE_MULTI_RNA_CHAIN	RNA_CHAIN_COUNT=2; required exactly 1	56	2	0.959																	NOT_ASSIGNED	see FINAL_STATUS and EXCLUSION_REASON
6VA1	False	2020-05-20	train		EXCLUDE_MULTI_RNA_CHAIN	RNA_CHAIN_COUNT=2; required exactly 1	21	2	2.909																	NOT_ASSIGNED	see FINAL_STATUS and EXCLUSION_REASON
6VA2	False	2020-05-20	train		EXCLUDE_MULTI_RNA_CHAIN	RNA_CHAIN_COUNT=2; required exactly 1	21	2	4.584																	NOT_ASSIGNED	see FINAL_STATUS and EXCLUSION_REASON
6VA3	False	2020-05-20	train		EXCLUDE_MULTI_RNA_CHAIN	RNA_CHAIN_COUNT=2; required exactly 1	21	2	2.812																	NOT_ASSIGNED	see FINAL_STATUS and EXCLUSION_REASON
6VA4	False	2020-05-20	train		EXCLUDE_MULTI_RNA_CHAIN	RNA_CHAIN_COUNT=2; required exactly 1	21	2	1.186																	NOT_ASSIGNED	see FINAL_STATUS and EXCLUSION_REASON
6VAR	False	2020-12-30	train		EXCLUDE_TRAIN_RMSD_CUTOFF	strict rank-1 RMSD 16.402 A > 15 A	61	1	16.402																	NOT_ASSIGNED	see FINAL_STATUS and EXCLUSION_REASON
6VEM	False	2020-11-18	train		EXCLUDE_MULTI_RNA_CHAIN	RNA_CHAIN_COUNT=2; required exactly 1	16	2	0.146																	NOT_ASSIGNED	see FINAL_STATUS and EXCLUSION_REASON
6VMY	False	2020-06-10	train	train	KEPT		148	1	2.083													False				NOT_AUDITED	server stage paths were not provided
6VU1	False	2020-04-29	train	train	KEPT		34	1	2.252													False				NOT_AUDITED	server stage paths were not provided
6VUH	False	2020-06-24	train	train	KEPT		33	1	1.572													False				NOT_AUDITED	server stage paths were not provided
6VUI	False	2020-06-24	train	train	KEPT		33	1	0.795													False				NOT_AUDITED	server stage paths were not provided
6VVJ	False	2020-04-29	train	train	KEPT		130	1	10.71													False				NOT_AUDITED	server stage paths were not provided
6VWT	False	2020-11-11	train		EXCLUDE_MULTI_RNA_CHAIN	RNA_CHAIN_COUNT=2; required exactly 1	142	2	30.042																	NOT_ASSIGNED	see FINAL_STATUS and EXCLUSION_REASON
6VWV	False	2020-11-11	train		EXCLUDE_MULTI_RNA_CHAIN	RNA_CHAIN_COUNT=2; required exactly 1	142	2	31.975																	NOT_ASSIGNED	see FINAL_STATUS and EXCLUSION_REASON
6VZC	False	2020-09-02	train	train	KEPT		28	1	2.074													False				NOT_AUDITED	server stage paths were not provided
6W3M	False	2020-09-23	train	train	KEPT		41	1	2.564													False				NOT_AUDITED	server stage paths were not provided
6WJR	False	2020-09-02	train	train	KEPT		112	1	2.753													False				NOT_AUDITED	server stage paths were not provided
6WJS	False	2020-09-02	train	train	KEPT		112	1	2.653													False				NOT_AUDITED	server stage paths were not provided
6WLJ	False	2020-07-08	train	train	KEPT		130	1	9.826													False				NOT_AUDITED	server stage paths were not provided
6WLK	False	2020-07-08	train	train	KEPT		130	1	9.896													False				NOT_AUDITED	server stage paths were not provided
6WLL	False	2020-07-08	train	train	KEPT		171	1	3.794													False				NOT_AUDITED	server stage paths were not provided
6WLM	False	2020-07-08	train	train	KEPT		171	1	2.712													False				NOT_AUDITED	server stage paths were not provided
6WLN	False	2020-07-08	train		EXCLUDE_TRAIN_RMSD_CUTOFF	strict rank-1 RMSD 41.359 A > 15 A	349	1	41.359																	NOT_ASSIGNED	see FINAL_STATUS and EXCLUSION_REASON
6WLO	False	2020-07-08	train		EXCLUDE_TRAIN_RMSD_CUTOFF	strict rank-1 RMSD 38.911 A > 15 A	338	1	38.911																	NOT_ASSIGNED	see FINAL_STATUS and EXCLUSION_REASON
6WLQ	False	2020-07-08	train	train	KEPT		119	1	3.782													False				NOT_AUDITED	server stage paths were not provided
6WLR	False	2020-07-08	train	train	KEPT		119	1	2.531													False				NOT_AUDITED	server stage paths were not provided
6WLS	False	2020-07-08	train	train	KEPT		388	1	4.579													False				NOT_AUDITED	server stage paths were not provided
6WLT	False	2020-07-08	train	train	KEPT		231	1	6.629													False				NOT_AUDITED	server stage paths were not provided
6WLU	False	2020-07-08	train	train	KEPT		231	1	7.118													False				NOT_AUDITED	server stage paths were not provided
6WTL	False	2021-05-05	train	train	KEPT		124	1	0.369													False				NOT_AUDITED	server stage paths were not provided
6WTR	False	2021-05-05	train	train	KEPT		125	1	0.526													False				NOT_AUDITED	server stage paths were not provided
6WY2	False	2020-09-02	train		EXCLUDE_MULTI_RNA_CHAIN	RNA_CHAIN_COUNT=5; required exactly 1	50	5	11.408																	NOT_ASSIGNED	see FINAL_STATUS and EXCLUSION_REASON
6WY3	False	2020-09-02	train		EXCLUDE_MULTI_RNA_CHAIN	RNA_CHAIN_COUNT=4; required exactly 1	40	4	3.132																	NOT_ASSIGNED	see FINAL_STATUS and EXCLUSION_REASON
6WZR	False	2021-03-24	train		EXCLUDE_MULTI_RNA_CHAIN	RNA_CHAIN_COUNT=2; required exactly 1	150	2	22.6																	NOT_ASSIGNED	see FINAL_STATUS and EXCLUSION_REASON
6WZS	False	2021-03-24	train		EXCLUDE_MULTI_RNA_CHAIN	RNA_CHAIN_COUNT=2; required exactly 1	150	2	21.664																	NOT_ASSIGNED	see FINAL_STATUS and EXCLUSION_REASON
6XB7	False	2020-09-02	train	train	KEPT		41	1	14.714													False				NOT_AUDITED	server stage paths were not provided
6XKN	False	2021-12-29	val	val	KEPT		101	1	10.873													False				NOT_AUDITED	server stage paths were not provided
6XKO	False	2021-12-29	val	val	KEPT		101	1	6.295													False				NOT_AUDITED	server stage paths were not provided
6XRQ	False	2021-07-28	train		EXCLUDE_MULTI_RNA_CHAIN	RNA_CHAIN_COUNT=2; required exactly 1	28	2	0.814																	NOT_ASSIGNED	see FINAL_STATUS and EXCLUSION_REASON
6XRZ	False	2020-08-19	train	train	KEPT		88	1	14.511													False				NOT_AUDITED	server stage paths were not provided
6XUR	False	2020-02-19	train	train	KEPT		12	1	9.002													False				NOT_AUDITED	server stage paths were not provided
6XUS	False	2021-02-03	train	train	KEPT		12	1	9.3													False				NOT_AUDITED	server stage paths were not provided
6XWJ	False	2020-05-27	train	train	KEPT		21	1	1.613													False				NOT_AUDITED	server stage paths were not provided
6XWW	False	2020-05-27	train	train	KEPT		19	1	1.711													False				NOT_AUDITED	server stage paths were not provided
6XXA	False	2020-05-27	train	train	KEPT		21	1	4.652													False				NOT_AUDITED	server stage paths were not provided
6XXB	False	2020-05-27	train	train	KEPT		19	1	2.135													False				NOT_AUDITED	server stage paths were not provided
6Y0T	False	2021-02-17	train		EXCLUDE_MULTI_RNA_CHAIN	RNA_CHAIN_COUNT=2; required exactly 1	54	2	9.066																	NOT_ASSIGNED	see FINAL_STATUS and EXCLUSION_REASON
6Y0Y	False	2021-02-17	train	train	KEPT		27	1	0.559													False				NOT_AUDITED	server stage paths were not provided
6Y3G	False	2020-12-30	train	train	KEPT		76	1	1.099													False				NOT_AUDITED	server stage paths were not provided
6YL5	False	2020-07-22	train		EXCLUDE_MULTI_RNA_CHAIN	RNA_CHAIN_COUNT=12; required exactly 1	420	12	15.273																	NOT_ASSIGNED	see FINAL_STATUS and EXCLUSION_REASON
6YLB	False	2020-07-22	train		EXCLUDE_MULTI_RNA_CHAIN	RNA_CHAIN_COUNT=12; required exactly 1	210	12	22.969																	NOT_ASSIGNED	see FINAL_STATUS and EXCLUSION_REASON
6YMC	False	2022-04-20	val		EXCLUDE_MULTI_RNA_CHAIN	RNA_CHAIN_COUNT=2; required exactly 1	52	2	23.607																	NOT_ASSIGNED	see FINAL_STATUS and EXCLUSION_REASON
6YMI	False	2020-07-22	train		EXCLUDE_MULTI_RNA_CHAIN	RNA_CHAIN_COUNT=12; required exactly 1	210	12	29.484																	NOT_ASSIGNED	see FINAL_STATUS and EXCLUSION_REASON
6YMJ	False	2020-07-22	train		EXCLUDE_MULTI_RNA_CHAIN	RNA_CHAIN_COUNT=12; required exactly 1	210	12	28.143																	NOT_ASSIGNED	see FINAL_STATUS and EXCLUSION_REASON
6YMK	False	2020-07-22	train		EXCLUDE_MULTI_RNA_CHAIN	RNA_CHAIN_COUNT=12; required exactly 1	210	12	28.137																	NOT_ASSIGNED	see FINAL_STATUS and EXCLUSION_REASON
6YML	False	2020-07-22	train		EXCLUDE_MULTI_RNA_CHAIN	RNA_CHAIN_COUNT=4; required exactly 1	70	4	16.69																	NOT_ASSIGNED	see FINAL_STATUS and EXCLUSION_REASON
6YMM	False	2020-07-22	train		EXCLUDE_MULTI_RNA_CHAIN	RNA_CHAIN_COUNT=4; required exactly 1	70	4	17.192																	NOT_ASSIGNED	see FINAL_STATUS and EXCLUSION_REASON
6Z18	False	2020-09-02	train		EXCLUDE_MULTI_RNA_CHAIN	RNA_CHAIN_COUNT=2; required exactly 1	20	2	1.01																	NOT_ASSIGNED	see FINAL_STATUS and EXCLUSION_REASON
6ZPF	False	2021-05-26	train		EXCLUDE_MULTI_RNA_CHAIN	RNA_CHAIN_COUNT=4; required exactly 1	32	4	6.163																	NOT_ASSIGNED	see FINAL_STATUS and EXCLUSION_REASON
6ZQ9	False	2021-05-26	train		EXCLUDE_MULTI_RNA_CHAIN	RNA_CHAIN_COUNT=4; required exactly 1	32	4	6.148																	NOT_ASSIGNED	see FINAL_STATUS and EXCLUSION_REASON
6ZR1	False	2021-05-26	train		EXCLUDE_MULTI_RNA_CHAIN	RNA_CHAIN_COUNT=4; required exactly 1	32	4	6.126																	NOT_ASSIGNED	see FINAL_STATUS and EXCLUSION_REASON
6ZRL	False	2021-05-26	train		EXCLUDE_MULTI_RNA_CHAIN	RNA_CHAIN_COUNT=4; required exactly 1	32	4	5.747																	NOT_ASSIGNED	see FINAL_STATUS and EXCLUSION_REASON
6ZRS	False	2021-05-26	train		EXCLUDE_MULTI_RNA_CHAIN	RNA_CHAIN_COUNT=4; required exactly 1	32	4	6.138																	NOT_ASSIGNED	see FINAL_STATUS and EXCLUSION_REASON
6ZW3	False	2021-05-26	train		EXCLUDE_MULTI_RNA_CHAIN	RNA_CHAIN_COUNT=4; required exactly 1	32	4	5.748																	NOT_ASSIGNED	see FINAL_STATUS and EXCLUSION_REASON
6ZWU	False	2021-05-26	train		EXCLUDE_MULTI_RNA_CHAIN	RNA_CHAIN_COUNT=4; required exactly 1	32	4	5.763																	NOT_ASSIGNED	see FINAL_STATUS and EXCLUSION_REASON
6ZX5	False	2021-05-26	train		EXCLUDE_MULTI_RNA_CHAIN	RNA_CHAIN_COUNT=4; required exactly 1	32	4	6.147																	NOT_ASSIGNED	see FINAL_STATUS and EXCLUSION_REASON
6ZX8	False	2021-05-26	train		EXCLUDE_MULTI_RNA_CHAIN	RNA_CHAIN_COUNT=4; required exactly 1	32	4	6.149																	NOT_ASSIGNED	see FINAL_STATUS and EXCLUSION_REASON
6ZXZ	False	2020-12-16	train		EXCLUDE_MULTI_RNA_CHAIN	RNA_CHAIN_COUNT=3; required exactly 1	78	3	15.091																	NOT_ASSIGNED	see FINAL_STATUS and EXCLUSION_REASON
6ZYB	False	2020-12-16	train	train	KEPT		27	1	0.291													False				NOT_AUDITED	server stage paths were not provided
7A3Y	False	2021-03-10	train		EXCLUDE_MULTI_RNA_CHAIN	RNA_CHAIN_COUNT=2; required exactly 1	25	2	4.681																	NOT_ASSIGNED	see FINAL_STATUS and EXCLUSION_REASON
7A9L	False	2021-05-26	train		EXCLUDE_MULTI_RNA_CHAIN	RNA_CHAIN_COUNT=4; required exactly 1	32	4	5.778																	NOT_ASSIGNED	see FINAL_STATUS and EXCLUSION_REASON
7A9N	False	2021-05-26	train		EXCLUDE_MULTI_RNA_CHAIN	RNA_CHAIN_COUNT=4; required exactly 1	32	4	6.152																	NOT_ASSIGNED	see FINAL_STATUS and EXCLUSION_REASON
7A9O	False	2021-05-26	train		EXCLUDE_MULTI_RNA_CHAIN	RNA_CHAIN_COUNT=4; required exactly 1	32	4	6.138																	NOT_ASSIGNED	see FINAL_STATUS and EXCLUSION_REASON
7A9P	False	2021-05-26	train		EXCLUDE_MULTI_RNA_CHAIN	RNA_CHAIN_COUNT=4; required exactly 1	32	4	5.73																	NOT_ASSIGNED	see FINAL_STATUS and EXCLUSION_REASON
7A9Q	False	2021-05-26	train		EXCLUDE_MULTI_RNA_CHAIN	RNA_CHAIN_COUNT=4; required exactly 1	32	4	6.183																	NOT_ASSIGNED	see FINAL_STATUS and EXCLUSION_REASON
7A9R	False	2021-05-26	train		EXCLUDE_MULTI_RNA_CHAIN	RNA_CHAIN_COUNT=4; required exactly 1	32	4	5.743																	NOT_ASSIGNED	see FINAL_STATUS and EXCLUSION_REASON
7A9S	False	2021-05-26	train		EXCLUDE_MULTI_RNA_CHAIN	RNA_CHAIN_COUNT=4; required exactly 1	32	4	6.157																	NOT_ASSIGNED	see FINAL_STATUS and EXCLUSION_REASON
7A9T	False	2021-05-26	train		EXCLUDE_MULTI_RNA_CHAIN	RNA_CHAIN_COUNT=4; required exactly 1	32	4	6.13																	NOT_ASSIGNED	see FINAL_STATUS and EXCLUSION_REASON
7D12	False	2021-05-12	train	train	KEPT		20	1	3.99													False				NOT_AUDITED	server stage paths were not provided
7D7W	False	2020-11-25	train	train	KEPT		51	1	0.277													False				NOT_AUDITED	server stage paths were not provided
7D7X	False	2020-11-25	train	train	KEPT		51	1	0.213													False				NOT_AUDITED	server stage paths were not provided
7D7Y	False	2020-11-25	train	train	KEPT		51	1	0.29													False				NOT_AUDITED	server stage paths were not provided
7D7Z	False	2020-11-25	train	train	KEPT		51	1	0.309													False				NOT_AUDITED	server stage paths were not provided
7D81	False	2020-11-25	train	train	KEPT		50	1	1.413													False				NOT_AUDITED	server stage paths were not provided
7D82	False	2020-11-25	train	train	KEPT		50	1	1.401													False				NOT_AUDITED	server stage paths were not provided
7DD4	False	2021-06-09	train	train	KEPT		36	1	4.526													False				NOT_AUDITED	server stage paths were not provided
7E9E	False	2021-11-17	val	val	KEPT		33	1	1.15													False				NOT_AUDITED	server stage paths were not provided
7E9I	False	2021-11-17	val	val	KEPT		33	1	0.308													False				NOT_AUDITED	server stage paths were not provided
7EAF	False	2021-06-02	train	train	KEPT		94	1	0.592													False				NOT_AUDITED	server stage paths were not provided
7EAG	False	2021-06-02	train		EXCLUDE_MULTI_RNA_CHAIN	RNA_CHAIN_COUNT=6; required exactly 1	114	6																		NOT_ASSIGNED	see FINAL_STATUS and EXCLUSION_REASON
7ECJ	False	2022-03-16	val		EXCLUDE_MULTI_RNA_CHAIN	RNA_CHAIN_COUNT=3; required exactly 1	36	3	16.988																	NOT_ASSIGNED	see FINAL_STATUS and EXCLUSION_REASON
7ECK	False	2022-03-16	val		EXCLUDE_MULTI_RNA_CHAIN	RNA_CHAIN_COUNT=12; required exactly 1	144	12	17.319																	NOT_ASSIGNED	see FINAL_STATUS and EXCLUSION_REASON
7ECL	False	2022-03-16	val		EXCLUDE_MULTI_RNA_CHAIN	RNA_CHAIN_COUNT=12; required exactly 1	144	12	22.238																	NOT_ASSIGNED	see FINAL_STATUS and EXCLUSION_REASON
7ECM	False	2022-03-16	val		EXCLUDE_MULTI_RNA_CHAIN	RNA_CHAIN_COUNT=4; required exactly 1	48	4	14.649																	NOT_ASSIGNED	see FINAL_STATUS and EXCLUSION_REASON
7ECN	False	2022-03-16	val		EXCLUDE_MULTI_RNA_CHAIN	RNA_CHAIN_COUNT=4; required exactly 1	48	4	3.363																	NOT_ASSIGNED	see FINAL_STATUS and EXCLUSION_REASON
7ECO	False	2022-03-16	val		EXCLUDE_MULTI_RNA_CHAIN	RNA_CHAIN_COUNT=6; required exactly 1	72	6	20.623																	NOT_ASSIGNED	see FINAL_STATUS and EXCLUSION_REASON
7ECP	False	2022-03-16	val		EXCLUDE_MULTI_RNA_CHAIN	RNA_CHAIN_COUNT=4; required exactly 1	48	4	13.98																	NOT_ASSIGNED	see FINAL_STATUS and EXCLUSION_REASON
7EDL	False	2022-03-16	val		EXCLUDE_MULTI_RNA_CHAIN	RNA_CHAIN_COUNT=2; required exactly 1	46	2	0.778																	NOT_ASSIGNED	see FINAL_STATUS and EXCLUSION_REASON
7EDM	False	2022-03-16	val		EXCLUDE_MULTI_RNA_CHAIN	RNA_CHAIN_COUNT=2; required exactly 1	46	2	1.04																	NOT_ASSIGNED	see FINAL_STATUS and EXCLUSION_REASON
7EDN	False	2022-03-16	val	val	KEPT		23	1	18.857													False				NOT_AUDITED	server stage paths were not provided
7EDT	False	2022-03-23	val		EXCLUDE_MULTI_RNA_CHAIN	RNA_CHAIN_COUNT=2; required exactly 1	24	2	1.917																	NOT_ASSIGNED	see FINAL_STATUS and EXCLUSION_REASON
7EDU	False	2022-03-23	val		EXCLUDE_MULTI_RNA_CHAIN	RNA_CHAIN_COUNT=4; required exactly 1	48	4	14.996																	NOT_ASSIGNED	see FINAL_STATUS and EXCLUSION_REASON
7EEM	False	2022-03-23	val	val	KEPT		27	1	0.719													False				NOT_AUDITED	server stage paths were not provided
7EFG	False	2022-04-13	val	val	KEPT		19	1	10.999													False				NOT_AUDITED	server stage paths were not provided
7EFH	False	2022-03-23	val	val	KEPT		19	1	10.274													False				NOT_AUDITED	server stage paths were not provided
7EI7	False	2022-03-30	val		EXCLUDE_MULTI_RNA_CHAIN	RNA_CHAIN_COUNT=2; required exactly 1	38	2	1.85																	NOT_ASSIGNED	see FINAL_STATUS and EXCLUSION_REASON
7EI8	False	2022-03-30	val		EXCLUDE_MULTI_RNA_CHAIN	RNA_CHAIN_COUNT=4; required exactly 1	76	4	2.094																	NOT_ASSIGNED	see FINAL_STATUS and EXCLUSION_REASON
7EI9	False	2022-03-30	val		EXCLUDE_MULTI_RNA_CHAIN	RNA_CHAIN_COUNT=2; required exactly 1	38	2	1.155																	NOT_ASSIGNED	see FINAL_STATUS and EXCLUSION_REASON
7EIA	False	2022-03-30	val		EXCLUDE_MULTI_RNA_CHAIN	RNA_CHAIN_COUNT=8; required exactly 1	152	8	22.964																	NOT_ASSIGNED	see FINAL_STATUS and EXCLUSION_REASON
7ELP	False	2021-06-30	train		EXCLUDE_MULTI_RNA_CHAIN	RNA_CHAIN_COUNT=2; required exactly 1	90	2	34.509																	NOT_ASSIGNED	see FINAL_STATUS and EXCLUSION_REASON
7ELQ	False	2021-06-30	train		EXCLUDE_MULTI_RNA_CHAIN	RNA_CHAIN_COUNT=2; required exactly 1	90	2	34.718																	NOT_ASSIGNED	see FINAL_STATUS and EXCLUSION_REASON
7ELR	False	2021-06-30	train		EXCLUDE_MULTI_RNA_CHAIN	RNA_CHAIN_COUNT=2; required exactly 1	90	2	34.662																	NOT_ASSIGNED	see FINAL_STATUS and EXCLUSION_REASON
7ELS	False	2021-06-30	train		EXCLUDE_MULTI_RNA_CHAIN	RNA_CHAIN_COUNT=2; required exactly 1	90	2	34.642																	NOT_ASSIGNED	see FINAL_STATUS and EXCLUSION_REASON
7EOG	False	2021-11-24	val	val	KEPT		48	1	8.635													False				NOT_AUDITED	server stage paths were not provided
7EOH	False	2021-11-24	val	val	KEPT		49	1	8.483													False				NOT_AUDITED	server stage paths were not provided
7EOI	False	2021-11-24	val	val	KEPT		49	1	7.038													False				NOT_AUDITED	server stage paths were not provided
7EOJ	False	2021-11-24	val	val	KEPT		49	1	7.338													False				NOT_AUDITED	server stage paths were not provided
7EOK	False	2021-11-24	val	val	KEPT		48	1	8.501													False				NOT_AUDITED	server stage paths were not provided
7EOL	False	2021-11-24	val	val	KEPT		48	1	8.516													False				NOT_AUDITED	server stage paths were not provided
7EOM	False	2021-11-24	val	val	KEPT		48	1	8.111													False				NOT_AUDITED	server stage paths were not provided
7EON	False	2021-11-24	val	val	KEPT		48	1	8.512													False				NOT_AUDITED	server stage paths were not provided
7EOO	False	2021-11-24	val	val	KEPT		48	1	8.457													False				NOT_AUDITED	server stage paths were not provided
7EOP	False	2021-11-24	val	val	KEPT		48	1	8.941													False				NOT_AUDITED	server stage paths were not provided
7EQJ	False	2022-01-19	val		EXCLUDE_MULTI_RNA_CHAIN	RNA_CHAIN_COUNT=2; required exactly 1	152	2	21.888																	NOT_ASSIGNED	see FINAL_STATUS and EXCLUSION_REASON
7EXY	False	2022-03-02	val	val	KEPT		16	1	4.233													False				NOT_AUDITED	server stage paths were not provided
7EZ0	False	2021-08-25	train	train	KEPT		387	1	2.959													False				NOT_AUDITED	server stage paths were not provided
7EZ2	False	2021-08-25	train		EXCLUDE_MULTI_RNA_CHAIN	RNA_CHAIN_COUNT=3; required exactly 1	406	3																		NOT_ASSIGNED	see FINAL_STATUS and EXCLUSION_REASON
7F8Z	False	2022-07-06	val		EXCLUDE_MULTI_RNA_CHAIN	RNA_CHAIN_COUNT=10; required exactly 1	190	10	20.063																	NOT_ASSIGNED	see FINAL_STATUS and EXCLUSION_REASON
7FHI	False	2021-12-01	val	val	KEPT		20	1	2.745													False				NOT_AUDITED	server stage paths were not provided
7FJ0	False	2021-12-01	val	val	KEPT		20	1	4.317													False				NOT_AUDITED	server stage paths were not provided
7JJD	False	2020-12-23	train	train	KEPT		27	1	0.395													False				NOT_AUDITED	server stage paths were not provided
7JJE	False	2020-12-23	train	train	KEPT		27	1	0.388													False				NOT_AUDITED	server stage paths were not provided
7JJF	False	2020-12-23	train	train	KEPT		27	1	0.448													False				NOT_AUDITED	server stage paths were not provided
7JJU	False	2020-09-09	train		EXCLUDE_MULTI_RNA_CHAIN	RNA_CHAIN_COUNT=2; required exactly 1	102	2	0.314																	NOT_ASSIGNED	see FINAL_STATUS and EXCLUSION_REASON
7JNH	False	2021-01-20	train		EXCLUDE_MULTI_RNA_CHAIN	RNA_CHAIN_COUNT=2; required exactly 1	114	2	8.149																	NOT_ASSIGNED	see FINAL_STATUS and EXCLUSION_REASON
7JRR	False	2021-09-08	train	train	KEPT		51	1	11.288													False				NOT_AUDITED	server stage paths were not provided
7JRS	False	2021-09-08	train		EXCLUDE_MULTI_RNA_CHAIN	RNA_CHAIN_COUNT=2; required exactly 1	258	2	3.828																	NOT_ASSIGNED	see FINAL_STATUS and EXCLUSION_REASON
7JRT	False	2021-09-08	train		EXCLUDE_MULTI_RNA_CHAIN	RNA_CHAIN_COUNT=2; required exactly 1	268	2	4.179																	NOT_ASSIGNED	see FINAL_STATUS and EXCLUSION_REASON
7JU1	False	2020-10-07	train	train	KEPT		29	1	3.653													False				NOT_AUDITED	server stage paths were not provided
7K16	False	2020-10-14	train	train	KEPT		51	1	1.181													False				NOT_AUDITED	server stage paths were not provided
7K4L	False	2021-09-29	train	train	KEPT		36	1	6.818													False				NOT_AUDITED	server stage paths were not provided
7KD1	False	2021-03-03	train	train	KEPT		89	1	3.554													False				NOT_AUDITED	server stage paths were not provided
7KGA	False	2021-06-23	train		EXCLUDE_MULTI_RNA_CHAIN	RNA_CHAIN_COUNT=2; required exactly 1	180	2	32.179																	NOT_ASSIGNED	see FINAL_STATUS and EXCLUSION_REASON
7KJU	False	2020-12-02	train	train	KEPT		77	1	0.984													False				NOT_AUDITED	server stage paths were not provided
7KUB	False	2022-06-01	val	val	KEPT		60	1	18.447													False				NOT_AUDITED	server stage paths were not provided
7KUC	False	2022-06-01	val	val	KEPT		16	1	2.177													False				NOT_AUDITED	server stage paths were not provided
7KUD	False	2022-06-01	val	val	KEPT		13	1	0.96													False				NOT_AUDITED	server stage paths were not provided
7KUK	False	2021-09-08	train		EXCLUDE_MULTI_RNA_CHAIN	RNA_CHAIN_COUNT=2; required exactly 1	28	2	0.261																	NOT_ASSIGNED	see FINAL_STATUS and EXCLUSION_REASON
7KUM	False	2021-09-08	train		EXCLUDE_MULTI_RNA_CHAIN	RNA_CHAIN_COUNT=2; required exactly 1	28	2	0.311																	NOT_ASSIGNED	see FINAL_STATUS and EXCLUSION_REASON
7KUN	False	2021-09-08	train		EXCLUDE_MULTI_RNA_CHAIN	RNA_CHAIN_COUNT=2; required exactly 1	28	2	0.217																	NOT_ASSIGNED	see FINAL_STATUS and EXCLUSION_REASON
7KUO	False	2021-09-08	train		EXCLUDE_MULTI_RNA_CHAIN	RNA_CHAIN_COUNT=2; required exactly 1	28	2	0.653																	NOT_ASSIGNED	see FINAL_STATUS and EXCLUSION_REASON
7KUP	False	2021-09-08	train		EXCLUDE_MULTI_RNA_CHAIN	RNA_CHAIN_COUNT=2; required exactly 1	28	2	0.208																	NOT_ASSIGNED	see FINAL_STATUS and EXCLUSION_REASON
7KVT	False	2022-01-19	val	val	KEPT		83	1	18.383													False				NOT_AUDITED	server stage paths were not provided
7KVU	False	2022-01-19	val	val	KEPT		83	1	10.54													False				NOT_AUDITED	server stage paths were not provided
7KVV	False	2022-01-19	val	val	KEPT		83	1	20.014													False				NOT_AUDITED	server stage paths were not provided
7L0Z	False	2021-05-26	train	train	KEPT		69	1	0.347													False				NOT_AUDITED	server stage paths were not provided
7L3R	False	2021-05-05	train	train	KEPT		27	1	0.411													False				NOT_AUDITED	server stage paths were not provided
7LJY	False	2021-04-14	train		EXCLUDE_MULTI_RNA_CHAIN	RNA_CHAIN_COUNT=2; required exactly 1	104	2	7.069																	NOT_ASSIGNED	see FINAL_STATUS and EXCLUSION_REASON
7LNE	False	2021-09-08	train		EXCLUDE_MULTI_RNA_CHAIN	RNA_CHAIN_COUNT=2; required exactly 1	28	2	0.273																	NOT_ASSIGNED	see FINAL_STATUS and EXCLUSION_REASON
7LNF	False	2021-09-08	train		EXCLUDE_MULTI_RNA_CHAIN	RNA_CHAIN_COUNT=2; required exactly 1	28	2	0.138																	NOT_ASSIGNED	see FINAL_STATUS and EXCLUSION_REASON
7LNG	False	2021-09-08	train		EXCLUDE_MULTI_RNA_CHAIN	RNA_CHAIN_COUNT=2; required exactly 1	28	2	0.444																	NOT_ASSIGNED	see FINAL_STATUS and EXCLUSION_REASON
7LO9	False	2021-12-22	val		EXCLUDE_MULTI_RNA_CHAIN	RNA_CHAIN_COUNT=4; required exactly 1	48	4	12.887																	NOT_ASSIGNED	see FINAL_STATUS and EXCLUSION_REASON
7LVA	False	2021-03-17	train		EXCLUDE_TRAIN_RMSD_CUTOFF	strict rank-1 RMSD 19.803 A > 15 A	103	1	19.803																	NOT_ASSIGNED	see FINAL_STATUS and EXCLUSION_REASON
7LYF	False	2021-05-12	train	train	KEPT		139	1	11.613													False				NOT_AUDITED	server stage paths were not provided
7LYG	False	2021-05-12	train		EXCLUDE_TRAIN_RMSD_CUTOFF	strict rank-1 RMSD 16.456 A > 15 A	142	1	16.456																	NOT_ASSIGNED	see FINAL_STATUS and EXCLUSION_REASON
7LYJ	False	2021-05-26	train	train	KEPT		66	1	0.315													False				NOT_AUDITED	server stage paths were not provided
7M3V	False	2022-03-23	val	val	KEPT		27	1	0.229													False				NOT_AUDITED	server stage paths were not provided
7MKT	False	2022-11-02	val	val	KEPT		23	1	8.445													False				NOT_AUDITED	server stage paths were not provided
7MKY	False	2021-05-26	train	train	KEPT		66	1	0.338													False				NOT_AUDITED	server stage paths were not provided
7MLW	False	2022-01-12	val	val	KEPT		128	1	2.008													False				NOT_AUDITED	server stage paths were not provided
7OA3	False	2021-06-16	train		EXCLUDE_MULTI_RNA_CHAIN	RNA_CHAIN_COUNT=2; required exactly 1	104	2	25.657																	NOT_ASSIGNED	see FINAL_STATUS and EXCLUSION_REASON
7OAV	False	2021-06-16	train		EXCLUDE_MULTI_RNA_CHAIN	RNA_CHAIN_COUNT=4; required exactly 1	208	4	2.289																	NOT_ASSIGNED	see FINAL_STATUS and EXCLUSION_REASON
7OAW	False	2021-06-16	train		EXCLUDE_MULTI_RNA_CHAIN	RNA_CHAIN_COUNT=4; required exactly 1	208	4	1.799																	NOT_ASSIGNED	see FINAL_STATUS and EXCLUSION_REASON
7OAX	False	2021-06-16	train		EXCLUDE_MULTI_RNA_CHAIN	RNA_CHAIN_COUNT=4; required exactly 1	208	4	1.754																	NOT_ASSIGNED	see FINAL_STATUS and EXCLUSION_REASON
7OUO	False	2022-03-30	val		EXCLUDE_MULTI_RNA_CHAIN	RNA_CHAIN_COUNT=2; required exactly 1	16	2	0.501																	NOT_ASSIGNED	see FINAL_STATUS and EXCLUSION_REASON
7POF	False	2022-03-16	val	val	KEPT		14	1	1.035													False				NOT_AUDITED	server stage paths were not provided
7PS8	False	2023-04-05	val	val	KEPT		23	1	6.92													False				NOT_AUDITED	server stage paths were not provided
7PTK	False	2022-10-05	val	val	KEPT		720	1	34.871													False				NOT_AUDITED	server stage paths were not provided
7PTL	False	2022-10-05	val	val	KEPT		720	1	40.388													False				NOT_AUDITED	server stage paths were not provided
7PTQ	False	2022-10-05	val	val	KEPT		544	1	41.005													False				NOT_AUDITED	server stage paths were not provided
7PTS	False	2022-10-05	val	val	KEPT		558	1	29.76													False				NOT_AUDITED	server stage paths were not provided
7Q48	False	2022-11-16	val	val	KEPT		22	1	9.975													False				NOT_AUDITED	server stage paths were not provided
7Q6L	False	2022-11-16	val	val	KEPT		22	1	11.395													False				NOT_AUDITED	server stage paths were not provided
7Q7X	False	2022-03-23	val		EXCLUDE_MULTI_RNA_CHAIN	RNA_CHAIN_COUNT=3; required exactly 1	62	3	12.25																	NOT_ASSIGNED	see FINAL_STATUS and EXCLUSION_REASON
7Q7Y	False	2022-03-23	val		EXCLUDE_MULTI_RNA_CHAIN	RNA_CHAIN_COUNT=3; required exactly 1	62	3	11.954																	NOT_ASSIGNED	see FINAL_STATUS and EXCLUSION_REASON
7Q7Z	False	2022-03-23	val		EXCLUDE_MULTI_RNA_CHAIN	RNA_CHAIN_COUNT=6; required exactly 1	124	6	26.026																	NOT_ASSIGNED	see FINAL_STATUS and EXCLUSION_REASON
7Q80	False	2022-03-23	val		EXCLUDE_MULTI_RNA_CHAIN	RNA_CHAIN_COUNT=6; required exactly 1	124	6	28.059																	NOT_ASSIGNED	see FINAL_STATUS and EXCLUSION_REASON
7Q81	False	2022-03-23	val		EXCLUDE_MULTI_RNA_CHAIN	RNA_CHAIN_COUNT=3; required exactly 1	62	3	11.36																	NOT_ASSIGNED	see FINAL_STATUS and EXCLUSION_REASON
7Q82	False	2022-03-23	val		EXCLUDE_MULTI_RNA_CHAIN	RNA_CHAIN_COUNT=3; required exactly 1	62	3	11.967																	NOT_ASSIGNED	see FINAL_STATUS and EXCLUSION_REASON
7QA2	False	2022-11-23	val	val	KEPT		22	1	10.431													False				NOT_AUDITED	server stage paths were not provided
7QDU	False	2022-12-14	val	val	KEPT		552	1	45.919													False				NOT_AUDITED	server stage paths were not provided
7QP2	False	2022-07-20	val	val	KEPT		27	1	0.709													False				NOT_AUDITED	server stage paths were not provided
7QSH	False	2023-01-25	val	val	KEPT		27	1	0.505													False				NOT_AUDITED	server stage paths were not provided
7QTN	False	2023-01-25	val		EXCLUDE_MULTI_RNA_CHAIN	RNA_CHAIN_COUNT=2; required exactly 1	28	2	0.834																	NOT_ASSIGNED	see FINAL_STATUS and EXCLUSION_REASON
7QUA	False	2023-01-25	val	val	KEPT		12	1	8.921													False				NOT_AUDITED	server stage paths were not provided
7R6N	False	2022-05-04	val	val	KEPT		393	1	3.797													False				NOT_AUDITED	server stage paths were not provided
7REX	False	2021-12-29	val		EXCLUDE_MULTI_RNA_CHAIN	RNA_CHAIN_COUNT=3; required exactly 1	102	3	18.432																	NOT_ASSIGNED	see FINAL_STATUS and EXCLUSION_REASON
7RWR	False	2022-07-20	val	val	KEPT		38	1	5.583													False				NOT_AUDITED	server stage paths were not provided
7SAM	False	2021-12-01	val	val	KEPT		171	1	11.051													False				NOT_AUDITED	server stage paths were not provided
7SHX	False	2022-10-19	val	val	KEPT		94	1	19.833													False				NOT_AUDITED	server stage paths were not provided
7SXP	False	2023-05-31	val	val	KEPT		22	1	3.235													False				NOT_AUDITED	server stage paths were not provided
7TD7	False	2022-02-16	val	val	KEPT		83	1	2.913													False				NOT_AUDITED	server stage paths were not provided
7TDA	False	2022-02-16	val	val	KEPT		83	1	2.483													False				NOT_AUDITED	server stage paths were not provided
7TDB	False	2022-02-16	val	val	KEPT		83	1	2.489													False				NOT_AUDITED	server stage paths were not provided
7TDC	False	2022-02-16	val	val	KEPT		83	1	2.486													False				NOT_AUDITED	server stage paths were not provided
7TZR	False	2022-05-25	val		EXCLUDE_MULTI_RNA_CHAIN	RNA_CHAIN_COUNT=2; required exactly 1	160	2	28.372																	NOT_ASSIGNED	see FINAL_STATUS and EXCLUSION_REASON
7TZS	False	2022-05-25	val		EXCLUDE_MULTI_RNA_CHAIN	RNA_CHAIN_COUNT=2; required exactly 1	160	2	28.619																	NOT_ASSIGNED	see FINAL_STATUS and EXCLUSION_REASON
7TZT	False	2022-05-25	val	val	KEPT		83	1	2.357													False				NOT_AUDITED	server stage paths were not provided
7TZU	False	2022-05-25	val	val	KEPT		83	1	2.379													False				NOT_AUDITED	server stage paths were not provided
7U4A	False	2023-09-06	val	val	KEPT		72	1	7.113													False				NOT_AUDITED	server stage paths were not provided
7U87	False	2023-03-15	val		EXCLUDE_MULTI_RNA_CHAIN	RNA_CHAIN_COUNT=2; required exactly 1	30	2	0.481																	NOT_ASSIGNED	see FINAL_STATUS and EXCLUSION_REASON
7U88	False	2023-03-15	val		EXCLUDE_MULTI_RNA_CHAIN	RNA_CHAIN_COUNT=2; required exactly 1	30	2	0.437																	NOT_ASSIGNED	see FINAL_STATUS and EXCLUSION_REASON
7U89	False	2023-03-15	val		EXCLUDE_MULTI_RNA_CHAIN	RNA_CHAIN_COUNT=2; required exactly 1	30	2	0.465																	NOT_ASSIGNED	see FINAL_STATUS and EXCLUSION_REASON
7U8A	False	2023-03-15	val		EXCLUDE_MULTI_RNA_CHAIN	RNA_CHAIN_COUNT=2; required exactly 1	30	2	0.398																	NOT_ASSIGNED	see FINAL_STATUS and EXCLUSION_REASON
7U8B	False	2023-03-15	val		EXCLUDE_MULTI_RNA_CHAIN	RNA_CHAIN_COUNT=2; required exactly 1	30	2	0.336																	NOT_ASSIGNED	see FINAL_STATUS and EXCLUSION_REASON
7UCR	False	2022-07-20	val	val	KEPT		27	1	0.391													False				NOT_AUDITED	server stage paths were not provided
7UGA	False	2022-04-13	val	val	KEPT		43	1	7.622													False				NOT_AUDITED	server stage paths were not provided
7UMC	False	2022-07-06	val	val	KEPT		70	1	9.402													False				NOT_AUDITED	server stage paths were not provided
7UMD	False	2022-07-06	val	val	KEPT		40	1	12.182													False				NOT_AUDITED	server stage paths were not provided
7UME	False	2022-07-06	val	val	KEPT		28	1	3.171													False				NOT_AUDITED	server stage paths were not provided
7UQ6	False	2022-06-15	val	val	KEPT		86	1	3.706													False				NOT_AUDITED	server stage paths were not provided
7UR5	False	2022-08-10	val		EXCLUDE_MULTI_RNA_CHAIN	RNA_CHAIN_COUNT=3; required exactly 1	270	3	36.491																	NOT_ASSIGNED	see FINAL_STATUS and EXCLUSION_REASON
7URI	False	2022-08-10	val	val	KEPT		90	1	3.525													False				NOT_AUDITED	server stage paths were not provided
7URM	False	2022-08-10	val	val	KEPT		90	1	4.417													False				NOT_AUDITED	server stage paths were not provided
7UVT	False	2022-08-31	val	val	KEPT		387	1	6.246													False				NOT_AUDITED	server stage paths were not provided
7UZ0	False	2022-06-08	val	val	KEPT		87	1	1.922													False				NOT_AUDITED	server stage paths were not provided
7V06	False	2022-06-29	val	val	KEPT		43	1	3.225													False				NOT_AUDITED	server stage paths were not provided
7V9E	False	2022-03-23	val	val	KEPT		68	1	13.219													False				NOT_AUDITED	server stage paths were not provided
7VFT	False	2022-06-15	val	val	KEPT		23	1	20.692													False				NOT_AUDITED	server stage paths were not provided
7VNV	False	2022-05-04	val		EXCLUDE_MULTI_RNA_CHAIN	RNA_CHAIN_COUNT=2; required exactly 1	156	2	18.466																	NOT_ASSIGNED	see FINAL_STATUS and EXCLUSION_REASON
7VNW	False	2022-05-04	val		EXCLUDE_MULTI_RNA_CHAIN	RNA_CHAIN_COUNT=2; required exactly 1	156	2	16.242																	NOT_ASSIGNED	see FINAL_STATUS and EXCLUSION_REASON
7WI9	False	2023-01-18	val	val	KEPT		50	1	4.438													False				NOT_AUDITED	server stage paths were not provided
7WIA	False	2023-01-18	val	val	KEPT		50	1	9.758													False				NOT_AUDITED	server stage paths were not provided
7WIB	False	2023-01-18	val	val	KEPT		50	1	3.33													False				NOT_AUDITED	server stage paths were not provided
7WIE	False	2023-01-18	val	val	KEPT		50	1	4.009													False				NOT_AUDITED	server stage paths were not provided
7WIF	False	2023-01-18	val	val	KEPT		50	1	3.94													False				NOT_AUDITED	server stage paths were not provided
7WII	False	2023-01-18	val	val	KEPT		50	1	3.932													False				NOT_AUDITED	server stage paths were not provided
7XD3	False	2023-03-29	val	val	KEPT		426	1	12.238													False				NOT_AUDITED	server stage paths were not provided
7XD4	False	2023-03-29	val	val	KEPT		423	1	9.411													False				NOT_AUDITED	server stage paths were not provided
7XD5	False	2023-04-05	val		EXCLUDE_MULTI_RNA_CHAIN	RNA_CHAIN_COUNT=2; required exactly 1	406	2	2.686																	NOT_ASSIGNED	see FINAL_STATUS and EXCLUSION_REASON
7XD6	False	2023-04-05	val		EXCLUDE_MULTI_RNA_CHAIN	RNA_CHAIN_COUNT=2; required exactly 1	459	2	19.135																	NOT_ASSIGNED	see FINAL_STATUS and EXCLUSION_REASON
7XD7	False	2023-03-29	val	val	KEPT		405	1	6.793													False				NOT_AUDITED	server stage paths were not provided
7XSK	False	2022-08-03	val	val	KEPT		388	1	5.425													False				NOT_AUDITED	server stage paths were not provided
7XSL	False	2022-08-03	val	val	KEPT		388	1	5.32													False				NOT_AUDITED	server stage paths were not provided
7XSM	False	2022-08-03	val	val	KEPT		388	1	5.071													False				NOT_AUDITED	server stage paths were not provided
7XSN	False	2022-08-03	val	val	KEPT		388	1	2.888													False				NOT_AUDITED	server stage paths were not provided
7Y2B	False	2023-05-31	val	val	KEPT		13	1	11.324													False				NOT_AUDITED	server stage paths were not provided
7Y2P	False	2023-05-31	val		EXCLUDE_MULTI_RNA_CHAIN	RNA_CHAIN_COUNT=2; required exactly 1	26	2	1.539																	NOT_ASSIGNED	see FINAL_STATUS and EXCLUSION_REASON
7Y8P	False	2023-05-03	val		EXCLUDE_MULTI_RNA_CHAIN	RNA_CHAIN_COUNT=2; required exactly 1	24	2	0.928																	NOT_ASSIGNED	see FINAL_STATUS and EXCLUSION_REASON
7YC8	False	2023-07-05	val	val	KEPT		393	1	4.046													False				NOT_AUDITED	server stage paths were not provided
7YCG	False	2023-07-05	val		EXCLUDE_MULTI_RNA_CHAIN	RNA_CHAIN_COUNT=2; required exactly 1	404	2	8.94																	NOT_ASSIGNED	see FINAL_STATUS and EXCLUSION_REASON
7YCH	False	2023-07-05	val		EXCLUDE_MULTI_RNA_CHAIN	RNA_CHAIN_COUNT=2; required exactly 1	404	2	1.709																	NOT_ASSIGNED	see FINAL_STATUS and EXCLUSION_REASON
7YCI	False	2023-07-05	val		EXCLUDE_MULTI_RNA_CHAIN	RNA_CHAIN_COUNT=2; required exactly 1	399	2	2.076																	NOT_ASSIGNED	see FINAL_STATUS and EXCLUSION_REASON
7YG8	False	2023-03-29	val		EXCLUDE_MULTI_RNA_CHAIN	RNA_CHAIN_COUNT=3; required exactly 1	402	3	4.753																	NOT_ASSIGNED	see FINAL_STATUS and EXCLUSION_REASON
7YG9	False	2023-03-29	val		EXCLUDE_MULTI_RNA_CHAIN	RNA_CHAIN_COUNT=3; required exactly 1	407	3																		NOT_ASSIGNED	see FINAL_STATUS and EXCLUSION_REASON
7YGA	False	2023-03-29	val		EXCLUDE_MULTI_RNA_CHAIN	RNA_CHAIN_COUNT=3; required exactly 1	407	3																		NOT_ASSIGNED	see FINAL_STATUS and EXCLUSION_REASON
7YGB	False	2023-03-29	val		EXCLUDE_MULTI_RNA_CHAIN	RNA_CHAIN_COUNT=3; required exactly 1	407	3	2.082																	NOT_ASSIGNED	see FINAL_STATUS and EXCLUSION_REASON
7YGC	False	2023-03-29	val		EXCLUDE_MULTI_RNA_CHAIN	RNA_CHAIN_COUNT=3; required exactly 1	407	3	9.072																	NOT_ASSIGNED	see FINAL_STATUS and EXCLUSION_REASON
7YGD	False	2023-03-29	val		EXCLUDE_MULTI_RNA_CHAIN	RNA_CHAIN_COUNT=3; required exactly 1	402	3	2.699																	NOT_ASSIGNED	see FINAL_STATUS and EXCLUSION_REASON
7ZFW	False	2022-11-23	val		EXCLUDE_NO_STRICT_RANK1	PDB is absent from rank1_targets.csv	3774	1																		NOT_ASSIGNED	see FINAL_STATUS and EXCLUSION_REASON
7ZJ4	False	2023-04-19	val	val	KEPT		374	1	53.018													False				NOT_AUDITED	server stage paths were not provided
7ZJ5	False	2023-04-19	val	val	KEPT		374	1	37.567													False				NOT_AUDITED	server stage paths were not provided
8AMG	False	2022-11-23	val		EXCLUDE_MULTI_RNA_CHAIN	RNA_CHAIN_COUNT=12; required exactly 1	108	12	18.764																	NOT_ASSIGNED	see FINAL_STATUS and EXCLUSION_REASON
8AMI	False	2022-11-23	val		EXCLUDE_MULTI_RNA_CHAIN	RNA_CHAIN_COUNT=2; required exactly 1	18	2	1.391																	NOT_ASSIGNED	see FINAL_STATUS and EXCLUSION_REASON
8AMJ	False	2022-11-23	val		EXCLUDE_MULTI_RNA_CHAIN	RNA_CHAIN_COUNT=2; required exactly 1	18	2	0.942																	NOT_ASSIGNED	see FINAL_STATUS and EXCLUSION_REASON
8AMK	False	2022-11-23	val		EXCLUDE_MULTI_RNA_CHAIN	RNA_CHAIN_COUNT=28; required exactly 1	252	28	26.734																	NOT_ASSIGNED	see FINAL_STATUS and EXCLUSION_REASON
8AML	False	2022-11-23	val		EXCLUDE_MULTI_RNA_CHAIN	RNA_CHAIN_COUNT=28; required exactly 1	252	28	29.547																	NOT_ASSIGNED	see FINAL_STATUS and EXCLUSION_REASON
8AMM	False	2022-11-23	val		EXCLUDE_MULTI_RNA_CHAIN	RNA_CHAIN_COUNT=28; required exactly 1	252	28	26.124																	NOT_ASSIGNED	see FINAL_STATUS and EXCLUSION_REASON
8AMN	False	2022-11-23	val		EXCLUDE_MULTI_RNA_CHAIN	RNA_CHAIN_COUNT=28; required exactly 1	252	28	24.083																	NOT_ASSIGNED	see FINAL_STATUS and EXCLUSION_REASON
8BTZ	False	2022-12-28	val	val	KEPT		238	1	19.164													False				NOT_AUDITED	server stage paths were not provided
8BU8	False	2024-01-24	test	test	KEPT		354	1	29.662													False				NOT_AUDITED	server stage paths were not provided
8BWT	False	2023-08-30	val	val	KEPT		26	1	2.885													False				NOT_AUDITED	server stage paths were not provided
8CF2	False	2024-02-21	test		EXCLUDE_MULTI_RNA_CHAIN	RNA_CHAIN_COUNT=2; required exactly 1	22	2	4.525																	NOT_ASSIGNED	see FINAL_STATUS and EXCLUSION_REASON
8CLM	False	2023-03-01	val		EXCLUDE_MULTI_RNA_CHAIN	RNA_CHAIN_COUNT=6; required exactly 1	54	6	9.68																	NOT_ASSIGNED	see FINAL_STATUS and EXCLUSION_REASON
8CLR	False	2023-07-19	val	val	KEPT		14	1	1.178													False				NOT_AUDITED	server stage paths were not provided
8CQ1	False	2023-09-20	val	val	KEPT		44	1	2.679													False				NOT_AUDITED	server stage paths were not provided
8D28	False	2022-11-30	val		EXCLUDE_MULTI_RNA_CHAIN	RNA_CHAIN_COUNT=2; required exactly 1	66	2	26.677																	NOT_ASSIGNED	see FINAL_STATUS and EXCLUSION_REASON
8D2A	False	2022-11-30	val		EXCLUDE_MULTI_RNA_CHAIN	RNA_CHAIN_COUNT=2; required exactly 1	66	2	20.557																	NOT_ASSIGNED	see FINAL_STATUS and EXCLUSION_REASON
8D2B	False	2022-11-30	val		EXCLUDE_MULTI_RNA_CHAIN	RNA_CHAIN_COUNT=2; required exactly 1	66	2	26.847																	NOT_ASSIGNED	see FINAL_STATUS and EXCLUSION_REASON
8D5L	False	2022-11-30	val		EXCLUDE_MULTI_RNA_CHAIN	RNA_CHAIN_COUNT=4; required exactly 1	132	4	23.143																	NOT_ASSIGNED	see FINAL_STATUS and EXCLUSION_REASON
8D5O	False	2022-11-30	val		EXCLUDE_MULTI_RNA_CHAIN	RNA_CHAIN_COUNT=2; required exactly 1	66	2	21.876																	NOT_ASSIGNED	see FINAL_STATUS and EXCLUSION_REASON
8EYU	False	2023-05-31	val		EXCLUDE_MULTI_RNA_CHAIN	RNA_CHAIN_COUNT=2; required exactly 1	98	2	8.444																	NOT_ASSIGNED	see FINAL_STATUS and EXCLUSION_REASON
8EYV	False	2023-05-31	val		EXCLUDE_MULTI_RNA_CHAIN	RNA_CHAIN_COUNT=2; required exactly 1	98	2	10.553																	NOT_ASSIGNED	see FINAL_STATUS and EXCLUSION_REASON
8EYW	False	2023-05-31	val		EXCLUDE_MULTI_RNA_CHAIN	RNA_CHAIN_COUNT=2; required exactly 1	98	2	11.359																	NOT_ASSIGNED	see FINAL_STATUS and EXCLUSION_REASON
8F0N	False	2023-05-31	val		EXCLUDE_MULTI_RNA_CHAIN	RNA_CHAIN_COUNT=2; required exactly 1	98	2	9.861																	NOT_ASSIGNED	see FINAL_STATUS and EXCLUSION_REASON
8F24	False	2023-04-12	val		EXCLUDE_MULTI_RNA_CHAIN	RNA_CHAIN_COUNT=6; required exactly 1	48	6																		NOT_ASSIGNED	see FINAL_STATUS and EXCLUSION_REASON
8F4O	False	2023-05-17	val		EXCLUDE_MULTI_RNA_CHAIN	RNA_CHAIN_COUNT=2; required exactly 1	166	2	18.895																	NOT_ASSIGNED	see FINAL_STATUS and EXCLUSION_REASON
8FB3	False	2023-02-22	val		EXCLUDE_MULTI_RNA_CHAIN	RNA_CHAIN_COUNT=3; required exactly 1	102	3	18.21																	NOT_ASSIGNED	see FINAL_STATUS and EXCLUSION_REASON
8FCS	False	2023-02-22	val	val	KEPT		71	1	2.845													False				NOT_AUDITED	server stage paths were not provided
8FEO	False	2024-01-24	test	test	KEPT		16	1	14.494													False				NOT_AUDITED	server stage paths were not provided
8FEP	False	2024-01-24	test	test	KEPT		16	1	14.281													False				NOT_AUDITED	server stage paths were not provided
8FEQ	False	2024-01-24	test	test	KEPT		16	1	14.508													False				NOT_AUDITED	server stage paths were not provided
8FER	False	2024-01-24	test		EXCLUDE_MULTI_RNA_CHAIN	RNA_CHAIN_COUNT=2; required exactly 1	32	2	0.79																	NOT_ASSIGNED	see FINAL_STATUS and EXCLUSION_REASON
8FW4	False	2023-07-26	val	val	KEPT		210	1	3.385													False				NOT_AUDITED	server stage paths were not provided
8FZA	False	2023-08-30	val		EXCLUDE_MULTI_RNA_CHAIN	RNA_CHAIN_COUNT=2; required exactly 1	60	2	26.227																	NOT_ASSIGNED	see FINAL_STATUS and EXCLUSION_REASON
8HB1	False	2023-03-22	val		EXCLUDE_MULTI_RNA_CHAIN	RNA_CHAIN_COUNT=2; required exactly 1	54	2	5.406																	NOT_ASSIGNED	see FINAL_STATUS and EXCLUSION_REASON
8HB3	False	2023-03-22	val		EXCLUDE_MULTI_RNA_CHAIN	RNA_CHAIN_COUNT=2; required exactly 1	55	2	7.539																	NOT_ASSIGNED	see FINAL_STATUS and EXCLUSION_REASON
8HB8	False	2023-03-22	val	val	KEPT		55	1	9.532													False				NOT_AUDITED	server stage paths were not provided
8HBA	False	2023-03-22	val		EXCLUDE_MULTI_RNA_CHAIN	RNA_CHAIN_COUNT=2; required exactly 1	112	2	23.654																	NOT_ASSIGNED	see FINAL_STATUS and EXCLUSION_REASON
8HD6	False	2023-03-29	val	val	KEPT		419	1	13.882													False				NOT_AUDITED	server stage paths were not provided
8HD7	False	2023-03-29	val	val	KEPT		419	1	8.021													False				NOT_AUDITED	server stage paths were not provided
8HZD	False	2024-06-19	test		EXCLUDE_MULTI_RNA_CHAIN	RNA_CHAIN_COUNT=2; required exactly 1	72	2	14.678																	NOT_ASSIGNED	see FINAL_STATUS and EXCLUSION_REASON
8HZE	False	2024-06-19	test		EXCLUDE_MULTI_RNA_CHAIN	RNA_CHAIN_COUNT=2; required exactly 1	70	2	15.685																	NOT_ASSIGNED	see FINAL_STATUS and EXCLUSION_REASON
8HZF	False	2024-06-19	test		EXCLUDE_MULTI_RNA_CHAIN	RNA_CHAIN_COUNT=2; required exactly 1	70	2	27.935																	NOT_ASSIGNED	see FINAL_STATUS and EXCLUSION_REASON
8HZJ	False	2024-06-19	test		EXCLUDE_MULTI_RNA_CHAIN	RNA_CHAIN_COUNT=2; required exactly 1	70	2	27.719																	NOT_ASSIGNED	see FINAL_STATUS and EXCLUSION_REASON
8HZK	False	2024-06-19	test		EXCLUDE_MULTI_RNA_CHAIN	RNA_CHAIN_COUNT=2; required exactly 1	72	2	12.762																	NOT_ASSIGNED	see FINAL_STATUS and EXCLUSION_REASON
8HZL	False	2024-06-19	test		EXCLUDE_MULTI_RNA_CHAIN	RNA_CHAIN_COUNT=2; required exactly 1	168	2	33.385																	NOT_ASSIGNED	see FINAL_STATUS and EXCLUSION_REASON
8HZM	False	2024-06-19	test		EXCLUDE_MULTI_RNA_CHAIN	RNA_CHAIN_COUNT=2; required exactly 1	70	2	27.63																	NOT_ASSIGNED	see FINAL_STATUS and EXCLUSION_REASON
8I3Z	False	2023-03-22	val		EXCLUDE_MULTI_RNA_CHAIN	RNA_CHAIN_COUNT=2; required exactly 1	55	2	5.599																	NOT_ASSIGNED	see FINAL_STATUS and EXCLUSION_REASON
8I43	False	2023-03-29	val	val	KEPT		19	1	5.434													False				NOT_AUDITED	server stage paths were not provided
8I44	False	2023-03-29	val	val	KEPT		19	1	4.311													False				NOT_AUDITED	server stage paths were not provided
8I45	False	2023-03-29	val	val	KEPT		19	1	3.245													False				NOT_AUDITED	server stage paths were not provided
8I46	False	2023-03-29	val	val	KEPT		19	1	3.39													False				NOT_AUDITED	server stage paths were not provided
8I7N	False	2023-03-29	val	val	KEPT		418	1	4.516													False				NOT_AUDITED	server stage paths were not provided
8ITS	False	2024-03-27	test	test	KEPT		46	1	14.175													False				NOT_AUDITED	server stage paths were not provided
8JHP	False	2024-05-29	test	test	KEPT		27	1	3.06													False				NOT_AUDITED	server stage paths were not provided
8K0P	False	2024-05-15	test		EXCLUDE_MULTI_RNA_CHAIN	RNA_CHAIN_COUNT=2; required exactly 1	1266	2	60.618																	NOT_ASSIGNED	see FINAL_STATUS and EXCLUSION_REASON
8K0S	False	2024-05-01	test		EXCLUDE_MULTI_RNA_CHAIN	RNA_CHAIN_COUNT=2; required exactly 1	1274	2	54.376																	NOT_ASSIGNED	see FINAL_STATUS and EXCLUSION_REASON
8K0Y	False	2025-01-15	test		EXCLUDE_MULTI_RNA_CHAIN	RNA_CHAIN_COUNT=2; required exactly 1	112	2	26.893																	NOT_ASSIGNED	see FINAL_STATUS and EXCLUSION_REASON
8K15	False	2024-05-15	test	test	KEPT		621	1	28.804													False				NOT_AUDITED	server stage paths were not provided
8K1E	False	2025-01-15	test		EXCLUDE_MULTI_RNA_CHAIN	RNA_CHAIN_COUNT=2; required exactly 1	116	2	30.08																	NOT_ASSIGNED	see FINAL_STATUS and EXCLUSION_REASON
8K2Z	False	2025-01-15	test		EXCLUDE_MULTI_RNA_CHAIN	RNA_CHAIN_COUNT=2; required exactly 1	114	2	4.528																	NOT_ASSIGNED	see FINAL_STATUS and EXCLUSION_REASON
8K30	False	2025-01-15	test		EXCLUDE_MULTI_RNA_CHAIN	RNA_CHAIN_COUNT=2; required exactly 1	112	2	24.385																	NOT_ASSIGNED	see FINAL_STATUS and EXCLUSION_REASON
8K7W	False	2025-01-29	test	test	KEPT		49	1	3.521													False				NOT_AUDITED	server stage paths were not provided
8K85	False	2025-02-12	test		EXCLUDE_MULTI_RNA_CHAIN	RNA_CHAIN_COUNT=2; required exactly 1	112	2	39.254																	NOT_ASSIGNED	see FINAL_STATUS and EXCLUSION_REASON
8K8B	False	2024-06-05	test	test	KEPT		19	1	2.341													False				NOT_AUDITED	server stage paths were not provided
8KEB	False	2025-02-19	test		DROP_INTERNAL_REDUNDANT	Non-representative member of a test homology component	72	1	3.555																	NOT_ASSIGNED	see FINAL_STATUS and EXCLUSION_REASON
8KED	False	2025-02-19	test		DROP_INTERNAL_REDUNDANT	Non-representative member of a test homology component	72	1	3.716																	NOT_ASSIGNED	see FINAL_STATUS and EXCLUSION_REASON
8KHH	False	2025-02-26	test		EXCLUDE_MULTI_RNA_CHAIN	RNA_CHAIN_COUNT=2; required exactly 1	142	2	20.057																	NOT_ASSIGNED	see FINAL_STATUS and EXCLUSION_REASON
8OLS	False	2024-06-19	test		DROP_REFERENCE_HOMOLOG	Single RNA chain is homologous to final train/val	394	1	0.894																	NOT_ASSIGNED	see FINAL_STATUS and EXCLUSION_REASON
8OLV	False	2024-06-19	test		DROP_REFERENCE_HOMOLOG	Single RNA chain is homologous to final train/val	394	1	1.177																	NOT_ASSIGNED	see FINAL_STATUS and EXCLUSION_REASON
8OLW	False	2024-06-19	test		DROP_REFERENCE_HOMOLOG	Single RNA chain is homologous to final train/val	396	1	0.993																	NOT_ASSIGNED	see FINAL_STATUS and EXCLUSION_REASON
8OLY	False	2024-06-19	test		EXCLUDE_MULTI_RNA_CHAIN	RNA_CHAIN_COUNT=2; required exactly 1	396	2	0.647																	NOT_ASSIGNED	see FINAL_STATUS and EXCLUSION_REASON
8OLZ	False	2024-06-19	test		EXCLUDE_MULTI_RNA_CHAIN	RNA_CHAIN_COUNT=2; required exactly 1	397	2																		NOT_ASSIGNED	see FINAL_STATUS and EXCLUSION_REASON
8OM0	False	2024-06-19	test		DROP_REFERENCE_HOMOLOG	Single RNA chain is homologous to final train/val	394	1	1.475																	NOT_ASSIGNED	see FINAL_STATUS and EXCLUSION_REASON
8PFK	False	2024-01-31	test		DROP_REFERENCE_HOMOLOG	Single RNA chain is homologous to final train/val	12	1	9.465																	NOT_ASSIGNED	see FINAL_STATUS and EXCLUSION_REASON
8PFQ	False	2024-01-31	test		EXCLUDE_MULTI_RNA_CHAIN	RNA_CHAIN_COUNT=2; required exactly 1	24	2	0.875																	NOT_ASSIGNED	see FINAL_STATUS and EXCLUSION_REASON
8Q4O	False	2024-03-06	test	test	KEPT		23	1	9.546													False				NOT_AUDITED	server stage paths were not provided
8Q6N	False	2024-08-28	test	test	KEPT		46	1	1.885													False				NOT_AUDITED	server stage paths were not provided
8QMH	False	2024-05-01	test		EXCLUDE_MULTI_RNA_CHAIN	RNA_CHAIN_COUNT=4; required exactly 1	24	4	9.659																	NOT_ASSIGNED	see FINAL_STATUS and EXCLUSION_REASON
8QMI	False	2024-05-01	test		EXCLUDE_MULTI_RNA_CHAIN	RNA_CHAIN_COUNT=4; required exactly 1	24	4	9.416																	NOT_ASSIGNED	see FINAL_STATUS and EXCLUSION_REASON
8QO2	False	2024-03-06	test	test	KEPT		222	1	37.01													False				NOT_AUDITED	server stage paths were not provided
8QO3	False	2024-03-06	test	test	KEPT		118	1	17.537													False				NOT_AUDITED	server stage paths were not provided
8QO4	False	2024-03-06	test		DROP_REFERENCE_HOMOLOG	Single RNA chain is homologous to final train/val	156	1	16.7																	NOT_ASSIGNED	see FINAL_STATUS and EXCLUSION_REASON
8QO5	False	2024-03-06	test		DROP_REFERENCE_HOMOLOG	Single RNA chain is homologous to final train/val	145	1	24.878																	NOT_ASSIGNED	see FINAL_STATUS and EXCLUSION_REASON
8R62	False	2024-03-06	test		EXCLUDE_MULTI_RNA_CHAIN	RNA_CHAIN_COUNT=2; required exactly 1	22	2	3.21																	NOT_ASSIGNED	see FINAL_STATUS and EXCLUSION_REASON
8R63	False	2024-03-06	test		EXCLUDE_MULTI_RNA_CHAIN	RNA_CHAIN_COUNT=2; required exactly 1	22	2	3.262																	NOT_ASSIGNED	see FINAL_STATUS and EXCLUSION_REASON
8R8P	False	2024-03-06	test		EXCLUDE_MULTI_RNA_CHAIN	RNA_CHAIN_COUNT=2; required exactly 1	22	2	3.176																	NOT_ASSIGNED	see FINAL_STATUS and EXCLUSION_REASON
8RUH	False	2024-06-19	test		EXCLUDE_MULTI_RNA_CHAIN	RNA_CHAIN_COUNT=2; required exactly 1	397	2	0.785																	NOT_ASSIGNED	see FINAL_STATUS and EXCLUSION_REASON
8RUI	False	2024-06-19	test		DROP_REFERENCE_HOMOLOG	Single RNA chain is homologous to final train/val	391	1	0.877																	NOT_ASSIGNED	see FINAL_STATUS and EXCLUSION_REASON
8RUJ	False	2024-06-19	test		DROP_REFERENCE_HOMOLOG	Single RNA chain is homologous to final train/val	391	1	0.915																	NOT_ASSIGNED	see FINAL_STATUS and EXCLUSION_REASON
8RUK	False	2024-06-19	test		DROP_REFERENCE_HOMOLOG	Single RNA chain is homologous to final train/val	394	1	1.223																	NOT_ASSIGNED	see FINAL_STATUS and EXCLUSION_REASON
8RUL	False	2024-06-19	test		DROP_REFERENCE_HOMOLOG	Single RNA chain is homologous to final train/val	394	1	1.23																	NOT_ASSIGNED	see FINAL_STATUS and EXCLUSION_REASON
8RUM	False	2024-06-19	test		DROP_REFERENCE_HOMOLOG	Single RNA chain is homologous to final train/val	394	1	1.929																	NOT_ASSIGNED	see FINAL_STATUS and EXCLUSION_REASON
8RUN	False	2024-06-19	test		DROP_REFERENCE_HOMOLOG	Single RNA chain is homologous to final train/val	394	1	1.533																	NOT_ASSIGNED	see FINAL_STATUS and EXCLUSION_REASON
8S6W	False	2025-01-29	test		EXCLUDE_MULTI_RNA_CHAIN	RNA_CHAIN_COUNT=4; required exactly 1	144	4	28.232																	NOT_ASSIGNED	see FINAL_STATUS and EXCLUSION_REASON
8S95	False	2023-08-09	val	val	KEPT		157	1	18.172													False				NOT_AUDITED	server stage paths were not provided
8SA2	False	2023-07-26	val		EXCLUDE_MULTI_RNA_CHAIN	RNA_CHAIN_COUNT=2; required exactly 1	420	2	55.875																	NOT_ASSIGNED	see FINAL_STATUS and EXCLUSION_REASON
8SA3	False	2023-07-26	val		EXCLUDE_MULTI_RNA_CHAIN	RNA_CHAIN_COUNT=2; required exactly 1	420	2	47.756																	NOT_ASSIGNED	see FINAL_STATUS and EXCLUSION_REASON
8SA4	False	2023-07-26	val		EXCLUDE_MULTI_RNA_CHAIN	RNA_CHAIN_COUNT=2; required exactly 1	420	2	7.704																	NOT_ASSIGNED	see FINAL_STATUS and EXCLUSION_REASON
8SA5	False	2023-07-26	val		EXCLUDE_MULTI_RNA_CHAIN	RNA_CHAIN_COUNT=2; required exactly 1	420	2	19.904																	NOT_ASSIGNED	see FINAL_STATUS and EXCLUSION_REASON
8SA6	False	2023-07-26	val		EXCLUDE_MULTI_RNA_CHAIN	RNA_CHAIN_COUNT=2; required exactly 1	420	2	26.127																	NOT_ASSIGNED	see FINAL_STATUS and EXCLUSION_REASON
8SCF	False	2023-07-12	val	val	KEPT		30	1	2.728													False				NOT_AUDITED	server stage paths were not provided
8SCH	False	2023-07-12	val	val	KEPT		68	1	24.01													False				NOT_AUDITED	server stage paths were not provided
8SKQ	False	2024-02-14	test		EXCLUDE_NO_STRICT_RANK1	PDB is absent from rank1_targets.csv	12	1																		NOT_ASSIGNED	see FINAL_STATUS and EXCLUSION_REASON
8SP9	False	2023-08-09	val	val	KEPT		153	1	25.139													False				NOT_AUDITED	server stage paths were not provided
8SWG	False	2023-05-31	val		EXCLUDE_MULTI_RNA_CHAIN	RNA_CHAIN_COUNT=2; required exactly 1	28	2	0.458																	NOT_ASSIGNED	see FINAL_STATUS and EXCLUSION_REASON
8SWO	False	2023-05-31	val		EXCLUDE_MULTI_RNA_CHAIN	RNA_CHAIN_COUNT=2; required exactly 1	28	2	0.427																	NOT_ASSIGNED	see FINAL_STATUS and EXCLUSION_REASON
8SX5	False	2023-05-31	val		EXCLUDE_MULTI_RNA_CHAIN	RNA_CHAIN_COUNT=2; required exactly 1	28	2	0.621																	NOT_ASSIGNED	see FINAL_STATUS and EXCLUSION_REASON
8SX6	False	2023-05-31	val		EXCLUDE_MULTI_RNA_CHAIN	RNA_CHAIN_COUNT=2; required exactly 1	28	2	0.386																	NOT_ASSIGNED	see FINAL_STATUS and EXCLUSION_REASON
8SXL	False	2023-05-31	val		EXCLUDE_MULTI_RNA_CHAIN	RNA_CHAIN_COUNT=2; required exactly 1	28	2	0.625																	NOT_ASSIGNED	see FINAL_STATUS and EXCLUSION_REASON
8SY1	False	2023-05-31	val		EXCLUDE_MULTI_RNA_CHAIN	RNA_CHAIN_COUNT=4; required exactly 1	56	4	11.981																	NOT_ASSIGNED	see FINAL_STATUS and EXCLUSION_REASON
8SYK	False	2025-02-19	test		EXCLUDE_MULTI_RNA_CHAIN	RNA_CHAIN_COUNT=4; required exactly 1	428	4	32.845																	NOT_ASSIGNED	see FINAL_STATUS and EXCLUSION_REASON
8T2P	False	2024-01-24	test		EXCLUDE_MULTI_RNA_CHAIN	RNA_CHAIN_COUNT=2; required exactly 1	287	2	40.258																	NOT_ASSIGNED	see FINAL_STATUS and EXCLUSION_REASON
8T5O	False	2025-02-19	test	test	KEPT		124	1	4.78													False				NOT_AUDITED	server stage paths were not provided
8TDY	False	2024-06-12	test	test	KEPT		16	1	14.444													False				NOT_AUDITED	server stage paths were not provided
8TDZ	False	2024-06-12	test	test	KEPT		16	1	14.454													False				NOT_AUDITED	server stage paths were not provided
8TE0	False	2024-06-12	test	test	KEPT		16	1	14.701													False				NOT_AUDITED	server stage paths were not provided
8TE2	False	2024-06-12	test	test	KEPT		16	1	14.453													False				NOT_AUDITED	server stage paths were not provided
8THV	False	2023-08-02	val	val	KEPT		29	1	3.792													False				NOT_AUDITED	server stage paths were not provided
8TJQ	False	2023-11-01	val	val	KEPT		440	1	4.013													False				NOT_AUDITED	server stage paths were not provided
8TJV	False	2023-11-01	val	val	KEPT		417	1	6.833													False				NOT_AUDITED	server stage paths were not provided
8TJX	False	2023-11-01	val	val	KEPT		440	1	4.681													False				NOT_AUDITED	server stage paths were not provided
8TKJ	False	2025-02-19	test		DROP_INTERNAL_REDUNDANT	Non-representative member of a test homology component	124	1	4.57																	NOT_ASSIGNED	see FINAL_STATUS and EXCLUSION_REASON
8TKK	False	2025-02-19	test		DROP_INTERNAL_REDUNDANT	Non-representative member of a test homology component	107	1	18.456																	NOT_ASSIGNED	see FINAL_STATUS and EXCLUSION_REASON
8TNS	False	2023-11-15	val	val	KEPT		24	1	10.621													False				NOT_AUDITED	server stage paths were not provided
8TOZ	False	2024-08-07	test		DROP_REFERENCE_HOMOLOG	Single RNA chain is homologous to final train/val	101	1	10.566																	NOT_ASSIGNED	see FINAL_STATUS and EXCLUSION_REASON
8TQX	False	2024-03-06	test		EXCLUDE_MULTI_RNA_CHAIN	RNA_CHAIN_COUNT=2; required exactly 1	38	2	1.772																	NOT_ASSIGNED	see FINAL_STATUS and EXCLUSION_REASON
8TSV	False	2024-03-06	test		EXCLUDE_MULTI_RNA_CHAIN	RNA_CHAIN_COUNT=4; required exactly 1	100	4	15.356																	NOT_ASSIGNED	see FINAL_STATUS and EXCLUSION_REASON
8TVZ	False	2024-04-03	test	test	KEPT		363	1	41.25													False				NOT_AUDITED	server stage paths were not provided
8U3M	False	2023-10-04	val	val	KEPT		31	1	6.226													False				NOT_AUDITED	server stage paths were not provided
8U5J	False	2024-03-27	test		DROP_REFERENCE_HOMOLOG	Single RNA chain is homologous to final train/val	36	1	1.87																	NOT_ASSIGNED	see FINAL_STATUS and EXCLUSION_REASON
8U5K	False	2024-03-27	test		EXCLUDE_MULTI_RNA_CHAIN	RNA_CHAIN_COUNT=3; required exactly 1	108	3	19.539																	NOT_ASSIGNED	see FINAL_STATUS and EXCLUSION_REASON
8U5P	False	2024-03-27	test		EXCLUDE_MULTI_RNA_CHAIN	RNA_CHAIN_COUNT=3; required exactly 1	108	3	17.524																	NOT_ASSIGNED	see FINAL_STATUS and EXCLUSION_REASON
8U5R	False	2024-03-27	test		EXCLUDE_MULTI_RNA_CHAIN	RNA_CHAIN_COUNT=3; required exactly 1	108	3	17.303																	NOT_ASSIGNED	see FINAL_STATUS and EXCLUSION_REASON
8U5T	False	2024-03-27	test		EXCLUDE_MULTI_RNA_CHAIN	RNA_CHAIN_COUNT=3; required exactly 1	108	3	20.304																	NOT_ASSIGNED	see FINAL_STATUS and EXCLUSION_REASON
8U5Z	False	2024-03-27	test		EXCLUDE_MULTI_RNA_CHAIN	RNA_CHAIN_COUNT=3; required exactly 1	108	3	20.319																	NOT_ASSIGNED	see FINAL_STATUS and EXCLUSION_REASON
8U60	False	2024-03-27	test		EXCLUDE_MULTI_RNA_CHAIN	RNA_CHAIN_COUNT=3; required exactly 1	108	3	19.19																	NOT_ASSIGNED	see FINAL_STATUS and EXCLUSION_REASON
8UO6	False	2024-06-05	test		EXCLUDE_MULTI_RNA_CHAIN	RNA_CHAIN_COUNT=2; required exactly 1	268	2	27.446																	NOT_ASSIGNED	see FINAL_STATUS and EXCLUSION_REASON
8UPT	False	2024-01-10	test	test	KEPT		71	1	3.665													False				NOT_AUDITED	server stage paths were not provided
8UPY	False	2024-09-04	test	test	KEPT		72	1	3.85													False				NOT_AUDITED	server stage paths were not provided
8UTG	False	2024-06-19	test		EXCLUDE_MULTI_RNA_CHAIN	RNA_CHAIN_COUNT=2; required exactly 1	42	2	10.033																	NOT_ASSIGNED	see FINAL_STATUS and EXCLUSION_REASON
8UYE	False	2023-12-06	val	val	KEPT		135	1	20.555													False				NOT_AUDITED	server stage paths were not provided
8UYG	False	2023-12-06	val	val	KEPT		135	1	19.428													False				NOT_AUDITED	server stage paths were not provided
8UYJ	False	2023-12-06	val	val	KEPT		135	1	14.378													False				NOT_AUDITED	server stage paths were not provided
8UYK	False	2023-12-06	val	val	KEPT		135	1	16.481													False				NOT_AUDITED	server stage paths were not provided
8UYL	False	2023-12-06	val	val	KEPT		135	1	17.183													False				NOT_AUDITED	server stage paths were not provided
8UYM	False	2023-12-06	val	val	KEPT		135	1	12.036													False				NOT_AUDITED	server stage paths were not provided
8UYP	False	2023-12-20	val	val	KEPT		143	1	27.355													False				NOT_AUDITED	server stage paths were not provided
8UYS	False	2023-12-06	val	val	KEPT		124	1	17.839													False				NOT_AUDITED	server stage paths were not provided
8V1H	False	2024-07-10	test	test	KEPT		75	1	2.305													False				NOT_AUDITED	server stage paths were not provided
8V1I	False	2024-07-10	test		EXCLUDE_MULTI_RNA_CHAIN	RNA_CHAIN_COUNT=2; required exactly 1	114	2	23.293																	NOT_ASSIGNED	see FINAL_STATUS and EXCLUSION_REASON
8VAW	False	2024-04-17	test		EXCLUDE_MULTI_RNA_CHAIN	RNA_CHAIN_COUNT=2; required exactly 1	30	2	0.373																	NOT_ASSIGNED	see FINAL_STATUS and EXCLUSION_REASON
8VAX	False	2024-04-17	test		EXCLUDE_MULTI_RNA_CHAIN	RNA_CHAIN_COUNT=2; required exactly 1	30	2	0.399																	NOT_ASSIGNED	see FINAL_STATUS and EXCLUSION_REASON
8VCI	False	2024-01-17	test	test	KEPT		118	1	25.293													False				NOT_AUDITED	server stage paths were not provided
8VFS	False	2024-12-25	test		EXCLUDE_MULTI_RNA_CHAIN	RNA_CHAIN_COUNT=2; required exactly 1	54	2	1.81																	NOT_ASSIGNED	see FINAL_STATUS and EXCLUSION_REASON
8VJT	False	2024-10-16	test		EXCLUDE_MULTI_RNA_CHAIN	RNA_CHAIN_COUNT=2; required exactly 1	12	2	8.928																	NOT_ASSIGNED	see FINAL_STATUS and EXCLUSION_REASON
8VPV	False	2024-10-02	test		DROP_REFERENCE_HOMOLOG	Single RNA chain is homologous to final train/val	100	1	9.104																	NOT_ASSIGNED	see FINAL_STATUS and EXCLUSION_REASON
8VQV	False	2025-06-11	test		DROP_REFERENCE_HOMOLOG	Single RNA chain is homologous to final train/val	64	1	1.253																	NOT_ASSIGNED	see FINAL_STATUS and EXCLUSION_REASON
8VT5	False	2024-07-24	test	test	KEPT		60	1	1.636													False				NOT_AUDITED	server stage paths were not provided
8VVJ	False	2025-06-11	test		DROP_REFERENCE_HOMOLOG	Single RNA chain is homologous to final train/val	64	1	2.568																	NOT_ASSIGNED	see FINAL_STATUS and EXCLUSION_REASON
8VXX	False	2025-02-19	test		EXCLUDE_MULTI_RNA_CHAIN	RNA_CHAIN_COUNT=3; required exactly 1	108	3	17.677																	NOT_ASSIGNED	see FINAL_STATUS and EXCLUSION_REASON
8VXZ	False	2025-02-19	test		EXCLUDE_MULTI_RNA_CHAIN	RNA_CHAIN_COUNT=3; required exactly 1	108	3	16.18																	NOT_ASSIGNED	see FINAL_STATUS and EXCLUSION_REASON
8VY0	False	2025-02-19	test		EXCLUDE_MULTI_RNA_CHAIN	RNA_CHAIN_COUNT=3; required exactly 1	108	3	18.284																	NOT_ASSIGNED	see FINAL_STATUS and EXCLUSION_REASON
8VY1	False	2025-02-19	test		EXCLUDE_MULTI_RNA_CHAIN	RNA_CHAIN_COUNT=3; required exactly 1	108	3	16.539																	NOT_ASSIGNED	see FINAL_STATUS and EXCLUSION_REASON
8X0S	False	2024-06-19	test		EXCLUDE_MULTI_RNA_CHAIN	RNA_CHAIN_COUNT=2; required exactly 1	24	2	8.75																	NOT_ASSIGNED	see FINAL_STATUS and EXCLUSION_REASON
8X9K	False	2025-03-12	test		DROP_INTERNAL_REDUNDANT	Non-representative member of a test homology component	808	1	51.347																	NOT_ASSIGNED	see FINAL_STATUS and EXCLUSION_REASON
8X9L	False	2025-03-12	test		EXCLUDE_MULTI_RNA_CHAIN	RNA_CHAIN_COUNT=2; required exactly 1	809	2	44.256																	NOT_ASSIGNED	see FINAL_STATUS and EXCLUSION_REASON
8X9M	False	2025-03-12	test		DROP_INTERNAL_REDUNDANT	Non-representative member of a test homology component	808	1	40.618																	NOT_ASSIGNED	see FINAL_STATUS and EXCLUSION_REASON
8X9N	False	2025-03-12	test		EXCLUDE_MULTI_RNA_CHAIN	RNA_CHAIN_COUNT=2; required exactly 1	808	2	52.863																	NOT_ASSIGNED	see FINAL_STATUS and EXCLUSION_REASON
8X9O	False	2025-03-12	test		DROP_INTERNAL_REDUNDANT	Non-representative member of a test homology component	811	1	40.678																	NOT_ASSIGNED	see FINAL_STATUS and EXCLUSION_REASON
8X9Q	False	2025-03-12	test		DROP_INTERNAL_REDUNDANT	Non-representative member of a test homology component	809	1	43.351																	NOT_ASSIGNED	see FINAL_STATUS and EXCLUSION_REASON
8XTP	False	2025-02-12	test		EXCLUDE_MULTI_RNA_CHAIN	RNA_CHAIN_COUNT=2; required exactly 1	728	2	46.636																	NOT_ASSIGNED	see FINAL_STATUS and EXCLUSION_REASON
8XTQ	False	2025-02-12	test		DROP_INTERNAL_REDUNDANT	Non-representative member of a test homology component	808	1	39.032																	NOT_ASSIGNED	see FINAL_STATUS and EXCLUSION_REASON
8XTR	False	2025-02-12	test		EXCLUDE_MULTI_RNA_CHAIN	RNA_CHAIN_COUNT=2; required exactly 1	814	2	45.317																	NOT_ASSIGNED	see FINAL_STATUS and EXCLUSION_REASON
8XTS	False	2025-02-12	test	test	KEPT		814	1	42.587													False				NOT_AUDITED	server stage paths were not provided
8XZE	False	2024-07-24	test		DROP_INTERNAL_REDUNDANT	Non-representative member of a test homology component	53	1	5.491																	NOT_ASSIGNED	see FINAL_STATUS and EXCLUSION_REASON
8XZK	False	2024-07-24	test		DROP_INTERNAL_REDUNDANT	Non-representative member of a test homology component	53	1	4.622																	NOT_ASSIGNED	see FINAL_STATUS and EXCLUSION_REASON
8XZL	False	2024-07-24	test		DROP_INTERNAL_REDUNDANT	Non-representative member of a test homology component	53	1	5.582																	NOT_ASSIGNED	see FINAL_STATUS and EXCLUSION_REASON
8XZM	False	2024-07-24	test		DROP_INTERNAL_REDUNDANT	Non-representative member of a test homology component	53	1	4.572																	NOT_ASSIGNED	see FINAL_STATUS and EXCLUSION_REASON
8XZN	False	2024-07-24	test		DROP_INTERNAL_REDUNDANT	Non-representative member of a test homology component	53	1	5.389																	NOT_ASSIGNED	see FINAL_STATUS and EXCLUSION_REASON
8XZO	False	2024-07-24	test	test	KEPT		53	1	3.769													False				NOT_AUDITED	server stage paths were not provided
8XZP	False	2024-07-24	test		DROP_INTERNAL_REDUNDANT	Non-representative member of a test homology component	53	1	5.207																	NOT_ASSIGNED	see FINAL_STATUS and EXCLUSION_REASON
8XZQ	False	2024-07-24	test		DROP_INTERNAL_REDUNDANT	Non-representative member of a test homology component	53	1	3.379																	NOT_ASSIGNED	see FINAL_STATUS and EXCLUSION_REASON
8XZR	False	2024-07-24	test		DROP_INTERNAL_REDUNDANT	Non-representative member of a test homology component	53	1	5.341																	NOT_ASSIGNED	see FINAL_STATUS and EXCLUSION_REASON
8XZW	False	2024-07-24	test		DROP_INTERNAL_REDUNDANT	Non-representative member of a test homology component	53	1	5.134																	NOT_ASSIGNED	see FINAL_STATUS and EXCLUSION_REASON
8YAM	False	2024-09-11	test	test	KEPT		33	1	0.72													False				NOT_AUDITED	server stage paths were not provided
8YAN	False	2024-09-11	test	test	KEPT		33	1	0.781													False				NOT_AUDITED	server stage paths were not provided
8YNO	False	2024-11-20	test		EXCLUDE_MULTI_RNA_CHAIN	RNA_CHAIN_COUNT=2; required exactly 1	24	2	0.545																	NOT_ASSIGNED	see FINAL_STATUS and EXCLUSION_REASON
8YNP	False	2025-01-22	test		EXCLUDE_MULTI_RNA_CHAIN	RNA_CHAIN_COUNT=2; required exactly 1	24	2	0.679																	NOT_ASSIGNED	see FINAL_STATUS and EXCLUSION_REASON
8YZL	False	2025-03-12	test		EXCLUDE_MULTI_RNA_CHAIN	RNA_CHAIN_COUNT=2; required exactly 1	20	2	0.701																	NOT_ASSIGNED	see FINAL_STATUS and EXCLUSION_REASON
8Z8Q	False	2025-03-19	test		EXCLUDE_MULTI_RNA_CHAIN	RNA_CHAIN_COUNT=2; required exactly 1	142	2	25.594																	NOT_ASSIGNED	see FINAL_STATUS and EXCLUSION_REASON
8Z8U	False	2025-03-19	test		EXCLUDE_MULTI_RNA_CHAIN	RNA_CHAIN_COUNT=2; required exactly 1	82	2	30.413																	NOT_ASSIGNED	see FINAL_STATUS and EXCLUSION_REASON
8Z9K	False	2025-03-19	test		EXCLUDE_MULTI_RNA_CHAIN	RNA_CHAIN_COUNT=2; required exactly 1	82	2	31.045																	NOT_ASSIGNED	see FINAL_STATUS and EXCLUSION_REASON
8ZA0	False	2025-03-19	test		EXCLUDE_MULTI_RNA_CHAIN	RNA_CHAIN_COUNT=6; required exactly 1	93	6	18.693																	NOT_ASSIGNED	see FINAL_STATUS and EXCLUSION_REASON
8ZA4	False	2025-03-19	test		EXCLUDE_MULTI_RNA_CHAIN	RNA_CHAIN_COUNT=6; required exactly 1	93	6	19.591																	NOT_ASSIGNED	see FINAL_STATUS and EXCLUSION_REASON
8ZAU	False	2025-03-19	test		DROP_REFERENCE_HOMOLOG	Single RNA chain is homologous to final train/val	69	1	19.06																	NOT_ASSIGNED	see FINAL_STATUS and EXCLUSION_REASON
8ZMH	False	2025-03-12	test		DROP_REFERENCE_HOMOLOG	Single RNA chain is homologous to final train/val	169	1	8.799																	NOT_ASSIGNED	see FINAL_STATUS and EXCLUSION_REASON
8ZNQ	False	2025-06-04	test	test	KEPT		30	1	3.33													False				NOT_AUDITED	server stage paths were not provided
9BCI	False	2024-11-27	test	test	KEPT		50	1	2.968													False				NOT_AUDITED	server stage paths were not provided
9BLM	False	2024-11-27	test	test	KEPT		68	1	4.085													False				NOT_AUDITED	server stage paths were not provided
9BUN	False	2024-06-05	test		EXCLUDE_MULTI_RNA_CHAIN	RNA_CHAIN_COUNT=4; required exactly 1	192	4	26.878																	NOT_ASSIGNED	see FINAL_STATUS and EXCLUSION_REASON
9BXE	False	2025-04-02	test		EXCLUDE_MULTI_RNA_CHAIN	RNA_CHAIN_COUNT=2; required exactly 1	22	2	1.387																	NOT_ASSIGNED	see FINAL_STATUS and EXCLUSION_REASON
9BZ1	False	2024-11-27	test		EXCLUDE_MULTI_RNA_CHAIN	RNA_CHAIN_COUNT=2; required exactly 1	178	2	22.799																	NOT_ASSIGNED	see FINAL_STATUS and EXCLUSION_REASON
9BZC	False	2024-11-27	test	test	KEPT		89	1	2.976													False				NOT_AUDITED	server stage paths were not provided
9C6I	False	2024-12-04	test		DROP_REFERENCE_HOMOLOG	Single RNA chain is homologous to final train/val	417	1	1.541																	NOT_ASSIGNED	see FINAL_STATUS and EXCLUSION_REASON
9C6J	False	2024-12-04	test	test	KEPT		495	1	28.31													False				NOT_AUDITED	server stage paths were not provided
9C6K	False	2024-12-04	test		DROP_INTERNAL_REDUNDANT	Non-representative member of a test homology component	497	1	1.521																	NOT_ASSIGNED	see FINAL_STATUS and EXCLUSION_REASON
9CBU	False	2024-11-20	test		DROP_REFERENCE_HOMOLOG	Single RNA chain is homologous to final train/val	387	1	3.236																	NOT_ASSIGNED	see FINAL_STATUS and EXCLUSION_REASON
9CBW	False	2024-11-20	test		DROP_REFERENCE_HOMOLOG	Single RNA chain is homologous to final train/val	387	1	4.354																	NOT_ASSIGNED	see FINAL_STATUS and EXCLUSION_REASON
9CBX	False	2024-11-20	test		DROP_REFERENCE_HOMOLOG	Single RNA chain is homologous to final train/val	387	1	2.3																	NOT_ASSIGNED	see FINAL_STATUS and EXCLUSION_REASON
9CBY	False	2024-11-20	test		DROP_REFERENCE_HOMOLOG	Single RNA chain is homologous to final train/val	387	1	4.106																	NOT_ASSIGNED	see FINAL_STATUS and EXCLUSION_REASON
9CFN	False	2025-07-16	test		EXCLUDE_MULTI_RNA_CHAIN	RNA_CHAIN_COUNT=2; required exactly 1	118	2	21.953																	NOT_ASSIGNED	see FINAL_STATUS and EXCLUSION_REASON
9CPD	False	2024-08-07	test		EXCLUDE_MULTI_RNA_CHAIN	RNA_CHAIN_COUNT=2; required exactly 1	26	2	1.465																	NOT_ASSIGNED	see FINAL_STATUS and EXCLUSION_REASON
9CPG	False	2024-08-07	test		EXCLUDE_MULTI_RNA_CHAIN	RNA_CHAIN_COUNT=2; required exactly 1	26	2	3.001																	NOT_ASSIGNED	see FINAL_STATUS and EXCLUSION_REASON
9CPI	False	2024-08-07	test		EXCLUDE_MULTI_RNA_CHAIN	RNA_CHAIN_COUNT=2; required exactly 1	26	2	3.247																	NOT_ASSIGNED	see FINAL_STATUS and EXCLUSION_REASON
9CPJ	False	2024-08-07	test		EXCLUDE_MULTI_RNA_CHAIN	RNA_CHAIN_COUNT=2; required exactly 1	26	2	3.237																	NOT_ASSIGNED	see FINAL_STATUS and EXCLUSION_REASON
9CSO	False	2025-05-14	test	test	KEPT		16	1	14.33													False				NOT_AUDITED	server stage paths were not provided
9CSP	False	2025-05-14	test	test	KEPT		16	1	14.27													False				NOT_AUDITED	server stage paths were not provided
9CSQ	False	2025-05-14	test	test	KEPT		16	1	14.259													False				NOT_AUDITED	server stage paths were not provided
9CSR	False	2025-05-14	test	test	KEPT		16	1	14.422													False				NOT_AUDITED	server stage paths were not provided
9CXF	False	2025-01-29	test	test	KEPT		592	1	35.67													False				NOT_AUDITED	server stage paths were not provided
9DE6	False	2025-03-12	test		EXCLUDE_MULTI_RNA_CHAIN	RNA_CHAIN_COUNT=2; required exactly 1	114	2	51.654																	NOT_ASSIGNED	see FINAL_STATUS and EXCLUSION_REASON
9DE7	False	2025-03-12	test	test	KEPT		58	1	2.791													False				NOT_AUDITED	server stage paths were not provided
9DE8	False	2025-03-12	test		DROP_INTERNAL_REDUNDANT	Non-representative member of a test homology component	57	1	2.78																	NOT_ASSIGNED	see FINAL_STATUS and EXCLUSION_REASON
9DIB	False	2025-04-09	test		EXCLUDE_MULTI_RNA_CHAIN	RNA_CHAIN_COUNT=2; required exactly 1	222	2	37.125																	NOT_ASSIGNED	see FINAL_STATUS and EXCLUSION_REASON
9DID	False	2025-04-09	test		EXCLUDE_MULTI_RNA_CHAIN	RNA_CHAIN_COUNT=2; required exactly 1	222	2	37.076																	NOT_ASSIGNED	see FINAL_STATUS and EXCLUSION_REASON
9DIG	False	2025-04-09	test		EXCLUDE_MULTI_RNA_CHAIN	RNA_CHAIN_COUNT=2; required exactly 1	222	2	37.865																	NOT_ASSIGNED	see FINAL_STATUS and EXCLUSION_REASON
9DII	False	2025-04-09	test		EXCLUDE_MULTI_RNA_CHAIN	RNA_CHAIN_COUNT=2; required exactly 1	222	2	38.093																	NOT_ASSIGNED	see FINAL_STATUS and EXCLUSION_REASON
9DKG	False	2026-04-08	test		EXCLUDE_MULTI_RNA_CHAIN	RNA_CHAIN_COUNT=2; required exactly 1	26	2	1.106																	NOT_ASSIGNED	see FINAL_STATUS and EXCLUSION_REASON
9DLL	False	2024-09-25	test		EXCLUDE_MULTI_RNA_CHAIN	RNA_CHAIN_COUNT=2; required exactly 1	26	2	2.003																	NOT_ASSIGNED	see FINAL_STATUS and EXCLUSION_REASON
9DLM	False	2026-04-08	test		EXCLUDE_MULTI_RNA_CHAIN	RNA_CHAIN_COUNT=2; required exactly 1	26	2	4.676																	NOT_ASSIGNED	see FINAL_STATUS and EXCLUSION_REASON
9DLN	False	2026-05-06	test		EXCLUDE_MULTI_RNA_CHAIN	RNA_CHAIN_COUNT=2; required exactly 1	26	2	2.612																	NOT_ASSIGNED	see FINAL_STATUS and EXCLUSION_REASON
9DP9	False	2025-05-28	test		DROP_REFERENCE_HOMOLOG	Single RNA chain is homologous to final train/val	440	1	16.743																	NOT_ASSIGNED	see FINAL_STATUS and EXCLUSION_REASON
9DXL	False	2024-10-23	test		EXCLUDE_MULTI_RNA_CHAIN	RNA_CHAIN_COUNT=2; required exactly 1	96	2	25.244																	NOT_ASSIGNED	see FINAL_STATUS and EXCLUSION_REASON
9E5H	False	2025-09-24	test		EXCLUDE_MULTI_RNA_CHAIN	RNA_CHAIN_COUNT=2; required exactly 1	152	2	22.055																	NOT_ASSIGNED	see FINAL_STATUS and EXCLUSION_REASON
9E5I	False	2025-09-24	test		EXCLUDE_MULTI_RNA_CHAIN	RNA_CHAIN_COUNT=2; required exactly 1	152	2	9.837																	NOT_ASSIGNED	see FINAL_STATUS and EXCLUSION_REASON
9E5J	False	2025-09-24	test		EXCLUDE_MULTI_RNA_CHAIN	RNA_CHAIN_COUNT=2; required exactly 1	152	2	10.611																	NOT_ASSIGNED	see FINAL_STATUS and EXCLUSION_REASON
9E5K	False	2025-09-24	test		EXCLUDE_MULTI_RNA_CHAIN	RNA_CHAIN_COUNT=4; required exactly 1	304	4	27.844																	NOT_ASSIGNED	see FINAL_STATUS and EXCLUSION_REASON
9E5L	False	2025-09-24	test		EXCLUDE_MULTI_RNA_CHAIN	RNA_CHAIN_COUNT=2; required exactly 1	152	2	9.848																	NOT_ASSIGNED	see FINAL_STATUS and EXCLUSION_REASON
9E5M	False	2025-09-24	test		EXCLUDE_MULTI_RNA_CHAIN	RNA_CHAIN_COUNT=2; required exactly 1	152	2	27.306																	NOT_ASSIGNED	see FINAL_STATUS and EXCLUSION_REASON
9E5O	False	2025-09-24	test		EXCLUDE_MULTI_RNA_CHAIN	RNA_CHAIN_COUNT=2; required exactly 1	152	2	10.166																	NOT_ASSIGNED	see FINAL_STATUS and EXCLUSION_REASON
9E5P	False	2025-09-24	test		EXCLUDE_MULTI_RNA_CHAIN	RNA_CHAIN_COUNT=2; required exactly 1	152	2	10.848																	NOT_ASSIGNED	see FINAL_STATUS and EXCLUSION_REASON
9E5Q	False	2025-09-24	test		EXCLUDE_MULTI_RNA_CHAIN	RNA_CHAIN_COUNT=2; required exactly 1	152	2	10.743																	NOT_ASSIGNED	see FINAL_STATUS and EXCLUSION_REASON
9E5R	False	2025-09-24	test		EXCLUDE_MULTI_RNA_CHAIN	RNA_CHAIN_COUNT=2; required exactly 1	152	2	10.98																	NOT_ASSIGNED	see FINAL_STATUS and EXCLUSION_REASON
9E5S	False	2025-09-24	test		EXCLUDE_MULTI_RNA_CHAIN	RNA_CHAIN_COUNT=2; required exactly 1	152	2	10.6																	NOT_ASSIGNED	see FINAL_STATUS and EXCLUSION_REASON
9E5T	False	2025-09-24	test		EXCLUDE_MULTI_RNA_CHAIN	RNA_CHAIN_COUNT=2; required exactly 1	152	2	28.244																	NOT_ASSIGNED	see FINAL_STATUS and EXCLUSION_REASON
9E73	False	2025-11-05	test		DROP_INTERNAL_REDUNDANT	Non-representative member of a test homology component	204	1	25.362																	NOT_ASSIGNED	see FINAL_STATUS and EXCLUSION_REASON
9E74	False	2025-11-05	test	test	KEPT		255	1	30.527													False				NOT_AUDITED	server stage paths were not provided
9E75	False	2025-11-05	test	test	KEPT		165	1	27.285													False				NOT_AUDITED	server stage paths were not provided
9E9O	False	2025-11-05	test		DROP_REFERENCE_HOMOLOG	Single RNA chain is homologous to final train/val	101	1	18.262																	NOT_ASSIGNED	see FINAL_STATUS and EXCLUSION_REASON
9E9Q	False	2025-07-09	test		DROP_REFERENCE_HOMOLOG	Single RNA chain is homologous to final train/val	101	1	18.728																	NOT_ASSIGNED	see FINAL_STATUS and EXCLUSION_REASON
9EBP	False	2025-11-19	test		EXCLUDE_MULTI_RNA_CHAIN	RNA_CHAIN_COUNT=2; required exactly 1	162	2	30.593																	NOT_ASSIGNED	see FINAL_STATUS and EXCLUSION_REASON
9EBV	False	2025-11-19	test		EXCLUDE_MULTI_RNA_CHAIN	RNA_CHAIN_COUNT=2; required exactly 1	162	2	30.697																	NOT_ASSIGNED	see FINAL_STATUS and EXCLUSION_REASON
9EC4	False	2025-11-19	test		EXCLUDE_MULTI_RNA_CHAIN	RNA_CHAIN_COUNT=2; required exactly 1	162	2	28.785																	NOT_ASSIGNED	see FINAL_STATUS and EXCLUSION_REASON
9ECQ	False	2025-04-16	test	test	KEPT		17	1	2.559													False				NOT_AUDITED	server stage paths were not provided
9ECR	False	2025-04-16	test	test	KEPT		17	1	2.309													False				NOT_AUDITED	server stage paths were not provided
9ELR	False	2025-09-24	test		EXCLUDE_MULTI_RNA_CHAIN	RNA_CHAIN_COUNT=2; required exactly 1	152	2	27.137																	NOT_ASSIGNED	see FINAL_STATUS and EXCLUSION_REASON
9ELY	False	2025-04-23	test	test	KEPT		205	1	28.204													False				NOT_AUDITED	server stage paths were not provided
9EN6	False	2024-05-01	test		EXCLUDE_MULTI_RNA_CHAIN	RNA_CHAIN_COUNT=4; required exactly 1	24	4	9.959																	NOT_ASSIGNED	see FINAL_STATUS and EXCLUSION_REASON
9EOW	False	2024-06-19	test	test	KEPT		29	1	4.97													False				NOT_AUDITED	server stage paths were not provided
9EWW	False	2025-04-16	test	test	KEPT		120	1	26.478													False				NOT_AUDITED	server stage paths were not provided
9FM4	False	2025-05-07	test	test	KEPT		25	1	4.134													False				NOT_AUDITED	server stage paths were not provided
9FN2	False	2025-01-22	test		EXCLUDE_MULTI_RNA_CHAIN	RNA_CHAIN_COUNT=2; required exactly 1	116	2	24.984																	NOT_ASSIGNED	see FINAL_STATUS and EXCLUSION_REASON
9FN3	False	2025-02-05	test		EXCLUDE_MULTI_RNA_CHAIN	RNA_CHAIN_COUNT=2; required exactly 1	116	2	22.578																	NOT_ASSIGNED	see FINAL_STATUS and EXCLUSION_REASON
9FO8	False	2024-11-06	test	test	KEPT		29	1	5.232													False				NOT_AUDITED	server stage paths were not provided
9FO9	False	2024-11-06	test	test	KEPT		33	1	6.25													False				NOT_AUDITED	server stage paths were not provided
9G4I	False	2025-11-05	test	test	KEPT		296	1	4.147													False				NOT_AUDITED	server stage paths were not provided
9G4J	False	2025-11-05	test		DROP_REFERENCE_HOMOLOG	Single RNA chain is homologous to final train/val	334	1	11.076																	NOT_ASSIGNED	see FINAL_STATUS and EXCLUSION_REASON
9G4L	False	2025-11-05	test		DROP_REFERENCE_HOMOLOG	Single RNA chain is homologous to final train/val	334	1	4.541																	NOT_ASSIGNED	see FINAL_STATUS and EXCLUSION_REASON
9G4P	False	2025-07-30	test		EXCLUDE_MULTI_RNA_CHAIN	RNA_CHAIN_COUNT=2; required exactly 1	68	2	16.87																	NOT_ASSIGNED	see FINAL_STATUS and EXCLUSION_REASON
9G4Q	False	2025-07-30	test		EXCLUDE_MULTI_RNA_CHAIN	RNA_CHAIN_COUNT=2; required exactly 1	104	2	33.282																	NOT_ASSIGNED	see FINAL_STATUS and EXCLUSION_REASON
9G4R	False	2025-07-30	test	test	KEPT		47	1	7.344													False				NOT_AUDITED	server stage paths were not provided
9G4V	False	2025-11-05	test		DROP_INTERNAL_REDUNDANT	Non-representative member of a test homology component	296	1	6.068																	NOT_ASSIGNED	see FINAL_STATUS and EXCLUSION_REASON
9G54	False	2025-11-05	test		DROP_REFERENCE_HOMOLOG	Single RNA chain is homologous to final train/val	362	1	3.168																	NOT_ASSIGNED	see FINAL_STATUS and EXCLUSION_REASON
9G56	False	2025-12-17	test		DROP_INTERNAL_REDUNDANT	Non-representative member of a test homology component	294	1	7.025																	NOT_ASSIGNED	see FINAL_STATUS and EXCLUSION_REASON
9G7C	False	2024-10-30	test	test	KEPT		224	1	29.388													False				NOT_AUDITED	server stage paths were not provided
9H82	False	2024-12-04	test		EXCLUDE_MULTI_RNA_CHAIN	RNA_CHAIN_COUNT=2; required exactly 1	72	2	14.897																	NOT_ASSIGNED	see FINAL_STATUS and EXCLUSION_REASON
9H83	False	2024-12-04	test		EXCLUDE_MULTI_RNA_CHAIN	RNA_CHAIN_COUNT=4; required exactly 1	144	4																		NOT_ASSIGNED	see FINAL_STATUS and EXCLUSION_REASON
9H86	False	2024-12-04	test		EXCLUDE_MULTI_RNA_CHAIN	RNA_CHAIN_COUNT=8; required exactly 1	288	8	49.449																	NOT_ASSIGNED	see FINAL_STATUS and EXCLUSION_REASON
9H8A	False	2024-12-04	test		EXCLUDE_MULTI_RNA_CHAIN	RNA_CHAIN_COUNT=8; required exactly 1	288	8	47.617																	NOT_ASSIGNED	see FINAL_STATUS and EXCLUSION_REASON
9HRD	False	2026-01-14	test		EXCLUDE_MULTI_RNA_CHAIN	RNA_CHAIN_COUNT=4; required exactly 1	272	4	33.964																	NOT_ASSIGNED	see FINAL_STATUS and EXCLUSION_REASON
9HRF	False	2026-01-14	test	test	KEPT		70	1	8.182													False				NOT_AUDITED	server stage paths were not provided
9HRG	False	2026-01-14	test		EXCLUDE_MULTI_RNA_CHAIN	RNA_CHAIN_COUNT=4; required exactly 1	272	4	34.556																	NOT_ASSIGNED	see FINAL_STATUS and EXCLUSION_REASON
9HRO	False	2025-10-01	test	test	KEPT		35	1	3.819													False				NOT_AUDITED	server stage paths were not provided
9I8B	False	2025-03-12	test		EXCLUDE_MULTI_RNA_CHAIN	RNA_CHAIN_COUNT=2; required exactly 1	40	2	3.627																	NOT_ASSIGNED	see FINAL_STATUS and EXCLUSION_REASON
9I9W	False	2025-09-24	test		EXCLUDE_MULTI_RNA_CHAIN	RNA_CHAIN_COUNT=2; required exactly 1	28	2	4.193																	NOT_ASSIGNED	see FINAL_STATUS and EXCLUSION_REASON
9IF0	False	2025-09-24	test		EXCLUDE_MULTI_RNA_CHAIN	RNA_CHAIN_COUNT=2; required exactly 1	30	2	4.359																	NOT_ASSIGNED	see FINAL_STATUS and EXCLUSION_REASON
9IF1	False	2025-09-24	test		EXCLUDE_MULTI_RNA_CHAIN	RNA_CHAIN_COUNT=2; required exactly 1	30	2	2.228																	NOT_ASSIGNED	see FINAL_STATUS and EXCLUSION_REASON
9IO0	False	2025-04-02	test	test	KEPT		19	1	4.278													False				NOT_AUDITED	server stage paths were not provided
9IO1	False	2025-04-02	test	test	KEPT		19	1	4.019													False				NOT_AUDITED	server stage paths were not provided
9IOR	False	2025-04-02	test	test	KEPT		19	1	4.72													False				NOT_AUDITED	server stage paths were not provided
9IOS	False	2025-04-02	test	test	KEPT		19	1	5.282													False				NOT_AUDITED	server stage paths were not provided
9IOU	False	2025-04-02	test	test	KEPT		19	1	5.788													False				NOT_AUDITED	server stage paths were not provided
9IS7	False	2025-02-12	test		EXCLUDE_MULTI_RNA_CHAIN	RNA_CHAIN_COUNT=2; required exactly 1	735	2	47.583																	NOT_ASSIGNED	see FINAL_STATUS and EXCLUSION_REASON
9ISV	False	2025-03-19	test	test	KEPT		580	1	38.831													False				NOT_AUDITED	server stage paths were not provided
9IWF	False	2025-06-04	test		EXCLUDE_MULTI_RNA_CHAIN	RNA_CHAIN_COUNT=2; required exactly 1	138	2	4.053																	NOT_ASSIGNED	see FINAL_STATUS and EXCLUSION_REASON
9IWG	False	2025-06-04	test		EXCLUDE_MULTI_RNA_CHAIN	RNA_CHAIN_COUNT=2; required exactly 1	138	2	4.195																	NOT_ASSIGNED	see FINAL_STATUS and EXCLUSION_REASON
9J3R	False	2025-03-19	test		EXCLUDE_MULTI_RNA_CHAIN	RNA_CHAIN_COUNT=4; required exactly 1	2320	4	82.158																	NOT_ASSIGNED	see FINAL_STATUS and EXCLUSION_REASON
9J3T	False	2025-03-19	test		EXCLUDE_MULTI_RNA_CHAIN	RNA_CHAIN_COUNT=8; required exactly 1	4640	8																		NOT_ASSIGNED	see FINAL_STATUS and EXCLUSION_REASON
9J4N	False	2025-07-09	test	test	KEPT		85	1	3.467													False				NOT_AUDITED	server stage paths were not provided
9J4O	False	2025-07-09	test	test	KEPT		89	1	3.944													False				NOT_AUDITED	server stage paths were not provided
9J6P	False	2025-01-15	test		EXCLUDE_MULTI_RNA_CHAIN	RNA_CHAIN_COUNT=2; required exactly 1	44	2	2.435																	NOT_ASSIGNED	see FINAL_STATUS and EXCLUSION_REASON
9J6Y	False	2025-03-19	test		EXCLUDE_MULTI_RNA_CHAIN	RNA_CHAIN_COUNT=6; required exactly 1	3300	6	90.032																	NOT_ASSIGNED	see FINAL_STATUS and EXCLUSION_REASON
9J9X	False	2026-03-04	test		EXCLUDE_NO_STRICT_RANK1	PDB is absent from rank1_targets.csv	382	1																		NOT_ASSIGNED	see FINAL_STATUS and EXCLUSION_REASON
9JA7	False	2025-09-03	test		DROP_REFERENCE_HOMOLOG	Single RNA chain is homologous to final train/val	33	1	4.215																	NOT_ASSIGNED	see FINAL_STATUS and EXCLUSION_REASON
9JA9	False	2025-09-03	test		DROP_REFERENCE_HOMOLOG	Single RNA chain is homologous to final train/val	33	1	4.177																	NOT_ASSIGNED	see FINAL_STATUS and EXCLUSION_REASON
9JC8	False	2026-03-04	test		DROP_REFERENCE_HOMOLOG	Single RNA chain is homologous to final train/val	382	1	10.486																	NOT_ASSIGNED	see FINAL_STATUS and EXCLUSION_REASON
9JGM	False	2025-06-04	test		EXCLUDE_MULTI_RNA_CHAIN	RNA_CHAIN_COUNT=4; required exactly 1	420	4	37.746																	NOT_ASSIGNED	see FINAL_STATUS and EXCLUSION_REASON
9K9G	False	2026-04-22	test	test	KEPT		334	1	19.559													False				NOT_AUDITED	server stage paths were not provided
9K9H	False	2026-04-22	test		DROP_INTERNAL_REDUNDANT	Non-representative member of a test homology component	334	1	20.303																	NOT_ASSIGNED	see FINAL_STATUS and EXCLUSION_REASON
9K9J	False	2026-04-22	test		DROP_INTERNAL_REDUNDANT	Non-representative member of a test homology component	251	1	5.946																	NOT_ASSIGNED	see FINAL_STATUS and EXCLUSION_REASON
9K9K	False	2026-04-22	test	test	KEPT		249	1	5.819													False				NOT_AUDITED	server stage paths were not provided
9KAD	False	2025-01-22	test		EXCLUDE_MULTI_RNA_CHAIN	RNA_CHAIN_COUNT=2; required exactly 1	28	2	8.428																	NOT_ASSIGNED	see FINAL_STATUS and EXCLUSION_REASON
9KGG	False	2025-11-12	test	test	KEPT		267	1	8.333													False				NOT_AUDITED	server stage paths were not provided
9KGH	False	2025-11-12	test		DROP_INTERNAL_REDUNDANT	Non-representative member of a test homology component	264	1	6.375																	NOT_ASSIGNED	see FINAL_STATUS and EXCLUSION_REASON
9KPH	False	2025-03-19	test		EXCLUDE_MULTI_RNA_CHAIN	RNA_CHAIN_COUNT=2; required exactly 1	510	2	51.421																	NOT_ASSIGNED	see FINAL_STATUS and EXCLUSION_REASON
9KPO	False	2025-03-19	test		EXCLUDE_MULTI_RNA_CHAIN	RNA_CHAIN_COUNT=2; required exactly 1	510	2	39.118																	NOT_ASSIGNED	see FINAL_STATUS and EXCLUSION_REASON
9L0R	False	2025-03-19	test		EXCLUDE_MULTI_RNA_CHAIN	RNA_CHAIN_COUNT=12; required exactly 1	8400	12																		NOT_ASSIGNED	see FINAL_STATUS and EXCLUSION_REASON
9L8F	False	2026-07-01	test	test	KEPT		57	1	8.905													False				NOT_AUDITED	server stage paths were not provided
9LCR	False	2025-03-19	test		EXCLUDE_MULTI_RNA_CHAIN	RNA_CHAIN_COUNT=2; required exactly 1	1156	2	22.027																	NOT_ASSIGNED	see FINAL_STATUS and EXCLUSION_REASON
9LE3	False	2025-09-10	test		EXCLUDE_MULTI_RNA_CHAIN	RNA_CHAIN_COUNT=6; required exactly 1	3120	6	93.022																	NOT_ASSIGNED	see FINAL_STATUS and EXCLUSION_REASON
9LE5	False	2025-09-10	test		DROP_INTERNAL_REDUNDANT	Non-representative member of a test homology component	520	1	44.681																	NOT_ASSIGNED	see FINAL_STATUS and EXCLUSION_REASON
9LE6	False	2025-09-10	test		EXCLUDE_MULTI_RNA_CHAIN	RNA_CHAIN_COUNT=6; required exactly 1	3120	6	96.996																	NOT_ASSIGNED	see FINAL_STATUS and EXCLUSION_REASON
9LEC	False	2025-09-10	test	test	KEPT		378	1	33.708													False				NOT_AUDITED	server stage paths were not provided
9LEE	False	2025-09-10	test		EXCLUDE_MULTI_RNA_CHAIN	RNA_CHAIN_COUNT=10; required exactly 1	3780	10																		NOT_ASSIGNED	see FINAL_STATUS and EXCLUSION_REASON
9LEL	False	2025-09-10	test	test	KEPT		476	1	47.87													False				NOT_AUDITED	server stage paths were not provided
9LEM	False	2025-09-10	test		EXCLUDE_MULTI_RNA_CHAIN	RNA_CHAIN_COUNT=10; required exactly 1	4760	10																		NOT_ASSIGNED	see FINAL_STATUS and EXCLUSION_REASON
9LHK	False	2025-09-10	test	test	KEPT		833	1	55.607													False				NOT_AUDITED	server stage paths were not provided
9LHL	False	2025-09-10	test		EXCLUDE_MULTI_RNA_CHAIN	RNA_CHAIN_COUNT=14; required exactly 1	11662	14																		NOT_ASSIGNED	see FINAL_STATUS and EXCLUSION_REASON
9LJN	False	2025-11-26	test		DROP_INTERNAL_REDUNDANT	Non-representative member of a test homology component	71	1	5.571																	NOT_ASSIGNED	see FINAL_STATUS and EXCLUSION_REASON
9LKC	False	2025-11-26	test		DROP_INTERNAL_REDUNDANT	Non-representative member of a test homology component	71	1	6.114																	NOT_ASSIGNED	see FINAL_STATUS and EXCLUSION_REASON
9LKE	False	2025-11-26	test	test	KEPT		70	1	5.518													False				NOT_AUDITED	server stage paths were not provided
9LKF	False	2025-11-26	test		DROP_INTERNAL_REDUNDANT	Non-representative member of a test homology component	71	1	5.853																	NOT_ASSIGNED	see FINAL_STATUS and EXCLUSION_REASON
9LKU	False	2025-08-20	test		DROP_INTERNAL_REDUNDANT	Non-representative member of a test homology component	65	1	3.647																	NOT_ASSIGNED	see FINAL_STATUS and EXCLUSION_REASON
9LKV	False	2025-08-20	test		DROP_INTERNAL_REDUNDANT	Non-representative member of a test homology component	73	1	3.797																	NOT_ASSIGNED	see FINAL_STATUS and EXCLUSION_REASON
9LKW	False	2025-08-20	test		DROP_INTERNAL_REDUNDANT	Non-representative member of a test homology component	65	1	3.967																	NOT_ASSIGNED	see FINAL_STATUS and EXCLUSION_REASON
9LMC	False	2025-11-26	test		EXCLUDE_MULTI_RNA_CHAIN	RNA_CHAIN_COUNT=2; required exactly 1	142	2	25.143																	NOT_ASSIGNED	see FINAL_STATUS and EXCLUSION_REASON
9LMF	False	2025-03-19	test		EXCLUDE_MULTI_RNA_CHAIN	RNA_CHAIN_COUNT=10; required exactly 1	7000	10																		NOT_ASSIGNED	see FINAL_STATUS and EXCLUSION_REASON
9M78	False	2025-09-10	test		EXCLUDE_MULTI_RNA_CHAIN	RNA_CHAIN_COUNT=6; required exactly 1	3120	6	82.485																	NOT_ASSIGNED	see FINAL_STATUS and EXCLUSION_REASON
9M79	False	2025-09-10	test	test	KEPT		520	1	43.871													False				NOT_AUDITED	server stage paths were not provided
9MCW	False	2025-04-23	test		EXCLUDE_MULTI_RNA_CHAIN	RNA_CHAIN_COUNT=2; required exactly 1	1154	2	49.45																	NOT_ASSIGNED	see FINAL_STATUS and EXCLUSION_REASON
9MDS	False	2025-04-30	test		EXCLUDE_MULTI_RNA_CHAIN	RNA_CHAIN_COUNT=8; required exactly 1	5200	8																		NOT_ASSIGNED	see FINAL_STATUS and EXCLUSION_REASON
9MDW	False	2025-05-14	test	test	KEPT		16	1	14.37													False				NOT_AUDITED	server stage paths were not provided
9MDX	False	2025-05-14	test	test	KEPT		16	1	14.572													False				NOT_AUDITED	server stage paths were not provided
9MDY	False	2025-05-14	test	test	KEPT		16	1	14.308													False				NOT_AUDITED	server stage paths were not provided
9MEE	False	2025-04-30	test		EXCLUDE_MULTI_RNA_CHAIN	RNA_CHAIN_COUNT=14; required exactly 1	11662	14																		NOT_ASSIGNED	see FINAL_STATUS and EXCLUSION_REASON
9MFH	False	2025-09-24	test	test	KEPT		76	1	5.011													False				NOT_AUDITED	server stage paths were not provided
9MM6	False	2025-06-04	test		EXCLUDE_MULTI_RNA_CHAIN	RNA_CHAIN_COUNT=8; required exactly 1	4640	8																		NOT_ASSIGNED	see FINAL_STATUS and EXCLUSION_REASON
9MME	False	2025-06-04	test		EXCLUDE_MULTI_RNA_CHAIN	RNA_CHAIN_COUNT=8; required exactly 1	4640	8																		NOT_ASSIGNED	see FINAL_STATUS and EXCLUSION_REASON
9MMG	False	2025-06-04	test		DROP_INTERNAL_REDUNDANT	Non-representative member of a test homology component	580	1	51.033																	NOT_ASSIGNED	see FINAL_STATUS and EXCLUSION_REASON
9MQS	False	2025-04-30	test		DROP_INTERNAL_REDUNDANT	Non-representative member of a test homology component	332	1	9.019																	NOT_ASSIGNED	see FINAL_STATUS and EXCLUSION_REASON
9MQT	False	2025-04-30	test	test	KEPT		332	1	9.17													False				NOT_AUDITED	server stage paths were not provided
9MQU	False	2025-04-30	test		DROP_INTERNAL_REDUNDANT	Non-representative member of a test homology component	332	1	9.117																	NOT_ASSIGNED	see FINAL_STATUS and EXCLUSION_REASON
9NA1	False	2026-03-04	test		EXCLUDE_MULTI_RNA_CHAIN	RNA_CHAIN_COUNT=2; required exactly 1	198	2	36.282																	NOT_ASSIGNED	see FINAL_STATUS and EXCLUSION_REASON
9NA7	False	2026-03-04	test		EXCLUDE_MULTI_RNA_CHAIN	RNA_CHAIN_COUNT=2; required exactly 1	198	2	42.145																	NOT_ASSIGNED	see FINAL_STATUS and EXCLUSION_REASON
9NAK	False	2026-03-04	test		EXCLUDE_MULTI_RNA_CHAIN	RNA_CHAIN_COUNT=2; required exactly 1	336	2	34.578																	NOT_ASSIGNED	see FINAL_STATUS and EXCLUSION_REASON
9NAM	False	2026-03-04	test	test	KEPT		129	1	12.733													False				NOT_AUDITED	server stage paths were not provided
9NAP	False	2026-03-04	test		DROP_INTERNAL_REDUNDANT	Non-representative member of a test homology component	129	1	20.783																	NOT_ASSIGNED	see FINAL_STATUS and EXCLUSION_REASON
9NAS	False	2026-03-04	test		EXCLUDE_MULTI_RNA_CHAIN	RNA_CHAIN_COUNT=4; required exactly 1	452	4	42.796																	NOT_ASSIGNED	see FINAL_STATUS and EXCLUSION_REASON
9NBC	False	2026-03-04	test	test	KEPT		160	1	1.53													False				NOT_AUDITED	server stage paths were not provided
9NBH	False	2026-03-04	test		EXCLUDE_MULTI_RNA_CHAIN	RNA_CHAIN_COUNT=4; required exactly 1	640	4	41.263																	NOT_ASSIGNED	see FINAL_STATUS and EXCLUSION_REASON
9NDD	False	2026-03-04	test		EXCLUDE_MULTI_RNA_CHAIN	RNA_CHAIN_COUNT=4; required exactly 1	640	4	53.439																	NOT_ASSIGNED	see FINAL_STATUS and EXCLUSION_REASON
9NDV	False	2026-03-04	test	test	KEPT		166	1	5.268													False				NOT_AUDITED	server stage paths were not provided
9NDW	False	2026-03-04	test		EXCLUDE_MULTI_RNA_CHAIN	RNA_CHAIN_COUNT=2; required exactly 1	332	2	48.302																	NOT_ASSIGNED	see FINAL_STATUS and EXCLUSION_REASON
9NDX	False	2026-03-04	test		EXCLUDE_MULTI_RNA_CHAIN	RNA_CHAIN_COUNT=2; required exactly 1	332	2	60.933																	NOT_ASSIGNED	see FINAL_STATUS and EXCLUSION_REASON
9O47	False	2026-04-22	test		EXCLUDE_MULTI_RNA_CHAIN	RNA_CHAIN_COUNT=2; required exactly 1	24	2																		NOT_ASSIGNED	see FINAL_STATUS and EXCLUSION_REASON
9OBM	False	2025-07-16	test	test	KEPT		73	1	6.236													False				NOT_AUDITED	server stage paths were not provided
9OD4	False	2025-10-15	test	test	KEPT		23	1	0.848													False				NOT_AUDITED	server stage paths were not provided
9OD5	False	2025-10-15	test		DROP_INTERNAL_REDUNDANT	Non-representative member of a test homology component	23	1	2.037																	NOT_ASSIGNED	see FINAL_STATUS and EXCLUSION_REASON
9OL2	False	2025-10-22	test		EXCLUDE_MULTI_RNA_CHAIN	RNA_CHAIN_COUNT=2; required exactly 1	28	2	0.219																	NOT_ASSIGNED	see FINAL_STATUS and EXCLUSION_REASON
9OL3	False	2025-10-22	test		EXCLUDE_MULTI_RNA_CHAIN	RNA_CHAIN_COUNT=2; required exactly 1	28	2	0.286																	NOT_ASSIGNED	see FINAL_STATUS and EXCLUSION_REASON
9OV3	False	2026-05-20	test		DROP_REFERENCE_HOMOLOG	Single RNA chain is homologous to final train/val	417	1	10.216																	NOT_ASSIGNED	see FINAL_STATUS and EXCLUSION_REASON
9OV6	False	2026-05-20	test		DROP_REFERENCE_HOMOLOG	Single RNA chain is homologous to final train/val	417	1	8.121																	NOT_ASSIGNED	see FINAL_STATUS and EXCLUSION_REASON
9OV7	False	2026-05-20	test		DROP_REFERENCE_HOMOLOG	Single RNA chain is homologous to final train/val	417	1	10.424																	NOT_ASSIGNED	see FINAL_STATUS and EXCLUSION_REASON
9OV8	False	2026-05-20	test		DROP_REFERENCE_HOMOLOG	Single RNA chain is homologous to final train/val	417	1	10.218																	NOT_ASSIGNED	see FINAL_STATUS and EXCLUSION_REASON
9OVB	False	2026-05-20	test		DROP_REFERENCE_HOMOLOG	Single RNA chain is homologous to final train/val	417	1	10.793																	NOT_ASSIGNED	see FINAL_STATUS and EXCLUSION_REASON
9OVC	False	2026-05-20	test		DROP_REFERENCE_HOMOLOG	Single RNA chain is homologous to final train/val	417	1	11.079																	NOT_ASSIGNED	see FINAL_STATUS and EXCLUSION_REASON
9OWJ	False	2026-05-20	test		EXCLUDE_MULTI_RNA_CHAIN	RNA_CHAIN_COUNT=3; required exactly 1	601	3	17.881																	NOT_ASSIGNED	see FINAL_STATUS and EXCLUSION_REASON
9OWK	False	2026-06-03	test		EXCLUDE_MULTI_RNA_CHAIN	RNA_CHAIN_COUNT=3; required exactly 1	601	3	16.322																	NOT_ASSIGNED	see FINAL_STATUS and EXCLUSION_REASON
9OWL	False	2026-05-20	test		EXCLUDE_MULTI_RNA_CHAIN	RNA_CHAIN_COUNT=2; required exactly 1	492	2	11.548																	NOT_ASSIGNED	see FINAL_STATUS and EXCLUSION_REASON
9OWM	False	2026-05-20	test		EXCLUDE_MULTI_RNA_CHAIN	RNA_CHAIN_COUNT=2; required exactly 1	492	2	11.723																	NOT_ASSIGNED	see FINAL_STATUS and EXCLUSION_REASON
9OWN	False	2026-05-06	test		EXCLUDE_MULTI_RNA_CHAIN	RNA_CHAIN_COUNT=2; required exactly 1	509	2	11.634																	NOT_ASSIGNED	see FINAL_STATUS and EXCLUSION_REASON
9OWO	False	2026-06-10	test		EXCLUDE_MULTI_RNA_CHAIN	RNA_CHAIN_COUNT=2; required exactly 1	509	2	20.073																	NOT_ASSIGNED	see FINAL_STATUS and EXCLUSION_REASON
9OWP	False	2026-06-10	test		EXCLUDE_MULTI_RNA_CHAIN	RNA_CHAIN_COUNT=2; required exactly 1	509	2	21.21																	NOT_ASSIGNED	see FINAL_STATUS and EXCLUSION_REASON
9OWQ	False	2026-05-06	test		EXCLUDE_MULTI_RNA_CHAIN	RNA_CHAIN_COUNT=2; required exactly 1	529	2	15.224																	NOT_ASSIGNED	see FINAL_STATUS and EXCLUSION_REASON
9OY2	False	2026-05-20	test		DROP_REFERENCE_HOMOLOG	Single RNA chain is homologous to final train/val	417	1	14.632																	NOT_ASSIGNED	see FINAL_STATUS and EXCLUSION_REASON
9OY3	False	2026-05-20	test		DROP_REFERENCE_HOMOLOG	Single RNA chain is homologous to final train/val	417	1	11.829																	NOT_ASSIGNED	see FINAL_STATUS and EXCLUSION_REASON
9OY4	False	2026-05-20	test		DROP_REFERENCE_HOMOLOG	Single RNA chain is homologous to final train/val	417	1	12.846																	NOT_ASSIGNED	see FINAL_STATUS and EXCLUSION_REASON
9PDE	False	2026-02-04	test	test	KEPT		29	1	2.448													False				NOT_AUDITED	server stage paths were not provided
9PDF	False	2026-02-04	test		DROP_REFERENCE_HOMOLOG	Single RNA chain is homologous to final train/val	29	1	2.389																	NOT_ASSIGNED	see FINAL_STATUS and EXCLUSION_REASON
9PDG	False	2026-02-04	test		DROP_REFERENCE_HOMOLOG	Single RNA chain is homologous to final train/val	29	1	3.233																	NOT_ASSIGNED	see FINAL_STATUS and EXCLUSION_REASON
9Q0I	False	2026-04-29	test		EXCLUDE_MULTI_RNA_CHAIN	RNA_CHAIN_COUNT=6; required exactly 1	96	6																		NOT_ASSIGNED	see FINAL_STATUS and EXCLUSION_REASON
9Q0J	False	2026-04-29	test		EXCLUDE_MULTI_RNA_CHAIN	RNA_CHAIN_COUNT=3; required exactly 1	48	3																		NOT_ASSIGNED	see FINAL_STATUS and EXCLUSION_REASON
9Q3C	False	2025-11-05	test		EXCLUDE_MULTI_RNA_CHAIN	RNA_CHAIN_COUNT=14; required exactly 1	112	14	30.104																	NOT_ASSIGNED	see FINAL_STATUS and EXCLUSION_REASON
9QTJ	False	2026-02-18	test	test	KEPT		481	1	9.597													False				NOT_AUDITED	server stage paths were not provided
9QU6	False	2026-02-25	test		EXCLUDE_MULTI_RNA_CHAIN	RNA_CHAIN_COUNT=2; required exactly 1	401	2	7.516																	NOT_ASSIGNED	see FINAL_STATUS and EXCLUSION_REASON
9QU7	False	2026-02-25	test		EXCLUDE_MULTI_RNA_CHAIN	RNA_CHAIN_COUNT=2; required exactly 1	792	2	15.409																	NOT_ASSIGNED	see FINAL_STATUS and EXCLUSION_REASON
9QZJ	False	2025-10-01	test	test	KEPT		19	1	3.394													False				NOT_AUDITED	server stage paths were not provided
9R7Q	False	2026-02-25	test	test	KEPT		238	1	9.997													False				NOT_AUDITED	server stage paths were not provided
9R7W	False	2026-02-25	test	test	KEPT		552	1	39.147													False				NOT_AUDITED	server stage paths were not provided
9R82	False	2026-02-25	test		EXCLUDE_NO_STRICT_RANK1	PDB is absent from rank1_targets.csv	728	1																		NOT_ASSIGNED	see FINAL_STATUS and EXCLUSION_REASON
9RB4	False	2026-06-03	test		EXCLUDE_NO_STRICT_RANK1	PDB is absent from rank1_targets.csv	27	1																		NOT_ASSIGNED	see FINAL_STATUS and EXCLUSION_REASON
9S1D	False	2026-07-22	test		EXCLUDE_MULTI_RNA_CHAIN	RNA_CHAIN_COUNT=3; required exactly 1	62	3	12.481																	NOT_ASSIGNED	see FINAL_STATUS and EXCLUSION_REASON
9SD9	False	2026-06-10	test		EXCLUDE_MULTI_RNA_CHAIN	RNA_CHAIN_COUNT=2; required exactly 1	1440	2																		NOT_ASSIGNED	see FINAL_STATUS and EXCLUSION_REASON
9SXV	False	2025-11-12	test		DROP_REFERENCE_HOMOLOG	Single RNA chain is homologous to final train/val	14	1	2.017																	NOT_ASSIGNED	see FINAL_STATUS and EXCLUSION_REASON
9SY4	False	2025-11-12	test		DROP_REFERENCE_HOMOLOG	Single RNA chain is homologous to final train/val	14	1	1.869																	NOT_ASSIGNED	see FINAL_STATUS and EXCLUSION_REASON
9SY8	False	2026-06-24	test	test	KEPT		14	1	2.103													False				NOT_AUDITED	server stage paths were not provided
9SYC	False	2026-06-24	test		DROP_INTERNAL_REDUNDANT	Non-representative member of a test homology component	14	1	3.204																	NOT_ASSIGNED	see FINAL_STATUS and EXCLUSION_REASON
9SYD	False	2026-06-24	test		DROP_INTERNAL_REDUNDANT	Non-representative member of a test homology component	14	1	2.341																	NOT_ASSIGNED	see FINAL_STATUS and EXCLUSION_REASON
9SYE	False	2026-06-24	test		DROP_INTERNAL_REDUNDANT	Non-representative member of a test homology component	14	1	1.807																	NOT_ASSIGNED	see FINAL_STATUS and EXCLUSION_REASON
9SYF	False	2026-06-24	test		DROP_INTERNAL_REDUNDANT	Non-representative member of a test homology component	14	1	1.341																	NOT_ASSIGNED	see FINAL_STATUS and EXCLUSION_REASON
9TCA	False	2026-02-11	test		EXCLUDE_MULTI_RNA_CHAIN	RNA_CHAIN_COUNT=4; required exactly 1	30	4	9.586																	NOT_ASSIGNED	see FINAL_STATUS and EXCLUSION_REASON
9TCG	False	2026-02-11	test		EXCLUDE_MULTI_RNA_CHAIN	RNA_CHAIN_COUNT=4; required exactly 1	30	4	10.289																	NOT_ASSIGNED	see FINAL_STATUS and EXCLUSION_REASON
9UUG	False	2026-06-10	test	test	KEPT		59	1	3.043													False				NOT_AUDITED	server stage paths were not provided
9UW0	False	2025-08-20	test	test	KEPT		65	1	3.94													False				NOT_AUDITED	server stage paths were not provided
9V4U	False	2025-11-26	test		DROP_INTERNAL_REDUNDANT	Non-representative member of a test homology component	71	1	5.312																	NOT_ASSIGNED	see FINAL_STATUS and EXCLUSION_REASON
9V4V	False	2025-11-26	test		DROP_INTERNAL_REDUNDANT	Non-representative member of a test homology component	71	1	5.715																	NOT_ASSIGNED	see FINAL_STATUS and EXCLUSION_REASON
9V4X	False	2025-11-26	test		DROP_INTERNAL_REDUNDANT	Non-representative member of a test homology component	71	1	5.353																	NOT_ASSIGNED	see FINAL_STATUS and EXCLUSION_REASON
9V4Y	False	2025-11-26	test		DROP_INTERNAL_REDUNDANT	Non-representative member of a test homology component	71	1	5.557																	NOT_ASSIGNED	see FINAL_STATUS and EXCLUSION_REASON
9V4Z	False	2025-11-26	test		DROP_INTERNAL_REDUNDANT	Non-representative member of a test homology component	71	1	6.069																	NOT_ASSIGNED	see FINAL_STATUS and EXCLUSION_REASON
9V50	False	2025-11-26	test		DROP_INTERNAL_REDUNDANT	Non-representative member of a test homology component	71	1	6.02																	NOT_ASSIGNED	see FINAL_STATUS and EXCLUSION_REASON
9V51	False	2025-11-26	test		DROP_INTERNAL_REDUNDANT	Non-representative member of a test homology component	71	1	5.835																	NOT_ASSIGNED	see FINAL_STATUS and EXCLUSION_REASON
9V7N	False	2026-03-25	test		EXCLUDE_MULTI_RNA_CHAIN	RNA_CHAIN_COUNT=3; required exactly 1	852	3	1.772																	NOT_ASSIGNED	see FINAL_STATUS and EXCLUSION_REASON
9V7O	False	2026-03-25	test		EXCLUDE_MULTI_RNA_CHAIN	RNA_CHAIN_COUNT=3; required exactly 1	852	3	1.696																	NOT_ASSIGNED	see FINAL_STATUS and EXCLUSION_REASON
9V7P	False	2026-03-25	test		DROP_INTERNAL_REDUNDANT	Non-representative member of a test homology component	207	1	2.531																	NOT_ASSIGNED	see FINAL_STATUS and EXCLUSION_REASON
9V7Q	False	2026-03-25	test		DROP_INTERNAL_REDUNDANT	Non-representative member of a test homology component	203	1	2.045																	NOT_ASSIGNED	see FINAL_STATUS and EXCLUSION_REASON
9VMZ	False	2026-07-01	test		EXCLUDE_NO_STRICT_RANK1	PDB is absent from rank1_targets.csv	49	1																		NOT_ASSIGNED	see FINAL_STATUS and EXCLUSION_REASON
9VSN	False	2026-05-20	test		EXCLUDE_MULTI_RNA_CHAIN	RNA_CHAIN_COUNT=2; required exactly 1	46	2	2.25																	NOT_ASSIGNED	see FINAL_STATUS and EXCLUSION_REASON
9W1L	False	2026-01-28	test	test	KEPT		26	1	8.238													False				NOT_AUDITED	server stage paths were not provided
9WHV	False	2025-10-15	test		EXCLUDE_MULTI_RNA_CHAIN	RNA_CHAIN_COUNT=8; required exactly 1	80	8	21.113																	NOT_ASSIGNED	see FINAL_STATUS and EXCLUSION_REASON
9X6B	False	2026-03-25	test	test	KEPT		201	1	1.865													False				NOT_AUDITED	server stage paths were not provided
9YD3	False	2025-10-22	test		EXCLUDE_MULTI_RNA_CHAIN	RNA_CHAIN_COUNT=2; required exactly 1	30	2	0.269																	NOT_ASSIGNED	see FINAL_STATUS and EXCLUSION_REASON
9Z6I	False	2026-05-27	test	test	KEPT		155	1	25.986													False				NOT_AUDITED	server stage paths were not provided
9ZBQ	False	2025-12-03	test		DROP_REFERENCE_HOMOLOG	Single RNA chain is homologous to final train/val	388	1	5.199																	NOT_ASSIGNED	see FINAL_STATUS and EXCLUSION_REASON
9ZBR	False	2025-12-03	test		DROP_REFERENCE_HOMOLOG	Single RNA chain is homologous to final train/val	387	1	12.807																	NOT_ASSIGNED	see FINAL_STATUS and EXCLUSION_REASON
9ZC6	False	2025-12-03	test		DROP_REFERENCE_HOMOLOG	Single RNA chain is homologous to final train/val	388	1	13.404																	NOT_ASSIGNED	see FINAL_STATUS and EXCLUSION_REASON
9ZC7	False	2025-12-03	test		DROP_REFERENCE_HOMOLOG	Single RNA chain is homologous to final train/val	720	1	47.536																	NOT_ASSIGNED	see FINAL_STATUS and EXCLUSION_REASON
9ZC8	False	2025-12-03	test		EXCLUDE_MULTI_RNA_CHAIN	RNA_CHAIN_COUNT=2; required exactly 1	1440	2																		NOT_ASSIGNED	see FINAL_STATUS and EXCLUSION_REASON
9ZC9	False	2025-12-03	test	test	KEPT		730	1	50.49													False				NOT_AUDITED	server stage paths were not provided
9ZCA	False	2025-12-10	test		EXCLUDE_MULTI_RNA_CHAIN	RNA_CHAIN_COUNT=2; required exactly 1	1460	2																		NOT_ASSIGNED	see FINAL_STATUS and EXCLUSION_REASON
9ZCB	False	2025-12-10	test		EXCLUDE_MULTI_RNA_CHAIN	RNA_CHAIN_COUNT=2; required exactly 1	1460	2																		NOT_ASSIGNED	see FINAL_STATUS and EXCLUSION_REASON
9ZCC	False	2025-12-03	test		EXCLUDE_MULTI_RNA_CHAIN	RNA_CHAIN_COUNT=2; required exactly 1	1460	2																		NOT_ASSIGNED	see FINAL_STATUS and EXCLUSION_REASON
9ZDV	False	2026-05-13	test		DROP_REFERENCE_HOMOLOG	Single RNA chain is homologous to final train/val	417	1	11.856																	NOT_ASSIGNED	see FINAL_STATUS and EXCLUSION_REASON
9ZF2	False	2026-05-13	test		DROP_REFERENCE_HOMOLOG	Single RNA chain is homologous to final train/val	417	1	15.206																	NOT_ASSIGNED	see FINAL_STATUS and EXCLUSION_REASON
9ZF3	False	2026-05-13	test		DROP_REFERENCE_HOMOLOG	Single RNA chain is homologous to final train/val	417	1	13.239																	NOT_ASSIGNED	see FINAL_STATUS and EXCLUSION_REASON
9ZF5	False	2026-05-13	test		DROP_REFERENCE_HOMOLOG	Single RNA chain is homologous to final train/val	417	1	14.331																	NOT_ASSIGNED	see FINAL_STATUS and EXCLUSION_REASON
9ZF9	False	2026-05-13	test		DROP_REFERENCE_HOMOLOG	Single RNA chain is homologous to final train/val	417	1	11.983																	NOT_ASSIGNED	see FINAL_STATUS and EXCLUSION_REASON
9ZFC	False	2026-05-13	test		DROP_REFERENCE_HOMOLOG	Single RNA chain is homologous to final train/val	417	1	13.517																	NOT_ASSIGNED	see FINAL_STATUS and EXCLUSION_REASON
9ZFD	False	2026-05-13	test		DROP_REFERENCE_HOMOLOG	Single RNA chain is homologous to final train/val	417	1	13.209																	NOT_ASSIGNED	see FINAL_STATUS and EXCLUSION_REASON
9ZGM	False	2026-05-13	test		DROP_REFERENCE_HOMOLOG	Single RNA chain is homologous to final train/val	417	1	14.15																	NOT_ASSIGNED	see FINAL_STATUS and EXCLUSION_REASON
9ZGN	False	2026-05-13	test		DROP_REFERENCE_HOMOLOG	Single RNA chain is homologous to final train/val	417	1	15.46																	NOT_ASSIGNED	see FINAL_STATUS and EXCLUSION_REASON
9ZGO	False	2026-05-13	test		DROP_REFERENCE_HOMOLOG	Single RNA chain is homologous to final train/val	417	1	14.856																	NOT_ASSIGNED	see FINAL_STATUS and EXCLUSION_REASON
9ZGP	False	2026-05-13	test		DROP_REFERENCE_HOMOLOG	Single RNA chain is homologous to final train/val	417	1	15.006																	NOT_ASSIGNED	see FINAL_STATUS and EXCLUSION_REASON
9ZGQ	False	2026-05-13	test		DROP_REFERENCE_HOMOLOG	Single RNA chain is homologous to final train/val	417	1	13.678																	NOT_ASSIGNED	see FINAL_STATUS and EXCLUSION_REASON
9ZGR	False	2026-05-13	test		DROP_REFERENCE_HOMOLOG	Single RNA chain is homologous to final train/val	417	1	14.225																	NOT_ASSIGNED	see FINAL_STATUS and EXCLUSION_REASON
9ZGS	False	2026-05-13	test		DROP_REFERENCE_HOMOLOG	Single RNA chain is homologous to final train/val	417	1	13.485																	NOT_ASSIGNED	see FINAL_STATUS and EXCLUSION_REASON
9ZGT	False	2026-05-13	test		DROP_REFERENCE_HOMOLOG	Single RNA chain is homologous to final train/val	417	1	14.069																	NOT_ASSIGNED	see FINAL_STATUS and EXCLUSION_REASON
9ZGU	False	2026-05-13	test		DROP_REFERENCE_HOMOLOG	Single RNA chain is homologous to final train/val	417	1	12.331																	NOT_ASSIGNED	see FINAL_STATUS and EXCLUSION_REASON
9ZGV	False	2026-05-13	test		DROP_REFERENCE_HOMOLOG	Single RNA chain is homologous to final train/val	417	1	13.1																	NOT_ASSIGNED	see FINAL_STATUS and EXCLUSION_REASON
9ZGW	False	2026-05-13	test		DROP_REFERENCE_HOMOLOG	Single RNA chain is homologous to final train/val	417	1	13.309																	NOT_ASSIGNED	see FINAL_STATUS and EXCLUSION_REASON
9ZGX	False	2026-05-13	test		DROP_REFERENCE_HOMOLOG	Single RNA chain is homologous to final train/val	417	1	14.053																	NOT_ASSIGNED	see FINAL_STATUS and EXCLUSION_REASON
9ZGY	False	2026-05-13	test		DROP_REFERENCE_HOMOLOG	Single RNA chain is homologous to final train/val	417	1	12.486																	NOT_ASSIGNED	see FINAL_STATUS and EXCLUSION_REASON
9ZGZ	False	2026-05-13	test		DROP_REFERENCE_HOMOLOG	Single RNA chain is homologous to final train/val	417	1	13.196																	NOT_ASSIGNED	see FINAL_STATUS and EXCLUSION_REASON
9ZH0	False	2026-05-13	test		DROP_REFERENCE_HOMOLOG	Single RNA chain is homologous to final train/val	417	1	11.355																	NOT_ASSIGNED	see FINAL_STATUS and EXCLUSION_REASON
9ZH1	False	2026-05-13	test		DROP_REFERENCE_HOMOLOG	Single RNA chain is homologous to final train/val	417	1	11.843																	NOT_ASSIGNED	see FINAL_STATUS and EXCLUSION_REASON
9ZH2	False	2026-05-13	test		DROP_REFERENCE_HOMOLOG	Single RNA chain is homologous to final train/val	417	1	13.652																	NOT_ASSIGNED	see FINAL_STATUS and EXCLUSION_REASON
9ZH5	False	2026-05-13	test		DROP_REFERENCE_HOMOLOG	Single RNA chain is homologous to final train/val	417	1	14.531																	NOT_ASSIGNED	see FINAL_STATUS and EXCLUSION_REASON
9ZH7	False	2026-05-13	test		DROP_REFERENCE_HOMOLOG	Single RNA chain is homologous to final train/val	417	1	13.936																	NOT_ASSIGNED	see FINAL_STATUS and EXCLUSION_REASON
9ZH9	False	2026-05-13	test		DROP_REFERENCE_HOMOLOG	Single RNA chain is homologous to final train/val	417	1	14.001																	NOT_ASSIGNED	see FINAL_STATUS and EXCLUSION_REASON
9ZHA	False	2026-05-13	test		DROP_REFERENCE_HOMOLOG	Single RNA chain is homologous to final train/val	417	1	11.565																	NOT_ASSIGNED	see FINAL_STATUS and EXCLUSION_REASON
9ZHB	False	2026-05-13	test		DROP_REFERENCE_HOMOLOG	Single RNA chain is homologous to final train/val	417	1	12.389																	NOT_ASSIGNED	see FINAL_STATUS and EXCLUSION_REASON
9ZHC	False	2026-05-13	test		DROP_REFERENCE_HOMOLOG	Single RNA chain is homologous to final train/val	417	1	11.163																	NOT_ASSIGNED	see FINAL_STATUS and EXCLUSION_REASON
9ZHD	False	2026-05-13	test		DROP_REFERENCE_HOMOLOG	Single RNA chain is homologous to final train/val	417	1	12.556																	NOT_ASSIGNED	see FINAL_STATUS and EXCLUSION_REASON
9ZHE	False	2026-05-13	test		DROP_REFERENCE_HOMOLOG	Single RNA chain is homologous to final train/val	417	1	12.609																	NOT_ASSIGNED	see FINAL_STATUS and EXCLUSION_REASON
9ZHF	False	2026-05-13	test		DROP_REFERENCE_HOMOLOG	Single RNA chain is homologous to final train/val	417	1	12.319																	NOT_ASSIGNED	see FINAL_STATUS and EXCLUSION_REASON
9ZHG	False	2026-05-13	test		DROP_REFERENCE_HOMOLOG	Single RNA chain is homologous to final train/val	417	1	11.197																	NOT_ASSIGNED	see FINAL_STATUS and EXCLUSION_REASON
9ZHI	False	2026-05-13	test		DROP_REFERENCE_HOMOLOG	Single RNA chain is homologous to final train/val	417	1	13.814																	NOT_ASSIGNED	see FINAL_STATUS and EXCLUSION_REASON
9ZHJ	False	2026-05-13	test		DROP_REFERENCE_HOMOLOG	Single RNA chain is homologous to final train/val	417	1	14.814																	NOT_ASSIGNED	see FINAL_STATUS and EXCLUSION_REASON
9ZHK	False	2026-05-13	test		DROP_REFERENCE_HOMOLOG	Single RNA chain is homologous to final train/val	417	1	15.761																	NOT_ASSIGNED	see FINAL_STATUS and EXCLUSION_REASON
9ZHL	False	2026-05-13	test		DROP_REFERENCE_HOMOLOG	Single RNA chain is homologous to final train/val	417	1	14.742																	NOT_ASSIGNED	see FINAL_STATUS and EXCLUSION_REASON
9ZHO	False	2026-05-13	test		DROP_REFERENCE_HOMOLOG	Single RNA chain is homologous to final train/val	417	1	14.52																	NOT_ASSIGNED	see FINAL_STATUS and EXCLUSION_REASON
9ZHP	False	2026-05-13	test		DROP_REFERENCE_HOMOLOG	Single RNA chain is homologous to final train/val	417	1	14.036																	NOT_ASSIGNED	see FINAL_STATUS and EXCLUSION_REASON
9ZHR	False	2026-05-13	test		DROP_REFERENCE_HOMOLOG	Single RNA chain is homologous to final train/val	417	1	12.508																	NOT_ASSIGNED	see FINAL_STATUS and EXCLUSION_REASON
9ZHS	False	2026-05-13	test		DROP_REFERENCE_HOMOLOG	Single RNA chain is homologous to final train/val	417	1	13.79																	NOT_ASSIGNED	see FINAL_STATUS and EXCLUSION_REASON
9ZHT	False	2026-05-13	test		DROP_REFERENCE_HOMOLOG	Single RNA chain is homologous to final train/val	417	1	14.418																	NOT_ASSIGNED	see FINAL_STATUS and EXCLUSION_REASON
9ZHU	False	2026-05-13	test		DROP_REFERENCE_HOMOLOG	Single RNA chain is homologous to final train/val	417	1	12.74																	NOT_ASSIGNED	see FINAL_STATUS and EXCLUSION_REASON
9ZHV	False	2026-05-13	test		DROP_REFERENCE_HOMOLOG	Single RNA chain is homologous to final train/val	417	1	12.667																	NOT_ASSIGNED	see FINAL_STATUS and EXCLUSION_REASON
9ZHW	False	2026-05-13	test		DROP_REFERENCE_HOMOLOG	Single RNA chain is homologous to final train/val	417	1	13.741																	NOT_ASSIGNED	see FINAL_STATUS and EXCLUSION_REASON
9ZHX	False	2026-05-13	test		DROP_REFERENCE_HOMOLOG	Single RNA chain is homologous to final train/val	417	1	14.461																	NOT_ASSIGNED	see FINAL_STATUS and EXCLUSION_REASON
9ZHZ	False	2026-05-13	test		DROP_REFERENCE_HOMOLOG	Single RNA chain is homologous to final train/val	417	1	14.373																	NOT_ASSIGNED	see FINAL_STATUS and EXCLUSION_REASON
9ZI0	False	2026-05-13	test		DROP_REFERENCE_HOMOLOG	Single RNA chain is homologous to final train/val	417	1	10.748																	NOT_ASSIGNED	see FINAL_STATUS and EXCLUSION_REASON
9ZI2	False	2026-05-13	test		DROP_REFERENCE_HOMOLOG	Single RNA chain is homologous to final train/val	417	1	13.734																	NOT_ASSIGNED	see FINAL_STATUS and EXCLUSION_REASON
9ZI3	False	2026-05-13	test		DROP_REFERENCE_HOMOLOG	Single RNA chain is homologous to final train/val	417	1	14.836																	NOT_ASSIGNED	see FINAL_STATUS and EXCLUSION_REASON
9ZI4	False	2026-05-13	test		DROP_REFERENCE_HOMOLOG	Single RNA chain is homologous to final train/val	417	1	11.595																	NOT_ASSIGNED	see FINAL_STATUS and EXCLUSION_REASON
9ZI5	False	2026-05-13	test		DROP_REFERENCE_HOMOLOG	Single RNA chain is homologous to final train/val	417	1	14.19																	NOT_ASSIGNED	see FINAL_STATUS and EXCLUSION_REASON
9ZI6	False	2026-05-13	test		DROP_REFERENCE_HOMOLOG	Single RNA chain is homologous to final train/val	417	1	11.515																	NOT_ASSIGNED	see FINAL_STATUS and EXCLUSION_REASON
9ZI7	False	2026-05-13	test		DROP_REFERENCE_HOMOLOG	Single RNA chain is homologous to final train/val	417	1	14.269																	NOT_ASSIGNED	see FINAL_STATUS and EXCLUSION_REASON
