split	pdb_id	seed	sample	pre_refinement_aligned_rmsd	max_pre_refinement_rmsd	duration_seconds	output	reason
val	7PTK	300	0	33.689825	30.000000	1.067361	/storage9920/home/tinghao.xia/Data_PT_V1/val/7ptk/seed_300/sample_0.pt	pre_refinement_aligned_rmsd_above_limit
val	7PTK	300	1	30.623336	30.000000	0.741123	/storage9920/home/tinghao.xia/Data_PT_V1/val/7ptk/seed_300/sample_1.pt	pre_refinement_aligned_rmsd_above_limit
val	7PTK	300	2	32.878586	30.000000	0.794533	/storage9920/home/tinghao.xia/Data_PT_V1/val/7ptk/seed_300/sample_2.pt	pre_refinement_aligned_rmsd_above_limit
val	7PTK	300	3	30.809589	30.000000	0.785599	/storage9920/home/tinghao.xia/Data_PT_V1/val/7ptk/seed_300/sample_3.pt	pre_refinement_aligned_rmsd_above_limit
val	7PTK	301	0	36.717232	30.000000	0.834958	/storage9920/home/tinghao.xia/Data_PT_V1/val/7ptk/seed_301/sample_0.pt	pre_refinement_aligned_rmsd_above_limit
val	7PTK	301	1	33.305980	30.000000	0.830231	/storage9920/home/tinghao.xia/Data_PT_V1/val/7ptk/seed_301/sample_1.pt	pre_refinement_aligned_rmsd_above_limit
val	7PTK	301	2	41.990663	30.000000	0.831875	/storage9920/home/tinghao.xia/Data_PT_V1/val/7ptk/seed_301/sample_2.pt	pre_refinement_aligned_rmsd_above_limit
val	7PTK	301	3	43.551839	30.000000	0.826676	/storage9920/home/tinghao.xia/Data_PT_V1/val/7ptk/seed_301/sample_3.pt	pre_refinement_aligned_rmsd_above_limit
val	7PTK	302	0	41.978363	30.000000	0.861221	/storage9920/home/tinghao.xia/Data_PT_V1/val/7ptk/seed_302/sample_0.pt	pre_refinement_aligned_rmsd_above_limit
val	7PTK	302	1	37.754651	30.000000	0.830525	/storage9920/home/tinghao.xia/Data_PT_V1/val/7ptk/seed_302/sample_1.pt	pre_refinement_aligned_rmsd_above_limit
val	7PTK	302	2	35.470077	30.000000	0.848486	/storage9920/home/tinghao.xia/Data_PT_V1/val/7ptk/seed_302/sample_2.pt	pre_refinement_aligned_rmsd_above_limit
val	7PTK	302	3	48.408889	30.000000	0.774581	/storage9920/home/tinghao.xia/Data_PT_V1/val/7ptk/seed_302/sample_3.pt	pre_refinement_aligned_rmsd_above_limit
val	7PTK	303	0	33.508869	30.000000	0.831399	/storage9920/home/tinghao.xia/Data_PT_V1/val/7ptk/seed_303/sample_0.pt	pre_refinement_aligned_rmsd_above_limit
val	7PTK	303	1	31.794085	30.000000	0.801548	/storage9920/home/tinghao.xia/Data_PT_V1/val/7ptk/seed_303/sample_1.pt	pre_refinement_aligned_rmsd_above_limit
val	7PTK	303	2	33.855779	30.000000	0.794891	/storage9920/home/tinghao.xia/Data_PT_V1/val/7ptk/seed_303/sample_2.pt	pre_refinement_aligned_rmsd_above_limit
val	7PTK	303	3	36.173750	30.000000	0.829515	/storage9920/home/tinghao.xia/Data_PT_V1/val/7ptk/seed_303/sample_3.pt	pre_refinement_aligned_rmsd_above_limit
val	7PTK	304	0	38.953995	30.000000	0.805436	/storage9920/home/tinghao.xia/Data_PT_V1/val/7ptk/seed_304/sample_0.pt	pre_refinement_aligned_rmsd_above_limit
val	7PTK	304	1	33.365558	30.000000	0.791294	/storage9920/home/tinghao.xia/Data_PT_V1/val/7ptk/seed_304/sample_1.pt	pre_refinement_aligned_rmsd_above_limit
val	7PTK	304	2	31.693258	30.000000	0.795566	/storage9920/home/tinghao.xia/Data_PT_V1/val/7ptk/seed_304/sample_2.pt	pre_refinement_aligned_rmsd_above_limit
val	7PTK	304	3	37.246761	30.000000	0.823092	/storage9920/home/tinghao.xia/Data_PT_V1/val/7ptk/seed_304/sample_3.pt	pre_refinement_aligned_rmsd_above_limit
val	7PTK	305	0	36.151367	30.000000	0.823810	/storage9920/home/tinghao.xia/Data_PT_V1/val/7ptk/seed_305/sample_0.pt	pre_refinement_aligned_rmsd_above_limit
val	7PTK	305	1	32.630301	30.000000	0.762693	/storage9920/home/tinghao.xia/Data_PT_V1/val/7ptk/seed_305/sample_1.pt	pre_refinement_aligned_rmsd_above_limit
val	7PTK	305	2	30.359182	30.000000	0.809490	/storage9920/home/tinghao.xia/Data_PT_V1/val/7ptk/seed_305/sample_2.pt	pre_refinement_aligned_rmsd_above_limit
val	7PTK	305	3	37.051041	30.000000	0.809210	/storage9920/home/tinghao.xia/Data_PT_V1/val/7ptk/seed_305/sample_3.pt	pre_refinement_aligned_rmsd_above_limit
val	7PTK	306	0	34.424217	30.000000	0.864299	/storage9920/home/tinghao.xia/Data_PT_V1/val/7ptk/seed_306/sample_0.pt	pre_refinement_aligned_rmsd_above_limit
val	7PTK	306	1	33.717077	30.000000	0.825541	/storage9920/home/tinghao.xia/Data_PT_V1/val/7ptk/seed_306/sample_1.pt	pre_refinement_aligned_rmsd_above_limit
val	7PTK	306	2	33.846657	30.000000	0.809454	/storage9920/home/tinghao.xia/Data_PT_V1/val/7ptk/seed_306/sample_2.pt	pre_refinement_aligned_rmsd_above_limit
val	7PTK	306	3	35.191756	30.000000	0.815264	/storage9920/home/tinghao.xia/Data_PT_V1/val/7ptk/seed_306/sample_3.pt	pre_refinement_aligned_rmsd_above_limit
val	7PTK	307	0	34.951655	30.000000	0.803217	/storage9920/home/tinghao.xia/Data_PT_V1/val/7ptk/seed_307/sample_0.pt	pre_refinement_aligned_rmsd_above_limit
val	7PTK	307	1	34.631807	30.000000	0.799291	/storage9920/home/tinghao.xia/Data_PT_V1/val/7ptk/seed_307/sample_1.pt	pre_refinement_aligned_rmsd_above_limit
val	7PTK	307	2	32.834717	30.000000	0.808191	/storage9920/home/tinghao.xia/Data_PT_V1/val/7ptk/seed_307/sample_2.pt	pre_refinement_aligned_rmsd_above_limit
val	7PTK	307	3	33.257210	30.000000	0.771650	/storage9920/home/tinghao.xia/Data_PT_V1/val/7ptk/seed_307/sample_3.pt	pre_refinement_aligned_rmsd_above_limit
val	7PTK	308	0	35.783086	30.000000	0.792556	/storage9920/home/tinghao.xia/Data_PT_V1/val/7ptk/seed_308/sample_0.pt	pre_refinement_aligned_rmsd_above_limit
val	7PTK	308	1	34.808593	30.000000	0.771124	/storage9920/home/tinghao.xia/Data_PT_V1/val/7ptk/seed_308/sample_1.pt	pre_refinement_aligned_rmsd_above_limit
val	7PTK	308	2	33.526407	30.000000	0.782887	/storage9920/home/tinghao.xia/Data_PT_V1/val/7ptk/seed_308/sample_2.pt	pre_refinement_aligned_rmsd_above_limit
val	7PTK	308	3	36.671221	30.000000	0.798914	/storage9920/home/tinghao.xia/Data_PT_V1/val/7ptk/seed_308/sample_3.pt	pre_refinement_aligned_rmsd_above_limit
val	7PTK	309	0	35.307944	30.000000	0.780727	/storage9920/home/tinghao.xia/Data_PT_V1/val/7ptk/seed_309/sample_0.pt	pre_refinement_aligned_rmsd_above_limit
val	7PTK	309	1	34.536072	30.000000	0.794223	/storage9920/home/tinghao.xia/Data_PT_V1/val/7ptk/seed_309/sample_1.pt	pre_refinement_aligned_rmsd_above_limit
val	7PTK	309	2	33.666596	30.000000	0.803788	/storage9920/home/tinghao.xia/Data_PT_V1/val/7ptk/seed_309/sample_2.pt	pre_refinement_aligned_rmsd_above_limit
val	7PTK	309	3	33.299879	30.000000	0.817140	/storage9920/home/tinghao.xia/Data_PT_V1/val/7ptk/seed_309/sample_3.pt	pre_refinement_aligned_rmsd_above_limit
val	7PTK	310	0	34.707429	30.000000	0.816605	/storage9920/home/tinghao.xia/Data_PT_V1/val/7ptk/seed_310/sample_0.pt	pre_refinement_aligned_rmsd_above_limit
val	7PTK	310	1	31.720669	30.000000	0.762115	/storage9920/home/tinghao.xia/Data_PT_V1/val/7ptk/seed_310/sample_1.pt	pre_refinement_aligned_rmsd_above_limit
val	7PTK	310	2	31.042437	30.000000	0.801530	/storage9920/home/tinghao.xia/Data_PT_V1/val/7ptk/seed_310/sample_2.pt	pre_refinement_aligned_rmsd_above_limit
val	7PTK	310	3	32.913222	30.000000	0.803967	/storage9920/home/tinghao.xia/Data_PT_V1/val/7ptk/seed_310/sample_3.pt	pre_refinement_aligned_rmsd_above_limit
val	7PTK	311	0	31.934814	30.000000	0.808315	/storage9920/home/tinghao.xia/Data_PT_V1/val/7ptk/seed_311/sample_0.pt	pre_refinement_aligned_rmsd_above_limit
val	7PTK	311	1	32.918666	30.000000	0.802919	/storage9920/home/tinghao.xia/Data_PT_V1/val/7ptk/seed_311/sample_1.pt	pre_refinement_aligned_rmsd_above_limit
val	7PTK	311	2	33.507914	30.000000	0.772483	/storage9920/home/tinghao.xia/Data_PT_V1/val/7ptk/seed_311/sample_2.pt	pre_refinement_aligned_rmsd_above_limit
val	7PTK	311	3	30.979238	30.000000	0.794982	/storage9920/home/tinghao.xia/Data_PT_V1/val/7ptk/seed_311/sample_3.pt	pre_refinement_aligned_rmsd_above_limit
val	7PTK	312	0	33.111763	30.000000	0.810042	/storage9920/home/tinghao.xia/Data_PT_V1/val/7ptk/seed_312/sample_0.pt	pre_refinement_aligned_rmsd_above_limit
val	7PTK	312	1	32.463269	30.000000	0.812042	/storage9920/home/tinghao.xia/Data_PT_V1/val/7ptk/seed_312/sample_1.pt	pre_refinement_aligned_rmsd_above_limit
val	7PTK	312	2	30.284643	30.000000	0.847305	/storage9920/home/tinghao.xia/Data_PT_V1/val/7ptk/seed_312/sample_2.pt	pre_refinement_aligned_rmsd_above_limit
val	7PTK	312	3	34.259498	30.000000	0.755438	/storage9920/home/tinghao.xia/Data_PT_V1/val/7ptk/seed_312/sample_3.pt	pre_refinement_aligned_rmsd_above_limit
val	7PTK	313	0	34.197935	30.000000	0.805224	/storage9920/home/tinghao.xia/Data_PT_V1/val/7ptk/seed_313/sample_0.pt	pre_refinement_aligned_rmsd_above_limit
val	7PTK	313	1	33.085808	30.000000	0.783941	/storage9920/home/tinghao.xia/Data_PT_V1/val/7ptk/seed_313/sample_1.pt	pre_refinement_aligned_rmsd_above_limit
val	7PTK	313	2	33.933156	30.000000	0.775014	/storage9920/home/tinghao.xia/Data_PT_V1/val/7ptk/seed_313/sample_2.pt	pre_refinement_aligned_rmsd_above_limit
val	7PTK	313	3	33.976042	30.000000	0.766584	/storage9920/home/tinghao.xia/Data_PT_V1/val/7ptk/seed_313/sample_3.pt	pre_refinement_aligned_rmsd_above_limit
val	7PTK	314	1	30.842031	30.000000	0.806780	/storage9920/home/tinghao.xia/Data_PT_V1/val/7ptk/seed_314/sample_1.pt	pre_refinement_aligned_rmsd_above_limit
val	7PTK	314	3	30.622114	30.000000	0.992161	/storage9920/home/tinghao.xia/Data_PT_V1/val/7ptk/seed_314/sample_3.pt	pre_refinement_aligned_rmsd_above_limit
val	7PTK	315	0	34.489390	30.000000	0.781143	/storage9920/home/tinghao.xia/Data_PT_V1/val/7ptk/seed_315/sample_0.pt	pre_refinement_aligned_rmsd_above_limit
val	7PTK	315	1	31.467368	30.000000	0.727871	/storage9920/home/tinghao.xia/Data_PT_V1/val/7ptk/seed_315/sample_1.pt	pre_refinement_aligned_rmsd_above_limit
val	7PTK	315	2	38.513791	30.000000	0.764694	/storage9920/home/tinghao.xia/Data_PT_V1/val/7ptk/seed_315/sample_2.pt	pre_refinement_aligned_rmsd_above_limit
val	7PTK	315	3	46.751213	30.000000	0.766589	/storage9920/home/tinghao.xia/Data_PT_V1/val/7ptk/seed_315/sample_3.pt	pre_refinement_aligned_rmsd_above_limit
val	7PTK	316	0	36.142448	30.000000	0.759599	/storage9920/home/tinghao.xia/Data_PT_V1/val/7ptk/seed_316/sample_0.pt	pre_refinement_aligned_rmsd_above_limit
val	7PTK	316	1	31.758903	30.000000	0.754181	/storage9920/home/tinghao.xia/Data_PT_V1/val/7ptk/seed_316/sample_1.pt	pre_refinement_aligned_rmsd_above_limit
val	7PTK	316	2	33.985879	30.000000	0.762176	/storage9920/home/tinghao.xia/Data_PT_V1/val/7ptk/seed_316/sample_2.pt	pre_refinement_aligned_rmsd_above_limit
val	7PTK	316	3	35.916205	30.000000	0.764271	/storage9920/home/tinghao.xia/Data_PT_V1/val/7ptk/seed_316/sample_3.pt	pre_refinement_aligned_rmsd_above_limit
val	7PTK	317	0	36.324967	30.000000	0.775651	/storage9920/home/tinghao.xia/Data_PT_V1/val/7ptk/seed_317/sample_0.pt	pre_refinement_aligned_rmsd_above_limit
val	7PTK	317	1	34.154629	30.000000	0.776624	/storage9920/home/tinghao.xia/Data_PT_V1/val/7ptk/seed_317/sample_1.pt	pre_refinement_aligned_rmsd_above_limit
val	7PTK	317	2	35.411031	30.000000	0.784884	/storage9920/home/tinghao.xia/Data_PT_V1/val/7ptk/seed_317/sample_2.pt	pre_refinement_aligned_rmsd_above_limit
val	7PTK	317	3	41.227644	30.000000	0.735323	/storage9920/home/tinghao.xia/Data_PT_V1/val/7ptk/seed_317/sample_3.pt	pre_refinement_aligned_rmsd_above_limit
val	7PTK	318	0	36.603482	30.000000	0.757656	/storage9920/home/tinghao.xia/Data_PT_V1/val/7ptk/seed_318/sample_0.pt	pre_refinement_aligned_rmsd_above_limit
val	7PTK	318	1	41.301523	30.000000	0.761425	/storage9920/home/tinghao.xia/Data_PT_V1/val/7ptk/seed_318/sample_1.pt	pre_refinement_aligned_rmsd_above_limit
val	7PTK	318	2	32.417366	30.000000	0.768216	/storage9920/home/tinghao.xia/Data_PT_V1/val/7ptk/seed_318/sample_2.pt	pre_refinement_aligned_rmsd_above_limit
val	7PTK	318	3	34.049060	30.000000	0.787763	/storage9920/home/tinghao.xia/Data_PT_V1/val/7ptk/seed_318/sample_3.pt	pre_refinement_aligned_rmsd_above_limit
val	7PTK	319	0	33.382379	30.000000	0.787225	/storage9920/home/tinghao.xia/Data_PT_V1/val/7ptk/seed_319/sample_0.pt	pre_refinement_aligned_rmsd_above_limit
val	7PTK	319	2	32.837078	30.000000	0.789468	/storage9920/home/tinghao.xia/Data_PT_V1/val/7ptk/seed_319/sample_2.pt	pre_refinement_aligned_rmsd_above_limit
val	7PTK	319	3	31.687045	30.000000	0.791769	/storage9920/home/tinghao.xia/Data_PT_V1/val/7ptk/seed_319/sample_3.pt	pre_refinement_aligned_rmsd_above_limit
val	7PTK	320	0	41.464231	30.000000	0.825190	/storage9920/home/tinghao.xia/Data_PT_V1/val/7ptk/seed_320/sample_0.pt	pre_refinement_aligned_rmsd_above_limit
val	7PTK	320	1	41.249635	30.000000	0.733971	/storage9920/home/tinghao.xia/Data_PT_V1/val/7ptk/seed_320/sample_1.pt	pre_refinement_aligned_rmsd_above_limit
val	7PTK	320	2	40.885710	30.000000	0.768235	/storage9920/home/tinghao.xia/Data_PT_V1/val/7ptk/seed_320/sample_2.pt	pre_refinement_aligned_rmsd_above_limit
val	7PTK	320	3	38.328948	30.000000	0.769226	/storage9920/home/tinghao.xia/Data_PT_V1/val/7ptk/seed_320/sample_3.pt	pre_refinement_aligned_rmsd_above_limit
val	7PTK	321	0	32.385066	30.000000	0.784695	/storage9920/home/tinghao.xia/Data_PT_V1/val/7ptk/seed_321/sample_0.pt	pre_refinement_aligned_rmsd_above_limit
val	7PTK	321	1	31.441680	30.000000	0.765037	/storage9920/home/tinghao.xia/Data_PT_V1/val/7ptk/seed_321/sample_1.pt	pre_refinement_aligned_rmsd_above_limit
val	7PTK	321	2	31.169815	30.000000	0.754436	/storage9920/home/tinghao.xia/Data_PT_V1/val/7ptk/seed_321/sample_2.pt	pre_refinement_aligned_rmsd_above_limit
val	7PTK	321	3	32.320109	30.000000	0.785256	/storage9920/home/tinghao.xia/Data_PT_V1/val/7ptk/seed_321/sample_3.pt	pre_refinement_aligned_rmsd_above_limit
val	7PTK	322	0	34.501983	30.000000	0.787452	/storage9920/home/tinghao.xia/Data_PT_V1/val/7ptk/seed_322/sample_0.pt	pre_refinement_aligned_rmsd_above_limit
val	7PTK	322	1	33.493434	30.000000	0.762988	/storage9920/home/tinghao.xia/Data_PT_V1/val/7ptk/seed_322/sample_1.pt	pre_refinement_aligned_rmsd_above_limit
val	7PTK	322	2	34.286864	30.000000	0.761319	/storage9920/home/tinghao.xia/Data_PT_V1/val/7ptk/seed_322/sample_2.pt	pre_refinement_aligned_rmsd_above_limit
val	7PTK	322	3	34.189301	30.000000	0.715504	/storage9920/home/tinghao.xia/Data_PT_V1/val/7ptk/seed_322/sample_3.pt	pre_refinement_aligned_rmsd_above_limit
val	7PTK	323	0	33.837940	30.000000	0.768520	/storage9920/home/tinghao.xia/Data_PT_V1/val/7ptk/seed_323/sample_0.pt	pre_refinement_aligned_rmsd_above_limit
val	7PTK	323	1	34.532164	30.000000	0.762851	/storage9920/home/tinghao.xia/Data_PT_V1/val/7ptk/seed_323/sample_1.pt	pre_refinement_aligned_rmsd_above_limit
val	7PTK	323	2	32.435485	30.000000	0.765090	/storage9920/home/tinghao.xia/Data_PT_V1/val/7ptk/seed_323/sample_2.pt	pre_refinement_aligned_rmsd_above_limit
val	7PTK	323	3	33.236867	30.000000	0.771428	/storage9920/home/tinghao.xia/Data_PT_V1/val/7ptk/seed_323/sample_3.pt	pre_refinement_aligned_rmsd_above_limit
val	7PTK	324	0	33.815464	30.000000	0.783588	/storage9920/home/tinghao.xia/Data_PT_V1/val/7ptk/seed_324/sample_0.pt	pre_refinement_aligned_rmsd_above_limit
val	7PTK	324	1	34.318322	30.000000	0.782041	/storage9920/home/tinghao.xia/Data_PT_V1/val/7ptk/seed_324/sample_1.pt	pre_refinement_aligned_rmsd_above_limit
val	7PTK	324	2	31.427363	30.000000	0.774515	/storage9920/home/tinghao.xia/Data_PT_V1/val/7ptk/seed_324/sample_2.pt	pre_refinement_aligned_rmsd_above_limit
val	7PTK	324	3	34.805271	30.000000	0.772224	/storage9920/home/tinghao.xia/Data_PT_V1/val/7ptk/seed_324/sample_3.pt	pre_refinement_aligned_rmsd_above_limit
val	7PTK	325	0	34.443345	30.000000	0.787469	/storage9920/home/tinghao.xia/Data_PT_V1/val/7ptk/seed_325/sample_0.pt	pre_refinement_aligned_rmsd_above_limit
val	7PTK	325	1	35.373949	30.000000	0.734372	/storage9920/home/tinghao.xia/Data_PT_V1/val/7ptk/seed_325/sample_1.pt	pre_refinement_aligned_rmsd_above_limit
val	7PTK	325	2	35.153662	30.000000	0.770905	/storage9920/home/tinghao.xia/Data_PT_V1/val/7ptk/seed_325/sample_2.pt	pre_refinement_aligned_rmsd_above_limit
val	7PTK	325	3	32.431363	30.000000	0.767941	/storage9920/home/tinghao.xia/Data_PT_V1/val/7ptk/seed_325/sample_3.pt	pre_refinement_aligned_rmsd_above_limit
val	7PTK	326	0	35.592821	30.000000	0.778208	/storage9920/home/tinghao.xia/Data_PT_V1/val/7ptk/seed_326/sample_0.pt	pre_refinement_aligned_rmsd_above_limit
val	7PTK	326	1	36.010535	30.000000	0.766426	/storage9920/home/tinghao.xia/Data_PT_V1/val/7ptk/seed_326/sample_1.pt	pre_refinement_aligned_rmsd_above_limit
val	7PTK	326	2	44.918824	30.000000	0.766270	/storage9920/home/tinghao.xia/Data_PT_V1/val/7ptk/seed_326/sample_2.pt	pre_refinement_aligned_rmsd_above_limit
val	7PTK	326	3	34.934067	30.000000	0.770595	/storage9920/home/tinghao.xia/Data_PT_V1/val/7ptk/seed_326/sample_3.pt	pre_refinement_aligned_rmsd_above_limit
val	7PTK	327	0	36.178904	30.000000	0.789493	/storage9920/home/tinghao.xia/Data_PT_V1/val/7ptk/seed_327/sample_0.pt	pre_refinement_aligned_rmsd_above_limit
val	7PTK	327	1	41.382908	30.000000	0.775719	/storage9920/home/tinghao.xia/Data_PT_V1/val/7ptk/seed_327/sample_1.pt	pre_refinement_aligned_rmsd_above_limit
val	7PTK	327	2	33.871479	30.000000	0.776084	/storage9920/home/tinghao.xia/Data_PT_V1/val/7ptk/seed_327/sample_2.pt	pre_refinement_aligned_rmsd_above_limit
val	7PTK	327	3	33.826503	30.000000	0.729113	/storage9920/home/tinghao.xia/Data_PT_V1/val/7ptk/seed_327/sample_3.pt	pre_refinement_aligned_rmsd_above_limit
val	7PTK	328	0	37.731066	30.000000	0.770509	/storage9920/home/tinghao.xia/Data_PT_V1/val/7ptk/seed_328/sample_0.pt	pre_refinement_aligned_rmsd_above_limit
val	7PTK	328	1	40.642200	30.000000	0.850206	/storage9920/home/tinghao.xia/Data_PT_V1/val/7ptk/seed_328/sample_1.pt	pre_refinement_aligned_rmsd_above_limit
val	7PTK	328	2	36.527159	30.000000	0.874225	/storage9920/home/tinghao.xia/Data_PT_V1/val/7ptk/seed_328/sample_2.pt	pre_refinement_aligned_rmsd_above_limit
val	7PTK	328	3	32.453194	30.000000	0.777651	/storage9920/home/tinghao.xia/Data_PT_V1/val/7ptk/seed_328/sample_3.pt	pre_refinement_aligned_rmsd_above_limit
val	7PTK	329	0	40.932307	30.000000	0.776303	/storage9920/home/tinghao.xia/Data_PT_V1/val/7ptk/seed_329/sample_0.pt	pre_refinement_aligned_rmsd_above_limit
val	7PTK	329	1	34.482914	30.000000	0.779637	/storage9920/home/tinghao.xia/Data_PT_V1/val/7ptk/seed_329/sample_1.pt	pre_refinement_aligned_rmsd_above_limit
val	7PTK	329	2	38.081622	30.000000	0.779825	/storage9920/home/tinghao.xia/Data_PT_V1/val/7ptk/seed_329/sample_2.pt	pre_refinement_aligned_rmsd_above_limit
val	7PTK	329	3	35.706522	30.000000	0.786122	/storage9920/home/tinghao.xia/Data_PT_V1/val/7ptk/seed_329/sample_3.pt	pre_refinement_aligned_rmsd_above_limit
val	7PTK	330	2	32.136956	30.000000	0.772199	/storage9920/home/tinghao.xia/Data_PT_V1/val/7ptk/seed_330/sample_2.pt	pre_refinement_aligned_rmsd_above_limit
val	7PTK	331	0	32.344086	30.000000	0.784783	/storage9920/home/tinghao.xia/Data_PT_V1/val/7ptk/seed_331/sample_0.pt	pre_refinement_aligned_rmsd_above_limit
val	7PTK	331	1	32.243623	30.000000	0.765297	/storage9920/home/tinghao.xia/Data_PT_V1/val/7ptk/seed_331/sample_1.pt	pre_refinement_aligned_rmsd_above_limit
val	7PTK	331	2	35.046261	30.000000	0.773669	/storage9920/home/tinghao.xia/Data_PT_V1/val/7ptk/seed_331/sample_2.pt	pre_refinement_aligned_rmsd_above_limit
val	7PTK	331	3	34.940045	30.000000	0.780435	/storage9920/home/tinghao.xia/Data_PT_V1/val/7ptk/seed_331/sample_3.pt	pre_refinement_aligned_rmsd_above_limit
val	7PTK	332	0	33.825663	30.000000	0.790059	/storage9920/home/tinghao.xia/Data_PT_V1/val/7ptk/seed_332/sample_0.pt	pre_refinement_aligned_rmsd_above_limit
val	7PTK	332	1	32.448641	30.000000	0.782803	/storage9920/home/tinghao.xia/Data_PT_V1/val/7ptk/seed_332/sample_1.pt	pre_refinement_aligned_rmsd_above_limit
val	7PTK	332	2	34.653523	30.000000	0.776616	/storage9920/home/tinghao.xia/Data_PT_V1/val/7ptk/seed_332/sample_2.pt	pre_refinement_aligned_rmsd_above_limit
val	7PTK	332	3	35.589358	30.000000	0.732146	/storage9920/home/tinghao.xia/Data_PT_V1/val/7ptk/seed_332/sample_3.pt	pre_refinement_aligned_rmsd_above_limit
val	7PTK	333	0	35.153756	30.000000	0.777975	/storage9920/home/tinghao.xia/Data_PT_V1/val/7ptk/seed_333/sample_0.pt	pre_refinement_aligned_rmsd_above_limit
val	7PTK	333	1	33.578922	30.000000	0.770613	/storage9920/home/tinghao.xia/Data_PT_V1/val/7ptk/seed_333/sample_1.pt	pre_refinement_aligned_rmsd_above_limit
val	7PTK	333	2	33.938835	30.000000	0.771117	/storage9920/home/tinghao.xia/Data_PT_V1/val/7ptk/seed_333/sample_2.pt	pre_refinement_aligned_rmsd_above_limit
val	7PTK	333	3	32.896695	30.000000	0.764779	/storage9920/home/tinghao.xia/Data_PT_V1/val/7ptk/seed_333/sample_3.pt	pre_refinement_aligned_rmsd_above_limit
val	7PTK	334	0	34.884338	30.000000	0.782708	/storage9920/home/tinghao.xia/Data_PT_V1/val/7ptk/seed_334/sample_0.pt	pre_refinement_aligned_rmsd_above_limit
val	7PTK	334	1	33.307688	30.000000	0.785088	/storage9920/home/tinghao.xia/Data_PT_V1/val/7ptk/seed_334/sample_1.pt	pre_refinement_aligned_rmsd_above_limit
val	7PTK	334	2	39.793106	30.000000	0.774953	/storage9920/home/tinghao.xia/Data_PT_V1/val/7ptk/seed_334/sample_2.pt	pre_refinement_aligned_rmsd_above_limit
val	7PTK	334	3	34.271851	30.000000	0.776407	/storage9920/home/tinghao.xia/Data_PT_V1/val/7ptk/seed_334/sample_3.pt	pre_refinement_aligned_rmsd_above_limit
val	7PTK	335	0	30.193659	30.000000	0.785640	/storage9920/home/tinghao.xia/Data_PT_V1/val/7ptk/seed_335/sample_0.pt	pre_refinement_aligned_rmsd_above_limit
val	7PTK	335	1	33.088206	30.000000	0.731306	/storage9920/home/tinghao.xia/Data_PT_V1/val/7ptk/seed_335/sample_1.pt	pre_refinement_aligned_rmsd_above_limit
val	7PTK	335	2	30.505143	30.000000	0.768070	/storage9920/home/tinghao.xia/Data_PT_V1/val/7ptk/seed_335/sample_2.pt	pre_refinement_aligned_rmsd_above_limit
val	7PTK	336	0	40.142162	30.000000	0.774724	/storage9920/home/tinghao.xia/Data_PT_V1/val/7ptk/seed_336/sample_0.pt	pre_refinement_aligned_rmsd_above_limit
val	7PTK	336	1	34.945753	30.000000	0.771382	/storage9920/home/tinghao.xia/Data_PT_V1/val/7ptk/seed_336/sample_1.pt	pre_refinement_aligned_rmsd_above_limit
val	7PTK	336	2	30.492516	30.000000	0.780341	/storage9920/home/tinghao.xia/Data_PT_V1/val/7ptk/seed_336/sample_2.pt	pre_refinement_aligned_rmsd_above_limit
val	7PTK	336	3	33.733314	30.000000	0.780541	/storage9920/home/tinghao.xia/Data_PT_V1/val/7ptk/seed_336/sample_3.pt	pre_refinement_aligned_rmsd_above_limit
val	7PTK	337	0	34.155466	30.000000	0.794743	/storage9920/home/tinghao.xia/Data_PT_V1/val/7ptk/seed_337/sample_0.pt	pre_refinement_aligned_rmsd_above_limit
val	7PTK	337	1	38.533245	30.000000	0.782605	/storage9920/home/tinghao.xia/Data_PT_V1/val/7ptk/seed_337/sample_1.pt	pre_refinement_aligned_rmsd_above_limit
val	7PTK	337	2	33.397345	30.000000	0.784679	/storage9920/home/tinghao.xia/Data_PT_V1/val/7ptk/seed_337/sample_2.pt	pre_refinement_aligned_rmsd_above_limit
val	7PTK	337	3	33.322768	30.000000	0.735468	/storage9920/home/tinghao.xia/Data_PT_V1/val/7ptk/seed_337/sample_3.pt	pre_refinement_aligned_rmsd_above_limit
val	7PTK	338	0	36.591989	30.000000	0.780072	/storage9920/home/tinghao.xia/Data_PT_V1/val/7ptk/seed_338/sample_0.pt	pre_refinement_aligned_rmsd_above_limit
val	7PTK	338	1	35.157212	30.000000	0.775678	/storage9920/home/tinghao.xia/Data_PT_V1/val/7ptk/seed_338/sample_1.pt	pre_refinement_aligned_rmsd_above_limit
val	7PTK	338	2	40.175828	30.000000	0.777663	/storage9920/home/tinghao.xia/Data_PT_V1/val/7ptk/seed_338/sample_2.pt	pre_refinement_aligned_rmsd_above_limit
val	7PTK	338	3	34.589426	30.000000	0.780024	/storage9920/home/tinghao.xia/Data_PT_V1/val/7ptk/seed_338/sample_3.pt	pre_refinement_aligned_rmsd_above_limit
val	7PTK	339	0	31.656502	30.000000	0.780045	/storage9920/home/tinghao.xia/Data_PT_V1/val/7ptk/seed_339/sample_0.pt	pre_refinement_aligned_rmsd_above_limit
val	7PTK	339	1	32.354422	30.000000	0.781791	/storage9920/home/tinghao.xia/Data_PT_V1/val/7ptk/seed_339/sample_1.pt	pre_refinement_aligned_rmsd_above_limit
val	7PTK	339	2	33.110413	30.000000	0.774418	/storage9920/home/tinghao.xia/Data_PT_V1/val/7ptk/seed_339/sample_2.pt	pre_refinement_aligned_rmsd_above_limit
val	7PTK	340	0	36.668822	30.000000	0.795258	/storage9920/home/tinghao.xia/Data_PT_V1/val/7ptk/seed_340/sample_0.pt	pre_refinement_aligned_rmsd_above_limit
val	7PTK	340	1	35.948015	30.000000	0.717952	/storage9920/home/tinghao.xia/Data_PT_V1/val/7ptk/seed_340/sample_1.pt	pre_refinement_aligned_rmsd_above_limit
val	7PTK	340	2	38.288974	30.000000	0.766133	/storage9920/home/tinghao.xia/Data_PT_V1/val/7ptk/seed_340/sample_2.pt	pre_refinement_aligned_rmsd_above_limit
val	7PTK	340	3	36.732935	30.000000	0.779137	/storage9920/home/tinghao.xia/Data_PT_V1/val/7ptk/seed_340/sample_3.pt	pre_refinement_aligned_rmsd_above_limit
val	7PTK	341	0	45.419852	30.000000	0.789480	/storage9920/home/tinghao.xia/Data_PT_V1/val/7ptk/seed_341/sample_0.pt	pre_refinement_aligned_rmsd_above_limit
val	7PTK	341	1	31.196268	30.000000	0.778000	/storage9920/home/tinghao.xia/Data_PT_V1/val/7ptk/seed_341/sample_1.pt	pre_refinement_aligned_rmsd_above_limit
val	7PTK	341	2	34.474606	30.000000	0.778548	/storage9920/home/tinghao.xia/Data_PT_V1/val/7ptk/seed_341/sample_2.pt	pre_refinement_aligned_rmsd_above_limit
val	7PTK	341	3	32.077953	30.000000	0.819290	/storage9920/home/tinghao.xia/Data_PT_V1/val/7ptk/seed_341/sample_3.pt	pre_refinement_aligned_rmsd_above_limit
val	7PTK	342	0	44.823591	30.000000	0.792341	/storage9920/home/tinghao.xia/Data_PT_V1/val/7ptk/seed_342/sample_0.pt	pre_refinement_aligned_rmsd_above_limit
val	7PTK	342	1	35.685767	30.000000	0.784086	/storage9920/home/tinghao.xia/Data_PT_V1/val/7ptk/seed_342/sample_1.pt	pre_refinement_aligned_rmsd_above_limit
val	7PTK	342	2	33.917056	30.000000	0.776628	/storage9920/home/tinghao.xia/Data_PT_V1/val/7ptk/seed_342/sample_2.pt	pre_refinement_aligned_rmsd_above_limit
val	7PTK	342	3	45.111359	30.000000	0.735662	/storage9920/home/tinghao.xia/Data_PT_V1/val/7ptk/seed_342/sample_3.pt	pre_refinement_aligned_rmsd_above_limit
val	7PTK	343	0	37.526064	30.000000	0.781353	/storage9920/home/tinghao.xia/Data_PT_V1/val/7ptk/seed_343/sample_0.pt	pre_refinement_aligned_rmsd_above_limit
val	7PTK	343	1	35.002268	30.000000	0.770031	/storage9920/home/tinghao.xia/Data_PT_V1/val/7ptk/seed_343/sample_1.pt	pre_refinement_aligned_rmsd_above_limit
val	7PTK	343	2	32.199830	30.000000	0.764550	/storage9920/home/tinghao.xia/Data_PT_V1/val/7ptk/seed_343/sample_2.pt	pre_refinement_aligned_rmsd_above_limit
val	7PTK	343	3	44.852502	30.000000	0.772388	/storage9920/home/tinghao.xia/Data_PT_V1/val/7ptk/seed_343/sample_3.pt	pre_refinement_aligned_rmsd_above_limit
val	7PTK	344	0	43.629512	30.000000	0.780501	/storage9920/home/tinghao.xia/Data_PT_V1/val/7ptk/seed_344/sample_0.pt	pre_refinement_aligned_rmsd_above_limit
val	7PTK	344	1	39.973808	30.000000	0.777212	/storage9920/home/tinghao.xia/Data_PT_V1/val/7ptk/seed_344/sample_1.pt	pre_refinement_aligned_rmsd_above_limit
val	7PTK	344	2	32.753382	30.000000	0.789039	/storage9920/home/tinghao.xia/Data_PT_V1/val/7ptk/seed_344/sample_2.pt	pre_refinement_aligned_rmsd_above_limit
val	7PTK	344	3	33.627639	30.000000	0.776398	/storage9920/home/tinghao.xia/Data_PT_V1/val/7ptk/seed_344/sample_3.pt	pre_refinement_aligned_rmsd_above_limit
val	7PTK	345	0	38.579669	30.000000	0.789208	/storage9920/home/tinghao.xia/Data_PT_V1/val/7ptk/seed_345/sample_0.pt	pre_refinement_aligned_rmsd_above_limit
val	7PTK	345	1	31.293038	30.000000	0.732648	/storage9920/home/tinghao.xia/Data_PT_V1/val/7ptk/seed_345/sample_1.pt	pre_refinement_aligned_rmsd_above_limit
val	7PTK	345	2	33.842209	30.000000	0.768956	/storage9920/home/tinghao.xia/Data_PT_V1/val/7ptk/seed_345/sample_2.pt	pre_refinement_aligned_rmsd_above_limit
val	7PTK	345	3	40.860560	30.000000	0.778657	/storage9920/home/tinghao.xia/Data_PT_V1/val/7ptk/seed_345/sample_3.pt	pre_refinement_aligned_rmsd_above_limit
val	7PTK	346	0	35.385455	30.000000	0.787436	/storage9920/home/tinghao.xia/Data_PT_V1/val/7ptk/seed_346/sample_0.pt	pre_refinement_aligned_rmsd_above_limit
val	7PTK	346	1	33.744924	30.000000	0.770335	/storage9920/home/tinghao.xia/Data_PT_V1/val/7ptk/seed_346/sample_1.pt	pre_refinement_aligned_rmsd_above_limit
val	7PTK	346	2	34.370158	30.000000	0.768456	/storage9920/home/tinghao.xia/Data_PT_V1/val/7ptk/seed_346/sample_2.pt	pre_refinement_aligned_rmsd_above_limit
val	7PTK	346	3	34.917206	30.000000	0.780945	/storage9920/home/tinghao.xia/Data_PT_V1/val/7ptk/seed_346/sample_3.pt	pre_refinement_aligned_rmsd_above_limit
val	7PTK	347	0	34.522431	30.000000	0.787180	/storage9920/home/tinghao.xia/Data_PT_V1/val/7ptk/seed_347/sample_0.pt	pre_refinement_aligned_rmsd_above_limit
val	7PTK	347	1	43.475250	30.000000	0.781526	/storage9920/home/tinghao.xia/Data_PT_V1/val/7ptk/seed_347/sample_1.pt	pre_refinement_aligned_rmsd_above_limit
val	7PTK	347	2	34.596082	30.000000	0.774927	/storage9920/home/tinghao.xia/Data_PT_V1/val/7ptk/seed_347/sample_2.pt	pre_refinement_aligned_rmsd_above_limit
val	7PTK	347	3	35.404620	30.000000	0.738354	/storage9920/home/tinghao.xia/Data_PT_V1/val/7ptk/seed_347/sample_3.pt	pre_refinement_aligned_rmsd_above_limit
val	7PTK	348	0	33.468106	30.000000	0.775452	/storage9920/home/tinghao.xia/Data_PT_V1/val/7ptk/seed_348/sample_0.pt	pre_refinement_aligned_rmsd_above_limit
val	7PTK	348	1	40.726405	30.000000	0.765633	/storage9920/home/tinghao.xia/Data_PT_V1/val/7ptk/seed_348/sample_1.pt	pre_refinement_aligned_rmsd_above_limit
val	7PTK	348	2	33.678240	30.000000	0.769056	/storage9920/home/tinghao.xia/Data_PT_V1/val/7ptk/seed_348/sample_2.pt	pre_refinement_aligned_rmsd_above_limit
val	7PTK	348	3	34.916628	30.000000	0.774194	/storage9920/home/tinghao.xia/Data_PT_V1/val/7ptk/seed_348/sample_3.pt	pre_refinement_aligned_rmsd_above_limit
val	7PTK	349	0	34.673938	30.000000	0.781766	/storage9920/home/tinghao.xia/Data_PT_V1/val/7ptk/seed_349/sample_0.pt	pre_refinement_aligned_rmsd_above_limit
val	7PTK	349	1	33.810073	30.000000	0.777996	/storage9920/home/tinghao.xia/Data_PT_V1/val/7ptk/seed_349/sample_1.pt	pre_refinement_aligned_rmsd_above_limit
val	7PTK	349	2	33.666563	30.000000	0.770361	/storage9920/home/tinghao.xia/Data_PT_V1/val/7ptk/seed_349/sample_2.pt	pre_refinement_aligned_rmsd_above_limit
val	7PTK	349	3	37.234205	30.000000	0.782564	/storage9920/home/tinghao.xia/Data_PT_V1/val/7ptk/seed_349/sample_3.pt	pre_refinement_aligned_rmsd_above_limit
val	7PTL	300	0	38.278869	30.000000	0.972461	/storage9920/home/tinghao.xia/Data_PT_V1/val/7ptl/seed_300/sample_0.pt	pre_refinement_aligned_rmsd_above_limit
val	7PTL	300	1	34.833321	30.000000	0.784153	/storage9920/home/tinghao.xia/Data_PT_V1/val/7ptl/seed_300/sample_1.pt	pre_refinement_aligned_rmsd_above_limit
val	7PTL	300	2	37.702333	30.000000	0.783661	/storage9920/home/tinghao.xia/Data_PT_V1/val/7ptl/seed_300/sample_2.pt	pre_refinement_aligned_rmsd_above_limit
val	7PTL	300	3	32.703146	30.000000	0.735242	/storage9920/home/tinghao.xia/Data_PT_V1/val/7ptl/seed_300/sample_3.pt	pre_refinement_aligned_rmsd_above_limit
val	7PTL	301	0	39.264955	30.000000	0.777733	/storage9920/home/tinghao.xia/Data_PT_V1/val/7ptl/seed_301/sample_0.pt	pre_refinement_aligned_rmsd_above_limit
val	7PTL	301	1	38.139783	30.000000	0.779646	/storage9920/home/tinghao.xia/Data_PT_V1/val/7ptl/seed_301/sample_1.pt	pre_refinement_aligned_rmsd_above_limit
val	7PTL	301	2	42.785707	30.000000	0.776523	/storage9920/home/tinghao.xia/Data_PT_V1/val/7ptl/seed_301/sample_2.pt	pre_refinement_aligned_rmsd_above_limit
val	7PTL	301	3	39.418403	30.000000	0.782262	/storage9920/home/tinghao.xia/Data_PT_V1/val/7ptl/seed_301/sample_3.pt	pre_refinement_aligned_rmsd_above_limit
val	7PTL	302	0	41.253359	30.000000	0.785953	/storage9920/home/tinghao.xia/Data_PT_V1/val/7ptl/seed_302/sample_0.pt	pre_refinement_aligned_rmsd_above_limit
val	7PTL	302	1	37.395730	30.000000	0.732640	/storage9920/home/tinghao.xia/Data_PT_V1/val/7ptl/seed_302/sample_1.pt	pre_refinement_aligned_rmsd_above_limit
val	7PTL	302	2	42.587390	30.000000	0.779693	/storage9920/home/tinghao.xia/Data_PT_V1/val/7ptl/seed_302/sample_2.pt	pre_refinement_aligned_rmsd_above_limit
val	7PTL	302	3	46.098307	30.000000	0.774610	/storage9920/home/tinghao.xia/Data_PT_V1/val/7ptl/seed_302/sample_3.pt	pre_refinement_aligned_rmsd_above_limit
val	7PTL	303	0	37.932330	30.000000	0.790348	/storage9920/home/tinghao.xia/Data_PT_V1/val/7ptl/seed_303/sample_0.pt	pre_refinement_aligned_rmsd_above_limit
val	7PTL	303	1	36.441087	30.000000	0.787677	/storage9920/home/tinghao.xia/Data_PT_V1/val/7ptl/seed_303/sample_1.pt	pre_refinement_aligned_rmsd_above_limit
val	7PTL	303	2	37.889677	30.000000	0.781776	/storage9920/home/tinghao.xia/Data_PT_V1/val/7ptl/seed_303/sample_2.pt	pre_refinement_aligned_rmsd_above_limit
val	7PTL	303	3	40.327923	30.000000	0.732553	/storage9920/home/tinghao.xia/Data_PT_V1/val/7ptl/seed_303/sample_3.pt	pre_refinement_aligned_rmsd_above_limit
val	7PTL	304	0	37.994624	30.000000	0.787188	/storage9920/home/tinghao.xia/Data_PT_V1/val/7ptl/seed_304/sample_0.pt	pre_refinement_aligned_rmsd_above_limit
val	7PTL	304	1	38.257445	30.000000	0.778927	/storage9920/home/tinghao.xia/Data_PT_V1/val/7ptl/seed_304/sample_1.pt	pre_refinement_aligned_rmsd_above_limit
val	7PTL	304	2	37.092310	30.000000	0.786906	/storage9920/home/tinghao.xia/Data_PT_V1/val/7ptl/seed_304/sample_2.pt	pre_refinement_aligned_rmsd_above_limit
val	7PTL	304	3	33.472315	30.000000	0.790386	/storage9920/home/tinghao.xia/Data_PT_V1/val/7ptl/seed_304/sample_3.pt	pre_refinement_aligned_rmsd_above_limit
val	7PTL	305	0	36.106966	30.000000	0.782837	/storage9920/home/tinghao.xia/Data_PT_V1/val/7ptl/seed_305/sample_0.pt	pre_refinement_aligned_rmsd_above_limit
val	7PTL	305	1	39.144916	30.000000	0.734029	/storage9920/home/tinghao.xia/Data_PT_V1/val/7ptl/seed_305/sample_1.pt	pre_refinement_aligned_rmsd_above_limit
val	7PTL	305	2	34.394870	30.000000	0.780999	/storage9920/home/tinghao.xia/Data_PT_V1/val/7ptl/seed_305/sample_2.pt	pre_refinement_aligned_rmsd_above_limit
val	7PTL	305	3	36.523570	30.000000	0.780113	/storage9920/home/tinghao.xia/Data_PT_V1/val/7ptl/seed_305/sample_3.pt	pre_refinement_aligned_rmsd_above_limit
val	7PTL	306	0	37.884655	30.000000	0.782454	/storage9920/home/tinghao.xia/Data_PT_V1/val/7ptl/seed_306/sample_0.pt	pre_refinement_aligned_rmsd_above_limit
val	7PTL	306	1	38.960707	30.000000	0.785888	/storage9920/home/tinghao.xia/Data_PT_V1/val/7ptl/seed_306/sample_1.pt	pre_refinement_aligned_rmsd_above_limit
val	7PTL	306	2	38.008227	30.000000	0.787467	/storage9920/home/tinghao.xia/Data_PT_V1/val/7ptl/seed_306/sample_2.pt	pre_refinement_aligned_rmsd_above_limit
val	7PTL	306	3	37.443189	30.000000	0.740654	/storage9920/home/tinghao.xia/Data_PT_V1/val/7ptl/seed_306/sample_3.pt	pre_refinement_aligned_rmsd_above_limit
val	7PTL	307	0	39.559938	30.000000	0.784503	/storage9920/home/tinghao.xia/Data_PT_V1/val/7ptl/seed_307/sample_0.pt	pre_refinement_aligned_rmsd_above_limit
val	7PTL	307	1	38.775654	30.000000	0.778246	/storage9920/home/tinghao.xia/Data_PT_V1/val/7ptl/seed_307/sample_1.pt	pre_refinement_aligned_rmsd_above_limit
val	7PTL	307	2	38.768544	30.000000	0.786304	/storage9920/home/tinghao.xia/Data_PT_V1/val/7ptl/seed_307/sample_2.pt	pre_refinement_aligned_rmsd_above_limit
val	7PTL	307	3	38.028133	30.000000	0.777521	/storage9920/home/tinghao.xia/Data_PT_V1/val/7ptl/seed_307/sample_3.pt	pre_refinement_aligned_rmsd_above_limit
val	7PTL	308	0	40.763470	30.000000	0.779956	/storage9920/home/tinghao.xia/Data_PT_V1/val/7ptl/seed_308/sample_0.pt	pre_refinement_aligned_rmsd_above_limit
val	7PTL	308	1	39.341116	30.000000	0.726979	/storage9920/home/tinghao.xia/Data_PT_V1/val/7ptl/seed_308/sample_1.pt	pre_refinement_aligned_rmsd_above_limit
val	7PTL	308	2	38.141225	30.000000	0.778679	/storage9920/home/tinghao.xia/Data_PT_V1/val/7ptl/seed_308/sample_2.pt	pre_refinement_aligned_rmsd_above_limit
val	7PTL	308	3	39.782358	30.000000	0.779218	/storage9920/home/tinghao.xia/Data_PT_V1/val/7ptl/seed_308/sample_3.pt	pre_refinement_aligned_rmsd_above_limit
val	7PTL	309	0	38.857224	30.000000	0.779768	/storage9920/home/tinghao.xia/Data_PT_V1/val/7ptl/seed_309/sample_0.pt	pre_refinement_aligned_rmsd_above_limit
val	7PTL	309	1	36.815830	30.000000	0.782432	/storage9920/home/tinghao.xia/Data_PT_V1/val/7ptl/seed_309/sample_1.pt	pre_refinement_aligned_rmsd_above_limit
val	7PTL	309	2	38.421748	30.000000	0.789721	/storage9920/home/tinghao.xia/Data_PT_V1/val/7ptl/seed_309/sample_2.pt	pre_refinement_aligned_rmsd_above_limit
val	7PTL	309	3	37.792257	30.000000	0.731346	/storage9920/home/tinghao.xia/Data_PT_V1/val/7ptl/seed_309/sample_3.pt	pre_refinement_aligned_rmsd_above_limit
val	7PTL	310	0	35.128782	30.000000	0.778607	/storage9920/home/tinghao.xia/Data_PT_V1/val/7ptl/seed_310/sample_0.pt	pre_refinement_aligned_rmsd_above_limit
val	7PTL	310	1	37.064234	30.000000	0.784601	/storage9920/home/tinghao.xia/Data_PT_V1/val/7ptl/seed_310/sample_1.pt	pre_refinement_aligned_rmsd_above_limit
val	7PTL	310	2	39.355329	30.000000	0.785745	/storage9920/home/tinghao.xia/Data_PT_V1/val/7ptl/seed_310/sample_2.pt	pre_refinement_aligned_rmsd_above_limit
val	7PTL	310	3	34.461056	30.000000	0.783987	/storage9920/home/tinghao.xia/Data_PT_V1/val/7ptl/seed_310/sample_3.pt	pre_refinement_aligned_rmsd_above_limit
val	7PTL	311	0	34.875156	30.000000	0.863254	/storage9920/home/tinghao.xia/Data_PT_V1/val/7ptl/seed_311/sample_0.pt	pre_refinement_aligned_rmsd_above_limit
val	7PTL	311	1	37.281683	30.000000	0.737803	/storage9920/home/tinghao.xia/Data_PT_V1/val/7ptl/seed_311/sample_1.pt	pre_refinement_aligned_rmsd_above_limit
val	7PTL	311	2	38.059764	30.000000	0.781301	/storage9920/home/tinghao.xia/Data_PT_V1/val/7ptl/seed_311/sample_2.pt	pre_refinement_aligned_rmsd_above_limit
val	7PTL	311	3	33.319314	30.000000	0.792110	/storage9920/home/tinghao.xia/Data_PT_V1/val/7ptl/seed_311/sample_3.pt	pre_refinement_aligned_rmsd_above_limit
val	7PTL	312	0	39.050375	30.000000	0.779370	/storage9920/home/tinghao.xia/Data_PT_V1/val/7ptl/seed_312/sample_0.pt	pre_refinement_aligned_rmsd_above_limit
val	7PTL	312	1	38.623443	30.000000	0.785659	/storage9920/home/tinghao.xia/Data_PT_V1/val/7ptl/seed_312/sample_1.pt	pre_refinement_aligned_rmsd_above_limit
val	7PTL	312	2	37.121675	30.000000	0.792727	/storage9920/home/tinghao.xia/Data_PT_V1/val/7ptl/seed_312/sample_2.pt	pre_refinement_aligned_rmsd_above_limit
val	7PTL	312	3	37.511736	30.000000	0.731138	/storage9920/home/tinghao.xia/Data_PT_V1/val/7ptl/seed_312/sample_3.pt	pre_refinement_aligned_rmsd_above_limit
val	7PTL	313	0	36.608173	30.000000	0.780230	/storage9920/home/tinghao.xia/Data_PT_V1/val/7ptl/seed_313/sample_0.pt	pre_refinement_aligned_rmsd_above_limit
val	7PTL	313	1	36.808131	30.000000	0.781243	/storage9920/home/tinghao.xia/Data_PT_V1/val/7ptl/seed_313/sample_1.pt	pre_refinement_aligned_rmsd_above_limit
val	7PTL	313	2	36.352901	30.000000	0.777642	/storage9920/home/tinghao.xia/Data_PT_V1/val/7ptl/seed_313/sample_2.pt	pre_refinement_aligned_rmsd_above_limit
val	7PTL	313	3	38.110248	30.000000	0.784625	/storage9920/home/tinghao.xia/Data_PT_V1/val/7ptl/seed_313/sample_3.pt	pre_refinement_aligned_rmsd_above_limit
val	7PTL	314	0	34.746277	30.000000	0.782067	/storage9920/home/tinghao.xia/Data_PT_V1/val/7ptl/seed_314/sample_0.pt	pre_refinement_aligned_rmsd_above_limit
val	7PTL	314	1	33.813571	30.000000	0.739382	/storage9920/home/tinghao.xia/Data_PT_V1/val/7ptl/seed_314/sample_1.pt	pre_refinement_aligned_rmsd_above_limit
val	7PTL	314	2	37.054682	30.000000	0.785558	/storage9920/home/tinghao.xia/Data_PT_V1/val/7ptl/seed_314/sample_2.pt	pre_refinement_aligned_rmsd_above_limit
val	7PTL	314	3	32.878302	30.000000	0.789634	/storage9920/home/tinghao.xia/Data_PT_V1/val/7ptl/seed_314/sample_3.pt	pre_refinement_aligned_rmsd_above_limit
val	7PTL	315	0	37.375717	30.000000	0.786590	/storage9920/home/tinghao.xia/Data_PT_V1/val/7ptl/seed_315/sample_0.pt	pre_refinement_aligned_rmsd_above_limit
val	7PTL	315	1	40.070238	30.000000	0.780642	/storage9920/home/tinghao.xia/Data_PT_V1/val/7ptl/seed_315/sample_1.pt	pre_refinement_aligned_rmsd_above_limit
val	7PTL	315	2	42.631204	30.000000	0.789403	/storage9920/home/tinghao.xia/Data_PT_V1/val/7ptl/seed_315/sample_2.pt	pre_refinement_aligned_rmsd_above_limit
val	7PTL	315	3	37.793440	30.000000	0.735773	/storage9920/home/tinghao.xia/Data_PT_V1/val/7ptl/seed_315/sample_3.pt	pre_refinement_aligned_rmsd_above_limit
val	7PTL	316	0	39.720771	30.000000	0.787337	/storage9920/home/tinghao.xia/Data_PT_V1/val/7ptl/seed_316/sample_0.pt	pre_refinement_aligned_rmsd_above_limit
val	7PTL	316	1	38.245181	30.000000	0.786193	/storage9920/home/tinghao.xia/Data_PT_V1/val/7ptl/seed_316/sample_1.pt	pre_refinement_aligned_rmsd_above_limit
val	7PTL	316	2	37.747188	30.000000	0.786665	/storage9920/home/tinghao.xia/Data_PT_V1/val/7ptl/seed_316/sample_2.pt	pre_refinement_aligned_rmsd_above_limit
val	7PTL	316	3	39.213451	30.000000	0.782866	/storage9920/home/tinghao.xia/Data_PT_V1/val/7ptl/seed_316/sample_3.pt	pre_refinement_aligned_rmsd_above_limit
val	7PTL	317	0	46.147172	30.000000	0.789976	/storage9920/home/tinghao.xia/Data_PT_V1/val/7ptl/seed_317/sample_0.pt	pre_refinement_aligned_rmsd_above_limit
val	7PTL	317	1	39.734921	30.000000	0.734154	/storage9920/home/tinghao.xia/Data_PT_V1/val/7ptl/seed_317/sample_1.pt	pre_refinement_aligned_rmsd_above_limit
val	7PTL	317	2	39.334214	30.000000	0.781327	/storage9920/home/tinghao.xia/Data_PT_V1/val/7ptl/seed_317/sample_2.pt	pre_refinement_aligned_rmsd_above_limit
val	7PTL	317	3	37.958445	30.000000	0.780069	/storage9920/home/tinghao.xia/Data_PT_V1/val/7ptl/seed_317/sample_3.pt	pre_refinement_aligned_rmsd_above_limit
val	7PTL	318	0	44.446034	30.000000	0.788046	/storage9920/home/tinghao.xia/Data_PT_V1/val/7ptl/seed_318/sample_0.pt	pre_refinement_aligned_rmsd_above_limit
val	7PTL	318	1	37.782262	30.000000	0.789777	/storage9920/home/tinghao.xia/Data_PT_V1/val/7ptl/seed_318/sample_1.pt	pre_refinement_aligned_rmsd_above_limit
val	7PTL	318	2	42.429893	30.000000	0.786977	/storage9920/home/tinghao.xia/Data_PT_V1/val/7ptl/seed_318/sample_2.pt	pre_refinement_aligned_rmsd_above_limit
val	7PTL	318	3	37.523263	30.000000	0.731492	/storage9920/home/tinghao.xia/Data_PT_V1/val/7ptl/seed_318/sample_3.pt	pre_refinement_aligned_rmsd_above_limit
val	7PTL	319	0	37.620675	30.000000	0.784315	/storage9920/home/tinghao.xia/Data_PT_V1/val/7ptl/seed_319/sample_0.pt	pre_refinement_aligned_rmsd_above_limit
val	7PTL	319	1	36.620935	30.000000	0.780812	/storage9920/home/tinghao.xia/Data_PT_V1/val/7ptl/seed_319/sample_1.pt	pre_refinement_aligned_rmsd_above_limit
val	7PTL	319	2	31.827416	30.000000	0.791754	/storage9920/home/tinghao.xia/Data_PT_V1/val/7ptl/seed_319/sample_2.pt	pre_refinement_aligned_rmsd_above_limit
val	7PTL	319	3	32.504799	30.000000	0.789348	/storage9920/home/tinghao.xia/Data_PT_V1/val/7ptl/seed_319/sample_3.pt	pre_refinement_aligned_rmsd_above_limit
val	7PTL	320	0	38.239976	30.000000	0.789054	/storage9920/home/tinghao.xia/Data_PT_V1/val/7ptl/seed_320/sample_0.pt	pre_refinement_aligned_rmsd_above_limit
val	7PTL	320	1	37.275327	30.000000	0.734920	/storage9920/home/tinghao.xia/Data_PT_V1/val/7ptl/seed_320/sample_1.pt	pre_refinement_aligned_rmsd_above_limit
val	7PTL	320	2	37.816493	30.000000	0.779527	/storage9920/home/tinghao.xia/Data_PT_V1/val/7ptl/seed_320/sample_2.pt	pre_refinement_aligned_rmsd_above_limit
val	7PTL	320	3	36.255520	30.000000	0.781779	/storage9920/home/tinghao.xia/Data_PT_V1/val/7ptl/seed_320/sample_3.pt	pre_refinement_aligned_rmsd_above_limit
val	7PTL	321	0	35.604220	30.000000	0.786817	/storage9920/home/tinghao.xia/Data_PT_V1/val/7ptl/seed_321/sample_0.pt	pre_refinement_aligned_rmsd_above_limit
val	7PTL	321	1	34.661357	30.000000	0.785611	/storage9920/home/tinghao.xia/Data_PT_V1/val/7ptl/seed_321/sample_1.pt	pre_refinement_aligned_rmsd_above_limit
val	7PTL	321	2	34.039996	30.000000	0.782133	/storage9920/home/tinghao.xia/Data_PT_V1/val/7ptl/seed_321/sample_2.pt	pre_refinement_aligned_rmsd_above_limit
val	7PTL	321	3	36.169732	30.000000	0.734989	/storage9920/home/tinghao.xia/Data_PT_V1/val/7ptl/seed_321/sample_3.pt	pre_refinement_aligned_rmsd_above_limit
val	7PTL	322	0	38.126169	30.000000	0.782212	/storage9920/home/tinghao.xia/Data_PT_V1/val/7ptl/seed_322/sample_0.pt	pre_refinement_aligned_rmsd_above_limit
val	7PTL	322	1	37.902464	30.000000	0.786361	/storage9920/home/tinghao.xia/Data_PT_V1/val/7ptl/seed_322/sample_1.pt	pre_refinement_aligned_rmsd_above_limit
val	7PTL	322	2	35.816168	30.000000	0.784851	/storage9920/home/tinghao.xia/Data_PT_V1/val/7ptl/seed_322/sample_2.pt	pre_refinement_aligned_rmsd_above_limit
val	7PTL	322	3	36.403985	30.000000	0.789062	/storage9920/home/tinghao.xia/Data_PT_V1/val/7ptl/seed_322/sample_3.pt	pre_refinement_aligned_rmsd_above_limit
val	7PTL	323	0	40.627124	30.000000	0.817137	/storage9920/home/tinghao.xia/Data_PT_V1/val/7ptl/seed_323/sample_0.pt	pre_refinement_aligned_rmsd_above_limit
val	7PTL	323	1	37.880201	30.000000	0.737709	/storage9920/home/tinghao.xia/Data_PT_V1/val/7ptl/seed_323/sample_1.pt	pre_refinement_aligned_rmsd_above_limit
val	7PTL	323	2	38.713104	30.000000	0.782512	/storage9920/home/tinghao.xia/Data_PT_V1/val/7ptl/seed_323/sample_2.pt	pre_refinement_aligned_rmsd_above_limit
val	7PTL	323	3	36.320012	30.000000	0.777053	/storage9920/home/tinghao.xia/Data_PT_V1/val/7ptl/seed_323/sample_3.pt	pre_refinement_aligned_rmsd_above_limit
val	7PTL	324	0	33.154806	30.000000	0.784903	/storage9920/home/tinghao.xia/Data_PT_V1/val/7ptl/seed_324/sample_0.pt	pre_refinement_aligned_rmsd_above_limit
val	7PTL	324	1	32.988340	30.000000	0.790150	/storage9920/home/tinghao.xia/Data_PT_V1/val/7ptl/seed_324/sample_1.pt	pre_refinement_aligned_rmsd_above_limit
val	7PTL	324	2	31.769384	30.000000	0.787743	/storage9920/home/tinghao.xia/Data_PT_V1/val/7ptl/seed_324/sample_2.pt	pre_refinement_aligned_rmsd_above_limit
val	7PTL	324	3	31.257712	30.000000	0.735782	/storage9920/home/tinghao.xia/Data_PT_V1/val/7ptl/seed_324/sample_3.pt	pre_refinement_aligned_rmsd_above_limit
val	7PTL	325	0	40.129205	30.000000	0.779141	/storage9920/home/tinghao.xia/Data_PT_V1/val/7ptl/seed_325/sample_0.pt	pre_refinement_aligned_rmsd_above_limit
val	7PTL	325	1	40.112049	30.000000	0.783258	/storage9920/home/tinghao.xia/Data_PT_V1/val/7ptl/seed_325/sample_1.pt	pre_refinement_aligned_rmsd_above_limit
val	7PTL	325	2	40.505340	30.000000	0.786651	/storage9920/home/tinghao.xia/Data_PT_V1/val/7ptl/seed_325/sample_2.pt	pre_refinement_aligned_rmsd_above_limit
val	7PTL	325	3	36.183313	30.000000	0.780362	/storage9920/home/tinghao.xia/Data_PT_V1/val/7ptl/seed_325/sample_3.pt	pre_refinement_aligned_rmsd_above_limit
val	7PTL	326	0	39.085356	30.000000	0.787781	/storage9920/home/tinghao.xia/Data_PT_V1/val/7ptl/seed_326/sample_0.pt	pre_refinement_aligned_rmsd_above_limit
val	7PTL	326	1	38.092324	30.000000	0.736377	/storage9920/home/tinghao.xia/Data_PT_V1/val/7ptl/seed_326/sample_1.pt	pre_refinement_aligned_rmsd_above_limit
val	7PTL	326	2	36.075443	30.000000	0.776217	/storage9920/home/tinghao.xia/Data_PT_V1/val/7ptl/seed_326/sample_2.pt	pre_refinement_aligned_rmsd_above_limit
val	7PTL	326	3	43.856210	30.000000	0.782994	/storage9920/home/tinghao.xia/Data_PT_V1/val/7ptl/seed_326/sample_3.pt	pre_refinement_aligned_rmsd_above_limit
val	7PTL	327	0	39.186289	30.000000	0.788331	/storage9920/home/tinghao.xia/Data_PT_V1/val/7ptl/seed_327/sample_0.pt	pre_refinement_aligned_rmsd_above_limit
val	7PTL	327	1	39.007979	30.000000	0.784624	/storage9920/home/tinghao.xia/Data_PT_V1/val/7ptl/seed_327/sample_1.pt	pre_refinement_aligned_rmsd_above_limit
val	7PTL	327	2	36.688781	30.000000	0.783455	/storage9920/home/tinghao.xia/Data_PT_V1/val/7ptl/seed_327/sample_2.pt	pre_refinement_aligned_rmsd_above_limit
val	7PTL	327	3	38.683628	30.000000	0.731406	/storage9920/home/tinghao.xia/Data_PT_V1/val/7ptl/seed_327/sample_3.pt	pre_refinement_aligned_rmsd_above_limit
val	7PTL	328	0	38.789813	30.000000	0.782213	/storage9920/home/tinghao.xia/Data_PT_V1/val/7ptl/seed_328/sample_0.pt	pre_refinement_aligned_rmsd_above_limit
val	7PTL	328	1	42.672424	30.000000	0.778349	/storage9920/home/tinghao.xia/Data_PT_V1/val/7ptl/seed_328/sample_1.pt	pre_refinement_aligned_rmsd_above_limit
val	7PTL	328	2	32.447263	30.000000	0.786996	/storage9920/home/tinghao.xia/Data_PT_V1/val/7ptl/seed_328/sample_2.pt	pre_refinement_aligned_rmsd_above_limit
val	7PTL	328	3	41.262325	30.000000	0.791954	/storage9920/home/tinghao.xia/Data_PT_V1/val/7ptl/seed_328/sample_3.pt	pre_refinement_aligned_rmsd_above_limit
val	7PTL	329	0	37.439145	30.000000	0.787038	/storage9920/home/tinghao.xia/Data_PT_V1/val/7ptl/seed_329/sample_0.pt	pre_refinement_aligned_rmsd_above_limit
val	7PTL	329	1	37.091512	30.000000	0.737084	/storage9920/home/tinghao.xia/Data_PT_V1/val/7ptl/seed_329/sample_1.pt	pre_refinement_aligned_rmsd_above_limit
val	7PTL	329	2	36.350770	30.000000	0.780202	/storage9920/home/tinghao.xia/Data_PT_V1/val/7ptl/seed_329/sample_2.pt	pre_refinement_aligned_rmsd_above_limit
val	7PTL	329	3	33.541309	30.000000	0.786541	/storage9920/home/tinghao.xia/Data_PT_V1/val/7ptl/seed_329/sample_3.pt	pre_refinement_aligned_rmsd_above_limit
val	7PTL	330	0	36.569668	30.000000	0.792311	/storage9920/home/tinghao.xia/Data_PT_V1/val/7ptl/seed_330/sample_0.pt	pre_refinement_aligned_rmsd_above_limit
val	7PTL	330	1	32.415191	30.000000	0.796153	/storage9920/home/tinghao.xia/Data_PT_V1/val/7ptl/seed_330/sample_1.pt	pre_refinement_aligned_rmsd_above_limit
val	7PTL	330	2	30.643650	30.000000	0.778280	/storage9920/home/tinghao.xia/Data_PT_V1/val/7ptl/seed_330/sample_2.pt	pre_refinement_aligned_rmsd_above_limit
val	7PTL	330	3	30.986503	30.000000	0.736421	/storage9920/home/tinghao.xia/Data_PT_V1/val/7ptl/seed_330/sample_3.pt	pre_refinement_aligned_rmsd_above_limit
val	7PTL	331	0	37.067544	30.000000	0.785009	/storage9920/home/tinghao.xia/Data_PT_V1/val/7ptl/seed_331/sample_0.pt	pre_refinement_aligned_rmsd_above_limit
val	7PTL	331	1	39.332869	30.000000	0.786414	/storage9920/home/tinghao.xia/Data_PT_V1/val/7ptl/seed_331/sample_1.pt	pre_refinement_aligned_rmsd_above_limit
val	7PTL	331	2	38.639344	30.000000	0.780548	/storage9920/home/tinghao.xia/Data_PT_V1/val/7ptl/seed_331/sample_2.pt	pre_refinement_aligned_rmsd_above_limit
val	7PTL	331	3	39.321754	30.000000	0.782668	/storage9920/home/tinghao.xia/Data_PT_V1/val/7ptl/seed_331/sample_3.pt	pre_refinement_aligned_rmsd_above_limit
val	7PTL	332	0	38.472625	30.000000	0.781288	/storage9920/home/tinghao.xia/Data_PT_V1/val/7ptl/seed_332/sample_0.pt	pre_refinement_aligned_rmsd_above_limit
val	7PTL	332	1	38.658600	30.000000	0.740021	/storage9920/home/tinghao.xia/Data_PT_V1/val/7ptl/seed_332/sample_1.pt	pre_refinement_aligned_rmsd_above_limit
val	7PTL	332	2	39.409745	30.000000	0.777498	/storage9920/home/tinghao.xia/Data_PT_V1/val/7ptl/seed_332/sample_2.pt	pre_refinement_aligned_rmsd_above_limit
val	7PTL	332	3	34.772723	30.000000	0.773874	/storage9920/home/tinghao.xia/Data_PT_V1/val/7ptl/seed_332/sample_3.pt	pre_refinement_aligned_rmsd_above_limit
val	7PTL	333	0	35.065777	30.000000	0.781016	/storage9920/home/tinghao.xia/Data_PT_V1/val/7ptl/seed_333/sample_0.pt	pre_refinement_aligned_rmsd_above_limit
val	7PTL	333	1	38.570151	30.000000	0.776897	/storage9920/home/tinghao.xia/Data_PT_V1/val/7ptl/seed_333/sample_1.pt	pre_refinement_aligned_rmsd_above_limit
val	7PTL	333	2	37.152460	30.000000	0.781033	/storage9920/home/tinghao.xia/Data_PT_V1/val/7ptl/seed_333/sample_2.pt	pre_refinement_aligned_rmsd_above_limit
val	7PTL	333	3	47.105303	30.000000	0.779095	/storage9920/home/tinghao.xia/Data_PT_V1/val/7ptl/seed_333/sample_3.pt	pre_refinement_aligned_rmsd_above_limit
val	7PTL	334	0	41.496121	30.000000	0.802005	/storage9920/home/tinghao.xia/Data_PT_V1/val/7ptl/seed_334/sample_0.pt	pre_refinement_aligned_rmsd_above_limit
val	7PTL	334	1	37.439016	30.000000	0.801237	/storage9920/home/tinghao.xia/Data_PT_V1/val/7ptl/seed_334/sample_1.pt	pre_refinement_aligned_rmsd_above_limit
val	7PTL	334	2	36.120752	30.000000	0.787266	/storage9920/home/tinghao.xia/Data_PT_V1/val/7ptl/seed_334/sample_2.pt	pre_refinement_aligned_rmsd_above_limit
val	7PTL	334	3	43.593854	30.000000	0.789055	/storage9920/home/tinghao.xia/Data_PT_V1/val/7ptl/seed_334/sample_3.pt	pre_refinement_aligned_rmsd_above_limit
val	7PTL	335	0	34.091294	30.000000	0.794260	/storage9920/home/tinghao.xia/Data_PT_V1/val/7ptl/seed_335/sample_0.pt	pre_refinement_aligned_rmsd_above_limit
val	7PTL	335	1	34.920003	30.000000	0.779789	/storage9920/home/tinghao.xia/Data_PT_V1/val/7ptl/seed_335/sample_1.pt	pre_refinement_aligned_rmsd_above_limit
val	7PTL	335	2	34.470456	30.000000	0.787404	/storage9920/home/tinghao.xia/Data_PT_V1/val/7ptl/seed_335/sample_2.pt	pre_refinement_aligned_rmsd_above_limit
val	7PTL	335	3	36.112338	30.000000	0.793727	/storage9920/home/tinghao.xia/Data_PT_V1/val/7ptl/seed_335/sample_3.pt	pre_refinement_aligned_rmsd_above_limit
val	7PTL	336	0	39.375050	30.000000	0.825453	/storage9920/home/tinghao.xia/Data_PT_V1/val/7ptl/seed_336/sample_0.pt	pre_refinement_aligned_rmsd_above_limit
val	7PTL	336	1	35.445038	30.000000	0.781903	/storage9920/home/tinghao.xia/Data_PT_V1/val/7ptl/seed_336/sample_1.pt	pre_refinement_aligned_rmsd_above_limit
val	7PTL	336	2	34.021925	30.000000	0.791466	/storage9920/home/tinghao.xia/Data_PT_V1/val/7ptl/seed_336/sample_2.pt	pre_refinement_aligned_rmsd_above_limit
val	7PTL	336	3	33.701882	30.000000	0.732003	/storage9920/home/tinghao.xia/Data_PT_V1/val/7ptl/seed_336/sample_3.pt	pre_refinement_aligned_rmsd_above_limit
val	7PTL	337	0	38.337062	30.000000	0.784880	/storage9920/home/tinghao.xia/Data_PT_V1/val/7ptl/seed_337/sample_0.pt	pre_refinement_aligned_rmsd_above_limit
val	7PTL	337	1	43.012548	30.000000	0.776287	/storage9920/home/tinghao.xia/Data_PT_V1/val/7ptl/seed_337/sample_1.pt	pre_refinement_aligned_rmsd_above_limit
val	7PTL	337	2	37.577419	30.000000	0.785002	/storage9920/home/tinghao.xia/Data_PT_V1/val/7ptl/seed_337/sample_2.pt	pre_refinement_aligned_rmsd_above_limit
val	7PTL	337	3	38.421245	30.000000	0.783793	/storage9920/home/tinghao.xia/Data_PT_V1/val/7ptl/seed_337/sample_3.pt	pre_refinement_aligned_rmsd_above_limit
val	7PTL	338	0	37.089339	30.000000	0.794122	/storage9920/home/tinghao.xia/Data_PT_V1/val/7ptl/seed_338/sample_0.pt	pre_refinement_aligned_rmsd_above_limit
val	7PTL	338	1	36.247469	30.000000	0.737335	/storage9920/home/tinghao.xia/Data_PT_V1/val/7ptl/seed_338/sample_1.pt	pre_refinement_aligned_rmsd_above_limit
val	7PTL	338	2	35.631352	30.000000	0.792556	/storage9920/home/tinghao.xia/Data_PT_V1/val/7ptl/seed_338/sample_2.pt	pre_refinement_aligned_rmsd_above_limit
val	7PTL	338	3	37.772429	30.000000	0.785290	/storage9920/home/tinghao.xia/Data_PT_V1/val/7ptl/seed_338/sample_3.pt	pre_refinement_aligned_rmsd_above_limit
val	7PTL	339	0	37.173423	30.000000	0.783976	/storage9920/home/tinghao.xia/Data_PT_V1/val/7ptl/seed_339/sample_0.pt	pre_refinement_aligned_rmsd_above_limit
val	7PTL	339	1	35.362359	30.000000	0.791951	/storage9920/home/tinghao.xia/Data_PT_V1/val/7ptl/seed_339/sample_1.pt	pre_refinement_aligned_rmsd_above_limit
val	7PTL	339	2	36.080584	30.000000	0.792926	/storage9920/home/tinghao.xia/Data_PT_V1/val/7ptl/seed_339/sample_2.pt	pre_refinement_aligned_rmsd_above_limit
val	7PTL	339	3	36.297308	30.000000	0.732140	/storage9920/home/tinghao.xia/Data_PT_V1/val/7ptl/seed_339/sample_3.pt	pre_refinement_aligned_rmsd_above_limit
val	7PTL	340	0	37.837502	30.000000	0.781499	/storage9920/home/tinghao.xia/Data_PT_V1/val/7ptl/seed_340/sample_0.pt	pre_refinement_aligned_rmsd_above_limit
val	7PTL	340	1	36.390657	30.000000	0.785892	/storage9920/home/tinghao.xia/Data_PT_V1/val/7ptl/seed_340/sample_1.pt	pre_refinement_aligned_rmsd_above_limit
val	7PTL	340	2	38.489094	30.000000	0.793783	/storage9920/home/tinghao.xia/Data_PT_V1/val/7ptl/seed_340/sample_2.pt	pre_refinement_aligned_rmsd_above_limit
val	7PTL	340	3	37.924781	30.000000	0.782055	/storage9920/home/tinghao.xia/Data_PT_V1/val/7ptl/seed_340/sample_3.pt	pre_refinement_aligned_rmsd_above_limit
val	7PTL	341	0	33.098048	30.000000	0.778881	/storage9920/home/tinghao.xia/Data_PT_V1/val/7ptl/seed_341/sample_0.pt	pre_refinement_aligned_rmsd_above_limit
val	7PTL	341	1	39.576341	30.000000	0.735422	/storage9920/home/tinghao.xia/Data_PT_V1/val/7ptl/seed_341/sample_1.pt	pre_refinement_aligned_rmsd_above_limit
val	7PTL	341	2	38.213960	30.000000	0.782530	/storage9920/home/tinghao.xia/Data_PT_V1/val/7ptl/seed_341/sample_2.pt	pre_refinement_aligned_rmsd_above_limit
val	7PTL	341	3	40.536063	30.000000	0.786976	/storage9920/home/tinghao.xia/Data_PT_V1/val/7ptl/seed_341/sample_3.pt	pre_refinement_aligned_rmsd_above_limit
val	7PTL	342	0	38.260660	30.000000	0.786552	/storage9920/home/tinghao.xia/Data_PT_V1/val/7ptl/seed_342/sample_0.pt	pre_refinement_aligned_rmsd_above_limit
val	7PTL	342	1	36.714065	30.000000	0.785706	/storage9920/home/tinghao.xia/Data_PT_V1/val/7ptl/seed_342/sample_1.pt	pre_refinement_aligned_rmsd_above_limit
val	7PTL	342	2	43.522156	30.000000	0.790650	/storage9920/home/tinghao.xia/Data_PT_V1/val/7ptl/seed_342/sample_2.pt	pre_refinement_aligned_rmsd_above_limit
val	7PTL	342	3	38.262736	30.000000	0.733207	/storage9920/home/tinghao.xia/Data_PT_V1/val/7ptl/seed_342/sample_3.pt	pre_refinement_aligned_rmsd_above_limit
val	7PTL	343	0	36.804029	30.000000	0.782175	/storage9920/home/tinghao.xia/Data_PT_V1/val/7ptl/seed_343/sample_0.pt	pre_refinement_aligned_rmsd_above_limit
val	7PTL	343	1	37.406176	30.000000	0.783540	/storage9920/home/tinghao.xia/Data_PT_V1/val/7ptl/seed_343/sample_1.pt	pre_refinement_aligned_rmsd_above_limit
val	7PTL	343	2	35.336772	30.000000	0.798448	/storage9920/home/tinghao.xia/Data_PT_V1/val/7ptl/seed_343/sample_2.pt	pre_refinement_aligned_rmsd_above_limit
val	7PTL	343	3	36.007579	30.000000	0.794470	/storage9920/home/tinghao.xia/Data_PT_V1/val/7ptl/seed_343/sample_3.pt	pre_refinement_aligned_rmsd_above_limit
val	7PTL	344	0	43.037115	30.000000	0.782258	/storage9920/home/tinghao.xia/Data_PT_V1/val/7ptl/seed_344/sample_0.pt	pre_refinement_aligned_rmsd_above_limit
val	7PTL	344	1	37.898763	30.000000	0.734089	/storage9920/home/tinghao.xia/Data_PT_V1/val/7ptl/seed_344/sample_1.pt	pre_refinement_aligned_rmsd_above_limit
val	7PTL	344	2	36.996533	30.000000	0.784241	/storage9920/home/tinghao.xia/Data_PT_V1/val/7ptl/seed_344/sample_2.pt	pre_refinement_aligned_rmsd_above_limit
val	7PTL	344	3	37.009403	30.000000	0.785250	/storage9920/home/tinghao.xia/Data_PT_V1/val/7ptl/seed_344/sample_3.pt	pre_refinement_aligned_rmsd_above_limit
val	7PTL	345	0	35.578351	30.000000	0.784448	/storage9920/home/tinghao.xia/Data_PT_V1/val/7ptl/seed_345/sample_0.pt	pre_refinement_aligned_rmsd_above_limit
val	7PTL	345	1	35.780107	30.000000	0.785095	/storage9920/home/tinghao.xia/Data_PT_V1/val/7ptl/seed_345/sample_1.pt	pre_refinement_aligned_rmsd_above_limit
val	7PTL	345	2	40.047774	30.000000	0.787942	/storage9920/home/tinghao.xia/Data_PT_V1/val/7ptl/seed_345/sample_2.pt	pre_refinement_aligned_rmsd_above_limit
val	7PTL	345	3	30.448007	30.000000	0.733757	/storage9920/home/tinghao.xia/Data_PT_V1/val/7ptl/seed_345/sample_3.pt	pre_refinement_aligned_rmsd_above_limit
val	7PTL	346	0	37.565977	30.000000	0.879155	/storage9920/home/tinghao.xia/Data_PT_V1/val/7ptl/seed_346/sample_0.pt	pre_refinement_aligned_rmsd_above_limit
val	7PTL	346	1	39.103721	30.000000	0.900845	/storage9920/home/tinghao.xia/Data_PT_V1/val/7ptl/seed_346/sample_1.pt	pre_refinement_aligned_rmsd_above_limit
val	7PTL	346	2	38.965878	30.000000	0.786412	/storage9920/home/tinghao.xia/Data_PT_V1/val/7ptl/seed_346/sample_2.pt	pre_refinement_aligned_rmsd_above_limit
val	7PTL	346	3	39.396035	30.000000	0.783179	/storage9920/home/tinghao.xia/Data_PT_V1/val/7ptl/seed_346/sample_3.pt	pre_refinement_aligned_rmsd_above_limit
val	7PTL	347	0	39.441411	30.000000	0.786262	/storage9920/home/tinghao.xia/Data_PT_V1/val/7ptl/seed_347/sample_0.pt	pre_refinement_aligned_rmsd_above_limit
val	7PTL	347	1	38.654287	30.000000	0.740636	/storage9920/home/tinghao.xia/Data_PT_V1/val/7ptl/seed_347/sample_1.pt	pre_refinement_aligned_rmsd_above_limit
val	7PTL	347	2	36.378448	30.000000	0.785181	/storage9920/home/tinghao.xia/Data_PT_V1/val/7ptl/seed_347/sample_2.pt	pre_refinement_aligned_rmsd_above_limit
val	7PTL	347	3	42.775740	30.000000	0.789750	/storage9920/home/tinghao.xia/Data_PT_V1/val/7ptl/seed_347/sample_3.pt	pre_refinement_aligned_rmsd_above_limit
val	7PTL	348	0	37.614649	30.000000	0.794516	/storage9920/home/tinghao.xia/Data_PT_V1/val/7ptl/seed_348/sample_0.pt	pre_refinement_aligned_rmsd_above_limit
val	7PTL	348	1	37.282042	30.000000	0.792356	/storage9920/home/tinghao.xia/Data_PT_V1/val/7ptl/seed_348/sample_1.pt	pre_refinement_aligned_rmsd_above_limit
val	7PTL	348	2	42.932841	30.000000	0.799659	/storage9920/home/tinghao.xia/Data_PT_V1/val/7ptl/seed_348/sample_2.pt	pre_refinement_aligned_rmsd_above_limit
val	7PTL	348	3	39.583232	30.000000	0.741802	/storage9920/home/tinghao.xia/Data_PT_V1/val/7ptl/seed_348/sample_3.pt	pre_refinement_aligned_rmsd_above_limit
val	7PTL	349	0	39.268698	30.000000	0.782571	/storage9920/home/tinghao.xia/Data_PT_V1/val/7ptl/seed_349/sample_0.pt	pre_refinement_aligned_rmsd_above_limit
val	7PTL	349	1	38.070884	30.000000	0.785299	/storage9920/home/tinghao.xia/Data_PT_V1/val/7ptl/seed_349/sample_1.pt	pre_refinement_aligned_rmsd_above_limit
val	7PTL	349	2	37.720274	30.000000	0.784742	/storage9920/home/tinghao.xia/Data_PT_V1/val/7ptl/seed_349/sample_2.pt	pre_refinement_aligned_rmsd_above_limit
val	7PTL	349	3	38.202547	30.000000	0.788251	/storage9920/home/tinghao.xia/Data_PT_V1/val/7ptl/seed_349/sample_3.pt	pre_refinement_aligned_rmsd_above_limit
val	7PTQ	300	0	46.710278	30.000000	0.690829	/storage9920/home/tinghao.xia/Data_PT_V1/val/7ptq/seed_300/sample_0.pt	pre_refinement_aligned_rmsd_above_limit
val	7PTQ	300	1	43.418870	30.000000	0.499599	/storage9920/home/tinghao.xia/Data_PT_V1/val/7ptq/seed_300/sample_1.pt	pre_refinement_aligned_rmsd_above_limit
val	7PTQ	300	2	45.841184	30.000000	0.543232	/storage9920/home/tinghao.xia/Data_PT_V1/val/7ptq/seed_300/sample_2.pt	pre_refinement_aligned_rmsd_above_limit
val	7PTQ	300	3	42.960736	30.000000	0.505423	/storage9920/home/tinghao.xia/Data_PT_V1/val/7ptq/seed_300/sample_3.pt	pre_refinement_aligned_rmsd_above_limit
val	7PTQ	301	0	33.855207	30.000000	0.544733	/storage9920/home/tinghao.xia/Data_PT_V1/val/7ptq/seed_301/sample_0.pt	pre_refinement_aligned_rmsd_above_limit
val	7PTQ	301	1	33.891260	30.000000	0.554665	/storage9920/home/tinghao.xia/Data_PT_V1/val/7ptq/seed_301/sample_1.pt	pre_refinement_aligned_rmsd_above_limit
val	7PTQ	301	2	34.812275	30.000000	0.505109	/storage9920/home/tinghao.xia/Data_PT_V1/val/7ptq/seed_301/sample_2.pt	pre_refinement_aligned_rmsd_above_limit
val	7PTQ	301	3	32.515228	30.000000	0.547380	/storage9920/home/tinghao.xia/Data_PT_V1/val/7ptq/seed_301/sample_3.pt	pre_refinement_aligned_rmsd_above_limit
val	7PTQ	302	0	40.464970	30.000000	0.507897	/storage9920/home/tinghao.xia/Data_PT_V1/val/7ptq/seed_302/sample_0.pt	pre_refinement_aligned_rmsd_above_limit
val	7PTQ	302	1	37.031615	30.000000	0.541282	/storage9920/home/tinghao.xia/Data_PT_V1/val/7ptq/seed_302/sample_1.pt	pre_refinement_aligned_rmsd_above_limit
val	7PTQ	302	2	42.820806	30.000000	0.548092	/storage9920/home/tinghao.xia/Data_PT_V1/val/7ptq/seed_302/sample_2.pt	pre_refinement_aligned_rmsd_above_limit
val	7PTQ	302	3	43.391984	30.000000	0.506463	/storage9920/home/tinghao.xia/Data_PT_V1/val/7ptq/seed_302/sample_3.pt	pre_refinement_aligned_rmsd_above_limit
val	7PTQ	303	0	36.096940	30.000000	0.552361	/storage9920/home/tinghao.xia/Data_PT_V1/val/7ptq/seed_303/sample_0.pt	pre_refinement_aligned_rmsd_above_limit
val	7PTQ	303	1	32.300051	30.000000	0.503239	/storage9920/home/tinghao.xia/Data_PT_V1/val/7ptq/seed_303/sample_1.pt	pre_refinement_aligned_rmsd_above_limit
val	7PTQ	303	2	41.153044	30.000000	0.555156	/storage9920/home/tinghao.xia/Data_PT_V1/val/7ptq/seed_303/sample_2.pt	pre_refinement_aligned_rmsd_above_limit
val	7PTQ	303	3	34.965237	30.000000	0.587648	/storage9920/home/tinghao.xia/Data_PT_V1/val/7ptq/seed_303/sample_3.pt	pre_refinement_aligned_rmsd_above_limit
val	7PTQ	304	0	40.386214	30.000000	0.501982	/storage9920/home/tinghao.xia/Data_PT_V1/val/7ptq/seed_304/sample_0.pt	pre_refinement_aligned_rmsd_above_limit
val	7PTQ	304	1	45.584212	30.000000	0.549781	/storage9920/home/tinghao.xia/Data_PT_V1/val/7ptq/seed_304/sample_1.pt	pre_refinement_aligned_rmsd_above_limit
val	7PTQ	304	2	44.009674	30.000000	0.504124	/storage9920/home/tinghao.xia/Data_PT_V1/val/7ptq/seed_304/sample_2.pt	pre_refinement_aligned_rmsd_above_limit
val	7PTQ	304	3	40.473002	30.000000	0.545312	/storage9920/home/tinghao.xia/Data_PT_V1/val/7ptq/seed_304/sample_3.pt	pre_refinement_aligned_rmsd_above_limit
val	7PTQ	305	0	32.932279	30.000000	0.556084	/storage9920/home/tinghao.xia/Data_PT_V1/val/7ptq/seed_305/sample_0.pt	pre_refinement_aligned_rmsd_above_limit
val	7PTQ	305	1	37.731403	30.000000	0.501772	/storage9920/home/tinghao.xia/Data_PT_V1/val/7ptq/seed_305/sample_1.pt	pre_refinement_aligned_rmsd_above_limit
val	7PTQ	305	2	38.249436	30.000000	0.549780	/storage9920/home/tinghao.xia/Data_PT_V1/val/7ptq/seed_305/sample_2.pt	pre_refinement_aligned_rmsd_above_limit
val	7PTQ	305	3	41.783815	30.000000	0.508742	/storage9920/home/tinghao.xia/Data_PT_V1/val/7ptq/seed_305/sample_3.pt	pre_refinement_aligned_rmsd_above_limit
val	7PTQ	306	0	36.657856	30.000000	0.545138	/storage9920/home/tinghao.xia/Data_PT_V1/val/7ptq/seed_306/sample_0.pt	pre_refinement_aligned_rmsd_above_limit
val	7PTQ	306	1	36.520618	30.000000	0.555316	/storage9920/home/tinghao.xia/Data_PT_V1/val/7ptq/seed_306/sample_1.pt	pre_refinement_aligned_rmsd_above_limit
val	7PTQ	306	2	35.641029	30.000000	0.507169	/storage9920/home/tinghao.xia/Data_PT_V1/val/7ptq/seed_306/sample_2.pt	pre_refinement_aligned_rmsd_above_limit
val	7PTQ	306	3	37.048142	30.000000	0.551197	/storage9920/home/tinghao.xia/Data_PT_V1/val/7ptq/seed_306/sample_3.pt	pre_refinement_aligned_rmsd_above_limit
val	7PTQ	307	0	37.494230	30.000000	0.499117	/storage9920/home/tinghao.xia/Data_PT_V1/val/7ptq/seed_307/sample_0.pt	pre_refinement_aligned_rmsd_above_limit
val	7PTQ	307	1	42.597283	30.000000	0.543270	/storage9920/home/tinghao.xia/Data_PT_V1/val/7ptq/seed_307/sample_1.pt	pre_refinement_aligned_rmsd_above_limit
val	7PTQ	307	2	41.954411	30.000000	0.549861	/storage9920/home/tinghao.xia/Data_PT_V1/val/7ptq/seed_307/sample_2.pt	pre_refinement_aligned_rmsd_above_limit
val	7PTQ	307	3	40.344582	30.000000	0.508678	/storage9920/home/tinghao.xia/Data_PT_V1/val/7ptq/seed_307/sample_3.pt	pre_refinement_aligned_rmsd_above_limit
val	7PTQ	308	0	41.148615	30.000000	0.555894	/storage9920/home/tinghao.xia/Data_PT_V1/val/7ptq/seed_308/sample_0.pt	pre_refinement_aligned_rmsd_above_limit
val	7PTQ	308	1	39.040135	30.000000	0.504880	/storage9920/home/tinghao.xia/Data_PT_V1/val/7ptq/seed_308/sample_1.pt	pre_refinement_aligned_rmsd_above_limit
val	7PTQ	308	2	38.520535	30.000000	0.543489	/storage9920/home/tinghao.xia/Data_PT_V1/val/7ptq/seed_308/sample_2.pt	pre_refinement_aligned_rmsd_above_limit
val	7PTQ	308	3	42.803287	30.000000	0.572225	/storage9920/home/tinghao.xia/Data_PT_V1/val/7ptq/seed_308/sample_3.pt	pre_refinement_aligned_rmsd_above_limit
val	7PTQ	309	0	31.457272	30.000000	0.511478	/storage9920/home/tinghao.xia/Data_PT_V1/val/7ptq/seed_309/sample_0.pt	pre_refinement_aligned_rmsd_above_limit
val	7PTQ	309	1	33.016701	30.000000	0.550583	/storage9920/home/tinghao.xia/Data_PT_V1/val/7ptq/seed_309/sample_1.pt	pre_refinement_aligned_rmsd_above_limit
val	7PTQ	309	2	35.577761	30.000000	0.507455	/storage9920/home/tinghao.xia/Data_PT_V1/val/7ptq/seed_309/sample_2.pt	pre_refinement_aligned_rmsd_above_limit
val	7PTQ	309	3	37.324619	30.000000	0.548656	/storage9920/home/tinghao.xia/Data_PT_V1/val/7ptq/seed_309/sample_3.pt	pre_refinement_aligned_rmsd_above_limit
val	7PTQ	310	0	45.591049	30.000000	0.551348	/storage9920/home/tinghao.xia/Data_PT_V1/val/7ptq/seed_310/sample_0.pt	pre_refinement_aligned_rmsd_above_limit
val	7PTQ	310	1	41.495421	30.000000	0.509149	/storage9920/home/tinghao.xia/Data_PT_V1/val/7ptq/seed_310/sample_1.pt	pre_refinement_aligned_rmsd_above_limit
val	7PTQ	310	2	45.179247	30.000000	0.555150	/storage9920/home/tinghao.xia/Data_PT_V1/val/7ptq/seed_310/sample_2.pt	pre_refinement_aligned_rmsd_above_limit
val	7PTQ	310	3	47.177981	30.000000	0.507718	/storage9920/home/tinghao.xia/Data_PT_V1/val/7ptq/seed_310/sample_3.pt	pre_refinement_aligned_rmsd_above_limit
val	7PTQ	311	0	46.109824	30.000000	0.540818	/storage9920/home/tinghao.xia/Data_PT_V1/val/7ptq/seed_311/sample_0.pt	pre_refinement_aligned_rmsd_above_limit
val	7PTQ	311	1	44.726732	30.000000	0.557672	/storage9920/home/tinghao.xia/Data_PT_V1/val/7ptq/seed_311/sample_1.pt	pre_refinement_aligned_rmsd_above_limit
val	7PTQ	311	2	45.386996	30.000000	0.502746	/storage9920/home/tinghao.xia/Data_PT_V1/val/7ptq/seed_311/sample_2.pt	pre_refinement_aligned_rmsd_above_limit
val	7PTQ	311	3	46.350785	30.000000	0.562024	/storage9920/home/tinghao.xia/Data_PT_V1/val/7ptq/seed_311/sample_3.pt	pre_refinement_aligned_rmsd_above_limit
val	7PTQ	312	0	38.154139	30.000000	0.490625	/storage9920/home/tinghao.xia/Data_PT_V1/val/7ptq/seed_312/sample_0.pt	pre_refinement_aligned_rmsd_above_limit
val	7PTQ	312	1	33.328388	30.000000	0.531126	/storage9920/home/tinghao.xia/Data_PT_V1/val/7ptq/seed_312/sample_1.pt	pre_refinement_aligned_rmsd_above_limit
val	7PTQ	312	2	31.773369	30.000000	0.542185	/storage9920/home/tinghao.xia/Data_PT_V1/val/7ptq/seed_312/sample_2.pt	pre_refinement_aligned_rmsd_above_limit
val	7PTQ	312	3	35.006022	30.000000	0.508264	/storage9920/home/tinghao.xia/Data_PT_V1/val/7ptq/seed_312/sample_3.pt	pre_refinement_aligned_rmsd_above_limit
val	7PTQ	313	0	40.672393	30.000000	0.554268	/storage9920/home/tinghao.xia/Data_PT_V1/val/7ptq/seed_313/sample_0.pt	pre_refinement_aligned_rmsd_above_limit
val	7PTQ	313	1	40.755272	30.000000	0.511506	/storage9920/home/tinghao.xia/Data_PT_V1/val/7ptq/seed_313/sample_1.pt	pre_refinement_aligned_rmsd_above_limit
val	7PTQ	313	2	37.110412	30.000000	0.553495	/storage9920/home/tinghao.xia/Data_PT_V1/val/7ptq/seed_313/sample_2.pt	pre_refinement_aligned_rmsd_above_limit
val	7PTQ	313	3	37.706792	30.000000	0.545784	/storage9920/home/tinghao.xia/Data_PT_V1/val/7ptq/seed_313/sample_3.pt	pre_refinement_aligned_rmsd_above_limit
val	7PTQ	314	0	36.689855	30.000000	0.507782	/storage9920/home/tinghao.xia/Data_PT_V1/val/7ptq/seed_314/sample_0.pt	pre_refinement_aligned_rmsd_above_limit
val	7PTQ	314	1	35.779039	30.000000	0.546201	/storage9920/home/tinghao.xia/Data_PT_V1/val/7ptq/seed_314/sample_1.pt	pre_refinement_aligned_rmsd_above_limit
val	7PTQ	314	2	38.840511	30.000000	0.497900	/storage9920/home/tinghao.xia/Data_PT_V1/val/7ptq/seed_314/sample_2.pt	pre_refinement_aligned_rmsd_above_limit
val	7PTQ	314	3	39.746323	30.000000	0.576513	/storage9920/home/tinghao.xia/Data_PT_V1/val/7ptq/seed_314/sample_3.pt	pre_refinement_aligned_rmsd_above_limit
val	7PTQ	315	0	40.212877	30.000000	0.555976	/storage9920/home/tinghao.xia/Data_PT_V1/val/7ptq/seed_315/sample_0.pt	pre_refinement_aligned_rmsd_above_limit
val	7PTQ	315	1	40.124515	30.000000	0.507857	/storage9920/home/tinghao.xia/Data_PT_V1/val/7ptq/seed_315/sample_1.pt	pre_refinement_aligned_rmsd_above_limit
val	7PTQ	315	2	37.785183	30.000000	0.544790	/storage9920/home/tinghao.xia/Data_PT_V1/val/7ptq/seed_315/sample_2.pt	pre_refinement_aligned_rmsd_above_limit
val	7PTQ	315	3	38.488665	30.000000	0.509811	/storage9920/home/tinghao.xia/Data_PT_V1/val/7ptq/seed_315/sample_3.pt	pre_refinement_aligned_rmsd_above_limit
val	7PTQ	316	0	43.399540	30.000000	0.542851	/storage9920/home/tinghao.xia/Data_PT_V1/val/7ptq/seed_316/sample_0.pt	pre_refinement_aligned_rmsd_above_limit
val	7PTQ	316	1	43.585829	30.000000	0.558040	/storage9920/home/tinghao.xia/Data_PT_V1/val/7ptq/seed_316/sample_1.pt	pre_refinement_aligned_rmsd_above_limit
val	7PTQ	316	2	42.229347	30.000000	0.510671	/storage9920/home/tinghao.xia/Data_PT_V1/val/7ptq/seed_316/sample_2.pt	pre_refinement_aligned_rmsd_above_limit
val	7PTQ	316	3	41.682282	30.000000	0.559072	/storage9920/home/tinghao.xia/Data_PT_V1/val/7ptq/seed_316/sample_3.pt	pre_refinement_aligned_rmsd_above_limit
val	7PTQ	317	0	44.377230	30.000000	0.510443	/storage9920/home/tinghao.xia/Data_PT_V1/val/7ptq/seed_317/sample_0.pt	pre_refinement_aligned_rmsd_above_limit
val	7PTQ	317	1	44.801255	30.000000	0.543527	/storage9920/home/tinghao.xia/Data_PT_V1/val/7ptq/seed_317/sample_1.pt	pre_refinement_aligned_rmsd_above_limit
val	7PTQ	317	2	39.582559	30.000000	0.562365	/storage9920/home/tinghao.xia/Data_PT_V1/val/7ptq/seed_317/sample_2.pt	pre_refinement_aligned_rmsd_above_limit
val	7PTQ	317	3	39.360918	30.000000	0.492765	/storage9920/home/tinghao.xia/Data_PT_V1/val/7ptq/seed_317/sample_3.pt	pre_refinement_aligned_rmsd_above_limit
val	7PTQ	318	0	45.251509	30.000000	0.536959	/storage9920/home/tinghao.xia/Data_PT_V1/val/7ptq/seed_318/sample_0.pt	pre_refinement_aligned_rmsd_above_limit
val	7PTQ	318	1	41.481027	30.000000	0.501673	/storage9920/home/tinghao.xia/Data_PT_V1/val/7ptq/seed_318/sample_1.pt	pre_refinement_aligned_rmsd_above_limit
val	7PTQ	318	2	35.507927	30.000000	0.543189	/storage9920/home/tinghao.xia/Data_PT_V1/val/7ptq/seed_318/sample_2.pt	pre_refinement_aligned_rmsd_above_limit
val	7PTQ	318	3	43.596273	30.000000	0.554207	/storage9920/home/tinghao.xia/Data_PT_V1/val/7ptq/seed_318/sample_3.pt	pre_refinement_aligned_rmsd_above_limit
val	7PTQ	319	0	37.250890	30.000000	0.515211	/storage9920/home/tinghao.xia/Data_PT_V1/val/7ptq/seed_319/sample_0.pt	pre_refinement_aligned_rmsd_above_limit
val	7PTQ	319	1	37.277616	30.000000	0.547059	/storage9920/home/tinghao.xia/Data_PT_V1/val/7ptq/seed_319/sample_1.pt	pre_refinement_aligned_rmsd_above_limit
val	7PTQ	319	2	37.632475	30.000000	0.509772	/storage9920/home/tinghao.xia/Data_PT_V1/val/7ptq/seed_319/sample_2.pt	pre_refinement_aligned_rmsd_above_limit
val	7PTQ	319	3	38.591055	30.000000	0.549557	/storage9920/home/tinghao.xia/Data_PT_V1/val/7ptq/seed_319/sample_3.pt	pre_refinement_aligned_rmsd_above_limit
val	7PTQ	320	0	31.887412	30.000000	0.555873	/storage9920/home/tinghao.xia/Data_PT_V1/val/7ptq/seed_320/sample_0.pt	pre_refinement_aligned_rmsd_above_limit
val	7PTQ	320	1	34.032242	30.000000	0.507343	/storage9920/home/tinghao.xia/Data_PT_V1/val/7ptq/seed_320/sample_1.pt	pre_refinement_aligned_rmsd_above_limit
val	7PTQ	320	2	35.026438	30.000000	0.556643	/storage9920/home/tinghao.xia/Data_PT_V1/val/7ptq/seed_320/sample_2.pt	pre_refinement_aligned_rmsd_above_limit
val	7PTQ	320	3	31.873360	30.000000	0.505980	/storage9920/home/tinghao.xia/Data_PT_V1/val/7ptq/seed_320/sample_3.pt	pre_refinement_aligned_rmsd_above_limit
val	7PTQ	321	0	34.834954	30.000000	0.551579	/storage9920/home/tinghao.xia/Data_PT_V1/val/7ptq/seed_321/sample_0.pt	pre_refinement_aligned_rmsd_above_limit
val	7PTQ	321	1	34.582385	30.000000	0.553669	/storage9920/home/tinghao.xia/Data_PT_V1/val/7ptq/seed_321/sample_1.pt	pre_refinement_aligned_rmsd_above_limit
val	7PTQ	321	2	35.012505	30.000000	0.511210	/storage9920/home/tinghao.xia/Data_PT_V1/val/7ptq/seed_321/sample_2.pt	pre_refinement_aligned_rmsd_above_limit
val	7PTQ	321	3	34.121470	30.000000	0.545994	/storage9920/home/tinghao.xia/Data_PT_V1/val/7ptq/seed_321/sample_3.pt	pre_refinement_aligned_rmsd_above_limit
val	7PTQ	322	0	42.373832	30.000000	0.506277	/storage9920/home/tinghao.xia/Data_PT_V1/val/7ptq/seed_322/sample_0.pt	pre_refinement_aligned_rmsd_above_limit
val	7PTQ	322	1	36.820508	30.000000	0.551320	/storage9920/home/tinghao.xia/Data_PT_V1/val/7ptq/seed_322/sample_1.pt	pre_refinement_aligned_rmsd_above_limit
val	7PTQ	322	2	42.090735	30.000000	0.547234	/storage9920/home/tinghao.xia/Data_PT_V1/val/7ptq/seed_322/sample_2.pt	pre_refinement_aligned_rmsd_above_limit
val	7PTQ	322	3	39.654042	30.000000	0.511269	/storage9920/home/tinghao.xia/Data_PT_V1/val/7ptq/seed_322/sample_3.pt	pre_refinement_aligned_rmsd_above_limit
val	7PTQ	323	0	39.114525	30.000000	0.544504	/storage9920/home/tinghao.xia/Data_PT_V1/val/7ptq/seed_323/sample_0.pt	pre_refinement_aligned_rmsd_above_limit
val	7PTQ	323	1	45.918289	30.000000	0.512890	/storage9920/home/tinghao.xia/Data_PT_V1/val/7ptq/seed_323/sample_1.pt	pre_refinement_aligned_rmsd_above_limit
val	7PTQ	323	2	42.777211	30.000000	0.541271	/storage9920/home/tinghao.xia/Data_PT_V1/val/7ptq/seed_323/sample_2.pt	pre_refinement_aligned_rmsd_above_limit
val	7PTQ	323	3	43.056107	30.000000	0.557247	/storage9920/home/tinghao.xia/Data_PT_V1/val/7ptq/seed_323/sample_3.pt	pre_refinement_aligned_rmsd_above_limit
val	7PTQ	324	0	33.944751	30.000000	0.506210	/storage9920/home/tinghao.xia/Data_PT_V1/val/7ptq/seed_324/sample_0.pt	pre_refinement_aligned_rmsd_above_limit
val	7PTQ	324	1	30.159771	30.000000	0.547210	/storage9920/home/tinghao.xia/Data_PT_V1/val/7ptq/seed_324/sample_1.pt	pre_refinement_aligned_rmsd_above_limit
val	7PTQ	324	2	35.747780	30.000000	0.490447	/storage9920/home/tinghao.xia/Data_PT_V1/val/7ptq/seed_324/sample_2.pt	pre_refinement_aligned_rmsd_above_limit
val	7PTQ	324	3	35.734784	30.000000	0.544023	/storage9920/home/tinghao.xia/Data_PT_V1/val/7ptq/seed_324/sample_3.pt	pre_refinement_aligned_rmsd_above_limit
val	7PTQ	325	0	38.245345	30.000000	0.542380	/storage9920/home/tinghao.xia/Data_PT_V1/val/7ptq/seed_325/sample_0.pt	pre_refinement_aligned_rmsd_above_limit
val	7PTQ	325	1	38.129492	30.000000	0.559046	/storage9920/home/tinghao.xia/Data_PT_V1/val/7ptq/seed_325/sample_1.pt	pre_refinement_aligned_rmsd_above_limit
val	7PTQ	325	2	39.673636	30.000000	0.550833	/storage9920/home/tinghao.xia/Data_PT_V1/val/7ptq/seed_325/sample_2.pt	pre_refinement_aligned_rmsd_above_limit
val	7PTQ	325	3	39.632152	30.000000	0.527442	/storage9920/home/tinghao.xia/Data_PT_V1/val/7ptq/seed_325/sample_3.pt	pre_refinement_aligned_rmsd_above_limit
val	7PTQ	326	1	32.314882	30.000000	0.541416	/storage9920/home/tinghao.xia/Data_PT_V1/val/7ptq/seed_326/sample_1.pt	pre_refinement_aligned_rmsd_above_limit
val	7PTQ	326	2	34.900989	30.000000	0.491063	/storage9920/home/tinghao.xia/Data_PT_V1/val/7ptq/seed_326/sample_2.pt	pre_refinement_aligned_rmsd_above_limit
val	7PTQ	326	3	32.576848	30.000000	0.534694	/storage9920/home/tinghao.xia/Data_PT_V1/val/7ptq/seed_326/sample_3.pt	pre_refinement_aligned_rmsd_above_limit
val	7PTQ	327	0	32.844202	30.000000	0.490850	/storage9920/home/tinghao.xia/Data_PT_V1/val/7ptq/seed_327/sample_0.pt	pre_refinement_aligned_rmsd_above_limit
val	7PTQ	327	1	36.823603	30.000000	0.526260	/storage9920/home/tinghao.xia/Data_PT_V1/val/7ptq/seed_327/sample_1.pt	pre_refinement_aligned_rmsd_above_limit
val	7PTQ	327	2	31.883369	30.000000	0.533573	/storage9920/home/tinghao.xia/Data_PT_V1/val/7ptq/seed_327/sample_2.pt	pre_refinement_aligned_rmsd_above_limit
val	7PTQ	327	3	39.500930	30.000000	0.487517	/storage9920/home/tinghao.xia/Data_PT_V1/val/7ptq/seed_327/sample_3.pt	pre_refinement_aligned_rmsd_above_limit
val	7PTQ	328	0	37.805220	30.000000	0.548401	/storage9920/home/tinghao.xia/Data_PT_V1/val/7ptq/seed_328/sample_0.pt	pre_refinement_aligned_rmsd_above_limit
val	7PTQ	328	1	38.575732	30.000000	0.505504	/storage9920/home/tinghao.xia/Data_PT_V1/val/7ptq/seed_328/sample_1.pt	pre_refinement_aligned_rmsd_above_limit
val	7PTQ	328	2	40.401241	30.000000	0.545233	/storage9920/home/tinghao.xia/Data_PT_V1/val/7ptq/seed_328/sample_2.pt	pre_refinement_aligned_rmsd_above_limit
val	7PTQ	328	3	37.760392	30.000000	0.551392	/storage9920/home/tinghao.xia/Data_PT_V1/val/7ptq/seed_328/sample_3.pt	pre_refinement_aligned_rmsd_above_limit
val	7PTQ	329	0	46.934501	30.000000	0.516397	/storage9920/home/tinghao.xia/Data_PT_V1/val/7ptq/seed_329/sample_0.pt	pre_refinement_aligned_rmsd_above_limit
val	7PTQ	329	1	42.418008	30.000000	0.545239	/storage9920/home/tinghao.xia/Data_PT_V1/val/7ptq/seed_329/sample_1.pt	pre_refinement_aligned_rmsd_above_limit
val	7PTQ	329	2	37.331648	30.000000	0.502015	/storage9920/home/tinghao.xia/Data_PT_V1/val/7ptq/seed_329/sample_2.pt	pre_refinement_aligned_rmsd_above_limit
val	7PTQ	329	3	39.636895	30.000000	0.545582	/storage9920/home/tinghao.xia/Data_PT_V1/val/7ptq/seed_329/sample_3.pt	pre_refinement_aligned_rmsd_above_limit
val	7PTQ	330	0	46.796410	30.000000	0.554646	/storage9920/home/tinghao.xia/Data_PT_V1/val/7ptq/seed_330/sample_0.pt	pre_refinement_aligned_rmsd_above_limit
val	7PTQ	330	1	41.802057	30.000000	0.510984	/storage9920/home/tinghao.xia/Data_PT_V1/val/7ptq/seed_330/sample_1.pt	pre_refinement_aligned_rmsd_above_limit
val	7PTQ	330	2	38.986905	30.000000	0.547984	/storage9920/home/tinghao.xia/Data_PT_V1/val/7ptq/seed_330/sample_2.pt	pre_refinement_aligned_rmsd_above_limit
val	7PTQ	330	3	42.295458	30.000000	0.504002	/storage9920/home/tinghao.xia/Data_PT_V1/val/7ptq/seed_330/sample_3.pt	pre_refinement_aligned_rmsd_above_limit
val	7PTQ	331	0	36.175713	30.000000	0.547237	/storage9920/home/tinghao.xia/Data_PT_V1/val/7ptq/seed_331/sample_0.pt	pre_refinement_aligned_rmsd_above_limit
val	7PTQ	331	1	35.900688	30.000000	0.550433	/storage9920/home/tinghao.xia/Data_PT_V1/val/7ptq/seed_331/sample_1.pt	pre_refinement_aligned_rmsd_above_limit
val	7PTQ	331	2	37.898365	30.000000	0.511221	/storage9920/home/tinghao.xia/Data_PT_V1/val/7ptq/seed_331/sample_2.pt	pre_refinement_aligned_rmsd_above_limit
val	7PTQ	331	3	38.832617	30.000000	0.549346	/storage9920/home/tinghao.xia/Data_PT_V1/val/7ptq/seed_331/sample_3.pt	pre_refinement_aligned_rmsd_above_limit
val	7PTQ	332	0	36.583212	30.000000	0.520208	/storage9920/home/tinghao.xia/Data_PT_V1/val/7ptq/seed_332/sample_0.pt	pre_refinement_aligned_rmsd_above_limit
val	7PTQ	332	1	32.111390	30.000000	0.546763	/storage9920/home/tinghao.xia/Data_PT_V1/val/7ptq/seed_332/sample_1.pt	pre_refinement_aligned_rmsd_above_limit
val	7PTQ	332	2	37.429265	30.000000	0.563318	/storage9920/home/tinghao.xia/Data_PT_V1/val/7ptq/seed_332/sample_2.pt	pre_refinement_aligned_rmsd_above_limit
val	7PTQ	332	3	36.325227	30.000000	0.510354	/storage9920/home/tinghao.xia/Data_PT_V1/val/7ptq/seed_332/sample_3.pt	pre_refinement_aligned_rmsd_above_limit
val	7PTQ	333	0	44.608361	30.000000	0.562650	/storage9920/home/tinghao.xia/Data_PT_V1/val/7ptq/seed_333/sample_0.pt	pre_refinement_aligned_rmsd_above_limit
val	7PTQ	333	1	42.627550	30.000000	0.504871	/storage9920/home/tinghao.xia/Data_PT_V1/val/7ptq/seed_333/sample_1.pt	pre_refinement_aligned_rmsd_above_limit
val	7PTQ	333	2	43.192543	30.000000	0.538472	/storage9920/home/tinghao.xia/Data_PT_V1/val/7ptq/seed_333/sample_2.pt	pre_refinement_aligned_rmsd_above_limit
val	7PTQ	333	3	37.271695	30.000000	0.547892	/storage9920/home/tinghao.xia/Data_PT_V1/val/7ptq/seed_333/sample_3.pt	pre_refinement_aligned_rmsd_above_limit
val	7PTQ	334	0	40.965340	30.000000	0.511155	/storage9920/home/tinghao.xia/Data_PT_V1/val/7ptq/seed_334/sample_0.pt	pre_refinement_aligned_rmsd_above_limit
val	7PTQ	334	1	42.367967	30.000000	0.549210	/storage9920/home/tinghao.xia/Data_PT_V1/val/7ptq/seed_334/sample_1.pt	pre_refinement_aligned_rmsd_above_limit
val	7PTQ	334	2	40.871146	30.000000	0.502999	/storage9920/home/tinghao.xia/Data_PT_V1/val/7ptq/seed_334/sample_2.pt	pre_refinement_aligned_rmsd_above_limit
val	7PTQ	334	3	41.126097	30.000000	0.550227	/storage9920/home/tinghao.xia/Data_PT_V1/val/7ptq/seed_334/sample_3.pt	pre_refinement_aligned_rmsd_above_limit
val	7PTQ	335	0	33.590666	30.000000	0.565424	/storage9920/home/tinghao.xia/Data_PT_V1/val/7ptq/seed_335/sample_0.pt	pre_refinement_aligned_rmsd_above_limit
val	7PTQ	335	1	33.514545	30.000000	0.503754	/storage9920/home/tinghao.xia/Data_PT_V1/val/7ptq/seed_335/sample_1.pt	pre_refinement_aligned_rmsd_above_limit
val	7PTQ	335	2	34.900184	30.000000	0.547262	/storage9920/home/tinghao.xia/Data_PT_V1/val/7ptq/seed_335/sample_2.pt	pre_refinement_aligned_rmsd_above_limit
val	7PTQ	335	3	33.673295	30.000000	0.490760	/storage9920/home/tinghao.xia/Data_PT_V1/val/7ptq/seed_335/sample_3.pt	pre_refinement_aligned_rmsd_above_limit
val	7PTQ	336	0	40.709413	30.000000	0.545788	/storage9920/home/tinghao.xia/Data_PT_V1/val/7ptq/seed_336/sample_0.pt	pre_refinement_aligned_rmsd_above_limit
val	7PTQ	336	1	39.632458	30.000000	0.538594	/storage9920/home/tinghao.xia/Data_PT_V1/val/7ptq/seed_336/sample_1.pt	pre_refinement_aligned_rmsd_above_limit
val	7PTQ	336	2	44.737217	30.000000	0.502556	/storage9920/home/tinghao.xia/Data_PT_V1/val/7ptq/seed_336/sample_2.pt	pre_refinement_aligned_rmsd_above_limit
val	7PTQ	336	3	41.905490	30.000000	0.532028	/storage9920/home/tinghao.xia/Data_PT_V1/val/7ptq/seed_336/sample_3.pt	pre_refinement_aligned_rmsd_above_limit
val	7PTQ	337	0	36.558491	30.000000	0.493732	/storage9920/home/tinghao.xia/Data_PT_V1/val/7ptq/seed_337/sample_0.pt	pre_refinement_aligned_rmsd_above_limit
val	7PTQ	337	1	34.984947	30.000000	0.541390	/storage9920/home/tinghao.xia/Data_PT_V1/val/7ptq/seed_337/sample_1.pt	pre_refinement_aligned_rmsd_above_limit
val	7PTQ	337	2	33.646854	30.000000	0.548391	/storage9920/home/tinghao.xia/Data_PT_V1/val/7ptq/seed_337/sample_2.pt	pre_refinement_aligned_rmsd_above_limit
val	7PTQ	337	3	36.908751	30.000000	0.500827	/storage9920/home/tinghao.xia/Data_PT_V1/val/7ptq/seed_337/sample_3.pt	pre_refinement_aligned_rmsd_above_limit
val	7PTQ	338	0	45.347394	30.000000	0.550561	/storage9920/home/tinghao.xia/Data_PT_V1/val/7ptq/seed_338/sample_0.pt	pre_refinement_aligned_rmsd_above_limit
val	7PTQ	338	1	42.685914	30.000000	0.508606	/storage9920/home/tinghao.xia/Data_PT_V1/val/7ptq/seed_338/sample_1.pt	pre_refinement_aligned_rmsd_above_limit
val	7PTQ	338	2	42.686719	30.000000	0.546733	/storage9920/home/tinghao.xia/Data_PT_V1/val/7ptq/seed_338/sample_2.pt	pre_refinement_aligned_rmsd_above_limit
val	7PTQ	338	3	45.977151	30.000000	0.552652	/storage9920/home/tinghao.xia/Data_PT_V1/val/7ptq/seed_338/sample_3.pt	pre_refinement_aligned_rmsd_above_limit
val	7PTQ	339	0	44.497160	30.000000	0.520116	/storage9920/home/tinghao.xia/Data_PT_V1/val/7ptq/seed_339/sample_0.pt	pre_refinement_aligned_rmsd_above_limit
val	7PTQ	339	1	43.473438	30.000000	0.549292	/storage9920/home/tinghao.xia/Data_PT_V1/val/7ptq/seed_339/sample_1.pt	pre_refinement_aligned_rmsd_above_limit
val	7PTQ	339	2	41.226978	30.000000	0.550742	/storage9920/home/tinghao.xia/Data_PT_V1/val/7ptq/seed_339/sample_2.pt	pre_refinement_aligned_rmsd_above_limit
val	7PTQ	339	3	39.292117	30.000000	0.551347	/storage9920/home/tinghao.xia/Data_PT_V1/val/7ptq/seed_339/sample_3.pt	pre_refinement_aligned_rmsd_above_limit
val	7PTQ	340	0	40.473879	30.000000	0.563054	/storage9920/home/tinghao.xia/Data_PT_V1/val/7ptq/seed_340/sample_0.pt	pre_refinement_aligned_rmsd_above_limit
val	7PTQ	340	1	41.324720	30.000000	0.502551	/storage9920/home/tinghao.xia/Data_PT_V1/val/7ptq/seed_340/sample_1.pt	pre_refinement_aligned_rmsd_above_limit
val	7PTQ	340	2	39.266589	30.000000	0.547984	/storage9920/home/tinghao.xia/Data_PT_V1/val/7ptq/seed_340/sample_2.pt	pre_refinement_aligned_rmsd_above_limit
val	7PTQ	340	3	42.495446	30.000000	0.506428	/storage9920/home/tinghao.xia/Data_PT_V1/val/7ptq/seed_340/sample_3.pt	pre_refinement_aligned_rmsd_above_limit
val	7PTQ	341	0	44.290227	30.000000	0.556804	/storage9920/home/tinghao.xia/Data_PT_V1/val/7ptq/seed_341/sample_0.pt	pre_refinement_aligned_rmsd_above_limit
val	7PTQ	341	1	44.740284	30.000000	0.546433	/storage9920/home/tinghao.xia/Data_PT_V1/val/7ptq/seed_341/sample_1.pt	pre_refinement_aligned_rmsd_above_limit
val	7PTQ	341	2	41.296746	30.000000	0.500319	/storage9920/home/tinghao.xia/Data_PT_V1/val/7ptq/seed_341/sample_2.pt	pre_refinement_aligned_rmsd_above_limit
val	7PTQ	341	3	42.294769	30.000000	0.548968	/storage9920/home/tinghao.xia/Data_PT_V1/val/7ptq/seed_341/sample_3.pt	pre_refinement_aligned_rmsd_above_limit
val	7PTQ	342	0	43.030346	30.000000	0.498995	/storage9920/home/tinghao.xia/Data_PT_V1/val/7ptq/seed_342/sample_0.pt	pre_refinement_aligned_rmsd_above_limit
val	7PTQ	342	1	43.484093	30.000000	0.550350	/storage9920/home/tinghao.xia/Data_PT_V1/val/7ptq/seed_342/sample_1.pt	pre_refinement_aligned_rmsd_above_limit
val	7PTQ	342	2	40.616752	30.000000	0.545899	/storage9920/home/tinghao.xia/Data_PT_V1/val/7ptq/seed_342/sample_2.pt	pre_refinement_aligned_rmsd_above_limit
val	7PTQ	342	3	36.151498	30.000000	0.505142	/storage9920/home/tinghao.xia/Data_PT_V1/val/7ptq/seed_342/sample_3.pt	pre_refinement_aligned_rmsd_above_limit
val	7PTQ	343	0	44.191668	30.000000	0.558469	/storage9920/home/tinghao.xia/Data_PT_V1/val/7ptq/seed_343/sample_0.pt	pre_refinement_aligned_rmsd_above_limit
val	7PTQ	343	1	39.556669	30.000000	0.508058	/storage9920/home/tinghao.xia/Data_PT_V1/val/7ptq/seed_343/sample_1.pt	pre_refinement_aligned_rmsd_above_limit
val	7PTQ	343	2	40.345997	30.000000	0.553399	/storage9920/home/tinghao.xia/Data_PT_V1/val/7ptq/seed_343/sample_2.pt	pre_refinement_aligned_rmsd_above_limit
val	7PTQ	343	3	41.020959	30.000000	0.548385	/storage9920/home/tinghao.xia/Data_PT_V1/val/7ptq/seed_343/sample_3.pt	pre_refinement_aligned_rmsd_above_limit
val	7PTQ	344	0	46.569208	30.000000	0.602563	/storage9920/home/tinghao.xia/Data_PT_V1/val/7ptq/seed_344/sample_0.pt	pre_refinement_aligned_rmsd_above_limit
val	7PTQ	344	1	46.275509	30.000000	0.785159	/storage9920/home/tinghao.xia/Data_PT_V1/val/7ptq/seed_344/sample_1.pt	pre_refinement_aligned_rmsd_above_limit
val	7PTQ	344	2	39.049006	30.000000	0.499005	/storage9920/home/tinghao.xia/Data_PT_V1/val/7ptq/seed_344/sample_2.pt	pre_refinement_aligned_rmsd_above_limit
val	7PTQ	344	3	45.771317	30.000000	0.544286	/storage9920/home/tinghao.xia/Data_PT_V1/val/7ptq/seed_344/sample_3.pt	pre_refinement_aligned_rmsd_above_limit
val	7PTQ	345	0	33.903910	30.000000	0.557710	/storage9920/home/tinghao.xia/Data_PT_V1/val/7ptq/seed_345/sample_0.pt	pre_refinement_aligned_rmsd_above_limit
val	7PTQ	345	1	32.946097	30.000000	0.510232	/storage9920/home/tinghao.xia/Data_PT_V1/val/7ptq/seed_345/sample_1.pt	pre_refinement_aligned_rmsd_above_limit
val	7PTQ	345	2	34.114247	30.000000	0.550649	/storage9920/home/tinghao.xia/Data_PT_V1/val/7ptq/seed_345/sample_2.pt	pre_refinement_aligned_rmsd_above_limit
val	7PTQ	345	3	34.417775	30.000000	0.501803	/storage9920/home/tinghao.xia/Data_PT_V1/val/7ptq/seed_345/sample_3.pt	pre_refinement_aligned_rmsd_above_limit
val	7PTQ	346	0	34.837853	30.000000	0.559024	/storage9920/home/tinghao.xia/Data_PT_V1/val/7ptq/seed_346/sample_0.pt	pre_refinement_aligned_rmsd_above_limit
val	7PTQ	346	1	44.529380	30.000000	0.555041	/storage9920/home/tinghao.xia/Data_PT_V1/val/7ptq/seed_346/sample_1.pt	pre_refinement_aligned_rmsd_above_limit
val	7PTQ	346	2	43.508042	30.000000	0.505640	/storage9920/home/tinghao.xia/Data_PT_V1/val/7ptq/seed_346/sample_2.pt	pre_refinement_aligned_rmsd_above_limit
val	7PTQ	346	3	43.824545	30.000000	0.545601	/storage9920/home/tinghao.xia/Data_PT_V1/val/7ptq/seed_346/sample_3.pt	pre_refinement_aligned_rmsd_above_limit
val	7PTQ	347	0	41.545007	30.000000	0.514622	/storage9920/home/tinghao.xia/Data_PT_V1/val/7ptq/seed_347/sample_0.pt	pre_refinement_aligned_rmsd_above_limit
val	7PTQ	347	1	34.504710	30.000000	0.549589	/storage9920/home/tinghao.xia/Data_PT_V1/val/7ptq/seed_347/sample_1.pt	pre_refinement_aligned_rmsd_above_limit
val	7PTQ	347	2	36.856867	30.000000	0.542251	/storage9920/home/tinghao.xia/Data_PT_V1/val/7ptq/seed_347/sample_2.pt	pre_refinement_aligned_rmsd_above_limit
val	7PTQ	347	3	32.890017	30.000000	0.506459	/storage9920/home/tinghao.xia/Data_PT_V1/val/7ptq/seed_347/sample_3.pt	pre_refinement_aligned_rmsd_above_limit
val	7PTQ	348	0	41.002226	30.000000	0.556060	/storage9920/home/tinghao.xia/Data_PT_V1/val/7ptq/seed_348/sample_0.pt	pre_refinement_aligned_rmsd_above_limit
val	7PTQ	348	1	38.634258	30.000000	0.508450	/storage9920/home/tinghao.xia/Data_PT_V1/val/7ptq/seed_348/sample_1.pt	pre_refinement_aligned_rmsd_above_limit
val	7PTQ	348	2	38.417286	30.000000	0.536074	/storage9920/home/tinghao.xia/Data_PT_V1/val/7ptq/seed_348/sample_2.pt	pre_refinement_aligned_rmsd_above_limit
val	7PTQ	348	3	37.789218	30.000000	0.548346	/storage9920/home/tinghao.xia/Data_PT_V1/val/7ptq/seed_348/sample_3.pt	pre_refinement_aligned_rmsd_above_limit
val	7PTQ	349	0	30.629006	30.000000	0.509450	/storage9920/home/tinghao.xia/Data_PT_V1/val/7ptq/seed_349/sample_0.pt	pre_refinement_aligned_rmsd_above_limit
val	7PTQ	349	1	43.089028	30.000000	0.549490	/storage9920/home/tinghao.xia/Data_PT_V1/val/7ptq/seed_349/sample_1.pt	pre_refinement_aligned_rmsd_above_limit
val	7PTQ	349	2	42.225488	30.000000	0.507698	/storage9920/home/tinghao.xia/Data_PT_V1/val/7ptq/seed_349/sample_2.pt	pre_refinement_aligned_rmsd_above_limit
val	7PTQ	349	3	40.292773	30.000000	0.545903	/storage9920/home/tinghao.xia/Data_PT_V1/val/7ptq/seed_349/sample_3.pt	pre_refinement_aligned_rmsd_above_limit
val	7PTS	300	0	37.205099	30.000000	0.735722	/storage9920/home/tinghao.xia/Data_PT_V1/val/7pts/seed_300/sample_0.pt	pre_refinement_aligned_rmsd_above_limit
val	7PTS	300	1	44.419630	30.000000	0.528294	/storage9920/home/tinghao.xia/Data_PT_V1/val/7pts/seed_300/sample_1.pt	pre_refinement_aligned_rmsd_above_limit
val	7PTS	300	2	44.177551	30.000000	0.571821	/storage9920/home/tinghao.xia/Data_PT_V1/val/7pts/seed_300/sample_2.pt	pre_refinement_aligned_rmsd_above_limit
val	7PTS	300	3	42.538579	30.000000	0.571428	/storage9920/home/tinghao.xia/Data_PT_V1/val/7pts/seed_300/sample_3.pt	pre_refinement_aligned_rmsd_above_limit
val	7PTS	301	0	42.803154	30.000000	0.527370	/storage9920/home/tinghao.xia/Data_PT_V1/val/7pts/seed_301/sample_0.pt	pre_refinement_aligned_rmsd_above_limit
val	7PTS	301	1	39.106987	30.000000	0.568291	/storage9920/home/tinghao.xia/Data_PT_V1/val/7pts/seed_301/sample_1.pt	pre_refinement_aligned_rmsd_above_limit
val	7PTS	301	2	38.247553	30.000000	0.527049	/storage9920/home/tinghao.xia/Data_PT_V1/val/7pts/seed_301/sample_2.pt	pre_refinement_aligned_rmsd_above_limit
val	7PTS	301	3	38.587247	30.000000	0.574202	/storage9920/home/tinghao.xia/Data_PT_V1/val/7pts/seed_301/sample_3.pt	pre_refinement_aligned_rmsd_above_limit
val	7PTS	302	0	37.524321	30.000000	0.651196	/storage9920/home/tinghao.xia/Data_PT_V1/val/7pts/seed_302/sample_0.pt	pre_refinement_aligned_rmsd_above_limit
val	7PTS	302	1	38.839763	30.000000	0.525500	/storage9920/home/tinghao.xia/Data_PT_V1/val/7pts/seed_302/sample_1.pt	pre_refinement_aligned_rmsd_above_limit
val	7PTS	302	2	32.803321	30.000000	0.573131	/storage9920/home/tinghao.xia/Data_PT_V1/val/7pts/seed_302/sample_2.pt	pre_refinement_aligned_rmsd_above_limit
val	7PTS	302	3	35.871036	30.000000	0.525784	/storage9920/home/tinghao.xia/Data_PT_V1/val/7pts/seed_302/sample_3.pt	pre_refinement_aligned_rmsd_above_limit
val	7PTS	303	0	40.191209	30.000000	0.567453	/storage9920/home/tinghao.xia/Data_PT_V1/val/7pts/seed_303/sample_0.pt	pre_refinement_aligned_rmsd_above_limit
val	7PTS	303	1	38.737562	30.000000	0.526322	/storage9920/home/tinghao.xia/Data_PT_V1/val/7pts/seed_303/sample_1.pt	pre_refinement_aligned_rmsd_above_limit
val	7PTS	303	2	39.555620	30.000000	0.565539	/storage9920/home/tinghao.xia/Data_PT_V1/val/7pts/seed_303/sample_2.pt	pre_refinement_aligned_rmsd_above_limit
val	7PTS	303	3	38.782882	30.000000	0.566538	/storage9920/home/tinghao.xia/Data_PT_V1/val/7pts/seed_303/sample_3.pt	pre_refinement_aligned_rmsd_above_limit
val	7PTS	304	0	40.558811	30.000000	0.523086	/storage9920/home/tinghao.xia/Data_PT_V1/val/7pts/seed_304/sample_0.pt	pre_refinement_aligned_rmsd_above_limit
val	7PTS	304	1	42.613966	30.000000	0.579850	/storage9920/home/tinghao.xia/Data_PT_V1/val/7pts/seed_304/sample_1.pt	pre_refinement_aligned_rmsd_above_limit
val	7PTS	304	2	43.353020	30.000000	0.523464	/storage9920/home/tinghao.xia/Data_PT_V1/val/7pts/seed_304/sample_2.pt	pre_refinement_aligned_rmsd_above_limit
val	7PTS	304	3	39.686829	30.000000	0.564704	/storage9920/home/tinghao.xia/Data_PT_V1/val/7pts/seed_304/sample_3.pt	pre_refinement_aligned_rmsd_above_limit
val	7PTS	305	0	42.744618	30.000000	0.572792	/storage9920/home/tinghao.xia/Data_PT_V1/val/7pts/seed_305/sample_0.pt	pre_refinement_aligned_rmsd_above_limit
val	7PTS	305	1	42.421148	30.000000	0.526345	/storage9920/home/tinghao.xia/Data_PT_V1/val/7pts/seed_305/sample_1.pt	pre_refinement_aligned_rmsd_above_limit
val	7PTS	305	2	37.371274	30.000000	0.576815	/storage9920/home/tinghao.xia/Data_PT_V1/val/7pts/seed_305/sample_2.pt	pre_refinement_aligned_rmsd_above_limit
val	7PTS	305	3	37.619816	30.000000	0.519755	/storage9920/home/tinghao.xia/Data_PT_V1/val/7pts/seed_305/sample_3.pt	pre_refinement_aligned_rmsd_above_limit
val	7PTS	306	0	34.222665	30.000000	0.568890	/storage9920/home/tinghao.xia/Data_PT_V1/val/7pts/seed_306/sample_0.pt	pre_refinement_aligned_rmsd_above_limit
val	7PTS	306	1	37.027048	30.000000	0.520150	/storage9920/home/tinghao.xia/Data_PT_V1/val/7pts/seed_306/sample_1.pt	pre_refinement_aligned_rmsd_above_limit
val	7PTS	306	2	34.382304	30.000000	0.558435	/storage9920/home/tinghao.xia/Data_PT_V1/val/7pts/seed_306/sample_2.pt	pre_refinement_aligned_rmsd_above_limit
val	7PTS	306	3	35.779025	30.000000	0.592395	/storage9920/home/tinghao.xia/Data_PT_V1/val/7pts/seed_306/sample_3.pt	pre_refinement_aligned_rmsd_above_limit
val	7PTS	307	0	35.986731	30.000000	0.531381	/storage9920/home/tinghao.xia/Data_PT_V1/val/7pts/seed_307/sample_0.pt	pre_refinement_aligned_rmsd_above_limit
val	7PTS	307	1	36.465110	30.000000	0.566963	/storage9920/home/tinghao.xia/Data_PT_V1/val/7pts/seed_307/sample_1.pt	pre_refinement_aligned_rmsd_above_limit
val	7PTS	307	2	33.393787	30.000000	0.521317	/storage9920/home/tinghao.xia/Data_PT_V1/val/7pts/seed_307/sample_2.pt	pre_refinement_aligned_rmsd_above_limit
val	7PTS	307	3	34.668807	30.000000	0.568565	/storage9920/home/tinghao.xia/Data_PT_V1/val/7pts/seed_307/sample_3.pt	pre_refinement_aligned_rmsd_above_limit
val	7PTS	308	0	32.078612	30.000000	0.580724	/storage9920/home/tinghao.xia/Data_PT_V1/val/7pts/seed_308/sample_0.pt	pre_refinement_aligned_rmsd_above_limit
val	7PTS	308	1	32.558911	30.000000	0.529425	/storage9920/home/tinghao.xia/Data_PT_V1/val/7pts/seed_308/sample_1.pt	pre_refinement_aligned_rmsd_above_limit
val	7PTS	308	2	32.637829	30.000000	0.570082	/storage9920/home/tinghao.xia/Data_PT_V1/val/7pts/seed_308/sample_2.pt	pre_refinement_aligned_rmsd_above_limit
val	7PTS	308	3	32.516355	30.000000	0.507715	/storage9920/home/tinghao.xia/Data_PT_V1/val/7pts/seed_308/sample_3.pt	pre_refinement_aligned_rmsd_above_limit
val	7PTS	309	0	39.903948	30.000000	0.559149	/storage9920/home/tinghao.xia/Data_PT_V1/val/7pts/seed_309/sample_0.pt	pre_refinement_aligned_rmsd_above_limit
val	7PTS	309	1	38.840855	30.000000	0.565346	/storage9920/home/tinghao.xia/Data_PT_V1/val/7pts/seed_309/sample_1.pt	pre_refinement_aligned_rmsd_above_limit
val	7PTS	309	2	39.432541	30.000000	0.512335	/storage9920/home/tinghao.xia/Data_PT_V1/val/7pts/seed_309/sample_2.pt	pre_refinement_aligned_rmsd_above_limit
val	7PTS	309	3	35.702459	30.000000	0.558981	/storage9920/home/tinghao.xia/Data_PT_V1/val/7pts/seed_309/sample_3.pt	pre_refinement_aligned_rmsd_above_limit
val	7PTS	310	0	33.070832	30.000000	0.510176	/storage9920/home/tinghao.xia/Data_PT_V1/val/7pts/seed_310/sample_0.pt	pre_refinement_aligned_rmsd_above_limit
val	7PTS	310	1	37.204223	30.000000	0.553787	/storage9920/home/tinghao.xia/Data_PT_V1/val/7pts/seed_310/sample_1.pt	pre_refinement_aligned_rmsd_above_limit
val	7PTS	310	2	35.907696	30.000000	0.514698	/storage9920/home/tinghao.xia/Data_PT_V1/val/7pts/seed_310/sample_2.pt	pre_refinement_aligned_rmsd_above_limit
val	7PTS	310	3	38.291287	30.000000	0.555568	/storage9920/home/tinghao.xia/Data_PT_V1/val/7pts/seed_310/sample_3.pt	pre_refinement_aligned_rmsd_above_limit
val	7PTS	311	0	40.371152	30.000000	0.566312	/storage9920/home/tinghao.xia/Data_PT_V1/val/7pts/seed_311/sample_0.pt	pre_refinement_aligned_rmsd_above_limit
val	7PTS	311	1	36.776259	30.000000	0.523258	/storage9920/home/tinghao.xia/Data_PT_V1/val/7pts/seed_311/sample_1.pt	pre_refinement_aligned_rmsd_above_limit
val	7PTS	311	2	35.409530	30.000000	0.592571	/storage9920/home/tinghao.xia/Data_PT_V1/val/7pts/seed_311/sample_2.pt	pre_refinement_aligned_rmsd_above_limit
val	7PTS	311	3	45.160953	30.000000	0.534226	/storage9920/home/tinghao.xia/Data_PT_V1/val/7pts/seed_311/sample_3.pt	pre_refinement_aligned_rmsd_above_limit
val	7PTS	312	0	40.622019	30.000000	0.581721	/storage9920/home/tinghao.xia/Data_PT_V1/val/7pts/seed_312/sample_0.pt	pre_refinement_aligned_rmsd_above_limit
val	7PTS	312	1	35.741746	30.000000	0.569556	/storage9920/home/tinghao.xia/Data_PT_V1/val/7pts/seed_312/sample_1.pt	pre_refinement_aligned_rmsd_above_limit
val	7PTS	312	2	36.176321	30.000000	0.523084	/storage9920/home/tinghao.xia/Data_PT_V1/val/7pts/seed_312/sample_2.pt	pre_refinement_aligned_rmsd_above_limit
val	7PTS	312	3	33.799620	30.000000	0.570412	/storage9920/home/tinghao.xia/Data_PT_V1/val/7pts/seed_312/sample_3.pt	pre_refinement_aligned_rmsd_above_limit
val	7PTS	313	0	41.715458	30.000000	0.524050	/storage9920/home/tinghao.xia/Data_PT_V1/val/7pts/seed_313/sample_0.pt	pre_refinement_aligned_rmsd_above_limit
val	7PTS	313	1	37.188322	30.000000	0.567458	/storage9920/home/tinghao.xia/Data_PT_V1/val/7pts/seed_313/sample_1.pt	pre_refinement_aligned_rmsd_above_limit
val	7PTS	313	2	41.731288	30.000000	0.514993	/storage9920/home/tinghao.xia/Data_PT_V1/val/7pts/seed_313/sample_2.pt	pre_refinement_aligned_rmsd_above_limit
val	7PTS	313	3	36.675313	30.000000	0.573673	/storage9920/home/tinghao.xia/Data_PT_V1/val/7pts/seed_313/sample_3.pt	pre_refinement_aligned_rmsd_above_limit
val	7PTS	314	0	37.602507	30.000000	0.569557	/storage9920/home/tinghao.xia/Data_PT_V1/val/7pts/seed_314/sample_0.pt	pre_refinement_aligned_rmsd_above_limit
val	7PTS	314	1	37.214487	30.000000	0.521566	/storage9920/home/tinghao.xia/Data_PT_V1/val/7pts/seed_314/sample_1.pt	pre_refinement_aligned_rmsd_above_limit
val	7PTS	314	2	41.604513	30.000000	0.553261	/storage9920/home/tinghao.xia/Data_PT_V1/val/7pts/seed_314/sample_2.pt	pre_refinement_aligned_rmsd_above_limit
val	7PTS	314	3	38.162246	30.000000	0.507605	/storage9920/home/tinghao.xia/Data_PT_V1/val/7pts/seed_314/sample_3.pt	pre_refinement_aligned_rmsd_above_limit
val	7PTS	315	0	42.679468	30.000000	0.573892	/storage9920/home/tinghao.xia/Data_PT_V1/val/7pts/seed_315/sample_0.pt	pre_refinement_aligned_rmsd_above_limit
val	7PTS	315	1	36.061108	30.000000	0.578756	/storage9920/home/tinghao.xia/Data_PT_V1/val/7pts/seed_315/sample_1.pt	pre_refinement_aligned_rmsd_above_limit
val	7PTS	315	2	39.698454	30.000000	0.531396	/storage9920/home/tinghao.xia/Data_PT_V1/val/7pts/seed_315/sample_2.pt	pre_refinement_aligned_rmsd_above_limit
val	7PTS	315	3	41.993912	30.000000	0.571380	/storage9920/home/tinghao.xia/Data_PT_V1/val/7pts/seed_315/sample_3.pt	pre_refinement_aligned_rmsd_above_limit
val	7PTS	316	0	42.137873	30.000000	0.520096	/storage9920/home/tinghao.xia/Data_PT_V1/val/7pts/seed_316/sample_0.pt	pre_refinement_aligned_rmsd_above_limit
val	7PTS	316	1	39.413418	30.000000	0.561975	/storage9920/home/tinghao.xia/Data_PT_V1/val/7pts/seed_316/sample_1.pt	pre_refinement_aligned_rmsd_above_limit
val	7PTS	316	2	41.444453	30.000000	0.580449	/storage9920/home/tinghao.xia/Data_PT_V1/val/7pts/seed_316/sample_2.pt	pre_refinement_aligned_rmsd_above_limit
val	7PTS	316	3	42.956095	30.000000	0.518930	/storage9920/home/tinghao.xia/Data_PT_V1/val/7pts/seed_316/sample_3.pt	pre_refinement_aligned_rmsd_above_limit
val	7PTS	317	0	41.939584	30.000000	0.565084	/storage9920/home/tinghao.xia/Data_PT_V1/val/7pts/seed_317/sample_0.pt	pre_refinement_aligned_rmsd_above_limit
val	7PTS	317	1	41.931935	30.000000	0.517699	/storage9920/home/tinghao.xia/Data_PT_V1/val/7pts/seed_317/sample_1.pt	pre_refinement_aligned_rmsd_above_limit
val	7PTS	317	2	39.324390	30.000000	0.568049	/storage9920/home/tinghao.xia/Data_PT_V1/val/7pts/seed_317/sample_2.pt	pre_refinement_aligned_rmsd_above_limit
val	7PTS	317	3	36.732386	30.000000	0.526861	/storage9920/home/tinghao.xia/Data_PT_V1/val/7pts/seed_317/sample_3.pt	pre_refinement_aligned_rmsd_above_limit
val	7PTS	318	0	35.078496	30.000000	0.559332	/storage9920/home/tinghao.xia/Data_PT_V1/val/7pts/seed_318/sample_0.pt	pre_refinement_aligned_rmsd_above_limit
val	7PTS	318	1	32.920998	30.000000	0.570887	/storage9920/home/tinghao.xia/Data_PT_V1/val/7pts/seed_318/sample_1.pt	pre_refinement_aligned_rmsd_above_limit
val	7PTS	318	2	34.511228	30.000000	0.524007	/storage9920/home/tinghao.xia/Data_PT_V1/val/7pts/seed_318/sample_2.pt	pre_refinement_aligned_rmsd_above_limit
val	7PTS	318	3	30.853779	30.000000	0.572034	/storage9920/home/tinghao.xia/Data_PT_V1/val/7pts/seed_318/sample_3.pt	pre_refinement_aligned_rmsd_above_limit
val	7PTS	319	0	40.374947	30.000000	0.520701	/storage9920/home/tinghao.xia/Data_PT_V1/val/7pts/seed_319/sample_0.pt	pre_refinement_aligned_rmsd_above_limit
val	7PTS	319	1	42.690644	30.000000	0.571869	/storage9920/home/tinghao.xia/Data_PT_V1/val/7pts/seed_319/sample_1.pt	pre_refinement_aligned_rmsd_above_limit
val	7PTS	319	2	41.045389	30.000000	0.570975	/storage9920/home/tinghao.xia/Data_PT_V1/val/7pts/seed_319/sample_2.pt	pre_refinement_aligned_rmsd_above_limit
val	7PTS	319	3	37.943083	30.000000	0.519919	/storage9920/home/tinghao.xia/Data_PT_V1/val/7pts/seed_319/sample_3.pt	pre_refinement_aligned_rmsd_above_limit
val	7PTS	320	0	40.514803	30.000000	0.572215	/storage9920/home/tinghao.xia/Data_PT_V1/val/7pts/seed_320/sample_0.pt	pre_refinement_aligned_rmsd_above_limit
val	7PTS	320	1	42.164866	30.000000	0.522021	/storage9920/home/tinghao.xia/Data_PT_V1/val/7pts/seed_320/sample_1.pt	pre_refinement_aligned_rmsd_above_limit
val	7PTS	320	2	39.950941	30.000000	0.590530	/storage9920/home/tinghao.xia/Data_PT_V1/val/7pts/seed_320/sample_2.pt	pre_refinement_aligned_rmsd_above_limit
val	7PTS	320	3	41.534712	30.000000	0.526472	/storage9920/home/tinghao.xia/Data_PT_V1/val/7pts/seed_320/sample_3.pt	pre_refinement_aligned_rmsd_above_limit
val	7PTS	321	0	40.012607	30.000000	0.567405	/storage9920/home/tinghao.xia/Data_PT_V1/val/7pts/seed_321/sample_0.pt	pre_refinement_aligned_rmsd_above_limit
val	7PTS	321	1	40.178091	30.000000	0.570922	/storage9920/home/tinghao.xia/Data_PT_V1/val/7pts/seed_321/sample_1.pt	pre_refinement_aligned_rmsd_above_limit
val	7PTS	321	2	39.274392	30.000000	0.529978	/storage9920/home/tinghao.xia/Data_PT_V1/val/7pts/seed_321/sample_2.pt	pre_refinement_aligned_rmsd_above_limit
val	7PTS	321	3	36.286097	30.000000	0.571176	/storage9920/home/tinghao.xia/Data_PT_V1/val/7pts/seed_321/sample_3.pt	pre_refinement_aligned_rmsd_above_limit
val	7PTS	322	0	41.916568	30.000000	0.524014	/storage9920/home/tinghao.xia/Data_PT_V1/val/7pts/seed_322/sample_0.pt	pre_refinement_aligned_rmsd_above_limit
val	7PTS	322	1	41.793435	30.000000	0.568861	/storage9920/home/tinghao.xia/Data_PT_V1/val/7pts/seed_322/sample_1.pt	pre_refinement_aligned_rmsd_above_limit
val	7PTS	322	2	43.610994	30.000000	0.566251	/storage9920/home/tinghao.xia/Data_PT_V1/val/7pts/seed_322/sample_2.pt	pre_refinement_aligned_rmsd_above_limit
val	7PTS	322	3	36.540047	30.000000	0.525782	/storage9920/home/tinghao.xia/Data_PT_V1/val/7pts/seed_322/sample_3.pt	pre_refinement_aligned_rmsd_above_limit
val	7PTS	323	0	39.607161	30.000000	0.609869	/storage9920/home/tinghao.xia/Data_PT_V1/val/7pts/seed_323/sample_0.pt	pre_refinement_aligned_rmsd_above_limit
val	7PTS	323	1	42.224673	30.000000	0.517820	/storage9920/home/tinghao.xia/Data_PT_V1/val/7pts/seed_323/sample_1.pt	pre_refinement_aligned_rmsd_above_limit
val	7PTS	323	2	39.629493	30.000000	0.556029	/storage9920/home/tinghao.xia/Data_PT_V1/val/7pts/seed_323/sample_2.pt	pre_refinement_aligned_rmsd_above_limit
val	7PTS	323	3	41.071027	30.000000	0.560629	/storage9920/home/tinghao.xia/Data_PT_V1/val/7pts/seed_323/sample_3.pt	pre_refinement_aligned_rmsd_above_limit
val	7PTS	324	0	36.851198	30.000000	0.509992	/storage9920/home/tinghao.xia/Data_PT_V1/val/7pts/seed_324/sample_0.pt	pre_refinement_aligned_rmsd_above_limit
val	7PTS	324	1	37.012657	30.000000	0.557244	/storage9920/home/tinghao.xia/Data_PT_V1/val/7pts/seed_324/sample_1.pt	pre_refinement_aligned_rmsd_above_limit
val	7PTS	324	2	37.518792	30.000000	0.508526	/storage9920/home/tinghao.xia/Data_PT_V1/val/7pts/seed_324/sample_2.pt	pre_refinement_aligned_rmsd_above_limit
val	7PTS	324	3	36.163791	30.000000	0.553769	/storage9920/home/tinghao.xia/Data_PT_V1/val/7pts/seed_324/sample_3.pt	pre_refinement_aligned_rmsd_above_limit
val	7PTS	325	0	39.248339	30.000000	0.508738	/storage9920/home/tinghao.xia/Data_PT_V1/val/7pts/seed_325/sample_0.pt	pre_refinement_aligned_rmsd_above_limit
val	7PTS	325	1	39.218531	30.000000	0.548650	/storage9920/home/tinghao.xia/Data_PT_V1/val/7pts/seed_325/sample_1.pt	pre_refinement_aligned_rmsd_above_limit
val	7PTS	325	2	38.025127	30.000000	0.554967	/storage9920/home/tinghao.xia/Data_PT_V1/val/7pts/seed_325/sample_2.pt	pre_refinement_aligned_rmsd_above_limit
val	7PTS	325	3	38.006363	30.000000	0.506948	/storage9920/home/tinghao.xia/Data_PT_V1/val/7pts/seed_325/sample_3.pt	pre_refinement_aligned_rmsd_above_limit
val	7PTS	326	0	39.934308	30.000000	0.562933	/storage9920/home/tinghao.xia/Data_PT_V1/val/7pts/seed_326/sample_0.pt	pre_refinement_aligned_rmsd_above_limit
val	7PTS	326	1	43.430398	30.000000	0.520574	/storage9920/home/tinghao.xia/Data_PT_V1/val/7pts/seed_326/sample_1.pt	pre_refinement_aligned_rmsd_above_limit
val	7PTS	326	2	37.986693	30.000000	0.573539	/storage9920/home/tinghao.xia/Data_PT_V1/val/7pts/seed_326/sample_2.pt	pre_refinement_aligned_rmsd_above_limit
val	7PTS	326	3	37.143705	30.000000	0.588647	/storage9920/home/tinghao.xia/Data_PT_V1/val/7pts/seed_326/sample_3.pt	pre_refinement_aligned_rmsd_above_limit
val	7PTS	327	0	37.782227	30.000000	0.524415	/storage9920/home/tinghao.xia/Data_PT_V1/val/7pts/seed_327/sample_0.pt	pre_refinement_aligned_rmsd_above_limit
val	7PTS	327	1	37.933807	30.000000	0.561531	/storage9920/home/tinghao.xia/Data_PT_V1/val/7pts/seed_327/sample_1.pt	pre_refinement_aligned_rmsd_above_limit
val	7PTS	327	2	37.941414	30.000000	0.525442	/storage9920/home/tinghao.xia/Data_PT_V1/val/7pts/seed_327/sample_2.pt	pre_refinement_aligned_rmsd_above_limit
val	7PTS	327	3	39.573210	30.000000	0.571593	/storage9920/home/tinghao.xia/Data_PT_V1/val/7pts/seed_327/sample_3.pt	pre_refinement_aligned_rmsd_above_limit
val	7PTS	328	0	40.652037	30.000000	0.513371	/storage9920/home/tinghao.xia/Data_PT_V1/val/7pts/seed_328/sample_0.pt	pre_refinement_aligned_rmsd_above_limit
val	7PTS	328	1	41.296350	30.000000	0.571289	/storage9920/home/tinghao.xia/Data_PT_V1/val/7pts/seed_328/sample_1.pt	pre_refinement_aligned_rmsd_above_limit
val	7PTS	328	2	41.173402	30.000000	0.579440	/storage9920/home/tinghao.xia/Data_PT_V1/val/7pts/seed_328/sample_2.pt	pre_refinement_aligned_rmsd_above_limit
val	7PTS	328	3	42.094814	30.000000	0.524155	/storage9920/home/tinghao.xia/Data_PT_V1/val/7pts/seed_328/sample_3.pt	pre_refinement_aligned_rmsd_above_limit
val	7PTS	329	0	38.786139	30.000000	0.563232	/storage9920/home/tinghao.xia/Data_PT_V1/val/7pts/seed_329/sample_0.pt	pre_refinement_aligned_rmsd_above_limit
val	7PTS	329	1	42.894245	30.000000	0.553208	/storage9920/home/tinghao.xia/Data_PT_V1/val/7pts/seed_329/sample_1.pt	pre_refinement_aligned_rmsd_above_limit
val	7PTS	329	2	38.208685	30.000000	0.562216	/storage9920/home/tinghao.xia/Data_PT_V1/val/7pts/seed_329/sample_2.pt	pre_refinement_aligned_rmsd_above_limit
val	7PTS	329	3	37.673799	30.000000	0.566291	/storage9920/home/tinghao.xia/Data_PT_V1/val/7pts/seed_329/sample_3.pt	pre_refinement_aligned_rmsd_above_limit
val	7PTS	330	0	39.892700	30.000000	0.515958	/storage9920/home/tinghao.xia/Data_PT_V1/val/7pts/seed_330/sample_0.pt	pre_refinement_aligned_rmsd_above_limit
val	7PTS	330	1	38.281716	30.000000	0.564939	/storage9920/home/tinghao.xia/Data_PT_V1/val/7pts/seed_330/sample_1.pt	pre_refinement_aligned_rmsd_above_limit
val	7PTS	330	2	37.966810	30.000000	0.521195	/storage9920/home/tinghao.xia/Data_PT_V1/val/7pts/seed_330/sample_2.pt	pre_refinement_aligned_rmsd_above_limit
val	7PTS	330	3	39.858742	30.000000	0.563655	/storage9920/home/tinghao.xia/Data_PT_V1/val/7pts/seed_330/sample_3.pt	pre_refinement_aligned_rmsd_above_limit
val	7PTS	331	0	35.988728	30.000000	0.566874	/storage9920/home/tinghao.xia/Data_PT_V1/val/7pts/seed_331/sample_0.pt	pre_refinement_aligned_rmsd_above_limit
val	7PTS	331	1	31.620575	30.000000	0.519909	/storage9920/home/tinghao.xia/Data_PT_V1/val/7pts/seed_331/sample_1.pt	pre_refinement_aligned_rmsd_above_limit
val	7PTS	331	2	32.021628	30.000000	0.579722	/storage9920/home/tinghao.xia/Data_PT_V1/val/7pts/seed_331/sample_2.pt	pre_refinement_aligned_rmsd_above_limit
val	7PTS	332	0	36.006735	30.000000	0.597122	/storage9920/home/tinghao.xia/Data_PT_V1/val/7pts/seed_332/sample_0.pt	pre_refinement_aligned_rmsd_above_limit
val	7PTS	332	1	34.173112	30.000000	0.515221	/storage9920/home/tinghao.xia/Data_PT_V1/val/7pts/seed_332/sample_1.pt	pre_refinement_aligned_rmsd_above_limit
val	7PTS	332	2	31.662861	30.000000	0.606601	/storage9920/home/tinghao.xia/Data_PT_V1/val/7pts/seed_332/sample_2.pt	pre_refinement_aligned_rmsd_above_limit
val	7PTS	333	0	41.726617	30.000000	0.514400	/storage9920/home/tinghao.xia/Data_PT_V1/val/7pts/seed_333/sample_0.pt	pre_refinement_aligned_rmsd_above_limit
val	7PTS	333	1	40.589110	30.000000	0.559848	/storage9920/home/tinghao.xia/Data_PT_V1/val/7pts/seed_333/sample_1.pt	pre_refinement_aligned_rmsd_above_limit
val	7PTS	333	2	40.149033	30.000000	0.511411	/storage9920/home/tinghao.xia/Data_PT_V1/val/7pts/seed_333/sample_2.pt	pre_refinement_aligned_rmsd_above_limit
val	7PTS	333	3	39.302017	30.000000	0.586383	/storage9920/home/tinghao.xia/Data_PT_V1/val/7pts/seed_333/sample_3.pt	pre_refinement_aligned_rmsd_above_limit
val	7PTS	334	0	34.373819	30.000000	0.574219	/storage9920/home/tinghao.xia/Data_PT_V1/val/7pts/seed_334/sample_0.pt	pre_refinement_aligned_rmsd_above_limit
val	7PTS	334	1	34.252348	30.000000	0.510125	/storage9920/home/tinghao.xia/Data_PT_V1/val/7pts/seed_334/sample_1.pt	pre_refinement_aligned_rmsd_above_limit
val	7PTS	334	2	35.749774	30.000000	0.557755	/storage9920/home/tinghao.xia/Data_PT_V1/val/7pts/seed_334/sample_2.pt	pre_refinement_aligned_rmsd_above_limit
val	7PTS	334	3	33.430241	30.000000	0.508957	/storage9920/home/tinghao.xia/Data_PT_V1/val/7pts/seed_334/sample_3.pt	pre_refinement_aligned_rmsd_above_limit
val	7PTS	335	0	39.380096	30.000000	0.568415	/storage9920/home/tinghao.xia/Data_PT_V1/val/7pts/seed_335/sample_0.pt	pre_refinement_aligned_rmsd_above_limit
val	7PTS	335	1	41.337975	30.000000	0.509528	/storage9920/home/tinghao.xia/Data_PT_V1/val/7pts/seed_335/sample_1.pt	pre_refinement_aligned_rmsd_above_limit
val	7PTS	335	2	42.445999	30.000000	0.554330	/storage9920/home/tinghao.xia/Data_PT_V1/val/7pts/seed_335/sample_2.pt	pre_refinement_aligned_rmsd_above_limit
val	7PTS	335	3	41.914007	30.000000	0.556986	/storage9920/home/tinghao.xia/Data_PT_V1/val/7pts/seed_335/sample_3.pt	pre_refinement_aligned_rmsd_above_limit
val	7PTS	336	0	41.624085	30.000000	0.513220	/storage9920/home/tinghao.xia/Data_PT_V1/val/7pts/seed_336/sample_0.pt	pre_refinement_aligned_rmsd_above_limit
val	7PTS	336	1	41.420717	30.000000	0.554592	/storage9920/home/tinghao.xia/Data_PT_V1/val/7pts/seed_336/sample_1.pt	pre_refinement_aligned_rmsd_above_limit
val	7PTS	336	2	38.627723	30.000000	0.508514	/storage9920/home/tinghao.xia/Data_PT_V1/val/7pts/seed_336/sample_2.pt	pre_refinement_aligned_rmsd_above_limit
val	7PTS	336	3	36.702073	30.000000	0.550395	/storage9920/home/tinghao.xia/Data_PT_V1/val/7pts/seed_336/sample_3.pt	pre_refinement_aligned_rmsd_above_limit
val	7PTS	337	0	39.943199	30.000000	0.559374	/storage9920/home/tinghao.xia/Data_PT_V1/val/7pts/seed_337/sample_0.pt	pre_refinement_aligned_rmsd_above_limit
val	7PTS	337	1	40.946855	30.000000	0.507491	/storage9920/home/tinghao.xia/Data_PT_V1/val/7pts/seed_337/sample_1.pt	pre_refinement_aligned_rmsd_above_limit
val	7PTS	337	2	37.852977	30.000000	0.557541	/storage9920/home/tinghao.xia/Data_PT_V1/val/7pts/seed_337/sample_2.pt	pre_refinement_aligned_rmsd_above_limit
val	7PTS	337	3	40.757338	30.000000	0.520575	/storage9920/home/tinghao.xia/Data_PT_V1/val/7pts/seed_337/sample_3.pt	pre_refinement_aligned_rmsd_above_limit
val	7PTS	338	0	40.017027	30.000000	0.565873	/storage9920/home/tinghao.xia/Data_PT_V1/val/7pts/seed_338/sample_0.pt	pre_refinement_aligned_rmsd_above_limit
val	7PTS	338	1	38.899852	30.000000	0.560137	/storage9920/home/tinghao.xia/Data_PT_V1/val/7pts/seed_338/sample_1.pt	pre_refinement_aligned_rmsd_above_limit
val	7PTS	338	2	41.545517	30.000000	0.518542	/storage9920/home/tinghao.xia/Data_PT_V1/val/7pts/seed_338/sample_2.pt	pre_refinement_aligned_rmsd_above_limit
val	7PTS	338	3	39.275021	30.000000	0.565471	/storage9920/home/tinghao.xia/Data_PT_V1/val/7pts/seed_338/sample_3.pt	pre_refinement_aligned_rmsd_above_limit
val	7PTS	339	0	39.847705	30.000000	0.512073	/storage9920/home/tinghao.xia/Data_PT_V1/val/7pts/seed_339/sample_0.pt	pre_refinement_aligned_rmsd_above_limit
val	7PTS	339	1	38.387994	30.000000	0.552005	/storage9920/home/tinghao.xia/Data_PT_V1/val/7pts/seed_339/sample_1.pt	pre_refinement_aligned_rmsd_above_limit
val	7PTS	339	2	38.378618	30.000000	0.506365	/storage9920/home/tinghao.xia/Data_PT_V1/val/7pts/seed_339/sample_2.pt	pre_refinement_aligned_rmsd_above_limit
val	7PTS	339	3	41.128723	30.000000	0.549617	/storage9920/home/tinghao.xia/Data_PT_V1/val/7pts/seed_339/sample_3.pt	pre_refinement_aligned_rmsd_above_limit
val	7PTS	340	0	33.203847	30.000000	0.562801	/storage9920/home/tinghao.xia/Data_PT_V1/val/7pts/seed_340/sample_0.pt	pre_refinement_aligned_rmsd_above_limit
val	7PTS	340	1	33.794518	30.000000	0.513431	/storage9920/home/tinghao.xia/Data_PT_V1/val/7pts/seed_340/sample_1.pt	pre_refinement_aligned_rmsd_above_limit
val	7PTS	340	2	33.818522	30.000000	0.570775	/storage9920/home/tinghao.xia/Data_PT_V1/val/7pts/seed_340/sample_2.pt	pre_refinement_aligned_rmsd_above_limit
val	7PTS	340	3	33.396967	30.000000	0.512254	/storage9920/home/tinghao.xia/Data_PT_V1/val/7pts/seed_340/sample_3.pt	pre_refinement_aligned_rmsd_above_limit
val	7PTS	341	0	33.270749	30.000000	0.630192	/storage9920/home/tinghao.xia/Data_PT_V1/val/7pts/seed_341/sample_0.pt	pre_refinement_aligned_rmsd_above_limit
val	7PTS	341	1	34.435011	30.000000	0.559135	/storage9920/home/tinghao.xia/Data_PT_V1/val/7pts/seed_341/sample_1.pt	pre_refinement_aligned_rmsd_above_limit
val	7PTS	341	2	37.106840	30.000000	0.525129	/storage9920/home/tinghao.xia/Data_PT_V1/val/7pts/seed_341/sample_2.pt	pre_refinement_aligned_rmsd_above_limit
val	7PTS	341	3	34.599639	30.000000	0.570135	/storage9920/home/tinghao.xia/Data_PT_V1/val/7pts/seed_341/sample_3.pt	pre_refinement_aligned_rmsd_above_limit
val	7PTS	342	0	43.227190	30.000000	0.671494	/storage9920/home/tinghao.xia/Data_PT_V1/val/7pts/seed_342/sample_0.pt	pre_refinement_aligned_rmsd_above_limit
val	7PTS	342	1	42.486623	30.000000	0.669060	/storage9920/home/tinghao.xia/Data_PT_V1/val/7pts/seed_342/sample_1.pt	pre_refinement_aligned_rmsd_above_limit
val	7PTS	342	2	42.571752	30.000000	0.522612	/storage9920/home/tinghao.xia/Data_PT_V1/val/7pts/seed_342/sample_2.pt	pre_refinement_aligned_rmsd_above_limit
val	7PTS	342	3	42.026321	30.000000	0.568614	/storage9920/home/tinghao.xia/Data_PT_V1/val/7pts/seed_342/sample_3.pt	pre_refinement_aligned_rmsd_above_limit
val	7PTS	343	0	37.877960	30.000000	0.585160	/storage9920/home/tinghao.xia/Data_PT_V1/val/7pts/seed_343/sample_0.pt	pre_refinement_aligned_rmsd_above_limit
val	7PTS	343	1	40.741915	30.000000	0.524827	/storage9920/home/tinghao.xia/Data_PT_V1/val/7pts/seed_343/sample_1.pt	pre_refinement_aligned_rmsd_above_limit
val	7PTS	343	2	39.242126	30.000000	0.563122	/storage9920/home/tinghao.xia/Data_PT_V1/val/7pts/seed_343/sample_2.pt	pre_refinement_aligned_rmsd_above_limit
val	7PTS	343	3	40.125766	30.000000	0.513233	/storage9920/home/tinghao.xia/Data_PT_V1/val/7pts/seed_343/sample_3.pt	pre_refinement_aligned_rmsd_above_limit
val	7PTS	344	0	43.894233	30.000000	0.571511	/storage9920/home/tinghao.xia/Data_PT_V1/val/7pts/seed_344/sample_0.pt	pre_refinement_aligned_rmsd_above_limit
val	7PTS	344	1	39.489476	30.000000	0.570970	/storage9920/home/tinghao.xia/Data_PT_V1/val/7pts/seed_344/sample_1.pt	pre_refinement_aligned_rmsd_above_limit
val	7PTS	344	2	41.690202	30.000000	0.583189	/storage9920/home/tinghao.xia/Data_PT_V1/val/7pts/seed_344/sample_2.pt	pre_refinement_aligned_rmsd_above_limit
val	7PTS	344	3	44.464050	30.000000	0.569812	/storage9920/home/tinghao.xia/Data_PT_V1/val/7pts/seed_344/sample_3.pt	pre_refinement_aligned_rmsd_above_limit
val	7PTS	345	0	45.571220	30.000000	0.524250	/storage9920/home/tinghao.xia/Data_PT_V1/val/7pts/seed_345/sample_0.pt	pre_refinement_aligned_rmsd_above_limit
val	7PTS	345	1	36.660302	30.000000	0.561737	/storage9920/home/tinghao.xia/Data_PT_V1/val/7pts/seed_345/sample_1.pt	pre_refinement_aligned_rmsd_above_limit
val	7PTS	345	2	38.943451	30.000000	0.569674	/storage9920/home/tinghao.xia/Data_PT_V1/val/7pts/seed_345/sample_2.pt	pre_refinement_aligned_rmsd_above_limit
val	7PTS	345	3	34.244992	30.000000	0.525313	/storage9920/home/tinghao.xia/Data_PT_V1/val/7pts/seed_345/sample_3.pt	pre_refinement_aligned_rmsd_above_limit
val	7PTS	346	1	31.962518	30.000000	0.520671	/storage9920/home/tinghao.xia/Data_PT_V1/val/7pts/seed_346/sample_1.pt	pre_refinement_aligned_rmsd_above_limit
val	7PTS	346	2	33.636055	30.000000	0.573833	/storage9920/home/tinghao.xia/Data_PT_V1/val/7pts/seed_346/sample_2.pt	pre_refinement_aligned_rmsd_above_limit
val	7PTS	346	3	31.588171	30.000000	0.523919	/storage9920/home/tinghao.xia/Data_PT_V1/val/7pts/seed_346/sample_3.pt	pre_refinement_aligned_rmsd_above_limit
val	7PTS	347	0	39.442511	30.000000	0.571523	/storage9920/home/tinghao.xia/Data_PT_V1/val/7pts/seed_347/sample_0.pt	pre_refinement_aligned_rmsd_above_limit
val	7PTS	347	1	44.541518	30.000000	0.612892	/storage9920/home/tinghao.xia/Data_PT_V1/val/7pts/seed_347/sample_1.pt	pre_refinement_aligned_rmsd_above_limit
val	7PTS	347	2	38.092899	30.000000	0.520554	/storage9920/home/tinghao.xia/Data_PT_V1/val/7pts/seed_347/sample_2.pt	pre_refinement_aligned_rmsd_above_limit
val	7PTS	347	3	37.431349	30.000000	0.571547	/storage9920/home/tinghao.xia/Data_PT_V1/val/7pts/seed_347/sample_3.pt	pre_refinement_aligned_rmsd_above_limit
val	7PTS	348	0	41.530556	30.000000	0.518564	/storage9920/home/tinghao.xia/Data_PT_V1/val/7pts/seed_348/sample_0.pt	pre_refinement_aligned_rmsd_above_limit
val	7PTS	348	1	34.792958	30.000000	0.557530	/storage9920/home/tinghao.xia/Data_PT_V1/val/7pts/seed_348/sample_1.pt	pre_refinement_aligned_rmsd_above_limit
val	7PTS	348	2	43.442050	30.000000	0.560169	/storage9920/home/tinghao.xia/Data_PT_V1/val/7pts/seed_348/sample_2.pt	pre_refinement_aligned_rmsd_above_limit
val	7PTS	348	3	38.266023	30.000000	0.514367	/storage9920/home/tinghao.xia/Data_PT_V1/val/7pts/seed_348/sample_3.pt	pre_refinement_aligned_rmsd_above_limit
val	7PTS	349	0	36.068997	30.000000	0.562083	/storage9920/home/tinghao.xia/Data_PT_V1/val/7pts/seed_349/sample_0.pt	pre_refinement_aligned_rmsd_above_limit
val	7PTS	349	1	32.513904	30.000000	0.511037	/storage9920/home/tinghao.xia/Data_PT_V1/val/7pts/seed_349/sample_1.pt	pre_refinement_aligned_rmsd_above_limit
val	7PTS	349	2	36.714269	30.000000	0.566606	/storage9920/home/tinghao.xia/Data_PT_V1/val/7pts/seed_349/sample_2.pt	pre_refinement_aligned_rmsd_above_limit
val	7PTS	349	3	44.528710	30.000000	0.517849	/storage9920/home/tinghao.xia/Data_PT_V1/val/7pts/seed_349/sample_3.pt	pre_refinement_aligned_rmsd_above_limit
val	7QDU	300	0	42.053083	30.000000	0.714857	/storage9920/home/tinghao.xia/Data_PT_V1/val/7qdu/seed_300/sample_0.pt	pre_refinement_aligned_rmsd_above_limit
val	7QDU	300	1	45.330507	30.000000	0.508881	/storage9920/home/tinghao.xia/Data_PT_V1/val/7qdu/seed_300/sample_1.pt	pre_refinement_aligned_rmsd_above_limit
val	7QDU	300	2	45.853821	30.000000	0.568550	/storage9920/home/tinghao.xia/Data_PT_V1/val/7qdu/seed_300/sample_2.pt	pre_refinement_aligned_rmsd_above_limit
val	7QDU	300	3	44.200986	30.000000	0.507233	/storage9920/home/tinghao.xia/Data_PT_V1/val/7qdu/seed_300/sample_3.pt	pre_refinement_aligned_rmsd_above_limit
val	7QDU	301	0	43.164948	30.000000	0.559310	/storage9920/home/tinghao.xia/Data_PT_V1/val/7qdu/seed_301/sample_0.pt	pre_refinement_aligned_rmsd_above_limit
val	7QDU	301	1	43.056646	30.000000	0.562116	/storage9920/home/tinghao.xia/Data_PT_V1/val/7qdu/seed_301/sample_1.pt	pre_refinement_aligned_rmsd_above_limit
val	7QDU	301	2	47.945281	30.000000	0.508250	/storage9920/home/tinghao.xia/Data_PT_V1/val/7qdu/seed_301/sample_2.pt	pre_refinement_aligned_rmsd_above_limit
val	7QDU	301	3	45.817846	30.000000	0.561350	/storage9920/home/tinghao.xia/Data_PT_V1/val/7qdu/seed_301/sample_3.pt	pre_refinement_aligned_rmsd_above_limit
val	7QDU	302	0	43.859740	30.000000	0.505825	/storage9920/home/tinghao.xia/Data_PT_V1/val/7qdu/seed_302/sample_0.pt	pre_refinement_aligned_rmsd_above_limit
val	7QDU	302	1	45.851975	30.000000	0.548131	/storage9920/home/tinghao.xia/Data_PT_V1/val/7qdu/seed_302/sample_1.pt	pre_refinement_aligned_rmsd_above_limit
val	7QDU	302	2	45.339565	30.000000	0.555622	/storage9920/home/tinghao.xia/Data_PT_V1/val/7qdu/seed_302/sample_2.pt	pre_refinement_aligned_rmsd_above_limit
val	7QDU	302	3	48.455957	30.000000	0.506969	/storage9920/home/tinghao.xia/Data_PT_V1/val/7qdu/seed_302/sample_3.pt	pre_refinement_aligned_rmsd_above_limit
val	7QDU	303	0	46.357928	30.000000	0.563249	/storage9920/home/tinghao.xia/Data_PT_V1/val/7qdu/seed_303/sample_0.pt	pre_refinement_aligned_rmsd_above_limit
val	7QDU	303	1	45.648849	30.000000	0.509352	/storage9920/home/tinghao.xia/Data_PT_V1/val/7qdu/seed_303/sample_1.pt	pre_refinement_aligned_rmsd_above_limit
val	7QDU	303	2	46.506531	30.000000	0.561023	/storage9920/home/tinghao.xia/Data_PT_V1/val/7qdu/seed_303/sample_2.pt	pre_refinement_aligned_rmsd_above_limit
val	7QDU	303	3	47.929873	30.000000	0.517736	/storage9920/home/tinghao.xia/Data_PT_V1/val/7qdu/seed_303/sample_3.pt	pre_refinement_aligned_rmsd_above_limit
val	7QDU	304	0	47.138772	30.000000	0.548983	/storage9920/home/tinghao.xia/Data_PT_V1/val/7qdu/seed_304/sample_0.pt	pre_refinement_aligned_rmsd_above_limit
val	7QDU	304	1	46.338884	30.000000	0.504884	/storage9920/home/tinghao.xia/Data_PT_V1/val/7qdu/seed_304/sample_1.pt	pre_refinement_aligned_rmsd_above_limit
val	7QDU	304	2	46.174652	30.000000	0.546972	/storage9920/home/tinghao.xia/Data_PT_V1/val/7qdu/seed_304/sample_2.pt	pre_refinement_aligned_rmsd_above_limit
val	7QDU	304	3	40.883583	30.000000	0.563274	/storage9920/home/tinghao.xia/Data_PT_V1/val/7qdu/seed_304/sample_3.pt	pre_refinement_aligned_rmsd_above_limit
val	7QDU	305	0	47.530608	30.000000	0.515037	/storage9920/home/tinghao.xia/Data_PT_V1/val/7qdu/seed_305/sample_0.pt	pre_refinement_aligned_rmsd_above_limit
val	7QDU	305	1	47.361457	30.000000	0.554416	/storage9920/home/tinghao.xia/Data_PT_V1/val/7qdu/seed_305/sample_1.pt	pre_refinement_aligned_rmsd_above_limit
val	7QDU	305	2	46.047521	30.000000	0.513356	/storage9920/home/tinghao.xia/Data_PT_V1/val/7qdu/seed_305/sample_2.pt	pre_refinement_aligned_rmsd_above_limit
val	7QDU	305	3	47.233594	30.000000	0.565014	/storage9920/home/tinghao.xia/Data_PT_V1/val/7qdu/seed_305/sample_3.pt	pre_refinement_aligned_rmsd_above_limit
val	7QDU	306	0	43.876859	30.000000	0.514623	/storage9920/home/tinghao.xia/Data_PT_V1/val/7qdu/seed_306/sample_0.pt	pre_refinement_aligned_rmsd_above_limit
val	7QDU	306	1	46.277699	30.000000	0.558753	/storage9920/home/tinghao.xia/Data_PT_V1/val/7qdu/seed_306/sample_1.pt	pre_refinement_aligned_rmsd_above_limit
val	7QDU	306	2	45.452053	30.000000	0.510000	/storage9920/home/tinghao.xia/Data_PT_V1/val/7qdu/seed_306/sample_2.pt	pre_refinement_aligned_rmsd_above_limit
val	7QDU	306	3	44.458882	30.000000	0.556349	/storage9920/home/tinghao.xia/Data_PT_V1/val/7qdu/seed_306/sample_3.pt	pre_refinement_aligned_rmsd_above_limit
val	7QDU	307	0	45.855773	30.000000	0.560758	/storage9920/home/tinghao.xia/Data_PT_V1/val/7qdu/seed_307/sample_0.pt	pre_refinement_aligned_rmsd_above_limit
val	7QDU	307	1	45.903174	30.000000	0.500174	/storage9920/home/tinghao.xia/Data_PT_V1/val/7qdu/seed_307/sample_1.pt	pre_refinement_aligned_rmsd_above_limit
val	7QDU	307	2	44.840026	30.000000	0.555342	/storage9920/home/tinghao.xia/Data_PT_V1/val/7qdu/seed_307/sample_2.pt	pre_refinement_aligned_rmsd_above_limit
val	7QDU	307	3	46.236002	30.000000	0.509827	/storage9920/home/tinghao.xia/Data_PT_V1/val/7qdu/seed_307/sample_3.pt	pre_refinement_aligned_rmsd_above_limit
val	7QDU	308	0	44.853531	30.000000	0.559473	/storage9920/home/tinghao.xia/Data_PT_V1/val/7qdu/seed_308/sample_0.pt	pre_refinement_aligned_rmsd_above_limit
val	7QDU	308	1	46.896285	30.000000	0.556159	/storage9920/home/tinghao.xia/Data_PT_V1/val/7qdu/seed_308/sample_1.pt	pre_refinement_aligned_rmsd_above_limit
val	7QDU	308	2	44.585538	30.000000	0.512547	/storage9920/home/tinghao.xia/Data_PT_V1/val/7qdu/seed_308/sample_2.pt	pre_refinement_aligned_rmsd_above_limit
val	7QDU	308	3	44.459827	30.000000	0.560379	/storage9920/home/tinghao.xia/Data_PT_V1/val/7qdu/seed_308/sample_3.pt	pre_refinement_aligned_rmsd_above_limit
val	7QDU	309	0	45.379367	30.000000	0.512058	/storage9920/home/tinghao.xia/Data_PT_V1/val/7qdu/seed_309/sample_0.pt	pre_refinement_aligned_rmsd_above_limit
val	7QDU	309	1	43.889258	30.000000	0.566554	/storage9920/home/tinghao.xia/Data_PT_V1/val/7qdu/seed_309/sample_1.pt	pre_refinement_aligned_rmsd_above_limit
val	7QDU	309	2	46.523093	30.000000	0.559352	/storage9920/home/tinghao.xia/Data_PT_V1/val/7qdu/seed_309/sample_2.pt	pre_refinement_aligned_rmsd_above_limit
val	7QDU	309	3	46.079624	30.000000	0.518965	/storage9920/home/tinghao.xia/Data_PT_V1/val/7qdu/seed_309/sample_3.pt	pre_refinement_aligned_rmsd_above_limit
val	7QDU	310	0	42.280833	30.000000	0.573327	/storage9920/home/tinghao.xia/Data_PT_V1/val/7qdu/seed_310/sample_0.pt	pre_refinement_aligned_rmsd_above_limit
val	7QDU	310	1	43.148772	30.000000	0.527178	/storage9920/home/tinghao.xia/Data_PT_V1/val/7qdu/seed_310/sample_1.pt	pre_refinement_aligned_rmsd_above_limit
val	7QDU	310	2	44.806857	30.000000	0.563674	/storage9920/home/tinghao.xia/Data_PT_V1/val/7qdu/seed_310/sample_2.pt	pre_refinement_aligned_rmsd_above_limit
val	7QDU	310	3	44.205343	30.000000	0.513444	/storage9920/home/tinghao.xia/Data_PT_V1/val/7qdu/seed_310/sample_3.pt	pre_refinement_aligned_rmsd_above_limit
val	7QDU	311	0	43.632033	30.000000	0.555829	/storage9920/home/tinghao.xia/Data_PT_V1/val/7qdu/seed_311/sample_0.pt	pre_refinement_aligned_rmsd_above_limit
val	7QDU	311	1	42.905356	30.000000	0.511937	/storage9920/home/tinghao.xia/Data_PT_V1/val/7qdu/seed_311/sample_1.pt	pre_refinement_aligned_rmsd_above_limit
val	7QDU	311	2	44.290152	30.000000	0.548550	/storage9920/home/tinghao.xia/Data_PT_V1/val/7qdu/seed_311/sample_2.pt	pre_refinement_aligned_rmsd_above_limit
val	7QDU	311	3	43.603428	30.000000	0.554611	/storage9920/home/tinghao.xia/Data_PT_V1/val/7qdu/seed_311/sample_3.pt	pre_refinement_aligned_rmsd_above_limit
val	7QDU	312	0	46.906799	30.000000	0.503723	/storage9920/home/tinghao.xia/Data_PT_V1/val/7qdu/seed_312/sample_0.pt	pre_refinement_aligned_rmsd_above_limit
val	7QDU	312	1	44.155899	30.000000	0.559713	/storage9920/home/tinghao.xia/Data_PT_V1/val/7qdu/seed_312/sample_1.pt	pre_refinement_aligned_rmsd_above_limit
val	7QDU	312	2	45.856253	30.000000	0.516530	/storage9920/home/tinghao.xia/Data_PT_V1/val/7qdu/seed_312/sample_2.pt	pre_refinement_aligned_rmsd_above_limit
val	7QDU	312	3	48.065976	30.000000	0.565119	/storage9920/home/tinghao.xia/Data_PT_V1/val/7qdu/seed_312/sample_3.pt	pre_refinement_aligned_rmsd_above_limit
val	7QDU	313	0	43.269286	30.000000	0.502334	/storage9920/home/tinghao.xia/Data_PT_V1/val/7qdu/seed_313/sample_0.pt	pre_refinement_aligned_rmsd_above_limit
val	7QDU	313	1	44.464434	30.000000	0.551773	/storage9920/home/tinghao.xia/Data_PT_V1/val/7qdu/seed_313/sample_1.pt	pre_refinement_aligned_rmsd_above_limit
val	7QDU	313	2	45.091515	30.000000	0.520526	/storage9920/home/tinghao.xia/Data_PT_V1/val/7qdu/seed_313/sample_2.pt	pre_refinement_aligned_rmsd_above_limit
val	7QDU	313	3	47.125879	30.000000	0.552308	/storage9920/home/tinghao.xia/Data_PT_V1/val/7qdu/seed_313/sample_3.pt	pre_refinement_aligned_rmsd_above_limit
val	7QDU	315	0	46.010545	30.000000	0.562362	/storage9920/home/tinghao.xia/Data_PT_V1/val/7qdu/seed_315/sample_0.pt	pre_refinement_aligned_rmsd_above_limit
val	7QDU	315	1	43.477684	30.000000	0.558429	/storage9920/home/tinghao.xia/Data_PT_V1/val/7qdu/seed_315/sample_1.pt	pre_refinement_aligned_rmsd_above_limit
val	7QDU	315	2	44.428853	30.000000	0.508322	/storage9920/home/tinghao.xia/Data_PT_V1/val/7qdu/seed_315/sample_2.pt	pre_refinement_aligned_rmsd_above_limit
val	7QDU	315	3	43.349804	30.000000	0.559361	/storage9920/home/tinghao.xia/Data_PT_V1/val/7qdu/seed_315/sample_3.pt	pre_refinement_aligned_rmsd_above_limit
val	7QDU	316	0	45.827149	30.000000	0.525328	/storage9920/home/tinghao.xia/Data_PT_V1/val/7qdu/seed_316/sample_0.pt	pre_refinement_aligned_rmsd_above_limit
val	7QDU	316	1	44.784887	30.000000	0.554921	/storage9920/home/tinghao.xia/Data_PT_V1/val/7qdu/seed_316/sample_1.pt	pre_refinement_aligned_rmsd_above_limit
val	7QDU	316	2	47.260097	30.000000	0.558476	/storage9920/home/tinghao.xia/Data_PT_V1/val/7qdu/seed_316/sample_2.pt	pre_refinement_aligned_rmsd_above_limit
val	7QDU	316	3	43.020809	30.000000	0.504645	/storage9920/home/tinghao.xia/Data_PT_V1/val/7qdu/seed_316/sample_3.pt	pre_refinement_aligned_rmsd_above_limit
val	7QDU	317	0	46.246574	30.000000	0.566901	/storage9920/home/tinghao.xia/Data_PT_V1/val/7qdu/seed_317/sample_0.pt	pre_refinement_aligned_rmsd_above_limit
val	7QDU	317	1	46.401527	30.000000	0.503849	/storage9920/home/tinghao.xia/Data_PT_V1/val/7qdu/seed_317/sample_1.pt	pre_refinement_aligned_rmsd_above_limit
val	7QDU	317	2	47.419235	30.000000	0.561317	/storage9920/home/tinghao.xia/Data_PT_V1/val/7qdu/seed_317/sample_2.pt	pre_refinement_aligned_rmsd_above_limit
val	7QDU	317	3	45.805687	30.000000	0.503522	/storage9920/home/tinghao.xia/Data_PT_V1/val/7qdu/seed_317/sample_3.pt	pre_refinement_aligned_rmsd_above_limit
val	7QDU	318	0	47.563838	30.000000	0.561728	/storage9920/home/tinghao.xia/Data_PT_V1/val/7qdu/seed_318/sample_0.pt	pre_refinement_aligned_rmsd_above_limit
val	7QDU	318	1	44.238391	30.000000	0.501835	/storage9920/home/tinghao.xia/Data_PT_V1/val/7qdu/seed_318/sample_1.pt	pre_refinement_aligned_rmsd_above_limit
val	7QDU	318	2	45.295662	30.000000	0.552400	/storage9920/home/tinghao.xia/Data_PT_V1/val/7qdu/seed_318/sample_2.pt	pre_refinement_aligned_rmsd_above_limit
val	7QDU	318	3	43.277740	30.000000	0.559559	/storage9920/home/tinghao.xia/Data_PT_V1/val/7qdu/seed_318/sample_3.pt	pre_refinement_aligned_rmsd_above_limit
val	7QDU	319	0	45.700723	30.000000	0.512273	/storage9920/home/tinghao.xia/Data_PT_V1/val/7qdu/seed_319/sample_0.pt	pre_refinement_aligned_rmsd_above_limit
val	7QDU	319	1	46.414705	30.000000	0.558331	/storage9920/home/tinghao.xia/Data_PT_V1/val/7qdu/seed_319/sample_1.pt	pre_refinement_aligned_rmsd_above_limit
val	7QDU	319	2	47.776932	30.000000	0.506071	/storage9920/home/tinghao.xia/Data_PT_V1/val/7qdu/seed_319/sample_2.pt	pre_refinement_aligned_rmsd_above_limit
val	7QDU	319	3	45.930543	30.000000	0.551791	/storage9920/home/tinghao.xia/Data_PT_V1/val/7qdu/seed_319/sample_3.pt	pre_refinement_aligned_rmsd_above_limit
val	7QDU	320	0	47.248654	30.000000	0.509468	/storage9920/home/tinghao.xia/Data_PT_V1/val/7qdu/seed_320/sample_0.pt	pre_refinement_aligned_rmsd_above_limit
val	7QDU	320	1	47.342809	30.000000	0.557521	/storage9920/home/tinghao.xia/Data_PT_V1/val/7qdu/seed_320/sample_1.pt	pre_refinement_aligned_rmsd_above_limit
val	7QDU	320	2	48.732379	30.000000	0.508178	/storage9920/home/tinghao.xia/Data_PT_V1/val/7qdu/seed_320/sample_2.pt	pre_refinement_aligned_rmsd_above_limit
val	7QDU	320	3	44.267015	30.000000	0.559959	/storage9920/home/tinghao.xia/Data_PT_V1/val/7qdu/seed_320/sample_3.pt	pre_refinement_aligned_rmsd_above_limit
val	7QDU	321	0	47.065166	30.000000	0.557743	/storage9920/home/tinghao.xia/Data_PT_V1/val/7qdu/seed_321/sample_0.pt	pre_refinement_aligned_rmsd_above_limit
val	7QDU	321	1	46.004177	30.000000	0.513883	/storage9920/home/tinghao.xia/Data_PT_V1/val/7qdu/seed_321/sample_1.pt	pre_refinement_aligned_rmsd_above_limit
val	7QDU	321	2	48.260038	30.000000	0.553864	/storage9920/home/tinghao.xia/Data_PT_V1/val/7qdu/seed_321/sample_2.pt	pre_refinement_aligned_rmsd_above_limit
val	7QDU	321	3	48.504579	30.000000	0.513094	/storage9920/home/tinghao.xia/Data_PT_V1/val/7qdu/seed_321/sample_3.pt	pre_refinement_aligned_rmsd_above_limit
val	7QDU	322	0	47.554123	30.000000	0.551148	/storage9920/home/tinghao.xia/Data_PT_V1/val/7qdu/seed_322/sample_0.pt	pre_refinement_aligned_rmsd_above_limit
val	7QDU	322	1	47.799345	30.000000	0.557942	/storage9920/home/tinghao.xia/Data_PT_V1/val/7qdu/seed_322/sample_1.pt	pre_refinement_aligned_rmsd_above_limit
val	7QDU	322	2	47.567360	30.000000	0.511380	/storage9920/home/tinghao.xia/Data_PT_V1/val/7qdu/seed_322/sample_2.pt	pre_refinement_aligned_rmsd_above_limit
val	7QDU	322	3	48.043573	30.000000	0.557964	/storage9920/home/tinghao.xia/Data_PT_V1/val/7qdu/seed_322/sample_3.pt	pre_refinement_aligned_rmsd_above_limit
val	7QDU	323	0	46.295425	30.000000	0.518020	/storage9920/home/tinghao.xia/Data_PT_V1/val/7qdu/seed_323/sample_0.pt	pre_refinement_aligned_rmsd_above_limit
val	7QDU	323	1	44.730563	30.000000	0.545256	/storage9920/home/tinghao.xia/Data_PT_V1/val/7qdu/seed_323/sample_1.pt	pre_refinement_aligned_rmsd_above_limit
val	7QDU	323	2	45.858947	30.000000	0.561382	/storage9920/home/tinghao.xia/Data_PT_V1/val/7qdu/seed_323/sample_2.pt	pre_refinement_aligned_rmsd_above_limit
val	7QDU	323	3	45.010153	30.000000	0.507344	/storage9920/home/tinghao.xia/Data_PT_V1/val/7qdu/seed_323/sample_3.pt	pre_refinement_aligned_rmsd_above_limit
val	7QDU	324	0	46.570944	30.000000	0.567263	/storage9920/home/tinghao.xia/Data_PT_V1/val/7qdu/seed_324/sample_0.pt	pre_refinement_aligned_rmsd_above_limit
val	7QDU	324	1	42.981006	30.000000	0.506969	/storage9920/home/tinghao.xia/Data_PT_V1/val/7qdu/seed_324/sample_1.pt	pre_refinement_aligned_rmsd_above_limit
val	7QDU	324	2	46.576705	30.000000	0.553673	/storage9920/home/tinghao.xia/Data_PT_V1/val/7qdu/seed_324/sample_2.pt	pre_refinement_aligned_rmsd_above_limit
val	7QDU	324	3	44.961573	30.000000	0.506500	/storage9920/home/tinghao.xia/Data_PT_V1/val/7qdu/seed_324/sample_3.pt	pre_refinement_aligned_rmsd_above_limit
val	7QDU	325	0	44.947053	30.000000	0.561688	/storage9920/home/tinghao.xia/Data_PT_V1/val/7qdu/seed_325/sample_0.pt	pre_refinement_aligned_rmsd_above_limit
val	7QDU	325	1	44.387660	30.000000	0.521497	/storage9920/home/tinghao.xia/Data_PT_V1/val/7qdu/seed_325/sample_1.pt	pre_refinement_aligned_rmsd_above_limit
val	7QDU	325	2	44.334633	30.000000	0.563756	/storage9920/home/tinghao.xia/Data_PT_V1/val/7qdu/seed_325/sample_2.pt	pre_refinement_aligned_rmsd_above_limit
val	7QDU	325	3	48.196204	30.000000	0.558321	/storage9920/home/tinghao.xia/Data_PT_V1/val/7qdu/seed_325/sample_3.pt	pre_refinement_aligned_rmsd_above_limit
val	7QDU	326	0	45.747061	30.000000	0.520653	/storage9920/home/tinghao.xia/Data_PT_V1/val/7qdu/seed_326/sample_0.pt	pre_refinement_aligned_rmsd_above_limit
val	7QDU	326	1	46.459007	30.000000	0.564539	/storage9920/home/tinghao.xia/Data_PT_V1/val/7qdu/seed_326/sample_1.pt	pre_refinement_aligned_rmsd_above_limit
val	7QDU	326	2	47.317541	30.000000	0.508918	/storage9920/home/tinghao.xia/Data_PT_V1/val/7qdu/seed_326/sample_2.pt	pre_refinement_aligned_rmsd_above_limit
val	7QDU	326	3	44.511000	30.000000	0.555702	/storage9920/home/tinghao.xia/Data_PT_V1/val/7qdu/seed_326/sample_3.pt	pre_refinement_aligned_rmsd_above_limit
val	7QDU	327	0	45.496010	30.000000	0.518269	/storage9920/home/tinghao.xia/Data_PT_V1/val/7qdu/seed_327/sample_0.pt	pre_refinement_aligned_rmsd_above_limit
val	7QDU	327	1	45.523963	30.000000	0.558788	/storage9920/home/tinghao.xia/Data_PT_V1/val/7qdu/seed_327/sample_1.pt	pre_refinement_aligned_rmsd_above_limit
val	7QDU	327	2	47.422393	30.000000	0.502719	/storage9920/home/tinghao.xia/Data_PT_V1/val/7qdu/seed_327/sample_2.pt	pre_refinement_aligned_rmsd_above_limit
val	7QDU	328	0	44.475889	30.000000	0.566542	/storage9920/home/tinghao.xia/Data_PT_V1/val/7qdu/seed_328/sample_0.pt	pre_refinement_aligned_rmsd_above_limit
val	7QDU	328	1	44.164353	30.000000	0.512587	/storage9920/home/tinghao.xia/Data_PT_V1/val/7qdu/seed_328/sample_1.pt	pre_refinement_aligned_rmsd_above_limit
val	7QDU	328	2	45.495381	30.000000	0.548373	/storage9920/home/tinghao.xia/Data_PT_V1/val/7qdu/seed_328/sample_2.pt	pre_refinement_aligned_rmsd_above_limit
val	7QDU	328	3	43.743326	30.000000	0.501708	/storage9920/home/tinghao.xia/Data_PT_V1/val/7qdu/seed_328/sample_3.pt	pre_refinement_aligned_rmsd_above_limit
val	7QDU	329	0	45.903172	30.000000	0.555202	/storage9920/home/tinghao.xia/Data_PT_V1/val/7qdu/seed_329/sample_0.pt	pre_refinement_aligned_rmsd_above_limit
val	7QDU	329	1	43.656465	30.000000	0.549867	/storage9920/home/tinghao.xia/Data_PT_V1/val/7qdu/seed_329/sample_1.pt	pre_refinement_aligned_rmsd_above_limit
val	7QDU	329	2	43.864713	30.000000	0.507771	/storage9920/home/tinghao.xia/Data_PT_V1/val/7qdu/seed_329/sample_2.pt	pre_refinement_aligned_rmsd_above_limit
val	7QDU	329	3	44.956579	30.000000	0.551024	/storage9920/home/tinghao.xia/Data_PT_V1/val/7qdu/seed_329/sample_3.pt	pre_refinement_aligned_rmsd_above_limit
val	7QDU	330	0	46.107830	30.000000	0.514516	/storage9920/home/tinghao.xia/Data_PT_V1/val/7qdu/seed_330/sample_0.pt	pre_refinement_aligned_rmsd_above_limit
val	7QDU	330	1	44.263285	30.000000	0.544802	/storage9920/home/tinghao.xia/Data_PT_V1/val/7qdu/seed_330/sample_1.pt	pre_refinement_aligned_rmsd_above_limit
val	7QDU	330	2	44.919917	30.000000	0.557102	/storage9920/home/tinghao.xia/Data_PT_V1/val/7qdu/seed_330/sample_2.pt	pre_refinement_aligned_rmsd_above_limit
val	7QDU	330	3	46.158211	30.000000	0.510752	/storage9920/home/tinghao.xia/Data_PT_V1/val/7qdu/seed_330/sample_3.pt	pre_refinement_aligned_rmsd_above_limit
val	7QDU	331	0	44.645795	30.000000	0.569140	/storage9920/home/tinghao.xia/Data_PT_V1/val/7qdu/seed_331/sample_0.pt	pre_refinement_aligned_rmsd_above_limit
val	7QDU	331	1	46.869806	30.000000	0.502428	/storage9920/home/tinghao.xia/Data_PT_V1/val/7qdu/seed_331/sample_1.pt	pre_refinement_aligned_rmsd_above_limit
val	7QDU	331	2	47.779181	30.000000	0.565688	/storage9920/home/tinghao.xia/Data_PT_V1/val/7qdu/seed_331/sample_2.pt	pre_refinement_aligned_rmsd_above_limit
val	7QDU	331	3	45.239067	30.000000	0.508656	/storage9920/home/tinghao.xia/Data_PT_V1/val/7qdu/seed_331/sample_3.pt	pre_refinement_aligned_rmsd_above_limit
val	7QDU	332	0	46.118020	30.000000	0.564554	/storage9920/home/tinghao.xia/Data_PT_V1/val/7qdu/seed_332/sample_0.pt	pre_refinement_aligned_rmsd_above_limit
val	7QDU	332	1	46.001720	30.000000	0.512918	/storage9920/home/tinghao.xia/Data_PT_V1/val/7qdu/seed_332/sample_1.pt	pre_refinement_aligned_rmsd_above_limit
val	7QDU	332	2	45.254303	30.000000	0.554305	/storage9920/home/tinghao.xia/Data_PT_V1/val/7qdu/seed_332/sample_2.pt	pre_refinement_aligned_rmsd_above_limit
val	7QDU	332	3	46.553573	30.000000	0.566606	/storage9920/home/tinghao.xia/Data_PT_V1/val/7qdu/seed_332/sample_3.pt	pre_refinement_aligned_rmsd_above_limit
val	7QDU	333	0	45.741426	30.000000	0.512971	/storage9920/home/tinghao.xia/Data_PT_V1/val/7qdu/seed_333/sample_0.pt	pre_refinement_aligned_rmsd_above_limit
val	7QDU	333	1	46.370187	30.000000	0.565380	/storage9920/home/tinghao.xia/Data_PT_V1/val/7qdu/seed_333/sample_1.pt	pre_refinement_aligned_rmsd_above_limit
val	7QDU	333	2	45.482566	30.000000	0.509285	/storage9920/home/tinghao.xia/Data_PT_V1/val/7qdu/seed_333/sample_2.pt	pre_refinement_aligned_rmsd_above_limit
val	7QDU	333	3	44.165901	30.000000	0.558120	/storage9920/home/tinghao.xia/Data_PT_V1/val/7qdu/seed_333/sample_3.pt	pre_refinement_aligned_rmsd_above_limit
val	7QDU	334	0	44.485514	30.000000	0.514815	/storage9920/home/tinghao.xia/Data_PT_V1/val/7qdu/seed_334/sample_0.pt	pre_refinement_aligned_rmsd_above_limit
val	7QDU	334	1	44.434200	30.000000	0.553179	/storage9920/home/tinghao.xia/Data_PT_V1/val/7qdu/seed_334/sample_1.pt	pre_refinement_aligned_rmsd_above_limit
val	7QDU	334	2	45.435375	30.000000	0.510614	/storage9920/home/tinghao.xia/Data_PT_V1/val/7qdu/seed_334/sample_2.pt	pre_refinement_aligned_rmsd_above_limit
val	7QDU	334	3	45.485128	30.000000	0.556878	/storage9920/home/tinghao.xia/Data_PT_V1/val/7qdu/seed_334/sample_3.pt	pre_refinement_aligned_rmsd_above_limit
val	7QDU	335	0	44.708176	30.000000	0.574743	/storage9920/home/tinghao.xia/Data_PT_V1/val/7qdu/seed_335/sample_0.pt	pre_refinement_aligned_rmsd_above_limit
val	7QDU	335	1	47.639736	30.000000	0.514361	/storage9920/home/tinghao.xia/Data_PT_V1/val/7qdu/seed_335/sample_1.pt	pre_refinement_aligned_rmsd_above_limit
val	7QDU	335	2	43.709230	30.000000	0.560763	/storage9920/home/tinghao.xia/Data_PT_V1/val/7qdu/seed_335/sample_2.pt	pre_refinement_aligned_rmsd_above_limit
val	7QDU	335	3	45.955925	30.000000	0.512292	/storage9920/home/tinghao.xia/Data_PT_V1/val/7qdu/seed_335/sample_3.pt	pre_refinement_aligned_rmsd_above_limit
val	7QDU	336	0	46.464271	30.000000	0.558669	/storage9920/home/tinghao.xia/Data_PT_V1/val/7qdu/seed_336/sample_0.pt	pre_refinement_aligned_rmsd_above_limit
val	7QDU	336	1	46.859189	30.000000	0.567685	/storage9920/home/tinghao.xia/Data_PT_V1/val/7qdu/seed_336/sample_1.pt	pre_refinement_aligned_rmsd_above_limit
val	7QDU	336	2	45.035493	30.000000	0.502279	/storage9920/home/tinghao.xia/Data_PT_V1/val/7qdu/seed_336/sample_2.pt	pre_refinement_aligned_rmsd_above_limit
val	7QDU	336	3	46.669262	30.000000	0.554478	/storage9920/home/tinghao.xia/Data_PT_V1/val/7qdu/seed_336/sample_3.pt	pre_refinement_aligned_rmsd_above_limit
val	7QDU	337	0	47.289515	30.000000	0.520643	/storage9920/home/tinghao.xia/Data_PT_V1/val/7qdu/seed_337/sample_0.pt	pre_refinement_aligned_rmsd_above_limit
val	7QDU	337	1	45.509669	30.000000	0.561961	/storage9920/home/tinghao.xia/Data_PT_V1/val/7qdu/seed_337/sample_1.pt	pre_refinement_aligned_rmsd_above_limit
val	7QDU	337	2	44.698437	30.000000	0.564253	/storage9920/home/tinghao.xia/Data_PT_V1/val/7qdu/seed_337/sample_2.pt	pre_refinement_aligned_rmsd_above_limit
val	7QDU	337	3	47.694027	30.000000	0.508051	/storage9920/home/tinghao.xia/Data_PT_V1/val/7qdu/seed_337/sample_3.pt	pre_refinement_aligned_rmsd_above_limit
val	7QDU	338	0	46.430618	30.000000	0.565921	/storage9920/home/tinghao.xia/Data_PT_V1/val/7qdu/seed_338/sample_0.pt	pre_refinement_aligned_rmsd_above_limit
val	7QDU	338	1	44.016938	30.000000	0.506106	/storage9920/home/tinghao.xia/Data_PT_V1/val/7qdu/seed_338/sample_1.pt	pre_refinement_aligned_rmsd_above_limit
val	7QDU	338	2	45.169878	30.000000	0.567316	/storage9920/home/tinghao.xia/Data_PT_V1/val/7qdu/seed_338/sample_2.pt	pre_refinement_aligned_rmsd_above_limit
val	7QDU	338	3	47.633342	30.000000	0.514331	/storage9920/home/tinghao.xia/Data_PT_V1/val/7qdu/seed_338/sample_3.pt	pre_refinement_aligned_rmsd_above_limit
val	7QDU	339	0	43.470238	30.000000	0.572458	/storage9920/home/tinghao.xia/Data_PT_V1/val/7qdu/seed_339/sample_0.pt	pre_refinement_aligned_rmsd_above_limit
val	7QDU	339	1	43.929641	30.000000	0.507643	/storage9920/home/tinghao.xia/Data_PT_V1/val/7qdu/seed_339/sample_1.pt	pre_refinement_aligned_rmsd_above_limit
val	7QDU	339	2	42.962261	30.000000	0.557697	/storage9920/home/tinghao.xia/Data_PT_V1/val/7qdu/seed_339/sample_2.pt	pre_refinement_aligned_rmsd_above_limit
val	7QDU	339	3	44.191693	30.000000	0.564262	/storage9920/home/tinghao.xia/Data_PT_V1/val/7qdu/seed_339/sample_3.pt	pre_refinement_aligned_rmsd_above_limit
val	7QDU	340	0	45.774346	30.000000	0.519189	/storage9920/home/tinghao.xia/Data_PT_V1/val/7qdu/seed_340/sample_0.pt	pre_refinement_aligned_rmsd_above_limit
val	7QDU	340	1	43.068688	30.000000	0.558902	/storage9920/home/tinghao.xia/Data_PT_V1/val/7qdu/seed_340/sample_1.pt	pre_refinement_aligned_rmsd_above_limit
val	7QDU	340	2	45.878287	30.000000	0.516475	/storage9920/home/tinghao.xia/Data_PT_V1/val/7qdu/seed_340/sample_2.pt	pre_refinement_aligned_rmsd_above_limit
val	7QDU	340	3	45.326349	30.000000	0.571009	/storage9920/home/tinghao.xia/Data_PT_V1/val/7qdu/seed_340/sample_3.pt	pre_refinement_aligned_rmsd_above_limit
val	7QDU	341	0	45.533242	30.000000	0.511158	/storage9920/home/tinghao.xia/Data_PT_V1/val/7qdu/seed_341/sample_0.pt	pre_refinement_aligned_rmsd_above_limit
val	7QDU	341	1	44.509548	30.000000	0.563313	/storage9920/home/tinghao.xia/Data_PT_V1/val/7qdu/seed_341/sample_1.pt	pre_refinement_aligned_rmsd_above_limit
val	7QDU	341	2	44.655202	30.000000	0.509208	/storage9920/home/tinghao.xia/Data_PT_V1/val/7qdu/seed_341/sample_2.pt	pre_refinement_aligned_rmsd_above_limit
val	7QDU	341	3	46.034996	30.000000	0.560002	/storage9920/home/tinghao.xia/Data_PT_V1/val/7qdu/seed_341/sample_3.pt	pre_refinement_aligned_rmsd_above_limit
val	7QDU	342	0	43.826015	30.000000	0.565629	/storage9920/home/tinghao.xia/Data_PT_V1/val/7qdu/seed_342/sample_0.pt	pre_refinement_aligned_rmsd_above_limit
val	7QDU	342	1	45.615869	30.000000	0.507442	/storage9920/home/tinghao.xia/Data_PT_V1/val/7qdu/seed_342/sample_1.pt	pre_refinement_aligned_rmsd_above_limit
val	7QDU	342	2	44.372040	30.000000	0.565021	/storage9920/home/tinghao.xia/Data_PT_V1/val/7qdu/seed_342/sample_2.pt	pre_refinement_aligned_rmsd_above_limit
val	7QDU	342	3	44.294736	30.000000	0.502073	/storage9920/home/tinghao.xia/Data_PT_V1/val/7qdu/seed_342/sample_3.pt	pre_refinement_aligned_rmsd_above_limit
val	7QDU	343	0	44.596203	30.000000	0.557975	/storage9920/home/tinghao.xia/Data_PT_V1/val/7qdu/seed_343/sample_0.pt	pre_refinement_aligned_rmsd_above_limit
val	7QDU	343	1	45.601235	30.000000	0.557202	/storage9920/home/tinghao.xia/Data_PT_V1/val/7qdu/seed_343/sample_1.pt	pre_refinement_aligned_rmsd_above_limit
val	7QDU	343	2	47.901917	30.000000	0.505883	/storage9920/home/tinghao.xia/Data_PT_V1/val/7qdu/seed_343/sample_2.pt	pre_refinement_aligned_rmsd_above_limit
val	7QDU	343	3	45.523118	30.000000	0.563216	/storage9920/home/tinghao.xia/Data_PT_V1/val/7qdu/seed_343/sample_3.pt	pre_refinement_aligned_rmsd_above_limit
val	7QDU	344	0	44.576250	30.000000	0.527062	/storage9920/home/tinghao.xia/Data_PT_V1/val/7qdu/seed_344/sample_0.pt	pre_refinement_aligned_rmsd_above_limit
val	7QDU	344	1	44.679960	30.000000	0.555235	/storage9920/home/tinghao.xia/Data_PT_V1/val/7qdu/seed_344/sample_1.pt	pre_refinement_aligned_rmsd_above_limit
val	7QDU	344	2	46.637770	30.000000	0.564692	/storage9920/home/tinghao.xia/Data_PT_V1/val/7qdu/seed_344/sample_2.pt	pre_refinement_aligned_rmsd_above_limit
val	7QDU	344	3	46.009378	30.000000	0.509313	/storage9920/home/tinghao.xia/Data_PT_V1/val/7qdu/seed_344/sample_3.pt	pre_refinement_aligned_rmsd_above_limit
val	7QDU	345	2	43.857253	30.000000	0.570608	/storage9920/home/tinghao.xia/Data_PT_V1/val/7qdu/seed_345/sample_2.pt	pre_refinement_aligned_rmsd_above_limit
val	7QDU	346	0	44.178962	30.000000	0.571040	/storage9920/home/tinghao.xia/Data_PT_V1/val/7qdu/seed_346/sample_0.pt	pre_refinement_aligned_rmsd_above_limit
val	7QDU	346	1	45.611249	30.000000	0.513678	/storage9920/home/tinghao.xia/Data_PT_V1/val/7qdu/seed_346/sample_1.pt	pre_refinement_aligned_rmsd_above_limit
val	7QDU	346	2	45.771297	30.000000	0.554356	/storage9920/home/tinghao.xia/Data_PT_V1/val/7qdu/seed_346/sample_2.pt	pre_refinement_aligned_rmsd_above_limit
val	7QDU	346	3	46.386725	30.000000	0.568016	/storage9920/home/tinghao.xia/Data_PT_V1/val/7qdu/seed_346/sample_3.pt	pre_refinement_aligned_rmsd_above_limit
val	7QDU	347	0	43.756875	30.000000	0.513966	/storage9920/home/tinghao.xia/Data_PT_V1/val/7qdu/seed_347/sample_0.pt	pre_refinement_aligned_rmsd_above_limit
val	7QDU	347	1	44.799021	30.000000	0.560755	/storage9920/home/tinghao.xia/Data_PT_V1/val/7qdu/seed_347/sample_1.pt	pre_refinement_aligned_rmsd_above_limit
val	7QDU	347	2	45.016437	30.000000	0.508122	/storage9920/home/tinghao.xia/Data_PT_V1/val/7qdu/seed_347/sample_2.pt	pre_refinement_aligned_rmsd_above_limit
val	7QDU	347	3	44.255916	30.000000	0.564063	/storage9920/home/tinghao.xia/Data_PT_V1/val/7qdu/seed_347/sample_3.pt	pre_refinement_aligned_rmsd_above_limit
val	7QDU	348	0	47.291014	30.000000	0.527988	/storage9920/home/tinghao.xia/Data_PT_V1/val/7qdu/seed_348/sample_0.pt	pre_refinement_aligned_rmsd_above_limit
val	7QDU	348	1	47.340657	30.000000	0.555617	/storage9920/home/tinghao.xia/Data_PT_V1/val/7qdu/seed_348/sample_1.pt	pre_refinement_aligned_rmsd_above_limit
val	7QDU	348	2	45.593898	30.000000	0.516199	/storage9920/home/tinghao.xia/Data_PT_V1/val/7qdu/seed_348/sample_2.pt	pre_refinement_aligned_rmsd_above_limit
val	7QDU	348	3	44.779919	30.000000	0.551527	/storage9920/home/tinghao.xia/Data_PT_V1/val/7qdu/seed_348/sample_3.pt	pre_refinement_aligned_rmsd_above_limit
val	7QDU	349	0	44.999319	30.000000	0.568316	/storage9920/home/tinghao.xia/Data_PT_V1/val/7qdu/seed_349/sample_0.pt	pre_refinement_aligned_rmsd_above_limit
val	7QDU	349	1	42.378619	30.000000	0.509609	/storage9920/home/tinghao.xia/Data_PT_V1/val/7qdu/seed_349/sample_1.pt	pre_refinement_aligned_rmsd_above_limit
val	7QDU	349	2	42.942396	30.000000	0.558716	/storage9920/home/tinghao.xia/Data_PT_V1/val/7qdu/seed_349/sample_2.pt	pre_refinement_aligned_rmsd_above_limit
val	7QDU	349	3	45.862727	30.000000	0.507112	/storage9920/home/tinghao.xia/Data_PT_V1/val/7qdu/seed_349/sample_3.pt	pre_refinement_aligned_rmsd_above_limit
val	7ZJ4	300	0	52.016870	30.000000	0.466708	/storage9920/home/tinghao.xia/Data_PT_V1/val/7zj4/seed_300/sample_0.pt	pre_refinement_aligned_rmsd_above_limit
val	7ZJ4	300	1	52.080410	30.000000	0.323303	/storage9920/home/tinghao.xia/Data_PT_V1/val/7zj4/seed_300/sample_1.pt	pre_refinement_aligned_rmsd_above_limit
val	7ZJ4	300	2	42.243516	30.000000	0.364894	/storage9920/home/tinghao.xia/Data_PT_V1/val/7zj4/seed_300/sample_2.pt	pre_refinement_aligned_rmsd_above_limit
val	7ZJ4	300	3	43.300692	30.000000	0.323154	/storage9920/home/tinghao.xia/Data_PT_V1/val/7zj4/seed_300/sample_3.pt	pre_refinement_aligned_rmsd_above_limit
val	7ZJ4	301	0	40.555268	30.000000	0.323420	/storage9920/home/tinghao.xia/Data_PT_V1/val/7zj4/seed_301/sample_0.pt	pre_refinement_aligned_rmsd_above_limit
val	7ZJ4	301	1	40.739985	30.000000	0.369679	/storage9920/home/tinghao.xia/Data_PT_V1/val/7zj4/seed_301/sample_1.pt	pre_refinement_aligned_rmsd_above_limit
val	7ZJ4	301	2	38.471032	30.000000	0.323847	/storage9920/home/tinghao.xia/Data_PT_V1/val/7zj4/seed_301/sample_2.pt	pre_refinement_aligned_rmsd_above_limit
val	7ZJ4	301	3	38.957486	30.000000	0.367787	/storage9920/home/tinghao.xia/Data_PT_V1/val/7zj4/seed_301/sample_3.pt	pre_refinement_aligned_rmsd_above_limit
val	7ZJ4	302	0	41.483100	30.000000	0.323343	/storage9920/home/tinghao.xia/Data_PT_V1/val/7zj4/seed_302/sample_0.pt	pre_refinement_aligned_rmsd_above_limit
val	7ZJ4	302	1	41.097207	30.000000	0.322939	/storage9920/home/tinghao.xia/Data_PT_V1/val/7zj4/seed_302/sample_1.pt	pre_refinement_aligned_rmsd_above_limit
val	7ZJ4	302	2	41.233104	30.000000	0.365486	/storage9920/home/tinghao.xia/Data_PT_V1/val/7zj4/seed_302/sample_2.pt	pre_refinement_aligned_rmsd_above_limit
val	7ZJ4	302	3	43.372951	30.000000	0.323035	/storage9920/home/tinghao.xia/Data_PT_V1/val/7zj4/seed_302/sample_3.pt	pre_refinement_aligned_rmsd_above_limit
val	7ZJ4	303	0	44.958904	30.000000	0.323625	/storage9920/home/tinghao.xia/Data_PT_V1/val/7zj4/seed_303/sample_0.pt	pre_refinement_aligned_rmsd_above_limit
val	7ZJ4	303	1	40.643960	30.000000	0.358340	/storage9920/home/tinghao.xia/Data_PT_V1/val/7zj4/seed_303/sample_1.pt	pre_refinement_aligned_rmsd_above_limit
val	7ZJ4	303	2	42.960290	30.000000	0.320392	/storage9920/home/tinghao.xia/Data_PT_V1/val/7zj4/seed_303/sample_2.pt	pre_refinement_aligned_rmsd_above_limit
val	7ZJ4	303	3	44.662641	30.000000	0.356180	/storage9920/home/tinghao.xia/Data_PT_V1/val/7zj4/seed_303/sample_3.pt	pre_refinement_aligned_rmsd_above_limit
val	7ZJ4	304	0	40.130206	30.000000	0.315255	/storage9920/home/tinghao.xia/Data_PT_V1/val/7zj4/seed_304/sample_0.pt	pre_refinement_aligned_rmsd_above_limit
val	7ZJ4	304	1	48.865730	30.000000	0.359567	/storage9920/home/tinghao.xia/Data_PT_V1/val/7zj4/seed_304/sample_1.pt	pre_refinement_aligned_rmsd_above_limit
val	7ZJ4	304	2	41.895809	30.000000	0.312191	/storage9920/home/tinghao.xia/Data_PT_V1/val/7zj4/seed_304/sample_2.pt	pre_refinement_aligned_rmsd_above_limit
val	7ZJ4	304	3	48.449138	30.000000	0.314856	/storage9920/home/tinghao.xia/Data_PT_V1/val/7zj4/seed_304/sample_3.pt	pre_refinement_aligned_rmsd_above_limit
val	7ZJ4	305	0	51.935656	30.000000	0.355680	/storage9920/home/tinghao.xia/Data_PT_V1/val/7zj4/seed_305/sample_0.pt	pre_refinement_aligned_rmsd_above_limit
val	7ZJ4	305	1	50.635526	30.000000	0.315310	/storage9920/home/tinghao.xia/Data_PT_V1/val/7zj4/seed_305/sample_1.pt	pre_refinement_aligned_rmsd_above_limit
val	7ZJ4	305	2	49.766092	30.000000	0.358407	/storage9920/home/tinghao.xia/Data_PT_V1/val/7zj4/seed_305/sample_2.pt	pre_refinement_aligned_rmsd_above_limit
val	7ZJ4	305	3	52.102513	30.000000	0.313452	/storage9920/home/tinghao.xia/Data_PT_V1/val/7zj4/seed_305/sample_3.pt	pre_refinement_aligned_rmsd_above_limit
val	7ZJ4	306	0	42.099155	30.000000	0.357175	/storage9920/home/tinghao.xia/Data_PT_V1/val/7zj4/seed_306/sample_0.pt	pre_refinement_aligned_rmsd_above_limit
val	7ZJ4	306	1	41.275432	30.000000	0.318633	/storage9920/home/tinghao.xia/Data_PT_V1/val/7zj4/seed_306/sample_1.pt	pre_refinement_aligned_rmsd_above_limit
val	7ZJ4	306	2	41.333346	30.000000	0.315248	/storage9920/home/tinghao.xia/Data_PT_V1/val/7zj4/seed_306/sample_2.pt	pre_refinement_aligned_rmsd_above_limit
val	7ZJ4	306	3	38.335660	30.000000	0.361503	/storage9920/home/tinghao.xia/Data_PT_V1/val/7zj4/seed_306/sample_3.pt	pre_refinement_aligned_rmsd_above_limit
val	7ZJ4	307	0	52.607568	30.000000	0.316486	/storage9920/home/tinghao.xia/Data_PT_V1/val/7zj4/seed_307/sample_0.pt	pre_refinement_aligned_rmsd_above_limit
val	7ZJ4	307	1	43.209408	30.000000	0.317348	/storage9920/home/tinghao.xia/Data_PT_V1/val/7zj4/seed_307/sample_1.pt	pre_refinement_aligned_rmsd_above_limit
val	7ZJ4	307	2	43.252640	30.000000	0.352954	/storage9920/home/tinghao.xia/Data_PT_V1/val/7zj4/seed_307/sample_2.pt	pre_refinement_aligned_rmsd_above_limit
val	7ZJ4	307	3	43.437463	30.000000	0.315961	/storage9920/home/tinghao.xia/Data_PT_V1/val/7zj4/seed_307/sample_3.pt	pre_refinement_aligned_rmsd_above_limit
val	7ZJ4	308	0	47.714197	30.000000	0.353912	/storage9920/home/tinghao.xia/Data_PT_V1/val/7zj4/seed_308/sample_0.pt	pre_refinement_aligned_rmsd_above_limit
val	7ZJ4	308	1	40.124849	30.000000	0.316682	/storage9920/home/tinghao.xia/Data_PT_V1/val/7zj4/seed_308/sample_1.pt	pre_refinement_aligned_rmsd_above_limit
val	7ZJ4	308	2	47.394187	30.000000	0.357349	/storage9920/home/tinghao.xia/Data_PT_V1/val/7zj4/seed_308/sample_2.pt	pre_refinement_aligned_rmsd_above_limit
val	7ZJ4	308	3	47.562517	30.000000	0.315100	/storage9920/home/tinghao.xia/Data_PT_V1/val/7zj4/seed_308/sample_3.pt	pre_refinement_aligned_rmsd_above_limit
val	7ZJ4	309	0	30.945659	30.000000	0.315351	/storage9920/home/tinghao.xia/Data_PT_V1/val/7zj4/seed_309/sample_0.pt	pre_refinement_aligned_rmsd_above_limit
val	7ZJ4	309	1	32.979235	30.000000	0.355714	/storage9920/home/tinghao.xia/Data_PT_V1/val/7zj4/seed_309/sample_1.pt	pre_refinement_aligned_rmsd_above_limit
val	7ZJ4	309	2	34.518828	30.000000	0.313563	/storage9920/home/tinghao.xia/Data_PT_V1/val/7zj4/seed_309/sample_2.pt	pre_refinement_aligned_rmsd_above_limit
val	7ZJ4	309	3	44.563598	30.000000	0.358591	/storage9920/home/tinghao.xia/Data_PT_V1/val/7zj4/seed_309/sample_3.pt	pre_refinement_aligned_rmsd_above_limit
val	7ZJ4	310	0	52.042391	30.000000	0.317675	/storage9920/home/tinghao.xia/Data_PT_V1/val/7zj4/seed_310/sample_0.pt	pre_refinement_aligned_rmsd_above_limit
val	7ZJ4	310	1	51.176692	30.000000	0.361447	/storage9920/home/tinghao.xia/Data_PT_V1/val/7zj4/seed_310/sample_1.pt	pre_refinement_aligned_rmsd_above_limit
val	7ZJ4	310	2	51.957748	30.000000	0.318829	/storage9920/home/tinghao.xia/Data_PT_V1/val/7zj4/seed_310/sample_2.pt	pre_refinement_aligned_rmsd_above_limit
val	7ZJ4	310	3	45.069566	30.000000	0.313400	/storage9920/home/tinghao.xia/Data_PT_V1/val/7zj4/seed_310/sample_3.pt	pre_refinement_aligned_rmsd_above_limit
val	7ZJ4	311	0	48.579361	30.000000	0.360199	/storage9920/home/tinghao.xia/Data_PT_V1/val/7zj4/seed_311/sample_0.pt	pre_refinement_aligned_rmsd_above_limit
val	7ZJ4	311	1	47.928867	30.000000	0.316199	/storage9920/home/tinghao.xia/Data_PT_V1/val/7zj4/seed_311/sample_1.pt	pre_refinement_aligned_rmsd_above_limit
val	7ZJ4	311	2	48.598485	30.000000	0.314747	/storage9920/home/tinghao.xia/Data_PT_V1/val/7zj4/seed_311/sample_2.pt	pre_refinement_aligned_rmsd_above_limit
val	7ZJ4	311	3	53.332526	30.000000	0.352634	/storage9920/home/tinghao.xia/Data_PT_V1/val/7zj4/seed_311/sample_3.pt	pre_refinement_aligned_rmsd_above_limit
val	7ZJ4	312	0	44.340702	30.000000	0.313745	/storage9920/home/tinghao.xia/Data_PT_V1/val/7zj4/seed_312/sample_0.pt	pre_refinement_aligned_rmsd_above_limit
val	7ZJ4	312	1	52.581479	30.000000	0.350735	/storage9920/home/tinghao.xia/Data_PT_V1/val/7zj4/seed_312/sample_1.pt	pre_refinement_aligned_rmsd_above_limit
val	7ZJ4	312	2	53.963532	30.000000	0.313964	/storage9920/home/tinghao.xia/Data_PT_V1/val/7zj4/seed_312/sample_2.pt	pre_refinement_aligned_rmsd_above_limit
val	7ZJ4	312	3	42.887921	30.000000	0.355609	/storage9920/home/tinghao.xia/Data_PT_V1/val/7zj4/seed_312/sample_3.pt	pre_refinement_aligned_rmsd_above_limit
val	7ZJ4	313	0	51.696237	30.000000	0.314069	/storage9920/home/tinghao.xia/Data_PT_V1/val/7zj4/seed_313/sample_0.pt	pre_refinement_aligned_rmsd_above_limit
val	7ZJ4	313	1	50.891969	30.000000	0.314732	/storage9920/home/tinghao.xia/Data_PT_V1/val/7zj4/seed_313/sample_1.pt	pre_refinement_aligned_rmsd_above_limit
val	7ZJ4	313	2	45.072544	30.000000	0.351275	/storage9920/home/tinghao.xia/Data_PT_V1/val/7zj4/seed_313/sample_2.pt	pre_refinement_aligned_rmsd_above_limit
val	7ZJ4	313	3	42.605497	30.000000	0.313322	/storage9920/home/tinghao.xia/Data_PT_V1/val/7zj4/seed_313/sample_3.pt	pre_refinement_aligned_rmsd_above_limit
val	7ZJ4	314	0	49.168579	30.000000	0.354701	/storage9920/home/tinghao.xia/Data_PT_V1/val/7zj4/seed_314/sample_0.pt	pre_refinement_aligned_rmsd_above_limit
val	7ZJ4	314	1	52.151944	30.000000	0.315598	/storage9920/home/tinghao.xia/Data_PT_V1/val/7zj4/seed_314/sample_1.pt	pre_refinement_aligned_rmsd_above_limit
val	7ZJ4	314	2	51.271162	30.000000	0.356649	/storage9920/home/tinghao.xia/Data_PT_V1/val/7zj4/seed_314/sample_2.pt	pre_refinement_aligned_rmsd_above_limit
val	7ZJ4	314	3	51.260554	30.000000	0.314856	/storage9920/home/tinghao.xia/Data_PT_V1/val/7zj4/seed_314/sample_3.pt	pre_refinement_aligned_rmsd_above_limit
val	7ZJ4	315	0	51.781302	30.000000	0.314860	/storage9920/home/tinghao.xia/Data_PT_V1/val/7zj4/seed_315/sample_0.pt	pre_refinement_aligned_rmsd_above_limit
val	7ZJ4	315	1	50.671609	30.000000	0.357364	/storage9920/home/tinghao.xia/Data_PT_V1/val/7zj4/seed_315/sample_1.pt	pre_refinement_aligned_rmsd_above_limit
val	7ZJ4	315	2	43.355972	30.000000	0.315701	/storage9920/home/tinghao.xia/Data_PT_V1/val/7zj4/seed_315/sample_2.pt	pre_refinement_aligned_rmsd_above_limit
val	7ZJ4	315	3	51.233582	30.000000	0.313620	/storage9920/home/tinghao.xia/Data_PT_V1/val/7zj4/seed_315/sample_3.pt	pre_refinement_aligned_rmsd_above_limit
val	7ZJ4	316	0	52.598001	30.000000	0.348866	/storage9920/home/tinghao.xia/Data_PT_V1/val/7zj4/seed_316/sample_0.pt	pre_refinement_aligned_rmsd_above_limit
val	7ZJ4	316	1	45.564349	30.000000	0.311190	/storage9920/home/tinghao.xia/Data_PT_V1/val/7zj4/seed_316/sample_1.pt	pre_refinement_aligned_rmsd_above_limit
val	7ZJ4	316	2	46.730204	30.000000	0.353480	/storage9920/home/tinghao.xia/Data_PT_V1/val/7zj4/seed_316/sample_2.pt	pre_refinement_aligned_rmsd_above_limit
val	7ZJ4	316	3	42.580770	30.000000	0.313749	/storage9920/home/tinghao.xia/Data_PT_V1/val/7zj4/seed_316/sample_3.pt	pre_refinement_aligned_rmsd_above_limit
val	7ZJ4	317	0	52.051173	30.000000	0.356757	/storage9920/home/tinghao.xia/Data_PT_V1/val/7zj4/seed_317/sample_0.pt	pre_refinement_aligned_rmsd_above_limit
val	7ZJ4	317	1	49.461766	30.000000	0.314876	/storage9920/home/tinghao.xia/Data_PT_V1/val/7zj4/seed_317/sample_1.pt	pre_refinement_aligned_rmsd_above_limit
val	7ZJ4	317	2	50.923297	30.000000	0.314182	/storage9920/home/tinghao.xia/Data_PT_V1/val/7zj4/seed_317/sample_2.pt	pre_refinement_aligned_rmsd_above_limit
val	7ZJ4	317	3	46.952853	30.000000	0.355107	/storage9920/home/tinghao.xia/Data_PT_V1/val/7zj4/seed_317/sample_3.pt	pre_refinement_aligned_rmsd_above_limit
val	7ZJ4	318	0	39.857064	30.000000	0.316825	/storage9920/home/tinghao.xia/Data_PT_V1/val/7zj4/seed_318/sample_0.pt	pre_refinement_aligned_rmsd_above_limit
val	7ZJ4	318	1	38.974901	30.000000	0.356315	/storage9920/home/tinghao.xia/Data_PT_V1/val/7zj4/seed_318/sample_1.pt	pre_refinement_aligned_rmsd_above_limit
val	7ZJ4	318	2	45.418297	30.000000	0.315534	/storage9920/home/tinghao.xia/Data_PT_V1/val/7zj4/seed_318/sample_2.pt	pre_refinement_aligned_rmsd_above_limit
val	7ZJ4	318	3	40.725045	30.000000	0.356928	/storage9920/home/tinghao.xia/Data_PT_V1/val/7zj4/seed_318/sample_3.pt	pre_refinement_aligned_rmsd_above_limit
val	7ZJ4	319	0	51.594725	30.000000	0.319260	/storage9920/home/tinghao.xia/Data_PT_V1/val/7zj4/seed_319/sample_0.pt	pre_refinement_aligned_rmsd_above_limit
val	7ZJ4	319	1	51.264565	30.000000	0.313070	/storage9920/home/tinghao.xia/Data_PT_V1/val/7zj4/seed_319/sample_1.pt	pre_refinement_aligned_rmsd_above_limit
val	7ZJ4	319	2	48.894547	30.000000	0.354968	/storage9920/home/tinghao.xia/Data_PT_V1/val/7zj4/seed_319/sample_2.pt	pre_refinement_aligned_rmsd_above_limit
val	7ZJ4	319	3	53.723536	30.000000	0.315058	/storage9920/home/tinghao.xia/Data_PT_V1/val/7zj4/seed_319/sample_3.pt	pre_refinement_aligned_rmsd_above_limit
val	7ZJ4	320	0	40.420170	30.000000	0.315086	/storage9920/home/tinghao.xia/Data_PT_V1/val/7zj4/seed_320/sample_0.pt	pre_refinement_aligned_rmsd_above_limit
val	7ZJ4	320	1	43.446062	30.000000	0.350494	/storage9920/home/tinghao.xia/Data_PT_V1/val/7zj4/seed_320/sample_1.pt	pre_refinement_aligned_rmsd_above_limit
val	7ZJ4	320	2	53.386819	30.000000	0.315144	/storage9920/home/tinghao.xia/Data_PT_V1/val/7zj4/seed_320/sample_2.pt	pre_refinement_aligned_rmsd_above_limit
val	7ZJ4	320	3	44.706139	30.000000	0.349345	/storage9920/home/tinghao.xia/Data_PT_V1/val/7zj4/seed_320/sample_3.pt	pre_refinement_aligned_rmsd_above_limit
val	7ZJ4	321	0	45.481001	30.000000	0.315718	/storage9920/home/tinghao.xia/Data_PT_V1/val/7zj4/seed_321/sample_0.pt	pre_refinement_aligned_rmsd_above_limit
val	7ZJ4	321	1	50.355949	30.000000	0.357047	/storage9920/home/tinghao.xia/Data_PT_V1/val/7zj4/seed_321/sample_1.pt	pre_refinement_aligned_rmsd_above_limit
val	7ZJ4	321	2	51.058091	30.000000	0.313556	/storage9920/home/tinghao.xia/Data_PT_V1/val/7zj4/seed_321/sample_2.pt	pre_refinement_aligned_rmsd_above_limit
val	7ZJ4	321	3	46.887930	30.000000	0.314058	/storage9920/home/tinghao.xia/Data_PT_V1/val/7zj4/seed_321/sample_3.pt	pre_refinement_aligned_rmsd_above_limit
val	7ZJ4	322	0	45.601634	30.000000	0.352228	/storage9920/home/tinghao.xia/Data_PT_V1/val/7zj4/seed_322/sample_0.pt	pre_refinement_aligned_rmsd_above_limit
val	7ZJ4	322	1	51.274170	30.000000	0.313241	/storage9920/home/tinghao.xia/Data_PT_V1/val/7zj4/seed_322/sample_1.pt	pre_refinement_aligned_rmsd_above_limit
val	7ZJ4	322	2	49.935576	30.000000	0.356880	/storage9920/home/tinghao.xia/Data_PT_V1/val/7zj4/seed_322/sample_2.pt	pre_refinement_aligned_rmsd_above_limit
val	7ZJ4	322	3	48.039367	30.000000	0.314157	/storage9920/home/tinghao.xia/Data_PT_V1/val/7zj4/seed_322/sample_3.pt	pre_refinement_aligned_rmsd_above_limit
val	7ZJ4	323	0	50.019054	30.000000	0.355428	/storage9920/home/tinghao.xia/Data_PT_V1/val/7zj4/seed_323/sample_0.pt	pre_refinement_aligned_rmsd_above_limit
val	7ZJ4	323	1	43.386338	30.000000	0.315043	/storage9920/home/tinghao.xia/Data_PT_V1/val/7zj4/seed_323/sample_1.pt	pre_refinement_aligned_rmsd_above_limit
val	7ZJ4	323	2	43.332947	30.000000	0.318363	/storage9920/home/tinghao.xia/Data_PT_V1/val/7zj4/seed_323/sample_2.pt	pre_refinement_aligned_rmsd_above_limit
val	7ZJ4	323	3	43.467027	30.000000	0.361182	/storage9920/home/tinghao.xia/Data_PT_V1/val/7zj4/seed_323/sample_3.pt	pre_refinement_aligned_rmsd_above_limit
val	7ZJ4	324	0	42.669571	30.000000	0.313933	/storage9920/home/tinghao.xia/Data_PT_V1/val/7zj4/seed_324/sample_0.pt	pre_refinement_aligned_rmsd_above_limit
val	7ZJ4	324	1	39.106760	30.000000	0.313507	/storage9920/home/tinghao.xia/Data_PT_V1/val/7zj4/seed_324/sample_1.pt	pre_refinement_aligned_rmsd_above_limit
val	7ZJ4	324	2	38.816750	30.000000	0.352489	/storage9920/home/tinghao.xia/Data_PT_V1/val/7zj4/seed_324/sample_2.pt	pre_refinement_aligned_rmsd_above_limit
val	7ZJ4	324	3	41.408264	30.000000	0.316470	/storage9920/home/tinghao.xia/Data_PT_V1/val/7zj4/seed_324/sample_3.pt	pre_refinement_aligned_rmsd_above_limit
val	7ZJ4	325	0	52.023798	30.000000	0.350409	/storage9920/home/tinghao.xia/Data_PT_V1/val/7zj4/seed_325/sample_0.pt	pre_refinement_aligned_rmsd_above_limit
val	7ZJ4	325	1	43.153750	30.000000	0.313835	/storage9920/home/tinghao.xia/Data_PT_V1/val/7zj4/seed_325/sample_1.pt	pre_refinement_aligned_rmsd_above_limit
val	7ZJ4	325	2	49.216905	30.000000	0.356614	/storage9920/home/tinghao.xia/Data_PT_V1/val/7zj4/seed_325/sample_2.pt	pre_refinement_aligned_rmsd_above_limit
val	7ZJ4	325	3	45.295052	30.000000	0.315445	/storage9920/home/tinghao.xia/Data_PT_V1/val/7zj4/seed_325/sample_3.pt	pre_refinement_aligned_rmsd_above_limit
val	7ZJ4	326	0	52.515528	30.000000	0.315822	/storage9920/home/tinghao.xia/Data_PT_V1/val/7zj4/seed_326/sample_0.pt	pre_refinement_aligned_rmsd_above_limit
val	7ZJ4	326	1	40.924260	30.000000	0.353414	/storage9920/home/tinghao.xia/Data_PT_V1/val/7zj4/seed_326/sample_1.pt	pre_refinement_aligned_rmsd_above_limit
val	7ZJ4	326	2	52.594023	30.000000	0.313082	/storage9920/home/tinghao.xia/Data_PT_V1/val/7zj4/seed_326/sample_2.pt	pre_refinement_aligned_rmsd_above_limit
val	7ZJ4	326	3	45.415177	30.000000	0.360484	/storage9920/home/tinghao.xia/Data_PT_V1/val/7zj4/seed_326/sample_3.pt	pre_refinement_aligned_rmsd_above_limit
val	7ZJ4	327	0	53.803152	30.000000	0.314727	/storage9920/home/tinghao.xia/Data_PT_V1/val/7zj4/seed_327/sample_0.pt	pre_refinement_aligned_rmsd_above_limit
val	7ZJ4	327	1	53.172082	30.000000	0.361166	/storage9920/home/tinghao.xia/Data_PT_V1/val/7zj4/seed_327/sample_1.pt	pre_refinement_aligned_rmsd_above_limit
val	7ZJ4	327	2	43.741328	30.000000	0.313605	/storage9920/home/tinghao.xia/Data_PT_V1/val/7zj4/seed_327/sample_2.pt	pre_refinement_aligned_rmsd_above_limit
val	7ZJ4	327	3	51.402411	30.000000	0.315179	/storage9920/home/tinghao.xia/Data_PT_V1/val/7zj4/seed_327/sample_3.pt	pre_refinement_aligned_rmsd_above_limit
val	7ZJ4	328	0	52.218580	30.000000	0.355132	/storage9920/home/tinghao.xia/Data_PT_V1/val/7zj4/seed_328/sample_0.pt	pre_refinement_aligned_rmsd_above_limit
val	7ZJ4	328	1	52.155990	30.000000	0.321681	/storage9920/home/tinghao.xia/Data_PT_V1/val/7zj4/seed_328/sample_1.pt	pre_refinement_aligned_rmsd_above_limit
val	7ZJ4	328	2	40.897818	30.000000	0.322195	/storage9920/home/tinghao.xia/Data_PT_V1/val/7zj4/seed_328/sample_2.pt	pre_refinement_aligned_rmsd_above_limit
val	7ZJ4	328	3	43.016618	30.000000	0.362304	/storage9920/home/tinghao.xia/Data_PT_V1/val/7zj4/seed_328/sample_3.pt	pre_refinement_aligned_rmsd_above_limit
val	7ZJ4	329	0	47.854796	30.000000	0.322594	/storage9920/home/tinghao.xia/Data_PT_V1/val/7zj4/seed_329/sample_0.pt	pre_refinement_aligned_rmsd_above_limit
val	7ZJ4	329	1	45.893608	30.000000	0.360923	/storage9920/home/tinghao.xia/Data_PT_V1/val/7zj4/seed_329/sample_1.pt	pre_refinement_aligned_rmsd_above_limit
val	7ZJ4	329	2	46.203304	30.000000	0.323307	/storage9920/home/tinghao.xia/Data_PT_V1/val/7zj4/seed_329/sample_2.pt	pre_refinement_aligned_rmsd_above_limit
val	7ZJ4	329	3	45.848401	30.000000	0.364131	/storage9920/home/tinghao.xia/Data_PT_V1/val/7zj4/seed_329/sample_3.pt	pre_refinement_aligned_rmsd_above_limit
val	7ZJ4	330	0	40.890115	30.000000	0.323649	/storage9920/home/tinghao.xia/Data_PT_V1/val/7zj4/seed_330/sample_0.pt	pre_refinement_aligned_rmsd_above_limit
val	7ZJ4	330	1	52.335493	30.000000	0.324811	/storage9920/home/tinghao.xia/Data_PT_V1/val/7zj4/seed_330/sample_1.pt	pre_refinement_aligned_rmsd_above_limit
val	7ZJ4	330	2	41.843076	30.000000	0.361549	/storage9920/home/tinghao.xia/Data_PT_V1/val/7zj4/seed_330/sample_2.pt	pre_refinement_aligned_rmsd_above_limit
val	7ZJ4	330	3	42.529492	30.000000	0.323255	/storage9920/home/tinghao.xia/Data_PT_V1/val/7zj4/seed_330/sample_3.pt	pre_refinement_aligned_rmsd_above_limit
val	7ZJ4	331	0	52.923094	30.000000	0.365887	/storage9920/home/tinghao.xia/Data_PT_V1/val/7zj4/seed_331/sample_0.pt	pre_refinement_aligned_rmsd_above_limit
val	7ZJ4	331	1	53.719277	30.000000	0.324262	/storage9920/home/tinghao.xia/Data_PT_V1/val/7zj4/seed_331/sample_1.pt	pre_refinement_aligned_rmsd_above_limit
val	7ZJ4	331	2	42.728736	30.000000	0.368813	/storage9920/home/tinghao.xia/Data_PT_V1/val/7zj4/seed_331/sample_2.pt	pre_refinement_aligned_rmsd_above_limit
val	7ZJ4	331	3	41.336014	30.000000	0.325554	/storage9920/home/tinghao.xia/Data_PT_V1/val/7zj4/seed_331/sample_3.pt	pre_refinement_aligned_rmsd_above_limit
val	7ZJ4	332	0	51.518661	30.000000	0.323096	/storage9920/home/tinghao.xia/Data_PT_V1/val/7zj4/seed_332/sample_0.pt	pre_refinement_aligned_rmsd_above_limit
val	7ZJ4	332	1	52.301964	30.000000	0.368287	/storage9920/home/tinghao.xia/Data_PT_V1/val/7zj4/seed_332/sample_1.pt	pre_refinement_aligned_rmsd_above_limit
val	7ZJ4	332	2	42.696961	30.000000	0.322928	/storage9920/home/tinghao.xia/Data_PT_V1/val/7zj4/seed_332/sample_2.pt	pre_refinement_aligned_rmsd_above_limit
val	7ZJ4	332	3	51.228255	30.000000	0.323536	/storage9920/home/tinghao.xia/Data_PT_V1/val/7zj4/seed_332/sample_3.pt	pre_refinement_aligned_rmsd_above_limit
val	7ZJ4	333	0	42.640828	30.000000	0.362478	/storage9920/home/tinghao.xia/Data_PT_V1/val/7zj4/seed_333/sample_0.pt	pre_refinement_aligned_rmsd_above_limit
val	7ZJ4	333	1	45.047411	30.000000	0.323886	/storage9920/home/tinghao.xia/Data_PT_V1/val/7zj4/seed_333/sample_1.pt	pre_refinement_aligned_rmsd_above_limit
val	7ZJ4	333	2	43.005922	30.000000	0.363053	/storage9920/home/tinghao.xia/Data_PT_V1/val/7zj4/seed_333/sample_2.pt	pre_refinement_aligned_rmsd_above_limit
val	7ZJ4	333	3	42.519138	30.000000	0.324518	/storage9920/home/tinghao.xia/Data_PT_V1/val/7zj4/seed_333/sample_3.pt	pre_refinement_aligned_rmsd_above_limit
val	7ZJ4	334	0	38.914453	30.000000	0.367458	/storage9920/home/tinghao.xia/Data_PT_V1/val/7zj4/seed_334/sample_0.pt	pre_refinement_aligned_rmsd_above_limit
val	7ZJ4	334	1	42.316729	30.000000	0.323272	/storage9920/home/tinghao.xia/Data_PT_V1/val/7zj4/seed_334/sample_1.pt	pre_refinement_aligned_rmsd_above_limit
val	7ZJ4	334	2	39.990648	30.000000	0.323246	/storage9920/home/tinghao.xia/Data_PT_V1/val/7zj4/seed_334/sample_2.pt	pre_refinement_aligned_rmsd_above_limit
val	7ZJ4	334	3	42.432483	30.000000	0.361289	/storage9920/home/tinghao.xia/Data_PT_V1/val/7zj4/seed_334/sample_3.pt	pre_refinement_aligned_rmsd_above_limit
val	7ZJ4	335	0	41.076450	30.000000	0.325389	/storage9920/home/tinghao.xia/Data_PT_V1/val/7zj4/seed_335/sample_0.pt	pre_refinement_aligned_rmsd_above_limit
val	7ZJ4	335	1	41.079504	30.000000	0.363824	/storage9920/home/tinghao.xia/Data_PT_V1/val/7zj4/seed_335/sample_1.pt	pre_refinement_aligned_rmsd_above_limit
val	7ZJ4	335	2	41.188498	30.000000	0.536632	/storage9920/home/tinghao.xia/Data_PT_V1/val/7zj4/seed_335/sample_2.pt	pre_refinement_aligned_rmsd_above_limit
val	7ZJ4	335	3	41.743515	30.000000	0.369739	/storage9920/home/tinghao.xia/Data_PT_V1/val/7zj4/seed_335/sample_3.pt	pre_refinement_aligned_rmsd_above_limit
val	7ZJ4	336	0	50.067980	30.000000	0.325155	/storage9920/home/tinghao.xia/Data_PT_V1/val/7zj4/seed_336/sample_0.pt	pre_refinement_aligned_rmsd_above_limit
val	7ZJ4	336	1	37.431045	30.000000	0.321307	/storage9920/home/tinghao.xia/Data_PT_V1/val/7zj4/seed_336/sample_1.pt	pre_refinement_aligned_rmsd_above_limit
val	7ZJ4	336	2	48.854104	30.000000	0.367213	/storage9920/home/tinghao.xia/Data_PT_V1/val/7zj4/seed_336/sample_2.pt	pre_refinement_aligned_rmsd_above_limit
val	7ZJ4	336	3	45.224027	30.000000	0.323374	/storage9920/home/tinghao.xia/Data_PT_V1/val/7zj4/seed_336/sample_3.pt	pre_refinement_aligned_rmsd_above_limit
val	7ZJ4	337	0	43.658760	30.000000	0.321696	/storage9920/home/tinghao.xia/Data_PT_V1/val/7zj4/seed_337/sample_0.pt	pre_refinement_aligned_rmsd_above_limit
val	7ZJ4	337	1	36.353449	30.000000	0.363389	/storage9920/home/tinghao.xia/Data_PT_V1/val/7zj4/seed_337/sample_1.pt	pre_refinement_aligned_rmsd_above_limit
val	7ZJ4	337	2	41.773948	30.000000	0.324355	/storage9920/home/tinghao.xia/Data_PT_V1/val/7zj4/seed_337/sample_2.pt	pre_refinement_aligned_rmsd_above_limit
val	7ZJ4	337	3	45.556765	30.000000	0.360458	/storage9920/home/tinghao.xia/Data_PT_V1/val/7zj4/seed_337/sample_3.pt	pre_refinement_aligned_rmsd_above_limit
val	7ZJ4	338	0	46.520866	30.000000	0.323001	/storage9920/home/tinghao.xia/Data_PT_V1/val/7zj4/seed_338/sample_0.pt	pre_refinement_aligned_rmsd_above_limit
val	7ZJ4	338	1	46.022351	30.000000	0.363370	/storage9920/home/tinghao.xia/Data_PT_V1/val/7zj4/seed_338/sample_1.pt	pre_refinement_aligned_rmsd_above_limit
val	7ZJ4	338	2	38.992844	30.000000	0.325830	/storage9920/home/tinghao.xia/Data_PT_V1/val/7zj4/seed_338/sample_2.pt	pre_refinement_aligned_rmsd_above_limit
val	7ZJ4	338	3	45.394193	30.000000	0.324381	/storage9920/home/tinghao.xia/Data_PT_V1/val/7zj4/seed_338/sample_3.pt	pre_refinement_aligned_rmsd_above_limit
val	7ZJ4	339	0	53.508792	30.000000	0.361895	/storage9920/home/tinghao.xia/Data_PT_V1/val/7zj4/seed_339/sample_0.pt	pre_refinement_aligned_rmsd_above_limit
val	7ZJ4	339	1	40.241426	30.000000	0.323992	/storage9920/home/tinghao.xia/Data_PT_V1/val/7zj4/seed_339/sample_1.pt	pre_refinement_aligned_rmsd_above_limit
val	7ZJ4	339	2	50.917532	30.000000	0.366632	/storage9920/home/tinghao.xia/Data_PT_V1/val/7zj4/seed_339/sample_2.pt	pre_refinement_aligned_rmsd_above_limit
val	7ZJ4	339	3	52.218233	30.000000	0.324492	/storage9920/home/tinghao.xia/Data_PT_V1/val/7zj4/seed_339/sample_3.pt	pre_refinement_aligned_rmsd_above_limit
val	7ZJ4	340	0	51.248017	30.000000	0.367028	/storage9920/home/tinghao.xia/Data_PT_V1/val/7zj4/seed_340/sample_0.pt	pre_refinement_aligned_rmsd_above_limit
val	7ZJ4	340	1	52.511507	30.000000	0.325404	/storage9920/home/tinghao.xia/Data_PT_V1/val/7zj4/seed_340/sample_1.pt	pre_refinement_aligned_rmsd_above_limit
val	7ZJ4	340	2	42.368418	30.000000	0.319573	/storage9920/home/tinghao.xia/Data_PT_V1/val/7zj4/seed_340/sample_2.pt	pre_refinement_aligned_rmsd_above_limit
val	7ZJ4	340	3	47.322787	30.000000	0.369745	/storage9920/home/tinghao.xia/Data_PT_V1/val/7zj4/seed_340/sample_3.pt	pre_refinement_aligned_rmsd_above_limit
val	7ZJ4	341	0	41.171963	30.000000	0.322154	/storage9920/home/tinghao.xia/Data_PT_V1/val/7zj4/seed_341/sample_0.pt	pre_refinement_aligned_rmsd_above_limit
val	7ZJ4	341	1	42.377545	30.000000	0.323661	/storage9920/home/tinghao.xia/Data_PT_V1/val/7zj4/seed_341/sample_1.pt	pre_refinement_aligned_rmsd_above_limit
val	7ZJ4	341	2	41.197343	30.000000	0.364554	/storage9920/home/tinghao.xia/Data_PT_V1/val/7zj4/seed_341/sample_2.pt	pre_refinement_aligned_rmsd_above_limit
val	7ZJ4	341	3	41.327556	30.000000	0.322480	/storage9920/home/tinghao.xia/Data_PT_V1/val/7zj4/seed_341/sample_3.pt	pre_refinement_aligned_rmsd_above_limit
val	7ZJ4	342	0	42.503847	30.000000	0.360870	/storage9920/home/tinghao.xia/Data_PT_V1/val/7zj4/seed_342/sample_0.pt	pre_refinement_aligned_rmsd_above_limit
val	7ZJ4	342	1	41.794751	30.000000	0.321521	/storage9920/home/tinghao.xia/Data_PT_V1/val/7zj4/seed_342/sample_1.pt	pre_refinement_aligned_rmsd_above_limit
val	7ZJ4	342	2	42.750281	30.000000	0.363119	/storage9920/home/tinghao.xia/Data_PT_V1/val/7zj4/seed_342/sample_2.pt	pre_refinement_aligned_rmsd_above_limit
val	7ZJ4	342	3	43.039176	30.000000	0.321798	/storage9920/home/tinghao.xia/Data_PT_V1/val/7zj4/seed_342/sample_3.pt	pre_refinement_aligned_rmsd_above_limit
val	7ZJ4	343	0	50.148487	30.000000	0.321651	/storage9920/home/tinghao.xia/Data_PT_V1/val/7zj4/seed_343/sample_0.pt	pre_refinement_aligned_rmsd_above_limit
val	7ZJ4	343	1	40.900163	30.000000	0.362876	/storage9920/home/tinghao.xia/Data_PT_V1/val/7zj4/seed_343/sample_1.pt	pre_refinement_aligned_rmsd_above_limit
val	7ZJ4	343	2	54.243057	30.000000	0.323192	/storage9920/home/tinghao.xia/Data_PT_V1/val/7zj4/seed_343/sample_2.pt	pre_refinement_aligned_rmsd_above_limit
val	7ZJ4	343	3	40.770974	30.000000	0.364995	/storage9920/home/tinghao.xia/Data_PT_V1/val/7zj4/seed_343/sample_3.pt	pre_refinement_aligned_rmsd_above_limit
val	7ZJ4	344	0	39.838051	30.000000	0.322177	/storage9920/home/tinghao.xia/Data_PT_V1/val/7zj4/seed_344/sample_0.pt	pre_refinement_aligned_rmsd_above_limit
val	7ZJ4	344	1	44.077966	30.000000	0.365393	/storage9920/home/tinghao.xia/Data_PT_V1/val/7zj4/seed_344/sample_1.pt	pre_refinement_aligned_rmsd_above_limit
val	7ZJ4	344	2	40.628592	30.000000	0.322285	/storage9920/home/tinghao.xia/Data_PT_V1/val/7zj4/seed_344/sample_2.pt	pre_refinement_aligned_rmsd_above_limit
val	7ZJ4	344	3	39.451925	30.000000	0.321933	/storage9920/home/tinghao.xia/Data_PT_V1/val/7zj4/seed_344/sample_3.pt	pre_refinement_aligned_rmsd_above_limit
val	7ZJ4	345	0	41.217372	30.000000	0.363492	/storage9920/home/tinghao.xia/Data_PT_V1/val/7zj4/seed_345/sample_0.pt	pre_refinement_aligned_rmsd_above_limit
val	7ZJ4	345	1	41.329597	30.000000	0.325223	/storage9920/home/tinghao.xia/Data_PT_V1/val/7zj4/seed_345/sample_1.pt	pre_refinement_aligned_rmsd_above_limit
val	7ZJ4	345	2	41.745131	30.000000	0.323917	/storage9920/home/tinghao.xia/Data_PT_V1/val/7zj4/seed_345/sample_2.pt	pre_refinement_aligned_rmsd_above_limit
val	7ZJ4	345	3	41.602904	30.000000	0.365085	/storage9920/home/tinghao.xia/Data_PT_V1/val/7zj4/seed_345/sample_3.pt	pre_refinement_aligned_rmsd_above_limit
val	7ZJ4	346	0	52.296804	30.000000	0.322627	/storage9920/home/tinghao.xia/Data_PT_V1/val/7zj4/seed_346/sample_0.pt	pre_refinement_aligned_rmsd_above_limit
val	7ZJ4	346	1	45.547316	30.000000	0.362261	/storage9920/home/tinghao.xia/Data_PT_V1/val/7zj4/seed_346/sample_1.pt	pre_refinement_aligned_rmsd_above_limit
val	7ZJ4	346	2	53.089368	30.000000	0.324144	/storage9920/home/tinghao.xia/Data_PT_V1/val/7zj4/seed_346/sample_2.pt	pre_refinement_aligned_rmsd_above_limit
val	7ZJ4	346	3	46.234969	30.000000	0.365132	/storage9920/home/tinghao.xia/Data_PT_V1/val/7zj4/seed_346/sample_3.pt	pre_refinement_aligned_rmsd_above_limit
val	7ZJ4	347	0	51.509670	30.000000	0.324752	/storage9920/home/tinghao.xia/Data_PT_V1/val/7zj4/seed_347/sample_0.pt	pre_refinement_aligned_rmsd_above_limit
val	7ZJ4	347	1	49.609147	30.000000	0.323507	/storage9920/home/tinghao.xia/Data_PT_V1/val/7zj4/seed_347/sample_1.pt	pre_refinement_aligned_rmsd_above_limit
val	7ZJ4	347	2	46.313840	30.000000	0.363430	/storage9920/home/tinghao.xia/Data_PT_V1/val/7zj4/seed_347/sample_2.pt	pre_refinement_aligned_rmsd_above_limit
val	7ZJ4	347	3	51.346885	30.000000	0.325526	/storage9920/home/tinghao.xia/Data_PT_V1/val/7zj4/seed_347/sample_3.pt	pre_refinement_aligned_rmsd_above_limit
val	7ZJ4	348	0	41.662832	30.000000	0.369636	/storage9920/home/tinghao.xia/Data_PT_V1/val/7zj4/seed_348/sample_0.pt	pre_refinement_aligned_rmsd_above_limit
val	7ZJ4	348	1	41.825848	30.000000	0.324365	/storage9920/home/tinghao.xia/Data_PT_V1/val/7zj4/seed_348/sample_1.pt	pre_refinement_aligned_rmsd_above_limit
val	7ZJ4	348	2	48.150742	30.000000	0.369298	/storage9920/home/tinghao.xia/Data_PT_V1/val/7zj4/seed_348/sample_2.pt	pre_refinement_aligned_rmsd_above_limit
val	7ZJ4	348	3	38.283318	30.000000	0.323821	/storage9920/home/tinghao.xia/Data_PT_V1/val/7zj4/seed_348/sample_3.pt	pre_refinement_aligned_rmsd_above_limit
val	7ZJ4	349	0	42.947053	30.000000	0.323757	/storage9920/home/tinghao.xia/Data_PT_V1/val/7zj4/seed_349/sample_0.pt	pre_refinement_aligned_rmsd_above_limit
val	7ZJ4	349	1	54.138985	30.000000	0.363420	/storage9920/home/tinghao.xia/Data_PT_V1/val/7zj4/seed_349/sample_1.pt	pre_refinement_aligned_rmsd_above_limit
val	7ZJ4	349	2	51.903600	30.000000	0.323700	/storage9920/home/tinghao.xia/Data_PT_V1/val/7zj4/seed_349/sample_2.pt	pre_refinement_aligned_rmsd_above_limit
val	7ZJ4	349	3	43.982197	30.000000	0.323475	/storage9920/home/tinghao.xia/Data_PT_V1/val/7zj4/seed_349/sample_3.pt	pre_refinement_aligned_rmsd_above_limit
val	7ZJ5	300	0	46.274916	30.000000	0.440089	/storage9920/home/tinghao.xia/Data_PT_V1/val/7zj5/seed_300/sample_0.pt	pre_refinement_aligned_rmsd_above_limit
val	7ZJ5	300	1	42.885514	30.000000	0.343732	/storage9920/home/tinghao.xia/Data_PT_V1/val/7zj5/seed_300/sample_1.pt	pre_refinement_aligned_rmsd_above_limit
val	7ZJ5	300	2	42.983657	30.000000	0.299818	/storage9920/home/tinghao.xia/Data_PT_V1/val/7zj5/seed_300/sample_2.pt	pre_refinement_aligned_rmsd_above_limit
val	7ZJ5	300	3	45.805222	30.000000	0.300007	/storage9920/home/tinghao.xia/Data_PT_V1/val/7zj5/seed_300/sample_3.pt	pre_refinement_aligned_rmsd_above_limit
val	7ZJ5	301	0	41.264214	30.000000	0.341275	/storage9920/home/tinghao.xia/Data_PT_V1/val/7zj5/seed_301/sample_0.pt	pre_refinement_aligned_rmsd_above_limit
val	7ZJ5	301	1	45.527259	30.000000	0.301207	/storage9920/home/tinghao.xia/Data_PT_V1/val/7zj5/seed_301/sample_1.pt	pre_refinement_aligned_rmsd_above_limit
val	7ZJ5	301	2	35.213566	30.000000	0.339579	/storage9920/home/tinghao.xia/Data_PT_V1/val/7zj5/seed_301/sample_2.pt	pre_refinement_aligned_rmsd_above_limit
val	7ZJ5	301	3	41.054487	30.000000	0.298328	/storage9920/home/tinghao.xia/Data_PT_V1/val/7zj5/seed_301/sample_3.pt	pre_refinement_aligned_rmsd_above_limit
val	7ZJ5	302	0	42.427957	30.000000	0.300838	/storage9920/home/tinghao.xia/Data_PT_V1/val/7zj5/seed_302/sample_0.pt	pre_refinement_aligned_rmsd_above_limit
val	7ZJ5	302	1	43.170294	30.000000	0.338451	/storage9920/home/tinghao.xia/Data_PT_V1/val/7zj5/seed_302/sample_1.pt	pre_refinement_aligned_rmsd_above_limit
val	7ZJ5	302	2	43.262110	30.000000	0.300397	/storage9920/home/tinghao.xia/Data_PT_V1/val/7zj5/seed_302/sample_2.pt	pre_refinement_aligned_rmsd_above_limit
val	7ZJ5	302	3	40.397382	30.000000	0.341945	/storage9920/home/tinghao.xia/Data_PT_V1/val/7zj5/seed_302/sample_3.pt	pre_refinement_aligned_rmsd_above_limit
val	7ZJ5	303	0	42.666738	30.000000	0.302763	/storage9920/home/tinghao.xia/Data_PT_V1/val/7zj5/seed_303/sample_0.pt	pre_refinement_aligned_rmsd_above_limit
val	7ZJ5	303	1	44.740927	30.000000	0.301917	/storage9920/home/tinghao.xia/Data_PT_V1/val/7zj5/seed_303/sample_1.pt	pre_refinement_aligned_rmsd_above_limit
val	7ZJ5	303	2	39.087570	30.000000	0.341687	/storage9920/home/tinghao.xia/Data_PT_V1/val/7zj5/seed_303/sample_2.pt	pre_refinement_aligned_rmsd_above_limit
val	7ZJ5	303	3	42.326004	30.000000	0.300900	/storage9920/home/tinghao.xia/Data_PT_V1/val/7zj5/seed_303/sample_3.pt	pre_refinement_aligned_rmsd_above_limit
val	7ZJ5	304	0	38.869564	30.000000	0.342642	/storage9920/home/tinghao.xia/Data_PT_V1/val/7zj5/seed_304/sample_0.pt	pre_refinement_aligned_rmsd_above_limit
val	7ZJ5	304	1	40.425214	30.000000	0.300533	/storage9920/home/tinghao.xia/Data_PT_V1/val/7zj5/seed_304/sample_1.pt	pre_refinement_aligned_rmsd_above_limit
val	7ZJ5	304	2	40.929797	30.000000	0.300068	/storage9920/home/tinghao.xia/Data_PT_V1/val/7zj5/seed_304/sample_2.pt	pre_refinement_aligned_rmsd_above_limit
val	7ZJ5	304	3	38.807412	30.000000	0.339514	/storage9920/home/tinghao.xia/Data_PT_V1/val/7zj5/seed_304/sample_3.pt	pre_refinement_aligned_rmsd_above_limit
val	7ZJ5	305	0	42.871142	30.000000	0.300677	/storage9920/home/tinghao.xia/Data_PT_V1/val/7zj5/seed_305/sample_0.pt	pre_refinement_aligned_rmsd_above_limit
val	7ZJ5	305	1	42.165305	30.000000	0.341977	/storage9920/home/tinghao.xia/Data_PT_V1/val/7zj5/seed_305/sample_1.pt	pre_refinement_aligned_rmsd_above_limit
val	7ZJ5	305	2	38.936736	30.000000	0.300829	/storage9920/home/tinghao.xia/Data_PT_V1/val/7zj5/seed_305/sample_2.pt	pre_refinement_aligned_rmsd_above_limit
val	7ZJ5	305	3	45.814653	30.000000	0.300933	/storage9920/home/tinghao.xia/Data_PT_V1/val/7zj5/seed_305/sample_3.pt	pre_refinement_aligned_rmsd_above_limit
val	7ZJ5	306	0	36.163094	30.000000	0.337550	/storage9920/home/tinghao.xia/Data_PT_V1/val/7zj5/seed_306/sample_0.pt	pre_refinement_aligned_rmsd_above_limit
val	7ZJ5	306	1	33.790226	30.000000	0.301315	/storage9920/home/tinghao.xia/Data_PT_V1/val/7zj5/seed_306/sample_1.pt	pre_refinement_aligned_rmsd_above_limit
val	7ZJ5	306	2	47.250630	30.000000	0.342891	/storage9920/home/tinghao.xia/Data_PT_V1/val/7zj5/seed_306/sample_2.pt	pre_refinement_aligned_rmsd_above_limit
val	7ZJ5	306	3	42.179801	30.000000	0.301382	/storage9920/home/tinghao.xia/Data_PT_V1/val/7zj5/seed_306/sample_3.pt	pre_refinement_aligned_rmsd_above_limit
val	7ZJ5	307	0	39.158208	30.000000	0.342321	/storage9920/home/tinghao.xia/Data_PT_V1/val/7zj5/seed_307/sample_0.pt	pre_refinement_aligned_rmsd_above_limit
val	7ZJ5	307	1	45.625144	30.000000	0.301523	/storage9920/home/tinghao.xia/Data_PT_V1/val/7zj5/seed_307/sample_1.pt	pre_refinement_aligned_rmsd_above_limit
val	7ZJ5	307	2	44.280773	30.000000	0.299993	/storage9920/home/tinghao.xia/Data_PT_V1/val/7zj5/seed_307/sample_2.pt	pre_refinement_aligned_rmsd_above_limit
val	7ZJ5	307	3	43.481487	30.000000	0.342008	/storage9920/home/tinghao.xia/Data_PT_V1/val/7zj5/seed_307/sample_3.pt	pre_refinement_aligned_rmsd_above_limit
val	7ZJ5	308	0	50.441551	30.000000	0.301497	/storage9920/home/tinghao.xia/Data_PT_V1/val/7zj5/seed_308/sample_0.pt	pre_refinement_aligned_rmsd_above_limit
val	7ZJ5	308	1	42.574998	30.000000	0.343180	/storage9920/home/tinghao.xia/Data_PT_V1/val/7zj5/seed_308/sample_1.pt	pre_refinement_aligned_rmsd_above_limit
val	7ZJ5	308	2	41.438612	30.000000	0.299675	/storage9920/home/tinghao.xia/Data_PT_V1/val/7zj5/seed_308/sample_2.pt	pre_refinement_aligned_rmsd_above_limit
val	7ZJ5	308	3	36.610802	30.000000	0.300756	/storage9920/home/tinghao.xia/Data_PT_V1/val/7zj5/seed_308/sample_3.pt	pre_refinement_aligned_rmsd_above_limit
val	7ZJ5	309	0	42.933518	30.000000	0.341815	/storage9920/home/tinghao.xia/Data_PT_V1/val/7zj5/seed_309/sample_0.pt	pre_refinement_aligned_rmsd_above_limit
val	7ZJ5	309	1	41.889951	30.000000	0.302218	/storage9920/home/tinghao.xia/Data_PT_V1/val/7zj5/seed_309/sample_1.pt	pre_refinement_aligned_rmsd_above_limit
val	7ZJ5	309	2	38.732720	30.000000	0.341256	/storage9920/home/tinghao.xia/Data_PT_V1/val/7zj5/seed_309/sample_2.pt	pre_refinement_aligned_rmsd_above_limit
val	7ZJ5	309	3	40.989196	30.000000	0.301916	/storage9920/home/tinghao.xia/Data_PT_V1/val/7zj5/seed_309/sample_3.pt	pre_refinement_aligned_rmsd_above_limit
val	7ZJ5	310	0	42.457511	30.000000	0.302750	/storage9920/home/tinghao.xia/Data_PT_V1/val/7zj5/seed_310/sample_0.pt	pre_refinement_aligned_rmsd_above_limit
val	7ZJ5	310	1	40.183528	30.000000	0.338859	/storage9920/home/tinghao.xia/Data_PT_V1/val/7zj5/seed_310/sample_1.pt	pre_refinement_aligned_rmsd_above_limit
val	7ZJ5	310	2	43.306266	30.000000	0.300638	/storage9920/home/tinghao.xia/Data_PT_V1/val/7zj5/seed_310/sample_2.pt	pre_refinement_aligned_rmsd_above_limit
val	7ZJ5	310	3	46.938977	30.000000	0.343919	/storage9920/home/tinghao.xia/Data_PT_V1/val/7zj5/seed_310/sample_3.pt	pre_refinement_aligned_rmsd_above_limit
val	7ZJ5	311	0	42.151580	30.000000	0.326911	/storage9920/home/tinghao.xia/Data_PT_V1/val/7zj5/seed_311/sample_0.pt	pre_refinement_aligned_rmsd_above_limit
val	7ZJ5	311	1	41.996964	30.000000	0.342403	/storage9920/home/tinghao.xia/Data_PT_V1/val/7zj5/seed_311/sample_1.pt	pre_refinement_aligned_rmsd_above_limit
val	7ZJ5	311	2	38.107018	30.000000	0.300805	/storage9920/home/tinghao.xia/Data_PT_V1/val/7zj5/seed_311/sample_2.pt	pre_refinement_aligned_rmsd_above_limit
val	7ZJ5	311	3	35.469024	30.000000	0.306358	/storage9920/home/tinghao.xia/Data_PT_V1/val/7zj5/seed_311/sample_3.pt	pre_refinement_aligned_rmsd_above_limit
val	7ZJ5	312	0	44.512521	30.000000	0.343467	/storage9920/home/tinghao.xia/Data_PT_V1/val/7zj5/seed_312/sample_0.pt	pre_refinement_aligned_rmsd_above_limit
val	7ZJ5	312	1	43.412083	30.000000	0.300289	/storage9920/home/tinghao.xia/Data_PT_V1/val/7zj5/seed_312/sample_1.pt	pre_refinement_aligned_rmsd_above_limit
val	7ZJ5	312	2	41.827263	30.000000	0.354757	/storage9920/home/tinghao.xia/Data_PT_V1/val/7zj5/seed_312/sample_2.pt	pre_refinement_aligned_rmsd_above_limit
val	7ZJ5	312	3	44.747959	30.000000	0.300074	/storage9920/home/tinghao.xia/Data_PT_V1/val/7zj5/seed_312/sample_3.pt	pre_refinement_aligned_rmsd_above_limit
val	7ZJ5	313	0	43.047239	30.000000	0.301773	/storage9920/home/tinghao.xia/Data_PT_V1/val/7zj5/seed_313/sample_0.pt	pre_refinement_aligned_rmsd_above_limit
val	7ZJ5	313	1	50.729647	30.000000	0.339686	/storage9920/home/tinghao.xia/Data_PT_V1/val/7zj5/seed_313/sample_1.pt	pre_refinement_aligned_rmsd_above_limit
val	7ZJ5	313	2	43.658997	30.000000	0.300663	/storage9920/home/tinghao.xia/Data_PT_V1/val/7zj5/seed_313/sample_2.pt	pre_refinement_aligned_rmsd_above_limit
val	7ZJ5	313	3	45.707490	30.000000	0.341769	/storage9920/home/tinghao.xia/Data_PT_V1/val/7zj5/seed_313/sample_3.pt	pre_refinement_aligned_rmsd_above_limit
val	7ZJ5	314	0	51.233941	30.000000	0.300442	/storage9920/home/tinghao.xia/Data_PT_V1/val/7zj5/seed_314/sample_0.pt	pre_refinement_aligned_rmsd_above_limit
val	7ZJ5	314	1	52.818746	30.000000	0.302274	/storage9920/home/tinghao.xia/Data_PT_V1/val/7zj5/seed_314/sample_1.pt	pre_refinement_aligned_rmsd_above_limit
val	7ZJ5	314	2	42.926710	30.000000	0.339802	/storage9920/home/tinghao.xia/Data_PT_V1/val/7zj5/seed_314/sample_2.pt	pre_refinement_aligned_rmsd_above_limit
val	7ZJ5	314	3	45.138808	30.000000	0.300855	/storage9920/home/tinghao.xia/Data_PT_V1/val/7zj5/seed_314/sample_3.pt	pre_refinement_aligned_rmsd_above_limit
val	7ZJ5	315	0	45.976117	30.000000	0.343734	/storage9920/home/tinghao.xia/Data_PT_V1/val/7zj5/seed_315/sample_0.pt	pre_refinement_aligned_rmsd_above_limit
val	7ZJ5	315	1	44.546716	30.000000	0.301395	/storage9920/home/tinghao.xia/Data_PT_V1/val/7zj5/seed_315/sample_1.pt	pre_refinement_aligned_rmsd_above_limit
val	7ZJ5	315	2	43.479081	30.000000	0.342212	/storage9920/home/tinghao.xia/Data_PT_V1/val/7zj5/seed_315/sample_2.pt	pre_refinement_aligned_rmsd_above_limit
val	7ZJ5	315	3	46.669621	30.000000	0.301047	/storage9920/home/tinghao.xia/Data_PT_V1/val/7zj5/seed_315/sample_3.pt	pre_refinement_aligned_rmsd_above_limit
val	7ZJ5	316	0	43.852110	30.000000	0.301951	/storage9920/home/tinghao.xia/Data_PT_V1/val/7zj5/seed_316/sample_0.pt	pre_refinement_aligned_rmsd_above_limit
val	7ZJ5	316	1	42.718179	30.000000	0.342770	/storage9920/home/tinghao.xia/Data_PT_V1/val/7zj5/seed_316/sample_1.pt	pre_refinement_aligned_rmsd_above_limit
val	7ZJ5	316	2	44.598096	30.000000	0.301301	/storage9920/home/tinghao.xia/Data_PT_V1/val/7zj5/seed_316/sample_2.pt	pre_refinement_aligned_rmsd_above_limit
val	7ZJ5	316	3	45.510293	30.000000	0.342888	/storage9920/home/tinghao.xia/Data_PT_V1/val/7zj5/seed_316/sample_3.pt	pre_refinement_aligned_rmsd_above_limit
val	7ZJ5	317	0	42.316511	30.000000	0.300998	/storage9920/home/tinghao.xia/Data_PT_V1/val/7zj5/seed_317/sample_0.pt	pre_refinement_aligned_rmsd_above_limit
val	7ZJ5	317	1	41.639436	30.000000	0.302993	/storage9920/home/tinghao.xia/Data_PT_V1/val/7zj5/seed_317/sample_1.pt	pre_refinement_aligned_rmsd_above_limit
val	7ZJ5	317	2	42.899409	30.000000	0.336631	/storage9920/home/tinghao.xia/Data_PT_V1/val/7zj5/seed_317/sample_2.pt	pre_refinement_aligned_rmsd_above_limit
val	7ZJ5	317	3	42.214147	30.000000	0.299934	/storage9920/home/tinghao.xia/Data_PT_V1/val/7zj5/seed_317/sample_3.pt	pre_refinement_aligned_rmsd_above_limit
val	7ZJ5	318	0	42.516498	30.000000	0.348852	/storage9920/home/tinghao.xia/Data_PT_V1/val/7zj5/seed_318/sample_0.pt	pre_refinement_aligned_rmsd_above_limit
val	7ZJ5	318	1	42.783596	30.000000	0.304147	/storage9920/home/tinghao.xia/Data_PT_V1/val/7zj5/seed_318/sample_1.pt	pre_refinement_aligned_rmsd_above_limit
val	7ZJ5	318	2	42.065227	30.000000	0.300720	/storage9920/home/tinghao.xia/Data_PT_V1/val/7zj5/seed_318/sample_2.pt	pre_refinement_aligned_rmsd_above_limit
val	7ZJ5	318	3	40.361655	30.000000	0.342510	/storage9920/home/tinghao.xia/Data_PT_V1/val/7zj5/seed_318/sample_3.pt	pre_refinement_aligned_rmsd_above_limit
val	7ZJ5	319	0	52.076092	30.000000	0.301998	/storage9920/home/tinghao.xia/Data_PT_V1/val/7zj5/seed_319/sample_0.pt	pre_refinement_aligned_rmsd_above_limit
val	7ZJ5	319	1	42.764166	30.000000	0.342468	/storage9920/home/tinghao.xia/Data_PT_V1/val/7zj5/seed_319/sample_1.pt	pre_refinement_aligned_rmsd_above_limit
val	7ZJ5	319	2	44.524985	30.000000	0.300967	/storage9920/home/tinghao.xia/Data_PT_V1/val/7zj5/seed_319/sample_2.pt	pre_refinement_aligned_rmsd_above_limit
val	7ZJ5	319	3	45.647255	30.000000	0.343486	/storage9920/home/tinghao.xia/Data_PT_V1/val/7zj5/seed_319/sample_3.pt	pre_refinement_aligned_rmsd_above_limit
val	7ZJ5	320	0	48.870541	30.000000	0.302221	/storage9920/home/tinghao.xia/Data_PT_V1/val/7zj5/seed_320/sample_0.pt	pre_refinement_aligned_rmsd_above_limit
val	7ZJ5	320	1	42.154940	30.000000	0.301418	/storage9920/home/tinghao.xia/Data_PT_V1/val/7zj5/seed_320/sample_1.pt	pre_refinement_aligned_rmsd_above_limit
val	7ZJ5	320	2	44.390726	30.000000	0.341253	/storage9920/home/tinghao.xia/Data_PT_V1/val/7zj5/seed_320/sample_2.pt	pre_refinement_aligned_rmsd_above_limit
val	7ZJ5	320	3	41.841558	30.000000	0.300442	/storage9920/home/tinghao.xia/Data_PT_V1/val/7zj5/seed_320/sample_3.pt	pre_refinement_aligned_rmsd_above_limit
val	7ZJ5	321	0	40.174005	30.000000	0.343620	/storage9920/home/tinghao.xia/Data_PT_V1/val/7zj5/seed_321/sample_0.pt	pre_refinement_aligned_rmsd_above_limit
val	7ZJ5	321	1	40.932366	30.000000	0.303121	/storage9920/home/tinghao.xia/Data_PT_V1/val/7zj5/seed_321/sample_1.pt	pre_refinement_aligned_rmsd_above_limit
val	7ZJ5	321	2	41.607295	30.000000	0.300582	/storage9920/home/tinghao.xia/Data_PT_V1/val/7zj5/seed_321/sample_2.pt	pre_refinement_aligned_rmsd_above_limit
val	7ZJ5	321	3	43.627987	30.000000	0.338489	/storage9920/home/tinghao.xia/Data_PT_V1/val/7zj5/seed_321/sample_3.pt	pre_refinement_aligned_rmsd_above_limit
val	7ZJ5	322	0	45.533333	30.000000	0.301922	/storage9920/home/tinghao.xia/Data_PT_V1/val/7zj5/seed_322/sample_0.pt	pre_refinement_aligned_rmsd_above_limit
val	7ZJ5	322	1	44.640050	30.000000	0.344648	/storage9920/home/tinghao.xia/Data_PT_V1/val/7zj5/seed_322/sample_1.pt	pre_refinement_aligned_rmsd_above_limit
val	7ZJ5	322	2	53.794047	30.000000	0.292500	/storage9920/home/tinghao.xia/Data_PT_V1/val/7zj5/seed_322/sample_2.pt	pre_refinement_aligned_rmsd_above_limit
val	7ZJ5	322	3	41.403770	30.000000	0.289903	/storage9920/home/tinghao.xia/Data_PT_V1/val/7zj5/seed_322/sample_3.pt	pre_refinement_aligned_rmsd_above_limit
val	7ZJ5	323	0	43.925097	30.000000	0.329881	/storage9920/home/tinghao.xia/Data_PT_V1/val/7zj5/seed_323/sample_0.pt	pre_refinement_aligned_rmsd_above_limit
val	7ZJ5	323	1	43.461398	30.000000	0.293537	/storage9920/home/tinghao.xia/Data_PT_V1/val/7zj5/seed_323/sample_1.pt	pre_refinement_aligned_rmsd_above_limit
val	7ZJ5	323	2	40.935666	30.000000	0.332238	/storage9920/home/tinghao.xia/Data_PT_V1/val/7zj5/seed_323/sample_2.pt	pre_refinement_aligned_rmsd_above_limit
val	7ZJ5	323	3	43.232907	30.000000	0.292438	/storage9920/home/tinghao.xia/Data_PT_V1/val/7zj5/seed_323/sample_3.pt	pre_refinement_aligned_rmsd_above_limit
val	7ZJ5	324	0	44.482259	30.000000	0.343680	/storage9920/home/tinghao.xia/Data_PT_V1/val/7zj5/seed_324/sample_0.pt	pre_refinement_aligned_rmsd_above_limit
val	7ZJ5	324	1	42.484720	30.000000	0.302306	/storage9920/home/tinghao.xia/Data_PT_V1/val/7zj5/seed_324/sample_1.pt	pre_refinement_aligned_rmsd_above_limit
val	7ZJ5	324	2	42.723281	30.000000	0.299007	/storage9920/home/tinghao.xia/Data_PT_V1/val/7zj5/seed_324/sample_2.pt	pre_refinement_aligned_rmsd_above_limit
val	7ZJ5	324	3	32.373751	30.000000	0.342754	/storage9920/home/tinghao.xia/Data_PT_V1/val/7zj5/seed_324/sample_3.pt	pre_refinement_aligned_rmsd_above_limit
val	7ZJ5	325	0	43.206461	30.000000	0.302087	/storage9920/home/tinghao.xia/Data_PT_V1/val/7zj5/seed_325/sample_0.pt	pre_refinement_aligned_rmsd_above_limit
val	7ZJ5	325	1	40.948521	30.000000	0.344384	/storage9920/home/tinghao.xia/Data_PT_V1/val/7zj5/seed_325/sample_1.pt	pre_refinement_aligned_rmsd_above_limit
val	7ZJ5	325	2	48.578909	30.000000	0.301199	/storage9920/home/tinghao.xia/Data_PT_V1/val/7zj5/seed_325/sample_2.pt	pre_refinement_aligned_rmsd_above_limit
val	7ZJ5	325	3	46.405908	30.000000	0.300113	/storage9920/home/tinghao.xia/Data_PT_V1/val/7zj5/seed_325/sample_3.pt	pre_refinement_aligned_rmsd_above_limit
val	7ZJ5	326	0	42.683242	30.000000	0.339699	/storage9920/home/tinghao.xia/Data_PT_V1/val/7zj5/seed_326/sample_0.pt	pre_refinement_aligned_rmsd_above_limit
val	7ZJ5	326	1	43.296018	30.000000	0.300589	/storage9920/home/tinghao.xia/Data_PT_V1/val/7zj5/seed_326/sample_1.pt	pre_refinement_aligned_rmsd_above_limit
val	7ZJ5	326	2	45.168571	30.000000	0.344432	/storage9920/home/tinghao.xia/Data_PT_V1/val/7zj5/seed_326/sample_2.pt	pre_refinement_aligned_rmsd_above_limit
val	7ZJ5	326	3	48.205936	30.000000	0.301993	/storage9920/home/tinghao.xia/Data_PT_V1/val/7zj5/seed_326/sample_3.pt	pre_refinement_aligned_rmsd_above_limit
val	7ZJ5	327	0	41.229234	30.000000	0.303786	/storage9920/home/tinghao.xia/Data_PT_V1/val/7zj5/seed_327/sample_0.pt	pre_refinement_aligned_rmsd_above_limit
val	7ZJ5	327	1	45.510867	30.000000	0.339048	/storage9920/home/tinghao.xia/Data_PT_V1/val/7zj5/seed_327/sample_1.pt	pre_refinement_aligned_rmsd_above_limit
val	7ZJ5	327	2	43.797510	30.000000	0.299410	/storage9920/home/tinghao.xia/Data_PT_V1/val/7zj5/seed_327/sample_2.pt	pre_refinement_aligned_rmsd_above_limit
val	7ZJ5	327	3	53.686574	30.000000	0.342105	/storage9920/home/tinghao.xia/Data_PT_V1/val/7zj5/seed_327/sample_3.pt	pre_refinement_aligned_rmsd_above_limit
val	7ZJ5	328	0	44.864871	30.000000	0.302863	/storage9920/home/tinghao.xia/Data_PT_V1/val/7zj5/seed_328/sample_0.pt	pre_refinement_aligned_rmsd_above_limit
val	7ZJ5	328	1	43.601759	30.000000	0.343233	/storage9920/home/tinghao.xia/Data_PT_V1/val/7zj5/seed_328/sample_1.pt	pre_refinement_aligned_rmsd_above_limit
val	7ZJ5	328	2	44.207668	30.000000	0.300934	/storage9920/home/tinghao.xia/Data_PT_V1/val/7zj5/seed_328/sample_2.pt	pre_refinement_aligned_rmsd_above_limit
val	7ZJ5	328	3	46.814907	30.000000	0.301027	/storage9920/home/tinghao.xia/Data_PT_V1/val/7zj5/seed_328/sample_3.pt	pre_refinement_aligned_rmsd_above_limit
val	7ZJ5	329	0	39.416478	30.000000	0.340964	/storage9920/home/tinghao.xia/Data_PT_V1/val/7zj5/seed_329/sample_0.pt	pre_refinement_aligned_rmsd_above_limit
val	7ZJ5	329	1	40.933032	30.000000	0.301409	/storage9920/home/tinghao.xia/Data_PT_V1/val/7zj5/seed_329/sample_1.pt	pre_refinement_aligned_rmsd_above_limit
val	7ZJ5	329	2	41.555049	30.000000	0.344452	/storage9920/home/tinghao.xia/Data_PT_V1/val/7zj5/seed_329/sample_2.pt	pre_refinement_aligned_rmsd_above_limit
val	7ZJ5	329	3	42.187758	30.000000	0.302914	/storage9920/home/tinghao.xia/Data_PT_V1/val/7zj5/seed_329/sample_3.pt	pre_refinement_aligned_rmsd_above_limit
val	7ZJ5	330	0	42.138114	30.000000	0.301622	/storage9920/home/tinghao.xia/Data_PT_V1/val/7zj5/seed_330/sample_0.pt	pre_refinement_aligned_rmsd_above_limit
val	7ZJ5	330	1	49.398849	30.000000	0.339718	/storage9920/home/tinghao.xia/Data_PT_V1/val/7zj5/seed_330/sample_1.pt	pre_refinement_aligned_rmsd_above_limit
val	7ZJ5	330	2	37.701541	30.000000	0.301022	/storage9920/home/tinghao.xia/Data_PT_V1/val/7zj5/seed_330/sample_2.pt	pre_refinement_aligned_rmsd_above_limit
val	7ZJ5	330	3	44.935164	30.000000	0.343189	/storage9920/home/tinghao.xia/Data_PT_V1/val/7zj5/seed_330/sample_3.pt	pre_refinement_aligned_rmsd_above_limit
val	7ZJ5	331	0	42.977448	30.000000	0.302077	/storage9920/home/tinghao.xia/Data_PT_V1/val/7zj5/seed_331/sample_0.pt	pre_refinement_aligned_rmsd_above_limit
val	7ZJ5	331	1	42.301271	30.000000	0.301353	/storage9920/home/tinghao.xia/Data_PT_V1/val/7zj5/seed_331/sample_1.pt	pre_refinement_aligned_rmsd_above_limit
val	7ZJ5	331	2	43.718115	30.000000	0.341865	/storage9920/home/tinghao.xia/Data_PT_V1/val/7zj5/seed_331/sample_2.pt	pre_refinement_aligned_rmsd_above_limit
val	7ZJ5	331	3	48.693345	30.000000	0.303687	/storage9920/home/tinghao.xia/Data_PT_V1/val/7zj5/seed_331/sample_3.pt	pre_refinement_aligned_rmsd_above_limit
val	7ZJ5	332	0	40.326267	30.000000	0.344077	/storage9920/home/tinghao.xia/Data_PT_V1/val/7zj5/seed_332/sample_0.pt	pre_refinement_aligned_rmsd_above_limit
val	7ZJ5	332	1	40.558740	30.000000	0.305237	/storage9920/home/tinghao.xia/Data_PT_V1/val/7zj5/seed_332/sample_1.pt	pre_refinement_aligned_rmsd_above_limit
val	7ZJ5	332	2	38.238516	30.000000	0.350232	/storage9920/home/tinghao.xia/Data_PT_V1/val/7zj5/seed_332/sample_2.pt	pre_refinement_aligned_rmsd_above_limit
val	7ZJ5	332	3	40.895800	30.000000	0.303826	/storage9920/home/tinghao.xia/Data_PT_V1/val/7zj5/seed_332/sample_3.pt	pre_refinement_aligned_rmsd_above_limit
val	7ZJ5	333	0	36.696477	30.000000	0.306427	/storage9920/home/tinghao.xia/Data_PT_V1/val/7zj5/seed_333/sample_0.pt	pre_refinement_aligned_rmsd_above_limit
val	7ZJ5	333	1	36.998942	30.000000	0.344089	/storage9920/home/tinghao.xia/Data_PT_V1/val/7zj5/seed_333/sample_1.pt	pre_refinement_aligned_rmsd_above_limit
val	7ZJ5	333	2	35.814609	30.000000	0.302429	/storage9920/home/tinghao.xia/Data_PT_V1/val/7zj5/seed_333/sample_2.pt	pre_refinement_aligned_rmsd_above_limit
val	7ZJ5	333	3	39.614303	30.000000	0.347747	/storage9920/home/tinghao.xia/Data_PT_V1/val/7zj5/seed_333/sample_3.pt	pre_refinement_aligned_rmsd_above_limit
val	7ZJ5	334	0	37.127811	30.000000	0.306146	/storage9920/home/tinghao.xia/Data_PT_V1/val/7zj5/seed_334/sample_0.pt	pre_refinement_aligned_rmsd_above_limit
val	7ZJ5	334	1	45.397121	30.000000	0.305237	/storage9920/home/tinghao.xia/Data_PT_V1/val/7zj5/seed_334/sample_1.pt	pre_refinement_aligned_rmsd_above_limit
val	7ZJ5	334	2	47.791352	30.000000	0.345296	/storage9920/home/tinghao.xia/Data_PT_V1/val/7zj5/seed_334/sample_2.pt	pre_refinement_aligned_rmsd_above_limit
val	7ZJ5	334	3	31.361657	30.000000	0.313590	/storage9920/home/tinghao.xia/Data_PT_V1/val/7zj5/seed_334/sample_3.pt	pre_refinement_aligned_rmsd_above_limit
val	7ZJ5	335	0	42.906124	30.000000	0.345237	/storage9920/home/tinghao.xia/Data_PT_V1/val/7zj5/seed_335/sample_0.pt	pre_refinement_aligned_rmsd_above_limit
val	7ZJ5	335	1	43.333418	30.000000	0.303816	/storage9920/home/tinghao.xia/Data_PT_V1/val/7zj5/seed_335/sample_1.pt	pre_refinement_aligned_rmsd_above_limit
val	7ZJ5	335	2	43.122486	30.000000	0.301073	/storage9920/home/tinghao.xia/Data_PT_V1/val/7zj5/seed_335/sample_2.pt	pre_refinement_aligned_rmsd_above_limit
val	7ZJ5	335	3	42.403932	30.000000	0.349001	/storage9920/home/tinghao.xia/Data_PT_V1/val/7zj5/seed_335/sample_3.pt	pre_refinement_aligned_rmsd_above_limit
val	7ZJ5	336	0	41.457539	30.000000	0.307186	/storage9920/home/tinghao.xia/Data_PT_V1/val/7zj5/seed_336/sample_0.pt	pre_refinement_aligned_rmsd_above_limit
val	7ZJ5	336	1	40.709483	30.000000	0.343876	/storage9920/home/tinghao.xia/Data_PT_V1/val/7zj5/seed_336/sample_1.pt	pre_refinement_aligned_rmsd_above_limit
val	7ZJ5	336	2	42.314484	30.000000	0.303172	/storage9920/home/tinghao.xia/Data_PT_V1/val/7zj5/seed_336/sample_2.pt	pre_refinement_aligned_rmsd_above_limit
val	7ZJ5	336	3	45.217602	30.000000	0.346397	/storage9920/home/tinghao.xia/Data_PT_V1/val/7zj5/seed_336/sample_3.pt	pre_refinement_aligned_rmsd_above_limit
val	7ZJ5	337	0	43.277214	30.000000	0.307157	/storage9920/home/tinghao.xia/Data_PT_V1/val/7zj5/seed_337/sample_0.pt	pre_refinement_aligned_rmsd_above_limit
val	7ZJ5	337	1	41.692488	30.000000	0.302057	/storage9920/home/tinghao.xia/Data_PT_V1/val/7zj5/seed_337/sample_1.pt	pre_refinement_aligned_rmsd_above_limit
val	7ZJ5	337	2	40.548725	30.000000	0.348018	/storage9920/home/tinghao.xia/Data_PT_V1/val/7zj5/seed_337/sample_2.pt	pre_refinement_aligned_rmsd_above_limit
val	7ZJ5	337	3	34.524609	30.000000	0.303314	/storage9920/home/tinghao.xia/Data_PT_V1/val/7zj5/seed_337/sample_3.pt	pre_refinement_aligned_rmsd_above_limit
val	7ZJ5	338	0	36.440409	30.000000	0.346212	/storage9920/home/tinghao.xia/Data_PT_V1/val/7zj5/seed_338/sample_0.pt	pre_refinement_aligned_rmsd_above_limit
val	7ZJ5	338	1	37.416501	30.000000	0.304267	/storage9920/home/tinghao.xia/Data_PT_V1/val/7zj5/seed_338/sample_1.pt	pre_refinement_aligned_rmsd_above_limit
val	7ZJ5	338	2	43.430230	30.000000	0.311346	/storage9920/home/tinghao.xia/Data_PT_V1/val/7zj5/seed_338/sample_2.pt	pre_refinement_aligned_rmsd_above_limit
val	7ZJ5	338	3	38.371790	30.000000	0.342656	/storage9920/home/tinghao.xia/Data_PT_V1/val/7zj5/seed_338/sample_3.pt	pre_refinement_aligned_rmsd_above_limit
val	7ZJ5	339	0	38.511375	30.000000	0.306215	/storage9920/home/tinghao.xia/Data_PT_V1/val/7zj5/seed_339/sample_0.pt	pre_refinement_aligned_rmsd_above_limit
val	7ZJ5	339	1	32.424354	30.000000	0.350706	/storage9920/home/tinghao.xia/Data_PT_V1/val/7zj5/seed_339/sample_1.pt	pre_refinement_aligned_rmsd_above_limit
val	7ZJ5	339	2	31.475478	30.000000	0.307285	/storage9920/home/tinghao.xia/Data_PT_V1/val/7zj5/seed_339/sample_2.pt	pre_refinement_aligned_rmsd_above_limit
val	7ZJ5	339	3	32.373818	30.000000	0.307811	/storage9920/home/tinghao.xia/Data_PT_V1/val/7zj5/seed_339/sample_3.pt	pre_refinement_aligned_rmsd_above_limit
val	7ZJ5	340	0	43.102278	30.000000	0.345156	/storage9920/home/tinghao.xia/Data_PT_V1/val/7zj5/seed_340/sample_0.pt	pre_refinement_aligned_rmsd_above_limit
val	7ZJ5	340	1	42.873946	30.000000	0.310896	/storage9920/home/tinghao.xia/Data_PT_V1/val/7zj5/seed_340/sample_1.pt	pre_refinement_aligned_rmsd_above_limit
val	7ZJ5	340	2	40.915178	30.000000	0.346243	/storage9920/home/tinghao.xia/Data_PT_V1/val/7zj5/seed_340/sample_2.pt	pre_refinement_aligned_rmsd_above_limit
val	7ZJ5	340	3	50.616684	30.000000	0.300858	/storage9920/home/tinghao.xia/Data_PT_V1/val/7zj5/seed_340/sample_3.pt	pre_refinement_aligned_rmsd_above_limit
val	7ZJ5	341	0	40.730902	30.000000	0.343995	/storage9920/home/tinghao.xia/Data_PT_V1/val/7zj5/seed_341/sample_0.pt	pre_refinement_aligned_rmsd_above_limit
val	7ZJ5	341	1	40.349040	30.000000	0.306536	/storage9920/home/tinghao.xia/Data_PT_V1/val/7zj5/seed_341/sample_1.pt	pre_refinement_aligned_rmsd_above_limit
val	7ZJ5	341	2	42.720809	30.000000	0.310049	/storage9920/home/tinghao.xia/Data_PT_V1/val/7zj5/seed_341/sample_2.pt	pre_refinement_aligned_rmsd_above_limit
val	7ZJ5	341	3	48.701719	30.000000	0.348034	/storage9920/home/tinghao.xia/Data_PT_V1/val/7zj5/seed_341/sample_3.pt	pre_refinement_aligned_rmsd_above_limit
val	7ZJ5	342	0	39.186984	30.000000	0.308695	/storage9920/home/tinghao.xia/Data_PT_V1/val/7zj5/seed_342/sample_0.pt	pre_refinement_aligned_rmsd_above_limit
val	7ZJ5	342	1	32.776980	30.000000	0.355675	/storage9920/home/tinghao.xia/Data_PT_V1/val/7zj5/seed_342/sample_1.pt	pre_refinement_aligned_rmsd_above_limit
val	7ZJ5	342	2	34.764873	30.000000	0.304473	/storage9920/home/tinghao.xia/Data_PT_V1/val/7zj5/seed_342/sample_2.pt	pre_refinement_aligned_rmsd_above_limit
val	7ZJ5	342	3	45.112288	30.000000	0.305307	/storage9920/home/tinghao.xia/Data_PT_V1/val/7zj5/seed_342/sample_3.pt	pre_refinement_aligned_rmsd_above_limit
val	7ZJ5	343	0	36.599291	30.000000	0.346553	/storage9920/home/tinghao.xia/Data_PT_V1/val/7zj5/seed_343/sample_0.pt	pre_refinement_aligned_rmsd_above_limit
val	7ZJ5	343	1	41.700154	30.000000	0.305973	/storage9920/home/tinghao.xia/Data_PT_V1/val/7zj5/seed_343/sample_1.pt	pre_refinement_aligned_rmsd_above_limit
val	7ZJ5	343	2	42.592184	30.000000	0.342466	/storage9920/home/tinghao.xia/Data_PT_V1/val/7zj5/seed_343/sample_2.pt	pre_refinement_aligned_rmsd_above_limit
val	7ZJ5	343	3	38.520217	30.000000	0.306616	/storage9920/home/tinghao.xia/Data_PT_V1/val/7zj5/seed_343/sample_3.pt	pre_refinement_aligned_rmsd_above_limit
val	7ZJ5	344	0	41.982027	30.000000	0.315401	/storage9920/home/tinghao.xia/Data_PT_V1/val/7zj5/seed_344/sample_0.pt	pre_refinement_aligned_rmsd_above_limit
val	7ZJ5	344	1	32.825891	30.000000	0.349454	/storage9920/home/tinghao.xia/Data_PT_V1/val/7zj5/seed_344/sample_1.pt	pre_refinement_aligned_rmsd_above_limit
val	7ZJ5	344	2	32.660019	30.000000	0.302707	/storage9920/home/tinghao.xia/Data_PT_V1/val/7zj5/seed_344/sample_2.pt	pre_refinement_aligned_rmsd_above_limit
val	7ZJ5	344	3	32.983570	30.000000	0.343217	/storage9920/home/tinghao.xia/Data_PT_V1/val/7zj5/seed_344/sample_3.pt	pre_refinement_aligned_rmsd_above_limit
val	7ZJ5	345	0	41.287620	30.000000	0.302782	/storage9920/home/tinghao.xia/Data_PT_V1/val/7zj5/seed_345/sample_0.pt	pre_refinement_aligned_rmsd_above_limit
val	7ZJ5	345	1	44.327125	30.000000	0.345679	/storage9920/home/tinghao.xia/Data_PT_V1/val/7zj5/seed_345/sample_1.pt	pre_refinement_aligned_rmsd_above_limit
val	7ZJ5	345	2	42.997983	30.000000	0.300219	/storage9920/home/tinghao.xia/Data_PT_V1/val/7zj5/seed_345/sample_2.pt	pre_refinement_aligned_rmsd_above_limit
val	7ZJ5	345	3	55.407988	30.000000	0.304726	/storage9920/home/tinghao.xia/Data_PT_V1/val/7zj5/seed_345/sample_3.pt	pre_refinement_aligned_rmsd_above_limit
val	7ZJ5	346	0	51.641646	30.000000	0.348743	/storage9920/home/tinghao.xia/Data_PT_V1/val/7zj5/seed_346/sample_0.pt	pre_refinement_aligned_rmsd_above_limit
val	7ZJ5	346	1	47.912115	30.000000	0.307605	/storage9920/home/tinghao.xia/Data_PT_V1/val/7zj5/seed_346/sample_1.pt	pre_refinement_aligned_rmsd_above_limit
val	7ZJ5	346	2	44.545861	30.000000	0.348212	/storage9920/home/tinghao.xia/Data_PT_V1/val/7zj5/seed_346/sample_2.pt	pre_refinement_aligned_rmsd_above_limit
val	7ZJ5	346	3	43.378347	30.000000	0.302057	/storage9920/home/tinghao.xia/Data_PT_V1/val/7zj5/seed_346/sample_3.pt	pre_refinement_aligned_rmsd_above_limit
val	7ZJ5	347	0	42.838961	30.000000	0.308435	/storage9920/home/tinghao.xia/Data_PT_V1/val/7zj5/seed_347/sample_0.pt	pre_refinement_aligned_rmsd_above_limit
val	7ZJ5	347	1	41.239703	30.000000	0.341526	/storage9920/home/tinghao.xia/Data_PT_V1/val/7zj5/seed_347/sample_1.pt	pre_refinement_aligned_rmsd_above_limit
val	7ZJ5	347	2	45.105280	30.000000	0.304963	/storage9920/home/tinghao.xia/Data_PT_V1/val/7zj5/seed_347/sample_2.pt	pre_refinement_aligned_rmsd_above_limit
val	7ZJ5	347	3	47.443518	30.000000	0.350507	/storage9920/home/tinghao.xia/Data_PT_V1/val/7zj5/seed_347/sample_3.pt	pre_refinement_aligned_rmsd_above_limit
val	7ZJ5	348	0	37.321413	30.000000	0.306714	/storage9920/home/tinghao.xia/Data_PT_V1/val/7zj5/seed_348/sample_0.pt	pre_refinement_aligned_rmsd_above_limit
val	7ZJ5	348	1	36.432439	30.000000	0.307214	/storage9920/home/tinghao.xia/Data_PT_V1/val/7zj5/seed_348/sample_1.pt	pre_refinement_aligned_rmsd_above_limit
val	7ZJ5	348	2	39.993226	30.000000	0.341468	/storage9920/home/tinghao.xia/Data_PT_V1/val/7zj5/seed_348/sample_2.pt	pre_refinement_aligned_rmsd_above_limit
val	7ZJ5	348	3	36.060869	30.000000	0.314046	/storage9920/home/tinghao.xia/Data_PT_V1/val/7zj5/seed_348/sample_3.pt	pre_refinement_aligned_rmsd_above_limit
val	7ZJ5	349	0	42.648389	30.000000	0.350023	/storage9920/home/tinghao.xia/Data_PT_V1/val/7zj5/seed_349/sample_0.pt	pre_refinement_aligned_rmsd_above_limit
val	7ZJ5	349	1	42.227767	30.000000	0.309356	/storage9920/home/tinghao.xia/Data_PT_V1/val/7zj5/seed_349/sample_1.pt	pre_refinement_aligned_rmsd_above_limit
val	7ZJ5	349	2	44.273744	30.000000	0.344256	/storage9920/home/tinghao.xia/Data_PT_V1/val/7zj5/seed_349/sample_2.pt	pre_refinement_aligned_rmsd_above_limit
val	7ZJ5	349	3	41.626327	30.000000	0.306417	/storage9920/home/tinghao.xia/Data_PT_V1/val/7zj5/seed_349/sample_3.pt	pre_refinement_aligned_rmsd_above_limit
val	8UYE	302	0	31.770345	30.000000	0.115001	/storage9920/home/tinghao.xia/Data_PT_V1/val/8uye/seed_302/sample_0.pt	pre_refinement_aligned_rmsd_above_limit
val	8UYE	302	1	30.797360	30.000000	0.104261	/storage9920/home/tinghao.xia/Data_PT_V1/val/8uye/seed_302/sample_1.pt	pre_refinement_aligned_rmsd_above_limit
val	8UYE	305	0	31.242521	30.000000	0.106483	/storage9920/home/tinghao.xia/Data_PT_V1/val/8uye/seed_305/sample_0.pt	pre_refinement_aligned_rmsd_above_limit
val	8UYE	305	1	31.336464	30.000000	0.099411	/storage9920/home/tinghao.xia/Data_PT_V1/val/8uye/seed_305/sample_1.pt	pre_refinement_aligned_rmsd_above_limit
val	8UYE	305	2	30.158294	30.000000	0.100856	/storage9920/home/tinghao.xia/Data_PT_V1/val/8uye/seed_305/sample_2.pt	pre_refinement_aligned_rmsd_above_limit
val	8UYE	305	3	30.958069	30.000000	0.098922	/storage9920/home/tinghao.xia/Data_PT_V1/val/8uye/seed_305/sample_3.pt	pre_refinement_aligned_rmsd_above_limit
val	8UYE	311	1	30.978078	30.000000	0.104069	/storage9920/home/tinghao.xia/Data_PT_V1/val/8uye/seed_311/sample_1.pt	pre_refinement_aligned_rmsd_above_limit
val	8UYE	311	2	30.677882	30.000000	0.137349	/storage9920/home/tinghao.xia/Data_PT_V1/val/8uye/seed_311/sample_2.pt	pre_refinement_aligned_rmsd_above_limit
val	8UYE	315	0	30.731835	30.000000	0.105680	/storage9920/home/tinghao.xia/Data_PT_V1/val/8uye/seed_315/sample_0.pt	pre_refinement_aligned_rmsd_above_limit
val	8UYE	315	1	31.937065	30.000000	0.099471	/storage9920/home/tinghao.xia/Data_PT_V1/val/8uye/seed_315/sample_1.pt	pre_refinement_aligned_rmsd_above_limit
val	8UYE	315	2	31.427732	30.000000	0.102206	/storage9920/home/tinghao.xia/Data_PT_V1/val/8uye/seed_315/sample_2.pt	pre_refinement_aligned_rmsd_above_limit
val	8UYE	315	3	32.123916	30.000000	0.096518	/storage9920/home/tinghao.xia/Data_PT_V1/val/8uye/seed_315/sample_3.pt	pre_refinement_aligned_rmsd_above_limit
val	8UYE	317	0	31.358720	30.000000	0.108049	/storage9920/home/tinghao.xia/Data_PT_V1/val/8uye/seed_317/sample_0.pt	pre_refinement_aligned_rmsd_above_limit
val	8UYE	317	1	31.771047	30.000000	0.098018	/storage9920/home/tinghao.xia/Data_PT_V1/val/8uye/seed_317/sample_1.pt	pre_refinement_aligned_rmsd_above_limit
val	8UYE	317	2	30.441240	30.000000	0.094736	/storage9920/home/tinghao.xia/Data_PT_V1/val/8uye/seed_317/sample_2.pt	pre_refinement_aligned_rmsd_above_limit
val	8UYE	317	3	31.159279	30.000000	0.097156	/storage9920/home/tinghao.xia/Data_PT_V1/val/8uye/seed_317/sample_3.pt	pre_refinement_aligned_rmsd_above_limit
val	8UYE	320	0	31.414301	30.000000	0.104752	/storage9920/home/tinghao.xia/Data_PT_V1/val/8uye/seed_320/sample_0.pt	pre_refinement_aligned_rmsd_above_limit
val	8UYE	320	1	30.842882	30.000000	0.097278	/storage9920/home/tinghao.xia/Data_PT_V1/val/8uye/seed_320/sample_1.pt	pre_refinement_aligned_rmsd_above_limit
val	8UYE	320	3	30.751483	30.000000	0.106459	/storage9920/home/tinghao.xia/Data_PT_V1/val/8uye/seed_320/sample_3.pt	pre_refinement_aligned_rmsd_above_limit
val	8UYE	321	0	30.833643	30.000000	0.104060	/storage9920/home/tinghao.xia/Data_PT_V1/val/8uye/seed_321/sample_0.pt	pre_refinement_aligned_rmsd_above_limit
val	8UYE	321	1	31.022747	30.000000	0.100667	/storage9920/home/tinghao.xia/Data_PT_V1/val/8uye/seed_321/sample_1.pt	pre_refinement_aligned_rmsd_above_limit
val	8UYE	322	0	31.004856	30.000000	0.101722	/storage9920/home/tinghao.xia/Data_PT_V1/val/8uye/seed_322/sample_0.pt	pre_refinement_aligned_rmsd_above_limit
val	8UYE	322	1	31.295900	30.000000	0.095569	/storage9920/home/tinghao.xia/Data_PT_V1/val/8uye/seed_322/sample_1.pt	pre_refinement_aligned_rmsd_above_limit
val	8UYE	322	2	31.234576	30.000000	0.101557	/storage9920/home/tinghao.xia/Data_PT_V1/val/8uye/seed_322/sample_2.pt	pre_refinement_aligned_rmsd_above_limit
val	8UYE	322	3	30.826077	30.000000	0.101829	/storage9920/home/tinghao.xia/Data_PT_V1/val/8uye/seed_322/sample_3.pt	pre_refinement_aligned_rmsd_above_limit
val	8UYE	326	0	31.663626	30.000000	0.118881	/storage9920/home/tinghao.xia/Data_PT_V1/val/8uye/seed_326/sample_0.pt	pre_refinement_aligned_rmsd_above_limit
val	8UYE	326	1	31.537531	30.000000	0.112928	/storage9920/home/tinghao.xia/Data_PT_V1/val/8uye/seed_326/sample_1.pt	pre_refinement_aligned_rmsd_above_limit
val	8UYE	326	3	30.838922	30.000000	0.106367	/storage9920/home/tinghao.xia/Data_PT_V1/val/8uye/seed_326/sample_3.pt	pre_refinement_aligned_rmsd_above_limit
val	8UYE	331	0	32.218081	30.000000	0.106818	/storage9920/home/tinghao.xia/Data_PT_V1/val/8uye/seed_331/sample_0.pt	pre_refinement_aligned_rmsd_above_limit
val	8UYE	331	1	30.525128	30.000000	0.101308	/storage9920/home/tinghao.xia/Data_PT_V1/val/8uye/seed_331/sample_1.pt	pre_refinement_aligned_rmsd_above_limit
val	8UYE	331	2	30.903223	30.000000	0.129829	/storage9920/home/tinghao.xia/Data_PT_V1/val/8uye/seed_331/sample_2.pt	pre_refinement_aligned_rmsd_above_limit
val	8UYE	331	3	30.298657	30.000000	0.099415	/storage9920/home/tinghao.xia/Data_PT_V1/val/8uye/seed_331/sample_3.pt	pre_refinement_aligned_rmsd_above_limit
val	8UYE	332	0	30.791589	30.000000	0.102302	/storage9920/home/tinghao.xia/Data_PT_V1/val/8uye/seed_332/sample_0.pt	pre_refinement_aligned_rmsd_above_limit
val	8UYE	332	1	30.248869	30.000000	0.102819	/storage9920/home/tinghao.xia/Data_PT_V1/val/8uye/seed_332/sample_1.pt	pre_refinement_aligned_rmsd_above_limit
val	8UYE	332	2	30.727033	30.000000	0.094874	/storage9920/home/tinghao.xia/Data_PT_V1/val/8uye/seed_332/sample_2.pt	pre_refinement_aligned_rmsd_above_limit
val	8UYE	335	0	31.564295	30.000000	0.107911	/storage9920/home/tinghao.xia/Data_PT_V1/val/8uye/seed_335/sample_0.pt	pre_refinement_aligned_rmsd_above_limit
val	8UYE	335	1	31.161899	30.000000	0.097834	/storage9920/home/tinghao.xia/Data_PT_V1/val/8uye/seed_335/sample_1.pt	pre_refinement_aligned_rmsd_above_limit
val	8UYE	335	2	32.018108	30.000000	0.096980	/storage9920/home/tinghao.xia/Data_PT_V1/val/8uye/seed_335/sample_2.pt	pre_refinement_aligned_rmsd_above_limit
val	8UYE	335	3	31.691950	30.000000	0.096628	/storage9920/home/tinghao.xia/Data_PT_V1/val/8uye/seed_335/sample_3.pt	pre_refinement_aligned_rmsd_above_limit
val	8UYE	336	0	31.620681	30.000000	0.102737	/storage9920/home/tinghao.xia/Data_PT_V1/val/8uye/seed_336/sample_0.pt	pre_refinement_aligned_rmsd_above_limit
val	8UYE	336	1	31.304798	30.000000	0.095986	/storage9920/home/tinghao.xia/Data_PT_V1/val/8uye/seed_336/sample_1.pt	pre_refinement_aligned_rmsd_above_limit
val	8UYE	336	2	31.116104	30.000000	0.124442	/storage9920/home/tinghao.xia/Data_PT_V1/val/8uye/seed_336/sample_2.pt	pre_refinement_aligned_rmsd_above_limit
val	8UYE	336	3	30.938168	30.000000	0.093553	/storage9920/home/tinghao.xia/Data_PT_V1/val/8uye/seed_336/sample_3.pt	pre_refinement_aligned_rmsd_above_limit
val	8UYE	338	0	31.920983	30.000000	0.135024	/storage9920/home/tinghao.xia/Data_PT_V1/val/8uye/seed_338/sample_0.pt	pre_refinement_aligned_rmsd_above_limit
val	8UYE	338	1	31.281231	30.000000	0.097575	/storage9920/home/tinghao.xia/Data_PT_V1/val/8uye/seed_338/sample_1.pt	pre_refinement_aligned_rmsd_above_limit
val	8UYE	338	2	31.425543	30.000000	0.099922	/storage9920/home/tinghao.xia/Data_PT_V1/val/8uye/seed_338/sample_2.pt	pre_refinement_aligned_rmsd_above_limit
val	8UYE	344	1	31.629636	30.000000	0.101637	/storage9920/home/tinghao.xia/Data_PT_V1/val/8uye/seed_344/sample_1.pt	pre_refinement_aligned_rmsd_above_limit
val	8UYE	344	2	30.708780	30.000000	0.106198	/storage9920/home/tinghao.xia/Data_PT_V1/val/8uye/seed_344/sample_2.pt	pre_refinement_aligned_rmsd_above_limit
val	8UYE	344	3	30.976831	30.000000	0.139577	/storage9920/home/tinghao.xia/Data_PT_V1/val/8uye/seed_344/sample_3.pt	pre_refinement_aligned_rmsd_above_limit
val	8UYE	349	0	31.601300	30.000000	0.102473	/storage9920/home/tinghao.xia/Data_PT_V1/val/8uye/seed_349/sample_0.pt	pre_refinement_aligned_rmsd_above_limit
val	8UYE	349	1	30.151819	30.000000	0.097584	/storage9920/home/tinghao.xia/Data_PT_V1/val/8uye/seed_349/sample_1.pt	pre_refinement_aligned_rmsd_above_limit
val	8UYE	349	2	30.593565	30.000000	0.100955	/storage9920/home/tinghao.xia/Data_PT_V1/val/8uye/seed_349/sample_2.pt	pre_refinement_aligned_rmsd_above_limit
val	8UYE	349	3	30.855400	30.000000	0.131809	/storage9920/home/tinghao.xia/Data_PT_V1/val/8uye/seed_349/sample_3.pt	pre_refinement_aligned_rmsd_above_limit
val	8UYG	302	0	31.301932	30.000000	0.105027	/storage9920/home/tinghao.xia/Data_PT_V1/val/8uyg/seed_302/sample_0.pt	pre_refinement_aligned_rmsd_above_limit
val	8UYG	302	2	30.256953	30.000000	0.103827	/storage9920/home/tinghao.xia/Data_PT_V1/val/8uyg/seed_302/sample_2.pt	pre_refinement_aligned_rmsd_above_limit
val	8UYG	305	0	30.661544	30.000000	0.100777	/storage9920/home/tinghao.xia/Data_PT_V1/val/8uyg/seed_305/sample_0.pt	pre_refinement_aligned_rmsd_above_limit
val	8UYG	305	1	30.794226	30.000000	0.102563	/storage9920/home/tinghao.xia/Data_PT_V1/val/8uyg/seed_305/sample_1.pt	pre_refinement_aligned_rmsd_above_limit
val	8UYG	305	3	30.415792	30.000000	0.106336	/storage9920/home/tinghao.xia/Data_PT_V1/val/8uyg/seed_305/sample_3.pt	pre_refinement_aligned_rmsd_above_limit
val	8UYG	311	1	30.666641	30.000000	0.136906	/storage9920/home/tinghao.xia/Data_PT_V1/val/8uyg/seed_311/sample_1.pt	pre_refinement_aligned_rmsd_above_limit
val	8UYG	311	2	30.081714	30.000000	0.101097	/storage9920/home/tinghao.xia/Data_PT_V1/val/8uyg/seed_311/sample_2.pt	pre_refinement_aligned_rmsd_above_limit
val	8UYG	315	0	30.362723	30.000000	0.107177	/storage9920/home/tinghao.xia/Data_PT_V1/val/8uyg/seed_315/sample_0.pt	pre_refinement_aligned_rmsd_above_limit
val	8UYG	315	1	31.537799	30.000000	0.102684	/storage9920/home/tinghao.xia/Data_PT_V1/val/8uyg/seed_315/sample_1.pt	pre_refinement_aligned_rmsd_above_limit
val	8UYG	315	2	30.878048	30.000000	0.099513	/storage9920/home/tinghao.xia/Data_PT_V1/val/8uyg/seed_315/sample_2.pt	pre_refinement_aligned_rmsd_above_limit
val	8UYG	315	3	31.517390	30.000000	0.100534	/storage9920/home/tinghao.xia/Data_PT_V1/val/8uyg/seed_315/sample_3.pt	pre_refinement_aligned_rmsd_above_limit
val	8UYG	317	0	30.884094	30.000000	0.110796	/storage9920/home/tinghao.xia/Data_PT_V1/val/8uyg/seed_317/sample_0.pt	pre_refinement_aligned_rmsd_above_limit
val	8UYG	317	1	30.639396	30.000000	0.103089	/storage9920/home/tinghao.xia/Data_PT_V1/val/8uyg/seed_317/sample_1.pt	pre_refinement_aligned_rmsd_above_limit
val	8UYG	317	2	31.236268	30.000000	0.101218	/storage9920/home/tinghao.xia/Data_PT_V1/val/8uyg/seed_317/sample_2.pt	pre_refinement_aligned_rmsd_above_limit
val	8UYG	317	3	30.022742	30.000000	0.102685	/storage9920/home/tinghao.xia/Data_PT_V1/val/8uyg/seed_317/sample_3.pt	pre_refinement_aligned_rmsd_above_limit
val	8UYG	320	0	30.708877	30.000000	0.112910	/storage9920/home/tinghao.xia/Data_PT_V1/val/8uyg/seed_320/sample_0.pt	pre_refinement_aligned_rmsd_above_limit
val	8UYG	320	1	30.303229	30.000000	0.097937	/storage9920/home/tinghao.xia/Data_PT_V1/val/8uyg/seed_320/sample_1.pt	pre_refinement_aligned_rmsd_above_limit
val	8UYG	320	2	30.160091	30.000000	0.097879	/storage9920/home/tinghao.xia/Data_PT_V1/val/8uyg/seed_320/sample_2.pt	pre_refinement_aligned_rmsd_above_limit
val	8UYG	321	0	30.452701	30.000000	0.104652	/storage9920/home/tinghao.xia/Data_PT_V1/val/8uyg/seed_321/sample_0.pt	pre_refinement_aligned_rmsd_above_limit
val	8UYG	321	1	30.347879	30.000000	0.132236	/storage9920/home/tinghao.xia/Data_PT_V1/val/8uyg/seed_321/sample_1.pt	pre_refinement_aligned_rmsd_above_limit
val	8UYG	326	0	31.042238	30.000000	0.107498	/storage9920/home/tinghao.xia/Data_PT_V1/val/8uyg/seed_326/sample_0.pt	pre_refinement_aligned_rmsd_above_limit
val	8UYG	326	1	30.700688	30.000000	0.132818	/storage9920/home/tinghao.xia/Data_PT_V1/val/8uyg/seed_326/sample_1.pt	pre_refinement_aligned_rmsd_above_limit
val	8UYG	331	0	31.647776	30.000000	0.105449	/storage9920/home/tinghao.xia/Data_PT_V1/val/8uyg/seed_331/sample_0.pt	pre_refinement_aligned_rmsd_above_limit
val	8UYG	331	1	30.116324	30.000000	0.144532	/storage9920/home/tinghao.xia/Data_PT_V1/val/8uyg/seed_331/sample_1.pt	pre_refinement_aligned_rmsd_above_limit
val	8UYG	331	2	30.443032	30.000000	0.102428	/storage9920/home/tinghao.xia/Data_PT_V1/val/8uyg/seed_331/sample_2.pt	pre_refinement_aligned_rmsd_above_limit
val	8UYG	332	0	30.310003	30.000000	0.104141	/storage9920/home/tinghao.xia/Data_PT_V1/val/8uyg/seed_332/sample_0.pt	pre_refinement_aligned_rmsd_above_limit
val	8UYG	335	0	31.099390	30.000000	0.110707	/storage9920/home/tinghao.xia/Data_PT_V1/val/8uyg/seed_335/sample_0.pt	pre_refinement_aligned_rmsd_above_limit
val	8UYG	335	1	30.676629	30.000000	0.105962	/storage9920/home/tinghao.xia/Data_PT_V1/val/8uyg/seed_335/sample_1.pt	pre_refinement_aligned_rmsd_above_limit
val	8UYG	335	2	31.532733	30.000000	0.106090	/storage9920/home/tinghao.xia/Data_PT_V1/val/8uyg/seed_335/sample_2.pt	pre_refinement_aligned_rmsd_above_limit
val	8UYG	335	3	31.198710	30.000000	0.100717	/storage9920/home/tinghao.xia/Data_PT_V1/val/8uyg/seed_335/sample_3.pt	pre_refinement_aligned_rmsd_above_limit
val	8UYG	336	0	31.033344	30.000000	0.109429	/storage9920/home/tinghao.xia/Data_PT_V1/val/8uyg/seed_336/sample_0.pt	pre_refinement_aligned_rmsd_above_limit
val	8UYG	336	1	30.764218	30.000000	0.133428	/storage9920/home/tinghao.xia/Data_PT_V1/val/8uyg/seed_336/sample_1.pt	pre_refinement_aligned_rmsd_above_limit
val	8UYG	336	2	30.391373	30.000000	0.103928	/storage9920/home/tinghao.xia/Data_PT_V1/val/8uyg/seed_336/sample_2.pt	pre_refinement_aligned_rmsd_above_limit
val	8UYG	336	3	30.117029	30.000000	0.097975	/storage9920/home/tinghao.xia/Data_PT_V1/val/8uyg/seed_336/sample_3.pt	pre_refinement_aligned_rmsd_above_limit
val	8UYG	337	0	30.684197	30.000000	0.104578	/storage9920/home/tinghao.xia/Data_PT_V1/val/8uyg/seed_337/sample_0.pt	pre_refinement_aligned_rmsd_above_limit
val	8UYG	337	1	30.574272	30.000000	0.098312	/storage9920/home/tinghao.xia/Data_PT_V1/val/8uyg/seed_337/sample_1.pt	pre_refinement_aligned_rmsd_above_limit
val	8UYG	337	2	30.654533	30.000000	0.098364	/storage9920/home/tinghao.xia/Data_PT_V1/val/8uyg/seed_337/sample_2.pt	pre_refinement_aligned_rmsd_above_limit
val	8UYG	338	0	31.256100	30.000000	0.137743	/storage9920/home/tinghao.xia/Data_PT_V1/val/8uyg/seed_338/sample_0.pt	pre_refinement_aligned_rmsd_above_limit
val	8UYG	338	1	30.645054	30.000000	0.101345	/storage9920/home/tinghao.xia/Data_PT_V1/val/8uyg/seed_338/sample_1.pt	pre_refinement_aligned_rmsd_above_limit
val	8UYG	338	2	30.749127	30.000000	0.099165	/storage9920/home/tinghao.xia/Data_PT_V1/val/8uyg/seed_338/sample_2.pt	pre_refinement_aligned_rmsd_above_limit
val	8UYG	344	1	30.985979	30.000000	0.107634	/storage9920/home/tinghao.xia/Data_PT_V1/val/8uyg/seed_344/sample_1.pt	pre_refinement_aligned_rmsd_above_limit
val	8UYG	344	2	30.108618	30.000000	0.102943	/storage9920/home/tinghao.xia/Data_PT_V1/val/8uyg/seed_344/sample_2.pt	pre_refinement_aligned_rmsd_above_limit
val	8UYG	344	3	30.345334	30.000000	0.131980	/storage9920/home/tinghao.xia/Data_PT_V1/val/8uyg/seed_344/sample_3.pt	pre_refinement_aligned_rmsd_above_limit
val	8UYG	349	0	31.082768	30.000000	0.108189	/storage9920/home/tinghao.xia/Data_PT_V1/val/8uyg/seed_349/sample_0.pt	pre_refinement_aligned_rmsd_above_limit
val	8UYG	349	3	30.110498	30.000000	0.136579	/storage9920/home/tinghao.xia/Data_PT_V1/val/8uyg/seed_349/sample_3.pt	pre_refinement_aligned_rmsd_above_limit
test	8BU8	304	0	30.480924	30.000000	0.283755	/storage9920/home/tinghao.xia/Data_PT_V1/test/8bu8/seed_304/sample_0.pt	pre_refinement_aligned_rmsd_above_limit
test	8BU8	307	0	30.595629	30.000000	0.315187	/storage9920/home/tinghao.xia/Data_PT_V1/test/8bu8/seed_307/sample_0.pt	pre_refinement_aligned_rmsd_above_limit
test	8BU8	313	0	32.236155	30.000000	0.325270	/storage9920/home/tinghao.xia/Data_PT_V1/test/8bu8/seed_313/sample_0.pt	pre_refinement_aligned_rmsd_above_limit
test	8BU8	316	0	30.986470	30.000000	0.318824	/storage9920/home/tinghao.xia/Data_PT_V1/test/8bu8/seed_316/sample_0.pt	pre_refinement_aligned_rmsd_above_limit
test	8BU8	317	3	30.075324	30.000000	0.276046	/storage9920/home/tinghao.xia/Data_PT_V1/test/8bu8/seed_317/sample_3.pt	pre_refinement_aligned_rmsd_above_limit
test	8BU8	318	0	31.734987	30.000000	0.318373	/storage9920/home/tinghao.xia/Data_PT_V1/test/8bu8/seed_318/sample_0.pt	pre_refinement_aligned_rmsd_above_limit
test	8BU8	320	1	30.316267	30.000000	0.312699	/storage9920/home/tinghao.xia/Data_PT_V1/test/8bu8/seed_320/sample_1.pt	pre_refinement_aligned_rmsd_above_limit
test	8BU8	322	3	33.300245	30.000000	0.286276	/storage9920/home/tinghao.xia/Data_PT_V1/test/8bu8/seed_322/sample_3.pt	pre_refinement_aligned_rmsd_above_limit
test	8BU8	324	0	30.475183	30.000000	0.313045	/storage9920/home/tinghao.xia/Data_PT_V1/test/8bu8/seed_324/sample_0.pt	pre_refinement_aligned_rmsd_above_limit
test	8BU8	333	1	30.623933	30.000000	0.280193	/storage9920/home/tinghao.xia/Data_PT_V1/test/8bu8/seed_333/sample_1.pt	pre_refinement_aligned_rmsd_above_limit
test	8BU8	334	3	31.516534	30.000000	0.293905	/storage9920/home/tinghao.xia/Data_PT_V1/test/8bu8/seed_334/sample_3.pt	pre_refinement_aligned_rmsd_above_limit
test	8BU8	336	0	30.437266	30.000000	0.278522	/storage9920/home/tinghao.xia/Data_PT_V1/test/8bu8/seed_336/sample_0.pt	pre_refinement_aligned_rmsd_above_limit
test	8K15	305	0	32.126926	30.000000	0.645360	/storage9920/home/tinghao.xia/Data_PT_V1/test/8k15/seed_305/sample_0.pt	pre_refinement_aligned_rmsd_above_limit
test	8K15	305	2	30.981934	30.000000	0.585255	/storage9920/home/tinghao.xia/Data_PT_V1/test/8k15/seed_305/sample_2.pt	pre_refinement_aligned_rmsd_above_limit
test	8K15	311	0	31.720205	30.000000	0.605531	/storage9920/home/tinghao.xia/Data_PT_V1/test/8k15/seed_311/sample_0.pt	pre_refinement_aligned_rmsd_above_limit
test	8K15	311	1	36.104661	30.000000	0.595388	/storage9920/home/tinghao.xia/Data_PT_V1/test/8k15/seed_311/sample_1.pt	pre_refinement_aligned_rmsd_above_limit
test	8K15	311	2	31.965053	30.000000	0.608007	/storage9920/home/tinghao.xia/Data_PT_V1/test/8k15/seed_311/sample_2.pt	pre_refinement_aligned_rmsd_above_limit
test	8K15	311	3	33.623224	30.000000	0.559189	/storage9920/home/tinghao.xia/Data_PT_V1/test/8k15/seed_311/sample_3.pt	pre_refinement_aligned_rmsd_above_limit
test	8K15	318	0	30.831362	30.000000	0.604965	/storage9920/home/tinghao.xia/Data_PT_V1/test/8k15/seed_318/sample_0.pt	pre_refinement_aligned_rmsd_above_limit
test	8K15	318	1	32.983912	30.000000	0.614744	/storage9920/home/tinghao.xia/Data_PT_V1/test/8k15/seed_318/sample_1.pt	pre_refinement_aligned_rmsd_above_limit
test	8K15	330	0	34.213353	30.000000	0.583604	/storage9920/home/tinghao.xia/Data_PT_V1/test/8k15/seed_330/sample_0.pt	pre_refinement_aligned_rmsd_above_limit
test	8K15	330	1	33.990210	30.000000	0.612568	/storage9920/home/tinghao.xia/Data_PT_V1/test/8k15/seed_330/sample_1.pt	pre_refinement_aligned_rmsd_above_limit
test	8K15	330	2	30.838119	30.000000	0.607477	/storage9920/home/tinghao.xia/Data_PT_V1/test/8k15/seed_330/sample_2.pt	pre_refinement_aligned_rmsd_above_limit
test	8K15	334	2	30.413291	30.000000	0.569969	/storage9920/home/tinghao.xia/Data_PT_V1/test/8k15/seed_334/sample_2.pt	pre_refinement_aligned_rmsd_above_limit
test	8K15	334	3	30.519316	30.000000	0.616767	/storage9920/home/tinghao.xia/Data_PT_V1/test/8k15/seed_334/sample_3.pt	pre_refinement_aligned_rmsd_above_limit
test	8K15	339	2	33.546649	30.000000	0.607877	/storage9920/home/tinghao.xia/Data_PT_V1/test/8k15/seed_339/sample_2.pt	pre_refinement_aligned_rmsd_above_limit
test	8K15	339	3	32.914676	30.000000	0.560298	/storage9920/home/tinghao.xia/Data_PT_V1/test/8k15/seed_339/sample_3.pt	pre_refinement_aligned_rmsd_above_limit
test	8K15	340	2	33.003276	30.000000	0.587364	/storage9920/home/tinghao.xia/Data_PT_V1/test/8k15/seed_340/sample_2.pt	pre_refinement_aligned_rmsd_above_limit
test	8K15	343	0	30.062139	30.000000	0.625863	/storage9920/home/tinghao.xia/Data_PT_V1/test/8k15/seed_343/sample_0.pt	pre_refinement_aligned_rmsd_above_limit
test	8K15	343	2	34.548004	30.000000	0.614876	/storage9920/home/tinghao.xia/Data_PT_V1/test/8k15/seed_343/sample_2.pt	pre_refinement_aligned_rmsd_above_limit
test	8K15	343	3	30.255560	30.000000	0.617421	/storage9920/home/tinghao.xia/Data_PT_V1/test/8k15/seed_343/sample_3.pt	pre_refinement_aligned_rmsd_above_limit
test	8K15	344	0	34.290245	30.000000	0.564821	/storage9920/home/tinghao.xia/Data_PT_V1/test/8k15/seed_344/sample_0.pt	pre_refinement_aligned_rmsd_above_limit
test	8K15	345	1	35.045235	30.000000	0.616927	/storage9920/home/tinghao.xia/Data_PT_V1/test/8k15/seed_345/sample_1.pt	pre_refinement_aligned_rmsd_above_limit
test	8K15	345	2	30.515191	30.000000	0.682590	/storage9920/home/tinghao.xia/Data_PT_V1/test/8k15/seed_345/sample_2.pt	pre_refinement_aligned_rmsd_above_limit
test	8QO2	300	0	37.845634	30.000000	0.414166	/storage9920/home/tinghao.xia/Data_PT_V1/test/8qo2/seed_300/sample_0.pt	pre_refinement_aligned_rmsd_above_limit
test	8QO2	300	1	34.940814	30.000000	0.206528	/storage9920/home/tinghao.xia/Data_PT_V1/test/8qo2/seed_300/sample_1.pt	pre_refinement_aligned_rmsd_above_limit
test	8QO2	300	2	34.791157	30.000000	0.165154	/storage9920/home/tinghao.xia/Data_PT_V1/test/8qo2/seed_300/sample_2.pt	pre_refinement_aligned_rmsd_above_limit
test	8QO2	300	3	34.195757	30.000000	0.164374	/storage9920/home/tinghao.xia/Data_PT_V1/test/8qo2/seed_300/sample_3.pt	pre_refinement_aligned_rmsd_above_limit
test	8QO2	301	0	35.869199	30.000000	0.201070	/storage9920/home/tinghao.xia/Data_PT_V1/test/8qo2/seed_301/sample_0.pt	pre_refinement_aligned_rmsd_above_limit
test	8QO2	301	1	36.483796	30.000000	0.167815	/storage9920/home/tinghao.xia/Data_PT_V1/test/8qo2/seed_301/sample_1.pt	pre_refinement_aligned_rmsd_above_limit
test	8QO2	301	2	30.988938	30.000000	0.164983	/storage9920/home/tinghao.xia/Data_PT_V1/test/8qo2/seed_301/sample_2.pt	pre_refinement_aligned_rmsd_above_limit
test	8QO2	301	3	35.237159	30.000000	0.198004	/storage9920/home/tinghao.xia/Data_PT_V1/test/8qo2/seed_301/sample_3.pt	pre_refinement_aligned_rmsd_above_limit
test	8QO2	302	0	36.558684	30.000000	0.176024	/storage9920/home/tinghao.xia/Data_PT_V1/test/8qo2/seed_302/sample_0.pt	pre_refinement_aligned_rmsd_above_limit
test	8QO2	302	1	35.683972	30.000000	0.163938	/storage9920/home/tinghao.xia/Data_PT_V1/test/8qo2/seed_302/sample_1.pt	pre_refinement_aligned_rmsd_above_limit
test	8QO2	302	2	35.200164	30.000000	0.182140	/storage9920/home/tinghao.xia/Data_PT_V1/test/8qo2/seed_302/sample_2.pt	pre_refinement_aligned_rmsd_above_limit
test	8QO2	302	3	32.366219	30.000000	0.193173	/storage9920/home/tinghao.xia/Data_PT_V1/test/8qo2/seed_302/sample_3.pt	pre_refinement_aligned_rmsd_above_limit
test	8QO2	303	0	33.722828	30.000000	0.171797	/storage9920/home/tinghao.xia/Data_PT_V1/test/8qo2/seed_303/sample_0.pt	pre_refinement_aligned_rmsd_above_limit
test	8QO2	303	2	31.483613	30.000000	0.204604	/storage9920/home/tinghao.xia/Data_PT_V1/test/8qo2/seed_303/sample_2.pt	pre_refinement_aligned_rmsd_above_limit
test	8QO2	304	0	35.969150	30.000000	0.173004	/storage9920/home/tinghao.xia/Data_PT_V1/test/8qo2/seed_304/sample_0.pt	pre_refinement_aligned_rmsd_above_limit
test	8QO2	304	1	37.350700	30.000000	0.203491	/storage9920/home/tinghao.xia/Data_PT_V1/test/8qo2/seed_304/sample_1.pt	pre_refinement_aligned_rmsd_above_limit
test	8QO2	304	2	35.155071	30.000000	0.165776	/storage9920/home/tinghao.xia/Data_PT_V1/test/8qo2/seed_304/sample_2.pt	pre_refinement_aligned_rmsd_above_limit
test	8QO2	305	0	33.760988	30.000000	0.170573	/storage9920/home/tinghao.xia/Data_PT_V1/test/8qo2/seed_305/sample_0.pt	pre_refinement_aligned_rmsd_above_limit
test	8QO2	305	1	35.585630	30.000000	0.199890	/storage9920/home/tinghao.xia/Data_PT_V1/test/8qo2/seed_305/sample_1.pt	pre_refinement_aligned_rmsd_above_limit
test	8QO2	306	0	36.899204	30.000000	0.202837	/storage9920/home/tinghao.xia/Data_PT_V1/test/8qo2/seed_306/sample_0.pt	pre_refinement_aligned_rmsd_above_limit
test	8QO2	306	1	36.906445	30.000000	0.170530	/storage9920/home/tinghao.xia/Data_PT_V1/test/8qo2/seed_306/sample_1.pt	pre_refinement_aligned_rmsd_above_limit
test	8QO2	306	2	37.753531	30.000000	0.168752	/storage9920/home/tinghao.xia/Data_PT_V1/test/8qo2/seed_306/sample_2.pt	pre_refinement_aligned_rmsd_above_limit
test	8QO2	307	1	35.004693	30.000000	0.167342	/storage9920/home/tinghao.xia/Data_PT_V1/test/8qo2/seed_307/sample_1.pt	pre_refinement_aligned_rmsd_above_limit
test	8QO2	307	2	33.852233	30.000000	0.166025	/storage9920/home/tinghao.xia/Data_PT_V1/test/8qo2/seed_307/sample_2.pt	pre_refinement_aligned_rmsd_above_limit
test	8QO2	308	0	36.573603	30.000000	0.172015	/storage9920/home/tinghao.xia/Data_PT_V1/test/8qo2/seed_308/sample_0.pt	pre_refinement_aligned_rmsd_above_limit
test	8QO2	308	1	38.431390	30.000000	0.161325	/storage9920/home/tinghao.xia/Data_PT_V1/test/8qo2/seed_308/sample_1.pt	pre_refinement_aligned_rmsd_above_limit
test	8QO2	308	2	30.571205	30.000000	0.193435	/storage9920/home/tinghao.xia/Data_PT_V1/test/8qo2/seed_308/sample_2.pt	pre_refinement_aligned_rmsd_above_limit
test	8QO2	309	3	31.070078	30.000000	0.180620	/storage9920/home/tinghao.xia/Data_PT_V1/test/8qo2/seed_309/sample_3.pt	pre_refinement_aligned_rmsd_above_limit
test	8QO2	310	0	36.317986	30.000000	0.169051	/storage9920/home/tinghao.xia/Data_PT_V1/test/8qo2/seed_310/sample_0.pt	pre_refinement_aligned_rmsd_above_limit
test	8QO2	310	1	36.691867	30.000000	0.189693	/storage9920/home/tinghao.xia/Data_PT_V1/test/8qo2/seed_310/sample_1.pt	pre_refinement_aligned_rmsd_above_limit
test	8QO2	310	2	35.209274	30.000000	0.160863	/storage9920/home/tinghao.xia/Data_PT_V1/test/8qo2/seed_310/sample_2.pt	pre_refinement_aligned_rmsd_above_limit
test	8QO2	310	3	36.046107	30.000000	0.169574	/storage9920/home/tinghao.xia/Data_PT_V1/test/8qo2/seed_310/sample_3.pt	pre_refinement_aligned_rmsd_above_limit
test	8QO2	311	0	33.229796	30.000000	0.195949	/storage9920/home/tinghao.xia/Data_PT_V1/test/8qo2/seed_311/sample_0.pt	pre_refinement_aligned_rmsd_above_limit
test	8QO2	311	1	34.698866	30.000000	0.165926	/storage9920/home/tinghao.xia/Data_PT_V1/test/8qo2/seed_311/sample_1.pt	pre_refinement_aligned_rmsd_above_limit
test	8QO2	311	2	34.380046	30.000000	0.169829	/storage9920/home/tinghao.xia/Data_PT_V1/test/8qo2/seed_311/sample_2.pt	pre_refinement_aligned_rmsd_above_limit
test	8QO2	311	3	34.777010	30.000000	0.196919	/storage9920/home/tinghao.xia/Data_PT_V1/test/8qo2/seed_311/sample_3.pt	pre_refinement_aligned_rmsd_above_limit
test	8QO2	312	0	37.083534	30.000000	0.166501	/storage9920/home/tinghao.xia/Data_PT_V1/test/8qo2/seed_312/sample_0.pt	pre_refinement_aligned_rmsd_above_limit
test	8QO2	312	1	36.213567	30.000000	0.173455	/storage9920/home/tinghao.xia/Data_PT_V1/test/8qo2/seed_312/sample_1.pt	pre_refinement_aligned_rmsd_above_limit
test	8QO2	312	3	36.456659	30.000000	0.197015	/storage9920/home/tinghao.xia/Data_PT_V1/test/8qo2/seed_312/sample_3.pt	pre_refinement_aligned_rmsd_above_limit
test	8QO2	313	0	32.774181	30.000000	0.170208	/storage9920/home/tinghao.xia/Data_PT_V1/test/8qo2/seed_313/sample_0.pt	pre_refinement_aligned_rmsd_above_limit
test	8QO2	313	1	35.134143	30.000000	0.162183	/storage9920/home/tinghao.xia/Data_PT_V1/test/8qo2/seed_313/sample_1.pt	pre_refinement_aligned_rmsd_above_limit
test	8QO2	314	0	33.496727	30.000000	0.171618	/storage9920/home/tinghao.xia/Data_PT_V1/test/8qo2/seed_314/sample_0.pt	pre_refinement_aligned_rmsd_above_limit
test	8QO2	314	1	35.011140	30.000000	0.208224	/storage9920/home/tinghao.xia/Data_PT_V1/test/8qo2/seed_314/sample_1.pt	pre_refinement_aligned_rmsd_above_limit
test	8QO2	314	2	37.132626	30.000000	0.170773	/storage9920/home/tinghao.xia/Data_PT_V1/test/8qo2/seed_314/sample_2.pt	pre_refinement_aligned_rmsd_above_limit
test	8QO2	314	3	33.292254	30.000000	0.173661	/storage9920/home/tinghao.xia/Data_PT_V1/test/8qo2/seed_314/sample_3.pt	pre_refinement_aligned_rmsd_above_limit
test	8QO2	315	3	35.328910	30.000000	0.171410	/storage9920/home/tinghao.xia/Data_PT_V1/test/8qo2/seed_315/sample_3.pt	pre_refinement_aligned_rmsd_above_limit
test	8QO2	316	2	33.911383	30.000000	0.170805	/storage9920/home/tinghao.xia/Data_PT_V1/test/8qo2/seed_316/sample_2.pt	pre_refinement_aligned_rmsd_above_limit
test	8QO2	317	0	36.128023	30.000000	0.170154	/storage9920/home/tinghao.xia/Data_PT_V1/test/8qo2/seed_317/sample_0.pt	pre_refinement_aligned_rmsd_above_limit
test	8QO2	317	1	36.355434	30.000000	0.180279	/storage9920/home/tinghao.xia/Data_PT_V1/test/8qo2/seed_317/sample_1.pt	pre_refinement_aligned_rmsd_above_limit
test	8QO2	317	2	36.502854	30.000000	0.165026	/storage9920/home/tinghao.xia/Data_PT_V1/test/8qo2/seed_317/sample_2.pt	pre_refinement_aligned_rmsd_above_limit
test	8QO2	318	0	34.428797	30.000000	0.171949	/storage9920/home/tinghao.xia/Data_PT_V1/test/8qo2/seed_318/sample_0.pt	pre_refinement_aligned_rmsd_above_limit
test	8QO2	318	1	35.792047	30.000000	0.167676	/storage9920/home/tinghao.xia/Data_PT_V1/test/8qo2/seed_318/sample_1.pt	pre_refinement_aligned_rmsd_above_limit
test	8QO2	318	2	35.170317	30.000000	0.195724	/storage9920/home/tinghao.xia/Data_PT_V1/test/8qo2/seed_318/sample_2.pt	pre_refinement_aligned_rmsd_above_limit
test	8QO2	318	3	35.231685	30.000000	0.169432	/storage9920/home/tinghao.xia/Data_PT_V1/test/8qo2/seed_318/sample_3.pt	pre_refinement_aligned_rmsd_above_limit
test	8QO2	319	0	33.729509	30.000000	0.171703	/storage9920/home/tinghao.xia/Data_PT_V1/test/8qo2/seed_319/sample_0.pt	pre_refinement_aligned_rmsd_above_limit
test	8QO2	319	1	33.605508	30.000000	0.203625	/storage9920/home/tinghao.xia/Data_PT_V1/test/8qo2/seed_319/sample_1.pt	pre_refinement_aligned_rmsd_above_limit
test	8QO2	319	2	36.100919	30.000000	0.164049	/storage9920/home/tinghao.xia/Data_PT_V1/test/8qo2/seed_319/sample_2.pt	pre_refinement_aligned_rmsd_above_limit
test	8QO2	319	3	35.838323	30.000000	0.173620	/storage9920/home/tinghao.xia/Data_PT_V1/test/8qo2/seed_319/sample_3.pt	pre_refinement_aligned_rmsd_above_limit
test	8QO2	320	0	32.093689	30.000000	0.173415	/storage9920/home/tinghao.xia/Data_PT_V1/test/8qo2/seed_320/sample_0.pt	pre_refinement_aligned_rmsd_above_limit
test	8QO2	320	1	33.440749	30.000000	0.197986	/storage9920/home/tinghao.xia/Data_PT_V1/test/8qo2/seed_320/sample_1.pt	pre_refinement_aligned_rmsd_above_limit
test	8QO2	320	2	36.153482	30.000000	0.167428	/storage9920/home/tinghao.xia/Data_PT_V1/test/8qo2/seed_320/sample_2.pt	pre_refinement_aligned_rmsd_above_limit
test	8QO2	320	3	37.043542	30.000000	0.167787	/storage9920/home/tinghao.xia/Data_PT_V1/test/8qo2/seed_320/sample_3.pt	pre_refinement_aligned_rmsd_above_limit
test	8QO2	321	0	38.279502	30.000000	0.213765	/storage9920/home/tinghao.xia/Data_PT_V1/test/8qo2/seed_321/sample_0.pt	pre_refinement_aligned_rmsd_above_limit
test	8QO2	321	1	37.424668	30.000000	0.162824	/storage9920/home/tinghao.xia/Data_PT_V1/test/8qo2/seed_321/sample_1.pt	pre_refinement_aligned_rmsd_above_limit
test	8QO2	321	2	33.920309	30.000000	0.166566	/storage9920/home/tinghao.xia/Data_PT_V1/test/8qo2/seed_321/sample_2.pt	pre_refinement_aligned_rmsd_above_limit
test	8QO2	322	0	33.878342	30.000000	0.168359	/storage9920/home/tinghao.xia/Data_PT_V1/test/8qo2/seed_322/sample_0.pt	pre_refinement_aligned_rmsd_above_limit
test	8QO2	322	1	34.450074	30.000000	0.164019	/storage9920/home/tinghao.xia/Data_PT_V1/test/8qo2/seed_322/sample_1.pt	pre_refinement_aligned_rmsd_above_limit
test	8QO2	322	2	32.483547	30.000000	0.161639	/storage9920/home/tinghao.xia/Data_PT_V1/test/8qo2/seed_322/sample_2.pt	pre_refinement_aligned_rmsd_above_limit
test	8QO2	322	3	36.494075	30.000000	0.190342	/storage9920/home/tinghao.xia/Data_PT_V1/test/8qo2/seed_322/sample_3.pt	pre_refinement_aligned_rmsd_above_limit
test	8QO2	323	0	32.770124	30.000000	0.165351	/storage9920/home/tinghao.xia/Data_PT_V1/test/8qo2/seed_323/sample_0.pt	pre_refinement_aligned_rmsd_above_limit
test	8QO2	323	1	34.974515	30.000000	0.161954	/storage9920/home/tinghao.xia/Data_PT_V1/test/8qo2/seed_323/sample_1.pt	pre_refinement_aligned_rmsd_above_limit
test	8QO2	323	2	34.494286	30.000000	0.190534	/storage9920/home/tinghao.xia/Data_PT_V1/test/8qo2/seed_323/sample_2.pt	pre_refinement_aligned_rmsd_above_limit
test	8QO2	323	3	35.239875	30.000000	0.163424	/storage9920/home/tinghao.xia/Data_PT_V1/test/8qo2/seed_323/sample_3.pt	pre_refinement_aligned_rmsd_above_limit
test	8QO2	324	0	36.016017	30.000000	0.163440	/storage9920/home/tinghao.xia/Data_PT_V1/test/8qo2/seed_324/sample_0.pt	pre_refinement_aligned_rmsd_above_limit
test	8QO2	324	1	35.783619	30.000000	0.191307	/storage9920/home/tinghao.xia/Data_PT_V1/test/8qo2/seed_324/sample_1.pt	pre_refinement_aligned_rmsd_above_limit
test	8QO2	324	2	36.185217	30.000000	0.161687	/storage9920/home/tinghao.xia/Data_PT_V1/test/8qo2/seed_324/sample_2.pt	pre_refinement_aligned_rmsd_above_limit
test	8QO2	324	3	37.007062	30.000000	0.161577	/storage9920/home/tinghao.xia/Data_PT_V1/test/8qo2/seed_324/sample_3.pt	pre_refinement_aligned_rmsd_above_limit
test	8QO2	325	0	34.539348	30.000000	0.163427	/storage9920/home/tinghao.xia/Data_PT_V1/test/8qo2/seed_325/sample_0.pt	pre_refinement_aligned_rmsd_above_limit
test	8QO2	325	1	36.700332	30.000000	0.192504	/storage9920/home/tinghao.xia/Data_PT_V1/test/8qo2/seed_325/sample_1.pt	pre_refinement_aligned_rmsd_above_limit
test	8QO2	325	2	31.726983	30.000000	0.159619	/storage9920/home/tinghao.xia/Data_PT_V1/test/8qo2/seed_325/sample_2.pt	pre_refinement_aligned_rmsd_above_limit
test	8QO2	325	3	33.514602	30.000000	0.161544	/storage9920/home/tinghao.xia/Data_PT_V1/test/8qo2/seed_325/sample_3.pt	pre_refinement_aligned_rmsd_above_limit
test	8QO2	326	0	33.497320	30.000000	0.191947	/storage9920/home/tinghao.xia/Data_PT_V1/test/8qo2/seed_326/sample_0.pt	pre_refinement_aligned_rmsd_above_limit
test	8QO2	326	1	32.359401	30.000000	0.167082	/storage9920/home/tinghao.xia/Data_PT_V1/test/8qo2/seed_326/sample_1.pt	pre_refinement_aligned_rmsd_above_limit
test	8QO2	326	2	34.713273	30.000000	0.161007	/storage9920/home/tinghao.xia/Data_PT_V1/test/8qo2/seed_326/sample_2.pt	pre_refinement_aligned_rmsd_above_limit
test	8QO2	326	3	36.069316	30.000000	0.192328	/storage9920/home/tinghao.xia/Data_PT_V1/test/8qo2/seed_326/sample_3.pt	pre_refinement_aligned_rmsd_above_limit
test	8QO2	327	0	37.004875	30.000000	0.161839	/storage9920/home/tinghao.xia/Data_PT_V1/test/8qo2/seed_327/sample_0.pt	pre_refinement_aligned_rmsd_above_limit
test	8QO2	327	2	35.418445	30.000000	0.162839	/storage9920/home/tinghao.xia/Data_PT_V1/test/8qo2/seed_327/sample_2.pt	pre_refinement_aligned_rmsd_above_limit
test	8QO2	327	3	34.868214	30.000000	0.191888	/storage9920/home/tinghao.xia/Data_PT_V1/test/8qo2/seed_327/sample_3.pt	pre_refinement_aligned_rmsd_above_limit
test	8QO2	328	2	35.858048	30.000000	0.194661	/storage9920/home/tinghao.xia/Data_PT_V1/test/8qo2/seed_328/sample_2.pt	pre_refinement_aligned_rmsd_above_limit
test	8QO2	329	0	36.509048	30.000000	0.165272	/storage9920/home/tinghao.xia/Data_PT_V1/test/8qo2/seed_329/sample_0.pt	pre_refinement_aligned_rmsd_above_limit
test	8QO2	329	1	36.812610	30.000000	0.193570	/storage9920/home/tinghao.xia/Data_PT_V1/test/8qo2/seed_329/sample_1.pt	pre_refinement_aligned_rmsd_above_limit
test	8QO2	329	2	33.730154	30.000000	0.159910	/storage9920/home/tinghao.xia/Data_PT_V1/test/8qo2/seed_329/sample_2.pt	pre_refinement_aligned_rmsd_above_limit
test	8QO2	329	3	34.275169	30.000000	0.160845	/storage9920/home/tinghao.xia/Data_PT_V1/test/8qo2/seed_329/sample_3.pt	pre_refinement_aligned_rmsd_above_limit
test	8QO2	330	0	34.040524	30.000000	0.163697	/storage9920/home/tinghao.xia/Data_PT_V1/test/8qo2/seed_330/sample_0.pt	pre_refinement_aligned_rmsd_above_limit
test	8QO2	330	1	34.793775	30.000000	0.194212	/storage9920/home/tinghao.xia/Data_PT_V1/test/8qo2/seed_330/sample_1.pt	pre_refinement_aligned_rmsd_above_limit
test	8QO2	330	2	34.251212	30.000000	0.160803	/storage9920/home/tinghao.xia/Data_PT_V1/test/8qo2/seed_330/sample_2.pt	pre_refinement_aligned_rmsd_above_limit
test	8QO2	331	0	36.809439	30.000000	0.195699	/storage9920/home/tinghao.xia/Data_PT_V1/test/8qo2/seed_331/sample_0.pt	pre_refinement_aligned_rmsd_above_limit
test	8QO2	331	1	33.289229	30.000000	0.163562	/storage9920/home/tinghao.xia/Data_PT_V1/test/8qo2/seed_331/sample_1.pt	pre_refinement_aligned_rmsd_above_limit
test	8QO2	331	2	34.462329	30.000000	0.160118	/storage9920/home/tinghao.xia/Data_PT_V1/test/8qo2/seed_331/sample_2.pt	pre_refinement_aligned_rmsd_above_limit
test	8QO2	331	3	36.384139	30.000000	0.193816	/storage9920/home/tinghao.xia/Data_PT_V1/test/8qo2/seed_331/sample_3.pt	pre_refinement_aligned_rmsd_above_limit
test	8QO2	332	0	32.985940	30.000000	0.163567	/storage9920/home/tinghao.xia/Data_PT_V1/test/8qo2/seed_332/sample_0.pt	pre_refinement_aligned_rmsd_above_limit
test	8QO2	332	1	35.938221	30.000000	0.160405	/storage9920/home/tinghao.xia/Data_PT_V1/test/8qo2/seed_332/sample_1.pt	pre_refinement_aligned_rmsd_above_limit
test	8QO2	332	2	35.234151	30.000000	0.159029	/storage9920/home/tinghao.xia/Data_PT_V1/test/8qo2/seed_332/sample_2.pt	pre_refinement_aligned_rmsd_above_limit
test	8QO2	333	0	36.709723	30.000000	0.164459	/storage9920/home/tinghao.xia/Data_PT_V1/test/8qo2/seed_333/sample_0.pt	pre_refinement_aligned_rmsd_above_limit
test	8QO2	333	1	32.491063	30.000000	0.160447	/storage9920/home/tinghao.xia/Data_PT_V1/test/8qo2/seed_333/sample_1.pt	pre_refinement_aligned_rmsd_above_limit
test	8QO2	333	3	35.413920	30.000000	0.164412	/storage9920/home/tinghao.xia/Data_PT_V1/test/8qo2/seed_333/sample_3.pt	pre_refinement_aligned_rmsd_above_limit
test	8QO2	334	1	30.036602	30.000000	0.200476	/storage9920/home/tinghao.xia/Data_PT_V1/test/8qo2/seed_334/sample_1.pt	pre_refinement_aligned_rmsd_above_limit
test	8QO2	335	0	34.037775	30.000000	0.166031	/storage9920/home/tinghao.xia/Data_PT_V1/test/8qo2/seed_335/sample_0.pt	pre_refinement_aligned_rmsd_above_limit
test	8QO2	335	1	33.053473	30.000000	0.191674	/storage9920/home/tinghao.xia/Data_PT_V1/test/8qo2/seed_335/sample_1.pt	pre_refinement_aligned_rmsd_above_limit
test	8QO2	335	2	34.937718	30.000000	0.161585	/storage9920/home/tinghao.xia/Data_PT_V1/test/8qo2/seed_335/sample_2.pt	pre_refinement_aligned_rmsd_above_limit
test	8QO2	335	3	35.017250	30.000000	0.161652	/storage9920/home/tinghao.xia/Data_PT_V1/test/8qo2/seed_335/sample_3.pt	pre_refinement_aligned_rmsd_above_limit
test	8QO2	336	1	36.394139	30.000000	0.165608	/storage9920/home/tinghao.xia/Data_PT_V1/test/8qo2/seed_336/sample_1.pt	pre_refinement_aligned_rmsd_above_limit
test	8QO2	336	2	36.351807	30.000000	0.163984	/storage9920/home/tinghao.xia/Data_PT_V1/test/8qo2/seed_336/sample_2.pt	pre_refinement_aligned_rmsd_above_limit
test	8QO2	336	3	37.016242	30.000000	0.193738	/storage9920/home/tinghao.xia/Data_PT_V1/test/8qo2/seed_336/sample_3.pt	pre_refinement_aligned_rmsd_above_limit
test	8QO2	337	0	36.157021	30.000000	0.161858	/storage9920/home/tinghao.xia/Data_PT_V1/test/8qo2/seed_337/sample_0.pt	pre_refinement_aligned_rmsd_above_limit
test	8QO2	337	2	35.972407	30.000000	0.169302	/storage9920/home/tinghao.xia/Data_PT_V1/test/8qo2/seed_337/sample_2.pt	pre_refinement_aligned_rmsd_above_limit
test	8QO2	338	0	37.132983	30.000000	0.160302	/storage9920/home/tinghao.xia/Data_PT_V1/test/8qo2/seed_338/sample_0.pt	pre_refinement_aligned_rmsd_above_limit
test	8QO2	338	1	36.054827	30.000000	0.157296	/storage9920/home/tinghao.xia/Data_PT_V1/test/8qo2/seed_338/sample_1.pt	pre_refinement_aligned_rmsd_above_limit
test	8QO2	338	2	35.773565	30.000000	0.186152	/storage9920/home/tinghao.xia/Data_PT_V1/test/8qo2/seed_338/sample_2.pt	pre_refinement_aligned_rmsd_above_limit
test	8QO2	338	3	30.746947	30.000000	0.157244	/storage9920/home/tinghao.xia/Data_PT_V1/test/8qo2/seed_338/sample_3.pt	pre_refinement_aligned_rmsd_above_limit
test	8QO2	339	0	35.787544	30.000000	0.164460	/storage9920/home/tinghao.xia/Data_PT_V1/test/8qo2/seed_339/sample_0.pt	pre_refinement_aligned_rmsd_above_limit
test	8QO2	339	1	36.110385	30.000000	0.196860	/storage9920/home/tinghao.xia/Data_PT_V1/test/8qo2/seed_339/sample_1.pt	pre_refinement_aligned_rmsd_above_limit
test	8QO2	339	2	35.430041	30.000000	0.162360	/storage9920/home/tinghao.xia/Data_PT_V1/test/8qo2/seed_339/sample_2.pt	pre_refinement_aligned_rmsd_above_limit
test	8QO2	339	3	35.291159	30.000000	0.161712	/storage9920/home/tinghao.xia/Data_PT_V1/test/8qo2/seed_339/sample_3.pt	pre_refinement_aligned_rmsd_above_limit
test	8QO2	340	0	34.381936	30.000000	0.162207	/storage9920/home/tinghao.xia/Data_PT_V1/test/8qo2/seed_340/sample_0.pt	pre_refinement_aligned_rmsd_above_limit
test	8QO2	340	1	35.284356	30.000000	0.192723	/storage9920/home/tinghao.xia/Data_PT_V1/test/8qo2/seed_340/sample_1.pt	pre_refinement_aligned_rmsd_above_limit
test	8QO2	340	2	33.848073	30.000000	0.160018	/storage9920/home/tinghao.xia/Data_PT_V1/test/8qo2/seed_340/sample_2.pt	pre_refinement_aligned_rmsd_above_limit
test	8QO2	340	3	35.321379	30.000000	0.160995	/storage9920/home/tinghao.xia/Data_PT_V1/test/8qo2/seed_340/sample_3.pt	pre_refinement_aligned_rmsd_above_limit
test	8QO2	341	0	34.358458	30.000000	0.194784	/storage9920/home/tinghao.xia/Data_PT_V1/test/8qo2/seed_341/sample_0.pt	pre_refinement_aligned_rmsd_above_limit
test	8QO2	341	1	36.253290	30.000000	0.160991	/storage9920/home/tinghao.xia/Data_PT_V1/test/8qo2/seed_341/sample_1.pt	pre_refinement_aligned_rmsd_above_limit
test	8QO2	341	2	34.034101	30.000000	0.160908	/storage9920/home/tinghao.xia/Data_PT_V1/test/8qo2/seed_341/sample_2.pt	pre_refinement_aligned_rmsd_above_limit
test	8QO2	341	3	30.561129	30.000000	0.193472	/storage9920/home/tinghao.xia/Data_PT_V1/test/8qo2/seed_341/sample_3.pt	pre_refinement_aligned_rmsd_above_limit
test	8QO2	342	0	35.557874	30.000000	0.163935	/storage9920/home/tinghao.xia/Data_PT_V1/test/8qo2/seed_342/sample_0.pt	pre_refinement_aligned_rmsd_above_limit
test	8QO2	342	1	36.549821	30.000000	0.162152	/storage9920/home/tinghao.xia/Data_PT_V1/test/8qo2/seed_342/sample_1.pt	pre_refinement_aligned_rmsd_above_limit
test	8QO2	342	2	35.467448	30.000000	0.161633	/storage9920/home/tinghao.xia/Data_PT_V1/test/8qo2/seed_342/sample_2.pt	pre_refinement_aligned_rmsd_above_limit
test	8QO2	342	3	36.580446	30.000000	0.191982	/storage9920/home/tinghao.xia/Data_PT_V1/test/8qo2/seed_342/sample_3.pt	pre_refinement_aligned_rmsd_above_limit
test	8QO2	343	0	35.567279	30.000000	0.166172	/storage9920/home/tinghao.xia/Data_PT_V1/test/8qo2/seed_343/sample_0.pt	pre_refinement_aligned_rmsd_above_limit
test	8QO2	344	0	35.627298	30.000000	0.164351	/storage9920/home/tinghao.xia/Data_PT_V1/test/8qo2/seed_344/sample_0.pt	pre_refinement_aligned_rmsd_above_limit
test	8QO2	344	1	38.685645	30.000000	0.196545	/storage9920/home/tinghao.xia/Data_PT_V1/test/8qo2/seed_344/sample_1.pt	pre_refinement_aligned_rmsd_above_limit
test	8QO2	344	2	35.673362	30.000000	0.161113	/storage9920/home/tinghao.xia/Data_PT_V1/test/8qo2/seed_344/sample_2.pt	pre_refinement_aligned_rmsd_above_limit
test	8QO2	344	3	36.772269	30.000000	0.161141	/storage9920/home/tinghao.xia/Data_PT_V1/test/8qo2/seed_344/sample_3.pt	pre_refinement_aligned_rmsd_above_limit
test	8QO2	345	0	31.009871	30.000000	0.164186	/storage9920/home/tinghao.xia/Data_PT_V1/test/8qo2/seed_345/sample_0.pt	pre_refinement_aligned_rmsd_above_limit
test	8QO2	345	1	30.836873	30.000000	0.189835	/storage9920/home/tinghao.xia/Data_PT_V1/test/8qo2/seed_345/sample_1.pt	pre_refinement_aligned_rmsd_above_limit
test	8QO2	345	2	31.195141	30.000000	0.161143	/storage9920/home/tinghao.xia/Data_PT_V1/test/8qo2/seed_345/sample_2.pt	pre_refinement_aligned_rmsd_above_limit
test	8QO2	346	0	35.119604	30.000000	0.197383	/storage9920/home/tinghao.xia/Data_PT_V1/test/8qo2/seed_346/sample_0.pt	pre_refinement_aligned_rmsd_above_limit
test	8QO2	346	1	32.146069	30.000000	0.163000	/storage9920/home/tinghao.xia/Data_PT_V1/test/8qo2/seed_346/sample_1.pt	pre_refinement_aligned_rmsd_above_limit
test	8QO2	346	2	36.035387	30.000000	0.162017	/storage9920/home/tinghao.xia/Data_PT_V1/test/8qo2/seed_346/sample_2.pt	pre_refinement_aligned_rmsd_above_limit
test	8QO2	346	3	34.475864	30.000000	0.193954	/storage9920/home/tinghao.xia/Data_PT_V1/test/8qo2/seed_346/sample_3.pt	pre_refinement_aligned_rmsd_above_limit
test	8QO2	347	0	33.367021	30.000000	0.165732	/storage9920/home/tinghao.xia/Data_PT_V1/test/8qo2/seed_347/sample_0.pt	pre_refinement_aligned_rmsd_above_limit
test	8QO2	347	1	35.451465	30.000000	0.162263	/storage9920/home/tinghao.xia/Data_PT_V1/test/8qo2/seed_347/sample_1.pt	pre_refinement_aligned_rmsd_above_limit
test	8QO2	347	3	30.332167	30.000000	0.195645	/storage9920/home/tinghao.xia/Data_PT_V1/test/8qo2/seed_347/sample_3.pt	pre_refinement_aligned_rmsd_above_limit
test	8QO2	348	0	36.965979	30.000000	0.164808	/storage9920/home/tinghao.xia/Data_PT_V1/test/8qo2/seed_348/sample_0.pt	pre_refinement_aligned_rmsd_above_limit
test	8QO2	348	1	36.015883	30.000000	0.161850	/storage9920/home/tinghao.xia/Data_PT_V1/test/8qo2/seed_348/sample_1.pt	pre_refinement_aligned_rmsd_above_limit
test	8QO2	348	3	30.726132	30.000000	0.164887	/storage9920/home/tinghao.xia/Data_PT_V1/test/8qo2/seed_348/sample_3.pt	pre_refinement_aligned_rmsd_above_limit
test	8QO2	349	0	33.187995	30.000000	0.166449	/storage9920/home/tinghao.xia/Data_PT_V1/test/8qo2/seed_349/sample_0.pt	pre_refinement_aligned_rmsd_above_limit
test	8QO2	349	1	34.947627	30.000000	0.195251	/storage9920/home/tinghao.xia/Data_PT_V1/test/8qo2/seed_349/sample_1.pt	pre_refinement_aligned_rmsd_above_limit
test	8TVZ	300	0	41.512718	30.000000	0.465094	/storage9920/home/tinghao.xia/Data_PT_V1/test/8tvz/seed_300/sample_0.pt	pre_refinement_aligned_rmsd_above_limit
test	8TVZ	300	1	37.225459	30.000000	0.278809	/storage9920/home/tinghao.xia/Data_PT_V1/test/8tvz/seed_300/sample_1.pt	pre_refinement_aligned_rmsd_above_limit
test	8TVZ	300	2	39.616549	30.000000	0.309896	/storage9920/home/tinghao.xia/Data_PT_V1/test/8tvz/seed_300/sample_2.pt	pre_refinement_aligned_rmsd_above_limit
test	8TVZ	300	3	43.098702	30.000000	0.275685	/storage9920/home/tinghao.xia/Data_PT_V1/test/8tvz/seed_300/sample_3.pt	pre_refinement_aligned_rmsd_above_limit
test	8TVZ	301	0	41.721321	30.000000	0.309405	/storage9920/home/tinghao.xia/Data_PT_V1/test/8tvz/seed_301/sample_0.pt	pre_refinement_aligned_rmsd_above_limit
test	8TVZ	301	1	33.459002	30.000000	0.277725	/storage9920/home/tinghao.xia/Data_PT_V1/test/8tvz/seed_301/sample_1.pt	pre_refinement_aligned_rmsd_above_limit
test	8TVZ	301	2	42.792801	30.000000	0.277587	/storage9920/home/tinghao.xia/Data_PT_V1/test/8tvz/seed_301/sample_2.pt	pre_refinement_aligned_rmsd_above_limit
test	8TVZ	301	3	45.531428	30.000000	0.306287	/storage9920/home/tinghao.xia/Data_PT_V1/test/8tvz/seed_301/sample_3.pt	pre_refinement_aligned_rmsd_above_limit
test	8TVZ	302	0	41.907302	30.000000	0.276923	/storage9920/home/tinghao.xia/Data_PT_V1/test/8tvz/seed_302/sample_0.pt	pre_refinement_aligned_rmsd_above_limit
test	8TVZ	302	1	43.516918	30.000000	0.308756	/storage9920/home/tinghao.xia/Data_PT_V1/test/8tvz/seed_302/sample_1.pt	pre_refinement_aligned_rmsd_above_limit
test	8TVZ	302	2	46.116374	30.000000	0.277171	/storage9920/home/tinghao.xia/Data_PT_V1/test/8tvz/seed_302/sample_2.pt	pre_refinement_aligned_rmsd_above_limit
test	8TVZ	302	3	47.171019	30.000000	0.305165	/storage9920/home/tinghao.xia/Data_PT_V1/test/8tvz/seed_302/sample_3.pt	pre_refinement_aligned_rmsd_above_limit
test	8TVZ	303	0	40.945474	30.000000	0.279038	/storage9920/home/tinghao.xia/Data_PT_V1/test/8tvz/seed_303/sample_0.pt	pre_refinement_aligned_rmsd_above_limit
test	8TVZ	303	1	41.330704	30.000000	0.309226	/storage9920/home/tinghao.xia/Data_PT_V1/test/8tvz/seed_303/sample_1.pt	pre_refinement_aligned_rmsd_above_limit
test	8TVZ	303	2	42.567375	30.000000	0.275525	/storage9920/home/tinghao.xia/Data_PT_V1/test/8tvz/seed_303/sample_2.pt	pre_refinement_aligned_rmsd_above_limit
test	8TVZ	303	3	40.281833	30.000000	0.306375	/storage9920/home/tinghao.xia/Data_PT_V1/test/8tvz/seed_303/sample_3.pt	pre_refinement_aligned_rmsd_above_limit
test	8TVZ	304	0	33.631889	30.000000	0.277514	/storage9920/home/tinghao.xia/Data_PT_V1/test/8tvz/seed_304/sample_0.pt	pre_refinement_aligned_rmsd_above_limit
test	8TVZ	304	1	42.242358	30.000000	0.306709	/storage9920/home/tinghao.xia/Data_PT_V1/test/8tvz/seed_304/sample_1.pt	pre_refinement_aligned_rmsd_above_limit
test	8TVZ	304	2	43.133290	30.000000	0.275495	/storage9920/home/tinghao.xia/Data_PT_V1/test/8tvz/seed_304/sample_2.pt	pre_refinement_aligned_rmsd_above_limit
test	8TVZ	304	3	44.739539	30.000000	0.308100	/storage9920/home/tinghao.xia/Data_PT_V1/test/8tvz/seed_304/sample_3.pt	pre_refinement_aligned_rmsd_above_limit
test	8TVZ	305	0	40.264505	30.000000	0.278472	/storage9920/home/tinghao.xia/Data_PT_V1/test/8tvz/seed_305/sample_0.pt	pre_refinement_aligned_rmsd_above_limit
test	8TVZ	305	1	41.370210	30.000000	0.308141	/storage9920/home/tinghao.xia/Data_PT_V1/test/8tvz/seed_305/sample_1.pt	pre_refinement_aligned_rmsd_above_limit
test	8TVZ	305	2	43.034255	30.000000	0.275076	/storage9920/home/tinghao.xia/Data_PT_V1/test/8tvz/seed_305/sample_2.pt	pre_refinement_aligned_rmsd_above_limit
test	8TVZ	305	3	46.366049	30.000000	0.308894	/storage9920/home/tinghao.xia/Data_PT_V1/test/8tvz/seed_305/sample_3.pt	pre_refinement_aligned_rmsd_above_limit
test	8TVZ	306	0	42.777607	30.000000	0.277576	/storage9920/home/tinghao.xia/Data_PT_V1/test/8tvz/seed_306/sample_0.pt	pre_refinement_aligned_rmsd_above_limit
test	8TVZ	306	1	47.760903	30.000000	0.307412	/storage9920/home/tinghao.xia/Data_PT_V1/test/8tvz/seed_306/sample_1.pt	pre_refinement_aligned_rmsd_above_limit
test	8TVZ	306	2	52.476723	30.000000	0.277920	/storage9920/home/tinghao.xia/Data_PT_V1/test/8tvz/seed_306/sample_2.pt	pre_refinement_aligned_rmsd_above_limit
test	8TVZ	306	3	46.175354	30.000000	0.309638	/storage9920/home/tinghao.xia/Data_PT_V1/test/8tvz/seed_306/sample_3.pt	pre_refinement_aligned_rmsd_above_limit
test	8TVZ	307	0	40.375986	30.000000	0.278342	/storage9920/home/tinghao.xia/Data_PT_V1/test/8tvz/seed_307/sample_0.pt	pre_refinement_aligned_rmsd_above_limit
test	8TVZ	307	1	41.022518	30.000000	0.308926	/storage9920/home/tinghao.xia/Data_PT_V1/test/8tvz/seed_307/sample_1.pt	pre_refinement_aligned_rmsd_above_limit
test	8TVZ	307	2	41.630179	30.000000	0.277152	/storage9920/home/tinghao.xia/Data_PT_V1/test/8tvz/seed_307/sample_2.pt	pre_refinement_aligned_rmsd_above_limit
test	8TVZ	307	3	38.291393	30.000000	0.323329	/storage9920/home/tinghao.xia/Data_PT_V1/test/8tvz/seed_307/sample_3.pt	pre_refinement_aligned_rmsd_above_limit
test	8TVZ	308	0	40.095195	30.000000	0.287786	/storage9920/home/tinghao.xia/Data_PT_V1/test/8tvz/seed_308/sample_0.pt	pre_refinement_aligned_rmsd_above_limit
test	8TVZ	308	1	42.054072	30.000000	0.307663	/storage9920/home/tinghao.xia/Data_PT_V1/test/8tvz/seed_308/sample_1.pt	pre_refinement_aligned_rmsd_above_limit
test	8TVZ	308	2	38.693885	30.000000	0.276150	/storage9920/home/tinghao.xia/Data_PT_V1/test/8tvz/seed_308/sample_2.pt	pre_refinement_aligned_rmsd_above_limit
test	8TVZ	308	3	50.820271	30.000000	0.306804	/storage9920/home/tinghao.xia/Data_PT_V1/test/8tvz/seed_308/sample_3.pt	pre_refinement_aligned_rmsd_above_limit
test	8TVZ	309	0	40.446943	30.000000	0.278957	/storage9920/home/tinghao.xia/Data_PT_V1/test/8tvz/seed_309/sample_0.pt	pre_refinement_aligned_rmsd_above_limit
test	8TVZ	309	1	41.522429	30.000000	0.307203	/storage9920/home/tinghao.xia/Data_PT_V1/test/8tvz/seed_309/sample_1.pt	pre_refinement_aligned_rmsd_above_limit
test	8TVZ	309	2	42.231349	30.000000	0.275629	/storage9920/home/tinghao.xia/Data_PT_V1/test/8tvz/seed_309/sample_2.pt	pre_refinement_aligned_rmsd_above_limit
test	8TVZ	309	3	43.058830	30.000000	0.306048	/storage9920/home/tinghao.xia/Data_PT_V1/test/8tvz/seed_309/sample_3.pt	pre_refinement_aligned_rmsd_above_limit
test	8TVZ	310	0	43.400670	30.000000	0.279792	/storage9920/home/tinghao.xia/Data_PT_V1/test/8tvz/seed_310/sample_0.pt	pre_refinement_aligned_rmsd_above_limit
test	8TVZ	310	1	42.898021	30.000000	0.309922	/storage9920/home/tinghao.xia/Data_PT_V1/test/8tvz/seed_310/sample_1.pt	pre_refinement_aligned_rmsd_above_limit
test	8TVZ	310	2	40.970947	30.000000	0.275643	/storage9920/home/tinghao.xia/Data_PT_V1/test/8tvz/seed_310/sample_2.pt	pre_refinement_aligned_rmsd_above_limit
test	8TVZ	310	3	46.626183	30.000000	0.304889	/storage9920/home/tinghao.xia/Data_PT_V1/test/8tvz/seed_310/sample_3.pt	pre_refinement_aligned_rmsd_above_limit
test	8TVZ	311	0	39.645790	30.000000	0.277138	/storage9920/home/tinghao.xia/Data_PT_V1/test/8tvz/seed_311/sample_0.pt	pre_refinement_aligned_rmsd_above_limit
test	8TVZ	311	1	43.336142	30.000000	0.308427	/storage9920/home/tinghao.xia/Data_PT_V1/test/8tvz/seed_311/sample_1.pt	pre_refinement_aligned_rmsd_above_limit
test	8TVZ	311	2	42.101243	30.000000	0.275577	/storage9920/home/tinghao.xia/Data_PT_V1/test/8tvz/seed_311/sample_2.pt	pre_refinement_aligned_rmsd_above_limit
test	8TVZ	311	3	46.834852	30.000000	0.308318	/storage9920/home/tinghao.xia/Data_PT_V1/test/8tvz/seed_311/sample_3.pt	pre_refinement_aligned_rmsd_above_limit
test	8TVZ	312	0	40.359259	30.000000	0.278386	/storage9920/home/tinghao.xia/Data_PT_V1/test/8tvz/seed_312/sample_0.pt	pre_refinement_aligned_rmsd_above_limit
test	8TVZ	312	1	45.698958	30.000000	0.306883	/storage9920/home/tinghao.xia/Data_PT_V1/test/8tvz/seed_312/sample_1.pt	pre_refinement_aligned_rmsd_above_limit
test	8TVZ	312	2	46.426188	30.000000	0.278968	/storage9920/home/tinghao.xia/Data_PT_V1/test/8tvz/seed_312/sample_2.pt	pre_refinement_aligned_rmsd_above_limit
test	8TVZ	312	3	47.139806	30.000000	0.306301	/storage9920/home/tinghao.xia/Data_PT_V1/test/8tvz/seed_312/sample_3.pt	pre_refinement_aligned_rmsd_above_limit
test	8TVZ	313	0	41.691928	30.000000	0.277603	/storage9920/home/tinghao.xia/Data_PT_V1/test/8tvz/seed_313/sample_0.pt	pre_refinement_aligned_rmsd_above_limit
test	8TVZ	313	1	42.645873	30.000000	0.309146	/storage9920/home/tinghao.xia/Data_PT_V1/test/8tvz/seed_313/sample_1.pt	pre_refinement_aligned_rmsd_above_limit
test	8TVZ	313	2	41.935939	30.000000	0.276718	/storage9920/home/tinghao.xia/Data_PT_V1/test/8tvz/seed_313/sample_2.pt	pre_refinement_aligned_rmsd_above_limit
test	8TVZ	313	3	43.216004	30.000000	0.306109	/storage9920/home/tinghao.xia/Data_PT_V1/test/8tvz/seed_313/sample_3.pt	pre_refinement_aligned_rmsd_above_limit
test	8TVZ	314	0	49.538302	30.000000	0.278362	/storage9920/home/tinghao.xia/Data_PT_V1/test/8tvz/seed_314/sample_0.pt	pre_refinement_aligned_rmsd_above_limit
test	8TVZ	314	1	41.702152	30.000000	0.307022	/storage9920/home/tinghao.xia/Data_PT_V1/test/8tvz/seed_314/sample_1.pt	pre_refinement_aligned_rmsd_above_limit
test	8TVZ	314	2	42.400690	30.000000	0.276296	/storage9920/home/tinghao.xia/Data_PT_V1/test/8tvz/seed_314/sample_2.pt	pre_refinement_aligned_rmsd_above_limit
test	8TVZ	314	3	43.189594	30.000000	0.308638	/storage9920/home/tinghao.xia/Data_PT_V1/test/8tvz/seed_314/sample_3.pt	pre_refinement_aligned_rmsd_above_limit
test	8TVZ	315	0	42.348624	30.000000	0.277745	/storage9920/home/tinghao.xia/Data_PT_V1/test/8tvz/seed_315/sample_0.pt	pre_refinement_aligned_rmsd_above_limit
test	8TVZ	315	1	42.682337	30.000000	0.309815	/storage9920/home/tinghao.xia/Data_PT_V1/test/8tvz/seed_315/sample_1.pt	pre_refinement_aligned_rmsd_above_limit
test	8TVZ	315	2	43.351216	30.000000	0.277950	/storage9920/home/tinghao.xia/Data_PT_V1/test/8tvz/seed_315/sample_2.pt	pre_refinement_aligned_rmsd_above_limit
test	8TVZ	315	3	43.130031	30.000000	0.307238	/storage9920/home/tinghao.xia/Data_PT_V1/test/8tvz/seed_315/sample_3.pt	pre_refinement_aligned_rmsd_above_limit
test	8TVZ	316	0	40.367301	30.000000	0.278527	/storage9920/home/tinghao.xia/Data_PT_V1/test/8tvz/seed_316/sample_0.pt	pre_refinement_aligned_rmsd_above_limit
test	8TVZ	316	1	40.751231	30.000000	0.307970	/storage9920/home/tinghao.xia/Data_PT_V1/test/8tvz/seed_316/sample_1.pt	pre_refinement_aligned_rmsd_above_limit
test	8TVZ	316	2	44.949880	30.000000	0.276100	/storage9920/home/tinghao.xia/Data_PT_V1/test/8tvz/seed_316/sample_2.pt	pre_refinement_aligned_rmsd_above_limit
test	8TVZ	316	3	45.924173	30.000000	0.307134	/storage9920/home/tinghao.xia/Data_PT_V1/test/8tvz/seed_316/sample_3.pt	pre_refinement_aligned_rmsd_above_limit
test	8TVZ	317	0	41.033684	30.000000	0.277722	/storage9920/home/tinghao.xia/Data_PT_V1/test/8tvz/seed_317/sample_0.pt	pre_refinement_aligned_rmsd_above_limit
test	8TVZ	317	1	42.538250	30.000000	0.307722	/storage9920/home/tinghao.xia/Data_PT_V1/test/8tvz/seed_317/sample_1.pt	pre_refinement_aligned_rmsd_above_limit
test	8TVZ	317	2	46.422622	30.000000	0.274707	/storage9920/home/tinghao.xia/Data_PT_V1/test/8tvz/seed_317/sample_2.pt	pre_refinement_aligned_rmsd_above_limit
test	8TVZ	317	3	40.138987	30.000000	0.306779	/storage9920/home/tinghao.xia/Data_PT_V1/test/8tvz/seed_317/sample_3.pt	pre_refinement_aligned_rmsd_above_limit
test	8TVZ	318	0	41.669365	30.000000	0.277076	/storage9920/home/tinghao.xia/Data_PT_V1/test/8tvz/seed_318/sample_0.pt	pre_refinement_aligned_rmsd_above_limit
test	8TVZ	318	1	41.221837	30.000000	0.307979	/storage9920/home/tinghao.xia/Data_PT_V1/test/8tvz/seed_318/sample_1.pt	pre_refinement_aligned_rmsd_above_limit
test	8TVZ	318	2	41.124308	30.000000	0.278757	/storage9920/home/tinghao.xia/Data_PT_V1/test/8tvz/seed_318/sample_2.pt	pre_refinement_aligned_rmsd_above_limit
test	8TVZ	318	3	41.034379	30.000000	0.307492	/storage9920/home/tinghao.xia/Data_PT_V1/test/8tvz/seed_318/sample_3.pt	pre_refinement_aligned_rmsd_above_limit
test	8TVZ	319	0	42.502532	30.000000	0.277914	/storage9920/home/tinghao.xia/Data_PT_V1/test/8tvz/seed_319/sample_0.pt	pre_refinement_aligned_rmsd_above_limit
test	8TVZ	319	1	49.645614	30.000000	0.309548	/storage9920/home/tinghao.xia/Data_PT_V1/test/8tvz/seed_319/sample_1.pt	pre_refinement_aligned_rmsd_above_limit
test	8TVZ	319	2	44.651474	30.000000	0.277161	/storage9920/home/tinghao.xia/Data_PT_V1/test/8tvz/seed_319/sample_2.pt	pre_refinement_aligned_rmsd_above_limit
test	8TVZ	319	3	47.679060	30.000000	0.306529	/storage9920/home/tinghao.xia/Data_PT_V1/test/8tvz/seed_319/sample_3.pt	pre_refinement_aligned_rmsd_above_limit
test	8TVZ	320	0	40.288534	30.000000	0.277702	/storage9920/home/tinghao.xia/Data_PT_V1/test/8tvz/seed_320/sample_0.pt	pre_refinement_aligned_rmsd_above_limit
test	8TVZ	320	1	41.776538	30.000000	0.307167	/storage9920/home/tinghao.xia/Data_PT_V1/test/8tvz/seed_320/sample_1.pt	pre_refinement_aligned_rmsd_above_limit
test	8TVZ	320	2	41.119829	30.000000	0.276774	/storage9920/home/tinghao.xia/Data_PT_V1/test/8tvz/seed_320/sample_2.pt	pre_refinement_aligned_rmsd_above_limit
test	8TVZ	320	3	41.690359	30.000000	0.307370	/storage9920/home/tinghao.xia/Data_PT_V1/test/8tvz/seed_320/sample_3.pt	pre_refinement_aligned_rmsd_above_limit
test	8TVZ	321	0	39.562914	30.000000	0.278364	/storage9920/home/tinghao.xia/Data_PT_V1/test/8tvz/seed_321/sample_0.pt	pre_refinement_aligned_rmsd_above_limit
test	8TVZ	321	1	45.104710	30.000000	0.311728	/storage9920/home/tinghao.xia/Data_PT_V1/test/8tvz/seed_321/sample_1.pt	pre_refinement_aligned_rmsd_above_limit
test	8TVZ	321	2	47.236908	30.000000	0.275816	/storage9920/home/tinghao.xia/Data_PT_V1/test/8tvz/seed_321/sample_2.pt	pre_refinement_aligned_rmsd_above_limit
test	8TVZ	321	3	43.448891	30.000000	0.307050	/storage9920/home/tinghao.xia/Data_PT_V1/test/8tvz/seed_321/sample_3.pt	pre_refinement_aligned_rmsd_above_limit
test	8TVZ	322	0	38.805624	30.000000	0.280223	/storage9920/home/tinghao.xia/Data_PT_V1/test/8tvz/seed_322/sample_0.pt	pre_refinement_aligned_rmsd_above_limit
test	8TVZ	322	1	42.469146	30.000000	0.309327	/storage9920/home/tinghao.xia/Data_PT_V1/test/8tvz/seed_322/sample_1.pt	pre_refinement_aligned_rmsd_above_limit
test	8TVZ	322	2	46.524240	30.000000	0.280501	/storage9920/home/tinghao.xia/Data_PT_V1/test/8tvz/seed_322/sample_2.pt	pre_refinement_aligned_rmsd_above_limit
test	8TVZ	322	3	45.831385	30.000000	0.312254	/storage9920/home/tinghao.xia/Data_PT_V1/test/8tvz/seed_322/sample_3.pt	pre_refinement_aligned_rmsd_above_limit
test	8TVZ	323	0	38.373359	30.000000	0.279051	/storage9920/home/tinghao.xia/Data_PT_V1/test/8tvz/seed_323/sample_0.pt	pre_refinement_aligned_rmsd_above_limit
test	8TVZ	323	1	39.756269	30.000000	0.309196	/storage9920/home/tinghao.xia/Data_PT_V1/test/8tvz/seed_323/sample_1.pt	pre_refinement_aligned_rmsd_above_limit
test	8TVZ	323	2	43.993912	30.000000	0.278086	/storage9920/home/tinghao.xia/Data_PT_V1/test/8tvz/seed_323/sample_2.pt	pre_refinement_aligned_rmsd_above_limit
test	8TVZ	323	3	45.845211	30.000000	0.307923	/storage9920/home/tinghao.xia/Data_PT_V1/test/8tvz/seed_323/sample_3.pt	pre_refinement_aligned_rmsd_above_limit
test	8TVZ	324	0	43.319762	30.000000	0.277486	/storage9920/home/tinghao.xia/Data_PT_V1/test/8tvz/seed_324/sample_0.pt	pre_refinement_aligned_rmsd_above_limit
test	8TVZ	324	1	48.333204	30.000000	0.306357	/storage9920/home/tinghao.xia/Data_PT_V1/test/8tvz/seed_324/sample_1.pt	pre_refinement_aligned_rmsd_above_limit
test	8TVZ	324	2	46.234942	30.000000	0.276907	/storage9920/home/tinghao.xia/Data_PT_V1/test/8tvz/seed_324/sample_2.pt	pre_refinement_aligned_rmsd_above_limit
test	8TVZ	324	3	46.967001	30.000000	0.308449	/storage9920/home/tinghao.xia/Data_PT_V1/test/8tvz/seed_324/sample_3.pt	pre_refinement_aligned_rmsd_above_limit
test	8TVZ	325	0	40.952596	30.000000	0.280478	/storage9920/home/tinghao.xia/Data_PT_V1/test/8tvz/seed_325/sample_0.pt	pre_refinement_aligned_rmsd_above_limit
test	8TVZ	325	1	43.094932	30.000000	0.310512	/storage9920/home/tinghao.xia/Data_PT_V1/test/8tvz/seed_325/sample_1.pt	pre_refinement_aligned_rmsd_above_limit
test	8TVZ	325	2	41.908201	30.000000	0.275913	/storage9920/home/tinghao.xia/Data_PT_V1/test/8tvz/seed_325/sample_2.pt	pre_refinement_aligned_rmsd_above_limit
test	8TVZ	325	3	45.152086	30.000000	0.315408	/storage9920/home/tinghao.xia/Data_PT_V1/test/8tvz/seed_325/sample_3.pt	pre_refinement_aligned_rmsd_above_limit
test	8TVZ	326	0	37.544824	30.000000	0.283988	/storage9920/home/tinghao.xia/Data_PT_V1/test/8tvz/seed_326/sample_0.pt	pre_refinement_aligned_rmsd_above_limit
test	8TVZ	326	1	37.464207	30.000000	0.315449	/storage9920/home/tinghao.xia/Data_PT_V1/test/8tvz/seed_326/sample_1.pt	pre_refinement_aligned_rmsd_above_limit
test	8TVZ	326	2	39.805217	30.000000	0.284651	/storage9920/home/tinghao.xia/Data_PT_V1/test/8tvz/seed_326/sample_2.pt	pre_refinement_aligned_rmsd_above_limit
test	8TVZ	326	3	45.594802	30.000000	0.316599	/storage9920/home/tinghao.xia/Data_PT_V1/test/8tvz/seed_326/sample_3.pt	pre_refinement_aligned_rmsd_above_limit
test	8TVZ	327	0	42.797812	30.000000	0.285994	/storage9920/home/tinghao.xia/Data_PT_V1/test/8tvz/seed_327/sample_0.pt	pre_refinement_aligned_rmsd_above_limit
test	8TVZ	327	1	42.171169	30.000000	0.316862	/storage9920/home/tinghao.xia/Data_PT_V1/test/8tvz/seed_327/sample_1.pt	pre_refinement_aligned_rmsd_above_limit
test	8TVZ	327	2	43.109520	30.000000	0.285595	/storage9920/home/tinghao.xia/Data_PT_V1/test/8tvz/seed_327/sample_2.pt	pre_refinement_aligned_rmsd_above_limit
test	8TVZ	327	3	42.516196	30.000000	0.314711	/storage9920/home/tinghao.xia/Data_PT_V1/test/8tvz/seed_327/sample_3.pt	pre_refinement_aligned_rmsd_above_limit
test	8TVZ	328	0	39.980196	30.000000	0.285776	/storage9920/home/tinghao.xia/Data_PT_V1/test/8tvz/seed_328/sample_0.pt	pre_refinement_aligned_rmsd_above_limit
test	8TVZ	328	1	42.649398	30.000000	0.314629	/storage9920/home/tinghao.xia/Data_PT_V1/test/8tvz/seed_328/sample_1.pt	pre_refinement_aligned_rmsd_above_limit
test	8TVZ	328	2	43.493714	30.000000	0.285724	/storage9920/home/tinghao.xia/Data_PT_V1/test/8tvz/seed_328/sample_2.pt	pre_refinement_aligned_rmsd_above_limit
test	8TVZ	328	3	47.184137	30.000000	0.316122	/storage9920/home/tinghao.xia/Data_PT_V1/test/8tvz/seed_328/sample_3.pt	pre_refinement_aligned_rmsd_above_limit
test	8TVZ	329	0	43.013418	30.000000	0.284658	/storage9920/home/tinghao.xia/Data_PT_V1/test/8tvz/seed_329/sample_0.pt	pre_refinement_aligned_rmsd_above_limit
test	8TVZ	329	1	42.847589	30.000000	0.316958	/storage9920/home/tinghao.xia/Data_PT_V1/test/8tvz/seed_329/sample_1.pt	pre_refinement_aligned_rmsd_above_limit
test	8TVZ	329	2	43.440115	30.000000	0.284857	/storage9920/home/tinghao.xia/Data_PT_V1/test/8tvz/seed_329/sample_2.pt	pre_refinement_aligned_rmsd_above_limit
test	8TVZ	329	3	45.619793	30.000000	0.315903	/storage9920/home/tinghao.xia/Data_PT_V1/test/8tvz/seed_329/sample_3.pt	pre_refinement_aligned_rmsd_above_limit
test	8TVZ	330	0	41.616369	30.000000	0.284866	/storage9920/home/tinghao.xia/Data_PT_V1/test/8tvz/seed_330/sample_0.pt	pre_refinement_aligned_rmsd_above_limit
test	8TVZ	330	1	43.465041	30.000000	0.315773	/storage9920/home/tinghao.xia/Data_PT_V1/test/8tvz/seed_330/sample_1.pt	pre_refinement_aligned_rmsd_above_limit
test	8TVZ	330	2	43.088317	30.000000	0.285089	/storage9920/home/tinghao.xia/Data_PT_V1/test/8tvz/seed_330/sample_2.pt	pre_refinement_aligned_rmsd_above_limit
test	8TVZ	330	3	43.410708	30.000000	0.315325	/storage9920/home/tinghao.xia/Data_PT_V1/test/8tvz/seed_330/sample_3.pt	pre_refinement_aligned_rmsd_above_limit
test	8TVZ	331	0	41.436268	30.000000	0.287953	/storage9920/home/tinghao.xia/Data_PT_V1/test/8tvz/seed_331/sample_0.pt	pre_refinement_aligned_rmsd_above_limit
test	8TVZ	331	1	44.406135	30.000000	0.317293	/storage9920/home/tinghao.xia/Data_PT_V1/test/8tvz/seed_331/sample_1.pt	pre_refinement_aligned_rmsd_above_limit
test	8TVZ	331	2	39.091099	30.000000	0.285632	/storage9920/home/tinghao.xia/Data_PT_V1/test/8tvz/seed_331/sample_2.pt	pre_refinement_aligned_rmsd_above_limit
test	8TVZ	331	3	45.565542	30.000000	0.316509	/storage9920/home/tinghao.xia/Data_PT_V1/test/8tvz/seed_331/sample_3.pt	pre_refinement_aligned_rmsd_above_limit
test	8TVZ	332	0	41.286169	30.000000	0.288139	/storage9920/home/tinghao.xia/Data_PT_V1/test/8tvz/seed_332/sample_0.pt	pre_refinement_aligned_rmsd_above_limit
test	8TVZ	332	1	46.543910	30.000000	0.319965	/storage9920/home/tinghao.xia/Data_PT_V1/test/8tvz/seed_332/sample_1.pt	pre_refinement_aligned_rmsd_above_limit
test	8TVZ	332	2	41.541576	30.000000	0.285927	/storage9920/home/tinghao.xia/Data_PT_V1/test/8tvz/seed_332/sample_2.pt	pre_refinement_aligned_rmsd_above_limit
test	8TVZ	332	3	46.805337	30.000000	0.316197	/storage9920/home/tinghao.xia/Data_PT_V1/test/8tvz/seed_332/sample_3.pt	pre_refinement_aligned_rmsd_above_limit
test	8TVZ	333	0	40.974056	30.000000	0.286890	/storage9920/home/tinghao.xia/Data_PT_V1/test/8tvz/seed_333/sample_0.pt	pre_refinement_aligned_rmsd_above_limit
test	8TVZ	333	1	46.907399	30.000000	0.319226	/storage9920/home/tinghao.xia/Data_PT_V1/test/8tvz/seed_333/sample_1.pt	pre_refinement_aligned_rmsd_above_limit
test	8TVZ	333	2	43.317130	30.000000	0.286430	/storage9920/home/tinghao.xia/Data_PT_V1/test/8tvz/seed_333/sample_2.pt	pre_refinement_aligned_rmsd_above_limit
test	8TVZ	333	3	50.318301	30.000000	0.316674	/storage9920/home/tinghao.xia/Data_PT_V1/test/8tvz/seed_333/sample_3.pt	pre_refinement_aligned_rmsd_above_limit
test	8TVZ	334	0	41.031024	30.000000	0.287390	/storage9920/home/tinghao.xia/Data_PT_V1/test/8tvz/seed_334/sample_0.pt	pre_refinement_aligned_rmsd_above_limit
test	8TVZ	334	1	43.008797	30.000000	0.314829	/storage9920/home/tinghao.xia/Data_PT_V1/test/8tvz/seed_334/sample_1.pt	pre_refinement_aligned_rmsd_above_limit
test	8TVZ	334	2	42.624853	30.000000	0.284169	/storage9920/home/tinghao.xia/Data_PT_V1/test/8tvz/seed_334/sample_2.pt	pre_refinement_aligned_rmsd_above_limit
test	8TVZ	334	3	45.288654	30.000000	0.315812	/storage9920/home/tinghao.xia/Data_PT_V1/test/8tvz/seed_334/sample_3.pt	pre_refinement_aligned_rmsd_above_limit
test	8TVZ	335	0	41.705402	30.000000	0.287413	/storage9920/home/tinghao.xia/Data_PT_V1/test/8tvz/seed_335/sample_0.pt	pre_refinement_aligned_rmsd_above_limit
test	8TVZ	335	1	41.657951	30.000000	0.318037	/storage9920/home/tinghao.xia/Data_PT_V1/test/8tvz/seed_335/sample_1.pt	pre_refinement_aligned_rmsd_above_limit
test	8TVZ	335	2	42.132704	30.000000	0.288518	/storage9920/home/tinghao.xia/Data_PT_V1/test/8tvz/seed_335/sample_2.pt	pre_refinement_aligned_rmsd_above_limit
test	8TVZ	335	3	46.085659	30.000000	0.316368	/storage9920/home/tinghao.xia/Data_PT_V1/test/8tvz/seed_335/sample_3.pt	pre_refinement_aligned_rmsd_above_limit
test	8TVZ	336	0	42.504627	30.000000	0.286951	/storage9920/home/tinghao.xia/Data_PT_V1/test/8tvz/seed_336/sample_0.pt	pre_refinement_aligned_rmsd_above_limit
test	8TVZ	336	1	42.336097	30.000000	0.315390	/storage9920/home/tinghao.xia/Data_PT_V1/test/8tvz/seed_336/sample_1.pt	pre_refinement_aligned_rmsd_above_limit
test	8TVZ	336	2	44.905615	30.000000	0.285749	/storage9920/home/tinghao.xia/Data_PT_V1/test/8tvz/seed_336/sample_2.pt	pre_refinement_aligned_rmsd_above_limit
test	8TVZ	336	3	45.573678	30.000000	0.317257	/storage9920/home/tinghao.xia/Data_PT_V1/test/8tvz/seed_336/sample_3.pt	pre_refinement_aligned_rmsd_above_limit
test	8TVZ	337	0	40.890377	30.000000	0.286509	/storage9920/home/tinghao.xia/Data_PT_V1/test/8tvz/seed_337/sample_0.pt	pre_refinement_aligned_rmsd_above_limit
test	8TVZ	337	1	43.403041	30.000000	0.318103	/storage9920/home/tinghao.xia/Data_PT_V1/test/8tvz/seed_337/sample_1.pt	pre_refinement_aligned_rmsd_above_limit
test	8TVZ	337	2	44.145094	30.000000	0.288545	/storage9920/home/tinghao.xia/Data_PT_V1/test/8tvz/seed_337/sample_2.pt	pre_refinement_aligned_rmsd_above_limit
test	8TVZ	337	3	42.478498	30.000000	0.318062	/storage9920/home/tinghao.xia/Data_PT_V1/test/8tvz/seed_337/sample_3.pt	pre_refinement_aligned_rmsd_above_limit
test	8TVZ	338	0	41.445483	30.000000	0.285432	/storage9920/home/tinghao.xia/Data_PT_V1/test/8tvz/seed_338/sample_0.pt	pre_refinement_aligned_rmsd_above_limit
test	8TVZ	338	1	42.190670	30.000000	0.315028	/storage9920/home/tinghao.xia/Data_PT_V1/test/8tvz/seed_338/sample_1.pt	pre_refinement_aligned_rmsd_above_limit
test	8TVZ	338	2	41.549187	30.000000	0.286414	/storage9920/home/tinghao.xia/Data_PT_V1/test/8tvz/seed_338/sample_2.pt	pre_refinement_aligned_rmsd_above_limit
test	8TVZ	338	3	33.973780	30.000000	0.318223	/storage9920/home/tinghao.xia/Data_PT_V1/test/8tvz/seed_338/sample_3.pt	pre_refinement_aligned_rmsd_above_limit
test	8TVZ	339	0	46.399589	30.000000	0.287229	/storage9920/home/tinghao.xia/Data_PT_V1/test/8tvz/seed_339/sample_0.pt	pre_refinement_aligned_rmsd_above_limit
test	8TVZ	339	1	45.592870	30.000000	0.318732	/storage9920/home/tinghao.xia/Data_PT_V1/test/8tvz/seed_339/sample_1.pt	pre_refinement_aligned_rmsd_above_limit
test	8TVZ	339	2	48.733184	30.000000	0.287551	/storage9920/home/tinghao.xia/Data_PT_V1/test/8tvz/seed_339/sample_2.pt	pre_refinement_aligned_rmsd_above_limit
test	8TVZ	339	3	47.054291	30.000000	0.316337	/storage9920/home/tinghao.xia/Data_PT_V1/test/8tvz/seed_339/sample_3.pt	pre_refinement_aligned_rmsd_above_limit
test	8TVZ	340	0	41.866620	30.000000	0.286852	/storage9920/home/tinghao.xia/Data_PT_V1/test/8tvz/seed_340/sample_0.pt	pre_refinement_aligned_rmsd_above_limit
test	8TVZ	340	1	43.123845	30.000000	0.316782	/storage9920/home/tinghao.xia/Data_PT_V1/test/8tvz/seed_340/sample_1.pt	pre_refinement_aligned_rmsd_above_limit
test	8TVZ	340	2	40.102810	30.000000	0.284325	/storage9920/home/tinghao.xia/Data_PT_V1/test/8tvz/seed_340/sample_2.pt	pre_refinement_aligned_rmsd_above_limit
test	8TVZ	340	3	38.633459	30.000000	0.317906	/storage9920/home/tinghao.xia/Data_PT_V1/test/8tvz/seed_340/sample_3.pt	pre_refinement_aligned_rmsd_above_limit
test	8TVZ	341	0	36.918094	30.000000	0.291047	/storage9920/home/tinghao.xia/Data_PT_V1/test/8tvz/seed_341/sample_0.pt	pre_refinement_aligned_rmsd_above_limit
test	8TVZ	341	1	42.610071	30.000000	0.317602	/storage9920/home/tinghao.xia/Data_PT_V1/test/8tvz/seed_341/sample_1.pt	pre_refinement_aligned_rmsd_above_limit
test	8TVZ	341	2	45.681493	30.000000	0.286706	/storage9920/home/tinghao.xia/Data_PT_V1/test/8tvz/seed_341/sample_2.pt	pre_refinement_aligned_rmsd_above_limit
test	8TVZ	341	3	46.282838	30.000000	0.314039	/storage9920/home/tinghao.xia/Data_PT_V1/test/8tvz/seed_341/sample_3.pt	pre_refinement_aligned_rmsd_above_limit
test	8TVZ	342	0	41.336763	30.000000	0.330231	/storage9920/home/tinghao.xia/Data_PT_V1/test/8tvz/seed_342/sample_0.pt	pre_refinement_aligned_rmsd_above_limit
test	8TVZ	342	1	41.982746	30.000000	0.319722	/storage9920/home/tinghao.xia/Data_PT_V1/test/8tvz/seed_342/sample_1.pt	pre_refinement_aligned_rmsd_above_limit
test	8TVZ	342	2	43.414108	30.000000	0.348109	/storage9920/home/tinghao.xia/Data_PT_V1/test/8tvz/seed_342/sample_2.pt	pre_refinement_aligned_rmsd_above_limit
test	8TVZ	342	3	46.409640	30.000000	0.317133	/storage9920/home/tinghao.xia/Data_PT_V1/test/8tvz/seed_342/sample_3.pt	pre_refinement_aligned_rmsd_above_limit
test	8TVZ	343	0	42.683314	30.000000	0.287012	/storage9920/home/tinghao.xia/Data_PT_V1/test/8tvz/seed_343/sample_0.pt	pre_refinement_aligned_rmsd_above_limit
test	8TVZ	343	1	41.516417	30.000000	0.321831	/storage9920/home/tinghao.xia/Data_PT_V1/test/8tvz/seed_343/sample_1.pt	pre_refinement_aligned_rmsd_above_limit
test	8TVZ	343	2	42.620604	30.000000	0.286787	/storage9920/home/tinghao.xia/Data_PT_V1/test/8tvz/seed_343/sample_2.pt	pre_refinement_aligned_rmsd_above_limit
test	8TVZ	343	3	46.728101	30.000000	0.317912	/storage9920/home/tinghao.xia/Data_PT_V1/test/8tvz/seed_343/sample_3.pt	pre_refinement_aligned_rmsd_above_limit
test	8TVZ	344	0	41.489448	30.000000	0.286778	/storage9920/home/tinghao.xia/Data_PT_V1/test/8tvz/seed_344/sample_0.pt	pre_refinement_aligned_rmsd_above_limit
test	8TVZ	344	1	41.325272	30.000000	0.316158	/storage9920/home/tinghao.xia/Data_PT_V1/test/8tvz/seed_344/sample_1.pt	pre_refinement_aligned_rmsd_above_limit
test	8TVZ	344	2	42.067699	30.000000	0.285592	/storage9920/home/tinghao.xia/Data_PT_V1/test/8tvz/seed_344/sample_2.pt	pre_refinement_aligned_rmsd_above_limit
test	8TVZ	344	3	40.592943	30.000000	0.318820	/storage9920/home/tinghao.xia/Data_PT_V1/test/8tvz/seed_344/sample_3.pt	pre_refinement_aligned_rmsd_above_limit
test	8TVZ	345	0	47.075916	30.000000	0.288922	/storage9920/home/tinghao.xia/Data_PT_V1/test/8tvz/seed_345/sample_0.pt	pre_refinement_aligned_rmsd_above_limit
test	8TVZ	345	1	44.639597	30.000000	0.320373	/storage9920/home/tinghao.xia/Data_PT_V1/test/8tvz/seed_345/sample_1.pt	pre_refinement_aligned_rmsd_above_limit
test	8TVZ	345	2	41.479720	30.000000	0.325969	/storage9920/home/tinghao.xia/Data_PT_V1/test/8tvz/seed_345/sample_2.pt	pre_refinement_aligned_rmsd_above_limit
test	8TVZ	345	3	35.524064	30.000000	0.315845	/storage9920/home/tinghao.xia/Data_PT_V1/test/8tvz/seed_345/sample_3.pt	pre_refinement_aligned_rmsd_above_limit
test	8TVZ	346	0	41.216949	30.000000	0.288805	/storage9920/home/tinghao.xia/Data_PT_V1/test/8tvz/seed_346/sample_0.pt	pre_refinement_aligned_rmsd_above_limit
test	8TVZ	346	1	42.060375	30.000000	0.319153	/storage9920/home/tinghao.xia/Data_PT_V1/test/8tvz/seed_346/sample_1.pt	pre_refinement_aligned_rmsd_above_limit
test	8TVZ	346	2	43.665254	30.000000	0.286539	/storage9920/home/tinghao.xia/Data_PT_V1/test/8tvz/seed_346/sample_2.pt	pre_refinement_aligned_rmsd_above_limit
test	8TVZ	346	3	43.779781	30.000000	0.318118	/storage9920/home/tinghao.xia/Data_PT_V1/test/8tvz/seed_346/sample_3.pt	pre_refinement_aligned_rmsd_above_limit
test	8TVZ	347	0	36.821200	30.000000	0.285891	/storage9920/home/tinghao.xia/Data_PT_V1/test/8tvz/seed_347/sample_0.pt	pre_refinement_aligned_rmsd_above_limit
test	8TVZ	347	1	39.639158	30.000000	0.317697	/storage9920/home/tinghao.xia/Data_PT_V1/test/8tvz/seed_347/sample_1.pt	pre_refinement_aligned_rmsd_above_limit
test	8TVZ	347	2	45.553706	30.000000	0.276320	/storage9920/home/tinghao.xia/Data_PT_V1/test/8tvz/seed_347/sample_2.pt	pre_refinement_aligned_rmsd_above_limit
test	8TVZ	347	3	46.984753	30.000000	0.309868	/storage9920/home/tinghao.xia/Data_PT_V1/test/8tvz/seed_347/sample_3.pt	pre_refinement_aligned_rmsd_above_limit
test	8TVZ	348	0	42.897795	30.000000	0.278246	/storage9920/home/tinghao.xia/Data_PT_V1/test/8tvz/seed_348/sample_0.pt	pre_refinement_aligned_rmsd_above_limit
test	8TVZ	348	1	42.970065	30.000000	0.309693	/storage9920/home/tinghao.xia/Data_PT_V1/test/8tvz/seed_348/sample_1.pt	pre_refinement_aligned_rmsd_above_limit
test	8TVZ	348	2	45.069410	30.000000	0.276082	/storage9920/home/tinghao.xia/Data_PT_V1/test/8tvz/seed_348/sample_2.pt	pre_refinement_aligned_rmsd_above_limit
test	8TVZ	348	3	47.793008	30.000000	0.307319	/storage9920/home/tinghao.xia/Data_PT_V1/test/8tvz/seed_348/sample_3.pt	pre_refinement_aligned_rmsd_above_limit
test	8TVZ	349	0	45.500689	30.000000	0.280164	/storage9920/home/tinghao.xia/Data_PT_V1/test/8tvz/seed_349/sample_0.pt	pre_refinement_aligned_rmsd_above_limit
test	8TVZ	349	1	41.399380	30.000000	0.311980	/storage9920/home/tinghao.xia/Data_PT_V1/test/8tvz/seed_349/sample_1.pt	pre_refinement_aligned_rmsd_above_limit
test	8TVZ	349	2	42.938073	30.000000	0.277518	/storage9920/home/tinghao.xia/Data_PT_V1/test/8tvz/seed_349/sample_2.pt	pre_refinement_aligned_rmsd_above_limit
test	8TVZ	349	3	45.488289	30.000000	0.308463	/storage9920/home/tinghao.xia/Data_PT_V1/test/8tvz/seed_349/sample_3.pt	pre_refinement_aligned_rmsd_above_limit
test	8XTS	300	0	44.833917	30.000000	1.169054	/storage9920/home/tinghao.xia/Data_PT_V1/test/8xts/seed_300/sample_0.pt	pre_refinement_aligned_rmsd_above_limit
test	8XTS	300	1	45.839334	30.000000	0.971292	/storage9920/home/tinghao.xia/Data_PT_V1/test/8xts/seed_300/sample_1.pt	pre_refinement_aligned_rmsd_above_limit
test	8XTS	300	2	47.529697	30.000000	0.975789	/storage9920/home/tinghao.xia/Data_PT_V1/test/8xts/seed_300/sample_2.pt	pre_refinement_aligned_rmsd_above_limit
test	8XTS	300	3	47.027674	30.000000	0.976693	/storage9920/home/tinghao.xia/Data_PT_V1/test/8xts/seed_300/sample_3.pt	pre_refinement_aligned_rmsd_above_limit
test	8XTS	301	0	48.521886	30.000000	0.905076	/storage9920/home/tinghao.xia/Data_PT_V1/test/8xts/seed_301/sample_0.pt	pre_refinement_aligned_rmsd_above_limit
test	8XTS	301	1	47.634827	30.000000	0.960313	/storage9920/home/tinghao.xia/Data_PT_V1/test/8xts/seed_301/sample_1.pt	pre_refinement_aligned_rmsd_above_limit
test	8XTS	301	2	39.902500	30.000000	0.959062	/storage9920/home/tinghao.xia/Data_PT_V1/test/8xts/seed_301/sample_2.pt	pre_refinement_aligned_rmsd_above_limit
test	8XTS	301	3	42.270146	30.000000	1.017219	/storage9920/home/tinghao.xia/Data_PT_V1/test/8xts/seed_301/sample_3.pt	pre_refinement_aligned_rmsd_above_limit
test	8XTS	302	0	41.360865	30.000000	0.906098	/storage9920/home/tinghao.xia/Data_PT_V1/test/8xts/seed_302/sample_0.pt	pre_refinement_aligned_rmsd_above_limit
test	8XTS	302	1	39.204911	30.000000	0.966387	/storage9920/home/tinghao.xia/Data_PT_V1/test/8xts/seed_302/sample_1.pt	pre_refinement_aligned_rmsd_above_limit
test	8XTS	302	2	40.238609	30.000000	0.965065	/storage9920/home/tinghao.xia/Data_PT_V1/test/8xts/seed_302/sample_2.pt	pre_refinement_aligned_rmsd_above_limit
test	8XTS	302	3	40.869006	30.000000	1.018539	/storage9920/home/tinghao.xia/Data_PT_V1/test/8xts/seed_302/sample_3.pt	pre_refinement_aligned_rmsd_above_limit
test	8XTS	303	0	48.334691	30.000000	0.904991	/storage9920/home/tinghao.xia/Data_PT_V1/test/8xts/seed_303/sample_0.pt	pre_refinement_aligned_rmsd_above_limit
test	8XTS	303	1	47.156255	30.000000	0.963264	/storage9920/home/tinghao.xia/Data_PT_V1/test/8xts/seed_303/sample_1.pt	pre_refinement_aligned_rmsd_above_limit
test	8XTS	303	2	50.469981	30.000000	0.956281	/storage9920/home/tinghao.xia/Data_PT_V1/test/8xts/seed_303/sample_2.pt	pre_refinement_aligned_rmsd_above_limit
test	8XTS	303	3	50.880580	30.000000	1.023841	/storage9920/home/tinghao.xia/Data_PT_V1/test/8xts/seed_303/sample_3.pt	pre_refinement_aligned_rmsd_above_limit
test	8XTS	304	0	46.393301	30.000000	0.902160	/storage9920/home/tinghao.xia/Data_PT_V1/test/8xts/seed_304/sample_0.pt	pre_refinement_aligned_rmsd_above_limit
test	8XTS	304	1	46.386948	30.000000	0.959153	/storage9920/home/tinghao.xia/Data_PT_V1/test/8xts/seed_304/sample_1.pt	pre_refinement_aligned_rmsd_above_limit
test	8XTS	304	2	47.643380	30.000000	0.953865	/storage9920/home/tinghao.xia/Data_PT_V1/test/8xts/seed_304/sample_2.pt	pre_refinement_aligned_rmsd_above_limit
test	8XTS	304	3	50.845435	30.000000	1.018617	/storage9920/home/tinghao.xia/Data_PT_V1/test/8xts/seed_304/sample_3.pt	pre_refinement_aligned_rmsd_above_limit
test	8XTS	305	0	39.535886	30.000000	0.908710	/storage9920/home/tinghao.xia/Data_PT_V1/test/8xts/seed_305/sample_0.pt	pre_refinement_aligned_rmsd_above_limit
test	8XTS	305	1	37.628575	30.000000	0.955602	/storage9920/home/tinghao.xia/Data_PT_V1/test/8xts/seed_305/sample_1.pt	pre_refinement_aligned_rmsd_above_limit
test	8XTS	305	2	41.212764	30.000000	0.958143	/storage9920/home/tinghao.xia/Data_PT_V1/test/8xts/seed_305/sample_2.pt	pre_refinement_aligned_rmsd_above_limit
test	8XTS	305	3	39.245928	30.000000	1.008236	/storage9920/home/tinghao.xia/Data_PT_V1/test/8xts/seed_305/sample_3.pt	pre_refinement_aligned_rmsd_above_limit
test	8XTS	306	0	49.132969	30.000000	0.899031	/storage9920/home/tinghao.xia/Data_PT_V1/test/8xts/seed_306/sample_0.pt	pre_refinement_aligned_rmsd_above_limit
test	8XTS	306	1	45.577116	30.000000	0.953395	/storage9920/home/tinghao.xia/Data_PT_V1/test/8xts/seed_306/sample_1.pt	pre_refinement_aligned_rmsd_above_limit
test	8XTS	306	2	43.705257	30.000000	0.949588	/storage9920/home/tinghao.xia/Data_PT_V1/test/8xts/seed_306/sample_2.pt	pre_refinement_aligned_rmsd_above_limit
test	8XTS	306	3	41.934278	30.000000	1.016395	/storage9920/home/tinghao.xia/Data_PT_V1/test/8xts/seed_306/sample_3.pt	pre_refinement_aligned_rmsd_above_limit
test	8XTS	307	0	43.672585	30.000000	0.897611	/storage9920/home/tinghao.xia/Data_PT_V1/test/8xts/seed_307/sample_0.pt	pre_refinement_aligned_rmsd_above_limit
test	8XTS	307	1	44.657259	30.000000	0.948630	/storage9920/home/tinghao.xia/Data_PT_V1/test/8xts/seed_307/sample_1.pt	pre_refinement_aligned_rmsd_above_limit
test	8XTS	307	2	43.361175	30.000000	0.947442	/storage9920/home/tinghao.xia/Data_PT_V1/test/8xts/seed_307/sample_2.pt	pre_refinement_aligned_rmsd_above_limit
test	8XTS	307	3	41.699494	30.000000	1.007986	/storage9920/home/tinghao.xia/Data_PT_V1/test/8xts/seed_307/sample_3.pt	pre_refinement_aligned_rmsd_above_limit
test	8XTS	308	0	45.731680	30.000000	0.901565	/storage9920/home/tinghao.xia/Data_PT_V1/test/8xts/seed_308/sample_0.pt	pre_refinement_aligned_rmsd_above_limit
test	8XTS	308	1	46.340784	30.000000	0.952716	/storage9920/home/tinghao.xia/Data_PT_V1/test/8xts/seed_308/sample_1.pt	pre_refinement_aligned_rmsd_above_limit
test	8XTS	308	2	45.435355	30.000000	0.948748	/storage9920/home/tinghao.xia/Data_PT_V1/test/8xts/seed_308/sample_2.pt	pre_refinement_aligned_rmsd_above_limit
test	8XTS	308	3	47.363368	30.000000	1.004441	/storage9920/home/tinghao.xia/Data_PT_V1/test/8xts/seed_308/sample_3.pt	pre_refinement_aligned_rmsd_above_limit
test	8XTS	309	0	46.214501	30.000000	0.897721	/storage9920/home/tinghao.xia/Data_PT_V1/test/8xts/seed_309/sample_0.pt	pre_refinement_aligned_rmsd_above_limit
test	8XTS	309	1	41.806097	30.000000	0.950516	/storage9920/home/tinghao.xia/Data_PT_V1/test/8xts/seed_309/sample_1.pt	pre_refinement_aligned_rmsd_above_limit
test	8XTS	309	2	42.192016	30.000000	0.945372	/storage9920/home/tinghao.xia/Data_PT_V1/test/8xts/seed_309/sample_2.pt	pre_refinement_aligned_rmsd_above_limit
test	8XTS	309	3	42.856757	30.000000	1.005311	/storage9920/home/tinghao.xia/Data_PT_V1/test/8xts/seed_309/sample_3.pt	pre_refinement_aligned_rmsd_above_limit
test	8XTS	310	0	50.459997	30.000000	0.893922	/storage9920/home/tinghao.xia/Data_PT_V1/test/8xts/seed_310/sample_0.pt	pre_refinement_aligned_rmsd_above_limit
test	8XTS	310	1	45.652065	30.000000	0.945998	/storage9920/home/tinghao.xia/Data_PT_V1/test/8xts/seed_310/sample_1.pt	pre_refinement_aligned_rmsd_above_limit
test	8XTS	310	2	48.386959	30.000000	0.944282	/storage9920/home/tinghao.xia/Data_PT_V1/test/8xts/seed_310/sample_2.pt	pre_refinement_aligned_rmsd_above_limit
test	8XTS	310	3	43.505187	30.000000	1.001821	/storage9920/home/tinghao.xia/Data_PT_V1/test/8xts/seed_310/sample_3.pt	pre_refinement_aligned_rmsd_above_limit
test	8XTS	311	0	46.118073	30.000000	0.897827	/storage9920/home/tinghao.xia/Data_PT_V1/test/8xts/seed_311/sample_0.pt	pre_refinement_aligned_rmsd_above_limit
test	8XTS	311	1	48.386718	30.000000	0.951514	/storage9920/home/tinghao.xia/Data_PT_V1/test/8xts/seed_311/sample_1.pt	pre_refinement_aligned_rmsd_above_limit
test	8XTS	311	2	50.415989	30.000000	0.948868	/storage9920/home/tinghao.xia/Data_PT_V1/test/8xts/seed_311/sample_2.pt	pre_refinement_aligned_rmsd_above_limit
test	8XTS	311	3	49.043605	30.000000	1.023069	/storage9920/home/tinghao.xia/Data_PT_V1/test/8xts/seed_311/sample_3.pt	pre_refinement_aligned_rmsd_above_limit
test	8XTS	312	0	48.460289	30.000000	0.898876	/storage9920/home/tinghao.xia/Data_PT_V1/test/8xts/seed_312/sample_0.pt	pre_refinement_aligned_rmsd_above_limit
test	8XTS	312	1	46.086567	30.000000	0.950889	/storage9920/home/tinghao.xia/Data_PT_V1/test/8xts/seed_312/sample_1.pt	pre_refinement_aligned_rmsd_above_limit
test	8XTS	312	2	47.082399	30.000000	0.946429	/storage9920/home/tinghao.xia/Data_PT_V1/test/8xts/seed_312/sample_2.pt	pre_refinement_aligned_rmsd_above_limit
test	8XTS	312	3	48.128627	30.000000	1.015171	/storage9920/home/tinghao.xia/Data_PT_V1/test/8xts/seed_312/sample_3.pt	pre_refinement_aligned_rmsd_above_limit
test	8XTS	313	0	43.357449	30.000000	0.897815	/storage9920/home/tinghao.xia/Data_PT_V1/test/8xts/seed_313/sample_0.pt	pre_refinement_aligned_rmsd_above_limit
test	8XTS	313	1	45.624547	30.000000	0.946569	/storage9920/home/tinghao.xia/Data_PT_V1/test/8xts/seed_313/sample_1.pt	pre_refinement_aligned_rmsd_above_limit
test	8XTS	313	2	43.534543	30.000000	0.943499	/storage9920/home/tinghao.xia/Data_PT_V1/test/8xts/seed_313/sample_2.pt	pre_refinement_aligned_rmsd_above_limit
test	8XTS	313	3	46.939311	30.000000	1.010420	/storage9920/home/tinghao.xia/Data_PT_V1/test/8xts/seed_313/sample_3.pt	pre_refinement_aligned_rmsd_above_limit
test	8XTS	314	0	44.872498	30.000000	0.894799	/storage9920/home/tinghao.xia/Data_PT_V1/test/8xts/seed_314/sample_0.pt	pre_refinement_aligned_rmsd_above_limit
test	8XTS	314	1	49.565578	30.000000	0.948155	/storage9920/home/tinghao.xia/Data_PT_V1/test/8xts/seed_314/sample_1.pt	pre_refinement_aligned_rmsd_above_limit
test	8XTS	314	2	51.146519	30.000000	0.944383	/storage9920/home/tinghao.xia/Data_PT_V1/test/8xts/seed_314/sample_2.pt	pre_refinement_aligned_rmsd_above_limit
test	8XTS	314	3	49.334131	30.000000	1.009797	/storage9920/home/tinghao.xia/Data_PT_V1/test/8xts/seed_314/sample_3.pt	pre_refinement_aligned_rmsd_above_limit
test	8XTS	315	0	40.719848	30.000000	0.894033	/storage9920/home/tinghao.xia/Data_PT_V1/test/8xts/seed_315/sample_0.pt	pre_refinement_aligned_rmsd_above_limit
test	8XTS	315	1	48.531596	30.000000	0.950234	/storage9920/home/tinghao.xia/Data_PT_V1/test/8xts/seed_315/sample_1.pt	pre_refinement_aligned_rmsd_above_limit
test	8XTS	315	2	41.957053	30.000000	0.957525	/storage9920/home/tinghao.xia/Data_PT_V1/test/8xts/seed_315/sample_2.pt	pre_refinement_aligned_rmsd_above_limit
test	8XTS	315	3	43.834188	30.000000	1.012637	/storage9920/home/tinghao.xia/Data_PT_V1/test/8xts/seed_315/sample_3.pt	pre_refinement_aligned_rmsd_above_limit
test	8XTS	316	0	44.498483	30.000000	0.897730	/storage9920/home/tinghao.xia/Data_PT_V1/test/8xts/seed_316/sample_0.pt	pre_refinement_aligned_rmsd_above_limit
test	8XTS	316	1	48.180299	30.000000	0.948375	/storage9920/home/tinghao.xia/Data_PT_V1/test/8xts/seed_316/sample_1.pt	pre_refinement_aligned_rmsd_above_limit
test	8XTS	316	2	43.815511	30.000000	0.955241	/storage9920/home/tinghao.xia/Data_PT_V1/test/8xts/seed_316/sample_2.pt	pre_refinement_aligned_rmsd_above_limit
test	8XTS	316	3	46.387009	30.000000	1.008796	/storage9920/home/tinghao.xia/Data_PT_V1/test/8xts/seed_316/sample_3.pt	pre_refinement_aligned_rmsd_above_limit
test	8XTS	317	0	38.334891	30.000000	0.897470	/storage9920/home/tinghao.xia/Data_PT_V1/test/8xts/seed_317/sample_0.pt	pre_refinement_aligned_rmsd_above_limit
test	8XTS	317	1	52.415980	30.000000	0.948461	/storage9920/home/tinghao.xia/Data_PT_V1/test/8xts/seed_317/sample_1.pt	pre_refinement_aligned_rmsd_above_limit
test	8XTS	317	2	51.749314	30.000000	0.938567	/storage9920/home/tinghao.xia/Data_PT_V1/test/8xts/seed_317/sample_2.pt	pre_refinement_aligned_rmsd_above_limit
test	8XTS	317	3	56.035834	30.000000	1.004542	/storage9920/home/tinghao.xia/Data_PT_V1/test/8xts/seed_317/sample_3.pt	pre_refinement_aligned_rmsd_above_limit
test	8XTS	318	0	48.947346	30.000000	0.893786	/storage9920/home/tinghao.xia/Data_PT_V1/test/8xts/seed_318/sample_0.pt	pre_refinement_aligned_rmsd_above_limit
test	8XTS	318	1	51.081581	30.000000	0.945900	/storage9920/home/tinghao.xia/Data_PT_V1/test/8xts/seed_318/sample_1.pt	pre_refinement_aligned_rmsd_above_limit
test	8XTS	318	2	49.140375	30.000000	0.944754	/storage9920/home/tinghao.xia/Data_PT_V1/test/8xts/seed_318/sample_2.pt	pre_refinement_aligned_rmsd_above_limit
test	8XTS	318	3	46.159760	30.000000	0.999284	/storage9920/home/tinghao.xia/Data_PT_V1/test/8xts/seed_318/sample_3.pt	pre_refinement_aligned_rmsd_above_limit
test	8XTS	319	0	49.661434	30.000000	0.898039	/storage9920/home/tinghao.xia/Data_PT_V1/test/8xts/seed_319/sample_0.pt	pre_refinement_aligned_rmsd_above_limit
test	8XTS	319	1	48.563996	30.000000	0.954778	/storage9920/home/tinghao.xia/Data_PT_V1/test/8xts/seed_319/sample_1.pt	pre_refinement_aligned_rmsd_above_limit
test	8XTS	319	2	47.240647	30.000000	0.953459	/storage9920/home/tinghao.xia/Data_PT_V1/test/8xts/seed_319/sample_2.pt	pre_refinement_aligned_rmsd_above_limit
test	8XTS	319	3	48.570080	30.000000	1.016359	/storage9920/home/tinghao.xia/Data_PT_V1/test/8xts/seed_319/sample_3.pt	pre_refinement_aligned_rmsd_above_limit
test	8XTS	320	0	38.579936	30.000000	0.894604	/storage9920/home/tinghao.xia/Data_PT_V1/test/8xts/seed_320/sample_0.pt	pre_refinement_aligned_rmsd_above_limit
test	8XTS	320	1	41.362170	30.000000	0.945419	/storage9920/home/tinghao.xia/Data_PT_V1/test/8xts/seed_320/sample_1.pt	pre_refinement_aligned_rmsd_above_limit
test	8XTS	320	2	39.378874	30.000000	0.944282	/storage9920/home/tinghao.xia/Data_PT_V1/test/8xts/seed_320/sample_2.pt	pre_refinement_aligned_rmsd_above_limit
test	8XTS	320	3	53.269188	30.000000	1.014327	/storage9920/home/tinghao.xia/Data_PT_V1/test/8xts/seed_320/sample_3.pt	pre_refinement_aligned_rmsd_above_limit
test	8XTS	321	0	47.122773	30.000000	0.895367	/storage9920/home/tinghao.xia/Data_PT_V1/test/8xts/seed_321/sample_0.pt	pre_refinement_aligned_rmsd_above_limit
test	8XTS	321	1	43.922107	30.000000	0.947029	/storage9920/home/tinghao.xia/Data_PT_V1/test/8xts/seed_321/sample_1.pt	pre_refinement_aligned_rmsd_above_limit
test	8XTS	321	2	45.865865	30.000000	0.940650	/storage9920/home/tinghao.xia/Data_PT_V1/test/8xts/seed_321/sample_2.pt	pre_refinement_aligned_rmsd_above_limit
test	8XTS	321	3	45.458032	30.000000	1.000907	/storage9920/home/tinghao.xia/Data_PT_V1/test/8xts/seed_321/sample_3.pt	pre_refinement_aligned_rmsd_above_limit
test	8XTS	322	0	50.522615	30.000000	0.890376	/storage9920/home/tinghao.xia/Data_PT_V1/test/8xts/seed_322/sample_0.pt	pre_refinement_aligned_rmsd_above_limit
test	8XTS	322	1	48.672208	30.000000	0.950137	/storage9920/home/tinghao.xia/Data_PT_V1/test/8xts/seed_322/sample_1.pt	pre_refinement_aligned_rmsd_above_limit
test	8XTS	322	2	51.688863	30.000000	0.949205	/storage9920/home/tinghao.xia/Data_PT_V1/test/8xts/seed_322/sample_2.pt	pre_refinement_aligned_rmsd_above_limit
test	8XTS	322	3	47.780075	30.000000	1.039142	/storage9920/home/tinghao.xia/Data_PT_V1/test/8xts/seed_322/sample_3.pt	pre_refinement_aligned_rmsd_above_limit
test	8XTS	323	0	33.396892	30.000000	0.900714	/storage9920/home/tinghao.xia/Data_PT_V1/test/8xts/seed_323/sample_0.pt	pre_refinement_aligned_rmsd_above_limit
test	8XTS	323	1	35.283062	30.000000	0.952584	/storage9920/home/tinghao.xia/Data_PT_V1/test/8xts/seed_323/sample_1.pt	pre_refinement_aligned_rmsd_above_limit
test	8XTS	323	2	35.104010	30.000000	0.947921	/storage9920/home/tinghao.xia/Data_PT_V1/test/8xts/seed_323/sample_2.pt	pre_refinement_aligned_rmsd_above_limit
test	8XTS	323	3	35.084058	30.000000	1.014615	/storage9920/home/tinghao.xia/Data_PT_V1/test/8xts/seed_323/sample_3.pt	pre_refinement_aligned_rmsd_above_limit
test	8XTS	324	0	39.670130	30.000000	0.895860	/storage9920/home/tinghao.xia/Data_PT_V1/test/8xts/seed_324/sample_0.pt	pre_refinement_aligned_rmsd_above_limit
test	8XTS	324	1	44.792545	30.000000	0.956185	/storage9920/home/tinghao.xia/Data_PT_V1/test/8xts/seed_324/sample_1.pt	pre_refinement_aligned_rmsd_above_limit
test	8XTS	324	2	40.829072	30.000000	0.946098	/storage9920/home/tinghao.xia/Data_PT_V1/test/8xts/seed_324/sample_2.pt	pre_refinement_aligned_rmsd_above_limit
test	8XTS	324	3	45.282533	30.000000	1.007583	/storage9920/home/tinghao.xia/Data_PT_V1/test/8xts/seed_324/sample_3.pt	pre_refinement_aligned_rmsd_above_limit
test	8XTS	325	0	49.708221	30.000000	0.891700	/storage9920/home/tinghao.xia/Data_PT_V1/test/8xts/seed_325/sample_0.pt	pre_refinement_aligned_rmsd_above_limit
test	8XTS	325	1	51.382977	30.000000	0.947501	/storage9920/home/tinghao.xia/Data_PT_V1/test/8xts/seed_325/sample_1.pt	pre_refinement_aligned_rmsd_above_limit
test	8XTS	325	2	48.791990	30.000000	0.958703	/storage9920/home/tinghao.xia/Data_PT_V1/test/8xts/seed_325/sample_2.pt	pre_refinement_aligned_rmsd_above_limit
test	8XTS	325	3	49.607585	30.000000	1.041745	/storage9920/home/tinghao.xia/Data_PT_V1/test/8xts/seed_325/sample_3.pt	pre_refinement_aligned_rmsd_above_limit
test	8XTS	326	0	43.099965	30.000000	0.906627	/storage9920/home/tinghao.xia/Data_PT_V1/test/8xts/seed_326/sample_0.pt	pre_refinement_aligned_rmsd_above_limit
test	8XTS	326	1	43.694258	30.000000	0.944835	/storage9920/home/tinghao.xia/Data_PT_V1/test/8xts/seed_326/sample_1.pt	pre_refinement_aligned_rmsd_above_limit
test	8XTS	326	2	44.094465	30.000000	0.944906	/storage9920/home/tinghao.xia/Data_PT_V1/test/8xts/seed_326/sample_2.pt	pre_refinement_aligned_rmsd_above_limit
test	8XTS	326	3	43.986727	30.000000	1.001446	/storage9920/home/tinghao.xia/Data_PT_V1/test/8xts/seed_326/sample_3.pt	pre_refinement_aligned_rmsd_above_limit
test	8XTS	327	0	49.612646	30.000000	0.893858	/storage9920/home/tinghao.xia/Data_PT_V1/test/8xts/seed_327/sample_0.pt	pre_refinement_aligned_rmsd_above_limit
test	8XTS	327	1	47.466728	30.000000	0.948553	/storage9920/home/tinghao.xia/Data_PT_V1/test/8xts/seed_327/sample_1.pt	pre_refinement_aligned_rmsd_above_limit
test	8XTS	327	2	49.507265	30.000000	0.947197	/storage9920/home/tinghao.xia/Data_PT_V1/test/8xts/seed_327/sample_2.pt	pre_refinement_aligned_rmsd_above_limit
test	8XTS	327	3	49.186723	30.000000	1.005821	/storage9920/home/tinghao.xia/Data_PT_V1/test/8xts/seed_327/sample_3.pt	pre_refinement_aligned_rmsd_above_limit
test	8XTS	328	0	39.408048	30.000000	0.898646	/storage9920/home/tinghao.xia/Data_PT_V1/test/8xts/seed_328/sample_0.pt	pre_refinement_aligned_rmsd_above_limit
test	8XTS	328	1	45.156874	30.000000	0.950486	/storage9920/home/tinghao.xia/Data_PT_V1/test/8xts/seed_328/sample_1.pt	pre_refinement_aligned_rmsd_above_limit
test	8XTS	328	2	45.421961	30.000000	0.947226	/storage9920/home/tinghao.xia/Data_PT_V1/test/8xts/seed_328/sample_2.pt	pre_refinement_aligned_rmsd_above_limit
test	8XTS	328	3	41.328428	30.000000	1.009899	/storage9920/home/tinghao.xia/Data_PT_V1/test/8xts/seed_328/sample_3.pt	pre_refinement_aligned_rmsd_above_limit
test	8XTS	329	0	38.026293	30.000000	0.937296	/storage9920/home/tinghao.xia/Data_PT_V1/test/8xts/seed_329/sample_0.pt	pre_refinement_aligned_rmsd_above_limit
test	8XTS	329	1	45.965165	30.000000	0.946974	/storage9920/home/tinghao.xia/Data_PT_V1/test/8xts/seed_329/sample_1.pt	pre_refinement_aligned_rmsd_above_limit
test	8XTS	329	2	53.038815	30.000000	0.945987	/storage9920/home/tinghao.xia/Data_PT_V1/test/8xts/seed_329/sample_2.pt	pre_refinement_aligned_rmsd_above_limit
test	8XTS	329	3	47.269947	30.000000	1.005669	/storage9920/home/tinghao.xia/Data_PT_V1/test/8xts/seed_329/sample_3.pt	pre_refinement_aligned_rmsd_above_limit
test	8XTS	330	0	33.841633	30.000000	0.896617	/storage9920/home/tinghao.xia/Data_PT_V1/test/8xts/seed_330/sample_0.pt	pre_refinement_aligned_rmsd_above_limit
test	8XTS	330	1	51.723950	30.000000	0.946782	/storage9920/home/tinghao.xia/Data_PT_V1/test/8xts/seed_330/sample_1.pt	pre_refinement_aligned_rmsd_above_limit
test	8XTS	330	2	53.424548	30.000000	0.941817	/storage9920/home/tinghao.xia/Data_PT_V1/test/8xts/seed_330/sample_2.pt	pre_refinement_aligned_rmsd_above_limit
test	8XTS	330	3	43.475605	30.000000	1.004621	/storage9920/home/tinghao.xia/Data_PT_V1/test/8xts/seed_330/sample_3.pt	pre_refinement_aligned_rmsd_above_limit
test	8XTS	331	0	43.055492	30.000000	0.893810	/storage9920/home/tinghao.xia/Data_PT_V1/test/8xts/seed_331/sample_0.pt	pre_refinement_aligned_rmsd_above_limit
test	8XTS	331	1	37.225431	30.000000	0.943165	/storage9920/home/tinghao.xia/Data_PT_V1/test/8xts/seed_331/sample_1.pt	pre_refinement_aligned_rmsd_above_limit
test	8XTS	331	2	45.931459	30.000000	0.944549	/storage9920/home/tinghao.xia/Data_PT_V1/test/8xts/seed_331/sample_2.pt	pre_refinement_aligned_rmsd_above_limit
test	8XTS	331	3	51.017831	30.000000	1.003986	/storage9920/home/tinghao.xia/Data_PT_V1/test/8xts/seed_331/sample_3.pt	pre_refinement_aligned_rmsd_above_limit
test	8XTS	332	0	44.204733	30.000000	0.890303	/storage9920/home/tinghao.xia/Data_PT_V1/test/8xts/seed_332/sample_0.pt	pre_refinement_aligned_rmsd_above_limit
test	8XTS	332	1	50.820352	30.000000	0.943850	/storage9920/home/tinghao.xia/Data_PT_V1/test/8xts/seed_332/sample_1.pt	pre_refinement_aligned_rmsd_above_limit
test	8XTS	332	2	35.441631	30.000000	0.942766	/storage9920/home/tinghao.xia/Data_PT_V1/test/8xts/seed_332/sample_2.pt	pre_refinement_aligned_rmsd_above_limit
test	8XTS	332	3	52.253481	30.000000	1.002393	/storage9920/home/tinghao.xia/Data_PT_V1/test/8xts/seed_332/sample_3.pt	pre_refinement_aligned_rmsd_above_limit
test	8XTS	333	0	40.070634	30.000000	0.897526	/storage9920/home/tinghao.xia/Data_PT_V1/test/8xts/seed_333/sample_0.pt	pre_refinement_aligned_rmsd_above_limit
test	8XTS	333	1	38.073500	30.000000	0.948821	/storage9920/home/tinghao.xia/Data_PT_V1/test/8xts/seed_333/sample_1.pt	pre_refinement_aligned_rmsd_above_limit
test	8XTS	333	2	40.789945	30.000000	0.945797	/storage9920/home/tinghao.xia/Data_PT_V1/test/8xts/seed_333/sample_2.pt	pre_refinement_aligned_rmsd_above_limit
test	8XTS	333	3	38.423688	30.000000	1.006790	/storage9920/home/tinghao.xia/Data_PT_V1/test/8xts/seed_333/sample_3.pt	pre_refinement_aligned_rmsd_above_limit
test	8XTS	334	0	42.611404	30.000000	0.897683	/storage9920/home/tinghao.xia/Data_PT_V1/test/8xts/seed_334/sample_0.pt	pre_refinement_aligned_rmsd_above_limit
test	8XTS	334	1	50.913712	30.000000	0.947380	/storage9920/home/tinghao.xia/Data_PT_V1/test/8xts/seed_334/sample_1.pt	pre_refinement_aligned_rmsd_above_limit
test	8XTS	334	2	44.324132	30.000000	0.943290	/storage9920/home/tinghao.xia/Data_PT_V1/test/8xts/seed_334/sample_2.pt	pre_refinement_aligned_rmsd_above_limit
test	8XTS	334	3	44.660081	30.000000	1.006955	/storage9920/home/tinghao.xia/Data_PT_V1/test/8xts/seed_334/sample_3.pt	pre_refinement_aligned_rmsd_above_limit
test	8XTS	335	0	47.529718	30.000000	0.894818	/storage9920/home/tinghao.xia/Data_PT_V1/test/8xts/seed_335/sample_0.pt	pre_refinement_aligned_rmsd_above_limit
test	8XTS	335	1	48.106121	30.000000	0.951881	/storage9920/home/tinghao.xia/Data_PT_V1/test/8xts/seed_335/sample_1.pt	pre_refinement_aligned_rmsd_above_limit
test	8XTS	335	2	36.055830	30.000000	0.943380	/storage9920/home/tinghao.xia/Data_PT_V1/test/8xts/seed_335/sample_2.pt	pre_refinement_aligned_rmsd_above_limit
test	8XTS	335	3	36.061264	30.000000	1.001381	/storage9920/home/tinghao.xia/Data_PT_V1/test/8xts/seed_335/sample_3.pt	pre_refinement_aligned_rmsd_above_limit
test	8XTS	336	0	44.215321	30.000000	0.896538	/storage9920/home/tinghao.xia/Data_PT_V1/test/8xts/seed_336/sample_0.pt	pre_refinement_aligned_rmsd_above_limit
test	8XTS	336	1	44.300581	30.000000	0.954040	/storage9920/home/tinghao.xia/Data_PT_V1/test/8xts/seed_336/sample_1.pt	pre_refinement_aligned_rmsd_above_limit
test	8XTS	336	2	43.967894	30.000000	0.946597	/storage9920/home/tinghao.xia/Data_PT_V1/test/8xts/seed_336/sample_2.pt	pre_refinement_aligned_rmsd_above_limit
test	8XTS	336	3	44.566613	30.000000	1.007232	/storage9920/home/tinghao.xia/Data_PT_V1/test/8xts/seed_336/sample_3.pt	pre_refinement_aligned_rmsd_above_limit
test	8XTS	337	0	39.756529	30.000000	0.889734	/storage9920/home/tinghao.xia/Data_PT_V1/test/8xts/seed_337/sample_0.pt	pre_refinement_aligned_rmsd_above_limit
test	8XTS	337	1	42.019353	30.000000	0.945896	/storage9920/home/tinghao.xia/Data_PT_V1/test/8xts/seed_337/sample_1.pt	pre_refinement_aligned_rmsd_above_limit
test	8XTS	337	2	52.894590	30.000000	0.943610	/storage9920/home/tinghao.xia/Data_PT_V1/test/8xts/seed_337/sample_2.pt	pre_refinement_aligned_rmsd_above_limit
test	8XTS	337	3	44.570826	30.000000	1.006019	/storage9920/home/tinghao.xia/Data_PT_V1/test/8xts/seed_337/sample_3.pt	pre_refinement_aligned_rmsd_above_limit
test	8XTS	338	0	39.581959	30.000000	0.899753	/storage9920/home/tinghao.xia/Data_PT_V1/test/8xts/seed_338/sample_0.pt	pre_refinement_aligned_rmsd_above_limit
test	8XTS	338	1	38.452461	30.000000	0.949370	/storage9920/home/tinghao.xia/Data_PT_V1/test/8xts/seed_338/sample_1.pt	pre_refinement_aligned_rmsd_above_limit
test	8XTS	338	2	38.691116	30.000000	0.946003	/storage9920/home/tinghao.xia/Data_PT_V1/test/8xts/seed_338/sample_2.pt	pre_refinement_aligned_rmsd_above_limit
test	8XTS	338	3	38.800232	30.000000	1.000810	/storage9920/home/tinghao.xia/Data_PT_V1/test/8xts/seed_338/sample_3.pt	pre_refinement_aligned_rmsd_above_limit
test	8XTS	339	0	51.754996	30.000000	0.897527	/storage9920/home/tinghao.xia/Data_PT_V1/test/8xts/seed_339/sample_0.pt	pre_refinement_aligned_rmsd_above_limit
test	8XTS	339	1	49.715653	30.000000	0.949244	/storage9920/home/tinghao.xia/Data_PT_V1/test/8xts/seed_339/sample_1.pt	pre_refinement_aligned_rmsd_above_limit
test	8XTS	339	2	49.347153	30.000000	0.948267	/storage9920/home/tinghao.xia/Data_PT_V1/test/8xts/seed_339/sample_2.pt	pre_refinement_aligned_rmsd_above_limit
test	8XTS	339	3	52.131482	30.000000	1.014910	/storage9920/home/tinghao.xia/Data_PT_V1/test/8xts/seed_339/sample_3.pt	pre_refinement_aligned_rmsd_above_limit
test	8XTS	340	0	36.676485	30.000000	0.893724	/storage9920/home/tinghao.xia/Data_PT_V1/test/8xts/seed_340/sample_0.pt	pre_refinement_aligned_rmsd_above_limit
test	8XTS	340	1	33.076041	30.000000	0.948481	/storage9920/home/tinghao.xia/Data_PT_V1/test/8xts/seed_340/sample_1.pt	pre_refinement_aligned_rmsd_above_limit
test	8XTS	340	2	43.761096	30.000000	0.943612	/storage9920/home/tinghao.xia/Data_PT_V1/test/8xts/seed_340/sample_2.pt	pre_refinement_aligned_rmsd_above_limit
test	8XTS	340	3	33.385512	30.000000	1.004970	/storage9920/home/tinghao.xia/Data_PT_V1/test/8xts/seed_340/sample_3.pt	pre_refinement_aligned_rmsd_above_limit
test	8XTS	341	0	51.167521	30.000000	0.897660	/storage9920/home/tinghao.xia/Data_PT_V1/test/8xts/seed_341/sample_0.pt	pre_refinement_aligned_rmsd_above_limit
test	8XTS	341	1	49.415086	30.000000	0.945935	/storage9920/home/tinghao.xia/Data_PT_V1/test/8xts/seed_341/sample_1.pt	pre_refinement_aligned_rmsd_above_limit
test	8XTS	341	2	47.223787	30.000000	0.942979	/storage9920/home/tinghao.xia/Data_PT_V1/test/8xts/seed_341/sample_2.pt	pre_refinement_aligned_rmsd_above_limit
test	8XTS	341	3	47.868149	30.000000	1.004250	/storage9920/home/tinghao.xia/Data_PT_V1/test/8xts/seed_341/sample_3.pt	pre_refinement_aligned_rmsd_above_limit
test	8XTS	342	0	40.902849	30.000000	0.895437	/storage9920/home/tinghao.xia/Data_PT_V1/test/8xts/seed_342/sample_0.pt	pre_refinement_aligned_rmsd_above_limit
test	8XTS	342	1	51.228108	30.000000	0.943062	/storage9920/home/tinghao.xia/Data_PT_V1/test/8xts/seed_342/sample_1.pt	pre_refinement_aligned_rmsd_above_limit
test	8XTS	342	2	47.717659	30.000000	0.938316	/storage9920/home/tinghao.xia/Data_PT_V1/test/8xts/seed_342/sample_2.pt	pre_refinement_aligned_rmsd_above_limit
test	8XTS	342	3	49.306818	30.000000	1.004481	/storage9920/home/tinghao.xia/Data_PT_V1/test/8xts/seed_342/sample_3.pt	pre_refinement_aligned_rmsd_above_limit
test	8XTS	343	0	42.590102	30.000000	0.897217	/storage9920/home/tinghao.xia/Data_PT_V1/test/8xts/seed_343/sample_0.pt	pre_refinement_aligned_rmsd_above_limit
test	8XTS	343	1	41.808297	30.000000	0.957574	/storage9920/home/tinghao.xia/Data_PT_V1/test/8xts/seed_343/sample_1.pt	pre_refinement_aligned_rmsd_above_limit
test	8XTS	343	2	45.311918	30.000000	0.949597	/storage9920/home/tinghao.xia/Data_PT_V1/test/8xts/seed_343/sample_2.pt	pre_refinement_aligned_rmsd_above_limit
test	8XTS	343	3	41.752179	30.000000	0.999479	/storage9920/home/tinghao.xia/Data_PT_V1/test/8xts/seed_343/sample_3.pt	pre_refinement_aligned_rmsd_above_limit
test	8XTS	344	0	39.490258	30.000000	0.897127	/storage9920/home/tinghao.xia/Data_PT_V1/test/8xts/seed_344/sample_0.pt	pre_refinement_aligned_rmsd_above_limit
test	8XTS	344	1	45.837289	30.000000	0.954285	/storage9920/home/tinghao.xia/Data_PT_V1/test/8xts/seed_344/sample_1.pt	pre_refinement_aligned_rmsd_above_limit
test	8XTS	344	2	38.192308	30.000000	0.947869	/storage9920/home/tinghao.xia/Data_PT_V1/test/8xts/seed_344/sample_2.pt	pre_refinement_aligned_rmsd_above_limit
test	8XTS	344	3	39.710397	30.000000	1.007477	/storage9920/home/tinghao.xia/Data_PT_V1/test/8xts/seed_344/sample_3.pt	pre_refinement_aligned_rmsd_above_limit
test	8XTS	345	0	48.302727	30.000000	0.891803	/storage9920/home/tinghao.xia/Data_PT_V1/test/8xts/seed_345/sample_0.pt	pre_refinement_aligned_rmsd_above_limit
test	8XTS	345	1	46.083046	30.000000	0.947546	/storage9920/home/tinghao.xia/Data_PT_V1/test/8xts/seed_345/sample_1.pt	pre_refinement_aligned_rmsd_above_limit
test	8XTS	345	2	34.705702	30.000000	0.943215	/storage9920/home/tinghao.xia/Data_PT_V1/test/8xts/seed_345/sample_2.pt	pre_refinement_aligned_rmsd_above_limit
test	8XTS	345	3	38.052273	30.000000	1.015283	/storage9920/home/tinghao.xia/Data_PT_V1/test/8xts/seed_345/sample_3.pt	pre_refinement_aligned_rmsd_above_limit
test	8XTS	346	0	44.240323	30.000000	0.894673	/storage9920/home/tinghao.xia/Data_PT_V1/test/8xts/seed_346/sample_0.pt	pre_refinement_aligned_rmsd_above_limit
test	8XTS	346	1	42.349585	30.000000	0.945207	/storage9920/home/tinghao.xia/Data_PT_V1/test/8xts/seed_346/sample_1.pt	pre_refinement_aligned_rmsd_above_limit
test	8XTS	346	2	43.039852	30.000000	0.943358	/storage9920/home/tinghao.xia/Data_PT_V1/test/8xts/seed_346/sample_2.pt	pre_refinement_aligned_rmsd_above_limit
test	8XTS	346	3	42.385891	30.000000	1.010848	/storage9920/home/tinghao.xia/Data_PT_V1/test/8xts/seed_346/sample_3.pt	pre_refinement_aligned_rmsd_above_limit
test	8XTS	347	0	42.078806	30.000000	0.897467	/storage9920/home/tinghao.xia/Data_PT_V1/test/8xts/seed_347/sample_0.pt	pre_refinement_aligned_rmsd_above_limit
test	8XTS	347	1	40.925643	30.000000	0.951407	/storage9920/home/tinghao.xia/Data_PT_V1/test/8xts/seed_347/sample_1.pt	pre_refinement_aligned_rmsd_above_limit
test	8XTS	347	2	41.278211	30.000000	0.948323	/storage9920/home/tinghao.xia/Data_PT_V1/test/8xts/seed_347/sample_2.pt	pre_refinement_aligned_rmsd_above_limit
test	8XTS	347	3	41.193263	30.000000	1.011779	/storage9920/home/tinghao.xia/Data_PT_V1/test/8xts/seed_347/sample_3.pt	pre_refinement_aligned_rmsd_above_limit
test	8XTS	348	0	46.031779	30.000000	0.896561	/storage9920/home/tinghao.xia/Data_PT_V1/test/8xts/seed_348/sample_0.pt	pre_refinement_aligned_rmsd_above_limit
test	8XTS	348	1	41.625759	30.000000	0.950749	/storage9920/home/tinghao.xia/Data_PT_V1/test/8xts/seed_348/sample_1.pt	pre_refinement_aligned_rmsd_above_limit
test	8XTS	348	2	46.870597	30.000000	0.946524	/storage9920/home/tinghao.xia/Data_PT_V1/test/8xts/seed_348/sample_2.pt	pre_refinement_aligned_rmsd_above_limit
test	8XTS	348	3	47.698559	30.000000	1.008018	/storage9920/home/tinghao.xia/Data_PT_V1/test/8xts/seed_348/sample_3.pt	pre_refinement_aligned_rmsd_above_limit
test	8XTS	349	0	43.439404	30.000000	0.895526	/storage9920/home/tinghao.xia/Data_PT_V1/test/8xts/seed_349/sample_0.pt	pre_refinement_aligned_rmsd_above_limit
test	8XTS	349	1	44.341021	30.000000	0.949225	/storage9920/home/tinghao.xia/Data_PT_V1/test/8xts/seed_349/sample_1.pt	pre_refinement_aligned_rmsd_above_limit
test	8XTS	349	2	48.757088	30.000000	0.949863	/storage9920/home/tinghao.xia/Data_PT_V1/test/8xts/seed_349/sample_2.pt	pre_refinement_aligned_rmsd_above_limit
test	8XTS	349	3	51.338518	30.000000	1.006916	/storage9920/home/tinghao.xia/Data_PT_V1/test/8xts/seed_349/sample_3.pt	pre_refinement_aligned_rmsd_above_limit
test	9E74	300	0	32.638733	30.000000	0.258155	/storage9920/home/tinghao.xia/Data_PT_V1/test/9e74/seed_300/sample_0.pt	pre_refinement_aligned_rmsd_above_limit
test	9E74	300	2	31.082298	30.000000	0.192868	/storage9920/home/tinghao.xia/Data_PT_V1/test/9e74/seed_300/sample_2.pt	pre_refinement_aligned_rmsd_above_limit
test	9E74	300	3	35.629084	30.000000	0.191041	/storage9920/home/tinghao.xia/Data_PT_V1/test/9e74/seed_300/sample_3.pt	pre_refinement_aligned_rmsd_above_limit
test	9E74	305	0	30.844358	30.000000	0.193061	/storage9920/home/tinghao.xia/Data_PT_V1/test/9e74/seed_305/sample_0.pt	pre_refinement_aligned_rmsd_above_limit
test	9E74	305	3	31.874114	30.000000	0.193093	/storage9920/home/tinghao.xia/Data_PT_V1/test/9e74/seed_305/sample_3.pt	pre_refinement_aligned_rmsd_above_limit
test	9E74	306	0	33.577309	30.000000	0.191367	/storage9920/home/tinghao.xia/Data_PT_V1/test/9e74/seed_306/sample_0.pt	pre_refinement_aligned_rmsd_above_limit
test	9E74	307	1	35.408180	30.000000	0.192416	/storage9920/home/tinghao.xia/Data_PT_V1/test/9e74/seed_307/sample_1.pt	pre_refinement_aligned_rmsd_above_limit
test	9E74	307	2	38.187438	30.000000	0.190737	/storage9920/home/tinghao.xia/Data_PT_V1/test/9e74/seed_307/sample_2.pt	pre_refinement_aligned_rmsd_above_limit
test	9E74	307	3	31.077201	30.000000	0.223627	/storage9920/home/tinghao.xia/Data_PT_V1/test/9e74/seed_307/sample_3.pt	pre_refinement_aligned_rmsd_above_limit
test	9E74	308	3	32.665384	30.000000	0.192273	/storage9920/home/tinghao.xia/Data_PT_V1/test/9e74/seed_308/sample_3.pt	pre_refinement_aligned_rmsd_above_limit
test	9E74	309	0	34.207139	30.000000	0.192542	/storage9920/home/tinghao.xia/Data_PT_V1/test/9e74/seed_309/sample_0.pt	pre_refinement_aligned_rmsd_above_limit
test	9E74	309	3	34.317436	30.000000	0.192153	/storage9920/home/tinghao.xia/Data_PT_V1/test/9e74/seed_309/sample_3.pt	pre_refinement_aligned_rmsd_above_limit
test	9E74	310	0	33.034992	30.000000	0.225718	/storage9920/home/tinghao.xia/Data_PT_V1/test/9e74/seed_310/sample_0.pt	pre_refinement_aligned_rmsd_above_limit
test	9E74	310	2	34.899771	30.000000	0.193906	/storage9920/home/tinghao.xia/Data_PT_V1/test/9e74/seed_310/sample_2.pt	pre_refinement_aligned_rmsd_above_limit
test	9E74	312	1	35.365291	30.000000	0.222569	/storage9920/home/tinghao.xia/Data_PT_V1/test/9e74/seed_312/sample_1.pt	pre_refinement_aligned_rmsd_above_limit
test	9E74	313	0	31.396891	30.000000	0.224848	/storage9920/home/tinghao.xia/Data_PT_V1/test/9e74/seed_313/sample_0.pt	pre_refinement_aligned_rmsd_above_limit
test	9E74	314	0	36.018996	30.000000	0.198613	/storage9920/home/tinghao.xia/Data_PT_V1/test/9e74/seed_314/sample_0.pt	pre_refinement_aligned_rmsd_above_limit
test	9E74	314	1	34.306300	30.000000	0.188086	/storage9920/home/tinghao.xia/Data_PT_V1/test/9e74/seed_314/sample_1.pt	pre_refinement_aligned_rmsd_above_limit
test	9E74	315	0	33.884305	30.000000	0.193862	/storage9920/home/tinghao.xia/Data_PT_V1/test/9e74/seed_315/sample_0.pt	pre_refinement_aligned_rmsd_above_limit
test	9E74	315	3	35.204237	30.000000	0.191133	/storage9920/home/tinghao.xia/Data_PT_V1/test/9e74/seed_315/sample_3.pt	pre_refinement_aligned_rmsd_above_limit
test	9E74	316	0	33.311160	30.000000	0.227311	/storage9920/home/tinghao.xia/Data_PT_V1/test/9e74/seed_316/sample_0.pt	pre_refinement_aligned_rmsd_above_limit
test	9E74	316	2	36.583568	30.000000	0.191173	/storage9920/home/tinghao.xia/Data_PT_V1/test/9e74/seed_316/sample_2.pt	pre_refinement_aligned_rmsd_above_limit
test	9E74	317	3	33.130414	30.000000	0.191381	/storage9920/home/tinghao.xia/Data_PT_V1/test/9e74/seed_317/sample_3.pt	pre_refinement_aligned_rmsd_above_limit
test	9E74	318	1	30.651290	30.000000	0.225287	/storage9920/home/tinghao.xia/Data_PT_V1/test/9e74/seed_318/sample_1.pt	pre_refinement_aligned_rmsd_above_limit
test	9E74	319	0	33.762112	30.000000	0.223717	/storage9920/home/tinghao.xia/Data_PT_V1/test/9e74/seed_319/sample_0.pt	pre_refinement_aligned_rmsd_above_limit
test	9E74	319	1	31.110716	30.000000	0.189472	/storage9920/home/tinghao.xia/Data_PT_V1/test/9e74/seed_319/sample_1.pt	pre_refinement_aligned_rmsd_above_limit
test	9E74	320	0	34.669158	30.000000	0.193239	/storage9920/home/tinghao.xia/Data_PT_V1/test/9e74/seed_320/sample_0.pt	pre_refinement_aligned_rmsd_above_limit
test	9E74	320	1	34.861492	30.000000	0.189758	/storage9920/home/tinghao.xia/Data_PT_V1/test/9e74/seed_320/sample_1.pt	pre_refinement_aligned_rmsd_above_limit
test	9E74	320	2	35.152334	30.000000	0.221082	/storage9920/home/tinghao.xia/Data_PT_V1/test/9e74/seed_320/sample_2.pt	pre_refinement_aligned_rmsd_above_limit
test	9E74	322	0	33.221977	30.000000	0.226765	/storage9920/home/tinghao.xia/Data_PT_V1/test/9e74/seed_322/sample_0.pt	pre_refinement_aligned_rmsd_above_limit
test	9E74	322	1	35.679800	30.000000	0.187977	/storage9920/home/tinghao.xia/Data_PT_V1/test/9e74/seed_322/sample_1.pt	pre_refinement_aligned_rmsd_above_limit
test	9E74	322	2	36.950781	30.000000	0.189869	/storage9920/home/tinghao.xia/Data_PT_V1/test/9e74/seed_322/sample_2.pt	pre_refinement_aligned_rmsd_above_limit
test	9E74	322	3	33.932732	30.000000	0.223570	/storage9920/home/tinghao.xia/Data_PT_V1/test/9e74/seed_322/sample_3.pt	pre_refinement_aligned_rmsd_above_limit
test	9E74	323	3	36.085797	30.000000	0.192162	/storage9920/home/tinghao.xia/Data_PT_V1/test/9e74/seed_323/sample_3.pt	pre_refinement_aligned_rmsd_above_limit
test	9E74	324	2	34.604775	30.000000	0.190499	/storage9920/home/tinghao.xia/Data_PT_V1/test/9e74/seed_324/sample_2.pt	pre_refinement_aligned_rmsd_above_limit
test	9E74	325	0	30.468193	30.000000	0.225296	/storage9920/home/tinghao.xia/Data_PT_V1/test/9e74/seed_325/sample_0.pt	pre_refinement_aligned_rmsd_above_limit
test	9E74	325	2	31.521949	30.000000	0.192695	/storage9920/home/tinghao.xia/Data_PT_V1/test/9e74/seed_325/sample_2.pt	pre_refinement_aligned_rmsd_above_limit
test	9E74	325	3	33.734850	30.000000	0.223406	/storage9920/home/tinghao.xia/Data_PT_V1/test/9e74/seed_325/sample_3.pt	pre_refinement_aligned_rmsd_above_limit
test	9E74	326	3	32.023386	30.000000	0.192254	/storage9920/home/tinghao.xia/Data_PT_V1/test/9e74/seed_326/sample_3.pt	pre_refinement_aligned_rmsd_above_limit
test	9E74	327	3	33.047746	30.000000	0.193594	/storage9920/home/tinghao.xia/Data_PT_V1/test/9e74/seed_327/sample_3.pt	pre_refinement_aligned_rmsd_above_limit
test	9E74	328	0	36.258535	30.000000	0.227051	/storage9920/home/tinghao.xia/Data_PT_V1/test/9e74/seed_328/sample_0.pt	pre_refinement_aligned_rmsd_above_limit
test	9E74	328	3	34.481932	30.000000	0.224328	/storage9920/home/tinghao.xia/Data_PT_V1/test/9e74/seed_328/sample_3.pt	pre_refinement_aligned_rmsd_above_limit
test	9E74	329	1	35.117254	30.000000	0.191261	/storage9920/home/tinghao.xia/Data_PT_V1/test/9e74/seed_329/sample_1.pt	pre_refinement_aligned_rmsd_above_limit
test	9E74	330	3	34.759554	30.000000	0.191077	/storage9920/home/tinghao.xia/Data_PT_V1/test/9e74/seed_330/sample_3.pt	pre_refinement_aligned_rmsd_above_limit
test	9E74	331	0	31.643800	30.000000	0.227184	/storage9920/home/tinghao.xia/Data_PT_V1/test/9e74/seed_331/sample_0.pt	pre_refinement_aligned_rmsd_above_limit
test	9E74	331	1	31.248085	30.000000	0.190422	/storage9920/home/tinghao.xia/Data_PT_V1/test/9e74/seed_331/sample_1.pt	pre_refinement_aligned_rmsd_above_limit
test	9E74	331	2	32.883183	30.000000	0.188931	/storage9920/home/tinghao.xia/Data_PT_V1/test/9e74/seed_331/sample_2.pt	pre_refinement_aligned_rmsd_above_limit
test	9E74	332	0	35.853430	30.000000	0.191675	/storage9920/home/tinghao.xia/Data_PT_V1/test/9e74/seed_332/sample_0.pt	pre_refinement_aligned_rmsd_above_limit
test	9E74	332	1	34.478702	30.000000	0.189511	/storage9920/home/tinghao.xia/Data_PT_V1/test/9e74/seed_332/sample_1.pt	pre_refinement_aligned_rmsd_above_limit
test	9E74	332	3	36.653501	30.000000	0.193221	/storage9920/home/tinghao.xia/Data_PT_V1/test/9e74/seed_332/sample_3.pt	pre_refinement_aligned_rmsd_above_limit
test	9E74	333	0	34.918036	30.000000	0.190715	/storage9920/home/tinghao.xia/Data_PT_V1/test/9e74/seed_333/sample_0.pt	pre_refinement_aligned_rmsd_above_limit
test	9E74	333	2	36.047360	30.000000	0.192688	/storage9920/home/tinghao.xia/Data_PT_V1/test/9e74/seed_333/sample_2.pt	pre_refinement_aligned_rmsd_above_limit
test	9E74	333	3	35.500654	30.000000	0.189743	/storage9920/home/tinghao.xia/Data_PT_V1/test/9e74/seed_333/sample_3.pt	pre_refinement_aligned_rmsd_above_limit
test	9E74	334	0	33.779472	30.000000	0.224676	/storage9920/home/tinghao.xia/Data_PT_V1/test/9e74/seed_334/sample_0.pt	pre_refinement_aligned_rmsd_above_limit
test	9E74	334	1	35.647710	30.000000	0.188540	/storage9920/home/tinghao.xia/Data_PT_V1/test/9e74/seed_334/sample_1.pt	pre_refinement_aligned_rmsd_above_limit
test	9E74	335	0	35.859939	30.000000	0.193472	/storage9920/home/tinghao.xia/Data_PT_V1/test/9e74/seed_335/sample_0.pt	pre_refinement_aligned_rmsd_above_limit
test	9E74	335	1	34.215923	30.000000	0.188715	/storage9920/home/tinghao.xia/Data_PT_V1/test/9e74/seed_335/sample_1.pt	pre_refinement_aligned_rmsd_above_limit
test	9E74	336	0	32.062568	30.000000	0.193819	/storage9920/home/tinghao.xia/Data_PT_V1/test/9e74/seed_336/sample_0.pt	pre_refinement_aligned_rmsd_above_limit
test	9E74	336	1	31.955371	30.000000	0.225105	/storage9920/home/tinghao.xia/Data_PT_V1/test/9e74/seed_336/sample_1.pt	pre_refinement_aligned_rmsd_above_limit
test	9E74	336	2	30.212709	30.000000	0.186515	/storage9920/home/tinghao.xia/Data_PT_V1/test/9e74/seed_336/sample_2.pt	pre_refinement_aligned_rmsd_above_limit
test	9E74	340	1	32.467455	30.000000	0.191896	/storage9920/home/tinghao.xia/Data_PT_V1/test/9e74/seed_340/sample_1.pt	pre_refinement_aligned_rmsd_above_limit
test	9E74	342	0	33.504498	30.000000	0.192777	/storage9920/home/tinghao.xia/Data_PT_V1/test/9e74/seed_342/sample_0.pt	pre_refinement_aligned_rmsd_above_limit
test	9E74	342	1	36.433022	30.000000	0.226673	/storage9920/home/tinghao.xia/Data_PT_V1/test/9e74/seed_342/sample_1.pt	pre_refinement_aligned_rmsd_above_limit
test	9E74	342	2	34.183589	30.000000	0.189153	/storage9920/home/tinghao.xia/Data_PT_V1/test/9e74/seed_342/sample_2.pt	pre_refinement_aligned_rmsd_above_limit
test	9E74	342	3	33.769799	30.000000	0.188954	/storage9920/home/tinghao.xia/Data_PT_V1/test/9e74/seed_342/sample_3.pt	pre_refinement_aligned_rmsd_above_limit
test	9E74	344	0	35.052300	30.000000	0.191236	/storage9920/home/tinghao.xia/Data_PT_V1/test/9e74/seed_344/sample_0.pt	pre_refinement_aligned_rmsd_above_limit
test	9E74	344	1	36.137655	30.000000	0.192683	/storage9920/home/tinghao.xia/Data_PT_V1/test/9e74/seed_344/sample_1.pt	pre_refinement_aligned_rmsd_above_limit
test	9E74	345	3	39.366003	30.000000	0.192603	/storage9920/home/tinghao.xia/Data_PT_V1/test/9e74/seed_345/sample_3.pt	pre_refinement_aligned_rmsd_above_limit
test	9E74	346	0	32.676226	30.000000	0.218528	/storage9920/home/tinghao.xia/Data_PT_V1/test/9e74/seed_346/sample_0.pt	pre_refinement_aligned_rmsd_above_limit
test	9E74	346	3	30.769236	30.000000	0.223039	/storage9920/home/tinghao.xia/Data_PT_V1/test/9e74/seed_346/sample_3.pt	pre_refinement_aligned_rmsd_above_limit
test	9E74	347	0	32.673911	30.000000	0.186354	/storage9920/home/tinghao.xia/Data_PT_V1/test/9e74/seed_347/sample_0.pt	pre_refinement_aligned_rmsd_above_limit
test	9E74	347	1	32.138711	30.000000	0.182079	/storage9920/home/tinghao.xia/Data_PT_V1/test/9e74/seed_347/sample_1.pt	pre_refinement_aligned_rmsd_above_limit
test	9E74	348	1	30.691876	30.000000	0.220538	/storage9920/home/tinghao.xia/Data_PT_V1/test/9e74/seed_348/sample_1.pt	pre_refinement_aligned_rmsd_above_limit
test	9E74	349	2	34.783575	30.000000	0.188556	/storage9920/home/tinghao.xia/Data_PT_V1/test/9e74/seed_349/sample_2.pt	pre_refinement_aligned_rmsd_above_limit
test	9E74	349	3	35.481581	30.000000	0.219450	/storage9920/home/tinghao.xia/Data_PT_V1/test/9e74/seed_349/sample_3.pt	pre_refinement_aligned_rmsd_above_limit
test	9E75	302	0	30.791772	30.000000	0.117228	/storage9920/home/tinghao.xia/Data_PT_V1/test/9e75/seed_302/sample_0.pt	pre_refinement_aligned_rmsd_above_limit
test	9E75	302	2	30.236526	30.000000	0.114924	/storage9920/home/tinghao.xia/Data_PT_V1/test/9e75/seed_302/sample_2.pt	pre_refinement_aligned_rmsd_above_limit
test	9E75	305	3	31.111450	30.000000	0.115546	/storage9920/home/tinghao.xia/Data_PT_V1/test/9e75/seed_305/sample_3.pt	pre_refinement_aligned_rmsd_above_limit
test	9E75	306	0	32.145441	30.000000	0.156713	/storage9920/home/tinghao.xia/Data_PT_V1/test/9e75/seed_306/sample_0.pt	pre_refinement_aligned_rmsd_above_limit
test	9E75	306	1	31.535957	30.000000	0.112132	/storage9920/home/tinghao.xia/Data_PT_V1/test/9e75/seed_306/sample_1.pt	pre_refinement_aligned_rmsd_above_limit
test	9E75	306	2	31.727771	30.000000	0.113133	/storage9920/home/tinghao.xia/Data_PT_V1/test/9e75/seed_306/sample_2.pt	pre_refinement_aligned_rmsd_above_limit
test	9E75	306	3	31.069417	30.000000	0.110631	/storage9920/home/tinghao.xia/Data_PT_V1/test/9e75/seed_306/sample_3.pt	pre_refinement_aligned_rmsd_above_limit
test	9E75	319	0	31.956767	30.000000	0.122719	/storage9920/home/tinghao.xia/Data_PT_V1/test/9e75/seed_319/sample_0.pt	pre_refinement_aligned_rmsd_above_limit
test	9E75	319	1	31.123512	30.000000	0.116715	/storage9920/home/tinghao.xia/Data_PT_V1/test/9e75/seed_319/sample_1.pt	pre_refinement_aligned_rmsd_above_limit
test	9E75	319	2	31.151956	30.000000	0.146187	/storage9920/home/tinghao.xia/Data_PT_V1/test/9e75/seed_319/sample_2.pt	pre_refinement_aligned_rmsd_above_limit
test	9E75	319	3	31.546070	30.000000	0.115422	/storage9920/home/tinghao.xia/Data_PT_V1/test/9e75/seed_319/sample_3.pt	pre_refinement_aligned_rmsd_above_limit
test	9E75	321	1	31.754330	30.000000	0.120326	/storage9920/home/tinghao.xia/Data_PT_V1/test/9e75/seed_321/sample_1.pt	pre_refinement_aligned_rmsd_above_limit
test	9E75	340	1	31.542554	30.000000	0.117325	/storage9920/home/tinghao.xia/Data_PT_V1/test/9e75/seed_340/sample_1.pt	pre_refinement_aligned_rmsd_above_limit
test	9ELY	300	0	32.745879	30.000000	0.272597	/storage9920/home/tinghao.xia/Data_PT_V1/test/9ely/seed_300/sample_0.pt	pre_refinement_aligned_rmsd_above_limit
test	9ELY	300	1	31.279952	30.000000	0.152356	/storage9920/home/tinghao.xia/Data_PT_V1/test/9ely/seed_300/sample_1.pt	pre_refinement_aligned_rmsd_above_limit
test	9ELY	300	2	30.346244	30.000000	0.150038	/storage9920/home/tinghao.xia/Data_PT_V1/test/9ely/seed_300/sample_2.pt	pre_refinement_aligned_rmsd_above_limit
test	9ELY	300	3	32.111889	30.000000	0.178278	/storage9920/home/tinghao.xia/Data_PT_V1/test/9ely/seed_300/sample_3.pt	pre_refinement_aligned_rmsd_above_limit
test	9ELY	302	3	32.264799	30.000000	0.152547	/storage9920/home/tinghao.xia/Data_PT_V1/test/9ely/seed_302/sample_3.pt	pre_refinement_aligned_rmsd_above_limit
test	9ELY	303	3	31.227300	30.000000	0.153175	/storage9920/home/tinghao.xia/Data_PT_V1/test/9ely/seed_303/sample_3.pt	pre_refinement_aligned_rmsd_above_limit
test	9ELY	304	3	30.173393	30.000000	0.151980	/storage9920/home/tinghao.xia/Data_PT_V1/test/9ely/seed_304/sample_3.pt	pre_refinement_aligned_rmsd_above_limit
test	9ELY	306	3	30.802756	30.000000	0.154419	/storage9920/home/tinghao.xia/Data_PT_V1/test/9ely/seed_306/sample_3.pt	pre_refinement_aligned_rmsd_above_limit
test	9ELY	308	0	31.320525	30.000000	0.185779	/storage9920/home/tinghao.xia/Data_PT_V1/test/9ely/seed_308/sample_0.pt	pre_refinement_aligned_rmsd_above_limit
test	9ELY	308	3	33.121689	30.000000	0.182483	/storage9920/home/tinghao.xia/Data_PT_V1/test/9ely/seed_308/sample_3.pt	pre_refinement_aligned_rmsd_above_limit
test	9ELY	310	0	31.589923	30.000000	0.154514	/storage9920/home/tinghao.xia/Data_PT_V1/test/9ely/seed_310/sample_0.pt	pre_refinement_aligned_rmsd_above_limit
test	9ELY	312	3	36.275814	30.000000	0.151414	/storage9920/home/tinghao.xia/Data_PT_V1/test/9ely/seed_312/sample_3.pt	pre_refinement_aligned_rmsd_above_limit
test	9ELY	313	0	33.098108	30.000000	0.150361	/storage9920/home/tinghao.xia/Data_PT_V1/test/9ely/seed_313/sample_0.pt	pre_refinement_aligned_rmsd_above_limit
test	9ELY	313	3	33.281369	30.000000	0.149541	/storage9920/home/tinghao.xia/Data_PT_V1/test/9ely/seed_313/sample_3.pt	pre_refinement_aligned_rmsd_above_limit
test	9ELY	314	0	32.314598	30.000000	0.147121	/storage9920/home/tinghao.xia/Data_PT_V1/test/9ely/seed_314/sample_0.pt	pre_refinement_aligned_rmsd_above_limit
test	9ELY	314	3	32.222632	30.000000	0.147872	/storage9920/home/tinghao.xia/Data_PT_V1/test/9ely/seed_314/sample_3.pt	pre_refinement_aligned_rmsd_above_limit
test	9ELY	315	2	31.790883	30.000000	0.147168	/storage9920/home/tinghao.xia/Data_PT_V1/test/9ely/seed_315/sample_2.pt	pre_refinement_aligned_rmsd_above_limit
test	9ELY	316	3	32.344726	30.000000	0.179793	/storage9920/home/tinghao.xia/Data_PT_V1/test/9ely/seed_316/sample_3.pt	pre_refinement_aligned_rmsd_above_limit
test	9ELY	317	2	30.898173	30.000000	0.148104	/storage9920/home/tinghao.xia/Data_PT_V1/test/9ely/seed_317/sample_2.pt	pre_refinement_aligned_rmsd_above_limit
test	9ELY	318	1	31.735153	30.000000	0.146490	/storage9920/home/tinghao.xia/Data_PT_V1/test/9ely/seed_318/sample_1.pt	pre_refinement_aligned_rmsd_above_limit
test	9ELY	322	0	32.512613	30.000000	0.148024	/storage9920/home/tinghao.xia/Data_PT_V1/test/9ely/seed_322/sample_0.pt	pre_refinement_aligned_rmsd_above_limit
test	9ELY	322	1	33.233839	30.000000	0.175233	/storage9920/home/tinghao.xia/Data_PT_V1/test/9ely/seed_322/sample_1.pt	pre_refinement_aligned_rmsd_above_limit
test	9ELY	323	3	31.830736	30.000000	0.148267	/storage9920/home/tinghao.xia/Data_PT_V1/test/9ely/seed_323/sample_3.pt	pre_refinement_aligned_rmsd_above_limit
test	9ELY	325	3	32.578855	30.000000	0.183577	/storage9920/home/tinghao.xia/Data_PT_V1/test/9ely/seed_325/sample_3.pt	pre_refinement_aligned_rmsd_above_limit
test	9ELY	330	2	33.126436	30.000000	0.147446	/storage9920/home/tinghao.xia/Data_PT_V1/test/9ely/seed_330/sample_2.pt	pre_refinement_aligned_rmsd_above_limit
test	9ELY	332	1	33.114165	30.000000	0.148590	/storage9920/home/tinghao.xia/Data_PT_V1/test/9ely/seed_332/sample_1.pt	pre_refinement_aligned_rmsd_above_limit
test	9ELY	332	3	33.060668	30.000000	0.152375	/storage9920/home/tinghao.xia/Data_PT_V1/test/9ely/seed_332/sample_3.pt	pre_refinement_aligned_rmsd_above_limit
test	9ELY	333	0	31.310730	30.000000	0.178835	/storage9920/home/tinghao.xia/Data_PT_V1/test/9ely/seed_333/sample_0.pt	pre_refinement_aligned_rmsd_above_limit
test	9ELY	334	0	31.248972	30.000000	0.152593	/storage9920/home/tinghao.xia/Data_PT_V1/test/9ely/seed_334/sample_0.pt	pre_refinement_aligned_rmsd_above_limit
test	9ELY	338	0	30.452846	30.000000	0.149346	/storage9920/home/tinghao.xia/Data_PT_V1/test/9ely/seed_338/sample_0.pt	pre_refinement_aligned_rmsd_above_limit
test	9ELY	340	0	32.003382	30.000000	0.180992	/storage9920/home/tinghao.xia/Data_PT_V1/test/9ely/seed_340/sample_0.pt	pre_refinement_aligned_rmsd_above_limit
test	9ELY	340	2	30.469118	30.000000	0.146671	/storage9920/home/tinghao.xia/Data_PT_V1/test/9ely/seed_340/sample_2.pt	pre_refinement_aligned_rmsd_above_limit
test	9ELY	341	2	30.515619	30.000000	0.148538	/storage9920/home/tinghao.xia/Data_PT_V1/test/9ely/seed_341/sample_2.pt	pre_refinement_aligned_rmsd_above_limit
test	9ELY	345	3	30.791070	30.000000	0.156524	/storage9920/home/tinghao.xia/Data_PT_V1/test/9ely/seed_345/sample_3.pt	pre_refinement_aligned_rmsd_above_limit
test	9ELY	346	2	31.506993	30.000000	0.148867	/storage9920/home/tinghao.xia/Data_PT_V1/test/9ely/seed_346/sample_2.pt	pre_refinement_aligned_rmsd_above_limit
test	9ELY	349	3	31.106733	30.000000	0.180857	/storage9920/home/tinghao.xia/Data_PT_V1/test/9ely/seed_349/sample_3.pt	pre_refinement_aligned_rmsd_above_limit
test	9G7C	300	0	31.022481	30.000000	0.343270	/storage9920/home/tinghao.xia/Data_PT_V1/test/9g7c/seed_300/sample_0.pt	pre_refinement_aligned_rmsd_above_limit
test	9G7C	301	3	33.844416	30.000000	0.174589	/storage9920/home/tinghao.xia/Data_PT_V1/test/9g7c/seed_301/sample_3.pt	pre_refinement_aligned_rmsd_above_limit
test	9G7C	302	1	32.756737	30.000000	0.176103	/storage9920/home/tinghao.xia/Data_PT_V1/test/9g7c/seed_302/sample_1.pt	pre_refinement_aligned_rmsd_above_limit
test	9G7C	303	0	30.538110	30.000000	0.181235	/storage9920/home/tinghao.xia/Data_PT_V1/test/9g7c/seed_303/sample_0.pt	pre_refinement_aligned_rmsd_above_limit
test	9G7C	303	2	30.939166	30.000000	0.174966	/storage9920/home/tinghao.xia/Data_PT_V1/test/9g7c/seed_303/sample_2.pt	pre_refinement_aligned_rmsd_above_limit
test	9G7C	304	0	33.588924	30.000000	0.216499	/storage9920/home/tinghao.xia/Data_PT_V1/test/9g7c/seed_304/sample_0.pt	pre_refinement_aligned_rmsd_above_limit
test	9G7C	304	2	33.613073	30.000000	0.175137	/storage9920/home/tinghao.xia/Data_PT_V1/test/9g7c/seed_304/sample_2.pt	pre_refinement_aligned_rmsd_above_limit
test	9G7C	305	0	33.690475	30.000000	0.207861	/storage9920/home/tinghao.xia/Data_PT_V1/test/9g7c/seed_305/sample_0.pt	pre_refinement_aligned_rmsd_above_limit
test	9G7C	305	3	30.187469	30.000000	0.210814	/storage9920/home/tinghao.xia/Data_PT_V1/test/9g7c/seed_305/sample_3.pt	pre_refinement_aligned_rmsd_above_limit
test	9G7C	306	0	31.022418	30.000000	0.174113	/storage9920/home/tinghao.xia/Data_PT_V1/test/9g7c/seed_306/sample_0.pt	pre_refinement_aligned_rmsd_above_limit
test	9G7C	306	2	32.771800	30.000000	0.211648	/storage9920/home/tinghao.xia/Data_PT_V1/test/9g7c/seed_306/sample_2.pt	pre_refinement_aligned_rmsd_above_limit
test	9G7C	306	3	32.047623	30.000000	0.175582	/storage9920/home/tinghao.xia/Data_PT_V1/test/9g7c/seed_306/sample_3.pt	pre_refinement_aligned_rmsd_above_limit
test	9G7C	307	3	33.387850	30.000000	0.180084	/storage9920/home/tinghao.xia/Data_PT_V1/test/9g7c/seed_307/sample_3.pt	pre_refinement_aligned_rmsd_above_limit
test	9G7C	308	0	33.520353	30.000000	0.174133	/storage9920/home/tinghao.xia/Data_PT_V1/test/9g7c/seed_308/sample_0.pt	pre_refinement_aligned_rmsd_above_limit
test	9G7C	309	1	33.177389	30.000000	0.174878	/storage9920/home/tinghao.xia/Data_PT_V1/test/9g7c/seed_309/sample_1.pt	pre_refinement_aligned_rmsd_above_limit
test	9G7C	309	2	33.353502	30.000000	0.172349	/storage9920/home/tinghao.xia/Data_PT_V1/test/9g7c/seed_309/sample_2.pt	pre_refinement_aligned_rmsd_above_limit
test	9G7C	309	3	33.014435	30.000000	0.205186	/storage9920/home/tinghao.xia/Data_PT_V1/test/9g7c/seed_309/sample_3.pt	pre_refinement_aligned_rmsd_above_limit
test	9G7C	310	0	32.287994	30.000000	0.176274	/storage9920/home/tinghao.xia/Data_PT_V1/test/9g7c/seed_310/sample_0.pt	pre_refinement_aligned_rmsd_above_limit
test	9G7C	310	1	31.693366	30.000000	0.174755	/storage9920/home/tinghao.xia/Data_PT_V1/test/9g7c/seed_310/sample_1.pt	pre_refinement_aligned_rmsd_above_limit
test	9G7C	310	3	32.453083	30.000000	0.208014	/storage9920/home/tinghao.xia/Data_PT_V1/test/9g7c/seed_310/sample_3.pt	pre_refinement_aligned_rmsd_above_limit
test	9G7C	313	3	31.785788	30.000000	0.177428	/storage9920/home/tinghao.xia/Data_PT_V1/test/9g7c/seed_313/sample_3.pt	pre_refinement_aligned_rmsd_above_limit
test	9G7C	315	3	31.073143	30.000000	0.178704	/storage9920/home/tinghao.xia/Data_PT_V1/test/9g7c/seed_315/sample_3.pt	pre_refinement_aligned_rmsd_above_limit
test	9G7C	316	2	33.044846	30.000000	0.209929	/storage9920/home/tinghao.xia/Data_PT_V1/test/9g7c/seed_316/sample_2.pt	pre_refinement_aligned_rmsd_above_limit
test	9G7C	316	3	31.337853	30.000000	0.177984	/storage9920/home/tinghao.xia/Data_PT_V1/test/9g7c/seed_316/sample_3.pt	pre_refinement_aligned_rmsd_above_limit
test	9G7C	317	1	30.193751	30.000000	0.212155	/storage9920/home/tinghao.xia/Data_PT_V1/test/9g7c/seed_317/sample_1.pt	pre_refinement_aligned_rmsd_above_limit
test	9G7C	317	2	34.436201	30.000000	0.184276	/storage9920/home/tinghao.xia/Data_PT_V1/test/9g7c/seed_317/sample_2.pt	pre_refinement_aligned_rmsd_above_limit
test	9G7C	317	3	33.289163	30.000000	0.183711	/storage9920/home/tinghao.xia/Data_PT_V1/test/9g7c/seed_317/sample_3.pt	pre_refinement_aligned_rmsd_above_limit
test	9G7C	318	1	34.828944	30.000000	0.190320	/storage9920/home/tinghao.xia/Data_PT_V1/test/9g7c/seed_318/sample_1.pt	pre_refinement_aligned_rmsd_above_limit
test	9G7C	319	3	34.589306	30.000000	0.214222	/storage9920/home/tinghao.xia/Data_PT_V1/test/9g7c/seed_319/sample_3.pt	pre_refinement_aligned_rmsd_above_limit
test	9G7C	320	0	30.271356	30.000000	0.192974	/storage9920/home/tinghao.xia/Data_PT_V1/test/9g7c/seed_320/sample_0.pt	pre_refinement_aligned_rmsd_above_limit
test	9G7C	320	2	31.355976	30.000000	0.219232	/storage9920/home/tinghao.xia/Data_PT_V1/test/9g7c/seed_320/sample_2.pt	pre_refinement_aligned_rmsd_above_limit
test	9G7C	321	3	30.617337	30.000000	0.172718	/storage9920/home/tinghao.xia/Data_PT_V1/test/9g7c/seed_321/sample_3.pt	pre_refinement_aligned_rmsd_above_limit
test	9G7C	322	0	31.743748	30.000000	0.172914	/storage9920/home/tinghao.xia/Data_PT_V1/test/9g7c/seed_322/sample_0.pt	pre_refinement_aligned_rmsd_above_limit
test	9G7C	322	1	31.335417	30.000000	0.200884	/storage9920/home/tinghao.xia/Data_PT_V1/test/9g7c/seed_322/sample_1.pt	pre_refinement_aligned_rmsd_above_limit
test	9G7C	324	0	31.840913	30.000000	0.213290	/storage9920/home/tinghao.xia/Data_PT_V1/test/9g7c/seed_324/sample_0.pt	pre_refinement_aligned_rmsd_above_limit
test	9G7C	325	3	30.341584	30.000000	0.171966	/storage9920/home/tinghao.xia/Data_PT_V1/test/9g7c/seed_325/sample_3.pt	pre_refinement_aligned_rmsd_above_limit
test	9G7C	326	0	32.171040	30.000000	0.179344	/storage9920/home/tinghao.xia/Data_PT_V1/test/9g7c/seed_326/sample_0.pt	pre_refinement_aligned_rmsd_above_limit
test	9G7C	326	3	32.998233	30.000000	0.190588	/storage9920/home/tinghao.xia/Data_PT_V1/test/9g7c/seed_326/sample_3.pt	pre_refinement_aligned_rmsd_above_limit
test	9G7C	327	3	32.906352	30.000000	0.183979	/storage9920/home/tinghao.xia/Data_PT_V1/test/9g7c/seed_327/sample_3.pt	pre_refinement_aligned_rmsd_above_limit
test	9G7C	331	0	32.242016	30.000000	0.162990	/storage9920/home/tinghao.xia/Data_PT_V1/test/9g7c/seed_331/sample_0.pt	pre_refinement_aligned_rmsd_above_limit
test	9G7C	332	1	31.342612	30.000000	0.164292	/storage9920/home/tinghao.xia/Data_PT_V1/test/9g7c/seed_332/sample_1.pt	pre_refinement_aligned_rmsd_above_limit
test	9G7C	333	0	34.159764	30.000000	0.195693	/storage9920/home/tinghao.xia/Data_PT_V1/test/9g7c/seed_333/sample_0.pt	pre_refinement_aligned_rmsd_above_limit
test	9G7C	333	3	31.115601	30.000000	0.197525	/storage9920/home/tinghao.xia/Data_PT_V1/test/9g7c/seed_333/sample_3.pt	pre_refinement_aligned_rmsd_above_limit
test	9G7C	334	3	30.351169	30.000000	0.162360	/storage9920/home/tinghao.xia/Data_PT_V1/test/9g7c/seed_334/sample_3.pt	pre_refinement_aligned_rmsd_above_limit
test	9G7C	335	0	32.622228	30.000000	0.161280	/storage9920/home/tinghao.xia/Data_PT_V1/test/9g7c/seed_335/sample_0.pt	pre_refinement_aligned_rmsd_above_limit
test	9G7C	335	3	31.755403	30.000000	0.163107	/storage9920/home/tinghao.xia/Data_PT_V1/test/9g7c/seed_335/sample_3.pt	pre_refinement_aligned_rmsd_above_limit
test	9G7C	342	0	30.166141	30.000000	0.193602	/storage9920/home/tinghao.xia/Data_PT_V1/test/9g7c/seed_342/sample_0.pt	pre_refinement_aligned_rmsd_above_limit
test	9G7C	343	1	34.812055	30.000000	0.173583	/storage9920/home/tinghao.xia/Data_PT_V1/test/9g7c/seed_343/sample_1.pt	pre_refinement_aligned_rmsd_above_limit
test	9G7C	343	3	31.039003	30.000000	0.169737	/storage9920/home/tinghao.xia/Data_PT_V1/test/9g7c/seed_343/sample_3.pt	pre_refinement_aligned_rmsd_above_limit
test	9G7C	344	1	33.700782	30.000000	0.178293	/storage9920/home/tinghao.xia/Data_PT_V1/test/9g7c/seed_344/sample_1.pt	pre_refinement_aligned_rmsd_above_limit
test	9G7C	344	3	32.700188	30.000000	0.179580	/storage9920/home/tinghao.xia/Data_PT_V1/test/9g7c/seed_344/sample_3.pt	pre_refinement_aligned_rmsd_above_limit
test	9G7C	345	0	33.008019	30.000000	0.175182	/storage9920/home/tinghao.xia/Data_PT_V1/test/9g7c/seed_345/sample_0.pt	pre_refinement_aligned_rmsd_above_limit
test	9G7C	345	3	32.960801	30.000000	0.182538	/storage9920/home/tinghao.xia/Data_PT_V1/test/9g7c/seed_345/sample_3.pt	pre_refinement_aligned_rmsd_above_limit
test	9G7C	346	1	31.131885	30.000000	0.181038	/storage9920/home/tinghao.xia/Data_PT_V1/test/9g7c/seed_346/sample_1.pt	pre_refinement_aligned_rmsd_above_limit
test	9G7C	346	3	32.384976	30.000000	0.170865	/storage9920/home/tinghao.xia/Data_PT_V1/test/9g7c/seed_346/sample_3.pt	pre_refinement_aligned_rmsd_above_limit
test	9G7C	347	1	31.026575	30.000000	0.170870	/storage9920/home/tinghao.xia/Data_PT_V1/test/9g7c/seed_347/sample_1.pt	pre_refinement_aligned_rmsd_above_limit
test	9G7C	347	2	31.870726	30.000000	0.172022	/storage9920/home/tinghao.xia/Data_PT_V1/test/9g7c/seed_347/sample_2.pt	pre_refinement_aligned_rmsd_above_limit
test	9G7C	347	3	33.896180	30.000000	0.206763	/storage9920/home/tinghao.xia/Data_PT_V1/test/9g7c/seed_347/sample_3.pt	pre_refinement_aligned_rmsd_above_limit
test	9G7C	348	0	34.442766	30.000000	0.176934	/storage9920/home/tinghao.xia/Data_PT_V1/test/9g7c/seed_348/sample_0.pt	pre_refinement_aligned_rmsd_above_limit
test	9G7C	348	1	35.315290	30.000000	0.168227	/storage9920/home/tinghao.xia/Data_PT_V1/test/9g7c/seed_348/sample_1.pt	pre_refinement_aligned_rmsd_above_limit
test	9G7C	348	2	33.403759	30.000000	0.197606	/storage9920/home/tinghao.xia/Data_PT_V1/test/9g7c/seed_348/sample_2.pt	pre_refinement_aligned_rmsd_above_limit
test	9G7C	348	3	31.684257	30.000000	0.167314	/storage9920/home/tinghao.xia/Data_PT_V1/test/9g7c/seed_348/sample_3.pt	pre_refinement_aligned_rmsd_above_limit
test	9ISV	300	1	32.114199	30.000000	0.542020	/storage9920/home/tinghao.xia/Data_PT_V1/test/9isv/seed_300/sample_1.pt	pre_refinement_aligned_rmsd_above_limit
test	9ISV	300	2	32.517508	30.000000	0.485966	/storage9920/home/tinghao.xia/Data_PT_V1/test/9isv/seed_300/sample_2.pt	pre_refinement_aligned_rmsd_above_limit
test	9ISV	300	3	31.527602	30.000000	0.532995	/storage9920/home/tinghao.xia/Data_PT_V1/test/9isv/seed_300/sample_3.pt	pre_refinement_aligned_rmsd_above_limit
test	9ISV	301	0	45.162433	30.000000	0.495101	/storage9920/home/tinghao.xia/Data_PT_V1/test/9isv/seed_301/sample_0.pt	pre_refinement_aligned_rmsd_above_limit
test	9ISV	301	1	31.603147	30.000000	0.526711	/storage9920/home/tinghao.xia/Data_PT_V1/test/9isv/seed_301/sample_1.pt	pre_refinement_aligned_rmsd_above_limit
test	9ISV	301	2	43.568512	30.000000	0.662100	/storage9920/home/tinghao.xia/Data_PT_V1/test/9isv/seed_301/sample_2.pt	pre_refinement_aligned_rmsd_above_limit
test	9ISV	301	3	39.700840	30.000000	0.609437	/storage9920/home/tinghao.xia/Data_PT_V1/test/9isv/seed_301/sample_3.pt	pre_refinement_aligned_rmsd_above_limit
test	9ISV	302	0	36.679698	30.000000	0.494102	/storage9920/home/tinghao.xia/Data_PT_V1/test/9isv/seed_302/sample_0.pt	pre_refinement_aligned_rmsd_above_limit
test	9ISV	302	1	35.357823	30.000000	0.521024	/storage9920/home/tinghao.xia/Data_PT_V1/test/9isv/seed_302/sample_1.pt	pre_refinement_aligned_rmsd_above_limit
test	9ISV	302	2	35.957407	30.000000	0.526856	/storage9920/home/tinghao.xia/Data_PT_V1/test/9isv/seed_302/sample_2.pt	pre_refinement_aligned_rmsd_above_limit
test	9ISV	302	3	34.100140	30.000000	0.488650	/storage9920/home/tinghao.xia/Data_PT_V1/test/9isv/seed_302/sample_3.pt	pre_refinement_aligned_rmsd_above_limit
test	9ISV	303	0	37.633837	30.000000	0.529206	/storage9920/home/tinghao.xia/Data_PT_V1/test/9isv/seed_303/sample_0.pt	pre_refinement_aligned_rmsd_above_limit
test	9ISV	303	1	36.321871	30.000000	0.530778	/storage9920/home/tinghao.xia/Data_PT_V1/test/9isv/seed_303/sample_1.pt	pre_refinement_aligned_rmsd_above_limit
test	9ISV	303	2	36.802543	30.000000	0.496075	/storage9920/home/tinghao.xia/Data_PT_V1/test/9isv/seed_303/sample_2.pt	pre_refinement_aligned_rmsd_above_limit
test	9ISV	303	3	37.275959	30.000000	0.524277	/storage9920/home/tinghao.xia/Data_PT_V1/test/9isv/seed_303/sample_3.pt	pre_refinement_aligned_rmsd_above_limit
test	9ISV	304	0	32.407311	30.000000	0.530424	/storage9920/home/tinghao.xia/Data_PT_V1/test/9isv/seed_304/sample_0.pt	pre_refinement_aligned_rmsd_above_limit
test	9ISV	304	1	30.815302	30.000000	0.518482	/storage9920/home/tinghao.xia/Data_PT_V1/test/9isv/seed_304/sample_1.pt	pre_refinement_aligned_rmsd_above_limit
test	9ISV	304	3	38.881145	30.000000	0.517716	/storage9920/home/tinghao.xia/Data_PT_V1/test/9isv/seed_304/sample_3.pt	pre_refinement_aligned_rmsd_above_limit
test	9ISV	305	0	32.635419	30.000000	0.527696	/storage9920/home/tinghao.xia/Data_PT_V1/test/9isv/seed_305/sample_0.pt	pre_refinement_aligned_rmsd_above_limit
test	9ISV	305	1	31.482645	30.000000	0.474166	/storage9920/home/tinghao.xia/Data_PT_V1/test/9isv/seed_305/sample_1.pt	pre_refinement_aligned_rmsd_above_limit
test	9ISV	305	3	35.713593	30.000000	0.523401	/storage9920/home/tinghao.xia/Data_PT_V1/test/9isv/seed_305/sample_3.pt	pre_refinement_aligned_rmsd_above_limit
test	9ISV	306	0	35.786924	30.000000	0.478699	/storage9920/home/tinghao.xia/Data_PT_V1/test/9isv/seed_306/sample_0.pt	pre_refinement_aligned_rmsd_above_limit
test	9ISV	306	1	33.754252	30.000000	0.509595	/storage9920/home/tinghao.xia/Data_PT_V1/test/9isv/seed_306/sample_1.pt	pre_refinement_aligned_rmsd_above_limit
test	9ISV	306	2	35.403002	30.000000	0.513002	/storage9920/home/tinghao.xia/Data_PT_V1/test/9isv/seed_306/sample_2.pt	pre_refinement_aligned_rmsd_above_limit
test	9ISV	306	3	32.290171	30.000000	0.479726	/storage9920/home/tinghao.xia/Data_PT_V1/test/9isv/seed_306/sample_3.pt	pre_refinement_aligned_rmsd_above_limit
test	9ISV	307	0	36.513794	30.000000	0.526888	/storage9920/home/tinghao.xia/Data_PT_V1/test/9isv/seed_307/sample_0.pt	pre_refinement_aligned_rmsd_above_limit
test	9ISV	307	1	36.674535	30.000000	0.515252	/storage9920/home/tinghao.xia/Data_PT_V1/test/9isv/seed_307/sample_1.pt	pre_refinement_aligned_rmsd_above_limit
test	9ISV	307	2	37.210518	30.000000	0.484855	/storage9920/home/tinghao.xia/Data_PT_V1/test/9isv/seed_307/sample_2.pt	pre_refinement_aligned_rmsd_above_limit
test	9ISV	307	3	36.049224	30.000000	0.504041	/storage9920/home/tinghao.xia/Data_PT_V1/test/9isv/seed_307/sample_3.pt	pre_refinement_aligned_rmsd_above_limit
test	9ISV	308	0	40.033753	30.000000	0.510700	/storage9920/home/tinghao.xia/Data_PT_V1/test/9isv/seed_308/sample_0.pt	pre_refinement_aligned_rmsd_above_limit
test	9ISV	308	1	37.545701	30.000000	0.506963	/storage9920/home/tinghao.xia/Data_PT_V1/test/9isv/seed_308/sample_1.pt	pre_refinement_aligned_rmsd_above_limit
test	9ISV	308	2	32.613794	30.000000	0.469686	/storage9920/home/tinghao.xia/Data_PT_V1/test/9isv/seed_308/sample_2.pt	pre_refinement_aligned_rmsd_above_limit
test	9ISV	308	3	31.308346	30.000000	0.508015	/storage9920/home/tinghao.xia/Data_PT_V1/test/9isv/seed_308/sample_3.pt	pre_refinement_aligned_rmsd_above_limit
test	9ISV	309	0	32.284051	30.000000	0.520440	/storage9920/home/tinghao.xia/Data_PT_V1/test/9isv/seed_309/sample_0.pt	pre_refinement_aligned_rmsd_above_limit
test	9ISV	309	1	31.629197	30.000000	0.477993	/storage9920/home/tinghao.xia/Data_PT_V1/test/9isv/seed_309/sample_1.pt	pre_refinement_aligned_rmsd_above_limit
test	9ISV	309	2	30.446191	30.000000	0.508693	/storage9920/home/tinghao.xia/Data_PT_V1/test/9isv/seed_309/sample_2.pt	pre_refinement_aligned_rmsd_above_limit
test	9ISV	309	3	31.933110	30.000000	0.508554	/storage9920/home/tinghao.xia/Data_PT_V1/test/9isv/seed_309/sample_3.pt	pre_refinement_aligned_rmsd_above_limit
test	9ISV	310	0	31.739541	30.000000	0.492396	/storage9920/home/tinghao.xia/Data_PT_V1/test/9isv/seed_310/sample_0.pt	pre_refinement_aligned_rmsd_above_limit
test	9ISV	310	2	35.218986	30.000000	0.524195	/storage9920/home/tinghao.xia/Data_PT_V1/test/9isv/seed_310/sample_2.pt	pre_refinement_aligned_rmsd_above_limit
test	9ISV	310	3	31.912714	30.000000	0.482741	/storage9920/home/tinghao.xia/Data_PT_V1/test/9isv/seed_310/sample_3.pt	pre_refinement_aligned_rmsd_above_limit
test	9ISV	311	0	33.355799	30.000000	0.526337	/storage9920/home/tinghao.xia/Data_PT_V1/test/9isv/seed_311/sample_0.pt	pre_refinement_aligned_rmsd_above_limit
test	9ISV	311	1	31.400796	30.000000	0.518342	/storage9920/home/tinghao.xia/Data_PT_V1/test/9isv/seed_311/sample_1.pt	pre_refinement_aligned_rmsd_above_limit
test	9ISV	311	3	33.590594	30.000000	0.502971	/storage9920/home/tinghao.xia/Data_PT_V1/test/9isv/seed_311/sample_3.pt	pre_refinement_aligned_rmsd_above_limit
test	9ISV	312	0	34.183151	30.000000	0.530937	/storage9920/home/tinghao.xia/Data_PT_V1/test/9isv/seed_312/sample_0.pt	pre_refinement_aligned_rmsd_above_limit
test	9ISV	312	1	34.811911	30.000000	0.533000	/storage9920/home/tinghao.xia/Data_PT_V1/test/9isv/seed_312/sample_1.pt	pre_refinement_aligned_rmsd_above_limit
test	9ISV	312	2	32.923534	30.000000	0.475333	/storage9920/home/tinghao.xia/Data_PT_V1/test/9isv/seed_312/sample_2.pt	pre_refinement_aligned_rmsd_above_limit
test	9ISV	312	3	36.054747	30.000000	0.518258	/storage9920/home/tinghao.xia/Data_PT_V1/test/9isv/seed_312/sample_3.pt	pre_refinement_aligned_rmsd_above_limit
test	9ISV	313	0	32.062267	30.000000	0.532899	/storage9920/home/tinghao.xia/Data_PT_V1/test/9isv/seed_313/sample_0.pt	pre_refinement_aligned_rmsd_above_limit
test	9ISV	313	1	30.405920	30.000000	0.488310	/storage9920/home/tinghao.xia/Data_PT_V1/test/9isv/seed_313/sample_1.pt	pre_refinement_aligned_rmsd_above_limit
test	9ISV	313	2	30.443513	30.000000	0.517363	/storage9920/home/tinghao.xia/Data_PT_V1/test/9isv/seed_313/sample_2.pt	pre_refinement_aligned_rmsd_above_limit
test	9ISV	314	0	35.267982	30.000000	0.490149	/storage9920/home/tinghao.xia/Data_PT_V1/test/9isv/seed_314/sample_0.pt	pre_refinement_aligned_rmsd_above_limit
test	9ISV	314	1	36.546191	30.000000	0.509601	/storage9920/home/tinghao.xia/Data_PT_V1/test/9isv/seed_314/sample_1.pt	pre_refinement_aligned_rmsd_above_limit
test	9ISV	315	0	34.639590	30.000000	0.520522	/storage9920/home/tinghao.xia/Data_PT_V1/test/9isv/seed_315/sample_0.pt	pre_refinement_aligned_rmsd_above_limit
test	9ISV	315	1	33.507011	30.000000	0.512893	/storage9920/home/tinghao.xia/Data_PT_V1/test/9isv/seed_315/sample_1.pt	pre_refinement_aligned_rmsd_above_limit
test	9ISV	315	2	32.341426	30.000000	0.520448	/storage9920/home/tinghao.xia/Data_PT_V1/test/9isv/seed_315/sample_2.pt	pre_refinement_aligned_rmsd_above_limit
test	9ISV	315	3	34.022276	30.000000	0.484241	/storage9920/home/tinghao.xia/Data_PT_V1/test/9isv/seed_315/sample_3.pt	pre_refinement_aligned_rmsd_above_limit
test	9ISV	316	0	38.539477	30.000000	0.522818	/storage9920/home/tinghao.xia/Data_PT_V1/test/9isv/seed_316/sample_0.pt	pre_refinement_aligned_rmsd_above_limit
test	9ISV	316	1	36.713699	30.000000	0.517450	/storage9920/home/tinghao.xia/Data_PT_V1/test/9isv/seed_316/sample_1.pt	pre_refinement_aligned_rmsd_above_limit
test	9ISV	316	2	40.794574	30.000000	0.480306	/storage9920/home/tinghao.xia/Data_PT_V1/test/9isv/seed_316/sample_2.pt	pre_refinement_aligned_rmsd_above_limit
test	9ISV	316	3	33.853204	30.000000	0.519953	/storage9920/home/tinghao.xia/Data_PT_V1/test/9isv/seed_316/sample_3.pt	pre_refinement_aligned_rmsd_above_limit
test	9ISV	317	1	38.555370	30.000000	0.492710	/storage9920/home/tinghao.xia/Data_PT_V1/test/9isv/seed_317/sample_1.pt	pre_refinement_aligned_rmsd_above_limit
test	9ISV	317	2	39.517750	30.000000	0.514162	/storage9920/home/tinghao.xia/Data_PT_V1/test/9isv/seed_317/sample_2.pt	pre_refinement_aligned_rmsd_above_limit
test	9ISV	317	3	39.404148	30.000000	0.528231	/storage9920/home/tinghao.xia/Data_PT_V1/test/9isv/seed_317/sample_3.pt	pre_refinement_aligned_rmsd_above_limit
test	9ISV	318	0	35.310143	30.000000	0.485205	/storage9920/home/tinghao.xia/Data_PT_V1/test/9isv/seed_318/sample_0.pt	pre_refinement_aligned_rmsd_above_limit
test	9ISV	318	1	38.758485	30.000000	0.516908	/storage9920/home/tinghao.xia/Data_PT_V1/test/9isv/seed_318/sample_1.pt	pre_refinement_aligned_rmsd_above_limit
test	9ISV	318	3	30.318017	30.000000	0.519652	/storage9920/home/tinghao.xia/Data_PT_V1/test/9isv/seed_318/sample_3.pt	pre_refinement_aligned_rmsd_above_limit
test	9ISV	319	0	38.376107	30.000000	0.490795	/storage9920/home/tinghao.xia/Data_PT_V1/test/9isv/seed_319/sample_0.pt	pre_refinement_aligned_rmsd_above_limit
test	9ISV	319	1	32.896404	30.000000	0.509336	/storage9920/home/tinghao.xia/Data_PT_V1/test/9isv/seed_319/sample_1.pt	pre_refinement_aligned_rmsd_above_limit
test	9ISV	319	2	38.132829	30.000000	0.520301	/storage9920/home/tinghao.xia/Data_PT_V1/test/9isv/seed_319/sample_2.pt	pre_refinement_aligned_rmsd_above_limit
test	9ISV	319	3	32.848314	30.000000	0.481902	/storage9920/home/tinghao.xia/Data_PT_V1/test/9isv/seed_319/sample_3.pt	pre_refinement_aligned_rmsd_above_limit
test	9ISV	320	0	34.947611	30.000000	0.510197	/storage9920/home/tinghao.xia/Data_PT_V1/test/9isv/seed_320/sample_0.pt	pre_refinement_aligned_rmsd_above_limit
test	9ISV	320	1	37.664144	30.000000	0.512016	/storage9920/home/tinghao.xia/Data_PT_V1/test/9isv/seed_320/sample_1.pt	pre_refinement_aligned_rmsd_above_limit
test	9ISV	320	2	38.716970	30.000000	0.502601	/storage9920/home/tinghao.xia/Data_PT_V1/test/9isv/seed_320/sample_2.pt	pre_refinement_aligned_rmsd_above_limit
test	9ISV	320	3	34.594628	30.000000	0.505100	/storage9920/home/tinghao.xia/Data_PT_V1/test/9isv/seed_320/sample_3.pt	pre_refinement_aligned_rmsd_above_limit
test	9ISV	321	0	34.558475	30.000000	0.524448	/storage9920/home/tinghao.xia/Data_PT_V1/test/9isv/seed_321/sample_0.pt	pre_refinement_aligned_rmsd_above_limit
test	9ISV	321	1	35.045256	30.000000	0.476308	/storage9920/home/tinghao.xia/Data_PT_V1/test/9isv/seed_321/sample_1.pt	pre_refinement_aligned_rmsd_above_limit
test	9ISV	321	2	32.041598	30.000000	0.517237	/storage9920/home/tinghao.xia/Data_PT_V1/test/9isv/seed_321/sample_2.pt	pre_refinement_aligned_rmsd_above_limit
test	9ISV	321	3	35.007831	30.000000	0.514059	/storage9920/home/tinghao.xia/Data_PT_V1/test/9isv/seed_321/sample_3.pt	pre_refinement_aligned_rmsd_above_limit
test	9ISV	322	0	38.022797	30.000000	0.486633	/storage9920/home/tinghao.xia/Data_PT_V1/test/9isv/seed_322/sample_0.pt	pre_refinement_aligned_rmsd_above_limit
test	9ISV	322	1	34.646664	30.000000	0.504764	/storage9920/home/tinghao.xia/Data_PT_V1/test/9isv/seed_322/sample_1.pt	pre_refinement_aligned_rmsd_above_limit
test	9ISV	322	2	34.490395	30.000000	0.516151	/storage9920/home/tinghao.xia/Data_PT_V1/test/9isv/seed_322/sample_2.pt	pre_refinement_aligned_rmsd_above_limit
test	9ISV	322	3	34.075496	30.000000	0.522796	/storage9920/home/tinghao.xia/Data_PT_V1/test/9isv/seed_322/sample_3.pt	pre_refinement_aligned_rmsd_above_limit
test	9ISV	323	0	41.266652	30.000000	0.477007	/storage9920/home/tinghao.xia/Data_PT_V1/test/9isv/seed_323/sample_0.pt	pre_refinement_aligned_rmsd_above_limit
test	9ISV	323	1	37.504741	30.000000	0.509753	/storage9920/home/tinghao.xia/Data_PT_V1/test/9isv/seed_323/sample_1.pt	pre_refinement_aligned_rmsd_above_limit
test	9ISV	323	2	38.410098	30.000000	0.518371	/storage9920/home/tinghao.xia/Data_PT_V1/test/9isv/seed_323/sample_2.pt	pre_refinement_aligned_rmsd_above_limit
test	9ISV	323	3	30.631744	30.000000	0.481387	/storage9920/home/tinghao.xia/Data_PT_V1/test/9isv/seed_323/sample_3.pt	pre_refinement_aligned_rmsd_above_limit
test	9ISV	324	0	33.658474	30.000000	0.509898	/storage9920/home/tinghao.xia/Data_PT_V1/test/9isv/seed_324/sample_0.pt	pre_refinement_aligned_rmsd_above_limit
test	9ISV	324	1	33.768882	30.000000	0.512858	/storage9920/home/tinghao.xia/Data_PT_V1/test/9isv/seed_324/sample_1.pt	pre_refinement_aligned_rmsd_above_limit
test	9ISV	324	2	33.474325	30.000000	0.480065	/storage9920/home/tinghao.xia/Data_PT_V1/test/9isv/seed_324/sample_2.pt	pre_refinement_aligned_rmsd_above_limit
test	9ISV	324	3	32.724482	30.000000	0.511215	/storage9920/home/tinghao.xia/Data_PT_V1/test/9isv/seed_324/sample_3.pt	pre_refinement_aligned_rmsd_above_limit
test	9ISV	325	0	33.736405	30.000000	0.543980	/storage9920/home/tinghao.xia/Data_PT_V1/test/9isv/seed_325/sample_0.pt	pre_refinement_aligned_rmsd_above_limit
test	9ISV	325	1	35.324732	30.000000	0.505820	/storage9920/home/tinghao.xia/Data_PT_V1/test/9isv/seed_325/sample_1.pt	pre_refinement_aligned_rmsd_above_limit
test	9ISV	325	2	33.040215	30.000000	0.519889	/storage9920/home/tinghao.xia/Data_PT_V1/test/9isv/seed_325/sample_2.pt	pre_refinement_aligned_rmsd_above_limit
test	9ISV	325	3	33.244397	30.000000	0.518199	/storage9920/home/tinghao.xia/Data_PT_V1/test/9isv/seed_325/sample_3.pt	pre_refinement_aligned_rmsd_above_limit
test	9ISV	326	0	35.956663	30.000000	0.527105	/storage9920/home/tinghao.xia/Data_PT_V1/test/9isv/seed_326/sample_0.pt	pre_refinement_aligned_rmsd_above_limit
test	9ISV	326	1	33.305900	30.000000	0.487056	/storage9920/home/tinghao.xia/Data_PT_V1/test/9isv/seed_326/sample_1.pt	pre_refinement_aligned_rmsd_above_limit
test	9ISV	326	2	33.280491	30.000000	0.526961	/storage9920/home/tinghao.xia/Data_PT_V1/test/9isv/seed_326/sample_2.pt	pre_refinement_aligned_rmsd_above_limit
test	9ISV	326	3	34.264915	30.000000	0.523527	/storage9920/home/tinghao.xia/Data_PT_V1/test/9isv/seed_326/sample_3.pt	pre_refinement_aligned_rmsd_above_limit
test	9ISV	327	0	35.790979	30.000000	0.494959	/storage9920/home/tinghao.xia/Data_PT_V1/test/9isv/seed_327/sample_0.pt	pre_refinement_aligned_rmsd_above_limit
test	9ISV	327	1	36.841279	30.000000	0.526638	/storage9920/home/tinghao.xia/Data_PT_V1/test/9isv/seed_327/sample_1.pt	pre_refinement_aligned_rmsd_above_limit
test	9ISV	327	2	36.829511	30.000000	0.527024	/storage9920/home/tinghao.xia/Data_PT_V1/test/9isv/seed_327/sample_2.pt	pre_refinement_aligned_rmsd_above_limit
test	9ISV	327	3	36.875935	30.000000	0.485085	/storage9920/home/tinghao.xia/Data_PT_V1/test/9isv/seed_327/sample_3.pt	pre_refinement_aligned_rmsd_above_limit
test	9ISV	328	0	39.413453	30.000000	0.522983	/storage9920/home/tinghao.xia/Data_PT_V1/test/9isv/seed_328/sample_0.pt	pre_refinement_aligned_rmsd_above_limit
test	9ISV	328	1	32.360262	30.000000	0.526877	/storage9920/home/tinghao.xia/Data_PT_V1/test/9isv/seed_328/sample_1.pt	pre_refinement_aligned_rmsd_above_limit
test	9ISV	328	3	34.912969	30.000000	0.519717	/storage9920/home/tinghao.xia/Data_PT_V1/test/9isv/seed_328/sample_3.pt	pre_refinement_aligned_rmsd_above_limit
test	9ISV	329	0	35.921093	30.000000	0.527968	/storage9920/home/tinghao.xia/Data_PT_V1/test/9isv/seed_329/sample_0.pt	pre_refinement_aligned_rmsd_above_limit
test	9ISV	329	2	30.203257	30.000000	0.524993	/storage9920/home/tinghao.xia/Data_PT_V1/test/9isv/seed_329/sample_2.pt	pre_refinement_aligned_rmsd_above_limit
test	9ISV	329	3	30.062029	30.000000	0.520784	/storage9920/home/tinghao.xia/Data_PT_V1/test/9isv/seed_329/sample_3.pt	pre_refinement_aligned_rmsd_above_limit
test	9ISV	330	0	30.995227	30.000000	0.530394	/storage9920/home/tinghao.xia/Data_PT_V1/test/9isv/seed_330/sample_0.pt	pre_refinement_aligned_rmsd_above_limit
test	9ISV	330	1	34.556278	30.000000	0.492865	/storage9920/home/tinghao.xia/Data_PT_V1/test/9isv/seed_330/sample_1.pt	pre_refinement_aligned_rmsd_above_limit
test	9ISV	330	2	31.643626	30.000000	0.529868	/storage9920/home/tinghao.xia/Data_PT_V1/test/9isv/seed_330/sample_2.pt	pre_refinement_aligned_rmsd_above_limit
test	9ISV	330	3	33.574178	30.000000	0.527143	/storage9920/home/tinghao.xia/Data_PT_V1/test/9isv/seed_330/sample_3.pt	pre_refinement_aligned_rmsd_above_limit
test	9ISV	331	0	48.127978	30.000000	0.488007	/storage9920/home/tinghao.xia/Data_PT_V1/test/9isv/seed_331/sample_0.pt	pre_refinement_aligned_rmsd_above_limit
test	9ISV	331	1	36.625986	30.000000	0.530225	/storage9920/home/tinghao.xia/Data_PT_V1/test/9isv/seed_331/sample_1.pt	pre_refinement_aligned_rmsd_above_limit
test	9ISV	331	2	50.133688	30.000000	0.530126	/storage9920/home/tinghao.xia/Data_PT_V1/test/9isv/seed_331/sample_2.pt	pre_refinement_aligned_rmsd_above_limit
test	9ISV	331	3	47.013021	30.000000	0.488898	/storage9920/home/tinghao.xia/Data_PT_V1/test/9isv/seed_331/sample_3.pt	pre_refinement_aligned_rmsd_above_limit
test	9ISV	332	0	34.807690	30.000000	0.523458	/storage9920/home/tinghao.xia/Data_PT_V1/test/9isv/seed_332/sample_0.pt	pre_refinement_aligned_rmsd_above_limit
test	9ISV	332	1	34.830963	30.000000	0.526795	/storage9920/home/tinghao.xia/Data_PT_V1/test/9isv/seed_332/sample_1.pt	pre_refinement_aligned_rmsd_above_limit
test	9ISV	332	2	34.508371	30.000000	0.483990	/storage9920/home/tinghao.xia/Data_PT_V1/test/9isv/seed_332/sample_2.pt	pre_refinement_aligned_rmsd_above_limit
test	9ISV	332	3	31.016940	30.000000	0.521357	/storage9920/home/tinghao.xia/Data_PT_V1/test/9isv/seed_332/sample_3.pt	pre_refinement_aligned_rmsd_above_limit
test	9ISV	333	0	35.241014	30.000000	0.526450	/storage9920/home/tinghao.xia/Data_PT_V1/test/9isv/seed_333/sample_0.pt	pre_refinement_aligned_rmsd_above_limit
test	9ISV	333	1	33.292129	30.000000	0.526747	/storage9920/home/tinghao.xia/Data_PT_V1/test/9isv/seed_333/sample_1.pt	pre_refinement_aligned_rmsd_above_limit
test	9ISV	333	2	35.207253	30.000000	0.474459	/storage9920/home/tinghao.xia/Data_PT_V1/test/9isv/seed_333/sample_2.pt	pre_refinement_aligned_rmsd_above_limit
test	9ISV	333	3	42.224295	30.000000	0.515929	/storage9920/home/tinghao.xia/Data_PT_V1/test/9isv/seed_333/sample_3.pt	pre_refinement_aligned_rmsd_above_limit
test	9ISV	334	1	36.043273	30.000000	0.483336	/storage9920/home/tinghao.xia/Data_PT_V1/test/9isv/seed_334/sample_1.pt	pre_refinement_aligned_rmsd_above_limit
test	9ISV	334	3	36.107950	30.000000	0.519456	/storage9920/home/tinghao.xia/Data_PT_V1/test/9isv/seed_334/sample_3.pt	pre_refinement_aligned_rmsd_above_limit
test	9ISV	335	0	31.916815	30.000000	0.484445	/storage9920/home/tinghao.xia/Data_PT_V1/test/9isv/seed_335/sample_0.pt	pre_refinement_aligned_rmsd_above_limit
test	9ISV	335	1	31.831409	30.000000	0.503771	/storage9920/home/tinghao.xia/Data_PT_V1/test/9isv/seed_335/sample_1.pt	pre_refinement_aligned_rmsd_above_limit
test	9ISV	335	2	35.693277	30.000000	0.512285	/storage9920/home/tinghao.xia/Data_PT_V1/test/9isv/seed_335/sample_2.pt	pre_refinement_aligned_rmsd_above_limit
test	9ISV	335	3	33.428436	30.000000	0.476007	/storage9920/home/tinghao.xia/Data_PT_V1/test/9isv/seed_335/sample_3.pt	pre_refinement_aligned_rmsd_above_limit
test	9ISV	336	0	31.309953	30.000000	0.513765	/storage9920/home/tinghao.xia/Data_PT_V1/test/9isv/seed_336/sample_0.pt	pre_refinement_aligned_rmsd_above_limit
test	9ISV	336	1	37.064858	30.000000	0.519539	/storage9920/home/tinghao.xia/Data_PT_V1/test/9isv/seed_336/sample_1.pt	pre_refinement_aligned_rmsd_above_limit
test	9ISV	336	2	37.721153	30.000000	0.481753	/storage9920/home/tinghao.xia/Data_PT_V1/test/9isv/seed_336/sample_2.pt	pre_refinement_aligned_rmsd_above_limit
test	9ISV	336	3	34.505683	30.000000	0.503895	/storage9920/home/tinghao.xia/Data_PT_V1/test/9isv/seed_336/sample_3.pt	pre_refinement_aligned_rmsd_above_limit
test	9ISV	337	0	32.621025	30.000000	0.508011	/storage9920/home/tinghao.xia/Data_PT_V1/test/9isv/seed_337/sample_0.pt	pre_refinement_aligned_rmsd_above_limit
test	9ISV	337	1	32.625591	30.000000	0.515513	/storage9920/home/tinghao.xia/Data_PT_V1/test/9isv/seed_337/sample_1.pt	pre_refinement_aligned_rmsd_above_limit
test	9ISV	337	3	30.087497	30.000000	0.531527	/storage9920/home/tinghao.xia/Data_PT_V1/test/9isv/seed_337/sample_3.pt	pre_refinement_aligned_rmsd_above_limit
test	9ISV	338	0	38.231240	30.000000	0.541771	/storage9920/home/tinghao.xia/Data_PT_V1/test/9isv/seed_338/sample_0.pt	pre_refinement_aligned_rmsd_above_limit
test	9ISV	338	1	33.011909	30.000000	0.478031	/storage9920/home/tinghao.xia/Data_PT_V1/test/9isv/seed_338/sample_1.pt	pre_refinement_aligned_rmsd_above_limit
test	9ISV	338	2	32.395355	30.000000	0.518578	/storage9920/home/tinghao.xia/Data_PT_V1/test/9isv/seed_338/sample_2.pt	pre_refinement_aligned_rmsd_above_limit
test	9ISV	338	3	40.334637	30.000000	0.526545	/storage9920/home/tinghao.xia/Data_PT_V1/test/9isv/seed_338/sample_3.pt	pre_refinement_aligned_rmsd_above_limit
test	9ISV	339	0	38.548669	30.000000	0.477825	/storage9920/home/tinghao.xia/Data_PT_V1/test/9isv/seed_339/sample_0.pt	pre_refinement_aligned_rmsd_above_limit
test	9ISV	339	1	39.591790	30.000000	0.513009	/storage9920/home/tinghao.xia/Data_PT_V1/test/9isv/seed_339/sample_1.pt	pre_refinement_aligned_rmsd_above_limit
test	9ISV	339	2	38.270667	30.000000	0.518002	/storage9920/home/tinghao.xia/Data_PT_V1/test/9isv/seed_339/sample_2.pt	pre_refinement_aligned_rmsd_above_limit
test	9ISV	339	3	35.064461	30.000000	0.472878	/storage9920/home/tinghao.xia/Data_PT_V1/test/9isv/seed_339/sample_3.pt	pre_refinement_aligned_rmsd_above_limit
test	9ISV	340	0	38.537399	30.000000	0.521125	/storage9920/home/tinghao.xia/Data_PT_V1/test/9isv/seed_340/sample_0.pt	pre_refinement_aligned_rmsd_above_limit
test	9ISV	340	1	35.742106	30.000000	0.507708	/storage9920/home/tinghao.xia/Data_PT_V1/test/9isv/seed_340/sample_1.pt	pre_refinement_aligned_rmsd_above_limit
test	9ISV	340	2	38.220905	30.000000	0.514049	/storage9920/home/tinghao.xia/Data_PT_V1/test/9isv/seed_340/sample_2.pt	pre_refinement_aligned_rmsd_above_limit
test	9ISV	340	3	39.611664	30.000000	0.477958	/storage9920/home/tinghao.xia/Data_PT_V1/test/9isv/seed_340/sample_3.pt	pre_refinement_aligned_rmsd_above_limit
test	9ISV	341	0	38.479584	30.000000	0.514958	/storage9920/home/tinghao.xia/Data_PT_V1/test/9isv/seed_341/sample_0.pt	pre_refinement_aligned_rmsd_above_limit
test	9ISV	341	1	30.967861	30.000000	0.519734	/storage9920/home/tinghao.xia/Data_PT_V1/test/9isv/seed_341/sample_1.pt	pre_refinement_aligned_rmsd_above_limit
test	9ISV	342	0	36.219668	30.000000	0.521350	/storage9920/home/tinghao.xia/Data_PT_V1/test/9isv/seed_342/sample_0.pt	pre_refinement_aligned_rmsd_above_limit
test	9ISV	342	1	36.476648	30.000000	0.476486	/storage9920/home/tinghao.xia/Data_PT_V1/test/9isv/seed_342/sample_1.pt	pre_refinement_aligned_rmsd_above_limit
test	9ISV	342	2	38.937035	30.000000	0.509701	/storage9920/home/tinghao.xia/Data_PT_V1/test/9isv/seed_342/sample_2.pt	pre_refinement_aligned_rmsd_above_limit
test	9ISV	342	3	34.797382	30.000000	0.517049	/storage9920/home/tinghao.xia/Data_PT_V1/test/9isv/seed_342/sample_3.pt	pre_refinement_aligned_rmsd_above_limit
test	9ISV	343	0	46.377300	30.000000	0.480042	/storage9920/home/tinghao.xia/Data_PT_V1/test/9isv/seed_343/sample_0.pt	pre_refinement_aligned_rmsd_above_limit
test	9ISV	343	1	35.011604	30.000000	0.562854	/storage9920/home/tinghao.xia/Data_PT_V1/test/9isv/seed_343/sample_1.pt	pre_refinement_aligned_rmsd_above_limit
test	9ISV	343	2	34.714866	30.000000	0.544233	/storage9920/home/tinghao.xia/Data_PT_V1/test/9isv/seed_343/sample_2.pt	pre_refinement_aligned_rmsd_above_limit
test	9ISV	343	3	45.582398	30.000000	0.481563	/storage9920/home/tinghao.xia/Data_PT_V1/test/9isv/seed_343/sample_3.pt	pre_refinement_aligned_rmsd_above_limit
test	9ISV	344	0	34.593136	30.000000	0.518318	/storage9920/home/tinghao.xia/Data_PT_V1/test/9isv/seed_344/sample_0.pt	pre_refinement_aligned_rmsd_above_limit
test	9ISV	344	1	32.359467	30.000000	0.504371	/storage9920/home/tinghao.xia/Data_PT_V1/test/9isv/seed_344/sample_1.pt	pre_refinement_aligned_rmsd_above_limit
test	9ISV	344	2	33.812854	30.000000	0.520401	/storage9920/home/tinghao.xia/Data_PT_V1/test/9isv/seed_344/sample_2.pt	pre_refinement_aligned_rmsd_above_limit
test	9ISV	344	3	31.929221	30.000000	0.476475	/storage9920/home/tinghao.xia/Data_PT_V1/test/9isv/seed_344/sample_3.pt	pre_refinement_aligned_rmsd_above_limit
test	9ISV	345	2	32.660993	30.000000	0.487196	/storage9920/home/tinghao.xia/Data_PT_V1/test/9isv/seed_345/sample_2.pt	pre_refinement_aligned_rmsd_above_limit
test	9ISV	345	3	39.160820	30.000000	0.513493	/storage9920/home/tinghao.xia/Data_PT_V1/test/9isv/seed_345/sample_3.pt	pre_refinement_aligned_rmsd_above_limit
test	9ISV	346	0	32.723948	30.000000	0.522927	/storage9920/home/tinghao.xia/Data_PT_V1/test/9isv/seed_346/sample_0.pt	pre_refinement_aligned_rmsd_above_limit
test	9ISV	346	1	35.759220	30.000000	0.479753	/storage9920/home/tinghao.xia/Data_PT_V1/test/9isv/seed_346/sample_1.pt	pre_refinement_aligned_rmsd_above_limit
test	9ISV	346	2	33.392806	30.000000	0.514126	/storage9920/home/tinghao.xia/Data_PT_V1/test/9isv/seed_346/sample_2.pt	pre_refinement_aligned_rmsd_above_limit
test	9ISV	347	0	34.249362	30.000000	0.487630	/storage9920/home/tinghao.xia/Data_PT_V1/test/9isv/seed_347/sample_0.pt	pre_refinement_aligned_rmsd_above_limit
test	9ISV	347	1	37.521097	30.000000	0.513106	/storage9920/home/tinghao.xia/Data_PT_V1/test/9isv/seed_347/sample_1.pt	pre_refinement_aligned_rmsd_above_limit
test	9ISV	347	2	44.147112	30.000000	0.500971	/storage9920/home/tinghao.xia/Data_PT_V1/test/9isv/seed_347/sample_2.pt	pre_refinement_aligned_rmsd_above_limit
test	9ISV	347	3	34.214124	30.000000	0.510584	/storage9920/home/tinghao.xia/Data_PT_V1/test/9isv/seed_347/sample_3.pt	pre_refinement_aligned_rmsd_above_limit
test	9ISV	348	0	35.625068	30.000000	0.482263	/storage9920/home/tinghao.xia/Data_PT_V1/test/9isv/seed_348/sample_0.pt	pre_refinement_aligned_rmsd_above_limit
test	9ISV	348	1	32.708333	30.000000	0.520285	/storage9920/home/tinghao.xia/Data_PT_V1/test/9isv/seed_348/sample_1.pt	pre_refinement_aligned_rmsd_above_limit
test	9ISV	348	2	36.405301	30.000000	0.520298	/storage9920/home/tinghao.xia/Data_PT_V1/test/9isv/seed_348/sample_2.pt	pre_refinement_aligned_rmsd_above_limit
test	9ISV	348	3	33.251035	30.000000	0.474371	/storage9920/home/tinghao.xia/Data_PT_V1/test/9isv/seed_348/sample_3.pt	pre_refinement_aligned_rmsd_above_limit
test	9ISV	349	0	36.057158	30.000000	0.511345	/storage9920/home/tinghao.xia/Data_PT_V1/test/9isv/seed_349/sample_0.pt	pre_refinement_aligned_rmsd_above_limit
test	9ISV	349	1	37.356258	30.000000	0.522629	/storage9920/home/tinghao.xia/Data_PT_V1/test/9isv/seed_349/sample_1.pt	pre_refinement_aligned_rmsd_above_limit
test	9ISV	349	2	35.683667	30.000000	0.484400	/storage9920/home/tinghao.xia/Data_PT_V1/test/9isv/seed_349/sample_2.pt	pre_refinement_aligned_rmsd_above_limit
test	9ISV	349	3	33.447061	30.000000	0.508122	/storage9920/home/tinghao.xia/Data_PT_V1/test/9isv/seed_349/sample_3.pt	pre_refinement_aligned_rmsd_above_limit
test	9K9G	312	0	35.830084	30.000000	0.294850	/storage9920/home/tinghao.xia/Data_PT_V1/test/9k9g/seed_312/sample_0.pt	pre_refinement_aligned_rmsd_above_limit
test	9K9G	312	1	36.626306	30.000000	0.254045	/storage9920/home/tinghao.xia/Data_PT_V1/test/9k9g/seed_312/sample_1.pt	pre_refinement_aligned_rmsd_above_limit
test	9K9G	312	2	36.993042	30.000000	0.289985	/storage9920/home/tinghao.xia/Data_PT_V1/test/9k9g/seed_312/sample_2.pt	pre_refinement_aligned_rmsd_above_limit
test	9K9G	312	3	35.608728	30.000000	0.252738	/storage9920/home/tinghao.xia/Data_PT_V1/test/9k9g/seed_312/sample_3.pt	pre_refinement_aligned_rmsd_above_limit
test	9K9G	314	0	32.910756	30.000000	0.259442	/storage9920/home/tinghao.xia/Data_PT_V1/test/9k9g/seed_314/sample_0.pt	pre_refinement_aligned_rmsd_above_limit
test	9K9G	314	1	33.653879	30.000000	0.300996	/storage9920/home/tinghao.xia/Data_PT_V1/test/9k9g/seed_314/sample_1.pt	pre_refinement_aligned_rmsd_above_limit
test	9K9G	314	2	34.223758	30.000000	0.253503	/storage9920/home/tinghao.xia/Data_PT_V1/test/9k9g/seed_314/sample_2.pt	pre_refinement_aligned_rmsd_above_limit
test	9K9G	321	0	34.304545	30.000000	0.293745	/storage9920/home/tinghao.xia/Data_PT_V1/test/9k9g/seed_321/sample_0.pt	pre_refinement_aligned_rmsd_above_limit
test	9K9G	321	1	35.558033	30.000000	0.255201	/storage9920/home/tinghao.xia/Data_PT_V1/test/9k9g/seed_321/sample_1.pt	pre_refinement_aligned_rmsd_above_limit
test	9K9G	321	3	35.554424	30.000000	0.301668	/storage9920/home/tinghao.xia/Data_PT_V1/test/9k9g/seed_321/sample_3.pt	pre_refinement_aligned_rmsd_above_limit
test	9K9G	326	0	35.461437	30.000000	0.268088	/storage9920/home/tinghao.xia/Data_PT_V1/test/9k9g/seed_326/sample_0.pt	pre_refinement_aligned_rmsd_above_limit
test	9K9G	326	1	35.746966	30.000000	0.300223	/storage9920/home/tinghao.xia/Data_PT_V1/test/9k9g/seed_326/sample_1.pt	pre_refinement_aligned_rmsd_above_limit
test	9K9G	326	2	35.428971	30.000000	0.260781	/storage9920/home/tinghao.xia/Data_PT_V1/test/9k9g/seed_326/sample_2.pt	pre_refinement_aligned_rmsd_above_limit
test	9K9G	326	3	34.567085	30.000000	0.261513	/storage9920/home/tinghao.xia/Data_PT_V1/test/9k9g/seed_326/sample_3.pt	pre_refinement_aligned_rmsd_above_limit
test	9K9G	336	0	34.862563	30.000000	0.295182	/storage9920/home/tinghao.xia/Data_PT_V1/test/9k9g/seed_336/sample_0.pt	pre_refinement_aligned_rmsd_above_limit
test	9K9G	336	1	34.180722	30.000000	0.255000	/storage9920/home/tinghao.xia/Data_PT_V1/test/9k9g/seed_336/sample_1.pt	pre_refinement_aligned_rmsd_above_limit
test	9K9G	336	2	34.201397	30.000000	0.287694	/storage9920/home/tinghao.xia/Data_PT_V1/test/9k9g/seed_336/sample_2.pt	pre_refinement_aligned_rmsd_above_limit
test	9K9G	336	3	33.357514	30.000000	0.252555	/storage9920/home/tinghao.xia/Data_PT_V1/test/9k9g/seed_336/sample_3.pt	pre_refinement_aligned_rmsd_above_limit
test	9K9G	337	0	31.932104	30.000000	0.254958	/storage9920/home/tinghao.xia/Data_PT_V1/test/9k9g/seed_337/sample_0.pt	pre_refinement_aligned_rmsd_above_limit
test	9K9G	337	1	31.248577	30.000000	0.285341	/storage9920/home/tinghao.xia/Data_PT_V1/test/9k9g/seed_337/sample_1.pt	pre_refinement_aligned_rmsd_above_limit
test	9K9G	337	2	31.048140	30.000000	0.252171	/storage9920/home/tinghao.xia/Data_PT_V1/test/9k9g/seed_337/sample_2.pt	pre_refinement_aligned_rmsd_above_limit
test	9K9G	337	3	31.489804	30.000000	0.286704	/storage9920/home/tinghao.xia/Data_PT_V1/test/9k9g/seed_337/sample_3.pt	pre_refinement_aligned_rmsd_above_limit
test	9K9G	349	1	33.938148	30.000000	0.318572	/storage9920/home/tinghao.xia/Data_PT_V1/test/9k9g/seed_349/sample_1.pt	pre_refinement_aligned_rmsd_above_limit
test	9K9G	349	3	35.956219	30.000000	0.310198	/storage9920/home/tinghao.xia/Data_PT_V1/test/9k9g/seed_349/sample_3.pt	pre_refinement_aligned_rmsd_above_limit
test	9LEC	300	1	34.566096	30.000000	0.367718	/storage9920/home/tinghao.xia/Data_PT_V1/test/9lec/seed_300/sample_1.pt	pre_refinement_aligned_rmsd_above_limit
test	9LEC	300	2	32.310101	30.000000	0.316468	/storage9920/home/tinghao.xia/Data_PT_V1/test/9lec/seed_300/sample_2.pt	pre_refinement_aligned_rmsd_above_limit
test	9LEC	300	3	41.533853	30.000000	0.355221	/storage9920/home/tinghao.xia/Data_PT_V1/test/9lec/seed_300/sample_3.pt	pre_refinement_aligned_rmsd_above_limit
test	9LEC	301	0	33.174847	30.000000	0.315877	/storage9920/home/tinghao.xia/Data_PT_V1/test/9lec/seed_301/sample_0.pt	pre_refinement_aligned_rmsd_above_limit
test	9LEC	302	0	32.959418	30.000000	0.371083	/storage9920/home/tinghao.xia/Data_PT_V1/test/9lec/seed_302/sample_0.pt	pre_refinement_aligned_rmsd_above_limit
test	9LEC	302	3	31.264823	30.000000	0.309181	/storage9920/home/tinghao.xia/Data_PT_V1/test/9lec/seed_302/sample_3.pt	pre_refinement_aligned_rmsd_above_limit
test	9LEC	303	0	30.373002	30.000000	0.379236	/storage9920/home/tinghao.xia/Data_PT_V1/test/9lec/seed_303/sample_0.pt	pre_refinement_aligned_rmsd_above_limit
test	9LEC	303	1	34.102997	30.000000	0.309524	/storage9920/home/tinghao.xia/Data_PT_V1/test/9lec/seed_303/sample_1.pt	pre_refinement_aligned_rmsd_above_limit
test	9LEC	303	2	38.481679	30.000000	0.307485	/storage9920/home/tinghao.xia/Data_PT_V1/test/9lec/seed_303/sample_2.pt	pre_refinement_aligned_rmsd_above_limit
test	9LEC	303	3	39.696937	30.000000	0.348396	/storage9920/home/tinghao.xia/Data_PT_V1/test/9lec/seed_303/sample_3.pt	pre_refinement_aligned_rmsd_above_limit
test	9LEC	305	3	32.206585	30.000000	0.306330	/storage9920/home/tinghao.xia/Data_PT_V1/test/9lec/seed_305/sample_3.pt	pre_refinement_aligned_rmsd_above_limit
test	9LEC	306	0	34.415515	30.000000	0.344763	/storage9920/home/tinghao.xia/Data_PT_V1/test/9lec/seed_306/sample_0.pt	pre_refinement_aligned_rmsd_above_limit
test	9LEC	306	2	30.115008	30.000000	0.350640	/storage9920/home/tinghao.xia/Data_PT_V1/test/9lec/seed_306/sample_2.pt	pre_refinement_aligned_rmsd_above_limit
test	9LEC	306	3	40.248732	30.000000	0.306130	/storage9920/home/tinghao.xia/Data_PT_V1/test/9lec/seed_306/sample_3.pt	pre_refinement_aligned_rmsd_above_limit
test	9LEC	307	1	31.444583	30.000000	0.309048	/storage9920/home/tinghao.xia/Data_PT_V1/test/9lec/seed_307/sample_1.pt	pre_refinement_aligned_rmsd_above_limit
test	9LEC	307	2	35.224843	30.000000	0.362052	/storage9920/home/tinghao.xia/Data_PT_V1/test/9lec/seed_307/sample_2.pt	pre_refinement_aligned_rmsd_above_limit
test	9LEC	307	3	31.149076	30.000000	0.308837	/storage9920/home/tinghao.xia/Data_PT_V1/test/9lec/seed_307/sample_3.pt	pre_refinement_aligned_rmsd_above_limit
test	9LEC	308	2	34.634531	30.000000	0.319485	/storage9920/home/tinghao.xia/Data_PT_V1/test/9lec/seed_308/sample_2.pt	pre_refinement_aligned_rmsd_above_limit
test	9LEC	308	3	32.357608	30.000000	0.377100	/storage9920/home/tinghao.xia/Data_PT_V1/test/9lec/seed_308/sample_3.pt	pre_refinement_aligned_rmsd_above_limit
test	9LEC	309	1	32.197471	30.000000	0.352867	/storage9920/home/tinghao.xia/Data_PT_V1/test/9lec/seed_309/sample_1.pt	pre_refinement_aligned_rmsd_above_limit
test	9LEC	310	0	38.058961	30.000000	0.351606	/storage9920/home/tinghao.xia/Data_PT_V1/test/9lec/seed_310/sample_0.pt	pre_refinement_aligned_rmsd_above_limit
test	9LEC	310	1	33.255870	30.000000	0.304678	/storage9920/home/tinghao.xia/Data_PT_V1/test/9lec/seed_310/sample_1.pt	pre_refinement_aligned_rmsd_above_limit
test	9LEC	310	2	37.912052	30.000000	0.352886	/storage9920/home/tinghao.xia/Data_PT_V1/test/9lec/seed_310/sample_2.pt	pre_refinement_aligned_rmsd_above_limit
test	9LEC	311	3	32.245340	30.000000	0.304755	/storage9920/home/tinghao.xia/Data_PT_V1/test/9lec/seed_311/sample_3.pt	pre_refinement_aligned_rmsd_above_limit
test	9LEC	312	0	33.442353	30.000000	0.308169	/storage9920/home/tinghao.xia/Data_PT_V1/test/9lec/seed_312/sample_0.pt	pre_refinement_aligned_rmsd_above_limit
test	9LEC	312	1	33.158173	30.000000	0.371616	/storage9920/home/tinghao.xia/Data_PT_V1/test/9lec/seed_312/sample_1.pt	pre_refinement_aligned_rmsd_above_limit
test	9LEC	312	2	34.236207	30.000000	0.303520	/storage9920/home/tinghao.xia/Data_PT_V1/test/9lec/seed_312/sample_2.pt	pre_refinement_aligned_rmsd_above_limit
test	9LEC	313	0	31.059008	30.000000	0.304413	/storage9920/home/tinghao.xia/Data_PT_V1/test/9lec/seed_313/sample_0.pt	pre_refinement_aligned_rmsd_above_limit
test	9LEC	313	3	31.113216	30.000000	0.365546	/storage9920/home/tinghao.xia/Data_PT_V1/test/9lec/seed_313/sample_3.pt	pre_refinement_aligned_rmsd_above_limit
test	9LEC	314	0	36.325428	30.000000	0.302097	/storage9920/home/tinghao.xia/Data_PT_V1/test/9lec/seed_314/sample_0.pt	pre_refinement_aligned_rmsd_above_limit
test	9LEC	315	3	32.187018	30.000000	0.304031	/storage9920/home/tinghao.xia/Data_PT_V1/test/9lec/seed_315/sample_3.pt	pre_refinement_aligned_rmsd_above_limit
test	9LEC	316	0	40.270287	30.000000	0.308850	/storage9920/home/tinghao.xia/Data_PT_V1/test/9lec/seed_316/sample_0.pt	pre_refinement_aligned_rmsd_above_limit
test	9LEC	316	1	41.003763	30.000000	0.348611	/storage9920/home/tinghao.xia/Data_PT_V1/test/9lec/seed_316/sample_1.pt	pre_refinement_aligned_rmsd_above_limit
test	9LEC	317	0	37.697082	30.000000	0.311110	/storage9920/home/tinghao.xia/Data_PT_V1/test/9lec/seed_317/sample_0.pt	pre_refinement_aligned_rmsd_above_limit
test	9LEC	317	1	38.174341	30.000000	0.341413	/storage9920/home/tinghao.xia/Data_PT_V1/test/9lec/seed_317/sample_1.pt	pre_refinement_aligned_rmsd_above_limit
test	9LEC	317	2	39.086991	30.000000	0.300979	/storage9920/home/tinghao.xia/Data_PT_V1/test/9lec/seed_317/sample_2.pt	pre_refinement_aligned_rmsd_above_limit
test	9LEC	317	3	40.031806	30.000000	0.345521	/storage9920/home/tinghao.xia/Data_PT_V1/test/9lec/seed_317/sample_3.pt	pre_refinement_aligned_rmsd_above_limit
test	9LEC	318	0	45.532687	30.000000	0.308612	/storage9920/home/tinghao.xia/Data_PT_V1/test/9lec/seed_318/sample_0.pt	pre_refinement_aligned_rmsd_above_limit
test	9LEC	318	1	46.946545	30.000000	0.300304	/storage9920/home/tinghao.xia/Data_PT_V1/test/9lec/seed_318/sample_1.pt	pre_refinement_aligned_rmsd_above_limit
test	9LEC	318	2	45.191695	30.000000	0.354318	/storage9920/home/tinghao.xia/Data_PT_V1/test/9lec/seed_318/sample_2.pt	pre_refinement_aligned_rmsd_above_limit
test	9LEC	318	3	46.404510	30.000000	0.307472	/storage9920/home/tinghao.xia/Data_PT_V1/test/9lec/seed_318/sample_3.pt	pre_refinement_aligned_rmsd_above_limit
test	9LEC	319	1	32.995185	30.000000	0.311578	/storage9920/home/tinghao.xia/Data_PT_V1/test/9lec/seed_319/sample_1.pt	pre_refinement_aligned_rmsd_above_limit
test	9LEC	319	2	33.316400	30.000000	0.355238	/storage9920/home/tinghao.xia/Data_PT_V1/test/9lec/seed_319/sample_2.pt	pre_refinement_aligned_rmsd_above_limit
test	9LEC	319	3	34.167785	30.000000	0.303242	/storage9920/home/tinghao.xia/Data_PT_V1/test/9lec/seed_319/sample_3.pt	pre_refinement_aligned_rmsd_above_limit
test	9LEC	320	0	34.639783	30.000000	0.308636	/storage9920/home/tinghao.xia/Data_PT_V1/test/9lec/seed_320/sample_0.pt	pre_refinement_aligned_rmsd_above_limit
test	9LEC	320	2	30.877880	30.000000	0.310695	/storage9920/home/tinghao.xia/Data_PT_V1/test/9lec/seed_320/sample_2.pt	pre_refinement_aligned_rmsd_above_limit
test	9LEC	320	3	37.373966	30.000000	0.354293	/storage9920/home/tinghao.xia/Data_PT_V1/test/9lec/seed_320/sample_3.pt	pre_refinement_aligned_rmsd_above_limit
test	9LEC	321	0	37.333375	30.000000	0.309900	/storage9920/home/tinghao.xia/Data_PT_V1/test/9lec/seed_321/sample_0.pt	pre_refinement_aligned_rmsd_above_limit
test	9LEC	321	1	30.075401	30.000000	0.357532	/storage9920/home/tinghao.xia/Data_PT_V1/test/9lec/seed_321/sample_1.pt	pre_refinement_aligned_rmsd_above_limit
test	9LEC	322	0	37.703514	30.000000	0.351334	/storage9920/home/tinghao.xia/Data_PT_V1/test/9lec/seed_322/sample_0.pt	pre_refinement_aligned_rmsd_above_limit
test	9LEC	322	1	36.751269	30.000000	0.301934	/storage9920/home/tinghao.xia/Data_PT_V1/test/9lec/seed_322/sample_1.pt	pre_refinement_aligned_rmsd_above_limit
test	9LEC	323	2	33.741388	30.000000	0.357214	/storage9920/home/tinghao.xia/Data_PT_V1/test/9lec/seed_323/sample_2.pt	pre_refinement_aligned_rmsd_above_limit
test	9LEC	323	3	36.584339	30.000000	0.310190	/storage9920/home/tinghao.xia/Data_PT_V1/test/9lec/seed_323/sample_3.pt	pre_refinement_aligned_rmsd_above_limit
test	9LEC	324	1	37.377827	30.000000	0.353743	/storage9920/home/tinghao.xia/Data_PT_V1/test/9lec/seed_324/sample_1.pt	pre_refinement_aligned_rmsd_above_limit
test	9LEC	324	2	31.912815	30.000000	0.311636	/storage9920/home/tinghao.xia/Data_PT_V1/test/9lec/seed_324/sample_2.pt	pre_refinement_aligned_rmsd_above_limit
test	9LEC	324	3	38.249696	30.000000	0.340568	/storage9920/home/tinghao.xia/Data_PT_V1/test/9lec/seed_324/sample_3.pt	pre_refinement_aligned_rmsd_above_limit
test	9LEC	325	0	45.147499	30.000000	0.307427	/storage9920/home/tinghao.xia/Data_PT_V1/test/9lec/seed_325/sample_0.pt	pre_refinement_aligned_rmsd_above_limit
test	9LEC	325	1	47.838374	30.000000	0.347152	/storage9920/home/tinghao.xia/Data_PT_V1/test/9lec/seed_325/sample_1.pt	pre_refinement_aligned_rmsd_above_limit
test	9LEC	325	2	44.009556	30.000000	0.303253	/storage9920/home/tinghao.xia/Data_PT_V1/test/9lec/seed_325/sample_2.pt	pre_refinement_aligned_rmsd_above_limit
test	9LEC	325	3	49.045442	30.000000	0.307068	/storage9920/home/tinghao.xia/Data_PT_V1/test/9lec/seed_325/sample_3.pt	pre_refinement_aligned_rmsd_above_limit
test	9LEC	326	0	32.656835	30.000000	0.347885	/storage9920/home/tinghao.xia/Data_PT_V1/test/9lec/seed_326/sample_0.pt	pre_refinement_aligned_rmsd_above_limit
test	9LEC	326	1	32.617443	30.000000	0.298859	/storage9920/home/tinghao.xia/Data_PT_V1/test/9lec/seed_326/sample_1.pt	pre_refinement_aligned_rmsd_above_limit
test	9LEC	326	2	35.464775	30.000000	0.344126	/storage9920/home/tinghao.xia/Data_PT_V1/test/9lec/seed_326/sample_2.pt	pre_refinement_aligned_rmsd_above_limit
test	9LEC	326	3	35.985291	30.000000	0.298705	/storage9920/home/tinghao.xia/Data_PT_V1/test/9lec/seed_326/sample_3.pt	pre_refinement_aligned_rmsd_above_limit
test	9LEC	327	0	35.283093	30.000000	0.348438	/storage9920/home/tinghao.xia/Data_PT_V1/test/9lec/seed_327/sample_0.pt	pre_refinement_aligned_rmsd_above_limit
test	9LEC	327	1	33.931572	30.000000	0.302493	/storage9920/home/tinghao.xia/Data_PT_V1/test/9lec/seed_327/sample_1.pt	pre_refinement_aligned_rmsd_above_limit
test	9LEC	327	2	37.287053	30.000000	0.354930	/storage9920/home/tinghao.xia/Data_PT_V1/test/9lec/seed_327/sample_2.pt	pre_refinement_aligned_rmsd_above_limit
test	9LEC	327	3	37.281639	30.000000	0.297599	/storage9920/home/tinghao.xia/Data_PT_V1/test/9lec/seed_327/sample_3.pt	pre_refinement_aligned_rmsd_above_limit
test	9LEC	328	1	31.057681	30.000000	0.349784	/storage9920/home/tinghao.xia/Data_PT_V1/test/9lec/seed_328/sample_1.pt	pre_refinement_aligned_rmsd_above_limit
test	9LEC	330	0	31.649612	30.000000	0.309140	/storage9920/home/tinghao.xia/Data_PT_V1/test/9lec/seed_330/sample_0.pt	pre_refinement_aligned_rmsd_above_limit
test	9LEC	330	1	39.236058	30.000000	0.301179	/storage9920/home/tinghao.xia/Data_PT_V1/test/9lec/seed_330/sample_1.pt	pre_refinement_aligned_rmsd_above_limit
test	9LEC	330	2	33.143762	30.000000	0.347161	/storage9920/home/tinghao.xia/Data_PT_V1/test/9lec/seed_330/sample_2.pt	pre_refinement_aligned_rmsd_above_limit
test	9LEC	330	3	38.936098	30.000000	0.300182	/storage9920/home/tinghao.xia/Data_PT_V1/test/9lec/seed_330/sample_3.pt	pre_refinement_aligned_rmsd_above_limit
test	9LEC	331	0	33.765236	30.000000	0.352598	/storage9920/home/tinghao.xia/Data_PT_V1/test/9lec/seed_331/sample_0.pt	pre_refinement_aligned_rmsd_above_limit
test	9LEC	331	1	34.654574	30.000000	0.297378	/storage9920/home/tinghao.xia/Data_PT_V1/test/9lec/seed_331/sample_1.pt	pre_refinement_aligned_rmsd_above_limit
test	9LEC	331	2	38.312812	30.000000	0.342639	/storage9920/home/tinghao.xia/Data_PT_V1/test/9lec/seed_331/sample_2.pt	pre_refinement_aligned_rmsd_above_limit
test	9LEC	332	0	31.423174	30.000000	0.350495	/storage9920/home/tinghao.xia/Data_PT_V1/test/9lec/seed_332/sample_0.pt	pre_refinement_aligned_rmsd_above_limit
test	9LEC	332	1	30.109976	30.000000	0.301123	/storage9920/home/tinghao.xia/Data_PT_V1/test/9lec/seed_332/sample_1.pt	pre_refinement_aligned_rmsd_above_limit
test	9LEC	332	2	31.599615	30.000000	0.300435	/storage9920/home/tinghao.xia/Data_PT_V1/test/9lec/seed_332/sample_2.pt	pre_refinement_aligned_rmsd_above_limit
test	9LEC	333	0	43.356994	30.000000	0.314289	/storage9920/home/tinghao.xia/Data_PT_V1/test/9lec/seed_333/sample_0.pt	pre_refinement_aligned_rmsd_above_limit
test	9LEC	333	1	41.941054	30.000000	0.353382	/storage9920/home/tinghao.xia/Data_PT_V1/test/9lec/seed_333/sample_1.pt	pre_refinement_aligned_rmsd_above_limit
test	9LEC	333	2	47.224577	30.000000	0.305264	/storage9920/home/tinghao.xia/Data_PT_V1/test/9lec/seed_333/sample_2.pt	pre_refinement_aligned_rmsd_above_limit
test	9LEC	333	3	30.099461	30.000000	0.349142	/storage9920/home/tinghao.xia/Data_PT_V1/test/9lec/seed_333/sample_3.pt	pre_refinement_aligned_rmsd_above_limit
test	9LEC	334	0	46.105868	30.000000	0.309688	/storage9920/home/tinghao.xia/Data_PT_V1/test/9lec/seed_334/sample_0.pt	pre_refinement_aligned_rmsd_above_limit
test	9LEC	334	1	45.303655	30.000000	0.315593	/storage9920/home/tinghao.xia/Data_PT_V1/test/9lec/seed_334/sample_1.pt	pre_refinement_aligned_rmsd_above_limit
test	9LEC	334	2	49.506169	30.000000	0.346428	/storage9920/home/tinghao.xia/Data_PT_V1/test/9lec/seed_334/sample_2.pt	pre_refinement_aligned_rmsd_above_limit
test	9LEC	334	3	45.491346	30.000000	0.306140	/storage9920/home/tinghao.xia/Data_PT_V1/test/9lec/seed_334/sample_3.pt	pre_refinement_aligned_rmsd_above_limit
test	9LEC	336	0	30.632641	30.000000	0.365005	/storage9920/home/tinghao.xia/Data_PT_V1/test/9lec/seed_336/sample_0.pt	pre_refinement_aligned_rmsd_above_limit
test	9LEC	336	3	39.439319	30.000000	0.371972	/storage9920/home/tinghao.xia/Data_PT_V1/test/9lec/seed_336/sample_3.pt	pre_refinement_aligned_rmsd_above_limit
test	9LEC	338	0	36.416806	30.000000	0.296583	/storage9920/home/tinghao.xia/Data_PT_V1/test/9lec/seed_338/sample_0.pt	pre_refinement_aligned_rmsd_above_limit
test	9LEC	338	2	40.465402	30.000000	0.348345	/storage9920/home/tinghao.xia/Data_PT_V1/test/9lec/seed_338/sample_2.pt	pre_refinement_aligned_rmsd_above_limit
test	9LEC	339	3	36.013837	30.000000	0.306608	/storage9920/home/tinghao.xia/Data_PT_V1/test/9lec/seed_339/sample_3.pt	pre_refinement_aligned_rmsd_above_limit
test	9LEC	342	0	38.792448	30.000000	0.313407	/storage9920/home/tinghao.xia/Data_PT_V1/test/9lec/seed_342/sample_0.pt	pre_refinement_aligned_rmsd_above_limit
test	9LEC	342	1	41.725478	30.000000	0.349823	/storage9920/home/tinghao.xia/Data_PT_V1/test/9lec/seed_342/sample_1.pt	pre_refinement_aligned_rmsd_above_limit
test	9LEC	342	3	31.355901	30.000000	0.313465	/storage9920/home/tinghao.xia/Data_PT_V1/test/9lec/seed_342/sample_3.pt	pre_refinement_aligned_rmsd_above_limit
test	9LEC	343	1	32.162051	30.000000	0.313634	/storage9920/home/tinghao.xia/Data_PT_V1/test/9lec/seed_343/sample_1.pt	pre_refinement_aligned_rmsd_above_limit
test	9LEC	343	3	42.164993	30.000000	0.318544	/storage9920/home/tinghao.xia/Data_PT_V1/test/9lec/seed_343/sample_3.pt	pre_refinement_aligned_rmsd_above_limit
test	9LEC	344	0	41.175529	30.000000	0.350277	/storage9920/home/tinghao.xia/Data_PT_V1/test/9lec/seed_344/sample_0.pt	pre_refinement_aligned_rmsd_above_limit
test	9LEC	344	1	44.098668	30.000000	0.307099	/storage9920/home/tinghao.xia/Data_PT_V1/test/9lec/seed_344/sample_1.pt	pre_refinement_aligned_rmsd_above_limit
test	9LEC	344	2	46.448244	30.000000	0.305463	/storage9920/home/tinghao.xia/Data_PT_V1/test/9lec/seed_344/sample_2.pt	pre_refinement_aligned_rmsd_above_limit
test	9LEC	344	3	41.906972	30.000000	0.336082	/storage9920/home/tinghao.xia/Data_PT_V1/test/9lec/seed_344/sample_3.pt	pre_refinement_aligned_rmsd_above_limit
test	9LEC	345	0	30.056132	30.000000	0.310552	/storage9920/home/tinghao.xia/Data_PT_V1/test/9lec/seed_345/sample_0.pt	pre_refinement_aligned_rmsd_above_limit
test	9LEC	346	0	37.724511	30.000000	0.309314	/storage9920/home/tinghao.xia/Data_PT_V1/test/9lec/seed_346/sample_0.pt	pre_refinement_aligned_rmsd_above_limit
test	9LEC	346	1	36.874022	30.000000	0.355050	/storage9920/home/tinghao.xia/Data_PT_V1/test/9lec/seed_346/sample_1.pt	pre_refinement_aligned_rmsd_above_limit
test	9LEC	346	2	30.597738	30.000000	0.300617	/storage9920/home/tinghao.xia/Data_PT_V1/test/9lec/seed_346/sample_2.pt	pre_refinement_aligned_rmsd_above_limit
test	9LEC	347	1	39.817817	30.000000	0.313758	/storage9920/home/tinghao.xia/Data_PT_V1/test/9lec/seed_347/sample_1.pt	pre_refinement_aligned_rmsd_above_limit
test	9LEC	347	2	43.032219	30.000000	0.348776	/storage9920/home/tinghao.xia/Data_PT_V1/test/9lec/seed_347/sample_2.pt	pre_refinement_aligned_rmsd_above_limit
test	9LEC	347	3	41.498432	30.000000	0.306551	/storage9920/home/tinghao.xia/Data_PT_V1/test/9lec/seed_347/sample_3.pt	pre_refinement_aligned_rmsd_above_limit
test	9LEC	348	0	43.682234	30.000000	0.347378	/storage9920/home/tinghao.xia/Data_PT_V1/test/9lec/seed_348/sample_0.pt	pre_refinement_aligned_rmsd_above_limit
test	9LEC	348	1	44.380139	30.000000	0.309305	/storage9920/home/tinghao.xia/Data_PT_V1/test/9lec/seed_348/sample_1.pt	pre_refinement_aligned_rmsd_above_limit
test	9LEC	348	2	48.547874	30.000000	0.305718	/storage9920/home/tinghao.xia/Data_PT_V1/test/9lec/seed_348/sample_2.pt	pre_refinement_aligned_rmsd_above_limit
test	9LEC	348	3	48.691630	30.000000	0.345413	/storage9920/home/tinghao.xia/Data_PT_V1/test/9lec/seed_348/sample_3.pt	pre_refinement_aligned_rmsd_above_limit
test	9LEC	349	3	36.758934	30.000000	0.351671	/storage9920/home/tinghao.xia/Data_PT_V1/test/9lec/seed_349/sample_3.pt	pre_refinement_aligned_rmsd_above_limit
test	9LEL	300	0	35.568814	30.000000	0.520453	/storage9920/home/tinghao.xia/Data_PT_V1/test/9lel/seed_300/sample_0.pt	pre_refinement_aligned_rmsd_above_limit
test	9LEL	300	1	45.889452	30.000000	0.465666	/storage9920/home/tinghao.xia/Data_PT_V1/test/9lel/seed_300/sample_1.pt	pre_refinement_aligned_rmsd_above_limit
test	9LEL	300	2	50.898043	30.000000	0.401224	/storage9920/home/tinghao.xia/Data_PT_V1/test/9lel/seed_300/sample_2.pt	pre_refinement_aligned_rmsd_above_limit
test	9LEL	300	3	38.386257	30.000000	0.437831	/storage9920/home/tinghao.xia/Data_PT_V1/test/9lel/seed_300/sample_3.pt	pre_refinement_aligned_rmsd_above_limit
test	9LEL	301	0	54.942611	30.000000	0.458331	/storage9920/home/tinghao.xia/Data_PT_V1/test/9lel/seed_301/sample_0.pt	pre_refinement_aligned_rmsd_above_limit
test	9LEL	301	1	47.166022	30.000000	0.400234	/storage9920/home/tinghao.xia/Data_PT_V1/test/9lel/seed_301/sample_1.pt	pre_refinement_aligned_rmsd_above_limit
test	9LEL	301	2	57.716980	30.000000	0.454396	/storage9920/home/tinghao.xia/Data_PT_V1/test/9lel/seed_301/sample_2.pt	pre_refinement_aligned_rmsd_above_limit
test	9LEL	301	3	55.004486	30.000000	0.398347	/storage9920/home/tinghao.xia/Data_PT_V1/test/9lel/seed_301/sample_3.pt	pre_refinement_aligned_rmsd_above_limit
test	9LEL	302	0	47.573321	30.000000	0.452528	/storage9920/home/tinghao.xia/Data_PT_V1/test/9lel/seed_302/sample_0.pt	pre_refinement_aligned_rmsd_above_limit
test	9LEL	302	1	48.358584	30.000000	0.410605	/storage9920/home/tinghao.xia/Data_PT_V1/test/9lel/seed_302/sample_1.pt	pre_refinement_aligned_rmsd_above_limit
test	9LEL	302	2	50.684729	30.000000	0.443587	/storage9920/home/tinghao.xia/Data_PT_V1/test/9lel/seed_302/sample_2.pt	pre_refinement_aligned_rmsd_above_limit
test	9LEL	302	3	52.797764	30.000000	0.401716	/storage9920/home/tinghao.xia/Data_PT_V1/test/9lel/seed_302/sample_3.pt	pre_refinement_aligned_rmsd_above_limit
test	9LEL	303	0	47.986503	30.000000	0.444930	/storage9920/home/tinghao.xia/Data_PT_V1/test/9lel/seed_303/sample_0.pt	pre_refinement_aligned_rmsd_above_limit
test	9LEL	303	1	48.438301	30.000000	0.398688	/storage9920/home/tinghao.xia/Data_PT_V1/test/9lel/seed_303/sample_1.pt	pre_refinement_aligned_rmsd_above_limit
test	9LEL	303	2	45.429789	30.000000	0.441032	/storage9920/home/tinghao.xia/Data_PT_V1/test/9lel/seed_303/sample_2.pt	pre_refinement_aligned_rmsd_above_limit
test	9LEL	303	3	50.812605	30.000000	0.397350	/storage9920/home/tinghao.xia/Data_PT_V1/test/9lel/seed_303/sample_3.pt	pre_refinement_aligned_rmsd_above_limit
test	9LEL	304	0	57.078525	30.000000	0.446767	/storage9920/home/tinghao.xia/Data_PT_V1/test/9lel/seed_304/sample_0.pt	pre_refinement_aligned_rmsd_above_limit
test	9LEL	304	1	56.833509	30.000000	0.397464	/storage9920/home/tinghao.xia/Data_PT_V1/test/9lel/seed_304/sample_1.pt	pre_refinement_aligned_rmsd_above_limit
test	9LEL	304	2	56.758182	30.000000	0.444576	/storage9920/home/tinghao.xia/Data_PT_V1/test/9lel/seed_304/sample_2.pt	pre_refinement_aligned_rmsd_above_limit
test	9LEL	304	3	49.443821	30.000000	0.399182	/storage9920/home/tinghao.xia/Data_PT_V1/test/9lel/seed_304/sample_3.pt	pre_refinement_aligned_rmsd_above_limit
test	9LEL	305	0	47.159641	30.000000	0.439874	/storage9920/home/tinghao.xia/Data_PT_V1/test/9lel/seed_305/sample_0.pt	pre_refinement_aligned_rmsd_above_limit
test	9LEL	305	1	34.430446	30.000000	0.399249	/storage9920/home/tinghao.xia/Data_PT_V1/test/9lel/seed_305/sample_1.pt	pre_refinement_aligned_rmsd_above_limit
test	9LEL	305	2	36.513023	30.000000	0.438581	/storage9920/home/tinghao.xia/Data_PT_V1/test/9lel/seed_305/sample_2.pt	pre_refinement_aligned_rmsd_above_limit
test	9LEL	306	0	58.321906	30.000000	0.451846	/storage9920/home/tinghao.xia/Data_PT_V1/test/9lel/seed_306/sample_0.pt	pre_refinement_aligned_rmsd_above_limit
test	9LEL	306	1	42.048550	30.000000	0.396587	/storage9920/home/tinghao.xia/Data_PT_V1/test/9lel/seed_306/sample_1.pt	pre_refinement_aligned_rmsd_above_limit
test	9LEL	306	2	42.851591	30.000000	0.442505	/storage9920/home/tinghao.xia/Data_PT_V1/test/9lel/seed_306/sample_2.pt	pre_refinement_aligned_rmsd_above_limit
test	9LEL	306	3	47.322799	30.000000	0.398217	/storage9920/home/tinghao.xia/Data_PT_V1/test/9lel/seed_306/sample_3.pt	pre_refinement_aligned_rmsd_above_limit
test	9LEL	307	0	50.951844	30.000000	0.444834	/storage9920/home/tinghao.xia/Data_PT_V1/test/9lel/seed_307/sample_0.pt	pre_refinement_aligned_rmsd_above_limit
test	9LEL	307	1	44.727603	30.000000	0.396149	/storage9920/home/tinghao.xia/Data_PT_V1/test/9lel/seed_307/sample_1.pt	pre_refinement_aligned_rmsd_above_limit
test	9LEL	307	2	49.947624	30.000000	0.439451	/storage9920/home/tinghao.xia/Data_PT_V1/test/9lel/seed_307/sample_2.pt	pre_refinement_aligned_rmsd_above_limit
test	9LEL	307	3	36.160881	30.000000	0.395592	/storage9920/home/tinghao.xia/Data_PT_V1/test/9lel/seed_307/sample_3.pt	pre_refinement_aligned_rmsd_above_limit
test	9LEL	308	0	54.265281	30.000000	0.439757	/storage9920/home/tinghao.xia/Data_PT_V1/test/9lel/seed_308/sample_0.pt	pre_refinement_aligned_rmsd_above_limit
test	9LEL	308	1	35.158418	30.000000	0.396883	/storage9920/home/tinghao.xia/Data_PT_V1/test/9lel/seed_308/sample_1.pt	pre_refinement_aligned_rmsd_above_limit
test	9LEL	308	3	36.364087	30.000000	0.399706	/storage9920/home/tinghao.xia/Data_PT_V1/test/9lel/seed_308/sample_3.pt	pre_refinement_aligned_rmsd_above_limit
test	9LEL	309	0	48.180611	30.000000	0.444465	/storage9920/home/tinghao.xia/Data_PT_V1/test/9lel/seed_309/sample_0.pt	pre_refinement_aligned_rmsd_above_limit
test	9LEL	309	1	46.122066	30.000000	0.397918	/storage9920/home/tinghao.xia/Data_PT_V1/test/9lel/seed_309/sample_1.pt	pre_refinement_aligned_rmsd_above_limit
test	9LEL	309	2	42.406574	30.000000	0.437913	/storage9920/home/tinghao.xia/Data_PT_V1/test/9lel/seed_309/sample_2.pt	pre_refinement_aligned_rmsd_above_limit
test	9LEL	309	3	49.231208	30.000000	0.396018	/storage9920/home/tinghao.xia/Data_PT_V1/test/9lel/seed_309/sample_3.pt	pre_refinement_aligned_rmsd_above_limit
test	9LEL	310	0	33.903532	30.000000	0.455642	/storage9920/home/tinghao.xia/Data_PT_V1/test/9lel/seed_310/sample_0.pt	pre_refinement_aligned_rmsd_above_limit
test	9LEL	310	1	39.787097	30.000000	0.402291	/storage9920/home/tinghao.xia/Data_PT_V1/test/9lel/seed_310/sample_1.pt	pre_refinement_aligned_rmsd_above_limit
test	9LEL	310	2	40.227403	30.000000	0.441977	/storage9920/home/tinghao.xia/Data_PT_V1/test/9lel/seed_310/sample_2.pt	pre_refinement_aligned_rmsd_above_limit
test	9LEL	310	3	39.781397	30.000000	0.398564	/storage9920/home/tinghao.xia/Data_PT_V1/test/9lel/seed_310/sample_3.pt	pre_refinement_aligned_rmsd_above_limit
test	9LEL	311	0	39.229546	30.000000	0.442027	/storage9920/home/tinghao.xia/Data_PT_V1/test/9lel/seed_311/sample_0.pt	pre_refinement_aligned_rmsd_above_limit
test	9LEL	311	1	40.208315	30.000000	0.398446	/storage9920/home/tinghao.xia/Data_PT_V1/test/9lel/seed_311/sample_1.pt	pre_refinement_aligned_rmsd_above_limit
test	9LEL	311	2	37.925294	30.000000	0.443407	/storage9920/home/tinghao.xia/Data_PT_V1/test/9lel/seed_311/sample_2.pt	pre_refinement_aligned_rmsd_above_limit
test	9LEL	311	3	54.507907	30.000000	0.398227	/storage9920/home/tinghao.xia/Data_PT_V1/test/9lel/seed_311/sample_3.pt	pre_refinement_aligned_rmsd_above_limit
test	9LEL	312	0	46.595100	30.000000	0.446860	/storage9920/home/tinghao.xia/Data_PT_V1/test/9lel/seed_312/sample_0.pt	pre_refinement_aligned_rmsd_above_limit
test	9LEL	312	1	46.281765	30.000000	0.403648	/storage9920/home/tinghao.xia/Data_PT_V1/test/9lel/seed_312/sample_1.pt	pre_refinement_aligned_rmsd_above_limit
test	9LEL	312	2	47.625014	30.000000	0.440395	/storage9920/home/tinghao.xia/Data_PT_V1/test/9lel/seed_312/sample_2.pt	pre_refinement_aligned_rmsd_above_limit
test	9LEL	312	3	45.869981	30.000000	0.399128	/storage9920/home/tinghao.xia/Data_PT_V1/test/9lel/seed_312/sample_3.pt	pre_refinement_aligned_rmsd_above_limit
test	9LEL	313	0	37.407510	30.000000	0.446556	/storage9920/home/tinghao.xia/Data_PT_V1/test/9lel/seed_313/sample_0.pt	pre_refinement_aligned_rmsd_above_limit
test	9LEL	313	1	37.984642	30.000000	0.396604	/storage9920/home/tinghao.xia/Data_PT_V1/test/9lel/seed_313/sample_1.pt	pre_refinement_aligned_rmsd_above_limit
test	9LEL	313	2	36.587933	30.000000	0.440060	/storage9920/home/tinghao.xia/Data_PT_V1/test/9lel/seed_313/sample_2.pt	pre_refinement_aligned_rmsd_above_limit
test	9LEL	313	3	36.215172	30.000000	0.397059	/storage9920/home/tinghao.xia/Data_PT_V1/test/9lel/seed_313/sample_3.pt	pre_refinement_aligned_rmsd_above_limit
test	9LEL	314	0	54.658256	30.000000	0.446854	/storage9920/home/tinghao.xia/Data_PT_V1/test/9lel/seed_314/sample_0.pt	pre_refinement_aligned_rmsd_above_limit
test	9LEL	314	1	48.739272	30.000000	0.399163	/storage9920/home/tinghao.xia/Data_PT_V1/test/9lel/seed_314/sample_1.pt	pre_refinement_aligned_rmsd_above_limit
test	9LEL	314	2	54.976775	30.000000	0.439392	/storage9920/home/tinghao.xia/Data_PT_V1/test/9lel/seed_314/sample_2.pt	pre_refinement_aligned_rmsd_above_limit
test	9LEL	314	3	41.014600	30.000000	0.397455	/storage9920/home/tinghao.xia/Data_PT_V1/test/9lel/seed_314/sample_3.pt	pre_refinement_aligned_rmsd_above_limit
test	9LEL	315	0	41.643947	30.000000	0.449106	/storage9920/home/tinghao.xia/Data_PT_V1/test/9lel/seed_315/sample_0.pt	pre_refinement_aligned_rmsd_above_limit
test	9LEL	315	1	46.551559	30.000000	0.397808	/storage9920/home/tinghao.xia/Data_PT_V1/test/9lel/seed_315/sample_1.pt	pre_refinement_aligned_rmsd_above_limit
test	9LEL	315	2	37.034850	30.000000	0.445931	/storage9920/home/tinghao.xia/Data_PT_V1/test/9lel/seed_315/sample_2.pt	pre_refinement_aligned_rmsd_above_limit
test	9LEL	315	3	47.898675	30.000000	0.397263	/storage9920/home/tinghao.xia/Data_PT_V1/test/9lel/seed_315/sample_3.pt	pre_refinement_aligned_rmsd_above_limit
test	9LEL	316	0	48.305705	30.000000	0.446696	/storage9920/home/tinghao.xia/Data_PT_V1/test/9lel/seed_316/sample_0.pt	pre_refinement_aligned_rmsd_above_limit
test	9LEL	316	1	51.220466	30.000000	0.397004	/storage9920/home/tinghao.xia/Data_PT_V1/test/9lel/seed_316/sample_1.pt	pre_refinement_aligned_rmsd_above_limit
test	9LEL	316	2	43.469035	30.000000	0.439982	/storage9920/home/tinghao.xia/Data_PT_V1/test/9lel/seed_316/sample_2.pt	pre_refinement_aligned_rmsd_above_limit
test	9LEL	316	3	40.626485	30.000000	0.397248	/storage9920/home/tinghao.xia/Data_PT_V1/test/9lel/seed_316/sample_3.pt	pre_refinement_aligned_rmsd_above_limit
test	9LEL	317	0	36.125770	30.000000	0.442877	/storage9920/home/tinghao.xia/Data_PT_V1/test/9lel/seed_317/sample_0.pt	pre_refinement_aligned_rmsd_above_limit
test	9LEL	317	1	44.128454	30.000000	0.396630	/storage9920/home/tinghao.xia/Data_PT_V1/test/9lel/seed_317/sample_1.pt	pre_refinement_aligned_rmsd_above_limit
test	9LEL	317	2	44.273469	30.000000	0.440903	/storage9920/home/tinghao.xia/Data_PT_V1/test/9lel/seed_317/sample_2.pt	pre_refinement_aligned_rmsd_above_limit
test	9LEL	317	3	48.442958	30.000000	0.396942	/storage9920/home/tinghao.xia/Data_PT_V1/test/9lel/seed_317/sample_3.pt	pre_refinement_aligned_rmsd_above_limit
test	9LEL	318	0	40.578790	30.000000	0.447224	/storage9920/home/tinghao.xia/Data_PT_V1/test/9lel/seed_318/sample_0.pt	pre_refinement_aligned_rmsd_above_limit
test	9LEL	318	1	38.914993	30.000000	0.400528	/storage9920/home/tinghao.xia/Data_PT_V1/test/9lel/seed_318/sample_1.pt	pre_refinement_aligned_rmsd_above_limit
test	9LEL	318	2	37.958141	30.000000	0.450505	/storage9920/home/tinghao.xia/Data_PT_V1/test/9lel/seed_318/sample_2.pt	pre_refinement_aligned_rmsd_above_limit
test	9LEL	318	3	33.670225	30.000000	0.406400	/storage9920/home/tinghao.xia/Data_PT_V1/test/9lel/seed_318/sample_3.pt	pre_refinement_aligned_rmsd_above_limit
test	9LEL	319	0	63.867858	30.000000	0.547669	/storage9920/home/tinghao.xia/Data_PT_V1/test/9lel/seed_319/sample_0.pt	pre_refinement_aligned_rmsd_above_limit
test	9LEL	319	1	59.580870	30.000000	0.398741	/storage9920/home/tinghao.xia/Data_PT_V1/test/9lel/seed_319/sample_1.pt	pre_refinement_aligned_rmsd_above_limit
test	9LEL	319	2	61.259272	30.000000	0.444358	/storage9920/home/tinghao.xia/Data_PT_V1/test/9lel/seed_319/sample_2.pt	pre_refinement_aligned_rmsd_above_limit
test	9LEL	319	3	48.671307	30.000000	0.397181	/storage9920/home/tinghao.xia/Data_PT_V1/test/9lel/seed_319/sample_3.pt	pre_refinement_aligned_rmsd_above_limit
test	9LEL	320	0	38.408288	30.000000	0.443897	/storage9920/home/tinghao.xia/Data_PT_V1/test/9lel/seed_320/sample_0.pt	pre_refinement_aligned_rmsd_above_limit
test	9LEL	320	1	34.377322	30.000000	0.398665	/storage9920/home/tinghao.xia/Data_PT_V1/test/9lel/seed_320/sample_1.pt	pre_refinement_aligned_rmsd_above_limit
test	9LEL	320	2	39.613039	30.000000	0.439551	/storage9920/home/tinghao.xia/Data_PT_V1/test/9lel/seed_320/sample_2.pt	pre_refinement_aligned_rmsd_above_limit
test	9LEL	320	3	61.702119	30.000000	0.396024	/storage9920/home/tinghao.xia/Data_PT_V1/test/9lel/seed_320/sample_3.pt	pre_refinement_aligned_rmsd_above_limit
test	9LEL	321	0	39.190016	30.000000	0.442691	/storage9920/home/tinghao.xia/Data_PT_V1/test/9lel/seed_321/sample_0.pt	pre_refinement_aligned_rmsd_above_limit
test	9LEL	321	1	47.790280	30.000000	0.399541	/storage9920/home/tinghao.xia/Data_PT_V1/test/9lel/seed_321/sample_1.pt	pre_refinement_aligned_rmsd_above_limit
test	9LEL	321	2	48.790425	30.000000	0.440630	/storage9920/home/tinghao.xia/Data_PT_V1/test/9lel/seed_321/sample_2.pt	pre_refinement_aligned_rmsd_above_limit
test	9LEL	321	3	44.933975	30.000000	0.398009	/storage9920/home/tinghao.xia/Data_PT_V1/test/9lel/seed_321/sample_3.pt	pre_refinement_aligned_rmsd_above_limit
test	9LEL	322	0	40.005482	30.000000	0.502456	/storage9920/home/tinghao.xia/Data_PT_V1/test/9lel/seed_322/sample_0.pt	pre_refinement_aligned_rmsd_above_limit
test	9LEL	322	1	45.357697	30.000000	0.403619	/storage9920/home/tinghao.xia/Data_PT_V1/test/9lel/seed_322/sample_1.pt	pre_refinement_aligned_rmsd_above_limit
test	9LEL	322	2	41.663433	30.000000	0.442186	/storage9920/home/tinghao.xia/Data_PT_V1/test/9lel/seed_322/sample_2.pt	pre_refinement_aligned_rmsd_above_limit
test	9LEL	322	3	48.069249	30.000000	0.396652	/storage9920/home/tinghao.xia/Data_PT_V1/test/9lel/seed_322/sample_3.pt	pre_refinement_aligned_rmsd_above_limit
test	9LEL	323	0	42.377078	30.000000	0.440464	/storage9920/home/tinghao.xia/Data_PT_V1/test/9lel/seed_323/sample_0.pt	pre_refinement_aligned_rmsd_above_limit
test	9LEL	323	1	46.424272	30.000000	0.398429	/storage9920/home/tinghao.xia/Data_PT_V1/test/9lel/seed_323/sample_1.pt	pre_refinement_aligned_rmsd_above_limit
test	9LEL	323	2	49.191772	30.000000	0.444216	/storage9920/home/tinghao.xia/Data_PT_V1/test/9lel/seed_323/sample_2.pt	pre_refinement_aligned_rmsd_above_limit
test	9LEL	323	3	39.174013	30.000000	0.398185	/storage9920/home/tinghao.xia/Data_PT_V1/test/9lel/seed_323/sample_3.pt	pre_refinement_aligned_rmsd_above_limit
test	9LEL	324	0	34.947066	30.000000	0.446184	/storage9920/home/tinghao.xia/Data_PT_V1/test/9lel/seed_324/sample_0.pt	pre_refinement_aligned_rmsd_above_limit
test	9LEL	324	1	36.201441	30.000000	0.399487	/storage9920/home/tinghao.xia/Data_PT_V1/test/9lel/seed_324/sample_1.pt	pre_refinement_aligned_rmsd_above_limit
test	9LEL	324	2	34.789592	30.000000	0.438621	/storage9920/home/tinghao.xia/Data_PT_V1/test/9lel/seed_324/sample_2.pt	pre_refinement_aligned_rmsd_above_limit
test	9LEL	324	3	35.544873	30.000000	0.402630	/storage9920/home/tinghao.xia/Data_PT_V1/test/9lel/seed_324/sample_3.pt	pre_refinement_aligned_rmsd_above_limit
test	9LEL	325	0	39.688896	30.000000	0.448942	/storage9920/home/tinghao.xia/Data_PT_V1/test/9lel/seed_325/sample_0.pt	pre_refinement_aligned_rmsd_above_limit
test	9LEL	325	1	44.771387	30.000000	0.398601	/storage9920/home/tinghao.xia/Data_PT_V1/test/9lel/seed_325/sample_1.pt	pre_refinement_aligned_rmsd_above_limit
test	9LEL	325	2	35.307519	30.000000	0.444496	/storage9920/home/tinghao.xia/Data_PT_V1/test/9lel/seed_325/sample_2.pt	pre_refinement_aligned_rmsd_above_limit
test	9LEL	325	3	46.063815	30.000000	0.397849	/storage9920/home/tinghao.xia/Data_PT_V1/test/9lel/seed_325/sample_3.pt	pre_refinement_aligned_rmsd_above_limit
test	9LEL	326	0	40.941650	30.000000	0.444615	/storage9920/home/tinghao.xia/Data_PT_V1/test/9lel/seed_326/sample_0.pt	pre_refinement_aligned_rmsd_above_limit
test	9LEL	326	1	38.297542	30.000000	0.399620	/storage9920/home/tinghao.xia/Data_PT_V1/test/9lel/seed_326/sample_1.pt	pre_refinement_aligned_rmsd_above_limit
test	9LEL	326	2	39.484388	30.000000	0.441782	/storage9920/home/tinghao.xia/Data_PT_V1/test/9lel/seed_326/sample_2.pt	pre_refinement_aligned_rmsd_above_limit
test	9LEL	326	3	48.305424	30.000000	0.399612	/storage9920/home/tinghao.xia/Data_PT_V1/test/9lel/seed_326/sample_3.pt	pre_refinement_aligned_rmsd_above_limit
test	9LEL	327	0	33.480652	30.000000	0.449370	/storage9920/home/tinghao.xia/Data_PT_V1/test/9lel/seed_327/sample_0.pt	pre_refinement_aligned_rmsd_above_limit
test	9LEL	327	1	33.126868	30.000000	0.398690	/storage9920/home/tinghao.xia/Data_PT_V1/test/9lel/seed_327/sample_1.pt	pre_refinement_aligned_rmsd_above_limit
test	9LEL	327	2	34.626760	30.000000	0.440722	/storage9920/home/tinghao.xia/Data_PT_V1/test/9lel/seed_327/sample_2.pt	pre_refinement_aligned_rmsd_above_limit
test	9LEL	327	3	34.169692	30.000000	0.400462	/storage9920/home/tinghao.xia/Data_PT_V1/test/9lel/seed_327/sample_3.pt	pre_refinement_aligned_rmsd_above_limit
test	9LEL	328	0	45.832952	30.000000	0.444795	/storage9920/home/tinghao.xia/Data_PT_V1/test/9lel/seed_328/sample_0.pt	pre_refinement_aligned_rmsd_above_limit
test	9LEL	328	1	34.798526	30.000000	0.398170	/storage9920/home/tinghao.xia/Data_PT_V1/test/9lel/seed_328/sample_1.pt	pre_refinement_aligned_rmsd_above_limit
test	9LEL	328	2	36.145504	30.000000	0.446932	/storage9920/home/tinghao.xia/Data_PT_V1/test/9lel/seed_328/sample_2.pt	pre_refinement_aligned_rmsd_above_limit
test	9LEL	328	3	36.087025	30.000000	0.398904	/storage9920/home/tinghao.xia/Data_PT_V1/test/9lel/seed_328/sample_3.pt	pre_refinement_aligned_rmsd_above_limit
test	9LEL	329	0	59.783524	30.000000	0.442178	/storage9920/home/tinghao.xia/Data_PT_V1/test/9lel/seed_329/sample_0.pt	pre_refinement_aligned_rmsd_above_limit
test	9LEL	329	1	59.175444	30.000000	0.395657	/storage9920/home/tinghao.xia/Data_PT_V1/test/9lel/seed_329/sample_1.pt	pre_refinement_aligned_rmsd_above_limit
test	9LEL	329	2	35.627399	30.000000	0.438357	/storage9920/home/tinghao.xia/Data_PT_V1/test/9lel/seed_329/sample_2.pt	pre_refinement_aligned_rmsd_above_limit
test	9LEL	329	3	48.274383	30.000000	0.398249	/storage9920/home/tinghao.xia/Data_PT_V1/test/9lel/seed_329/sample_3.pt	pre_refinement_aligned_rmsd_above_limit
test	9LEL	330	0	47.028908	30.000000	0.443326	/storage9920/home/tinghao.xia/Data_PT_V1/test/9lel/seed_330/sample_0.pt	pre_refinement_aligned_rmsd_above_limit
test	9LEL	330	1	47.128424	30.000000	0.397629	/storage9920/home/tinghao.xia/Data_PT_V1/test/9lel/seed_330/sample_1.pt	pre_refinement_aligned_rmsd_above_limit
test	9LEL	330	2	55.615827	30.000000	0.448209	/storage9920/home/tinghao.xia/Data_PT_V1/test/9lel/seed_330/sample_2.pt	pre_refinement_aligned_rmsd_above_limit
test	9LEL	330	3	34.679003	30.000000	0.398217	/storage9920/home/tinghao.xia/Data_PT_V1/test/9lel/seed_330/sample_3.pt	pre_refinement_aligned_rmsd_above_limit
test	9LEL	331	0	47.012724	30.000000	0.446805	/storage9920/home/tinghao.xia/Data_PT_V1/test/9lel/seed_331/sample_0.pt	pre_refinement_aligned_rmsd_above_limit
test	9LEL	331	1	48.947897	30.000000	0.397967	/storage9920/home/tinghao.xia/Data_PT_V1/test/9lel/seed_331/sample_1.pt	pre_refinement_aligned_rmsd_above_limit
test	9LEL	331	2	47.084026	30.000000	0.440577	/storage9920/home/tinghao.xia/Data_PT_V1/test/9lel/seed_331/sample_2.pt	pre_refinement_aligned_rmsd_above_limit
test	9LEL	331	3	52.220891	30.000000	0.398199	/storage9920/home/tinghao.xia/Data_PT_V1/test/9lel/seed_331/sample_3.pt	pre_refinement_aligned_rmsd_above_limit
test	9LEL	332	0	35.449621	30.000000	0.445031	/storage9920/home/tinghao.xia/Data_PT_V1/test/9lel/seed_332/sample_0.pt	pre_refinement_aligned_rmsd_above_limit
test	9LEL	332	1	38.937284	30.000000	0.397442	/storage9920/home/tinghao.xia/Data_PT_V1/test/9lel/seed_332/sample_1.pt	pre_refinement_aligned_rmsd_above_limit
test	9LEL	332	2	37.851778	30.000000	0.438036	/storage9920/home/tinghao.xia/Data_PT_V1/test/9lel/seed_332/sample_2.pt	pre_refinement_aligned_rmsd_above_limit
test	9LEL	332	3	38.514976	30.000000	0.398266	/storage9920/home/tinghao.xia/Data_PT_V1/test/9lel/seed_332/sample_3.pt	pre_refinement_aligned_rmsd_above_limit
test	9LEL	333	0	36.834668	30.000000	0.446578	/storage9920/home/tinghao.xia/Data_PT_V1/test/9lel/seed_333/sample_0.pt	pre_refinement_aligned_rmsd_above_limit
test	9LEL	333	1	50.721724	30.000000	0.398823	/storage9920/home/tinghao.xia/Data_PT_V1/test/9lel/seed_333/sample_1.pt	pre_refinement_aligned_rmsd_above_limit
test	9LEL	333	2	35.385209	30.000000	0.464704	/storage9920/home/tinghao.xia/Data_PT_V1/test/9lel/seed_333/sample_2.pt	pre_refinement_aligned_rmsd_above_limit
test	9LEL	333	3	52.186529	30.000000	0.399773	/storage9920/home/tinghao.xia/Data_PT_V1/test/9lel/seed_333/sample_3.pt	pre_refinement_aligned_rmsd_above_limit
test	9LEL	334	0	48.529007	30.000000	0.449685	/storage9920/home/tinghao.xia/Data_PT_V1/test/9lel/seed_334/sample_0.pt	pre_refinement_aligned_rmsd_above_limit
test	9LEL	334	1	47.628411	30.000000	0.404359	/storage9920/home/tinghao.xia/Data_PT_V1/test/9lel/seed_334/sample_1.pt	pre_refinement_aligned_rmsd_above_limit
test	9LEL	334	2	34.510460	30.000000	0.466778	/storage9920/home/tinghao.xia/Data_PT_V1/test/9lel/seed_334/sample_2.pt	pre_refinement_aligned_rmsd_above_limit
test	9LEL	334	3	34.528919	30.000000	0.400547	/storage9920/home/tinghao.xia/Data_PT_V1/test/9lel/seed_334/sample_3.pt	pre_refinement_aligned_rmsd_above_limit
test	9LEL	335	0	40.560796	30.000000	0.456171	/storage9920/home/tinghao.xia/Data_PT_V1/test/9lel/seed_335/sample_0.pt	pre_refinement_aligned_rmsd_above_limit
test	9LEL	335	1	35.209930	30.000000	0.400783	/storage9920/home/tinghao.xia/Data_PT_V1/test/9lel/seed_335/sample_1.pt	pre_refinement_aligned_rmsd_above_limit
test	9LEL	335	2	36.038896	30.000000	0.440184	/storage9920/home/tinghao.xia/Data_PT_V1/test/9lel/seed_335/sample_2.pt	pre_refinement_aligned_rmsd_above_limit
test	9LEL	335	3	34.203379	30.000000	0.397423	/storage9920/home/tinghao.xia/Data_PT_V1/test/9lel/seed_335/sample_3.pt	pre_refinement_aligned_rmsd_above_limit
test	9LEL	336	0	34.863258	30.000000	0.457626	/storage9920/home/tinghao.xia/Data_PT_V1/test/9lel/seed_336/sample_0.pt	pre_refinement_aligned_rmsd_above_limit
test	9LEL	336	1	35.180678	30.000000	0.405610	/storage9920/home/tinghao.xia/Data_PT_V1/test/9lel/seed_336/sample_1.pt	pre_refinement_aligned_rmsd_above_limit
test	9LEL	336	2	35.521641	30.000000	0.453066	/storage9920/home/tinghao.xia/Data_PT_V1/test/9lel/seed_336/sample_2.pt	pre_refinement_aligned_rmsd_above_limit
test	9LEL	336	3	38.066290	30.000000	0.403420	/storage9920/home/tinghao.xia/Data_PT_V1/test/9lel/seed_336/sample_3.pt	pre_refinement_aligned_rmsd_above_limit
test	9LEL	337	0	35.361979	30.000000	0.453071	/storage9920/home/tinghao.xia/Data_PT_V1/test/9lel/seed_337/sample_0.pt	pre_refinement_aligned_rmsd_above_limit
test	9LEL	337	1	34.678245	30.000000	0.422055	/storage9920/home/tinghao.xia/Data_PT_V1/test/9lel/seed_337/sample_1.pt	pre_refinement_aligned_rmsd_above_limit
test	9LEL	337	2	41.863938	30.000000	0.449207	/storage9920/home/tinghao.xia/Data_PT_V1/test/9lel/seed_337/sample_2.pt	pre_refinement_aligned_rmsd_above_limit
test	9LEL	337	3	33.668517	30.000000	0.399032	/storage9920/home/tinghao.xia/Data_PT_V1/test/9lel/seed_337/sample_3.pt	pre_refinement_aligned_rmsd_above_limit
test	9LEL	338	0	38.590916	30.000000	0.495867	/storage9920/home/tinghao.xia/Data_PT_V1/test/9lel/seed_338/sample_0.pt	pre_refinement_aligned_rmsd_above_limit
test	9LEL	338	1	36.149080	30.000000	0.399699	/storage9920/home/tinghao.xia/Data_PT_V1/test/9lel/seed_338/sample_1.pt	pre_refinement_aligned_rmsd_above_limit
test	9LEL	338	2	49.399235	30.000000	0.445873	/storage9920/home/tinghao.xia/Data_PT_V1/test/9lel/seed_338/sample_2.pt	pre_refinement_aligned_rmsd_above_limit
test	9LEL	338	3	32.658760	30.000000	0.399609	/storage9920/home/tinghao.xia/Data_PT_V1/test/9lel/seed_338/sample_3.pt	pre_refinement_aligned_rmsd_above_limit
test	9LEL	339	0	33.626524	30.000000	0.457996	/storage9920/home/tinghao.xia/Data_PT_V1/test/9lel/seed_339/sample_0.pt	pre_refinement_aligned_rmsd_above_limit
test	9LEL	339	1	35.622744	30.000000	0.406333	/storage9920/home/tinghao.xia/Data_PT_V1/test/9lel/seed_339/sample_1.pt	pre_refinement_aligned_rmsd_above_limit
test	9LEL	339	2	36.251269	30.000000	0.465315	/storage9920/home/tinghao.xia/Data_PT_V1/test/9lel/seed_339/sample_2.pt	pre_refinement_aligned_rmsd_above_limit
test	9LEL	339	3	35.695668	30.000000	0.407831	/storage9920/home/tinghao.xia/Data_PT_V1/test/9lel/seed_339/sample_3.pt	pre_refinement_aligned_rmsd_above_limit
test	9LEL	340	0	61.021645	30.000000	0.466306	/storage9920/home/tinghao.xia/Data_PT_V1/test/9lel/seed_340/sample_0.pt	pre_refinement_aligned_rmsd_above_limit
test	9LEL	340	1	59.032296	30.000000	0.400849	/storage9920/home/tinghao.xia/Data_PT_V1/test/9lel/seed_340/sample_1.pt	pre_refinement_aligned_rmsd_above_limit
test	9LEL	340	2	60.793647	30.000000	0.446244	/storage9920/home/tinghao.xia/Data_PT_V1/test/9lel/seed_340/sample_2.pt	pre_refinement_aligned_rmsd_above_limit
test	9LEL	340	3	38.913560	30.000000	0.399052	/storage9920/home/tinghao.xia/Data_PT_V1/test/9lel/seed_340/sample_3.pt	pre_refinement_aligned_rmsd_above_limit
test	9LEL	341	0	47.475278	30.000000	0.447739	/storage9920/home/tinghao.xia/Data_PT_V1/test/9lel/seed_341/sample_0.pt	pre_refinement_aligned_rmsd_above_limit
test	9LEL	341	1	40.544295	30.000000	0.398692	/storage9920/home/tinghao.xia/Data_PT_V1/test/9lel/seed_341/sample_1.pt	pre_refinement_aligned_rmsd_above_limit
test	9LEL	341	2	40.587255	30.000000	0.454567	/storage9920/home/tinghao.xia/Data_PT_V1/test/9lel/seed_341/sample_2.pt	pre_refinement_aligned_rmsd_above_limit
test	9LEL	341	3	45.658814	30.000000	0.406998	/storage9920/home/tinghao.xia/Data_PT_V1/test/9lel/seed_341/sample_3.pt	pre_refinement_aligned_rmsd_above_limit
test	9LEL	342	0	45.209631	30.000000	0.468249	/storage9920/home/tinghao.xia/Data_PT_V1/test/9lel/seed_342/sample_0.pt	pre_refinement_aligned_rmsd_above_limit
test	9LEL	342	1	35.254246	30.000000	0.407489	/storage9920/home/tinghao.xia/Data_PT_V1/test/9lel/seed_342/sample_1.pt	pre_refinement_aligned_rmsd_above_limit
test	9LEL	342	2	41.043145	30.000000	0.470624	/storage9920/home/tinghao.xia/Data_PT_V1/test/9lel/seed_342/sample_2.pt	pre_refinement_aligned_rmsd_above_limit
test	9LEL	342	3	50.186035	30.000000	0.405601	/storage9920/home/tinghao.xia/Data_PT_V1/test/9lel/seed_342/sample_3.pt	pre_refinement_aligned_rmsd_above_limit
test	9LEL	343	0	58.418883	30.000000	0.471816	/storage9920/home/tinghao.xia/Data_PT_V1/test/9lel/seed_343/sample_0.pt	pre_refinement_aligned_rmsd_above_limit
test	9LEL	343	1	52.330238	30.000000	0.408534	/storage9920/home/tinghao.xia/Data_PT_V1/test/9lel/seed_343/sample_1.pt	pre_refinement_aligned_rmsd_above_limit
test	9LEL	343	2	51.412390	30.000000	0.465759	/storage9920/home/tinghao.xia/Data_PT_V1/test/9lel/seed_343/sample_2.pt	pre_refinement_aligned_rmsd_above_limit
test	9LEL	343	3	59.080602	30.000000	0.405241	/storage9920/home/tinghao.xia/Data_PT_V1/test/9lel/seed_343/sample_3.pt	pre_refinement_aligned_rmsd_above_limit
test	9LEL	344	0	38.985223	30.000000	0.447772	/storage9920/home/tinghao.xia/Data_PT_V1/test/9lel/seed_344/sample_0.pt	pre_refinement_aligned_rmsd_above_limit
test	9LEL	344	1	46.340882	30.000000	0.412332	/storage9920/home/tinghao.xia/Data_PT_V1/test/9lel/seed_344/sample_1.pt	pre_refinement_aligned_rmsd_above_limit
test	9LEL	344	2	53.504253	30.000000	0.448576	/storage9920/home/tinghao.xia/Data_PT_V1/test/9lel/seed_344/sample_2.pt	pre_refinement_aligned_rmsd_above_limit
test	9LEL	344	3	57.966138	30.000000	0.401316	/storage9920/home/tinghao.xia/Data_PT_V1/test/9lel/seed_344/sample_3.pt	pre_refinement_aligned_rmsd_above_limit
test	9LEL	345	0	35.305881	30.000000	0.450686	/storage9920/home/tinghao.xia/Data_PT_V1/test/9lel/seed_345/sample_0.pt	pre_refinement_aligned_rmsd_above_limit
test	9LEL	345	1	41.998150	30.000000	0.398597	/storage9920/home/tinghao.xia/Data_PT_V1/test/9lel/seed_345/sample_1.pt	pre_refinement_aligned_rmsd_above_limit
test	9LEL	345	2	34.079470	30.000000	0.441999	/storage9920/home/tinghao.xia/Data_PT_V1/test/9lel/seed_345/sample_2.pt	pre_refinement_aligned_rmsd_above_limit
test	9LEL	345	3	64.457637	30.000000	0.399146	/storage9920/home/tinghao.xia/Data_PT_V1/test/9lel/seed_345/sample_3.pt	pre_refinement_aligned_rmsd_above_limit
test	9LEL	346	0	35.271421	30.000000	0.449188	/storage9920/home/tinghao.xia/Data_PT_V1/test/9lel/seed_346/sample_0.pt	pre_refinement_aligned_rmsd_above_limit
test	9LEL	346	1	38.313804	30.000000	0.398047	/storage9920/home/tinghao.xia/Data_PT_V1/test/9lel/seed_346/sample_1.pt	pre_refinement_aligned_rmsd_above_limit
test	9LEL	346	2	38.123564	30.000000	0.443117	/storage9920/home/tinghao.xia/Data_PT_V1/test/9lel/seed_346/sample_2.pt	pre_refinement_aligned_rmsd_above_limit
test	9LEL	346	3	43.580522	30.000000	0.398878	/storage9920/home/tinghao.xia/Data_PT_V1/test/9lel/seed_346/sample_3.pt	pre_refinement_aligned_rmsd_above_limit
test	9LEL	347	0	48.117365	30.000000	0.445143	/storage9920/home/tinghao.xia/Data_PT_V1/test/9lel/seed_347/sample_0.pt	pre_refinement_aligned_rmsd_above_limit
test	9LEL	347	1	43.986637	30.000000	0.405056	/storage9920/home/tinghao.xia/Data_PT_V1/test/9lel/seed_347/sample_1.pt	pre_refinement_aligned_rmsd_above_limit
test	9LEL	347	2	35.879149	30.000000	0.461545	/storage9920/home/tinghao.xia/Data_PT_V1/test/9lel/seed_347/sample_2.pt	pre_refinement_aligned_rmsd_above_limit
test	9LEL	347	3	34.851662	30.000000	0.400889	/storage9920/home/tinghao.xia/Data_PT_V1/test/9lel/seed_347/sample_3.pt	pre_refinement_aligned_rmsd_above_limit
test	9LEL	348	0	33.976736	30.000000	0.457578	/storage9920/home/tinghao.xia/Data_PT_V1/test/9lel/seed_348/sample_0.pt	pre_refinement_aligned_rmsd_above_limit
test	9LEL	348	1	53.149514	30.000000	0.409836	/storage9920/home/tinghao.xia/Data_PT_V1/test/9lel/seed_348/sample_1.pt	pre_refinement_aligned_rmsd_above_limit
test	9LEL	348	2	48.036405	30.000000	0.446700	/storage9920/home/tinghao.xia/Data_PT_V1/test/9lel/seed_348/sample_2.pt	pre_refinement_aligned_rmsd_above_limit
test	9LEL	348	3	44.521201	30.000000	0.402526	/storage9920/home/tinghao.xia/Data_PT_V1/test/9lel/seed_348/sample_3.pt	pre_refinement_aligned_rmsd_above_limit
test	9LEL	349	0	46.273907	30.000000	0.452403	/storage9920/home/tinghao.xia/Data_PT_V1/test/9lel/seed_349/sample_0.pt	pre_refinement_aligned_rmsd_above_limit
test	9LEL	349	1	44.986868	30.000000	0.403836	/storage9920/home/tinghao.xia/Data_PT_V1/test/9lel/seed_349/sample_1.pt	pre_refinement_aligned_rmsd_above_limit
test	9LEL	349	2	43.825967	30.000000	0.447733	/storage9920/home/tinghao.xia/Data_PT_V1/test/9lel/seed_349/sample_2.pt	pre_refinement_aligned_rmsd_above_limit
test	9LEL	349	3	44.020023	30.000000	0.401867	/storage9920/home/tinghao.xia/Data_PT_V1/test/9lel/seed_349/sample_3.pt	pre_refinement_aligned_rmsd_above_limit
test	9LHK	300	0	70.000122	30.000000	1.142773	/storage9920/home/tinghao.xia/Data_PT_V1/test/9lhk/seed_300/sample_0.pt	pre_refinement_aligned_rmsd_above_limit
test	9LHK	300	1	71.103874	30.000000	0.956497	/storage9920/home/tinghao.xia/Data_PT_V1/test/9lhk/seed_300/sample_1.pt	pre_refinement_aligned_rmsd_above_limit
test	9LHK	300	2	66.379747	30.000000	0.962435	/storage9920/home/tinghao.xia/Data_PT_V1/test/9lhk/seed_300/sample_2.pt	pre_refinement_aligned_rmsd_above_limit
test	9LHK	300	3	72.083809	30.000000	0.958889	/storage9920/home/tinghao.xia/Data_PT_V1/test/9lhk/seed_300/sample_3.pt	pre_refinement_aligned_rmsd_above_limit
test	9LHK	301	0	62.591044	30.000000	0.957977	/storage9920/home/tinghao.xia/Data_PT_V1/test/9lhk/seed_301/sample_0.pt	pre_refinement_aligned_rmsd_above_limit
test	9LHK	301	1	62.617218	30.000000	0.962216	/storage9920/home/tinghao.xia/Data_PT_V1/test/9lhk/seed_301/sample_1.pt	pre_refinement_aligned_rmsd_above_limit
test	9LHK	301	2	61.428940	30.000000	0.890856	/storage9920/home/tinghao.xia/Data_PT_V1/test/9lhk/seed_301/sample_2.pt	pre_refinement_aligned_rmsd_above_limit
test	9LHK	301	3	62.036550	30.000000	0.946034	/storage9920/home/tinghao.xia/Data_PT_V1/test/9lhk/seed_301/sample_3.pt	pre_refinement_aligned_rmsd_above_limit
test	9LHK	302	0	54.770930	30.000000	0.943824	/storage9920/home/tinghao.xia/Data_PT_V1/test/9lhk/seed_302/sample_0.pt	pre_refinement_aligned_rmsd_above_limit
test	9LHK	302	1	58.193092	30.000000	0.945893	/storage9920/home/tinghao.xia/Data_PT_V1/test/9lhk/seed_302/sample_1.pt	pre_refinement_aligned_rmsd_above_limit
test	9LHK	302	2	59.812101	30.000000	0.956656	/storage9920/home/tinghao.xia/Data_PT_V1/test/9lhk/seed_302/sample_2.pt	pre_refinement_aligned_rmsd_above_limit
test	9LHK	302	3	67.892196	30.000000	0.950254	/storage9920/home/tinghao.xia/Data_PT_V1/test/9lhk/seed_302/sample_3.pt	pre_refinement_aligned_rmsd_above_limit
test	9LHK	303	0	57.991954	30.000000	0.960234	/storage9920/home/tinghao.xia/Data_PT_V1/test/9lhk/seed_303/sample_0.pt	pre_refinement_aligned_rmsd_above_limit
test	9LHK	303	1	57.318874	30.000000	1.004805	/storage9920/home/tinghao.xia/Data_PT_V1/test/9lhk/seed_303/sample_1.pt	pre_refinement_aligned_rmsd_above_limit
test	9LHK	303	2	57.163579	30.000000	0.889273	/storage9920/home/tinghao.xia/Data_PT_V1/test/9lhk/seed_303/sample_2.pt	pre_refinement_aligned_rmsd_above_limit
test	9LHK	303	3	59.561603	30.000000	0.944452	/storage9920/home/tinghao.xia/Data_PT_V1/test/9lhk/seed_303/sample_3.pt	pre_refinement_aligned_rmsd_above_limit
test	9LHK	304	0	60.808163	30.000000	0.942243	/storage9920/home/tinghao.xia/Data_PT_V1/test/9lhk/seed_304/sample_0.pt	pre_refinement_aligned_rmsd_above_limit
test	9LHK	304	1	59.064937	30.000000	0.946053	/storage9920/home/tinghao.xia/Data_PT_V1/test/9lhk/seed_304/sample_1.pt	pre_refinement_aligned_rmsd_above_limit
test	9LHK	304	2	63.287573	30.000000	0.951000	/storage9920/home/tinghao.xia/Data_PT_V1/test/9lhk/seed_304/sample_2.pt	pre_refinement_aligned_rmsd_above_limit
test	9LHK	304	3	63.666873	30.000000	0.950009	/storage9920/home/tinghao.xia/Data_PT_V1/test/9lhk/seed_304/sample_3.pt	pre_refinement_aligned_rmsd_above_limit
test	9LHK	305	0	64.571746	30.000000	0.961619	/storage9920/home/tinghao.xia/Data_PT_V1/test/9lhk/seed_305/sample_0.pt	pre_refinement_aligned_rmsd_above_limit
test	9LHK	305	1	62.153150	30.000000	0.885214	/storage9920/home/tinghao.xia/Data_PT_V1/test/9lhk/seed_305/sample_1.pt	pre_refinement_aligned_rmsd_above_limit
test	9LHK	305	2	58.566252	30.000000	0.944177	/storage9920/home/tinghao.xia/Data_PT_V1/test/9lhk/seed_305/sample_2.pt	pre_refinement_aligned_rmsd_above_limit
test	9LHK	305	3	57.878993	30.000000	0.943524	/storage9920/home/tinghao.xia/Data_PT_V1/test/9lhk/seed_305/sample_3.pt	pre_refinement_aligned_rmsd_above_limit
test	9LHK	306	0	51.473585	30.000000	0.942426	/storage9920/home/tinghao.xia/Data_PT_V1/test/9lhk/seed_306/sample_0.pt	pre_refinement_aligned_rmsd_above_limit
test	9LHK	306	1	52.602071	30.000000	0.949518	/storage9920/home/tinghao.xia/Data_PT_V1/test/9lhk/seed_306/sample_1.pt	pre_refinement_aligned_rmsd_above_limit
test	9LHK	306	2	56.291912	30.000000	0.951724	/storage9920/home/tinghao.xia/Data_PT_V1/test/9lhk/seed_306/sample_2.pt	pre_refinement_aligned_rmsd_above_limit
test	9LHK	306	3	54.122576	30.000000	0.958063	/storage9920/home/tinghao.xia/Data_PT_V1/test/9lhk/seed_306/sample_3.pt	pre_refinement_aligned_rmsd_above_limit
test	9LHK	307	0	60.243813	30.000000	0.964528	/storage9920/home/tinghao.xia/Data_PT_V1/test/9lhk/seed_307/sample_0.pt	pre_refinement_aligned_rmsd_above_limit
test	9LHK	307	1	51.059801	30.000000	0.887602	/storage9920/home/tinghao.xia/Data_PT_V1/test/9lhk/seed_307/sample_1.pt	pre_refinement_aligned_rmsd_above_limit
test	9LHK	307	2	54.443405	30.000000	0.943212	/storage9920/home/tinghao.xia/Data_PT_V1/test/9lhk/seed_307/sample_2.pt	pre_refinement_aligned_rmsd_above_limit
test	9LHK	307	3	51.911739	30.000000	0.949752	/storage9920/home/tinghao.xia/Data_PT_V1/test/9lhk/seed_307/sample_3.pt	pre_refinement_aligned_rmsd_above_limit
test	9LHK	308	0	60.151243	30.000000	0.948999	/storage9920/home/tinghao.xia/Data_PT_V1/test/9lhk/seed_308/sample_0.pt	pre_refinement_aligned_rmsd_above_limit
test	9LHK	308	1	60.385041	30.000000	0.954391	/storage9920/home/tinghao.xia/Data_PT_V1/test/9lhk/seed_308/sample_1.pt	pre_refinement_aligned_rmsd_above_limit
test	9LHK	308	2	58.972483	30.000000	0.951088	/storage9920/home/tinghao.xia/Data_PT_V1/test/9lhk/seed_308/sample_2.pt	pre_refinement_aligned_rmsd_above_limit
test	9LHK	308	3	55.781930	30.000000	0.958734	/storage9920/home/tinghao.xia/Data_PT_V1/test/9lhk/seed_308/sample_3.pt	pre_refinement_aligned_rmsd_above_limit
test	9LHK	309	0	57.031184	30.000000	0.959780	/storage9920/home/tinghao.xia/Data_PT_V1/test/9lhk/seed_309/sample_0.pt	pre_refinement_aligned_rmsd_above_limit
test	9LHK	309	1	57.022493	30.000000	0.886623	/storage9920/home/tinghao.xia/Data_PT_V1/test/9lhk/seed_309/sample_1.pt	pre_refinement_aligned_rmsd_above_limit
test	9LHK	309	2	58.019363	30.000000	0.946669	/storage9920/home/tinghao.xia/Data_PT_V1/test/9lhk/seed_309/sample_2.pt	pre_refinement_aligned_rmsd_above_limit
test	9LHK	309	3	54.322297	30.000000	0.938523	/storage9920/home/tinghao.xia/Data_PT_V1/test/9lhk/seed_309/sample_3.pt	pre_refinement_aligned_rmsd_above_limit
test	9LHK	310	0	62.329417	30.000000	0.941042	/storage9920/home/tinghao.xia/Data_PT_V1/test/9lhk/seed_310/sample_0.pt	pre_refinement_aligned_rmsd_above_limit
test	9LHK	310	1	58.859129	30.000000	0.950482	/storage9920/home/tinghao.xia/Data_PT_V1/test/9lhk/seed_310/sample_1.pt	pre_refinement_aligned_rmsd_above_limit
test	9LHK	310	2	62.607680	30.000000	0.957965	/storage9920/home/tinghao.xia/Data_PT_V1/test/9lhk/seed_310/sample_2.pt	pre_refinement_aligned_rmsd_above_limit
test	9LHK	310	3	60.464227	30.000000	0.951240	/storage9920/home/tinghao.xia/Data_PT_V1/test/9lhk/seed_310/sample_3.pt	pre_refinement_aligned_rmsd_above_limit
test	9LHK	311	0	56.671146	30.000000	0.955849	/storage9920/home/tinghao.xia/Data_PT_V1/test/9lhk/seed_311/sample_0.pt	pre_refinement_aligned_rmsd_above_limit
test	9LHK	311	1	58.389365	30.000000	0.882314	/storage9920/home/tinghao.xia/Data_PT_V1/test/9lhk/seed_311/sample_1.pt	pre_refinement_aligned_rmsd_above_limit
test	9LHK	311	2	56.716597	30.000000	0.940934	/storage9920/home/tinghao.xia/Data_PT_V1/test/9lhk/seed_311/sample_2.pt	pre_refinement_aligned_rmsd_above_limit
test	9LHK	311	3	57.111358	30.000000	0.938706	/storage9920/home/tinghao.xia/Data_PT_V1/test/9lhk/seed_311/sample_3.pt	pre_refinement_aligned_rmsd_above_limit
test	9LHK	312	0	60.689674	30.000000	0.944190	/storage9920/home/tinghao.xia/Data_PT_V1/test/9lhk/seed_312/sample_0.pt	pre_refinement_aligned_rmsd_above_limit
test	9LHK	312	1	57.735855	30.000000	0.954862	/storage9920/home/tinghao.xia/Data_PT_V1/test/9lhk/seed_312/sample_1.pt	pre_refinement_aligned_rmsd_above_limit
test	9LHK	312	2	56.380832	30.000000	0.952112	/storage9920/home/tinghao.xia/Data_PT_V1/test/9lhk/seed_312/sample_2.pt	pre_refinement_aligned_rmsd_above_limit
test	9LHK	312	3	58.012421	30.000000	0.956404	/storage9920/home/tinghao.xia/Data_PT_V1/test/9lhk/seed_312/sample_3.pt	pre_refinement_aligned_rmsd_above_limit
test	9LHK	313	0	62.660111	30.000000	0.888656	/storage9920/home/tinghao.xia/Data_PT_V1/test/9lhk/seed_313/sample_0.pt	pre_refinement_aligned_rmsd_above_limit
test	9LHK	313	1	61.761594	30.000000	0.950395	/storage9920/home/tinghao.xia/Data_PT_V1/test/9lhk/seed_313/sample_1.pt	pre_refinement_aligned_rmsd_above_limit
test	9LHK	313	2	61.670659	30.000000	0.945760	/storage9920/home/tinghao.xia/Data_PT_V1/test/9lhk/seed_313/sample_2.pt	pre_refinement_aligned_rmsd_above_limit
test	9LHK	313	3	58.708389	30.000000	0.945739	/storage9920/home/tinghao.xia/Data_PT_V1/test/9lhk/seed_313/sample_3.pt	pre_refinement_aligned_rmsd_above_limit
test	9LHK	314	0	57.029542	30.000000	0.955966	/storage9920/home/tinghao.xia/Data_PT_V1/test/9lhk/seed_314/sample_0.pt	pre_refinement_aligned_rmsd_above_limit
test	9LHK	314	1	58.709214	30.000000	0.950913	/storage9920/home/tinghao.xia/Data_PT_V1/test/9lhk/seed_314/sample_1.pt	pre_refinement_aligned_rmsd_above_limit
test	9LHK	314	2	58.846299	30.000000	0.956460	/storage9920/home/tinghao.xia/Data_PT_V1/test/9lhk/seed_314/sample_2.pt	pre_refinement_aligned_rmsd_above_limit
test	9LHK	314	3	52.905245	30.000000	0.968382	/storage9920/home/tinghao.xia/Data_PT_V1/test/9lhk/seed_314/sample_3.pt	pre_refinement_aligned_rmsd_above_limit
test	9LHK	315	0	64.718476	30.000000	0.882488	/storage9920/home/tinghao.xia/Data_PT_V1/test/9lhk/seed_315/sample_0.pt	pre_refinement_aligned_rmsd_above_limit
test	9LHK	315	1	63.772356	30.000000	0.940431	/storage9920/home/tinghao.xia/Data_PT_V1/test/9lhk/seed_315/sample_1.pt	pre_refinement_aligned_rmsd_above_limit
test	9LHK	315	2	67.373623	30.000000	0.945960	/storage9920/home/tinghao.xia/Data_PT_V1/test/9lhk/seed_315/sample_2.pt	pre_refinement_aligned_rmsd_above_limit
test	9LHK	315	3	66.883239	30.000000	0.945654	/storage9920/home/tinghao.xia/Data_PT_V1/test/9lhk/seed_315/sample_3.pt	pre_refinement_aligned_rmsd_above_limit
test	9LHK	316	0	46.490598	30.000000	0.949010	/storage9920/home/tinghao.xia/Data_PT_V1/test/9lhk/seed_316/sample_0.pt	pre_refinement_aligned_rmsd_above_limit
test	9LHK	316	1	50.442932	30.000000	0.949682	/storage9920/home/tinghao.xia/Data_PT_V1/test/9lhk/seed_316/sample_1.pt	pre_refinement_aligned_rmsd_above_limit
test	9LHK	316	2	42.680391	30.000000	0.952915	/storage9920/home/tinghao.xia/Data_PT_V1/test/9lhk/seed_316/sample_2.pt	pre_refinement_aligned_rmsd_above_limit
test	9LHK	316	3	47.439415	30.000000	0.956307	/storage9920/home/tinghao.xia/Data_PT_V1/test/9lhk/seed_316/sample_3.pt	pre_refinement_aligned_rmsd_above_limit
test	9LHK	317	0	49.781384	30.000000	0.886703	/storage9920/home/tinghao.xia/Data_PT_V1/test/9lhk/seed_317/sample_0.pt	pre_refinement_aligned_rmsd_above_limit
test	9LHK	317	1	48.254371	30.000000	0.950552	/storage9920/home/tinghao.xia/Data_PT_V1/test/9lhk/seed_317/sample_1.pt	pre_refinement_aligned_rmsd_above_limit
test	9LHK	317	2	53.157742	30.000000	0.941317	/storage9920/home/tinghao.xia/Data_PT_V1/test/9lhk/seed_317/sample_2.pt	pre_refinement_aligned_rmsd_above_limit
test	9LHK	317	3	55.041056	30.000000	0.944425	/storage9920/home/tinghao.xia/Data_PT_V1/test/9lhk/seed_317/sample_3.pt	pre_refinement_aligned_rmsd_above_limit
test	9LHK	318	0	72.644203	30.000000	0.952282	/storage9920/home/tinghao.xia/Data_PT_V1/test/9lhk/seed_318/sample_0.pt	pre_refinement_aligned_rmsd_above_limit
test	9LHK	318	1	70.397047	30.000000	0.950777	/storage9920/home/tinghao.xia/Data_PT_V1/test/9lhk/seed_318/sample_1.pt	pre_refinement_aligned_rmsd_above_limit
test	9LHK	318	2	72.606179	30.000000	0.953774	/storage9920/home/tinghao.xia/Data_PT_V1/test/9lhk/seed_318/sample_2.pt	pre_refinement_aligned_rmsd_above_limit
test	9LHK	318	3	68.386105	30.000000	0.957757	/storage9920/home/tinghao.xia/Data_PT_V1/test/9lhk/seed_318/sample_3.pt	pre_refinement_aligned_rmsd_above_limit
test	9LHK	319	0	63.710000	30.000000	0.907609	/storage9920/home/tinghao.xia/Data_PT_V1/test/9lhk/seed_319/sample_0.pt	pre_refinement_aligned_rmsd_above_limit
test	9LHK	319	1	61.396850	30.000000	0.956174	/storage9920/home/tinghao.xia/Data_PT_V1/test/9lhk/seed_319/sample_1.pt	pre_refinement_aligned_rmsd_above_limit
test	9LHK	319	2	61.114045	30.000000	0.946968	/storage9920/home/tinghao.xia/Data_PT_V1/test/9lhk/seed_319/sample_2.pt	pre_refinement_aligned_rmsd_above_limit
test	9LHK	319	3	62.196154	30.000000	0.943709	/storage9920/home/tinghao.xia/Data_PT_V1/test/9lhk/seed_319/sample_3.pt	pre_refinement_aligned_rmsd_above_limit
test	9LHK	320	0	60.765419	30.000000	0.958570	/storage9920/home/tinghao.xia/Data_PT_V1/test/9lhk/seed_320/sample_0.pt	pre_refinement_aligned_rmsd_above_limit
test	9LHK	320	1	64.536003	30.000000	0.952891	/storage9920/home/tinghao.xia/Data_PT_V1/test/9lhk/seed_320/sample_1.pt	pre_refinement_aligned_rmsd_above_limit
test	9LHK	320	2	64.059650	30.000000	0.956747	/storage9920/home/tinghao.xia/Data_PT_V1/test/9lhk/seed_320/sample_2.pt	pre_refinement_aligned_rmsd_above_limit
test	9LHK	320	3	63.659299	30.000000	0.885677	/storage9920/home/tinghao.xia/Data_PT_V1/test/9lhk/seed_320/sample_3.pt	pre_refinement_aligned_rmsd_above_limit
test	9LHK	321	0	60.778217	30.000000	0.950207	/storage9920/home/tinghao.xia/Data_PT_V1/test/9lhk/seed_321/sample_0.pt	pre_refinement_aligned_rmsd_above_limit
test	9LHK	321	1	57.856151	30.000000	0.947690	/storage9920/home/tinghao.xia/Data_PT_V1/test/9lhk/seed_321/sample_1.pt	pre_refinement_aligned_rmsd_above_limit
test	9LHK	321	2	59.270521	30.000000	0.946645	/storage9920/home/tinghao.xia/Data_PT_V1/test/9lhk/seed_321/sample_2.pt	pre_refinement_aligned_rmsd_above_limit
test	9LHK	321	3	51.223703	30.000000	0.954406	/storage9920/home/tinghao.xia/Data_PT_V1/test/9lhk/seed_321/sample_3.pt	pre_refinement_aligned_rmsd_above_limit
test	9LHK	322	0	60.773802	30.000000	0.953956	/storage9920/home/tinghao.xia/Data_PT_V1/test/9lhk/seed_322/sample_0.pt	pre_refinement_aligned_rmsd_above_limit
test	9LHK	322	1	58.369378	30.000000	0.952748	/storage9920/home/tinghao.xia/Data_PT_V1/test/9lhk/seed_322/sample_1.pt	pre_refinement_aligned_rmsd_above_limit
test	9LHK	322	2	51.672456	30.000000	0.963898	/storage9920/home/tinghao.xia/Data_PT_V1/test/9lhk/seed_322/sample_2.pt	pre_refinement_aligned_rmsd_above_limit
test	9LHK	322	3	50.308138	30.000000	0.888837	/storage9920/home/tinghao.xia/Data_PT_V1/test/9lhk/seed_322/sample_3.pt	pre_refinement_aligned_rmsd_above_limit
test	9LHK	323	0	64.594966	30.000000	0.946872	/storage9920/home/tinghao.xia/Data_PT_V1/test/9lhk/seed_323/sample_0.pt	pre_refinement_aligned_rmsd_above_limit
test	9LHK	323	1	63.360045	30.000000	0.950881	/storage9920/home/tinghao.xia/Data_PT_V1/test/9lhk/seed_323/sample_1.pt	pre_refinement_aligned_rmsd_above_limit
test	9LHK	323	2	61.741918	30.000000	0.952382	/storage9920/home/tinghao.xia/Data_PT_V1/test/9lhk/seed_323/sample_2.pt	pre_refinement_aligned_rmsd_above_limit
test	9LHK	323	3	61.065924	30.000000	0.958563	/storage9920/home/tinghao.xia/Data_PT_V1/test/9lhk/seed_323/sample_3.pt	pre_refinement_aligned_rmsd_above_limit
test	9LHK	324	0	60.721467	30.000000	0.950930	/storage9920/home/tinghao.xia/Data_PT_V1/test/9lhk/seed_324/sample_0.pt	pre_refinement_aligned_rmsd_above_limit
test	9LHK	324	1	60.949684	30.000000	0.954273	/storage9920/home/tinghao.xia/Data_PT_V1/test/9lhk/seed_324/sample_1.pt	pre_refinement_aligned_rmsd_above_limit
test	9LHK	324	2	61.281386	30.000000	0.959671	/storage9920/home/tinghao.xia/Data_PT_V1/test/9lhk/seed_324/sample_2.pt	pre_refinement_aligned_rmsd_above_limit
test	9LHK	324	3	60.357250	30.000000	0.885591	/storage9920/home/tinghao.xia/Data_PT_V1/test/9lhk/seed_324/sample_3.pt	pre_refinement_aligned_rmsd_above_limit
test	9LHK	325	0	66.637877	30.000000	0.943687	/storage9920/home/tinghao.xia/Data_PT_V1/test/9lhk/seed_325/sample_0.pt	pre_refinement_aligned_rmsd_above_limit
test	9LHK	325	1	65.741812	30.000000	0.941050	/storage9920/home/tinghao.xia/Data_PT_V1/test/9lhk/seed_325/sample_1.pt	pre_refinement_aligned_rmsd_above_limit
test	9LHK	325	2	61.836278	30.000000	0.943984	/storage9920/home/tinghao.xia/Data_PT_V1/test/9lhk/seed_325/sample_2.pt	pre_refinement_aligned_rmsd_above_limit
test	9LHK	325	3	65.196150	30.000000	0.950917	/storage9920/home/tinghao.xia/Data_PT_V1/test/9lhk/seed_325/sample_3.pt	pre_refinement_aligned_rmsd_above_limit
test	9LHK	326	0	57.573695	30.000000	0.952154	/storage9920/home/tinghao.xia/Data_PT_V1/test/9lhk/seed_326/sample_0.pt	pre_refinement_aligned_rmsd_above_limit
test	9LHK	326	1	52.908496	30.000000	0.954479	/storage9920/home/tinghao.xia/Data_PT_V1/test/9lhk/seed_326/sample_1.pt	pre_refinement_aligned_rmsd_above_limit
test	9LHK	326	2	49.872359	30.000000	0.957893	/storage9920/home/tinghao.xia/Data_PT_V1/test/9lhk/seed_326/sample_2.pt	pre_refinement_aligned_rmsd_above_limit
test	9LHK	326	3	55.869297	30.000000	0.888441	/storage9920/home/tinghao.xia/Data_PT_V1/test/9lhk/seed_326/sample_3.pt	pre_refinement_aligned_rmsd_above_limit
test	9LHK	327	0	58.191583	30.000000	0.943940	/storage9920/home/tinghao.xia/Data_PT_V1/test/9lhk/seed_327/sample_0.pt	pre_refinement_aligned_rmsd_above_limit
test	9LHK	327	1	66.382678	30.000000	0.938277	/storage9920/home/tinghao.xia/Data_PT_V1/test/9lhk/seed_327/sample_1.pt	pre_refinement_aligned_rmsd_above_limit
test	9LHK	327	2	57.718668	30.000000	0.941732	/storage9920/home/tinghao.xia/Data_PT_V1/test/9lhk/seed_327/sample_2.pt	pre_refinement_aligned_rmsd_above_limit
test	9LHK	327	3	56.546249	30.000000	0.953477	/storage9920/home/tinghao.xia/Data_PT_V1/test/9lhk/seed_327/sample_3.pt	pre_refinement_aligned_rmsd_above_limit
test	9LHK	328	0	67.196081	30.000000	0.960827	/storage9920/home/tinghao.xia/Data_PT_V1/test/9lhk/seed_328/sample_0.pt	pre_refinement_aligned_rmsd_above_limit
test	9LHK	328	1	71.751988	30.000000	0.957862	/storage9920/home/tinghao.xia/Data_PT_V1/test/9lhk/seed_328/sample_1.pt	pre_refinement_aligned_rmsd_above_limit
test	9LHK	328	2	61.726628	30.000000	0.886489	/storage9920/home/tinghao.xia/Data_PT_V1/test/9lhk/seed_328/sample_2.pt	pre_refinement_aligned_rmsd_above_limit
test	9LHK	328	3	57.196807	30.000000	0.948743	/storage9920/home/tinghao.xia/Data_PT_V1/test/9lhk/seed_328/sample_3.pt	pre_refinement_aligned_rmsd_above_limit
test	9LHK	329	0	60.660799	30.000000	0.954191	/storage9920/home/tinghao.xia/Data_PT_V1/test/9lhk/seed_329/sample_0.pt	pre_refinement_aligned_rmsd_above_limit
test	9LHK	329	1	56.975756	30.000000	0.947284	/storage9920/home/tinghao.xia/Data_PT_V1/test/9lhk/seed_329/sample_1.pt	pre_refinement_aligned_rmsd_above_limit
test	9LHK	329	2	62.118534	30.000000	0.953859	/storage9920/home/tinghao.xia/Data_PT_V1/test/9lhk/seed_329/sample_2.pt	pre_refinement_aligned_rmsd_above_limit
test	9LHK	329	3	60.098355	30.000000	0.953491	/storage9920/home/tinghao.xia/Data_PT_V1/test/9lhk/seed_329/sample_3.pt	pre_refinement_aligned_rmsd_above_limit
test	9LHK	330	0	59.077764	30.000000	0.953814	/storage9920/home/tinghao.xia/Data_PT_V1/test/9lhk/seed_330/sample_0.pt	pre_refinement_aligned_rmsd_above_limit
test	9LHK	330	1	55.519629	30.000000	0.956021	/storage9920/home/tinghao.xia/Data_PT_V1/test/9lhk/seed_330/sample_1.pt	pre_refinement_aligned_rmsd_above_limit
test	9LHK	330	2	50.260166	30.000000	0.889191	/storage9920/home/tinghao.xia/Data_PT_V1/test/9lhk/seed_330/sample_2.pt	pre_refinement_aligned_rmsd_above_limit
test	9LHK	330	3	53.202805	30.000000	0.950333	/storage9920/home/tinghao.xia/Data_PT_V1/test/9lhk/seed_330/sample_3.pt	pre_refinement_aligned_rmsd_above_limit
test	9LHK	331	0	59.610191	30.000000	0.950710	/storage9920/home/tinghao.xia/Data_PT_V1/test/9lhk/seed_331/sample_0.pt	pre_refinement_aligned_rmsd_above_limit
test	9LHK	331	1	51.864703	30.000000	0.967973	/storage9920/home/tinghao.xia/Data_PT_V1/test/9lhk/seed_331/sample_1.pt	pre_refinement_aligned_rmsd_above_limit
test	9LHK	331	2	54.650007	30.000000	0.957328	/storage9920/home/tinghao.xia/Data_PT_V1/test/9lhk/seed_331/sample_2.pt	pre_refinement_aligned_rmsd_above_limit
test	9LHK	331	3	50.811611	30.000000	0.950398	/storage9920/home/tinghao.xia/Data_PT_V1/test/9lhk/seed_331/sample_3.pt	pre_refinement_aligned_rmsd_above_limit
test	9LHK	332	0	63.017509	30.000000	0.955169	/storage9920/home/tinghao.xia/Data_PT_V1/test/9lhk/seed_332/sample_0.pt	pre_refinement_aligned_rmsd_above_limit
test	9LHK	332	1	63.146163	30.000000	0.959663	/storage9920/home/tinghao.xia/Data_PT_V1/test/9lhk/seed_332/sample_1.pt	pre_refinement_aligned_rmsd_above_limit
test	9LHK	332	2	59.674307	30.000000	0.887116	/storage9920/home/tinghao.xia/Data_PT_V1/test/9lhk/seed_332/sample_2.pt	pre_refinement_aligned_rmsd_above_limit
test	9LHK	332	3	63.601763	30.000000	0.940380	/storage9920/home/tinghao.xia/Data_PT_V1/test/9lhk/seed_332/sample_3.pt	pre_refinement_aligned_rmsd_above_limit
test	9LHK	333	0	62.685814	30.000000	0.939942	/storage9920/home/tinghao.xia/Data_PT_V1/test/9lhk/seed_333/sample_0.pt	pre_refinement_aligned_rmsd_above_limit
test	9LHK	333	1	64.794409	30.000000	0.944097	/storage9920/home/tinghao.xia/Data_PT_V1/test/9lhk/seed_333/sample_1.pt	pre_refinement_aligned_rmsd_above_limit
test	9LHK	333	2	66.967878	30.000000	0.956354	/storage9920/home/tinghao.xia/Data_PT_V1/test/9lhk/seed_333/sample_2.pt	pre_refinement_aligned_rmsd_above_limit
test	9LHK	333	3	67.205099	30.000000	0.952276	/storage9920/home/tinghao.xia/Data_PT_V1/test/9lhk/seed_333/sample_3.pt	pre_refinement_aligned_rmsd_above_limit
test	9LHK	334	0	62.839431	30.000000	0.957333	/storage9920/home/tinghao.xia/Data_PT_V1/test/9lhk/seed_334/sample_0.pt	pre_refinement_aligned_rmsd_above_limit
test	9LHK	334	1	60.276808	30.000000	0.960120	/storage9920/home/tinghao.xia/Data_PT_V1/test/9lhk/seed_334/sample_1.pt	pre_refinement_aligned_rmsd_above_limit
test	9LHK	334	2	62.872485	30.000000	0.885603	/storage9920/home/tinghao.xia/Data_PT_V1/test/9lhk/seed_334/sample_2.pt	pre_refinement_aligned_rmsd_above_limit
test	9LHK	334	3	62.965915	30.000000	0.948674	/storage9920/home/tinghao.xia/Data_PT_V1/test/9lhk/seed_334/sample_3.pt	pre_refinement_aligned_rmsd_above_limit
test	9LHK	335	0	55.102382	30.000000	0.947148	/storage9920/home/tinghao.xia/Data_PT_V1/test/9lhk/seed_335/sample_0.pt	pre_refinement_aligned_rmsd_above_limit
test	9LHK	335	1	58.041775	30.000000	0.948132	/storage9920/home/tinghao.xia/Data_PT_V1/test/9lhk/seed_335/sample_1.pt	pre_refinement_aligned_rmsd_above_limit
test	9LHK	335	2	59.599129	30.000000	0.955580	/storage9920/home/tinghao.xia/Data_PT_V1/test/9lhk/seed_335/sample_2.pt	pre_refinement_aligned_rmsd_above_limit
test	9LHK	335	3	58.631974	30.000000	0.951678	/storage9920/home/tinghao.xia/Data_PT_V1/test/9lhk/seed_335/sample_3.pt	pre_refinement_aligned_rmsd_above_limit
test	9LHK	336	0	55.442779	30.000000	0.956749	/storage9920/home/tinghao.xia/Data_PT_V1/test/9lhk/seed_336/sample_0.pt	pre_refinement_aligned_rmsd_above_limit
test	9LHK	336	1	46.315721	30.000000	0.893400	/storage9920/home/tinghao.xia/Data_PT_V1/test/9lhk/seed_336/sample_1.pt	pre_refinement_aligned_rmsd_above_limit
test	9LHK	336	2	41.140692	30.000000	0.954766	/storage9920/home/tinghao.xia/Data_PT_V1/test/9lhk/seed_336/sample_2.pt	pre_refinement_aligned_rmsd_above_limit
test	9LHK	336	3	57.168532	30.000000	0.939512	/storage9920/home/tinghao.xia/Data_PT_V1/test/9lhk/seed_336/sample_3.pt	pre_refinement_aligned_rmsd_above_limit
test	9LHK	337	0	49.082455	30.000000	0.946249	/storage9920/home/tinghao.xia/Data_PT_V1/test/9lhk/seed_337/sample_0.pt	pre_refinement_aligned_rmsd_above_limit
test	9LHK	337	1	52.794388	30.000000	0.950507	/storage9920/home/tinghao.xia/Data_PT_V1/test/9lhk/seed_337/sample_1.pt	pre_refinement_aligned_rmsd_above_limit
test	9LHK	337	2	50.922153	30.000000	0.948767	/storage9920/home/tinghao.xia/Data_PT_V1/test/9lhk/seed_337/sample_2.pt	pre_refinement_aligned_rmsd_above_limit
test	9LHK	337	3	44.468937	30.000000	0.951294	/storage9920/home/tinghao.xia/Data_PT_V1/test/9lhk/seed_337/sample_3.pt	pre_refinement_aligned_rmsd_above_limit
test	9LHK	338	0	61.395542	30.000000	0.953506	/storage9920/home/tinghao.xia/Data_PT_V1/test/9lhk/seed_338/sample_0.pt	pre_refinement_aligned_rmsd_above_limit
test	9LHK	338	1	61.200629	30.000000	0.909105	/storage9920/home/tinghao.xia/Data_PT_V1/test/9lhk/seed_338/sample_1.pt	pre_refinement_aligned_rmsd_above_limit
test	9LHK	338	2	63.206335	30.000000	0.946327	/storage9920/home/tinghao.xia/Data_PT_V1/test/9lhk/seed_338/sample_2.pt	pre_refinement_aligned_rmsd_above_limit
test	9LHK	338	3	58.568719	30.000000	0.950642	/storage9920/home/tinghao.xia/Data_PT_V1/test/9lhk/seed_338/sample_3.pt	pre_refinement_aligned_rmsd_above_limit
test	9LHK	339	0	61.880581	30.000000	0.945820	/storage9920/home/tinghao.xia/Data_PT_V1/test/9lhk/seed_339/sample_0.pt	pre_refinement_aligned_rmsd_above_limit
test	9LHK	339	1	62.127744	30.000000	0.954057	/storage9920/home/tinghao.xia/Data_PT_V1/test/9lhk/seed_339/sample_1.pt	pre_refinement_aligned_rmsd_above_limit
test	9LHK	339	2	62.544670	30.000000	0.956873	/storage9920/home/tinghao.xia/Data_PT_V1/test/9lhk/seed_339/sample_2.pt	pre_refinement_aligned_rmsd_above_limit
test	9LHK	339	3	63.074688	30.000000	0.967356	/storage9920/home/tinghao.xia/Data_PT_V1/test/9lhk/seed_339/sample_3.pt	pre_refinement_aligned_rmsd_above_limit
test	9LHK	340	0	57.503196	30.000000	0.966962	/storage9920/home/tinghao.xia/Data_PT_V1/test/9lhk/seed_340/sample_0.pt	pre_refinement_aligned_rmsd_above_limit
test	9LHK	340	1	61.916989	30.000000	0.886596	/storage9920/home/tinghao.xia/Data_PT_V1/test/9lhk/seed_340/sample_1.pt	pre_refinement_aligned_rmsd_above_limit
test	9LHK	340	2	49.070076	30.000000	0.944583	/storage9920/home/tinghao.xia/Data_PT_V1/test/9lhk/seed_340/sample_2.pt	pre_refinement_aligned_rmsd_above_limit
test	9LHK	340	3	48.133634	30.000000	0.941394	/storage9920/home/tinghao.xia/Data_PT_V1/test/9lhk/seed_340/sample_3.pt	pre_refinement_aligned_rmsd_above_limit
test	9LHK	341	0	61.070825	30.000000	0.946082	/storage9920/home/tinghao.xia/Data_PT_V1/test/9lhk/seed_341/sample_0.pt	pre_refinement_aligned_rmsd_above_limit
test	9LHK	341	1	61.991668	30.000000	0.958796	/storage9920/home/tinghao.xia/Data_PT_V1/test/9lhk/seed_341/sample_1.pt	pre_refinement_aligned_rmsd_above_limit
test	9LHK	341	2	61.429368	30.000000	0.952858	/storage9920/home/tinghao.xia/Data_PT_V1/test/9lhk/seed_341/sample_2.pt	pre_refinement_aligned_rmsd_above_limit
test	9LHK	341	3	59.727433	30.000000	0.959984	/storage9920/home/tinghao.xia/Data_PT_V1/test/9lhk/seed_341/sample_3.pt	pre_refinement_aligned_rmsd_above_limit
test	9LHK	342	0	57.828849	30.000000	0.962731	/storage9920/home/tinghao.xia/Data_PT_V1/test/9lhk/seed_342/sample_0.pt	pre_refinement_aligned_rmsd_above_limit
test	9LHK	342	1	57.424687	30.000000	0.890521	/storage9920/home/tinghao.xia/Data_PT_V1/test/9lhk/seed_342/sample_1.pt	pre_refinement_aligned_rmsd_above_limit
test	9LHK	342	2	57.394605	30.000000	0.952798	/storage9920/home/tinghao.xia/Data_PT_V1/test/9lhk/seed_342/sample_2.pt	pre_refinement_aligned_rmsd_above_limit
test	9LHK	342	3	59.360944	30.000000	0.947415	/storage9920/home/tinghao.xia/Data_PT_V1/test/9lhk/seed_342/sample_3.pt	pre_refinement_aligned_rmsd_above_limit
test	9LHK	343	0	60.155925	30.000000	0.953250	/storage9920/home/tinghao.xia/Data_PT_V1/test/9lhk/seed_343/sample_0.pt	pre_refinement_aligned_rmsd_above_limit
test	9LHK	343	1	61.754494	30.000000	0.971475	/storage9920/home/tinghao.xia/Data_PT_V1/test/9lhk/seed_343/sample_1.pt	pre_refinement_aligned_rmsd_above_limit
test	9LHK	343	2	61.448507	30.000000	0.954852	/storage9920/home/tinghao.xia/Data_PT_V1/test/9lhk/seed_343/sample_2.pt	pre_refinement_aligned_rmsd_above_limit
test	9LHK	343	3	62.163771	30.000000	0.963014	/storage9920/home/tinghao.xia/Data_PT_V1/test/9lhk/seed_343/sample_3.pt	pre_refinement_aligned_rmsd_above_limit
test	9LHK	344	0	53.915095	30.000000	0.896784	/storage9920/home/tinghao.xia/Data_PT_V1/test/9lhk/seed_344/sample_0.pt	pre_refinement_aligned_rmsd_above_limit
test	9LHK	344	1	55.023446	30.000000	0.940096	/storage9920/home/tinghao.xia/Data_PT_V1/test/9lhk/seed_344/sample_1.pt	pre_refinement_aligned_rmsd_above_limit
test	9LHK	344	2	57.870386	30.000000	0.943424	/storage9920/home/tinghao.xia/Data_PT_V1/test/9lhk/seed_344/sample_2.pt	pre_refinement_aligned_rmsd_above_limit
test	9LHK	344	3	54.843662	30.000000	0.949000	/storage9920/home/tinghao.xia/Data_PT_V1/test/9lhk/seed_344/sample_3.pt	pre_refinement_aligned_rmsd_above_limit
test	9LHK	345	0	61.834123	30.000000	0.979864	/storage9920/home/tinghao.xia/Data_PT_V1/test/9lhk/seed_345/sample_0.pt	pre_refinement_aligned_rmsd_above_limit
test	9LHK	345	1	59.816081	30.000000	0.961568	/storage9920/home/tinghao.xia/Data_PT_V1/test/9lhk/seed_345/sample_1.pt	pre_refinement_aligned_rmsd_above_limit
test	9LHK	345	2	60.398210	30.000000	0.954671	/storage9920/home/tinghao.xia/Data_PT_V1/test/9lhk/seed_345/sample_2.pt	pre_refinement_aligned_rmsd_above_limit
test	9LHK	345	3	60.974952	30.000000	0.968736	/storage9920/home/tinghao.xia/Data_PT_V1/test/9lhk/seed_345/sample_3.pt	pre_refinement_aligned_rmsd_above_limit
test	9LHK	346	0	56.415591	30.000000	0.887988	/storage9920/home/tinghao.xia/Data_PT_V1/test/9lhk/seed_346/sample_0.pt	pre_refinement_aligned_rmsd_above_limit
test	9LHK	346	1	57.711256	30.000000	0.949191	/storage9920/home/tinghao.xia/Data_PT_V1/test/9lhk/seed_346/sample_1.pt	pre_refinement_aligned_rmsd_above_limit
test	9LHK	346	2	53.320469	30.000000	0.950092	/storage9920/home/tinghao.xia/Data_PT_V1/test/9lhk/seed_346/sample_2.pt	pre_refinement_aligned_rmsd_above_limit
test	9LHK	346	3	57.081824	30.000000	0.958792	/storage9920/home/tinghao.xia/Data_PT_V1/test/9lhk/seed_346/sample_3.pt	pre_refinement_aligned_rmsd_above_limit
test	9LHK	347	0	55.732511	30.000000	0.959589	/storage9920/home/tinghao.xia/Data_PT_V1/test/9lhk/seed_347/sample_0.pt	pre_refinement_aligned_rmsd_above_limit
test	9LHK	347	1	59.111598	30.000000	0.970615	/storage9920/home/tinghao.xia/Data_PT_V1/test/9lhk/seed_347/sample_1.pt	pre_refinement_aligned_rmsd_above_limit
test	9LHK	347	2	59.048876	30.000000	0.959700	/storage9920/home/tinghao.xia/Data_PT_V1/test/9lhk/seed_347/sample_2.pt	pre_refinement_aligned_rmsd_above_limit
test	9LHK	347	3	52.981744	30.000000	0.964058	/storage9920/home/tinghao.xia/Data_PT_V1/test/9lhk/seed_347/sample_3.pt	pre_refinement_aligned_rmsd_above_limit
test	9LHK	348	0	59.242156	30.000000	0.892384	/storage9920/home/tinghao.xia/Data_PT_V1/test/9lhk/seed_348/sample_0.pt	pre_refinement_aligned_rmsd_above_limit
test	9LHK	348	1	57.174489	30.000000	0.959812	/storage9920/home/tinghao.xia/Data_PT_V1/test/9lhk/seed_348/sample_1.pt	pre_refinement_aligned_rmsd_above_limit
test	9LHK	348	2	59.175441	30.000000	0.953467	/storage9920/home/tinghao.xia/Data_PT_V1/test/9lhk/seed_348/sample_2.pt	pre_refinement_aligned_rmsd_above_limit
test	9LHK	348	3	58.505513	30.000000	0.949334	/storage9920/home/tinghao.xia/Data_PT_V1/test/9lhk/seed_348/sample_3.pt	pre_refinement_aligned_rmsd_above_limit
test	9LHK	349	0	58.900564	30.000000	0.968688	/storage9920/home/tinghao.xia/Data_PT_V1/test/9lhk/seed_349/sample_0.pt	pre_refinement_aligned_rmsd_above_limit
test	9LHK	349	1	61.934764	30.000000	0.960051	/storage9920/home/tinghao.xia/Data_PT_V1/test/9lhk/seed_349/sample_1.pt	pre_refinement_aligned_rmsd_above_limit
test	9LHK	349	2	58.682492	30.000000	0.963238	/storage9920/home/tinghao.xia/Data_PT_V1/test/9lhk/seed_349/sample_2.pt	pre_refinement_aligned_rmsd_above_limit
test	9LHK	349	3	57.242514	30.000000	0.973800	/storage9920/home/tinghao.xia/Data_PT_V1/test/9lhk/seed_349/sample_3.pt	pre_refinement_aligned_rmsd_above_limit
test	9M79	300	0	37.461965	30.000000	0.649198	/storage9920/home/tinghao.xia/Data_PT_V1/test/9m79/seed_300/sample_0.pt	pre_refinement_aligned_rmsd_above_limit
test	9M79	300	1	40.700236	30.000000	0.473256	/storage9920/home/tinghao.xia/Data_PT_V1/test/9m79/seed_300/sample_1.pt	pre_refinement_aligned_rmsd_above_limit
test	9M79	300	2	36.341819	30.000000	0.520439	/storage9920/home/tinghao.xia/Data_PT_V1/test/9m79/seed_300/sample_2.pt	pre_refinement_aligned_rmsd_above_limit
test	9M79	300	3	34.357710	30.000000	0.466815	/storage9920/home/tinghao.xia/Data_PT_V1/test/9m79/seed_300/sample_3.pt	pre_refinement_aligned_rmsd_above_limit
test	9M79	301	0	42.936494	30.000000	0.504899	/storage9920/home/tinghao.xia/Data_PT_V1/test/9m79/seed_301/sample_0.pt	pre_refinement_aligned_rmsd_above_limit
test	9M79	301	1	40.089346	30.000000	0.465249	/storage9920/home/tinghao.xia/Data_PT_V1/test/9m79/seed_301/sample_1.pt	pre_refinement_aligned_rmsd_above_limit
test	9M79	301	2	39.311634	30.000000	0.511967	/storage9920/home/tinghao.xia/Data_PT_V1/test/9m79/seed_301/sample_2.pt	pre_refinement_aligned_rmsd_above_limit
test	9M79	301	3	43.759900	30.000000	0.513620	/storage9920/home/tinghao.xia/Data_PT_V1/test/9m79/seed_301/sample_3.pt	pre_refinement_aligned_rmsd_above_limit
test	9M79	302	0	36.964077	30.000000	0.461319	/storage9920/home/tinghao.xia/Data_PT_V1/test/9m79/seed_302/sample_0.pt	pre_refinement_aligned_rmsd_above_limit
test	9M79	302	1	36.805311	30.000000	0.508170	/storage9920/home/tinghao.xia/Data_PT_V1/test/9m79/seed_302/sample_1.pt	pre_refinement_aligned_rmsd_above_limit
test	9M79	302	2	35.985822	30.000000	0.460313	/storage9920/home/tinghao.xia/Data_PT_V1/test/9m79/seed_302/sample_2.pt	pre_refinement_aligned_rmsd_above_limit
test	9M79	302	3	37.455187	30.000000	0.508429	/storage9920/home/tinghao.xia/Data_PT_V1/test/9m79/seed_302/sample_3.pt	pre_refinement_aligned_rmsd_above_limit
test	9M79	303	0	49.046221	30.000000	0.464967	/storage9920/home/tinghao.xia/Data_PT_V1/test/9m79/seed_303/sample_0.pt	pre_refinement_aligned_rmsd_above_limit
test	9M79	303	1	55.208636	30.000000	0.509914	/storage9920/home/tinghao.xia/Data_PT_V1/test/9m79/seed_303/sample_1.pt	pre_refinement_aligned_rmsd_above_limit
test	9M79	303	2	42.667689	30.000000	0.467822	/storage9920/home/tinghao.xia/Data_PT_V1/test/9m79/seed_303/sample_2.pt	pre_refinement_aligned_rmsd_above_limit
test	9M79	303	3	42.023819	30.000000	0.502268	/storage9920/home/tinghao.xia/Data_PT_V1/test/9m79/seed_303/sample_3.pt	pre_refinement_aligned_rmsd_above_limit
test	9M79	304	0	37.895906	30.000000	0.522654	/storage9920/home/tinghao.xia/Data_PT_V1/test/9m79/seed_304/sample_0.pt	pre_refinement_aligned_rmsd_above_limit
test	9M79	304	1	38.323183	30.000000	0.471901	/storage9920/home/tinghao.xia/Data_PT_V1/test/9m79/seed_304/sample_1.pt	pre_refinement_aligned_rmsd_above_limit
test	9M79	304	2	35.550866	30.000000	0.516201	/storage9920/home/tinghao.xia/Data_PT_V1/test/9m79/seed_304/sample_2.pt	pre_refinement_aligned_rmsd_above_limit
test	9M79	304	3	33.393291	30.000000	0.465648	/storage9920/home/tinghao.xia/Data_PT_V1/test/9m79/seed_304/sample_3.pt	pre_refinement_aligned_rmsd_above_limit
test	9M79	305	0	37.452397	30.000000	0.521650	/storage9920/home/tinghao.xia/Data_PT_V1/test/9m79/seed_305/sample_0.pt	pre_refinement_aligned_rmsd_above_limit
test	9M79	305	1	37.455289	30.000000	0.468317	/storage9920/home/tinghao.xia/Data_PT_V1/test/9m79/seed_305/sample_1.pt	pre_refinement_aligned_rmsd_above_limit
test	9M79	305	2	38.281725	30.000000	0.519833	/storage9920/home/tinghao.xia/Data_PT_V1/test/9m79/seed_305/sample_2.pt	pre_refinement_aligned_rmsd_above_limit
test	9M79	305	3	41.920483	30.000000	0.461708	/storage9920/home/tinghao.xia/Data_PT_V1/test/9m79/seed_305/sample_3.pt	pre_refinement_aligned_rmsd_above_limit
test	9M79	306	0	36.677876	30.000000	0.516522	/storage9920/home/tinghao.xia/Data_PT_V1/test/9m79/seed_306/sample_0.pt	pre_refinement_aligned_rmsd_above_limit
test	9M79	306	1	38.620052	30.000000	0.462068	/storage9920/home/tinghao.xia/Data_PT_V1/test/9m79/seed_306/sample_1.pt	pre_refinement_aligned_rmsd_above_limit
test	9M79	306	2	40.311815	30.000000	0.542343	/storage9920/home/tinghao.xia/Data_PT_V1/test/9m79/seed_306/sample_2.pt	pre_refinement_aligned_rmsd_above_limit
test	9M79	306	3	40.155728	30.000000	0.466981	/storage9920/home/tinghao.xia/Data_PT_V1/test/9m79/seed_306/sample_3.pt	pre_refinement_aligned_rmsd_above_limit
test	9M79	307	0	36.912866	30.000000	0.525154	/storage9920/home/tinghao.xia/Data_PT_V1/test/9m79/seed_307/sample_0.pt	pre_refinement_aligned_rmsd_above_limit
test	9M79	307	1	40.858300	30.000000	0.478836	/storage9920/home/tinghao.xia/Data_PT_V1/test/9m79/seed_307/sample_1.pt	pre_refinement_aligned_rmsd_above_limit
test	9M79	307	2	35.075753	30.000000	0.523395	/storage9920/home/tinghao.xia/Data_PT_V1/test/9m79/seed_307/sample_2.pt	pre_refinement_aligned_rmsd_above_limit
test	9M79	307	3	45.631502	30.000000	0.468684	/storage9920/home/tinghao.xia/Data_PT_V1/test/9m79/seed_307/sample_3.pt	pre_refinement_aligned_rmsd_above_limit
test	9M79	308	0	41.402423	30.000000	0.518049	/storage9920/home/tinghao.xia/Data_PT_V1/test/9m79/seed_308/sample_0.pt	pre_refinement_aligned_rmsd_above_limit
test	9M79	308	1	43.329072	30.000000	0.466568	/storage9920/home/tinghao.xia/Data_PT_V1/test/9m79/seed_308/sample_1.pt	pre_refinement_aligned_rmsd_above_limit
test	9M79	308	2	39.893740	30.000000	0.521333	/storage9920/home/tinghao.xia/Data_PT_V1/test/9m79/seed_308/sample_2.pt	pre_refinement_aligned_rmsd_above_limit
test	9M79	308	3	50.243667	30.000000	0.460008	/storage9920/home/tinghao.xia/Data_PT_V1/test/9m79/seed_308/sample_3.pt	pre_refinement_aligned_rmsd_above_limit
test	9M79	309	0	45.550931	30.000000	0.514151	/storage9920/home/tinghao.xia/Data_PT_V1/test/9m79/seed_309/sample_0.pt	pre_refinement_aligned_rmsd_above_limit
test	9M79	309	1	39.038141	30.000000	0.462125	/storage9920/home/tinghao.xia/Data_PT_V1/test/9m79/seed_309/sample_1.pt	pre_refinement_aligned_rmsd_above_limit
test	9M79	309	2	37.933137	30.000000	0.523503	/storage9920/home/tinghao.xia/Data_PT_V1/test/9m79/seed_309/sample_2.pt	pre_refinement_aligned_rmsd_above_limit
test	9M79	309	3	40.901815	30.000000	0.525053	/storage9920/home/tinghao.xia/Data_PT_V1/test/9m79/seed_309/sample_3.pt	pre_refinement_aligned_rmsd_above_limit
test	9M79	310	0	38.396569	30.000000	0.469972	/storage9920/home/tinghao.xia/Data_PT_V1/test/9m79/seed_310/sample_0.pt	pre_refinement_aligned_rmsd_above_limit
test	9M79	310	1	36.743196	30.000000	0.511087	/storage9920/home/tinghao.xia/Data_PT_V1/test/9m79/seed_310/sample_1.pt	pre_refinement_aligned_rmsd_above_limit
test	9M79	310	2	36.354300	30.000000	0.469125	/storage9920/home/tinghao.xia/Data_PT_V1/test/9m79/seed_310/sample_2.pt	pre_refinement_aligned_rmsd_above_limit
test	9M79	310	3	36.859361	30.000000	0.516646	/storage9920/home/tinghao.xia/Data_PT_V1/test/9m79/seed_310/sample_3.pt	pre_refinement_aligned_rmsd_above_limit
test	9M79	311	0	43.960816	30.000000	0.475963	/storage9920/home/tinghao.xia/Data_PT_V1/test/9m79/seed_311/sample_0.pt	pre_refinement_aligned_rmsd_above_limit
test	9M79	311	1	40.337540	30.000000	0.526753	/storage9920/home/tinghao.xia/Data_PT_V1/test/9m79/seed_311/sample_1.pt	pre_refinement_aligned_rmsd_above_limit
test	9M79	311	2	42.574015	30.000000	0.468700	/storage9920/home/tinghao.xia/Data_PT_V1/test/9m79/seed_311/sample_2.pt	pre_refinement_aligned_rmsd_above_limit
test	9M79	311	3	41.723818	30.000000	0.514189	/storage9920/home/tinghao.xia/Data_PT_V1/test/9m79/seed_311/sample_3.pt	pre_refinement_aligned_rmsd_above_limit
test	9M79	312	0	35.590130	30.000000	0.468786	/storage9920/home/tinghao.xia/Data_PT_V1/test/9m79/seed_312/sample_0.pt	pre_refinement_aligned_rmsd_above_limit
test	9M79	312	1	44.713217	30.000000	0.519738	/storage9920/home/tinghao.xia/Data_PT_V1/test/9m79/seed_312/sample_1.pt	pre_refinement_aligned_rmsd_above_limit
test	9M79	312	2	41.109987	30.000000	0.459999	/storage9920/home/tinghao.xia/Data_PT_V1/test/9m79/seed_312/sample_2.pt	pre_refinement_aligned_rmsd_above_limit
test	9M79	312	3	40.762357	30.000000	0.519000	/storage9920/home/tinghao.xia/Data_PT_V1/test/9m79/seed_312/sample_3.pt	pre_refinement_aligned_rmsd_above_limit
test	9M79	313	0	37.058627	30.000000	0.524484	/storage9920/home/tinghao.xia/Data_PT_V1/test/9m79/seed_313/sample_0.pt	pre_refinement_aligned_rmsd_above_limit
test	9M79	313	1	40.000950	30.000000	0.467154	/storage9920/home/tinghao.xia/Data_PT_V1/test/9m79/seed_313/sample_1.pt	pre_refinement_aligned_rmsd_above_limit
test	9M79	313	2	37.475257	30.000000	0.513162	/storage9920/home/tinghao.xia/Data_PT_V1/test/9m79/seed_313/sample_2.pt	pre_refinement_aligned_rmsd_above_limit
test	9M79	313	3	39.802241	30.000000	0.469352	/storage9920/home/tinghao.xia/Data_PT_V1/test/9m79/seed_313/sample_3.pt	pre_refinement_aligned_rmsd_above_limit
test	9M79	314	0	36.845618	30.000000	0.516905	/storage9920/home/tinghao.xia/Data_PT_V1/test/9m79/seed_314/sample_0.pt	pre_refinement_aligned_rmsd_above_limit
test	9M79	314	1	45.104189	30.000000	0.468149	/storage9920/home/tinghao.xia/Data_PT_V1/test/9m79/seed_314/sample_1.pt	pre_refinement_aligned_rmsd_above_limit
test	9M79	314	2	33.268532	30.000000	0.535372	/storage9920/home/tinghao.xia/Data_PT_V1/test/9m79/seed_314/sample_2.pt	pre_refinement_aligned_rmsd_above_limit
test	9M79	314	3	35.993549	30.000000	0.466434	/storage9920/home/tinghao.xia/Data_PT_V1/test/9m79/seed_314/sample_3.pt	pre_refinement_aligned_rmsd_above_limit
test	9M79	315	0	37.612373	30.000000	0.519719	/storage9920/home/tinghao.xia/Data_PT_V1/test/9m79/seed_315/sample_0.pt	pre_refinement_aligned_rmsd_above_limit
test	9M79	315	1	37.834331	30.000000	0.474243	/storage9920/home/tinghao.xia/Data_PT_V1/test/9m79/seed_315/sample_1.pt	pre_refinement_aligned_rmsd_above_limit
test	9M79	315	2	34.576411	30.000000	0.517971	/storage9920/home/tinghao.xia/Data_PT_V1/test/9m79/seed_315/sample_2.pt	pre_refinement_aligned_rmsd_above_limit
test	9M79	315	3	36.702661	30.000000	0.465295	/storage9920/home/tinghao.xia/Data_PT_V1/test/9m79/seed_315/sample_3.pt	pre_refinement_aligned_rmsd_above_limit
test	9M79	316	0	45.852614	30.000000	0.509319	/storage9920/home/tinghao.xia/Data_PT_V1/test/9m79/seed_316/sample_0.pt	pre_refinement_aligned_rmsd_above_limit
test	9M79	316	1	47.260921	30.000000	0.511042	/storage9920/home/tinghao.xia/Data_PT_V1/test/9m79/seed_316/sample_1.pt	pre_refinement_aligned_rmsd_above_limit
test	9M79	316	2	42.178683	30.000000	0.463225	/storage9920/home/tinghao.xia/Data_PT_V1/test/9m79/seed_316/sample_2.pt	pre_refinement_aligned_rmsd_above_limit
test	9M79	316	3	49.812628	30.000000	0.517577	/storage9920/home/tinghao.xia/Data_PT_V1/test/9m79/seed_316/sample_3.pt	pre_refinement_aligned_rmsd_above_limit
test	9M79	317	0	37.889027	30.000000	0.464354	/storage9920/home/tinghao.xia/Data_PT_V1/test/9m79/seed_317/sample_0.pt	pre_refinement_aligned_rmsd_above_limit
test	9M79	317	1	40.163168	30.000000	0.510298	/storage9920/home/tinghao.xia/Data_PT_V1/test/9m79/seed_317/sample_1.pt	pre_refinement_aligned_rmsd_above_limit
test	9M79	317	2	31.302956	30.000000	0.465840	/storage9920/home/tinghao.xia/Data_PT_V1/test/9m79/seed_317/sample_2.pt	pre_refinement_aligned_rmsd_above_limit
test	9M79	317	3	35.840548	30.000000	0.514088	/storage9920/home/tinghao.xia/Data_PT_V1/test/9m79/seed_317/sample_3.pt	pre_refinement_aligned_rmsd_above_limit
test	9M79	318	0	37.156501	30.000000	0.462832	/storage9920/home/tinghao.xia/Data_PT_V1/test/9m79/seed_318/sample_0.pt	pre_refinement_aligned_rmsd_above_limit
test	9M79	318	1	39.617541	30.000000	0.518872	/storage9920/home/tinghao.xia/Data_PT_V1/test/9m79/seed_318/sample_1.pt	pre_refinement_aligned_rmsd_above_limit
test	9M79	318	2	36.530268	30.000000	0.468904	/storage9920/home/tinghao.xia/Data_PT_V1/test/9m79/seed_318/sample_2.pt	pre_refinement_aligned_rmsd_above_limit
test	9M79	318	3	38.409493	30.000000	0.517348	/storage9920/home/tinghao.xia/Data_PT_V1/test/9m79/seed_318/sample_3.pt	pre_refinement_aligned_rmsd_above_limit
test	9M79	319	0	41.429157	30.000000	0.467276	/storage9920/home/tinghao.xia/Data_PT_V1/test/9m79/seed_319/sample_0.pt	pre_refinement_aligned_rmsd_above_limit
test	9M79	319	1	43.021161	30.000000	0.520225	/storage9920/home/tinghao.xia/Data_PT_V1/test/9m79/seed_319/sample_1.pt	pre_refinement_aligned_rmsd_above_limit
test	9M79	319	2	41.902653	30.000000	0.529080	/storage9920/home/tinghao.xia/Data_PT_V1/test/9m79/seed_319/sample_2.pt	pre_refinement_aligned_rmsd_above_limit
test	9M79	319	3	42.669905	30.000000	0.463981	/storage9920/home/tinghao.xia/Data_PT_V1/test/9m79/seed_319/sample_3.pt	pre_refinement_aligned_rmsd_above_limit
test	9M79	320	0	45.636983	30.000000	0.508198	/storage9920/home/tinghao.xia/Data_PT_V1/test/9m79/seed_320/sample_0.pt	pre_refinement_aligned_rmsd_above_limit
test	9M79	320	1	45.226053	30.000000	0.472214	/storage9920/home/tinghao.xia/Data_PT_V1/test/9m79/seed_320/sample_1.pt	pre_refinement_aligned_rmsd_above_limit
test	9M79	320	2	42.532381	30.000000	0.518697	/storage9920/home/tinghao.xia/Data_PT_V1/test/9m79/seed_320/sample_2.pt	pre_refinement_aligned_rmsd_above_limit
test	9M79	320	3	43.995030	30.000000	0.463780	/storage9920/home/tinghao.xia/Data_PT_V1/test/9m79/seed_320/sample_3.pt	pre_refinement_aligned_rmsd_above_limit
test	9M79	321	0	33.522674	30.000000	0.510369	/storage9920/home/tinghao.xia/Data_PT_V1/test/9m79/seed_321/sample_0.pt	pre_refinement_aligned_rmsd_above_limit
test	9M79	321	1	34.850592	30.000000	0.465337	/storage9920/home/tinghao.xia/Data_PT_V1/test/9m79/seed_321/sample_1.pt	pre_refinement_aligned_rmsd_above_limit
test	9M79	321	2	32.817564	30.000000	0.520173	/storage9920/home/tinghao.xia/Data_PT_V1/test/9m79/seed_321/sample_2.pt	pre_refinement_aligned_rmsd_above_limit
test	9M79	321	3	42.070828	30.000000	0.558014	/storage9920/home/tinghao.xia/Data_PT_V1/test/9m79/seed_321/sample_3.pt	pre_refinement_aligned_rmsd_above_limit
test	9M79	322	0	35.844806	30.000000	0.519588	/storage9920/home/tinghao.xia/Data_PT_V1/test/9m79/seed_322/sample_0.pt	pre_refinement_aligned_rmsd_above_limit
test	9M79	322	1	32.679530	30.000000	0.467938	/storage9920/home/tinghao.xia/Data_PT_V1/test/9m79/seed_322/sample_1.pt	pre_refinement_aligned_rmsd_above_limit
test	9M79	322	2	36.069125	30.000000	0.518258	/storage9920/home/tinghao.xia/Data_PT_V1/test/9m79/seed_322/sample_2.pt	pre_refinement_aligned_rmsd_above_limit
test	9M79	322	3	34.403831	30.000000	0.513320	/storage9920/home/tinghao.xia/Data_PT_V1/test/9m79/seed_322/sample_3.pt	pre_refinement_aligned_rmsd_above_limit
test	9M79	323	0	39.190698	30.000000	0.456786	/storage9920/home/tinghao.xia/Data_PT_V1/test/9m79/seed_323/sample_0.pt	pre_refinement_aligned_rmsd_above_limit
test	9M79	323	1	38.524328	30.000000	0.520538	/storage9920/home/tinghao.xia/Data_PT_V1/test/9m79/seed_323/sample_1.pt	pre_refinement_aligned_rmsd_above_limit
test	9M79	323	2	39.101049	30.000000	0.469692	/storage9920/home/tinghao.xia/Data_PT_V1/test/9m79/seed_323/sample_2.pt	pre_refinement_aligned_rmsd_above_limit
test	9M79	323	3	41.264823	30.000000	0.519271	/storage9920/home/tinghao.xia/Data_PT_V1/test/9m79/seed_323/sample_3.pt	pre_refinement_aligned_rmsd_above_limit
test	9M79	324	0	36.693980	30.000000	0.467939	/storage9920/home/tinghao.xia/Data_PT_V1/test/9m79/seed_324/sample_0.pt	pre_refinement_aligned_rmsd_above_limit
test	9M79	324	1	34.701684	30.000000	0.536531	/storage9920/home/tinghao.xia/Data_PT_V1/test/9m79/seed_324/sample_1.pt	pre_refinement_aligned_rmsd_above_limit
test	9M79	324	2	36.736091	30.000000	0.464672	/storage9920/home/tinghao.xia/Data_PT_V1/test/9m79/seed_324/sample_2.pt	pre_refinement_aligned_rmsd_above_limit
test	9M79	324	3	36.476124	30.000000	0.516134	/storage9920/home/tinghao.xia/Data_PT_V1/test/9m79/seed_324/sample_3.pt	pre_refinement_aligned_rmsd_above_limit
test	9M79	325	0	42.243478	30.000000	0.473199	/storage9920/home/tinghao.xia/Data_PT_V1/test/9m79/seed_325/sample_0.pt	pre_refinement_aligned_rmsd_above_limit
test	9M79	325	1	45.749520	30.000000	0.534896	/storage9920/home/tinghao.xia/Data_PT_V1/test/9m79/seed_325/sample_1.pt	pre_refinement_aligned_rmsd_above_limit
test	9M79	325	2	43.341844	30.000000	0.465530	/storage9920/home/tinghao.xia/Data_PT_V1/test/9m79/seed_325/sample_2.pt	pre_refinement_aligned_rmsd_above_limit
test	9M79	325	3	41.738712	30.000000	0.504448	/storage9920/home/tinghao.xia/Data_PT_V1/test/9m79/seed_325/sample_3.pt	pre_refinement_aligned_rmsd_above_limit
test	9M79	326	0	33.852625	30.000000	0.510442	/storage9920/home/tinghao.xia/Data_PT_V1/test/9m79/seed_326/sample_0.pt	pre_refinement_aligned_rmsd_above_limit
test	9M79	326	1	35.740691	30.000000	0.463135	/storage9920/home/tinghao.xia/Data_PT_V1/test/9m79/seed_326/sample_1.pt	pre_refinement_aligned_rmsd_above_limit
test	9M79	326	2	39.432336	30.000000	0.512157	/storage9920/home/tinghao.xia/Data_PT_V1/test/9m79/seed_326/sample_2.pt	pre_refinement_aligned_rmsd_above_limit
test	9M79	326	3	32.099464	30.000000	0.458325	/storage9920/home/tinghao.xia/Data_PT_V1/test/9m79/seed_326/sample_3.pt	pre_refinement_aligned_rmsd_above_limit
test	9M79	327	0	41.845387	30.000000	0.514548	/storage9920/home/tinghao.xia/Data_PT_V1/test/9m79/seed_327/sample_0.pt	pre_refinement_aligned_rmsd_above_limit
test	9M79	327	1	42.220639	30.000000	0.478486	/storage9920/home/tinghao.xia/Data_PT_V1/test/9m79/seed_327/sample_1.pt	pre_refinement_aligned_rmsd_above_limit
test	9M79	327	2	32.402442	30.000000	0.521229	/storage9920/home/tinghao.xia/Data_PT_V1/test/9m79/seed_327/sample_2.pt	pre_refinement_aligned_rmsd_above_limit
test	9M79	327	3	39.681080	30.000000	0.465768	/storage9920/home/tinghao.xia/Data_PT_V1/test/9m79/seed_327/sample_3.pt	pre_refinement_aligned_rmsd_above_limit
test	9M79	328	0	33.792511	30.000000	0.520724	/storage9920/home/tinghao.xia/Data_PT_V1/test/9m79/seed_328/sample_0.pt	pre_refinement_aligned_rmsd_above_limit
test	9M79	328	1	38.128566	30.000000	0.464628	/storage9920/home/tinghao.xia/Data_PT_V1/test/9m79/seed_328/sample_1.pt	pre_refinement_aligned_rmsd_above_limit
test	9M79	328	2	36.261216	30.000000	0.516184	/storage9920/home/tinghao.xia/Data_PT_V1/test/9m79/seed_328/sample_2.pt	pre_refinement_aligned_rmsd_above_limit
test	9M79	328	3	42.174628	30.000000	0.457511	/storage9920/home/tinghao.xia/Data_PT_V1/test/9m79/seed_328/sample_3.pt	pre_refinement_aligned_rmsd_above_limit
test	9M79	329	0	41.416198	30.000000	0.519634	/storage9920/home/tinghao.xia/Data_PT_V1/test/9m79/seed_329/sample_0.pt	pre_refinement_aligned_rmsd_above_limit
test	9M79	329	1	39.750528	30.000000	0.510510	/storage9920/home/tinghao.xia/Data_PT_V1/test/9m79/seed_329/sample_1.pt	pre_refinement_aligned_rmsd_above_limit
test	9M79	329	2	37.711657	30.000000	0.468242	/storage9920/home/tinghao.xia/Data_PT_V1/test/9m79/seed_329/sample_2.pt	pre_refinement_aligned_rmsd_above_limit
test	9M79	329	3	41.916362	30.000000	0.510893	/storage9920/home/tinghao.xia/Data_PT_V1/test/9m79/seed_329/sample_3.pt	pre_refinement_aligned_rmsd_above_limit
test	9M79	330	0	54.597337	30.000000	0.461987	/storage9920/home/tinghao.xia/Data_PT_V1/test/9m79/seed_330/sample_0.pt	pre_refinement_aligned_rmsd_above_limit
test	9M79	330	1	56.348950	30.000000	0.513102	/storage9920/home/tinghao.xia/Data_PT_V1/test/9m79/seed_330/sample_1.pt	pre_refinement_aligned_rmsd_above_limit
test	9M79	330	2	56.854641	30.000000	0.474957	/storage9920/home/tinghao.xia/Data_PT_V1/test/9m79/seed_330/sample_2.pt	pre_refinement_aligned_rmsd_above_limit
test	9M79	330	3	55.835016	30.000000	0.523606	/storage9920/home/tinghao.xia/Data_PT_V1/test/9m79/seed_330/sample_3.pt	pre_refinement_aligned_rmsd_above_limit
test	9M79	331	0	37.486437	30.000000	0.464708	/storage9920/home/tinghao.xia/Data_PT_V1/test/9m79/seed_331/sample_0.pt	pre_refinement_aligned_rmsd_above_limit
test	9M79	331	1	36.324100	30.000000	0.514787	/storage9920/home/tinghao.xia/Data_PT_V1/test/9m79/seed_331/sample_1.pt	pre_refinement_aligned_rmsd_above_limit
test	9M79	331	2	37.385608	30.000000	0.467771	/storage9920/home/tinghao.xia/Data_PT_V1/test/9m79/seed_331/sample_2.pt	pre_refinement_aligned_rmsd_above_limit
test	9M79	331	3	37.036000	30.000000	0.504828	/storage9920/home/tinghao.xia/Data_PT_V1/test/9m79/seed_331/sample_3.pt	pre_refinement_aligned_rmsd_above_limit
test	9M79	332	0	46.110616	30.000000	0.464476	/storage9920/home/tinghao.xia/Data_PT_V1/test/9m79/seed_332/sample_0.pt	pre_refinement_aligned_rmsd_above_limit
test	9M79	332	1	38.062886	30.000000	0.510672	/storage9920/home/tinghao.xia/Data_PT_V1/test/9m79/seed_332/sample_1.pt	pre_refinement_aligned_rmsd_above_limit
test	9M79	332	2	42.349309	30.000000	0.518138	/storage9920/home/tinghao.xia/Data_PT_V1/test/9m79/seed_332/sample_2.pt	pre_refinement_aligned_rmsd_above_limit
test	9M79	332	3	36.470230	30.000000	0.468304	/storage9920/home/tinghao.xia/Data_PT_V1/test/9m79/seed_332/sample_3.pt	pre_refinement_aligned_rmsd_above_limit
test	9M79	333	0	38.018400	30.000000	0.511535	/storage9920/home/tinghao.xia/Data_PT_V1/test/9m79/seed_333/sample_0.pt	pre_refinement_aligned_rmsd_above_limit
test	9M79	333	1	35.251621	30.000000	0.467333	/storage9920/home/tinghao.xia/Data_PT_V1/test/9m79/seed_333/sample_1.pt	pre_refinement_aligned_rmsd_above_limit
test	9M79	333	2	36.101944	30.000000	0.525095	/storage9920/home/tinghao.xia/Data_PT_V1/test/9m79/seed_333/sample_2.pt	pre_refinement_aligned_rmsd_above_limit
test	9M79	333	3	36.590957	30.000000	0.473918	/storage9920/home/tinghao.xia/Data_PT_V1/test/9m79/seed_333/sample_3.pt	pre_refinement_aligned_rmsd_above_limit
test	9M79	334	0	43.347082	30.000000	0.516286	/storage9920/home/tinghao.xia/Data_PT_V1/test/9m79/seed_334/sample_0.pt	pre_refinement_aligned_rmsd_above_limit
test	9M79	334	1	40.796999	30.000000	0.475094	/storage9920/home/tinghao.xia/Data_PT_V1/test/9m79/seed_334/sample_1.pt	pre_refinement_aligned_rmsd_above_limit
test	9M79	334	2	45.564691	30.000000	0.517376	/storage9920/home/tinghao.xia/Data_PT_V1/test/9m79/seed_334/sample_2.pt	pre_refinement_aligned_rmsd_above_limit
test	9M79	334	3	44.241572	30.000000	0.469440	/storage9920/home/tinghao.xia/Data_PT_V1/test/9m79/seed_334/sample_3.pt	pre_refinement_aligned_rmsd_above_limit
test	9M79	335	0	41.469111	30.000000	0.511821	/storage9920/home/tinghao.xia/Data_PT_V1/test/9m79/seed_335/sample_0.pt	pre_refinement_aligned_rmsd_above_limit
test	9M79	335	1	43.332497	30.000000	0.461850	/storage9920/home/tinghao.xia/Data_PT_V1/test/9m79/seed_335/sample_1.pt	pre_refinement_aligned_rmsd_above_limit
test	9M79	335	2	44.506441	30.000000	0.507727	/storage9920/home/tinghao.xia/Data_PT_V1/test/9m79/seed_335/sample_2.pt	pre_refinement_aligned_rmsd_above_limit
test	9M79	335	3	39.117658	30.000000	0.533013	/storage9920/home/tinghao.xia/Data_PT_V1/test/9m79/seed_335/sample_3.pt	pre_refinement_aligned_rmsd_above_limit
test	9M79	336	0	36.397988	30.000000	0.468711	/storage9920/home/tinghao.xia/Data_PT_V1/test/9m79/seed_336/sample_0.pt	pre_refinement_aligned_rmsd_above_limit
test	9M79	336	1	38.485398	30.000000	0.513736	/storage9920/home/tinghao.xia/Data_PT_V1/test/9m79/seed_336/sample_1.pt	pre_refinement_aligned_rmsd_above_limit
test	9M79	336	2	37.574200	30.000000	0.463397	/storage9920/home/tinghao.xia/Data_PT_V1/test/9m79/seed_336/sample_2.pt	pre_refinement_aligned_rmsd_above_limit
test	9M79	336	3	38.327225	30.000000	0.512828	/storage9920/home/tinghao.xia/Data_PT_V1/test/9m79/seed_336/sample_3.pt	pre_refinement_aligned_rmsd_above_limit
test	9M79	337	0	34.755131	30.000000	0.460020	/storage9920/home/tinghao.xia/Data_PT_V1/test/9m79/seed_337/sample_0.pt	pre_refinement_aligned_rmsd_above_limit
test	9M79	337	1	35.124666	30.000000	0.514009	/storage9920/home/tinghao.xia/Data_PT_V1/test/9m79/seed_337/sample_1.pt	pre_refinement_aligned_rmsd_above_limit
test	9M79	337	2	39.556738	30.000000	0.460399	/storage9920/home/tinghao.xia/Data_PT_V1/test/9m79/seed_337/sample_2.pt	pre_refinement_aligned_rmsd_above_limit
test	9M79	337	3	42.464124	30.000000	0.509027	/storage9920/home/tinghao.xia/Data_PT_V1/test/9m79/seed_337/sample_3.pt	pre_refinement_aligned_rmsd_above_limit
test	9M79	338	0	37.438490	30.000000	0.463120	/storage9920/home/tinghao.xia/Data_PT_V1/test/9m79/seed_338/sample_0.pt	pre_refinement_aligned_rmsd_above_limit
test	9M79	338	1	41.714083	30.000000	0.515035	/storage9920/home/tinghao.xia/Data_PT_V1/test/9m79/seed_338/sample_1.pt	pre_refinement_aligned_rmsd_above_limit
test	9M79	338	2	43.247787	30.000000	0.462804	/storage9920/home/tinghao.xia/Data_PT_V1/test/9m79/seed_338/sample_2.pt	pre_refinement_aligned_rmsd_above_limit
test	9M79	338	3	42.335680	30.000000	0.510328	/storage9920/home/tinghao.xia/Data_PT_V1/test/9m79/seed_338/sample_3.pt	pre_refinement_aligned_rmsd_above_limit
test	9M79	339	0	41.623169	30.000000	0.517214	/storage9920/home/tinghao.xia/Data_PT_V1/test/9m79/seed_339/sample_0.pt	pre_refinement_aligned_rmsd_above_limit
test	9M79	339	1	41.170092	30.000000	0.459777	/storage9920/home/tinghao.xia/Data_PT_V1/test/9m79/seed_339/sample_1.pt	pre_refinement_aligned_rmsd_above_limit
test	9M79	339	2	39.550172	30.000000	0.509811	/storage9920/home/tinghao.xia/Data_PT_V1/test/9m79/seed_339/sample_2.pt	pre_refinement_aligned_rmsd_above_limit
test	9M79	339	3	46.672788	30.000000	0.458484	/storage9920/home/tinghao.xia/Data_PT_V1/test/9m79/seed_339/sample_3.pt	pre_refinement_aligned_rmsd_above_limit
test	9M79	340	0	45.031362	30.000000	0.513204	/storage9920/home/tinghao.xia/Data_PT_V1/test/9m79/seed_340/sample_0.pt	pre_refinement_aligned_rmsd_above_limit
test	9M79	340	1	32.844765	30.000000	0.465488	/storage9920/home/tinghao.xia/Data_PT_V1/test/9m79/seed_340/sample_1.pt	pre_refinement_aligned_rmsd_above_limit
test	9M79	340	2	35.139723	30.000000	0.507661	/storage9920/home/tinghao.xia/Data_PT_V1/test/9m79/seed_340/sample_2.pt	pre_refinement_aligned_rmsd_above_limit
test	9M79	340	3	37.938467	30.000000	0.461518	/storage9920/home/tinghao.xia/Data_PT_V1/test/9m79/seed_340/sample_3.pt	pre_refinement_aligned_rmsd_above_limit
test	9M79	341	0	50.082354	30.000000	0.516931	/storage9920/home/tinghao.xia/Data_PT_V1/test/9m79/seed_341/sample_0.pt	pre_refinement_aligned_rmsd_above_limit
test	9M79	341	1	56.920162	30.000000	0.473495	/storage9920/home/tinghao.xia/Data_PT_V1/test/9m79/seed_341/sample_1.pt	pre_refinement_aligned_rmsd_above_limit
test	9M79	341	2	57.074817	30.000000	0.528695	/storage9920/home/tinghao.xia/Data_PT_V1/test/9m79/seed_341/sample_2.pt	pre_refinement_aligned_rmsd_above_limit
test	9M79	341	3	48.387990	30.000000	0.463560	/storage9920/home/tinghao.xia/Data_PT_V1/test/9m79/seed_341/sample_3.pt	pre_refinement_aligned_rmsd_above_limit
test	9M79	342	0	38.924837	30.000000	0.508069	/storage9920/home/tinghao.xia/Data_PT_V1/test/9m79/seed_342/sample_0.pt	pre_refinement_aligned_rmsd_above_limit
test	9M79	342	1	39.373008	30.000000	0.518424	/storage9920/home/tinghao.xia/Data_PT_V1/test/9m79/seed_342/sample_1.pt	pre_refinement_aligned_rmsd_above_limit
test	9M79	342	2	38.962853	30.000000	0.460204	/storage9920/home/tinghao.xia/Data_PT_V1/test/9m79/seed_342/sample_2.pt	pre_refinement_aligned_rmsd_above_limit
test	9M79	342	3	37.949662	30.000000	0.507754	/storage9920/home/tinghao.xia/Data_PT_V1/test/9m79/seed_342/sample_3.pt	pre_refinement_aligned_rmsd_above_limit
test	9M79	343	0	41.851983	30.000000	0.463937	/storage9920/home/tinghao.xia/Data_PT_V1/test/9m79/seed_343/sample_0.pt	pre_refinement_aligned_rmsd_above_limit
test	9M79	343	1	36.336286	30.000000	0.505583	/storage9920/home/tinghao.xia/Data_PT_V1/test/9m79/seed_343/sample_1.pt	pre_refinement_aligned_rmsd_above_limit
test	9M79	343	2	38.852113	30.000000	0.462878	/storage9920/home/tinghao.xia/Data_PT_V1/test/9m79/seed_343/sample_2.pt	pre_refinement_aligned_rmsd_above_limit
test	9M79	343	3	35.661684	30.000000	0.507426	/storage9920/home/tinghao.xia/Data_PT_V1/test/9m79/seed_343/sample_3.pt	pre_refinement_aligned_rmsd_above_limit
test	9M79	344	0	31.411417	30.000000	0.465456	/storage9920/home/tinghao.xia/Data_PT_V1/test/9m79/seed_344/sample_0.pt	pre_refinement_aligned_rmsd_above_limit
test	9M79	344	2	36.569590	30.000000	0.474658	/storage9920/home/tinghao.xia/Data_PT_V1/test/9m79/seed_344/sample_2.pt	pre_refinement_aligned_rmsd_above_limit
test	9M79	344	3	37.085860	30.000000	0.522071	/storage9920/home/tinghao.xia/Data_PT_V1/test/9m79/seed_344/sample_3.pt	pre_refinement_aligned_rmsd_above_limit
test	9M79	345	0	38.072175	30.000000	0.468247	/storage9920/home/tinghao.xia/Data_PT_V1/test/9m79/seed_345/sample_0.pt	pre_refinement_aligned_rmsd_above_limit
test	9M79	345	1	37.547632	30.000000	0.505390	/storage9920/home/tinghao.xia/Data_PT_V1/test/9m79/seed_345/sample_1.pt	pre_refinement_aligned_rmsd_above_limit
test	9M79	345	2	38.062576	30.000000	0.509023	/storage9920/home/tinghao.xia/Data_PT_V1/test/9m79/seed_345/sample_2.pt	pre_refinement_aligned_rmsd_above_limit
test	9M79	345	3	40.568342	30.000000	0.470917	/storage9920/home/tinghao.xia/Data_PT_V1/test/9m79/seed_345/sample_3.pt	pre_refinement_aligned_rmsd_above_limit
test	9M79	346	0	33.919091	30.000000	0.525445	/storage9920/home/tinghao.xia/Data_PT_V1/test/9m79/seed_346/sample_0.pt	pre_refinement_aligned_rmsd_above_limit
test	9M79	346	1	36.935063	30.000000	0.460630	/storage9920/home/tinghao.xia/Data_PT_V1/test/9m79/seed_346/sample_1.pt	pre_refinement_aligned_rmsd_above_limit
test	9M79	346	2	34.081933	30.000000	0.508508	/storage9920/home/tinghao.xia/Data_PT_V1/test/9m79/seed_346/sample_2.pt	pre_refinement_aligned_rmsd_above_limit
test	9M79	346	3	36.448828	30.000000	0.457534	/storage9920/home/tinghao.xia/Data_PT_V1/test/9m79/seed_346/sample_3.pt	pre_refinement_aligned_rmsd_above_limit
test	9M79	347	0	38.714518	30.000000	0.513570	/storage9920/home/tinghao.xia/Data_PT_V1/test/9m79/seed_347/sample_0.pt	pre_refinement_aligned_rmsd_above_limit
test	9M79	347	1	34.405207	30.000000	0.457727	/storage9920/home/tinghao.xia/Data_PT_V1/test/9m79/seed_347/sample_1.pt	pre_refinement_aligned_rmsd_above_limit
test	9M79	347	2	36.249079	30.000000	0.511909	/storage9920/home/tinghao.xia/Data_PT_V1/test/9m79/seed_347/sample_2.pt	pre_refinement_aligned_rmsd_above_limit
test	9M79	347	3	31.505134	30.000000	0.457873	/storage9920/home/tinghao.xia/Data_PT_V1/test/9m79/seed_347/sample_3.pt	pre_refinement_aligned_rmsd_above_limit
test	9M79	348	0	37.282003	30.000000	0.506501	/storage9920/home/tinghao.xia/Data_PT_V1/test/9m79/seed_348/sample_0.pt	pre_refinement_aligned_rmsd_above_limit
test	9M79	348	1	42.561476	30.000000	0.460018	/storage9920/home/tinghao.xia/Data_PT_V1/test/9m79/seed_348/sample_1.pt	pre_refinement_aligned_rmsd_above_limit
test	9M79	348	2	39.351394	30.000000	0.500694	/storage9920/home/tinghao.xia/Data_PT_V1/test/9m79/seed_348/sample_2.pt	pre_refinement_aligned_rmsd_above_limit
test	9M79	348	3	39.658754	30.000000	0.508426	/storage9920/home/tinghao.xia/Data_PT_V1/test/9m79/seed_348/sample_3.pt	pre_refinement_aligned_rmsd_above_limit
test	9M79	349	0	40.394849	30.000000	0.459035	/storage9920/home/tinghao.xia/Data_PT_V1/test/9m79/seed_349/sample_0.pt	pre_refinement_aligned_rmsd_above_limit
test	9M79	349	1	44.847645	30.000000	0.509498	/storage9920/home/tinghao.xia/Data_PT_V1/test/9m79/seed_349/sample_1.pt	pre_refinement_aligned_rmsd_above_limit
test	9M79	349	2	43.791831	30.000000	0.458099	/storage9920/home/tinghao.xia/Data_PT_V1/test/9m79/seed_349/sample_2.pt	pre_refinement_aligned_rmsd_above_limit
test	9M79	349	3	37.897480	30.000000	0.508085	/storage9920/home/tinghao.xia/Data_PT_V1/test/9m79/seed_349/sample_3.pt	pre_refinement_aligned_rmsd_above_limit
