PDB_ID	CHAIN_INDEX	ORIGINAL_CHAIN_ID	EXPECTED_PROTENIX_CHAIN_ID	ENTITY_ID	SEQUENCE_LENGTH	SEQUENCE_SHA256	NON_ACGU_COUNT	UNK_TOKEN_COUNT	EMBEDDING_METHOD	WINDOW_COUNT	WINDOW_STARTS	OUTPUT_PATH
10ZT	0	A	A	1	519	b4bf4d10725032fa5f4d7ebbbe489a9f6b1a6f81294e7b20c9b3c9efa2648646	0	0	full_sequence	1	0	/storage9920/home/tinghao.xia/Data_FM/RNA_FM_embeddings/10ZT/rnafm_t12_residue_embeddings.pt
10ZU	0	A	A	1	518	2ed6ffafacb1cddbe5b9b15c8619f5d42b1d16356d7267ba128c1728973d08b5	0	0	full_sequence	1	0	/storage9920/home/tinghao.xia/Data_FM/RNA_FM_embeddings/10ZU/rnafm_t12_residue_embeddings.pt
11AG	0	A	A	1	518	1b45cd9ea537019aef1f04d973ca0939b5906c56c586f62101b4f8abf8fdaf85	0	0	full_sequence	1	0	/storage9920/home/tinghao.xia/Data_FM/RNA_FM_embeddings/11AG/rnafm_t12_residue_embeddings.pt
11AG	1	C	B	1	518	1b45cd9ea537019aef1f04d973ca0939b5906c56c586f62101b4f8abf8fdaf85	0	0	full_sequence	1	0	/storage9920/home/tinghao.xia/Data_FM/RNA_FM_embeddings/11AG/rnafm_t12_residue_embeddings.pt
11EH	0	A	A	1	519	858264329654075af68e2e49f68976cc4af279463c0fc200960a279e50adc442	0	0	full_sequence	1	0	/storage9920/home/tinghao.xia/Data_FM/RNA_FM_embeddings/11EH/rnafm_t12_residue_embeddings.pt
12CI	0	A	A	1	82	80c69a6cf0b131e0617c2e265ca7b66bb41b570f7c2a95c24d1c0d181645bafa	0	0	full_sequence	1	0	/storage9920/home/tinghao.xia/Data_FM/RNA_FM_embeddings/12CI/rnafm_t12_residue_embeddings.pt
12CI	1	B	B	1	82	80c69a6cf0b131e0617c2e265ca7b66bb41b570f7c2a95c24d1c0d181645bafa	0	0	full_sequence	1	0	/storage9920/home/tinghao.xia/Data_FM/RNA_FM_embeddings/12CI/rnafm_t12_residue_embeddings.pt
12CJ	0	A	A	1	77	fdf5adce7765c9efbcbb1b0d89cb9f63eb35f6f64e79ccaa4b6b6ddeba86a6da	0	0	full_sequence	1	0	/storage9920/home/tinghao.xia/Data_FM/RNA_FM_embeddings/12CJ/rnafm_t12_residue_embeddings.pt
12CJ	1	B	B	1	77	fdf5adce7765c9efbcbb1b0d89cb9f63eb35f6f64e79ccaa4b6b6ddeba86a6da	0	0	full_sequence	1	0	/storage9920/home/tinghao.xia/Data_FM/RNA_FM_embeddings/12CJ/rnafm_t12_residue_embeddings.pt
157D	0	A	A	1	12	1ebf43bc82c9eaa5e9b2f361bc75b00cdcba058aeeca434f19fdd2661c498c6c	0	0	full_sequence	1	0	/storage9920/home/tinghao.xia/Data_FM/RNA_FM_embeddings/157D/rnafm_t12_residue_embeddings.pt
157D	1	B	B	1	12	1ebf43bc82c9eaa5e9b2f361bc75b00cdcba058aeeca434f19fdd2661c498c6c	0	0	full_sequence	1	0	/storage9920/home/tinghao.xia/Data_FM/RNA_FM_embeddings/157D/rnafm_t12_residue_embeddings.pt
165D	0	A	A	1	9	acfb880a3eb2f45c94ec19445d77146d61745e3db9c4257e50054d681d06ed76	0	0	full_sequence	1	0	/storage9920/home/tinghao.xia/Data_FM/RNA_FM_embeddings/165D/rnafm_t12_residue_embeddings.pt
165D	1	B	B	1	9	acfb880a3eb2f45c94ec19445d77146d61745e3db9c4257e50054d681d06ed76	0	0	full_sequence	1	0	/storage9920/home/tinghao.xia/Data_FM/RNA_FM_embeddings/165D/rnafm_t12_residue_embeddings.pt
17RA	0	A	A	1	21	24587e7d915ab964915c7f9b2b0dfb62a90d1236ea60b1a68932dc8c0476bb5a	0	0	full_sequence	1	0	/storage9920/home/tinghao.xia/Data_FM/RNA_FM_embeddings/17RA/rnafm_t12_residue_embeddings.pt
1A3M	0	A	A	1	14	c28669cdb48e179526d38645abb5b373c2e6027a8dc8034da3c26bdd335c67e9	0	0	full_sequence	1	0	/storage9920/home/tinghao.xia/Data_FM/RNA_FM_embeddings/1A3M/rnafm_t12_residue_embeddings.pt
1A3M	1	B	B	2	13	4867f5dd115bd7df14ad66199d632c50aa45e13907c44748704f28695be03e40	0	0	full_sequence	1	0	/storage9920/home/tinghao.xia/Data_FM/RNA_FM_embeddings/1A3M/rnafm_t12_residue_embeddings.pt
1A4D	0	A	A	1	21	b35ca08f7fd5f7d08720595acfe8f6732757b5d11abb6417542dd559671ebc2b	0	0	full_sequence	1	0	/storage9920/home/tinghao.xia/Data_FM/RNA_FM_embeddings/1A4D/rnafm_t12_residue_embeddings.pt
1A4D	1	B	B	2	20	de14d2df529c200b6164207af679e110e110fd31ee4825533944f4fbc3b06eac	0	0	full_sequence	1	0	/storage9920/home/tinghao.xia/Data_FM/RNA_FM_embeddings/1A4D/rnafm_t12_residue_embeddings.pt
1A51	0	A	A	1	41	7e5d37d85ad8f69792e71671b9efb98e05f2786b370989d9bf09a5ae8309d451	0	0	full_sequence	1	0	/storage9920/home/tinghao.xia/Data_FM/RNA_FM_embeddings/1A51/rnafm_t12_residue_embeddings.pt
1A60	0	A	A	1	44	c6e5e9782f6ecb6fc069bcedfa93325b8a540ed0f6ebfa5177489e9157a54bb8	0	0	full_sequence	1	0	/storage9920/home/tinghao.xia/Data_FM/RNA_FM_embeddings/1A60/rnafm_t12_residue_embeddings.pt
1A9L	0	A	A	1	38	d276b4f122c80d118deedc0b52181f28be5dd1f4ebff5ac0411ffb400abce660	0	0	full_sequence	1	0	/storage9920/home/tinghao.xia/Data_FM/RNA_FM_embeddings/1A9L/rnafm_t12_residue_embeddings.pt
1AFX	0	A	A	1	12	58abf3a9a2d77a79d9e4024b8ed0a6c75b5791966e6962682528656e5ded326a	0	0	full_sequence	1	0	/storage9920/home/tinghao.xia/Data_FM/RNA_FM_embeddings/1AFX/rnafm_t12_residue_embeddings.pt
1AJF	0	A	A	1	18	c06935fb1e38b1895173b8e16eaabea2f52a309d5e973261b537b9141ce778f7	0	0	full_sequence	1	0	/storage9920/home/tinghao.xia/Data_FM/RNA_FM_embeddings/1AJF/rnafm_t12_residue_embeddings.pt
1AJL	0	A	A	1	12	81a4d18991ecb918524f6b38754c252661211ab669218554a4a399a4cee16230	0	0	full_sequence	1	0	/storage9920/home/tinghao.xia/Data_FM/RNA_FM_embeddings/1AJL/rnafm_t12_residue_embeddings.pt
1AJL	1	B	B	2	7	5b8f193de989a7d956deb69edaf6ca19e5845e9e54914332db2b5e0bf361349a	0	0	full_sequence	1	0	/storage9920/home/tinghao.xia/Data_FM/RNA_FM_embeddings/1AJL/rnafm_t12_residue_embeddings.pt
1AJT	0	A	A	1	12	81a4d18991ecb918524f6b38754c252661211ab669218554a4a399a4cee16230	0	0	full_sequence	1	0	/storage9920/home/tinghao.xia/Data_FM/RNA_FM_embeddings/1AJT/rnafm_t12_residue_embeddings.pt
1AJT	1	B	B	2	7	5b8f193de989a7d956deb69edaf6ca19e5845e9e54914332db2b5e0bf361349a	0	0	full_sequence	1	0	/storage9920/home/tinghao.xia/Data_FM/RNA_FM_embeddings/1AJT/rnafm_t12_residue_embeddings.pt
1AJU	0	A	A	1	30	917ae0fb1cfeddc3a4f4d9bb204f2a1aee9903c3c300be70d6cbdf21ff773178	0	0	full_sequence	1	0	/storage9920/home/tinghao.xia/Data_FM/RNA_FM_embeddings/1AJU/rnafm_t12_residue_embeddings.pt
1AKX	0	A	A	1	30	917ae0fb1cfeddc3a4f4d9bb204f2a1aee9903c3c300be70d6cbdf21ff773178	0	0	full_sequence	1	0	/storage9920/home/tinghao.xia/Data_FM/RNA_FM_embeddings/1AKX/rnafm_t12_residue_embeddings.pt
1AL5	0	A	A	1	12	1567f98321ecdcbf65059e387ee3689831fef34f3944e491d568e603f4ea912e	0	0	full_sequence	1	0	/storage9920/home/tinghao.xia/Data_FM/RNA_FM_embeddings/1AL5/rnafm_t12_residue_embeddings.pt
1AL5	1	B	B	1	12	1567f98321ecdcbf65059e387ee3689831fef34f3944e491d568e603f4ea912e	0	0	full_sequence	1	0	/storage9920/home/tinghao.xia/Data_FM/RNA_FM_embeddings/1AL5/rnafm_t12_residue_embeddings.pt
1AM0	0	A	A	1	40	4dc4658844d91ee0bef8f9568da4584394ada4fbc022cafd707c50de5867fce4	0	0	full_sequence	1	0	/storage9920/home/tinghao.xia/Data_FM/RNA_FM_embeddings/1AM0/rnafm_t12_residue_embeddings.pt
1ANR	0	A	A	1	29	009a3155c2070b7e2bc7fe4b01041587c3baab2a9836a546f93403572b2f4f52	0	0	full_sequence	1	0	/storage9920/home/tinghao.xia/Data_FM/RNA_FM_embeddings/1ANR/rnafm_t12_residue_embeddings.pt
1AQO	0	A	A	1	29	27a22b896afad950ef14e5c3884f09b8d6ba68e0a19906d3b36553080cd5e6ee	0	0	full_sequence	1	0	/storage9920/home/tinghao.xia/Data_FM/RNA_FM_embeddings/1AQO/rnafm_t12_residue_embeddings.pt
1ARJ	0	N	A	1	29	009a3155c2070b7e2bc7fe4b01041587c3baab2a9836a546f93403572b2f4f52	0	0	full_sequence	1	0	/storage9920/home/tinghao.xia/Data_FM/RNA_FM_embeddings/1ARJ/rnafm_t12_residue_embeddings.pt
1ATO	0	A	A	1	19	ca2c4da2f757302f9188b5d82998954c063caa6d3b211f710f1e42879818e5cc	0	0	full_sequence	1	0	/storage9920/home/tinghao.xia/Data_FM/RNA_FM_embeddings/1ATO/rnafm_t12_residue_embeddings.pt
1ATV	0	A	A	1	17	cfd60936d04c709571afb7850defeb3fc21ea7ede83b192897b4bee7806328d0	0	0	full_sequence	1	0	/storage9920/home/tinghao.xia/Data_FM/RNA_FM_embeddings/1ATV/rnafm_t12_residue_embeddings.pt
1ATW	0	A	A	1	15	7ef4f8bbdf149860329cd58dbf8cd70f6829098c162285ec3365884a0309695a	0	0	full_sequence	1	0	/storage9920/home/tinghao.xia/Data_FM/RNA_FM_embeddings/1ATW/rnafm_t12_residue_embeddings.pt
1B36	0	A	A	1	38	bc5277436539450514b6d04bd0fe22632b4e0556da97bad4d5a9c01de9cbda7b	0	0	full_sequence	1	0	/storage9920/home/tinghao.xia/Data_FM/RNA_FM_embeddings/1B36/rnafm_t12_residue_embeddings.pt
1BAU	0	A	A	1	23	c35a13ee2f94efb53ccc313dec5d44f9db2867a2fcc1283957b529313e4c6e9e	0	0	full_sequence	1	0	/storage9920/home/tinghao.xia/Data_FM/RNA_FM_embeddings/1BAU/rnafm_t12_residue_embeddings.pt
1BAU	1	B	B	1	23	c35a13ee2f94efb53ccc313dec5d44f9db2867a2fcc1283957b529313e4c6e9e	0	0	full_sequence	1	0	/storage9920/home/tinghao.xia/Data_FM/RNA_FM_embeddings/1BAU/rnafm_t12_residue_embeddings.pt
1BGZ	0	A	A	1	23	ed915062c05f765ec53ec9765f0e5c8fd4c4264c8ad946226c799214741604ab	0	0	full_sequence	1	0	/storage9920/home/tinghao.xia/Data_FM/RNA_FM_embeddings/1BGZ/rnafm_t12_residue_embeddings.pt
1BJ2	0	A	A	1	21	680cd13f14aa15969f7e433e9221946688a75a2a5bddf98e04db55147b6dec30	0	0	full_sequence	1	0	/storage9920/home/tinghao.xia/Data_FM/RNA_FM_embeddings/1BJ2/rnafm_t12_residue_embeddings.pt
1BJ2	1	B	B	2	19	cbc4d36be46b9bf42d39b2edbbc9ef81c20c528f6cacfacb2b5b31956768e8aa	0	0	full_sequence	1	0	/storage9920/home/tinghao.xia/Data_FM/RNA_FM_embeddings/1BJ2/rnafm_t12_residue_embeddings.pt
1BN0	0	A	A	1	20	129f4fa29917a0c7906439dd5d1c0605103cc4da1c9ac07eeaf78b212229ac74	0	0	full_sequence	1	0	/storage9920/home/tinghao.xia/Data_FM/RNA_FM_embeddings/1BN0/rnafm_t12_residue_embeddings.pt
1BVJ	0	A	A	1	23	2edb36641ac17962ade4b132ba860c5b7cd1da1e94a92f8466d50767b5b4e119	0	0	full_sequence	1	0	/storage9920/home/tinghao.xia/Data_FM/RNA_FM_embeddings/1BVJ/rnafm_t12_residue_embeddings.pt
1BYJ	0	A	A	1	27	bbdab9cde9655d13304e9bbf2ad29392e5c6e58541cc9dc473f29b7b529f1eed	0	0	full_sequence	1	0	/storage9920/home/tinghao.xia/Data_FM/RNA_FM_embeddings/1BYJ/rnafm_t12_residue_embeddings.pt
1BZ2	0	A	A	1	17	3239c32f90063de768ea689eea49ebbaa12a349f490a66674c20245b6346d836	0	0	full_sequence	1	0	/storage9920/home/tinghao.xia/Data_FM/RNA_FM_embeddings/1BZ2/rnafm_t12_residue_embeddings.pt
1BZ3	0	A	A	1	17	3239c32f90063de768ea689eea49ebbaa12a349f490a66674c20245b6346d836	0	0	full_sequence	1	0	/storage9920/home/tinghao.xia/Data_FM/RNA_FM_embeddings/1BZ3/rnafm_t12_residue_embeddings.pt
1BZT	0	A	A	1	17	3239c32f90063de768ea689eea49ebbaa12a349f490a66674c20245b6346d836	0	0	full_sequence	1	0	/storage9920/home/tinghao.xia/Data_FM/RNA_FM_embeddings/1BZT/rnafm_t12_residue_embeddings.pt
1BZU	0	A	A	1	17	3239c32f90063de768ea689eea49ebbaa12a349f490a66674c20245b6346d836	0	0	full_sequence	1	0	/storage9920/home/tinghao.xia/Data_FM/RNA_FM_embeddings/1BZU/rnafm_t12_residue_embeddings.pt
1C0O	0	A	A	1	14	fcc8f2f91f85372551589a091e36a76411e056737c8fb1a405afbb2af44f410b	0	0	full_sequence	1	0	/storage9920/home/tinghao.xia/Data_FM/RNA_FM_embeddings/1C0O/rnafm_t12_residue_embeddings.pt
1C2W	0	B	A	1	2904	552888d004ae1aa394c4d7223ff07823ffb2bb49515ea7d41e2eab8ea6857bac	0	0	sliding_window_uniform_mean	4	0,766,1532,1882	/storage9920/home/tinghao.xia/Data_FM/RNA_FM_embeddings/1C2W/rnafm_t12_residue_embeddings.pt
1C2X	0	C	A	1	120	377cc53522f8e6ba36bf361ed06ab1c9189430fb447e2b7f6d1e5967a725ff9d	0	0	full_sequence	1	0	/storage9920/home/tinghao.xia/Data_FM/RNA_FM_embeddings/1C2X/rnafm_t12_residue_embeddings.pt
1C4L	0	A	A	1	9	8932f299ffdccb9636db1eb2cfe748504c83b8df5f1434dd7f434f384143ea27	0	0	full_sequence	1	0	/storage9920/home/tinghao.xia/Data_FM/RNA_FM_embeddings/1C4L/rnafm_t12_residue_embeddings.pt
1C4L	1	B	B	2	9	27aed5dc8d5d9ad086100735abe8e65a14cfc19841bf460ec7a3f252a7cd85d1	0	0	full_sequence	1	0	/storage9920/home/tinghao.xia/Data_FM/RNA_FM_embeddings/1C4L/rnafm_t12_residue_embeddings.pt
1CQ5	0	A	A	1	43	d65beb44e8bb51d55ab03b9179a434b6a3a8b278bba59256a6c72363c01c7727	0	0	full_sequence	1	0	/storage9920/home/tinghao.xia/Data_FM/RNA_FM_embeddings/1CQ5/rnafm_t12_residue_embeddings.pt
1CQL	0	A	A	1	43	d65beb44e8bb51d55ab03b9179a434b6a3a8b278bba59256a6c72363c01c7727	0	0	full_sequence	1	0	/storage9920/home/tinghao.xia/Data_FM/RNA_FM_embeddings/1CQL/rnafm_t12_residue_embeddings.pt
1CSL	0	A	A	1	13	2b4adbe2a831693ac2f0567ccd5cb76c3ab54daafa59e1cdb040922566334994	0	0	full_sequence	1	0	/storage9920/home/tinghao.xia/Data_FM/RNA_FM_embeddings/1CSL/rnafm_t12_residue_embeddings.pt
1CSL	1	B	B	2	15	16fc92f1f265e611fc8ad9ac652831ef9ad806ae24b45434f59082cc6ae121e5	0	0	full_sequence	1	0	/storage9920/home/tinghao.xia/Data_FM/RNA_FM_embeddings/1CSL/rnafm_t12_residue_embeddings.pt
1D0T	0	A	A	1	21	35f6b981f3f3a277cdcc2c61699ade1d339876ced78d033a621e389f375bdbe9	0	0	full_sequence	1	0	/storage9920/home/tinghao.xia/Data_FM/RNA_FM_embeddings/1D0T/rnafm_t12_residue_embeddings.pt
1D0U	0	A	A	1	21	35f6b981f3f3a277cdcc2c61699ade1d339876ced78d033a621e389f375bdbe9	0	0	full_sequence	1	0	/storage9920/home/tinghao.xia/Data_FM/RNA_FM_embeddings/1D0U/rnafm_t12_residue_embeddings.pt
1D4R	0	A	A	1	29	839933b9a2e6bd7cbe03d76a86d9d0d71d7e118d1fda7a0656c8fb98f42a0afc	0	0	full_sequence	1	0	/storage9920/home/tinghao.xia/Data_FM/RNA_FM_embeddings/1D4R/rnafm_t12_residue_embeddings.pt
1D4R	1	B	B	2	29	839933b9a2e6bd7cbe03d76a86d9d0d71d7e118d1fda7a0656c8fb98f42a0afc	0	0	full_sequence	1	0	/storage9920/home/tinghao.xia/Data_FM/RNA_FM_embeddings/1D4R/rnafm_t12_residue_embeddings.pt
1D4R	2	C	C	2	29	839933b9a2e6bd7cbe03d76a86d9d0d71d7e118d1fda7a0656c8fb98f42a0afc	0	0	full_sequence	1	0	/storage9920/home/tinghao.xia/Data_FM/RNA_FM_embeddings/1D4R/rnafm_t12_residue_embeddings.pt
1DDY	0	A	A	1	35	6ec69eeef190b3788b7253513f1b60f6d213512a91e9a70d76d29bcfe66d745e	0	0	full_sequence	1	0	/storage9920/home/tinghao.xia/Data_FM/RNA_FM_embeddings/1DDY/rnafm_t12_residue_embeddings.pt
1DDY	1	C	B	1	35	6ec69eeef190b3788b7253513f1b60f6d213512a91e9a70d76d29bcfe66d745e	0	0	full_sequence	1	0	/storage9920/home/tinghao.xia/Data_FM/RNA_FM_embeddings/1DDY/rnafm_t12_residue_embeddings.pt
1DDY	2	E	C	1	35	6ec69eeef190b3788b7253513f1b60f6d213512a91e9a70d76d29bcfe66d745e	0	0	full_sequence	1	0	/storage9920/home/tinghao.xia/Data_FM/RNA_FM_embeddings/1DDY/rnafm_t12_residue_embeddings.pt
1DDY	3	G	D	1	35	6ec69eeef190b3788b7253513f1b60f6d213512a91e9a70d76d29bcfe66d745e	0	0	full_sequence	1	0	/storage9920/home/tinghao.xia/Data_FM/RNA_FM_embeddings/1DDY/rnafm_t12_residue_embeddings.pt
1DQF	0	A	A	1	9	507a796c1c51a4f195f3dfab5daff07c9b6e77daf30517b086a20f5a7b0f11fa	0	0	full_sequence	1	0	/storage9920/home/tinghao.xia/Data_FM/RNA_FM_embeddings/1DQF/rnafm_t12_residue_embeddings.pt
1DQF	1	B	B	2	10	e2ba89b7ac2fbfb601359080dc32bee9f170747165c109f11fb44f0766c195ed	0	0	full_sequence	1	0	/storage9920/home/tinghao.xia/Data_FM/RNA_FM_embeddings/1DQF/rnafm_t12_residue_embeddings.pt
1DQH	0	A	A	1	9	507a796c1c51a4f195f3dfab5daff07c9b6e77daf30517b086a20f5a7b0f11fa	0	0	full_sequence	1	0	/storage9920/home/tinghao.xia/Data_FM/RNA_FM_embeddings/1DQH/rnafm_t12_residue_embeddings.pt
1DQH	1	B	B	2	10	e2ba89b7ac2fbfb601359080dc32bee9f170747165c109f11fb44f0766c195ed	0	0	full_sequence	1	0	/storage9920/home/tinghao.xia/Data_FM/RNA_FM_embeddings/1DQH/rnafm_t12_residue_embeddings.pt
1DUH	0	A	A	1	45	d0eb893c5f8740316fe430b049ca4f12d04a12260fded9417a31d6b9b8cbbf11	0	0	full_sequence	1	0	/storage9920/home/tinghao.xia/Data_FM/RNA_FM_embeddings/1DUH/rnafm_t12_residue_embeddings.pt
1DUQ	0	A	A	1	12	bac712041b9f68558a5c3f76c94543762151655b98e4981124f3a2ceb08f5407	0	0	full_sequence	1	0	/storage9920/home/tinghao.xia/Data_FM/RNA_FM_embeddings/1DUQ/rnafm_t12_residue_embeddings.pt
1DUQ	1	C	B	1	12	bac712041b9f68558a5c3f76c94543762151655b98e4981124f3a2ceb08f5407	0	0	full_sequence	1	0	/storage9920/home/tinghao.xia/Data_FM/RNA_FM_embeddings/1DUQ/rnafm_t12_residue_embeddings.pt
1DUQ	2	E	C	1	12	bac712041b9f68558a5c3f76c94543762151655b98e4981124f3a2ceb08f5407	0	0	full_sequence	1	0	/storage9920/home/tinghao.xia/Data_FM/RNA_FM_embeddings/1DUQ/rnafm_t12_residue_embeddings.pt
1DUQ	3	G	D	1	12	bac712041b9f68558a5c3f76c94543762151655b98e4981124f3a2ceb08f5407	0	0	full_sequence	1	0	/storage9920/home/tinghao.xia/Data_FM/RNA_FM_embeddings/1DUQ/rnafm_t12_residue_embeddings.pt
1DUQ	4	B	E	2	14	852f30f16bf3380aae6806daf01c544a9737f726c9d38721f4ca938dfd626641	0	0	full_sequence	1	0	/storage9920/home/tinghao.xia/Data_FM/RNA_FM_embeddings/1DUQ/rnafm_t12_residue_embeddings.pt
1DUQ	5	D	F	2	14	852f30f16bf3380aae6806daf01c544a9737f726c9d38721f4ca938dfd626641	0	0	full_sequence	1	0	/storage9920/home/tinghao.xia/Data_FM/RNA_FM_embeddings/1DUQ/rnafm_t12_residue_embeddings.pt
1DUQ	6	F	G	2	14	852f30f16bf3380aae6806daf01c544a9737f726c9d38721f4ca938dfd626641	0	0	full_sequence	1	0	/storage9920/home/tinghao.xia/Data_FM/RNA_FM_embeddings/1DUQ/rnafm_t12_residue_embeddings.pt
1DUQ	7	H	H	2	14	852f30f16bf3380aae6806daf01c544a9737f726c9d38721f4ca938dfd626641	0	0	full_sequence	1	0	/storage9920/home/tinghao.xia/Data_FM/RNA_FM_embeddings/1DUQ/rnafm_t12_residue_embeddings.pt
1E4P	0	A	A	1	24	1792a60d6c640a33076ed73e910c65b6d66758bab30c1d0c294bd695b9114031	0	0	full_sequence	1	0	/storage9920/home/tinghao.xia/Data_FM/RNA_FM_embeddings/1E4P/rnafm_t12_residue_embeddings.pt
1E95	0	A	A	1	36	788aa7b394ed9edf5178d44494eff9bab5bc73bd5dbb4a4091fcbfe21d4da0f3	0	0	full_sequence	1	0	/storage9920/home/tinghao.xia/Data_FM/RNA_FM_embeddings/1E95/rnafm_t12_residue_embeddings.pt
1EBQ	0	A	A	1	29	35eb1c995460c07bae66d95cfe2e7af1b248fb12c73c252d5b89ded465c024ea	0	0	full_sequence	1	0	/storage9920/home/tinghao.xia/Data_FM/RNA_FM_embeddings/1EBQ/rnafm_t12_residue_embeddings.pt
1EBR	0	A	A	1	30	13385c7239731251c760bcdc3f7ab8e46a7220e5f479f385d20f2073d04a274c	0	0	full_sequence	1	0	/storage9920/home/tinghao.xia/Data_FM/RNA_FM_embeddings/1EBR/rnafm_t12_residue_embeddings.pt
1EBS	0	A	A	1	29	35eb1c995460c07bae66d95cfe2e7af1b248fb12c73c252d5b89ded465c024ea	0	0	full_sequence	1	0	/storage9920/home/tinghao.xia/Data_FM/RNA_FM_embeddings/1EBS/rnafm_t12_residue_embeddings.pt
1EHT	0	A	A	1	33	a46732703b3efe46f02790e0c2ff26fefafd27ab2e14aedf50e10a57c1a25696	0	0	full_sequence	1	0	/storage9920/home/tinghao.xia/Data_FM/RNA_FM_embeddings/1EHT/rnafm_t12_residue_embeddings.pt
1EHZ	0	A	A	1	76	28890de0dd2033379fabebc7165a219d6092ad9bbadc77f4c7528be78963ca0b	0	0	full_sequence	1	0	/storage9920/home/tinghao.xia/Data_FM/RNA_FM_embeddings/1EHZ/rnafm_t12_residue_embeddings.pt
1EI2	0	A	A	1	25	e35c8599c960a450716afb747ebb69b6d583c092880ea8d95fd4673058cd4d7a	0	0	full_sequence	1	0	/storage9920/home/tinghao.xia/Data_FM/RNA_FM_embeddings/1EI2/rnafm_t12_residue_embeddings.pt
1EKA	0	A	A	1	8	74ee228b1da5765520831fab7fb63843a2d60877a8d84df00e82372a6e8936a8	0	0	full_sequence	1	0	/storage9920/home/tinghao.xia/Data_FM/RNA_FM_embeddings/1EKA/rnafm_t12_residue_embeddings.pt
1EKA	1	B	B	1	8	74ee228b1da5765520831fab7fb63843a2d60877a8d84df00e82372a6e8936a8	0	0	full_sequence	1	0	/storage9920/home/tinghao.xia/Data_FM/RNA_FM_embeddings/1EKA/rnafm_t12_residue_embeddings.pt
1EKD	0	A	A	1	8	4a1a2c6383839091255f4f0e19ae17b1cbca16af1b8a67b90478d52a3b617d94	0	0	full_sequence	1	0	/storage9920/home/tinghao.xia/Data_FM/RNA_FM_embeddings/1EKD/rnafm_t12_residue_embeddings.pt
1EKD	1	B	B	1	8	4a1a2c6383839091255f4f0e19ae17b1cbca16af1b8a67b90478d52a3b617d94	0	0	full_sequence	1	0	/storage9920/home/tinghao.xia/Data_FM/RNA_FM_embeddings/1EKD/rnafm_t12_residue_embeddings.pt
1ELH	0	A	A	1	12	a5fb33e72fe635569879469c6c28a8a67c07f44337848f0d59d422d2b7137581	0	0	full_sequence	1	0	/storage9920/home/tinghao.xia/Data_FM/RNA_FM_embeddings/1ELH/rnafm_t12_residue_embeddings.pt
1ELH	1	B	B	2	13	c99feebdb9e880535f6b80931ce3becfd590ed14b89ab67d5637540b7d23c2ba	0	0	full_sequence	1	0	/storage9920/home/tinghao.xia/Data_FM/RNA_FM_embeddings/1ELH/rnafm_t12_residue_embeddings.pt
1ESH	0	A	A	1	13	e57e40cc051a45ea25f663ea5f1104244a99e3bb64b76f0b5ec50a3661efdf58	0	0	full_sequence	1	0	/storage9920/home/tinghao.xia/Data_FM/RNA_FM_embeddings/1ESH/rnafm_t12_residue_embeddings.pt
1ESY	0	A	A	1	19	66165706cf44035c13d0f15aa38abe92883a72f25312f2ae7597468533aabea2	0	0	full_sequence	1	0	/storage9920/home/tinghao.xia/Data_FM/RNA_FM_embeddings/1ESY/rnafm_t12_residue_embeddings.pt
1ET4	0	A	A	1	35	6ec69eeef190b3788b7253513f1b60f6d213512a91e9a70d76d29bcfe66d745e	0	0	full_sequence	1	0	/storage9920/home/tinghao.xia/Data_FM/RNA_FM_embeddings/1ET4/rnafm_t12_residue_embeddings.pt
1ET4	1	B	B	1	35	6ec69eeef190b3788b7253513f1b60f6d213512a91e9a70d76d29bcfe66d745e	0	0	full_sequence	1	0	/storage9920/home/tinghao.xia/Data_FM/RNA_FM_embeddings/1ET4/rnafm_t12_residue_embeddings.pt
1ET4	2	C	C	1	35	6ec69eeef190b3788b7253513f1b60f6d213512a91e9a70d76d29bcfe66d745e	0	0	full_sequence	1	0	/storage9920/home/tinghao.xia/Data_FM/RNA_FM_embeddings/1ET4/rnafm_t12_residue_embeddings.pt
1ET4	3	D	D	1	35	6ec69eeef190b3788b7253513f1b60f6d213512a91e9a70d76d29bcfe66d745e	0	0	full_sequence	1	0	/storage9920/home/tinghao.xia/Data_FM/RNA_FM_embeddings/1ET4/rnafm_t12_residue_embeddings.pt
1ET4	4	E	E	1	35	6ec69eeef190b3788b7253513f1b60f6d213512a91e9a70d76d29bcfe66d745e	0	0	full_sequence	1	0	/storage9920/home/tinghao.xia/Data_FM/RNA_FM_embeddings/1ET4/rnafm_t12_residue_embeddings.pt
1EVV	0	A	A	1	76	28890de0dd2033379fabebc7165a219d6092ad9bbadc77f4c7528be78963ca0b	0	0	full_sequence	1	0	/storage9920/home/tinghao.xia/Data_FM/RNA_FM_embeddings/1EVV/rnafm_t12_residue_embeddings.pt
1F1T	0	A	A	1	38	c67ca09a644d991f4a901efe5479d8c5148e0a2089a7ddec1e11bdbbdb0b6258	0	0	full_sequence	1	0	/storage9920/home/tinghao.xia/Data_FM/RNA_FM_embeddings/1F1T/rnafm_t12_residue_embeddings.pt
1F27	0	A	A	1	19	bd5d53ace537afcc3807e1acc0fa50c09800198e2a6ce8cddeae0499e7da3655	0	0	full_sequence	1	0	/storage9920/home/tinghao.xia/Data_FM/RNA_FM_embeddings/1F27/rnafm_t12_residue_embeddings.pt
1F27	1	B	B	2	11	511e621070cd3e953002e918d51fd15dae2962e8071570b32787e1aa557e6f2f	0	0	full_sequence	1	0	/storage9920/home/tinghao.xia/Data_FM/RNA_FM_embeddings/1F27/rnafm_t12_residue_embeddings.pt
1F5G	0	A	A	1	10	67ccd9b36ae6a6b7726dfc4cbc1f5c3c1319e0a3ceed8a7dc254946de63766c0	0	0	full_sequence	1	0	/storage9920/home/tinghao.xia/Data_FM/RNA_FM_embeddings/1F5G/rnafm_t12_residue_embeddings.pt
1F5G	1	B	B	1	10	67ccd9b36ae6a6b7726dfc4cbc1f5c3c1319e0a3ceed8a7dc254946de63766c0	0	0	full_sequence	1	0	/storage9920/home/tinghao.xia/Data_FM/RNA_FM_embeddings/1F5G/rnafm_t12_residue_embeddings.pt
1F5H	0	A	A	1	10	67ccd9b36ae6a6b7726dfc4cbc1f5c3c1319e0a3ceed8a7dc254946de63766c0	0	0	full_sequence	1	0	/storage9920/home/tinghao.xia/Data_FM/RNA_FM_embeddings/1F5H/rnafm_t12_residue_embeddings.pt
1F5H	1	B	B	1	10	67ccd9b36ae6a6b7726dfc4cbc1f5c3c1319e0a3ceed8a7dc254946de63766c0	0	0	full_sequence	1	0	/storage9920/home/tinghao.xia/Data_FM/RNA_FM_embeddings/1F5H/rnafm_t12_residue_embeddings.pt
1F5U	0	A	A	1	18	ca583add02d1df3e16bb0221d3aa840babc575712683b213ab88bdef63542b84	0	0	full_sequence	1	0	/storage9920/home/tinghao.xia/Data_FM/RNA_FM_embeddings/1F5U/rnafm_t12_residue_embeddings.pt
1F5U	1	B	B	1	18	ca583add02d1df3e16bb0221d3aa840babc575712683b213ab88bdef63542b84	0	0	full_sequence	1	0	/storage9920/home/tinghao.xia/Data_FM/RNA_FM_embeddings/1F5U/rnafm_t12_residue_embeddings.pt
1F6X	0	A	A	1	27	678329421f0937aacb4ac483d3a362abed17fb69352baa8bf2309aeb2a00632c	0	0	full_sequence	1	0	/storage9920/home/tinghao.xia/Data_FM/RNA_FM_embeddings/1F6X/rnafm_t12_residue_embeddings.pt
1F6Z	0	A	A	1	27	b6eb96458cd3617760b51e10f6b2b387527bc1bce929e3729a98fdee96ec8f12	0	0	full_sequence	1	0	/storage9920/home/tinghao.xia/Data_FM/RNA_FM_embeddings/1F6Z/rnafm_t12_residue_embeddings.pt
1F78	0	A	A	1	27	678329421f0937aacb4ac483d3a362abed17fb69352baa8bf2309aeb2a00632c	0	0	full_sequence	1	0	/storage9920/home/tinghao.xia/Data_FM/RNA_FM_embeddings/1F78/rnafm_t12_residue_embeddings.pt
1F79	0	A	A	1	27	b6eb96458cd3617760b51e10f6b2b387527bc1bce929e3729a98fdee96ec8f12	0	0	full_sequence	1	0	/storage9920/home/tinghao.xia/Data_FM/RNA_FM_embeddings/1F79/rnafm_t12_residue_embeddings.pt
1F7F	0	A	A	1	27	678329421f0937aacb4ac483d3a362abed17fb69352baa8bf2309aeb2a00632c	0	0	full_sequence	1	0	/storage9920/home/tinghao.xia/Data_FM/RNA_FM_embeddings/1F7F/rnafm_t12_residue_embeddings.pt
1F7G	0	A	A	1	27	b6eb96458cd3617760b51e10f6b2b387527bc1bce929e3729a98fdee96ec8f12	0	0	full_sequence	1	0	/storage9920/home/tinghao.xia/Data_FM/RNA_FM_embeddings/1F7G/rnafm_t12_residue_embeddings.pt
1F7H	0	A	A	1	27	678329421f0937aacb4ac483d3a362abed17fb69352baa8bf2309aeb2a00632c	0	0	full_sequence	1	0	/storage9920/home/tinghao.xia/Data_FM/RNA_FM_embeddings/1F7H/rnafm_t12_residue_embeddings.pt
1F7I	0	A	A	1	27	b6eb96458cd3617760b51e10f6b2b387527bc1bce929e3729a98fdee96ec8f12	0	0	full_sequence	1	0	/storage9920/home/tinghao.xia/Data_FM/RNA_FM_embeddings/1F7I/rnafm_t12_residue_embeddings.pt
1F84	0	A	A	1	29	9c4284eb922c53102502b8303854ab4ba81b51918e7d0eb49d87954811f1147d	0	0	full_sequence	1	0	/storage9920/home/tinghao.xia/Data_FM/RNA_FM_embeddings/1F84/rnafm_t12_residue_embeddings.pt
1F85	0	A	A	1	14	b34d98feec7a9666dcbe38466205201827ae68ffa0cbea37470245b31a2985c9	0	0	full_sequence	1	0	/storage9920/home/tinghao.xia/Data_FM/RNA_FM_embeddings/1F85/rnafm_t12_residue_embeddings.pt
1F9L	0	A	A	1	22	664fff6ef92722ed06e057fc81ffc7c815b5f301cc54660bc9f0f92dc2138dc0	0	0	full_sequence	1	0	/storage9920/home/tinghao.xia/Data_FM/RNA_FM_embeddings/1F9L/rnafm_t12_residue_embeddings.pt
1FCW	0	A	A	1	76	28890de0dd2033379fabebc7165a219d6092ad9bbadc77f4c7528be78963ca0b	0	0	full_sequence	1	0	/storage9920/home/tinghao.xia/Data_FM/RNA_FM_embeddings/1FCW/rnafm_t12_residue_embeddings.pt
1FCW	1	B	B	1	76	28890de0dd2033379fabebc7165a219d6092ad9bbadc77f4c7528be78963ca0b	0	0	full_sequence	1	0	/storage9920/home/tinghao.xia/Data_FM/RNA_FM_embeddings/1FCW/rnafm_t12_residue_embeddings.pt
1FCW	2	C	C	1	76	28890de0dd2033379fabebc7165a219d6092ad9bbadc77f4c7528be78963ca0b	0	0	full_sequence	1	0	/storage9920/home/tinghao.xia/Data_FM/RNA_FM_embeddings/1FCW/rnafm_t12_residue_embeddings.pt
1FCW	3	D	D	1	76	28890de0dd2033379fabebc7165a219d6092ad9bbadc77f4c7528be78963ca0b	0	0	full_sequence	1	0	/storage9920/home/tinghao.xia/Data_FM/RNA_FM_embeddings/1FCW/rnafm_t12_residue_embeddings.pt
1FCW	4	E	E	1	76	28890de0dd2033379fabebc7165a219d6092ad9bbadc77f4c7528be78963ca0b	0	0	full_sequence	1	0	/storage9920/home/tinghao.xia/Data_FM/RNA_FM_embeddings/1FCW/rnafm_t12_residue_embeddings.pt
1FEQ	0	A	A	1	17	85b7c7e32b2002f70d9c46a34479417cac426a8cf911e607f33a610b30b200a5	0	0	full_sequence	1	0	/storage9920/home/tinghao.xia/Data_FM/RNA_FM_embeddings/1FEQ/rnafm_t12_residue_embeddings.pt
1FG0	0	A	A	1	602	44f028698cd5179ded4aa3b479b8b7213b7b3829b1ce4a4ec1c559dae32508fc	0	0	full_sequence	1	0	/storage9920/home/tinghao.xia/Data_FM/RNA_FM_embeddings/1FG0/rnafm_t12_residue_embeddings.pt
1FG0	1	B	B	2	34	0bf4698e06e81b2b1ba0f24178361c7f1c8e5d8c002e98077b8a969c06a4867a	0	0	full_sequence	1	0	/storage9920/home/tinghao.xia/Data_FM/RNA_FM_embeddings/1FG0/rnafm_t12_residue_embeddings.pt
1FHK	0	A	A	1	14	ce454022cbfcd33ba3ecd0f1d894df52b3c9677b94f72c94128435ebb2939a75	0	0	full_sequence	1	0	/storage9920/home/tinghao.xia/Data_FM/RNA_FM_embeddings/1FHK/rnafm_t12_residue_embeddings.pt
1FIR	0	A	A	1	76	27408d675e934c85f8717f3049764c0c80e1cf4522b89deef0a7631a195fc6e7	0	0	full_sequence	1	0	/storage9920/home/tinghao.xia/Data_FM/RNA_FM_embeddings/1FIR/rnafm_t12_residue_embeddings.pt
1FL8	0	A	A	1	17	3239c32f90063de768ea689eea49ebbaa12a349f490a66674c20245b6346d836	0	0	full_sequence	1	0	/storage9920/home/tinghao.xia/Data_FM/RNA_FM_embeddings/1FL8/rnafm_t12_residue_embeddings.pt
1FMN	0	A	A	1	35	a99a31ecdaf435ade91d9528b9d45af224072e16ae1528596ecae44328f906bf	0	0	full_sequence	1	0	/storage9920/home/tinghao.xia/Data_FM/RNA_FM_embeddings/1FMN/rnafm_t12_residue_embeddings.pt
1FOQ	0	A	A	1	120	ceee183f53d37322018adfae769d72c9cc602c0f0c4632d229abfb98b04fbeaa	0	0	full_sequence	1	0	/storage9920/home/tinghao.xia/Data_FM/RNA_FM_embeddings/1FOQ/rnafm_t12_residue_embeddings.pt
1FOQ	1	B	B	1	120	ceee183f53d37322018adfae769d72c9cc602c0f0c4632d229abfb98b04fbeaa	0	0	full_sequence	1	0	/storage9920/home/tinghao.xia/Data_FM/RNA_FM_embeddings/1FOQ/rnafm_t12_residue_embeddings.pt
1FOQ	2	C	C	1	120	ceee183f53d37322018adfae769d72c9cc602c0f0c4632d229abfb98b04fbeaa	0	0	full_sequence	1	0	/storage9920/home/tinghao.xia/Data_FM/RNA_FM_embeddings/1FOQ/rnafm_t12_residue_embeddings.pt
1FOQ	3	D	D	1	120	ceee183f53d37322018adfae769d72c9cc602c0f0c4632d229abfb98b04fbeaa	0	0	full_sequence	1	0	/storage9920/home/tinghao.xia/Data_FM/RNA_FM_embeddings/1FOQ/rnafm_t12_residue_embeddings.pt
1FOQ	4	E	E	1	120	ceee183f53d37322018adfae769d72c9cc602c0f0c4632d229abfb98b04fbeaa	0	0	full_sequence	1	0	/storage9920/home/tinghao.xia/Data_FM/RNA_FM_embeddings/1FOQ/rnafm_t12_residue_embeddings.pt
1FQZ	0	A	A	1	27	82100a3406fdc8d30456dba52b72786c3a281dc4fdcaa2624cf73f1846088e20	0	0	full_sequence	1	0	/storage9920/home/tinghao.xia/Data_FM/RNA_FM_embeddings/1FQZ/rnafm_t12_residue_embeddings.pt
1FUF	0	A	A	1	14	860d4caba50157b106a9376d80d85306aca3c8d3634135ac0436855aed3d8a76	0	0	full_sequence	1	0	/storage9920/home/tinghao.xia/Data_FM/RNA_FM_embeddings/1FUF/rnafm_t12_residue_embeddings.pt
1FUF	1	B	B	1	14	860d4caba50157b106a9376d80d85306aca3c8d3634135ac0436855aed3d8a76	0	0	full_sequence	1	0	/storage9920/home/tinghao.xia/Data_FM/RNA_FM_embeddings/1FUF/rnafm_t12_residue_embeddings.pt
1FYO	0	A	A	1	27	d5ca4348f83c40fe2a3fc79ba2de597dd0a2af2f63f83d6f1058f0a5b0109af3	0	0	full_sequence	1	0	/storage9920/home/tinghao.xia/Data_FM/RNA_FM_embeddings/1FYO/rnafm_t12_residue_embeddings.pt
1FYP	0	A	A	1	27	d5ca4348f83c40fe2a3fc79ba2de597dd0a2af2f63f83d6f1058f0a5b0109af3	0	0	full_sequence	1	0	/storage9920/home/tinghao.xia/Data_FM/RNA_FM_embeddings/1FYP/rnafm_t12_residue_embeddings.pt
1G2J	0	A	A	1	8	06279895551c87f82982a594b2cd84fc3102a7352232d29b8f3129a48914bf5f	1	0	full_sequence	1	0	/storage9920/home/tinghao.xia/Data_FM/RNA_FM_embeddings/1G2J/rnafm_t12_residue_embeddings.pt
1G3A	0	A	A	1	6	d4bbb3df5dc0087e74b0c761cefd10b2550aaadba26d011e1730d05ed0285b0f	0	0	full_sequence	1	0	/storage9920/home/tinghao.xia/Data_FM/RNA_FM_embeddings/1G3A/rnafm_t12_residue_embeddings.pt
1G3A	1	B	B	1	6	d4bbb3df5dc0087e74b0c761cefd10b2550aaadba26d011e1730d05ed0285b0f	0	0	full_sequence	1	0	/storage9920/home/tinghao.xia/Data_FM/RNA_FM_embeddings/1G3A/rnafm_t12_residue_embeddings.pt
1GID	0	A	A	1	158	8a1e41513d99bd249b5eb07bd5db319f2b09d2c359b4f90b65d8a392bdd361de	0	0	full_sequence	1	0	/storage9920/home/tinghao.xia/Data_FM/RNA_FM_embeddings/1GID/rnafm_t12_residue_embeddings.pt
1GID	1	B	B	1	158	8a1e41513d99bd249b5eb07bd5db319f2b09d2c359b4f90b65d8a392bdd361de	0	0	full_sequence	1	0	/storage9920/home/tinghao.xia/Data_FM/RNA_FM_embeddings/1GID/rnafm_t12_residue_embeddings.pt
1GRZ	0	A	A	1	247	6507e7e6f7c95541b00c79d2576b33ab15c2210f7012bb580cf6e02650274c6c	0	0	full_sequence	1	0	/storage9920/home/tinghao.xia/Data_FM/RNA_FM_embeddings/1GRZ/rnafm_t12_residue_embeddings.pt
1GRZ	1	B	B	1	247	6507e7e6f7c95541b00c79d2576b33ab15c2210f7012bb580cf6e02650274c6c	0	0	full_sequence	1	0	/storage9920/home/tinghao.xia/Data_FM/RNA_FM_embeddings/1GRZ/rnafm_t12_residue_embeddings.pt
1GUC	0	A	A	1	8	1892905e5a6b31e5cc3302a9e6d70f733e5ac524baea267bd8c54b466e287c8a	0	0	full_sequence	1	0	/storage9920/home/tinghao.xia/Data_FM/RNA_FM_embeddings/1GUC/rnafm_t12_residue_embeddings.pt
1GUC	1	B	B	1	8	1892905e5a6b31e5cc3302a9e6d70f733e5ac524baea267bd8c54b466e287c8a	0	0	full_sequence	1	0	/storage9920/home/tinghao.xia/Data_FM/RNA_FM_embeddings/1GUC/rnafm_t12_residue_embeddings.pt
1H0Q	0	A	A	1	9	f332b2e25e6358b339961013ec71b7cd4c894c05b3df88c8573a1f14b77a58d9	2	0	full_sequence	1	0	/storage9920/home/tinghao.xia/Data_FM/RNA_FM_embeddings/1H0Q/rnafm_t12_residue_embeddings.pt
1H0Q	1	B	B	2	9	5b43a19593845c6e5d08af87a99f71b0e3678bcff82c7243d170c20aa0f64b03	0	0	full_sequence	1	0	/storage9920/home/tinghao.xia/Data_FM/RNA_FM_embeddings/1H0Q/rnafm_t12_residue_embeddings.pt
1H1K	0	I	A	1	412	ddaa4c665b3d8e2b88bcc0d7cf5fdd2113f9667603d980770393ec66c03d0bee	0	0	full_sequence	1	0	/storage9920/home/tinghao.xia/Data_FM/RNA_FM_embeddings/1H1K/rnafm_t12_residue_embeddings.pt
1H1K	1	J	B	2	276	be54f895587614d87ea45845767040d527b65b682da787b04c7bdf52f0ac68d2	0	0	full_sequence	1	0	/storage9920/home/tinghao.xia/Data_FM/RNA_FM_embeddings/1H1K/rnafm_t12_residue_embeddings.pt
1H1K	2	K	C	3	265	1edcd24789e1114d39b4e7923c2863fcb522e771f9d6ad77ddf1bb343f042440	0	0	full_sequence	1	0	/storage9920/home/tinghao.xia/Data_FM/RNA_FM_embeddings/1H1K/rnafm_t12_residue_embeddings.pt
1H1K	3	L	D	4	412	7f0147332618babbf68f848e81cf6ce0d677dab9561b3210911df0f0c7aaf021	0	0	full_sequence	1	0	/storage9920/home/tinghao.xia/Data_FM/RNA_FM_embeddings/1H1K/rnafm_t12_residue_embeddings.pt
1H1K	4	M	E	5	276	bdbc6ddc118e8c2edd970293d5617dccd4b6a016f14f5cdce2bd7a04d6a1776a	0	0	full_sequence	1	0	/storage9920/home/tinghao.xia/Data_FM/RNA_FM_embeddings/1H1K/rnafm_t12_residue_embeddings.pt
1H1K	5	N	F	6	265	b021bb07906ee0e7b1ab57d08dd2348f8ece558ae303940bcb40789d23fa3119	0	0	full_sequence	1	0	/storage9920/home/tinghao.xia/Data_FM/RNA_FM_embeddings/1H1K/rnafm_t12_residue_embeddings.pt
1HLX	0	A	A	1	20	278f742087727f5ff552bbab1b3589c1325920da6dc64af5eb0b058e0d1f14ee	0	0	full_sequence	1	0	/storage9920/home/tinghao.xia/Data_FM/RNA_FM_embeddings/1HLX/rnafm_t12_residue_embeddings.pt
1HR2	0	A	A	1	158	8082a35ee8de8599b1861024d3e07470d82e3f2f2cf8204b8f7c75ecfe6e9d67	0	0	full_sequence	1	0	/storage9920/home/tinghao.xia/Data_FM/RNA_FM_embeddings/1HR2/rnafm_t12_residue_embeddings.pt
1HR2	1	B	B	1	158	8082a35ee8de8599b1861024d3e07470d82e3f2f2cf8204b8f7c75ecfe6e9d67	0	0	full_sequence	1	0	/storage9920/home/tinghao.xia/Data_FM/RNA_FM_embeddings/1HR2/rnafm_t12_residue_embeddings.pt
1HS1	0	A	A	1	13	1fb38eb8beb9fb51c42e7de343f0dc74c35d3c82df2f9dcc7a9fe109b1c33f3e	0	0	full_sequence	1	0	/storage9920/home/tinghao.xia/Data_FM/RNA_FM_embeddings/1HS1/rnafm_t12_residue_embeddings.pt
1HS2	0	A	A	1	13	301fbdbe836e42129d6a54b2abb7d142fe0b058086e3054f32aa917d1b434789	0	0	full_sequence	1	0	/storage9920/home/tinghao.xia/Data_FM/RNA_FM_embeddings/1HS2/rnafm_t12_residue_embeddings.pt
1HS3	0	A	A	1	13	f0be565a1e8af11bedf09d6753a3c9e3d06e7348cc26308494734b2069e2b041	0	0	full_sequence	1	0	/storage9920/home/tinghao.xia/Data_FM/RNA_FM_embeddings/1HS3/rnafm_t12_residue_embeddings.pt
1HS4	0	A	A	1	13	1d89fa5e04a61a812716ec426d4f0076973fa6793f5ef1c9134b1f6d4aa2b7c9	0	0	full_sequence	1	0	/storage9920/home/tinghao.xia/Data_FM/RNA_FM_embeddings/1HS4/rnafm_t12_residue_embeddings.pt
1HS8	0	A	A	1	13	b38f39d12cc31d8a97a31911307a52a7af90e72bbcf5b3356e538451c767d9e1	0	0	full_sequence	1	0	/storage9920/home/tinghao.xia/Data_FM/RNA_FM_embeddings/1HS8/rnafm_t12_residue_embeddings.pt
1HWQ	0	A	A	1	30	1904d068fc830212884adf1e0ae2dd4fb27624cb601fe8250a9b09b3c3e239c3	0	0	full_sequence	1	0	/storage9920/home/tinghao.xia/Data_FM/RNA_FM_embeddings/1HWQ/rnafm_t12_residue_embeddings.pt
1I3X	0	A	A	1	19	23b376e7cafed8fe54e00e71dd5aa895c230bf95440a84bcc322b872a7f363e5	0	0	full_sequence	1	0	/storage9920/home/tinghao.xia/Data_FM/RNA_FM_embeddings/1I3X/rnafm_t12_residue_embeddings.pt
1I3Y	0	A	A	1	19	23b376e7cafed8fe54e00e71dd5aa895c230bf95440a84bcc322b872a7f363e5	0	0	full_sequence	1	0	/storage9920/home/tinghao.xia/Data_FM/RNA_FM_embeddings/1I3Y/rnafm_t12_residue_embeddings.pt
1I46	0	A	A	1	13	1e4b9bdab0aff515a1ff8cab71301f7a90d02d0b76fcb33e7657291939ab1d3f	0	0	full_sequence	1	0	/storage9920/home/tinghao.xia/Data_FM/RNA_FM_embeddings/1I46/rnafm_t12_residue_embeddings.pt
1I4B	0	A	A	1	13	148f127a55f465139d5a41b1a493a629c8ceb35527166b6550ef450d8d63f0c9	0	0	full_sequence	1	0	/storage9920/home/tinghao.xia/Data_FM/RNA_FM_embeddings/1I4B/rnafm_t12_residue_embeddings.pt
1I4C	0	A	A	1	13	148f127a55f465139d5a41b1a493a629c8ceb35527166b6550ef450d8d63f0c9	0	0	full_sequence	1	0	/storage9920/home/tinghao.xia/Data_FM/RNA_FM_embeddings/1I4C/rnafm_t12_residue_embeddings.pt
1I7J	0	A	A	1	6	d4bbb3df5dc0087e74b0c761cefd10b2550aaadba26d011e1730d05ed0285b0f	0	0	full_sequence	1	0	/storage9920/home/tinghao.xia/Data_FM/RNA_FM_embeddings/1I7J/rnafm_t12_residue_embeddings.pt
1I7J	1	B	B	1	6	d4bbb3df5dc0087e74b0c761cefd10b2550aaadba26d011e1730d05ed0285b0f	0	0	full_sequence	1	0	/storage9920/home/tinghao.xia/Data_FM/RNA_FM_embeddings/1I7J/rnafm_t12_residue_embeddings.pt
1I9K	0	A	A	1	6	2279f227c23f297757f061e541301288406f3a443bff4734a1f4a149b2a35bef	0	0	full_sequence	1	0	/storage9920/home/tinghao.xia/Data_FM/RNA_FM_embeddings/1I9K/rnafm_t12_residue_embeddings.pt
1I9K	1	B	B	1	6	2279f227c23f297757f061e541301288406f3a443bff4734a1f4a149b2a35bef	0	0	full_sequence	1	0	/storage9920/home/tinghao.xia/Data_FM/RNA_FM_embeddings/1I9K/rnafm_t12_residue_embeddings.pt
1I9K	2	C	C	1	6	2279f227c23f297757f061e541301288406f3a443bff4734a1f4a149b2a35bef	0	0	full_sequence	1	0	/storage9920/home/tinghao.xia/Data_FM/RNA_FM_embeddings/1I9K/rnafm_t12_residue_embeddings.pt
1I9K	3	D	D	1	6	2279f227c23f297757f061e541301288406f3a443bff4734a1f4a149b2a35bef	0	0	full_sequence	1	0	/storage9920/home/tinghao.xia/Data_FM/RNA_FM_embeddings/1I9K/rnafm_t12_residue_embeddings.pt
1I9V	0	A	A	1	76	28890de0dd2033379fabebc7165a219d6092ad9bbadc77f4c7528be78963ca0b	0	0	full_sequence	1	0	/storage9920/home/tinghao.xia/Data_FM/RNA_FM_embeddings/1I9V/rnafm_t12_residue_embeddings.pt
1I9X	0	A	A	1	13	6cd3eea9a6a7edd41a9b1c621df73647e9677a023ba5dbd7010e99ab06674017	0	0	full_sequence	1	0	/storage9920/home/tinghao.xia/Data_FM/RNA_FM_embeddings/1I9X/rnafm_t12_residue_embeddings.pt
1I9X	1	B	B	1	13	6cd3eea9a6a7edd41a9b1c621df73647e9677a023ba5dbd7010e99ab06674017	0	0	full_sequence	1	0	/storage9920/home/tinghao.xia/Data_FM/RNA_FM_embeddings/1I9X/rnafm_t12_residue_embeddings.pt
1IDV	0	A	A	1	10	3dbe3fb54272346785c84a3e47147c1a986e98847ced07d6ef5eb21cf0bcb9a0	0	0	full_sequence	1	0	/storage9920/home/tinghao.xia/Data_FM/RNA_FM_embeddings/1IDV/rnafm_t12_residue_embeddings.pt
1IE1	0	A	A	1	22	e3b3032a770e589fb2d7318f55e67c93cc19dd0b8ce2920f36b7c74b0d58e060	0	0	full_sequence	1	0	/storage9920/home/tinghao.xia/Data_FM/RNA_FM_embeddings/1IE1/rnafm_t12_residue_embeddings.pt
1IE2	0	A	A	1	22	e3b3032a770e589fb2d7318f55e67c93cc19dd0b8ce2920f36b7c74b0d58e060	0	0	full_sequence	1	0	/storage9920/home/tinghao.xia/Data_FM/RNA_FM_embeddings/1IE2/rnafm_t12_residue_embeddings.pt
1IK1	0	A	A	1	14	0683ed070d660254d0fc2e9428cd82d626ddef6bb89f1e066a4b9dc89aff2586	0	0	full_sequence	1	0	/storage9920/home/tinghao.xia/Data_FM/RNA_FM_embeddings/1IK1/rnafm_t12_residue_embeddings.pt
1IK5	0	A	A	1	14	860d4caba50157b106a9376d80d85306aca3c8d3634135ac0436855aed3d8a76	0	0	full_sequence	1	0	/storage9920/home/tinghao.xia/Data_FM/RNA_FM_embeddings/1IK5/rnafm_t12_residue_embeddings.pt
1IK5	1	B	B	2	14	e0c7e39e96eb2586b0ba59605c32b9e64d29278c9d4ee9734fb57b644f004d50	0	0	full_sequence	1	0	/storage9920/home/tinghao.xia/Data_FM/RNA_FM_embeddings/1IK5/rnafm_t12_residue_embeddings.pt
1IKD	0	A	A	1	22	b5b63bc3abb6156d264b1d0bba237aeb5783c6734ac9dc60f63468d0d58a4141	0	0	full_sequence	1	0	/storage9920/home/tinghao.xia/Data_FM/RNA_FM_embeddings/1IKD/rnafm_t12_residue_embeddings.pt
1J4Y	0	A	A	1	17	193f3a4d2cecad23d21862f9bde85e7cc903ee65b6c79fecdff559dbde1b912b	0	0	full_sequence	1	0	/storage9920/home/tinghao.xia/Data_FM/RNA_FM_embeddings/1J4Y/rnafm_t12_residue_embeddings.pt
1J6S	0	A	A	1	6	f1208da4d97256dca5c588d5dfa53883afc1a84b3cd6c8a026ef5ccef4527df2	0	0	full_sequence	1	0	/storage9920/home/tinghao.xia/Data_FM/RNA_FM_embeddings/1J6S/rnafm_t12_residue_embeddings.pt
1J6S	1	B	B	1	6	f1208da4d97256dca5c588d5dfa53883afc1a84b3cd6c8a026ef5ccef4527df2	0	0	full_sequence	1	0	/storage9920/home/tinghao.xia/Data_FM/RNA_FM_embeddings/1J6S/rnafm_t12_residue_embeddings.pt
1J6S	2	C	C	1	6	f1208da4d97256dca5c588d5dfa53883afc1a84b3cd6c8a026ef5ccef4527df2	0	0	full_sequence	1	0	/storage9920/home/tinghao.xia/Data_FM/RNA_FM_embeddings/1J6S/rnafm_t12_residue_embeddings.pt
1J6S	3	D	D	1	6	f1208da4d97256dca5c588d5dfa53883afc1a84b3cd6c8a026ef5ccef4527df2	0	0	full_sequence	1	0	/storage9920/home/tinghao.xia/Data_FM/RNA_FM_embeddings/1J6S/rnafm_t12_residue_embeddings.pt
1J7T	0	A	A	1	22	38d09bdb89c38290cbded9d3f37ba1eec7080e4580e0c8949c37ed5fe81a7555	0	0	full_sequence	1	0	/storage9920/home/tinghao.xia/Data_FM/RNA_FM_embeddings/1J7T/rnafm_t12_residue_embeddings.pt
1J7T	1	B	B	1	22	38d09bdb89c38290cbded9d3f37ba1eec7080e4580e0c8949c37ed5fe81a7555	0	0	full_sequence	1	0	/storage9920/home/tinghao.xia/Data_FM/RNA_FM_embeddings/1J7T/rnafm_t12_residue_embeddings.pt
1J8G	0	A	A	1	6	aa5a52291e99d55aeb9a8a1a113ec8edfb9a8a50881613e21abeda4d988e5f55	0	0	full_sequence	1	0	/storage9920/home/tinghao.xia/Data_FM/RNA_FM_embeddings/1J8G/rnafm_t12_residue_embeddings.pt
1J8G	1	B	B	1	6	aa5a52291e99d55aeb9a8a1a113ec8edfb9a8a50881613e21abeda4d988e5f55	0	0	full_sequence	1	0	/storage9920/home/tinghao.xia/Data_FM/RNA_FM_embeddings/1J8G/rnafm_t12_residue_embeddings.pt
1J8G	2	C	C	1	6	aa5a52291e99d55aeb9a8a1a113ec8edfb9a8a50881613e21abeda4d988e5f55	0	0	full_sequence	1	0	/storage9920/home/tinghao.xia/Data_FM/RNA_FM_embeddings/1J8G/rnafm_t12_residue_embeddings.pt
1J8G	3	D	D	1	6	aa5a52291e99d55aeb9a8a1a113ec8edfb9a8a50881613e21abeda4d988e5f55	0	0	full_sequence	1	0	/storage9920/home/tinghao.xia/Data_FM/RNA_FM_embeddings/1J8G/rnafm_t12_residue_embeddings.pt
1J9H	0	A	A	1	9	57b8f7f32d8cca0c6741bc4c5e4a8af2628b657a23316281e1318ab279005c8e	0	0	full_sequence	1	0	/storage9920/home/tinghao.xia/Data_FM/RNA_FM_embeddings/1J9H/rnafm_t12_residue_embeddings.pt
1J9H	1	B	B	1	9	57b8f7f32d8cca0c6741bc4c5e4a8af2628b657a23316281e1318ab279005c8e	0	0	full_sequence	1	0	/storage9920/home/tinghao.xia/Data_FM/RNA_FM_embeddings/1J9H/rnafm_t12_residue_embeddings.pt
1J9H	2	C	C	1	9	57b8f7f32d8cca0c6741bc4c5e4a8af2628b657a23316281e1318ab279005c8e	0	0	full_sequence	1	0	/storage9920/home/tinghao.xia/Data_FM/RNA_FM_embeddings/1J9H/rnafm_t12_residue_embeddings.pt
1J9H	3	D	D	1	9	57b8f7f32d8cca0c6741bc4c5e4a8af2628b657a23316281e1318ab279005c8e	0	0	full_sequence	1	0	/storage9920/home/tinghao.xia/Data_FM/RNA_FM_embeddings/1J9H/rnafm_t12_residue_embeddings.pt
1JO7	0	A	A	1	31	699bd9b78cef5418002096c41d28732b18994aa1ce2805ce442b39ed1b7aae26	0	0	full_sequence	1	0	/storage9920/home/tinghao.xia/Data_FM/RNA_FM_embeddings/1JO7/rnafm_t12_residue_embeddings.pt
1JOX	0	A	A	1	21	6bf8072e8a5f98800427912c588bf7c1880d45304bee97b470c40fb046f27c3f	0	0	full_sequence	1	0	/storage9920/home/tinghao.xia/Data_FM/RNA_FM_embeddings/1JOX/rnafm_t12_residue_embeddings.pt
1JP0	0	A	A	1	21	6bf8072e8a5f98800427912c588bf7c1880d45304bee97b470c40fb046f27c3f	0	0	full_sequence	1	0	/storage9920/home/tinghao.xia/Data_FM/RNA_FM_embeddings/1JP0/rnafm_t12_residue_embeddings.pt
1JTJ	0	A	A	1	23	315b8f9d2d1913420168211f29b64a918f2e7d4510f327183f1c2c756223cef3	0	0	full_sequence	1	0	/storage9920/home/tinghao.xia/Data_FM/RNA_FM_embeddings/1JTJ/rnafm_t12_residue_embeddings.pt
1JTW	0	A	A	1	16	9191150a6a5c57ac3e320ca6141eee91ac269f231fa6bed00c7bf0c19c65ad6e	0	0	full_sequence	1	0	/storage9920/home/tinghao.xia/Data_FM/RNA_FM_embeddings/1JTW/rnafm_t12_residue_embeddings.pt
1JU1	0	A	A	1	23	5e26c1057669e59d7c6d99e8a985bb712e435e7c6de371ad61d5bab6ab82e461	0	0	full_sequence	1	0	/storage9920/home/tinghao.xia/Data_FM/RNA_FM_embeddings/1JU1/rnafm_t12_residue_embeddings.pt
1JU1	1	B	B	1	23	5e26c1057669e59d7c6d99e8a985bb712e435e7c6de371ad61d5bab6ab82e461	0	0	full_sequence	1	0	/storage9920/home/tinghao.xia/Data_FM/RNA_FM_embeddings/1JU1/rnafm_t12_residue_embeddings.pt
1JU7	0	A	A	1	28	d9d09e680eb0b0b76ea8df4325e7ebdd47852655501a6a6ab5906e5af1923935	0	0	full_sequence	1	0	/storage9920/home/tinghao.xia/Data_FM/RNA_FM_embeddings/1JU7/rnafm_t12_residue_embeddings.pt
1JUR	0	A	A	1	22	186e9b04cda34d853eb6b316b94cd3df6adc07b0596434792709b06b14047201	0	0	full_sequence	1	0	/storage9920/home/tinghao.xia/Data_FM/RNA_FM_embeddings/1JUR/rnafm_t12_residue_embeddings.pt
1JWC	0	A	A	1	28	d9d09e680eb0b0b76ea8df4325e7ebdd47852655501a6a6ab5906e5af1923935	0	0	full_sequence	1	0	/storage9920/home/tinghao.xia/Data_FM/RNA_FM_embeddings/1JWC/rnafm_t12_residue_embeddings.pt
1JZC	0	A	A	1	13	4f81aa0e232ac0f364c8ad3e225703e09b2eb4ccc01737d2c064923187123b85	0	0	full_sequence	1	0	/storage9920/home/tinghao.xia/Data_FM/RNA_FM_embeddings/1JZC/rnafm_t12_residue_embeddings.pt
1JZV	0	A	A	1	8	927f73a80a6a9ebd4bfee80045ac39bda904a31f297efe7d6bb72e594785a355	0	0	full_sequence	1	0	/storage9920/home/tinghao.xia/Data_FM/RNA_FM_embeddings/1JZV/rnafm_t12_residue_embeddings.pt
1JZV	1	C	B	1	8	927f73a80a6a9ebd4bfee80045ac39bda904a31f297efe7d6bb72e594785a355	0	0	full_sequence	1	0	/storage9920/home/tinghao.xia/Data_FM/RNA_FM_embeddings/1JZV/rnafm_t12_residue_embeddings.pt
1JZV	2	B	C	2	9	054bda1a39fb6627ec63386ee7f5f7beca5f8dc547174ee1629b41f9f2d1bf2c	0	0	full_sequence	1	0	/storage9920/home/tinghao.xia/Data_FM/RNA_FM_embeddings/1JZV/rnafm_t12_residue_embeddings.pt
1JZV	3	D	D	2	9	054bda1a39fb6627ec63386ee7f5f7beca5f8dc547174ee1629b41f9f2d1bf2c	0	0	full_sequence	1	0	/storage9920/home/tinghao.xia/Data_FM/RNA_FM_embeddings/1JZV/rnafm_t12_residue_embeddings.pt
1K2G	0	A	A	1	22	9e286a27108ccb9c0fb9404d6e4faaffc5757378d0ba5f710da4d9141fadc43e	0	0	full_sequence	1	0	/storage9920/home/tinghao.xia/Data_FM/RNA_FM_embeddings/1K2G/rnafm_t12_residue_embeddings.pt
1K4A	0	A	A	1	14	63fd7d858343f251089024a5fe64b7821a8826c1fdf0b6277af00ea9c234bd9c	0	0	full_sequence	1	0	/storage9920/home/tinghao.xia/Data_FM/RNA_FM_embeddings/1K4A/rnafm_t12_residue_embeddings.pt
1K4B	0	A	A	1	14	0fc86745cee61935602391e286349981ee20c2794e7c3b7250f7f1f3ebcfaa8f	0	0	full_sequence	1	0	/storage9920/home/tinghao.xia/Data_FM/RNA_FM_embeddings/1K4B/rnafm_t12_residue_embeddings.pt
1K5I	0	A	A	1	23	6218652259c88ed7bf7b91360be1262936e48218d4b553dc91c8ae691cdb0a3a	0	0	full_sequence	1	0	/storage9920/home/tinghao.xia/Data_FM/RNA_FM_embeddings/1K5I/rnafm_t12_residue_embeddings.pt
1K6G	0	A	A	1	22	dbd8d994c8635e18c6f49c98880a042d0cf66e7ca81be3b344bcdfc68da2db33	0	0	full_sequence	1	0	/storage9920/home/tinghao.xia/Data_FM/RNA_FM_embeddings/1K6G/rnafm_t12_residue_embeddings.pt
1K6H	0	A	A	1	22	f205820448be858ecfbf1b9ee747d2476f13dbe5eaf98edb780c753081602146	0	0	full_sequence	1	0	/storage9920/home/tinghao.xia/Data_FM/RNA_FM_embeddings/1K6H/rnafm_t12_residue_embeddings.pt
1K8S	0	A	A	1	13	9972029d16d0e8282fe59c94d3d7f4be2a95698ff845ca232ec26d80b20bddab	0	0	full_sequence	1	0	/storage9920/home/tinghao.xia/Data_FM/RNA_FM_embeddings/1K8S/rnafm_t12_residue_embeddings.pt
1K8S	1	B	B	2	12	d7edd61b1a6459546951a7523e1b93078baba359ce7ff8e797ee1d345fb605a7	0	0	full_sequence	1	0	/storage9920/home/tinghao.xia/Data_FM/RNA_FM_embeddings/1K8S/rnafm_t12_residue_embeddings.pt
1K9W	0	A	A	1	23	58c4b1cdd14d1ddb334bfd49603d376c755cd7fc17df12cf8c0a3decc07e0098	0	0	full_sequence	1	0	/storage9920/home/tinghao.xia/Data_FM/RNA_FM_embeddings/1K9W/rnafm_t12_residue_embeddings.pt
1K9W	1	B	B	1	23	58c4b1cdd14d1ddb334bfd49603d376c755cd7fc17df12cf8c0a3decc07e0098	0	0	full_sequence	1	0	/storage9920/home/tinghao.xia/Data_FM/RNA_FM_embeddings/1K9W/rnafm_t12_residue_embeddings.pt
1K9W	2	C	C	1	23	58c4b1cdd14d1ddb334bfd49603d376c755cd7fc17df12cf8c0a3decc07e0098	0	0	full_sequence	1	0	/storage9920/home/tinghao.xia/Data_FM/RNA_FM_embeddings/1K9W/rnafm_t12_residue_embeddings.pt
1K9W	3	D	D	1	23	58c4b1cdd14d1ddb334bfd49603d376c755cd7fc17df12cf8c0a3decc07e0098	0	0	full_sequence	1	0	/storage9920/home/tinghao.xia/Data_FM/RNA_FM_embeddings/1K9W/rnafm_t12_residue_embeddings.pt
1KAJ	0	A	A	1	32	695c665c06392992c3eefcae81e20a2ed60ad439da426a1d99a300215084cc74	0	0	full_sequence	1	0	/storage9920/home/tinghao.xia/Data_FM/RNA_FM_embeddings/1KAJ/rnafm_t12_residue_embeddings.pt
1KD3	0	A	A	1	11	0fc8f89e7951b7fae853e9014cdab043889e4989d916b9e8ae7bbc22e65e562e	0	0	full_sequence	1	0	/storage9920/home/tinghao.xia/Data_FM/RNA_FM_embeddings/1KD3/rnafm_t12_residue_embeddings.pt
1KD3	1	B	B	1	11	0fc8f89e7951b7fae853e9014cdab043889e4989d916b9e8ae7bbc22e65e562e	0	0	full_sequence	1	0	/storage9920/home/tinghao.xia/Data_FM/RNA_FM_embeddings/1KD3/rnafm_t12_residue_embeddings.pt
1KD4	0	A	A	1	11	0fc8f89e7951b7fae853e9014cdab043889e4989d916b9e8ae7bbc22e65e562e	0	0	full_sequence	1	0	/storage9920/home/tinghao.xia/Data_FM/RNA_FM_embeddings/1KD4/rnafm_t12_residue_embeddings.pt
1KD4	1	B	B	1	11	0fc8f89e7951b7fae853e9014cdab043889e4989d916b9e8ae7bbc22e65e562e	0	0	full_sequence	1	0	/storage9920/home/tinghao.xia/Data_FM/RNA_FM_embeddings/1KD4/rnafm_t12_residue_embeddings.pt
1KD5	0	A	A	1	11	0fc8f89e7951b7fae853e9014cdab043889e4989d916b9e8ae7bbc22e65e562e	0	0	full_sequence	1	0	/storage9920/home/tinghao.xia/Data_FM/RNA_FM_embeddings/1KD5/rnafm_t12_residue_embeddings.pt
1KD5	1	B	B	1	11	0fc8f89e7951b7fae853e9014cdab043889e4989d916b9e8ae7bbc22e65e562e	0	0	full_sequence	1	0	/storage9920/home/tinghao.xia/Data_FM/RNA_FM_embeddings/1KD5/rnafm_t12_residue_embeddings.pt
1KFO	0	A	A	1	19	84f29c9b75e44ed92bc44a88c9514d4f990d55d6f06dea4d80bae77a28ca4783	0	0	full_sequence	1	0	/storage9920/home/tinghao.xia/Data_FM/RNA_FM_embeddings/1KFO/rnafm_t12_residue_embeddings.pt
1KH6	0	A	A	1	53	3bd1e20971d1c445a839e5b676d8ba0ffdd6a87780ce17afe3f696f67e2c0b4b	0	0	full_sequence	1	0	/storage9920/home/tinghao.xia/Data_FM/RNA_FM_embeddings/1KH6/rnafm_t12_residue_embeddings.pt
1KIS	0	A	A	1	16	d9121649f14a8177cbcaf0b749d5a6e2c5205df74a9846771f60ea77f421417e	0	0	full_sequence	1	0	/storage9920/home/tinghao.xia/Data_FM/RNA_FM_embeddings/1KIS/rnafm_t12_residue_embeddings.pt
1KIS	1	B	B	2	16	930b1f20f5cf03dc9323b5b15f265119c99fb7e382387a6fc4b2e8b970111765	0	0	full_sequence	1	0	/storage9920/home/tinghao.xia/Data_FM/RNA_FM_embeddings/1KIS/rnafm_t12_residue_embeddings.pt
1KKA	0	A	A	1	17	193f3a4d2cecad23d21862f9bde85e7cc903ee65b6c79fecdff559dbde1b912b	0	0	full_sequence	1	0	/storage9920/home/tinghao.xia/Data_FM/RNA_FM_embeddings/1KKA/rnafm_t12_residue_embeddings.pt
1KKS	0	A	A	1	24	e34803070bfa34de32b9b21434bb64c5a8cf78315b380f2e3d2880348da53be4	0	0	full_sequence	1	0	/storage9920/home/tinghao.xia/Data_FM/RNA_FM_embeddings/1KKS/rnafm_t12_residue_embeddings.pt
1KOC	0	A	A	1	11	668022819dca76acf7b106bca58a95d1b6a15658406072ed5381b12075bd1d88	0	0	full_sequence	1	0	/storage9920/home/tinghao.xia/Data_FM/RNA_FM_embeddings/1KOC/rnafm_t12_residue_embeddings.pt
1KOC	1	B	B	2	14	fb078e277d98a5961e90332a5520c899f9cada1b6b6941041b96031ea9fe883f	0	0	full_sequence	1	0	/storage9920/home/tinghao.xia/Data_FM/RNA_FM_embeddings/1KOC/rnafm_t12_residue_embeddings.pt
1KOD	0	A	A	1	11	0cfb4b388d87afbdaadac3bd26672862c7cdb1a314c872b7e102c459b304cc3c	0	0	full_sequence	1	0	/storage9920/home/tinghao.xia/Data_FM/RNA_FM_embeddings/1KOD/rnafm_t12_residue_embeddings.pt
1KOD	1	B	B	2	14	f38911bd6e79d77472cff865a99b4caeaaa0f4c7602f84ef45b8f022926478c3	0	0	full_sequence	1	0	/storage9920/home/tinghao.xia/Data_FM/RNA_FM_embeddings/1KOD/rnafm_t12_residue_embeddings.pt
1KOS	0	A	A	1	17	b02b289d17aa831d7e1b8cd3cfd77a92a068b16d24dce64bff78f28527535e4e	0	0	full_sequence	1	0	/storage9920/home/tinghao.xia/Data_FM/RNA_FM_embeddings/1KOS/rnafm_t12_residue_embeddings.pt
1KP7	0	A	A	1	30	1558041e4826eede246bcf622509da9adecb3f0161ec85e15d2a7fe4201bb5ca	0	0	full_sequence	1	0	/storage9920/home/tinghao.xia/Data_FM/RNA_FM_embeddings/1KP7/rnafm_t12_residue_embeddings.pt
1KPD	0	A	A	1	32	ce20212754a91d21e134e5d8506bf94f0d51feeec1e6d35f6f2612dbcf1c58b5	0	0	full_sequence	1	0	/storage9920/home/tinghao.xia/Data_FM/RNA_FM_embeddings/1KPD/rnafm_t12_residue_embeddings.pt
1KPY	0	A	A	1	33	f878a3d1e81db502fd9e782ba5889e8e6ffe2523cb07c8f143a46503a1f2e72a	0	0	full_sequence	1	0	/storage9920/home/tinghao.xia/Data_FM/RNA_FM_embeddings/1KPY/rnafm_t12_residue_embeddings.pt
1KPZ	0	A	A	1	33	f878a3d1e81db502fd9e782ba5889e8e6ffe2523cb07c8f143a46503a1f2e72a	0	0	full_sequence	1	0	/storage9920/home/tinghao.xia/Data_FM/RNA_FM_embeddings/1KPZ/rnafm_t12_residue_embeddings.pt
1KXK	0	A	A	1	70	01754b7b064fe5e23932dcc2108e46fee6d76ed9281f5779de9766d9d6404940	0	0	full_sequence	1	0	/storage9920/home/tinghao.xia/Data_FM/RNA_FM_embeddings/1KXK/rnafm_t12_residue_embeddings.pt
1L1W	0	A	A	1	29	655fa93805943fd97e2328e5fc6f47ae575b214f749690d227276251f30fdc91	0	0	full_sequence	1	0	/storage9920/home/tinghao.xia/Data_FM/RNA_FM_embeddings/1L1W/rnafm_t12_residue_embeddings.pt
1L2X	0	A	A	1	28	144698bb56246ab0d67b5798c4d96d3f3596af0625c2bd1abbf0d539ab244296	0	0	full_sequence	1	0	/storage9920/home/tinghao.xia/Data_FM/RNA_FM_embeddings/1L2X/rnafm_t12_residue_embeddings.pt
1L3D	0	A	A	1	28	144698bb56246ab0d67b5798c4d96d3f3596af0625c2bd1abbf0d539ab244296	0	0	full_sequence	1	0	/storage9920/home/tinghao.xia/Data_FM/RNA_FM_embeddings/1L3D/rnafm_t12_residue_embeddings.pt
1L3Z	0	A	A	1	7	1325b569cbef503aa8cca43cd361686322d84bd40712f057b081134a3f9130ab	0	0	full_sequence	1	0	/storage9920/home/tinghao.xia/Data_FM/RNA_FM_embeddings/1L3Z/rnafm_t12_residue_embeddings.pt
1L3Z	1	B	B	1	7	1325b569cbef503aa8cca43cd361686322d84bd40712f057b081134a3f9130ab	0	0	full_sequence	1	0	/storage9920/home/tinghao.xia/Data_FM/RNA_FM_embeddings/1L3Z/rnafm_t12_residue_embeddings.pt
1L8V	0	A	A	1	157	18b391fa65cdbcc8f23ba2ccfe5c0e0b654208d10a6f84c98578c64ed03c503c	0	0	full_sequence	1	0	/storage9920/home/tinghao.xia/Data_FM/RNA_FM_embeddings/1L8V/rnafm_t12_residue_embeddings.pt
1L8V	1	B	B	1	157	18b391fa65cdbcc8f23ba2ccfe5c0e0b654208d10a6f84c98578c64ed03c503c	0	0	full_sequence	1	0	/storage9920/home/tinghao.xia/Data_FM/RNA_FM_embeddings/1L8V/rnafm_t12_residue_embeddings.pt
1LC4	0	A	A	1	23	9ee20b8338479c64ee2d8e99734ce06aa442292c45f9cc3c84bdc2fe6a616b63	0	0	full_sequence	1	0	/storage9920/home/tinghao.xia/Data_FM/RNA_FM_embeddings/1LC4/rnafm_t12_residue_embeddings.pt
1LC4	1	B	B	1	23	9ee20b8338479c64ee2d8e99734ce06aa442292c45f9cc3c84bdc2fe6a616b63	0	0	full_sequence	1	0	/storage9920/home/tinghao.xia/Data_FM/RNA_FM_embeddings/1LC4/rnafm_t12_residue_embeddings.pt
1LC6	0	A	A	1	24	291b8161a6920c48f9fe1afcc744b13729a08a2659eda9c9af97156ff09409fc	0	0	full_sequence	1	0	/storage9920/home/tinghao.xia/Data_FM/RNA_FM_embeddings/1LC6/rnafm_t12_residue_embeddings.pt
1LDZ	0	A	A	1	30	7472bea4a6536d0d6b9341a7a2918d55b671b6f7a95655843c7aa38cb680ec5c	0	0	full_sequence	1	0	/storage9920/home/tinghao.xia/Data_FM/RNA_FM_embeddings/1LDZ/rnafm_t12_residue_embeddings.pt
1LMV	0	A	A	1	9	4236840e94df5aa14af26429d3809908845dfe88d89283ad92314d525544da35	0	0	full_sequence	1	0	/storage9920/home/tinghao.xia/Data_FM/RNA_FM_embeddings/1LMV/rnafm_t12_residue_embeddings.pt
1LMV	1	B	B	2	10	f58e98a676b11c98811f870b038520469fb4562ddeccf39e0283b651013d754d	0	0	full_sequence	1	0	/storage9920/home/tinghao.xia/Data_FM/RNA_FM_embeddings/1LMV/rnafm_t12_residue_embeddings.pt
1LNT	0	A	A	1	12	c041ba55766a9b250887aee086079fba4196949c1f99aa4f2c3f74bc7fec6a34	0	0	full_sequence	1	0	/storage9920/home/tinghao.xia/Data_FM/RNA_FM_embeddings/1LNT/rnafm_t12_residue_embeddings.pt
1LNT	1	B	B	2	12	c91702032c554eb320f68ed69b2d6001b2819781d64a1050e499485d8752b86b	0	0	full_sequence	1	0	/storage9920/home/tinghao.xia/Data_FM/RNA_FM_embeddings/1LNT/rnafm_t12_residue_embeddings.pt
1LPW	0	A	A	1	9	4236840e94df5aa14af26429d3809908845dfe88d89283ad92314d525544da35	0	0	full_sequence	1	0	/storage9920/home/tinghao.xia/Data_FM/RNA_FM_embeddings/1LPW/rnafm_t12_residue_embeddings.pt
1LPW	1	B	B	2	10	f58e98a676b11c98811f870b038520469fb4562ddeccf39e0283b651013d754d	0	0	full_sequence	1	0	/storage9920/home/tinghao.xia/Data_FM/RNA_FM_embeddings/1LPW/rnafm_t12_residue_embeddings.pt
1LU3	0	A	A	1	17	7c32e95c7d0365849287c2f6275c29e53eab2b58521ab505bd2f7316baedacae	0	0	full_sequence	1	0	/storage9920/home/tinghao.xia/Data_FM/RNA_FM_embeddings/1LU3/rnafm_t12_residue_embeddings.pt
1LUU	0	A	A	1	17	ed2b6d32f7e816104cbb6d58109a0323a976e05c7a6e02764ea6c2288b6e29fc	0	0	full_sequence	1	0	/storage9920/home/tinghao.xia/Data_FM/RNA_FM_embeddings/1LUU/rnafm_t12_residue_embeddings.pt
1LUX	0	A	A	1	17	ed2b6d32f7e816104cbb6d58109a0323a976e05c7a6e02764ea6c2288b6e29fc	0	0	full_sequence	1	0	/storage9920/home/tinghao.xia/Data_FM/RNA_FM_embeddings/1LUX/rnafm_t12_residue_embeddings.pt
1LVJ	0	A	A	1	31	cd5105e94f2bdc81c986eccc5b29fa09f39c585c812482413a48d6f9ffe2486c	0	0	full_sequence	1	0	/storage9920/home/tinghao.xia/Data_FM/RNA_FM_embeddings/1LVJ/rnafm_t12_residue_embeddings.pt
1M5L	0	A	A	1	38	d3ca3e55d4de46109dfe650c628dca660fe9fbbc9fb841dd26b8f010b25daf3b	0	0	full_sequence	1	0	/storage9920/home/tinghao.xia/Data_FM/RNA_FM_embeddings/1M5L/rnafm_t12_residue_embeddings.pt
1M82	0	A	A	1	25	a4ed69ec978048d650885f8bbc06da6d967a9bfb8c9eb8e3e400f340ccc4f315	0	0	full_sequence	1	0	/storage9920/home/tinghao.xia/Data_FM/RNA_FM_embeddings/1M82/rnafm_t12_residue_embeddings.pt
1MDG	0	A	A	1	6	f1208da4d97256dca5c588d5dfa53883afc1a84b3cd6c8a026ef5ccef4527df2	0	0	full_sequence	1	0	/storage9920/home/tinghao.xia/Data_FM/RNA_FM_embeddings/1MDG/rnafm_t12_residue_embeddings.pt
1ME1	0	A	A	1	12	9b8a60c410451981bf7d3aacb27718190f221204e418762624c03c9ef76cdd6e	0	0	full_sequence	1	0	/storage9920/home/tinghao.xia/Data_FM/RNA_FM_embeddings/1ME1/rnafm_t12_residue_embeddings.pt
1MFJ	0	A	A	1	20	80ed9731b074fc30824fdfce0fa50fd04acf2a2a52eb5a17dd88883be5f01c70	0	0	full_sequence	1	0	/storage9920/home/tinghao.xia/Data_FM/RNA_FM_embeddings/1MFJ/rnafm_t12_residue_embeddings.pt
1MFK	0	A	A	1	23	c170b2174fcc1c1080a70537b3c70bd226bd2c59a559d1f2fee142a57836b697	0	0	full_sequence	1	0	/storage9920/home/tinghao.xia/Data_FM/RNA_FM_embeddings/1MFK/rnafm_t12_residue_embeddings.pt
1MFY	0	A	A	1	31	a159e244394b2f85c86a5434473a0be10bd78dc35a87bbe4ac1c98f81d3f3235	0	0	full_sequence	1	0	/storage9920/home/tinghao.xia/Data_FM/RNA_FM_embeddings/1MFY/rnafm_t12_residue_embeddings.pt
1MHK	0	S	A	1	12	53740ba949e61102cffb8701f7cafaf95d52be9ff8eae3b3534541f29baf00f0	0	0	full_sequence	1	0	/storage9920/home/tinghao.xia/Data_FM/RNA_FM_embeddings/1MHK/rnafm_t12_residue_embeddings.pt
1MHK	1	L	B	2	14	9975362eb0b574898e20df7058c4747988f1ed6c33747ea3e6a503151f56ba20	0	0	full_sequence	1	0	/storage9920/home/tinghao.xia/Data_FM/RNA_FM_embeddings/1MHK/rnafm_t12_residue_embeddings.pt
1MIS	0	A	A	1	8	29dd37701bee5c112cd55b00c57fab13355461ba47439a6bde03c66d05a4bae8	0	0	full_sequence	1	0	/storage9920/home/tinghao.xia/Data_FM/RNA_FM_embeddings/1MIS/rnafm_t12_residue_embeddings.pt
1MIS	1	B	B	1	8	29dd37701bee5c112cd55b00c57fab13355461ba47439a6bde03c66d05a4bae8	0	0	full_sequence	1	0	/storage9920/home/tinghao.xia/Data_FM/RNA_FM_embeddings/1MIS/rnafm_t12_residue_embeddings.pt
1MME	0	A	A	1	16	9ff4caa35dde795d2828a909bed84b10611cb148322d3eaa7a5b17934a170318	0	0	full_sequence	1	0	/storage9920/home/tinghao.xia/Data_FM/RNA_FM_embeddings/1MME/rnafm_t12_residue_embeddings.pt
1MME	1	C	B	1	16	9ff4caa35dde795d2828a909bed84b10611cb148322d3eaa7a5b17934a170318	0	0	full_sequence	1	0	/storage9920/home/tinghao.xia/Data_FM/RNA_FM_embeddings/1MME/rnafm_t12_residue_embeddings.pt
1MME	2	B	C	2	25	dc1f27ba554c277210dc9bb0a3eae03c609e3c6492f733273b3b382043edd07a	0	0	full_sequence	1	0	/storage9920/home/tinghao.xia/Data_FM/RNA_FM_embeddings/1MME/rnafm_t12_residue_embeddings.pt
1MME	3	D	D	2	25	dc1f27ba554c277210dc9bb0a3eae03c609e3c6492f733273b3b382043edd07a	0	0	full_sequence	1	0	/storage9920/home/tinghao.xia/Data_FM/RNA_FM_embeddings/1MME/rnafm_t12_residue_embeddings.pt
1MNX	0	A	A	1	42	c16b53d912a4f73e6603e4591fbe6de3f4b184a535ea3169789011a4d306a580	0	0	full_sequence	1	0	/storage9920/home/tinghao.xia/Data_FM/RNA_FM_embeddings/1MNX/rnafm_t12_residue_embeddings.pt
1MSY	0	A	A	1	27	67e651962acc5a2e06e3ad0d6f4913fd9b610a4142548a8e5578c8a63f4a607a	0	0	full_sequence	1	0	/storage9920/home/tinghao.xia/Data_FM/RNA_FM_embeddings/1MSY/rnafm_t12_residue_embeddings.pt
1MT4	0	A	A	1	24	41f48d00b5a6d550be40aaab6af1b4e4fd1e0b757b42c0f914a3d7be42662aa9	0	0	full_sequence	1	0	/storage9920/home/tinghao.xia/Data_FM/RNA_FM_embeddings/1MT4/rnafm_t12_residue_embeddings.pt
1MUV	0	A	A	1	9	a1e8bb56316ae650e7bf6f30e2a590033c3333aa6717cf0b283f9c8cf53cb4d7	0	0	full_sequence	1	0	/storage9920/home/tinghao.xia/Data_FM/RNA_FM_embeddings/1MUV/rnafm_t12_residue_embeddings.pt
1MUV	1	B	B	1	9	a1e8bb56316ae650e7bf6f30e2a590033c3333aa6717cf0b283f9c8cf53cb4d7	0	0	full_sequence	1	0	/storage9920/home/tinghao.xia/Data_FM/RNA_FM_embeddings/1MUV/rnafm_t12_residue_embeddings.pt
1MV1	0	A	A	1	9	a1e8bb56316ae650e7bf6f30e2a590033c3333aa6717cf0b283f9c8cf53cb4d7	0	0	full_sequence	1	0	/storage9920/home/tinghao.xia/Data_FM/RNA_FM_embeddings/1MV1/rnafm_t12_residue_embeddings.pt
1MV1	1	B	B	1	9	a1e8bb56316ae650e7bf6f30e2a590033c3333aa6717cf0b283f9c8cf53cb4d7	0	0	full_sequence	1	0	/storage9920/home/tinghao.xia/Data_FM/RNA_FM_embeddings/1MV1/rnafm_t12_residue_embeddings.pt
1MV2	0	A	A	1	9	a1e8bb56316ae650e7bf6f30e2a590033c3333aa6717cf0b283f9c8cf53cb4d7	0	0	full_sequence	1	0	/storage9920/home/tinghao.xia/Data_FM/RNA_FM_embeddings/1MV2/rnafm_t12_residue_embeddings.pt
1MV2	1	B	B	1	9	a1e8bb56316ae650e7bf6f30e2a590033c3333aa6717cf0b283f9c8cf53cb4d7	0	0	full_sequence	1	0	/storage9920/home/tinghao.xia/Data_FM/RNA_FM_embeddings/1MV2/rnafm_t12_residue_embeddings.pt
1MV6	0	A	A	1	9	a1e8bb56316ae650e7bf6f30e2a590033c3333aa6717cf0b283f9c8cf53cb4d7	0	0	full_sequence	1	0	/storage9920/home/tinghao.xia/Data_FM/RNA_FM_embeddings/1MV6/rnafm_t12_residue_embeddings.pt
1MV6	1	B	B	1	9	a1e8bb56316ae650e7bf6f30e2a590033c3333aa6717cf0b283f9c8cf53cb4d7	0	0	full_sequence	1	0	/storage9920/home/tinghao.xia/Data_FM/RNA_FM_embeddings/1MV6/rnafm_t12_residue_embeddings.pt
1MWG	0	A	A	1	8	cd6eae5fb3ad3b85e275633f6c8f9b87ab4bbca6082accc120e759968b6c8f25	0	0	full_sequence	1	0	/storage9920/home/tinghao.xia/Data_FM/RNA_FM_embeddings/1MWG/rnafm_t12_residue_embeddings.pt
1MWG	1	B	B	1	8	cd6eae5fb3ad3b85e275633f6c8f9b87ab4bbca6082accc120e759968b6c8f25	0	0	full_sequence	1	0	/storage9920/home/tinghao.xia/Data_FM/RNA_FM_embeddings/1MWG/rnafm_t12_residue_embeddings.pt
1MWL	0	A	A	1	22	38d09bdb89c38290cbded9d3f37ba1eec7080e4580e0c8949c37ed5fe81a7555	0	0	full_sequence	1	0	/storage9920/home/tinghao.xia/Data_FM/RNA_FM_embeddings/1MWL/rnafm_t12_residue_embeddings.pt
1MWL	1	B	B	1	22	38d09bdb89c38290cbded9d3f37ba1eec7080e4580e0c8949c37ed5fe81a7555	0	0	full_sequence	1	0	/storage9920/home/tinghao.xia/Data_FM/RNA_FM_embeddings/1MWL/rnafm_t12_residue_embeddings.pt
1MY9	0	A	A	1	14	876c70f686aab516d3f6506cb40db708999f106177aa84dfb2892bb111aebaa7	0	0	full_sequence	1	0	/storage9920/home/tinghao.xia/Data_FM/RNA_FM_embeddings/1MY9/rnafm_t12_residue_embeddings.pt
1MY9	1	B	B	1	14	876c70f686aab516d3f6506cb40db708999f106177aa84dfb2892bb111aebaa7	0	0	full_sequence	1	0	/storage9920/home/tinghao.xia/Data_FM/RNA_FM_embeddings/1MY9/rnafm_t12_residue_embeddings.pt
1N53	0	A	A	1	16	2424d2f208efd3b53f126c646fba7541ac2e6757e8c60b31c6d45eb146e8952c	0	0	full_sequence	1	0	/storage9920/home/tinghao.xia/Data_FM/RNA_FM_embeddings/1N53/rnafm_t12_residue_embeddings.pt
1N53	1	B	B	2	9	3f269b57d36cc258f52d5e38ec7e38a4fadad9a2b6c463f5e184b0ff1250d9c9	0	0	full_sequence	1	0	/storage9920/home/tinghao.xia/Data_FM/RNA_FM_embeddings/1N53/rnafm_t12_residue_embeddings.pt
1N66	0	A	A	1	22	ed1436aa839d16123dab1c8c0e175295f302b8997b734aff9b8a7d1203479b1b	0	0	full_sequence	1	0	/storage9920/home/tinghao.xia/Data_FM/RNA_FM_embeddings/1N66/rnafm_t12_residue_embeddings.pt
1N8X	0	A	A	1	36	c5f98782da7d47952d44982cd95e663cbe2eb66732c1d8bd397881c5a8363278	0	0	full_sequence	1	0	/storage9920/home/tinghao.xia/Data_FM/RNA_FM_embeddings/1N8X/rnafm_t12_residue_embeddings.pt
1NA2	0	A	A	1	30	54dca14ddef6b571997bc1105915b5ade90d66b3085e22cdbca7461b38038059	0	0	full_sequence	1	0	/storage9920/home/tinghao.xia/Data_FM/RNA_FM_embeddings/1NA2/rnafm_t12_residue_embeddings.pt
1NBK	0	A	A	1	34	73a71a1b0044852234a8be155cef7a13de3626cfc1768ed515dd3e46b879c8a9	0	0	full_sequence	1	0	/storage9920/home/tinghao.xia/Data_FM/RNA_FM_embeddings/1NBK/rnafm_t12_residue_embeddings.pt
1NBR	0	A	A	1	29	27a22b896afad950ef14e5c3884f09b8d6ba68e0a19906d3b36553080cd5e6ee	0	0	full_sequence	1	0	/storage9920/home/tinghao.xia/Data_FM/RNA_FM_embeddings/1NBR/rnafm_t12_residue_embeddings.pt
1NBS	0	A	A	1	155	c35eacd719d1427a0026b91d2ab9a44489e20cd0769855b47cd4f578034a3d3f	0	0	full_sequence	1	0	/storage9920/home/tinghao.xia/Data_FM/RNA_FM_embeddings/1NBS/rnafm_t12_residue_embeddings.pt
1NBS	1	B	B	1	155	c35eacd719d1427a0026b91d2ab9a44489e20cd0769855b47cd4f578034a3d3f	0	0	full_sequence	1	0	/storage9920/home/tinghao.xia/Data_FM/RNA_FM_embeddings/1NBS/rnafm_t12_residue_embeddings.pt
1NC0	0	A	A	1	24	a91fe1a2b4dfc64a7811f0b34c4532277e5dca2064237a7a623c95c4dbff4a58	0	0	full_sequence	1	0	/storage9920/home/tinghao.xia/Data_FM/RNA_FM_embeddings/1NC0/rnafm_t12_residue_embeddings.pt
1NEM	0	A	A	1	23	c19a887bb472e49b19e361391f042f89d0633790936c7f74438a54bed8dd5a1d	0	0	full_sequence	1	0	/storage9920/home/tinghao.xia/Data_FM/RNA_FM_embeddings/1NEM/rnafm_t12_residue_embeddings.pt
1NJN	0	0	A	1	2880	00422bfdbb8cd0e35f80a460dae8f3e3899183cd55c4d2440ddd6969489a2708	0	0	sliding_window_uniform_mean	4	0,766,1532,1858	/storage9920/home/tinghao.xia/Data_FM/RNA_FM_embeddings/1NJN/rnafm_t12_residue_embeddings.pt
1NJO	0	0	A	1	2880	00422bfdbb8cd0e35f80a460dae8f3e3899183cd55c4d2440ddd6969489a2708	0	0	sliding_window_uniform_mean	4	0,766,1532,1858	/storage9920/home/tinghao.xia/Data_FM/RNA_FM_embeddings/1NJO/rnafm_t12_residue_embeddings.pt
1NJO	1	5	B	2	4	5ece574546cf3b5ced6e445ba63fdb818f5ca94b09259d15e6169b20875aba8d	0	0	full_sequence	1	0	/storage9920/home/tinghao.xia/Data_FM/RNA_FM_embeddings/1NJO/rnafm_t12_residue_embeddings.pt
1NLC	0	A	A	1	23	a93538b60543481f60ddadfa9ac952f33e62dba5621f3bb9d3cf5545b8a895e3	0	0	full_sequence	1	0	/storage9920/home/tinghao.xia/Data_FM/RNA_FM_embeddings/1NLC/rnafm_t12_residue_embeddings.pt
1NLC	1	B	B	1	23	a93538b60543481f60ddadfa9ac952f33e62dba5621f3bb9d3cf5545b8a895e3	0	0	full_sequence	1	0	/storage9920/home/tinghao.xia/Data_FM/RNA_FM_embeddings/1NLC/rnafm_t12_residue_embeddings.pt
1NTA	0	A	A	1	22	775fa2195f8471fb62d6526162a97e0e7b2fc7f82240b9e458d97843a0f661ab	0	0	full_sequence	1	0	/storage9920/home/tinghao.xia/Data_FM/RNA_FM_embeddings/1NTA/rnafm_t12_residue_embeddings.pt
1NTA	1	B	B	2	18	20611477dd6ef9c8c41d0fce2b770228974e6ad109106fb7392d64bedf2db294	0	0	full_sequence	1	0	/storage9920/home/tinghao.xia/Data_FM/RNA_FM_embeddings/1NTA/rnafm_t12_residue_embeddings.pt
1NTB	0	A	A	1	22	775fa2195f8471fb62d6526162a97e0e7b2fc7f82240b9e458d97843a0f661ab	0	0	full_sequence	1	0	/storage9920/home/tinghao.xia/Data_FM/RNA_FM_embeddings/1NTB/rnafm_t12_residue_embeddings.pt
1NTB	1	B	B	2	18	20611477dd6ef9c8c41d0fce2b770228974e6ad109106fb7392d64bedf2db294	0	0	full_sequence	1	0	/storage9920/home/tinghao.xia/Data_FM/RNA_FM_embeddings/1NTB/rnafm_t12_residue_embeddings.pt
1NUJ	0	A	A	1	13	6d7520f00685e319ab58a98ad346ef20a76f1763233c26a798ec4ed0c4273722	0	0	full_sequence	1	0	/storage9920/home/tinghao.xia/Data_FM/RNA_FM_embeddings/1NUJ/rnafm_t12_residue_embeddings.pt
1NUJ	1	C	B	1	13	6d7520f00685e319ab58a98ad346ef20a76f1763233c26a798ec4ed0c4273722	0	0	full_sequence	1	0	/storage9920/home/tinghao.xia/Data_FM/RNA_FM_embeddings/1NUJ/rnafm_t12_residue_embeddings.pt
1NUJ	2	E	C	1	13	6d7520f00685e319ab58a98ad346ef20a76f1763233c26a798ec4ed0c4273722	0	0	full_sequence	1	0	/storage9920/home/tinghao.xia/Data_FM/RNA_FM_embeddings/1NUJ/rnafm_t12_residue_embeddings.pt
1NUJ	3	G	D	1	13	6d7520f00685e319ab58a98ad346ef20a76f1763233c26a798ec4ed0c4273722	0	0	full_sequence	1	0	/storage9920/home/tinghao.xia/Data_FM/RNA_FM_embeddings/1NUJ/rnafm_t12_residue_embeddings.pt
1NUJ	4	B	E	2	11	6b28e6def44609c2480ea3487d107c064f391dbb7322993eaad2729b5930244b	0	0	full_sequence	1	0	/storage9920/home/tinghao.xia/Data_FM/RNA_FM_embeddings/1NUJ/rnafm_t12_residue_embeddings.pt
1NUJ	5	D	F	2	11	6b28e6def44609c2480ea3487d107c064f391dbb7322993eaad2729b5930244b	0	0	full_sequence	1	0	/storage9920/home/tinghao.xia/Data_FM/RNA_FM_embeddings/1NUJ/rnafm_t12_residue_embeddings.pt
1NUJ	6	F	G	2	11	6b28e6def44609c2480ea3487d107c064f391dbb7322993eaad2729b5930244b	0	0	full_sequence	1	0	/storage9920/home/tinghao.xia/Data_FM/RNA_FM_embeddings/1NUJ/rnafm_t12_residue_embeddings.pt
1NUJ	7	H	H	2	11	6b28e6def44609c2480ea3487d107c064f391dbb7322993eaad2729b5930244b	0	0	full_sequence	1	0	/storage9920/home/tinghao.xia/Data_FM/RNA_FM_embeddings/1NUJ/rnafm_t12_residue_embeddings.pt
1NUV	0	A	A	1	13	6d7520f00685e319ab58a98ad346ef20a76f1763233c26a798ec4ed0c4273722	0	0	full_sequence	1	0	/storage9920/home/tinghao.xia/Data_FM/RNA_FM_embeddings/1NUV/rnafm_t12_residue_embeddings.pt
1NUV	1	C	B	1	13	6d7520f00685e319ab58a98ad346ef20a76f1763233c26a798ec4ed0c4273722	0	0	full_sequence	1	0	/storage9920/home/tinghao.xia/Data_FM/RNA_FM_embeddings/1NUV/rnafm_t12_residue_embeddings.pt
1NUV	2	E	C	1	13	6d7520f00685e319ab58a98ad346ef20a76f1763233c26a798ec4ed0c4273722	0	0	full_sequence	1	0	/storage9920/home/tinghao.xia/Data_FM/RNA_FM_embeddings/1NUV/rnafm_t12_residue_embeddings.pt
1NUV	3	G	D	1	13	6d7520f00685e319ab58a98ad346ef20a76f1763233c26a798ec4ed0c4273722	0	0	full_sequence	1	0	/storage9920/home/tinghao.xia/Data_FM/RNA_FM_embeddings/1NUV/rnafm_t12_residue_embeddings.pt
1NUV	4	B	E	2	11	6b28e6def44609c2480ea3487d107c064f391dbb7322993eaad2729b5930244b	0	0	full_sequence	1	0	/storage9920/home/tinghao.xia/Data_FM/RNA_FM_embeddings/1NUV/rnafm_t12_residue_embeddings.pt
1NUV	5	D	F	2	11	6b28e6def44609c2480ea3487d107c064f391dbb7322993eaad2729b5930244b	0	0	full_sequence	1	0	/storage9920/home/tinghao.xia/Data_FM/RNA_FM_embeddings/1NUV/rnafm_t12_residue_embeddings.pt
1NUV	6	F	G	2	11	6b28e6def44609c2480ea3487d107c064f391dbb7322993eaad2729b5930244b	0	0	full_sequence	1	0	/storage9920/home/tinghao.xia/Data_FM/RNA_FM_embeddings/1NUV/rnafm_t12_residue_embeddings.pt
1NUV	7	H	H	2	11	6b28e6def44609c2480ea3487d107c064f391dbb7322993eaad2729b5930244b	0	0	full_sequence	1	0	/storage9920/home/tinghao.xia/Data_FM/RNA_FM_embeddings/1NUV/rnafm_t12_residue_embeddings.pt
1NYI	0	A	A	1	16	9ff4caa35dde795d2828a909bed84b10611cb148322d3eaa7a5b17934a170318	0	0	full_sequence	1	0	/storage9920/home/tinghao.xia/Data_FM/RNA_FM_embeddings/1NYI/rnafm_t12_residue_embeddings.pt
1NYI	1	B	B	2	24	c0799ec4c2147ac8dbc1b845741e5ec47e5c50e8fbf78466ff176ea9c8415851	0	0	full_sequence	1	0	/storage9920/home/tinghao.xia/Data_FM/RNA_FM_embeddings/1NYI/rnafm_t12_residue_embeddings.pt
1NZ1	0	A	A	1	24	291b8161a6920c48f9fe1afcc744b13729a08a2659eda9c9af97156ff09409fc	0	0	full_sequence	1	0	/storage9920/home/tinghao.xia/Data_FM/RNA_FM_embeddings/1NZ1/rnafm_t12_residue_embeddings.pt
1O15	0	A	A	1	33	a46732703b3efe46f02790e0c2ff26fefafd27ab2e14aedf50e10a57c1a25696	0	0	full_sequence	1	0	/storage9920/home/tinghao.xia/Data_FM/RNA_FM_embeddings/1O15/rnafm_t12_residue_embeddings.pt
1O3Z	0	A	A	1	23	a93538b60543481f60ddadfa9ac952f33e62dba5621f3bb9d3cf5545b8a895e3	0	0	full_sequence	1	0	/storage9920/home/tinghao.xia/Data_FM/RNA_FM_embeddings/1O3Z/rnafm_t12_residue_embeddings.pt
1O3Z	1	B	B	1	23	a93538b60543481f60ddadfa9ac952f33e62dba5621f3bb9d3cf5545b8a895e3	0	0	full_sequence	1	0	/storage9920/home/tinghao.xia/Data_FM/RNA_FM_embeddings/1O3Z/rnafm_t12_residue_embeddings.pt
1O9M	0	A	A	1	22	38d09bdb89c38290cbded9d3f37ba1eec7080e4580e0c8949c37ed5fe81a7555	0	0	full_sequence	1	0	/storage9920/home/tinghao.xia/Data_FM/RNA_FM_embeddings/1O9M/rnafm_t12_residue_embeddings.pt
1O9M	1	B	B	1	22	38d09bdb89c38290cbded9d3f37ba1eec7080e4580e0c8949c37ed5fe81a7555	0	0	full_sequence	1	0	/storage9920/home/tinghao.xia/Data_FM/RNA_FM_embeddings/1O9M/rnafm_t12_residue_embeddings.pt
1OQ0	0	A	A	1	15	9b6856e61265f29df27ee3ac6a6338e676eded17048bfd4b9dea31be199009ae	0	0	full_sequence	1	0	/storage9920/home/tinghao.xia/Data_FM/RNA_FM_embeddings/1OQ0/rnafm_t12_residue_embeddings.pt
1OSU	0	A	A	1	6	23eac0cf22b0c68a5042b8709cb04ea4e38d015934da6598c83985d5506ab3df	0	0	full_sequence	1	0	/storage9920/home/tinghao.xia/Data_FM/RNA_FM_embeddings/1OSU/rnafm_t12_residue_embeddings.pt
1OSW	0	A	A	1	23	c97314fb065bd5eb3d67a1e98c7d9d0f51ce5821edf370fc8ae8d7c439be7381	0	0	full_sequence	1	0	/storage9920/home/tinghao.xia/Data_FM/RNA_FM_embeddings/1OSW/rnafm_t12_residue_embeddings.pt
1OW9	0	A	A	1	23	990f2d560214dd3e2c494004ed23fadb0f4eaba5f4011bab28e0125d0a16fe64	0	0	full_sequence	1	0	/storage9920/home/tinghao.xia/Data_FM/RNA_FM_embeddings/1OW9/rnafm_t12_residue_embeddings.pt
1P5M	0	A	A	1	55	1d2bcbceaeea581dae85abc4cddbcb581f541eac967ed045209ab8e3bb08d4c8	0	0	full_sequence	1	0	/storage9920/home/tinghao.xia/Data_FM/RNA_FM_embeddings/1P5M/rnafm_t12_residue_embeddings.pt
1P5N	0	A	A	1	34	38e238585ad0504fcf48cd6fcfc1ce97dedf52e58d23d2517e3400f49e8e3c96	0	0	full_sequence	1	0	/storage9920/home/tinghao.xia/Data_FM/RNA_FM_embeddings/1P5N/rnafm_t12_residue_embeddings.pt
1P5O	0	A	A	1	77	4d91ab7aaa2d22e8ad746be3dc974822c4315cc66ac12b926b3c806102670a66	0	0	full_sequence	1	0	/storage9920/home/tinghao.xia/Data_FM/RNA_FM_embeddings/1P5O/rnafm_t12_residue_embeddings.pt
1P5P	0	A	A	1	77	4d91ab7aaa2d22e8ad746be3dc974822c4315cc66ac12b926b3c806102670a66	0	0	full_sequence	1	0	/storage9920/home/tinghao.xia/Data_FM/RNA_FM_embeddings/1P5P/rnafm_t12_residue_embeddings.pt
1P79	0	A	A	1	6	4381453f3304f887db1c985d956c45524cdade3aa3cebe05d94f59ef74e28f3b	0	0	full_sequence	1	0	/storage9920/home/tinghao.xia/Data_FM/RNA_FM_embeddings/1P79/rnafm_t12_residue_embeddings.pt
1P9X	0	0	A	1	2880	00422bfdbb8cd0e35f80a460dae8f3e3899183cd55c4d2440ddd6969489a2708	0	0	sliding_window_uniform_mean	4	0,766,1532,1858	/storage9920/home/tinghao.xia/Data_FM/RNA_FM_embeddings/1P9X/rnafm_t12_residue_embeddings.pt
1PBL	0	A	A	1	6	d4bbb3df5dc0087e74b0c761cefd10b2550aaadba26d011e1730d05ed0285b0f	0	0	full_sequence	1	0	/storage9920/home/tinghao.xia/Data_FM/RNA_FM_embeddings/1PBL/rnafm_t12_residue_embeddings.pt
1PBL	1	B	B	1	6	d4bbb3df5dc0087e74b0c761cefd10b2550aaadba26d011e1730d05ed0285b0f	0	0	full_sequence	1	0	/storage9920/home/tinghao.xia/Data_FM/RNA_FM_embeddings/1PBL/rnafm_t12_residue_embeddings.pt
1PBM	0	A	A	1	6	d4bbb3df5dc0087e74b0c761cefd10b2550aaadba26d011e1730d05ed0285b0f	0	0	full_sequence	1	0	/storage9920/home/tinghao.xia/Data_FM/RNA_FM_embeddings/1PBM/rnafm_t12_residue_embeddings.pt
1PBM	1	B	B	1	6	d4bbb3df5dc0087e74b0c761cefd10b2550aaadba26d011e1730d05ed0285b0f	0	0	full_sequence	1	0	/storage9920/home/tinghao.xia/Data_FM/RNA_FM_embeddings/1PBM/rnafm_t12_residue_embeddings.pt
1PBR	0	A	A	1	27	bbdab9cde9655d13304e9bbf2ad29392e5c6e58541cc9dc473f29b7b529f1eed	0	0	full_sequence	1	0	/storage9920/home/tinghao.xia/Data_FM/RNA_FM_embeddings/1PBR/rnafm_t12_residue_embeddings.pt
1PJY	0	A	A	1	22	8dfe0b749fca6da4607650b8a539d6aa9033a3989e6c27617babeee5bc0efec4	0	0	full_sequence	1	0	/storage9920/home/tinghao.xia/Data_FM/RNA_FM_embeddings/1PJY/rnafm_t12_residue_embeddings.pt
1Q29	0	A	A	1	17	ce859e842aa6fad89454ed72adcb9c2dd39ccab2d30d81091e7c8fa810bb22e0	0	0	full_sequence	1	0	/storage9920/home/tinghao.xia/Data_FM/RNA_FM_embeddings/1Q29/rnafm_t12_residue_embeddings.pt
1Q29	1	B	B	2	24	c0799ec4c2147ac8dbc1b845741e5ec47e5c50e8fbf78466ff176ea9c8415851	0	0	full_sequence	1	0	/storage9920/home/tinghao.xia/Data_FM/RNA_FM_embeddings/1Q29/rnafm_t12_residue_embeddings.pt
1Q75	0	A	A	1	15	3b6da834e1b6a50e6579323cba25543b9d0bb1f0dbd8faf887cd7c2b795a1437	0	0	full_sequence	1	0	/storage9920/home/tinghao.xia/Data_FM/RNA_FM_embeddings/1Q75/rnafm_t12_residue_embeddings.pt
1Q8N	0	A	A	1	38	c67ca09a644d991f4a901efe5479d8c5148e0a2089a7ddec1e11bdbbdb0b6258	0	0	full_sequence	1	0	/storage9920/home/tinghao.xia/Data_FM/RNA_FM_embeddings/1Q8N/rnafm_t12_residue_embeddings.pt
1Q93	0	A	A	1	27	6e8a0ec9624a2874553c19ffc6e71fdca28d5c0032244f2485c71b3bcf636424	0	0	full_sequence	1	0	/storage9920/home/tinghao.xia/Data_FM/RNA_FM_embeddings/1Q93/rnafm_t12_residue_embeddings.pt
1Q93	1	B	B	1	27	6e8a0ec9624a2874553c19ffc6e71fdca28d5c0032244f2485c71b3bcf636424	0	0	full_sequence	1	0	/storage9920/home/tinghao.xia/Data_FM/RNA_FM_embeddings/1Q93/rnafm_t12_residue_embeddings.pt
1Q93	2	C	C	1	27	6e8a0ec9624a2874553c19ffc6e71fdca28d5c0032244f2485c71b3bcf636424	0	0	full_sequence	1	0	/storage9920/home/tinghao.xia/Data_FM/RNA_FM_embeddings/1Q93/rnafm_t12_residue_embeddings.pt
1Q96	0	A	A	1	27	510db062463ef010d16784df38681a8e9cdbd98ca58f2f71c2a29b3403ea42b1	0	0	full_sequence	1	0	/storage9920/home/tinghao.xia/Data_FM/RNA_FM_embeddings/1Q96/rnafm_t12_residue_embeddings.pt
1Q96	1	B	B	1	27	510db062463ef010d16784df38681a8e9cdbd98ca58f2f71c2a29b3403ea42b1	0	0	full_sequence	1	0	/storage9920/home/tinghao.xia/Data_FM/RNA_FM_embeddings/1Q96/rnafm_t12_residue_embeddings.pt
1Q96	2	C	C	1	27	510db062463ef010d16784df38681a8e9cdbd98ca58f2f71c2a29b3403ea42b1	0	0	full_sequence	1	0	/storage9920/home/tinghao.xia/Data_FM/RNA_FM_embeddings/1Q96/rnafm_t12_residue_embeddings.pt
1Q9A	0	A	A	1	27	ef84716ab732e929d6b5daa79f8adf9bb4d157a50f3f8afa7abbf35283f18da8	0	0	full_sequence	1	0	/storage9920/home/tinghao.xia/Data_FM/RNA_FM_embeddings/1Q9A/rnafm_t12_residue_embeddings.pt
1QBP	0	A	A	1	15	3b8fb595ecfbf4ef20599bab51dde34ce753b37e293e3e685cbab05036f9fd79	0	0	full_sequence	1	0	/storage9920/home/tinghao.xia/Data_FM/RNA_FM_embeddings/1QBP/rnafm_t12_residue_embeddings.pt
1QBP	1	B	B	1	15	3b8fb595ecfbf4ef20599bab51dde34ce753b37e293e3e685cbab05036f9fd79	0	0	full_sequence	1	0	/storage9920/home/tinghao.xia/Data_FM/RNA_FM_embeddings/1QBP/rnafm_t12_residue_embeddings.pt
1QBP	2	C	C	1	15	3b8fb595ecfbf4ef20599bab51dde34ce753b37e293e3e685cbab05036f9fd79	0	0	full_sequence	1	0	/storage9920/home/tinghao.xia/Data_FM/RNA_FM_embeddings/1QBP/rnafm_t12_residue_embeddings.pt
1QBP	3	D	D	1	15	3b8fb595ecfbf4ef20599bab51dde34ce753b37e293e3e685cbab05036f9fd79	0	0	full_sequence	1	0	/storage9920/home/tinghao.xia/Data_FM/RNA_FM_embeddings/1QBP/rnafm_t12_residue_embeddings.pt
1QBP	4	E	E	1	15	3b8fb595ecfbf4ef20599bab51dde34ce753b37e293e3e685cbab05036f9fd79	0	0	full_sequence	1	0	/storage9920/home/tinghao.xia/Data_FM/RNA_FM_embeddings/1QBP/rnafm_t12_residue_embeddings.pt
1QBP	5	F	F	1	15	3b8fb595ecfbf4ef20599bab51dde34ce753b37e293e3e685cbab05036f9fd79	0	0	full_sequence	1	0	/storage9920/home/tinghao.xia/Data_FM/RNA_FM_embeddings/1QBP/rnafm_t12_residue_embeddings.pt
1QC0	0	A	A	1	9	1c27c4b2a13f86f408161142df78b768a24c90de1e36b3eb8d2a434c61e22cc6	0	0	full_sequence	1	0	/storage9920/home/tinghao.xia/Data_FM/RNA_FM_embeddings/1QC0/rnafm_t12_residue_embeddings.pt
1QC0	1	B	B	2	10	3d570888521a7862d10ed1d7d6daac1dfe14477c9e6f6fec526fdba97a268be5	0	0	full_sequence	1	0	/storage9920/home/tinghao.xia/Data_FM/RNA_FM_embeddings/1QC0/rnafm_t12_residue_embeddings.pt
1QC0	2	C	C	3	19	b3875afac096a313257b5273184cced2b33aacfbdd2fd955df59727d37a6a73e	0	0	full_sequence	1	0	/storage9920/home/tinghao.xia/Data_FM/RNA_FM_embeddings/1QC0/rnafm_t12_residue_embeddings.pt
1QC0	3	D	D	4	19	e9d95a66f53279236753b730e793e9f7cb0f5d84a062249da4150f1592ccd0f1	0	0	full_sequence	1	0	/storage9920/home/tinghao.xia/Data_FM/RNA_FM_embeddings/1QC0/rnafm_t12_residue_embeddings.pt
1QC8	0	A	A	1	25	e35c8599c960a450716afb747ebb69b6d583c092880ea8d95fd4673058cd4d7a	0	0	full_sequence	1	0	/storage9920/home/tinghao.xia/Data_FM/RNA_FM_embeddings/1QC8/rnafm_t12_residue_embeddings.pt
1QCU	0	A	A	1	11	bfbe6eca4a7c1b7991b7cf28f46cf7b16d38b0a9caf596e6deabb2e957a760d3	0	0	full_sequence	1	0	/storage9920/home/tinghao.xia/Data_FM/RNA_FM_embeddings/1QCU/rnafm_t12_residue_embeddings.pt
1QCU	1	D	B	1	11	bfbe6eca4a7c1b7991b7cf28f46cf7b16d38b0a9caf596e6deabb2e957a760d3	0	0	full_sequence	1	0	/storage9920/home/tinghao.xia/Data_FM/RNA_FM_embeddings/1QCU/rnafm_t12_residue_embeddings.pt
1QCU	2	B	C	2	11	60685b3fce10ddfa4cf8f5eb920f0a7045ae42c8fa00153ea6dc9c79581396c6	0	0	full_sequence	1	0	/storage9920/home/tinghao.xia/Data_FM/RNA_FM_embeddings/1QCU/rnafm_t12_residue_embeddings.pt
1QCU	3	C	D	2	11	60685b3fce10ddfa4cf8f5eb920f0a7045ae42c8fa00153ea6dc9c79581396c6	0	0	full_sequence	1	0	/storage9920/home/tinghao.xia/Data_FM/RNA_FM_embeddings/1QCU/rnafm_t12_residue_embeddings.pt
1QD3	0	A	A	1	29	ab4885a8194d3d9afc9ffc032c1b09f16322031c32aa27a9277c5205137f871b	0	0	full_sequence	1	0	/storage9920/home/tinghao.xia/Data_FM/RNA_FM_embeddings/1QD3/rnafm_t12_residue_embeddings.pt
1QES	0	A	A	1	8	70e7fc068669bdb1cfd74cec117536ed17984d43e42df128c8992d46a693f356	0	0	full_sequence	1	0	/storage9920/home/tinghao.xia/Data_FM/RNA_FM_embeddings/1QES/rnafm_t12_residue_embeddings.pt
1QES	1	B	B	1	8	70e7fc068669bdb1cfd74cec117536ed17984d43e42df128c8992d46a693f356	0	0	full_sequence	1	0	/storage9920/home/tinghao.xia/Data_FM/RNA_FM_embeddings/1QES/rnafm_t12_residue_embeddings.pt
1QET	0	A	A	1	8	411cba8d551e2c224f3bf227e0a049840bf92b71ddd2d3560b85bc93cfb10255	0	0	full_sequence	1	0	/storage9920/home/tinghao.xia/Data_FM/RNA_FM_embeddings/1QET/rnafm_t12_residue_embeddings.pt
1QET	1	B	B	1	8	411cba8d551e2c224f3bf227e0a049840bf92b71ddd2d3560b85bc93cfb10255	0	0	full_sequence	1	0	/storage9920/home/tinghao.xia/Data_FM/RNA_FM_embeddings/1QET/rnafm_t12_residue_embeddings.pt
1QWA	0	A	A	1	21	c4fe77a61bbbad94620918e7d6d42d9dd091bdba452232447613ae78e39d5171	0	0	full_sequence	1	0	/storage9920/home/tinghao.xia/Data_FM/RNA_FM_embeddings/1QWA/rnafm_t12_residue_embeddings.pt
1QWB	0	A	A	1	26	cb5be543f0698b8a87d31c0dba4d4be540c913eb8005749acefcc3333e8c87cf	0	0	full_sequence	1	0	/storage9920/home/tinghao.xia/Data_FM/RNA_FM_embeddings/1QWB/rnafm_t12_residue_embeddings.pt
1QZA	0	B	A	1	75	22ddcd07ce914bd97f98815170f45093ed0e95543b4daaf2c817770de7fc0d14	0	0	full_sequence	1	0	/storage9920/home/tinghao.xia/Data_FM/RNA_FM_embeddings/1QZA/rnafm_t12_residue_embeddings.pt
1QZB	0	B	A	1	76	28890de0dd2033379fabebc7165a219d6092ad9bbadc77f4c7528be78963ca0b	0	0	full_sequence	1	0	/storage9920/home/tinghao.xia/Data_FM/RNA_FM_embeddings/1QZB/rnafm_t12_residue_embeddings.pt
1R2P	0	A	A	1	34	4789ed8d7ac802d988e4b26e82d1cb56ce676c163c9e7dce7eb16b1c5ec5b324	0	0	full_sequence	1	0	/storage9920/home/tinghao.xia/Data_FM/RNA_FM_embeddings/1R2P/rnafm_t12_residue_embeddings.pt
1R3O	0	A	A	1	8	7105b796103ce9b418783d61f397dea1182e29260803c1220c0fca7830cb1223	0	0	full_sequence	1	0	/storage9920/home/tinghao.xia/Data_FM/RNA_FM_embeddings/1R3O/rnafm_t12_residue_embeddings.pt
1R3O	1	C	B	1	8	7105b796103ce9b418783d61f397dea1182e29260803c1220c0fca7830cb1223	0	0	full_sequence	1	0	/storage9920/home/tinghao.xia/Data_FM/RNA_FM_embeddings/1R3O/rnafm_t12_residue_embeddings.pt
1R3O	2	B	C	2	8	c436a8b480d440fd32b7040fa6ac7e7693aa503ef65cfd457de46f7f71fd6583	0	0	full_sequence	1	0	/storage9920/home/tinghao.xia/Data_FM/RNA_FM_embeddings/1R3O/rnafm_t12_residue_embeddings.pt
1R3O	3	D	D	2	8	c436a8b480d440fd32b7040fa6ac7e7693aa503ef65cfd457de46f7f71fd6583	0	0	full_sequence	1	0	/storage9920/home/tinghao.xia/Data_FM/RNA_FM_embeddings/1R3O/rnafm_t12_residue_embeddings.pt
1R4H	0	A	A	1	10	7887d667ae93559b06f383254701055a68e966fd99bb35af6c1a9880940f208a	0	0	full_sequence	1	0	/storage9920/home/tinghao.xia/Data_FM/RNA_FM_embeddings/1R4H/rnafm_t12_residue_embeddings.pt
1R7W	0	A	A	1	34	b586ab753369d3789c44269c516da65913f7c54ba8334c506aed4cdac711b932	0	0	full_sequence	1	0	/storage9920/home/tinghao.xia/Data_FM/RNA_FM_embeddings/1R7W/rnafm_t12_residue_embeddings.pt
1R7Z	0	A	A	1	34	596ff8aa596eae45bf8e75da4fc6505e83910c4ba56c198f8a44bf707186ea2e	0	0	full_sequence	1	0	/storage9920/home/tinghao.xia/Data_FM/RNA_FM_embeddings/1R7Z/rnafm_t12_residue_embeddings.pt
1RAU	0	A	A	1	6	aa5a52291e99d55aeb9a8a1a113ec8edfb9a8a50881613e21abeda4d988e5f55	0	0	full_sequence	1	0	/storage9920/home/tinghao.xia/Data_FM/RNA_FM_embeddings/1RAU/rnafm_t12_residue_embeddings.pt
1RAU	1	B	B	1	6	aa5a52291e99d55aeb9a8a1a113ec8edfb9a8a50881613e21abeda4d988e5f55	0	0	full_sequence	1	0	/storage9920/home/tinghao.xia/Data_FM/RNA_FM_embeddings/1RAU/rnafm_t12_residue_embeddings.pt
1RAU	2	C	C	1	6	aa5a52291e99d55aeb9a8a1a113ec8edfb9a8a50881613e21abeda4d988e5f55	0	0	full_sequence	1	0	/storage9920/home/tinghao.xia/Data_FM/RNA_FM_embeddings/1RAU/rnafm_t12_residue_embeddings.pt
1RAU	3	D	D	1	6	aa5a52291e99d55aeb9a8a1a113ec8edfb9a8a50881613e21abeda4d988e5f55	0	0	full_sequence	1	0	/storage9920/home/tinghao.xia/Data_FM/RNA_FM_embeddings/1RAU/rnafm_t12_residue_embeddings.pt
1RAW	0	A	A	1	36	3d0eded6068ca020c42fc8dc571a6607a136f458a63bbe66a5d80090e8a3bad0	0	0	full_sequence	1	0	/storage9920/home/tinghao.xia/Data_FM/RNA_FM_embeddings/1RAW/rnafm_t12_residue_embeddings.pt
1RFR	0	A	A	1	30	4e178a82602f8c6893c6673d96cc41bc50703c7ff4f9906d023e05a4644ccf54	0	0	full_sequence	1	0	/storage9920/home/tinghao.xia/Data_FM/RNA_FM_embeddings/1RFR/rnafm_t12_residue_embeddings.pt
1RHT	0	A	A	1	24	5ca76db3035e308a6febaa054c78c3d215577a7eeb6b9d5478dc41e3d23a0a06	0	0	full_sequence	1	0	/storage9920/home/tinghao.xia/Data_FM/RNA_FM_embeddings/1RHT/rnafm_t12_residue_embeddings.pt
1RMN	0	A	A	1	49	415fa461bd67e2fc9ffe3f763e85a22eb53916839997ddc7b2b243df2273dbc4	0	0	full_sequence	1	0	/storage9920/home/tinghao.xia/Data_FM/RNA_FM_embeddings/1RMN/rnafm_t12_residue_embeddings.pt
1RNA	0	A	A	1	14	e79dc4e090feb481565a85ab7398ff0ad484dfe76dee7fbd4cc04bbb744ee937	0	0	full_sequence	1	0	/storage9920/home/tinghao.xia/Data_FM/RNA_FM_embeddings/1RNA/rnafm_t12_residue_embeddings.pt
1RNA	1	B	B	1	14	e79dc4e090feb481565a85ab7398ff0ad484dfe76dee7fbd4cc04bbb744ee937	0	0	full_sequence	1	0	/storage9920/home/tinghao.xia/Data_FM/RNA_FM_embeddings/1RNA/rnafm_t12_residue_embeddings.pt
1RNG	0	A	A	1	12	94c565cbe400e18ab76c2052f3709e4106c3bf888831d5e29c43844b87cfcf1e	0	0	full_sequence	1	0	/storage9920/home/tinghao.xia/Data_FM/RNA_FM_embeddings/1RNG/rnafm_t12_residue_embeddings.pt
1RNK	0	A	A	1	34	215a17f3c5b179ea9b28d018a5547039a2c98b7ec85054eaafa08f6f0b31b415	0	0	full_sequence	1	0	/storage9920/home/tinghao.xia/Data_FM/RNA_FM_embeddings/1RNK/rnafm_t12_residue_embeddings.pt
1ROQ	0	A	A	1	14	3fd70cb11f213d7b38c982d8ea4dd984c59b32cd53495d56dc5b311a2bb9e956	0	0	full_sequence	1	0	/storage9920/home/tinghao.xia/Data_FM/RNA_FM_embeddings/1ROQ/rnafm_t12_residue_embeddings.pt
1RRR	0	A	A	1	10	6cdd3098020d6e0298798bf5228dd1a481013e4aa37a05eacd8636ef39b99535	0	0	full_sequence	1	0	/storage9920/home/tinghao.xia/Data_FM/RNA_FM_embeddings/1RRR/rnafm_t12_residue_embeddings.pt
1RRR	1	B	B	2	10	d6b65183df2ab83d0edfa97c5856bd32d14542db6fa93cd12e590bf226034c98	0	0	full_sequence	1	0	/storage9920/home/tinghao.xia/Data_FM/RNA_FM_embeddings/1RRR/rnafm_t12_residue_embeddings.pt
1RXA	0	A	A	1	8	2be16092ec3f640bed0b8f048a3c36de8b4ea1f2c6971ed410b3f2559e3bfcf0	0	0	full_sequence	1	0	/storage9920/home/tinghao.xia/Data_FM/RNA_FM_embeddings/1RXA/rnafm_t12_residue_embeddings.pt
1RXB	0	A	A	1	8	2be16092ec3f640bed0b8f048a3c36de8b4ea1f2c6971ed410b3f2559e3bfcf0	0	0	full_sequence	1	0	/storage9920/home/tinghao.xia/Data_FM/RNA_FM_embeddings/1RXB/rnafm_t12_residue_embeddings.pt
1RXB	1	B	B	1	8	2be16092ec3f640bed0b8f048a3c36de8b4ea1f2c6971ed410b3f2559e3bfcf0	0	0	full_sequence	1	0	/storage9920/home/tinghao.xia/Data_FM/RNA_FM_embeddings/1RXB/rnafm_t12_residue_embeddings.pt
1S2F	0	A	A	1	23	a8adb72355c6ac452873f9e9208149325bc0626af87a55bc1419a8ff7e2039c7	0	0	full_sequence	1	0	/storage9920/home/tinghao.xia/Data_FM/RNA_FM_embeddings/1S2F/rnafm_t12_residue_embeddings.pt
1S34	0	A	A	1	23	a8adb72355c6ac452873f9e9208149325bc0626af87a55bc1419a8ff7e2039c7	0	0	full_sequence	1	0	/storage9920/home/tinghao.xia/Data_FM/RNA_FM_embeddings/1S34/rnafm_t12_residue_embeddings.pt
1S9L	0	A	A	1	5	1076d8ac86c1130c7db64756597450cd4c428f028223b98799a54ac7bca4f4cd	0	0	full_sequence	1	0	/storage9920/home/tinghao.xia/Data_FM/RNA_FM_embeddings/1S9L/rnafm_t12_residue_embeddings.pt
1S9L	1	B	B	1	5	1076d8ac86c1130c7db64756597450cd4c428f028223b98799a54ac7bca4f4cd	0	0	full_sequence	1	0	/storage9920/home/tinghao.xia/Data_FM/RNA_FM_embeddings/1S9L/rnafm_t12_residue_embeddings.pt
1S9L	2	C	C	1	5	1076d8ac86c1130c7db64756597450cd4c428f028223b98799a54ac7bca4f4cd	0	0	full_sequence	1	0	/storage9920/home/tinghao.xia/Data_FM/RNA_FM_embeddings/1S9L/rnafm_t12_residue_embeddings.pt
1S9L	3	D	D	1	5	1076d8ac86c1130c7db64756597450cd4c428f028223b98799a54ac7bca4f4cd	0	0	full_sequence	1	0	/storage9920/home/tinghao.xia/Data_FM/RNA_FM_embeddings/1S9L/rnafm_t12_residue_embeddings.pt
1S9S	0	A	A	1	101	44dd1724f5e565910b00547e4b4c3a57fbd5c23ff2cb1f2ce8cb3e127cd967e3	0	0	full_sequence	1	0	/storage9920/home/tinghao.xia/Data_FM/RNA_FM_embeddings/1S9S/rnafm_t12_residue_embeddings.pt
1SA9	0	A	A	1	8	e13e794e7187ded44d2563742cb8d311a6d6a8a0c244a2c2c0f0856f1496d901	0	0	full_sequence	1	0	/storage9920/home/tinghao.xia/Data_FM/RNA_FM_embeddings/1SA9/rnafm_t12_residue_embeddings.pt
1SA9	1	B	B	1	8	e13e794e7187ded44d2563742cb8d311a6d6a8a0c244a2c2c0f0856f1496d901	0	0	full_sequence	1	0	/storage9920/home/tinghao.xia/Data_FM/RNA_FM_embeddings/1SA9/rnafm_t12_residue_embeddings.pt
1SA9	2	C	C	1	8	e13e794e7187ded44d2563742cb8d311a6d6a8a0c244a2c2c0f0856f1496d901	0	0	full_sequence	1	0	/storage9920/home/tinghao.xia/Data_FM/RNA_FM_embeddings/1SA9/rnafm_t12_residue_embeddings.pt
1SA9	3	D	D	1	8	e13e794e7187ded44d2563742cb8d311a6d6a8a0c244a2c2c0f0856f1496d901	0	0	full_sequence	1	0	/storage9920/home/tinghao.xia/Data_FM/RNA_FM_embeddings/1SA9/rnafm_t12_residue_embeddings.pt
1SA9	4	E	E	1	8	e13e794e7187ded44d2563742cb8d311a6d6a8a0c244a2c2c0f0856f1496d901	0	0	full_sequence	1	0	/storage9920/home/tinghao.xia/Data_FM/RNA_FM_embeddings/1SA9/rnafm_t12_residue_embeddings.pt
1SAQ	0	A	A	1	8	ac6b382cc7bbbe2ab702947f9cfada4cd26d13465a92902edeb5f53fed94e257	1	1	full_sequence	1	0	/storage9920/home/tinghao.xia/Data_FM/RNA_FM_embeddings/1SAQ/rnafm_t12_residue_embeddings.pt
1SAQ	1	B	B	1	8	ac6b382cc7bbbe2ab702947f9cfada4cd26d13465a92902edeb5f53fed94e257	1	1	full_sequence	1	0	/storage9920/home/tinghao.xia/Data_FM/RNA_FM_embeddings/1SAQ/rnafm_t12_residue_embeddings.pt
1SAQ	2	C	C	1	8	ac6b382cc7bbbe2ab702947f9cfada4cd26d13465a92902edeb5f53fed94e257	1	1	full_sequence	1	0	/storage9920/home/tinghao.xia/Data_FM/RNA_FM_embeddings/1SAQ/rnafm_t12_residue_embeddings.pt
1SAQ	3	D	D	1	8	ac6b382cc7bbbe2ab702947f9cfada4cd26d13465a92902edeb5f53fed94e257	1	1	full_sequence	1	0	/storage9920/home/tinghao.xia/Data_FM/RNA_FM_embeddings/1SAQ/rnafm_t12_residue_embeddings.pt
1SAQ	4	E	E	1	8	ac6b382cc7bbbe2ab702947f9cfada4cd26d13465a92902edeb5f53fed94e257	1	1	full_sequence	1	0	/storage9920/home/tinghao.xia/Data_FM/RNA_FM_embeddings/1SAQ/rnafm_t12_residue_embeddings.pt
1SCL	0	A	A	1	29	adc5e0ee2c05f122192b1d21d988908aad3a7d468a901517a8fcd6701e165843	0	0	full_sequence	1	0	/storage9920/home/tinghao.xia/Data_FM/RNA_FM_embeddings/1SCL/rnafm_t12_residue_embeddings.pt
1SDR	0	A	A	1	12	20ae821ca0c9d538d9ab790744156e440b21b4691a3961012ff6ad96ff4523b5	0	0	full_sequence	1	0	/storage9920/home/tinghao.xia/Data_FM/RNA_FM_embeddings/1SDR/rnafm_t12_residue_embeddings.pt
1SDR	1	C	B	1	12	20ae821ca0c9d538d9ab790744156e440b21b4691a3961012ff6ad96ff4523b5	0	0	full_sequence	1	0	/storage9920/home/tinghao.xia/Data_FM/RNA_FM_embeddings/1SDR/rnafm_t12_residue_embeddings.pt
1SDR	2	B	C	2	12	856b98e460b16c7511648e2b74dcdac1130c0d89b9e3935a65bc139987836411	0	0	full_sequence	1	0	/storage9920/home/tinghao.xia/Data_FM/RNA_FM_embeddings/1SDR/rnafm_t12_residue_embeddings.pt
1SDR	3	D	D	2	12	856b98e460b16c7511648e2b74dcdac1130c0d89b9e3935a65bc139987836411	0	0	full_sequence	1	0	/storage9920/home/tinghao.xia/Data_FM/RNA_FM_embeddings/1SDR/rnafm_t12_residue_embeddings.pt
1SLO	0	A	A	1	19	a60993b54e7f8598166664325a0f898b3aa25ed91db9743d12c97dd534edd8de	0	0	full_sequence	1	0	/storage9920/home/tinghao.xia/Data_FM/RNA_FM_embeddings/1SLO/rnafm_t12_residue_embeddings.pt
1SLP	0	A	A	1	19	a60993b54e7f8598166664325a0f898b3aa25ed91db9743d12c97dd534edd8de	0	0	full_sequence	1	0	/storage9920/home/tinghao.xia/Data_FM/RNA_FM_embeddings/1SLP/rnafm_t12_residue_embeddings.pt
1SY4	0	A	A	1	24	291b8161a6920c48f9fe1afcc744b13729a08a2659eda9c9af97156ff09409fc	0	0	full_sequence	1	0	/storage9920/home/tinghao.xia/Data_FM/RNA_FM_embeddings/1SY4/rnafm_t12_residue_embeddings.pt
1SYZ	0	A	A	1	24	291b8161a6920c48f9fe1afcc744b13729a08a2659eda9c9af97156ff09409fc	0	0	full_sequence	1	0	/storage9920/home/tinghao.xia/Data_FM/RNA_FM_embeddings/1SYZ/rnafm_t12_residue_embeddings.pt
1SZY	0	A	A	1	21	0644a2bdf9e6d74b6e017e4c5787f2ffae65334a1064e1ce2f9ec728f090d039	0	0	full_sequence	1	0	/storage9920/home/tinghao.xia/Data_FM/RNA_FM_embeddings/1SZY/rnafm_t12_residue_embeddings.pt
1T0D	0	A	A	1	17	ebddea66db5edd4332933cb3cd0a479a9c3facaacb8c4e15c5a60e1e16a1f971	0	0	full_sequence	1	0	/storage9920/home/tinghao.xia/Data_FM/RNA_FM_embeddings/1T0D/rnafm_t12_residue_embeddings.pt
1T0D	1	C	B	1	17	ebddea66db5edd4332933cb3cd0a479a9c3facaacb8c4e15c5a60e1e16a1f971	0	0	full_sequence	1	0	/storage9920/home/tinghao.xia/Data_FM/RNA_FM_embeddings/1T0D/rnafm_t12_residue_embeddings.pt
1T0D	2	B	C	2	16	2b687fe3bfa0b40b71f1586569b05b56b06e324e55816d6d3cef0e9c4c6c9a62	0	0	full_sequence	1	0	/storage9920/home/tinghao.xia/Data_FM/RNA_FM_embeddings/1T0D/rnafm_t12_residue_embeddings.pt
1T0D	3	D	D	2	16	2b687fe3bfa0b40b71f1586569b05b56b06e324e55816d6d3cef0e9c4c6c9a62	0	0	full_sequence	1	0	/storage9920/home/tinghao.xia/Data_FM/RNA_FM_embeddings/1T0D/rnafm_t12_residue_embeddings.pt
1T0E	0	A	A	1	18	8dbbc22d86a408592799181b8985893622b5cfefc91d546cef2ae580b600468e	0	0	full_sequence	1	0	/storage9920/home/tinghao.xia/Data_FM/RNA_FM_embeddings/1T0E/rnafm_t12_residue_embeddings.pt
1T0E	1	C	B	2	17	963630490af1bbe4db8b593915c1fa1f2cd37a22324fe06b18794fa8d83ef709	0	0	full_sequence	1	0	/storage9920/home/tinghao.xia/Data_FM/RNA_FM_embeddings/1T0E/rnafm_t12_residue_embeddings.pt
1T1O	0	A	A	1	12	59ee9dae28c9d7eaea7d7f91dedc1582e5bb7130fca7a572a03e2854423c406e	0	0	full_sequence	1	0	/storage9920/home/tinghao.xia/Data_FM/RNA_FM_embeddings/1T1O/rnafm_t12_residue_embeddings.pt
1T1O	1	B	B	2	19	187d2df096bdad860e9208a2dcd1f4933356d0c39c2ac815d9823545eda9590b	0	0	full_sequence	1	0	/storage9920/home/tinghao.xia/Data_FM/RNA_FM_embeddings/1T1O/rnafm_t12_residue_embeddings.pt
1T1O	2	C	C	3	42	a914174a94a96540d497220b3059c22a9a789f8d495e9476afd158c682347f07	0	0	full_sequence	1	0	/storage9920/home/tinghao.xia/Data_FM/RNA_FM_embeddings/1T1O/rnafm_t12_residue_embeddings.pt
1T28	0	A	A	1	34	31b74e961af304a76bfae499e50ed4c695040d9b80fc8f3eacb82b6468bbcbf4	0	0	full_sequence	1	0	/storage9920/home/tinghao.xia/Data_FM/RNA_FM_embeddings/1T28/rnafm_t12_residue_embeddings.pt
1T4X	0	A	A	1	6	d4bbb3df5dc0087e74b0c761cefd10b2550aaadba26d011e1730d05ed0285b0f	0	0	full_sequence	1	0	/storage9920/home/tinghao.xia/Data_FM/RNA_FM_embeddings/1T4X/rnafm_t12_residue_embeddings.pt
1T4X	1	B	B	1	6	d4bbb3df5dc0087e74b0c761cefd10b2550aaadba26d011e1730d05ed0285b0f	0	0	full_sequence	1	0	/storage9920/home/tinghao.xia/Data_FM/RNA_FM_embeddings/1T4X/rnafm_t12_residue_embeddings.pt
1TBK	0	A	A	1	17	6b0451cc24f204c2149338f4bedb7a5f82ecece0ecceac91fe8447ca9124c227	0	0	full_sequence	1	0	/storage9920/home/tinghao.xia/Data_FM/RNA_FM_embeddings/1TBK/rnafm_t12_residue_embeddings.pt
1TFN	0	A	A	1	24	5ca76db3035e308a6febaa054c78c3d215577a7eeb6b9d5478dc41e3d23a0a06	0	0	full_sequence	1	0	/storage9920/home/tinghao.xia/Data_FM/RNA_FM_embeddings/1TFN/rnafm_t12_residue_embeddings.pt
1TJZ	0	A	A	1	22	6ecd3d51982889586cf59124a6eb44fc41cb779af26e991a9f3da1038d2a5ca6	0	0	full_sequence	1	0	/storage9920/home/tinghao.xia/Data_FM/RNA_FM_embeddings/1TJZ/rnafm_t12_residue_embeddings.pt
1TLR	0	A	A	1	23	3cd00990c1ee14e2707975c23b74d83a1f168cf38202ed39113e792016660ea4	0	0	full_sequence	1	0	/storage9920/home/tinghao.xia/Data_FM/RNA_FM_embeddings/1TLR/rnafm_t12_residue_embeddings.pt
1TN1	0	A	A	1	76	28890de0dd2033379fabebc7165a219d6092ad9bbadc77f4c7528be78963ca0b	0	0	full_sequence	1	0	/storage9920/home/tinghao.xia/Data_FM/RNA_FM_embeddings/1TN1/rnafm_t12_residue_embeddings.pt
1TN2	0	A	A	1	76	28890de0dd2033379fabebc7165a219d6092ad9bbadc77f4c7528be78963ca0b	0	0	full_sequence	1	0	/storage9920/home/tinghao.xia/Data_FM/RNA_FM_embeddings/1TN2/rnafm_t12_residue_embeddings.pt
1TOB	0	A	A	1	27	a8099f28c595ab0b94319026526a1b5af852aade843356067b494f5a55d9663b	0	0	full_sequence	1	0	/storage9920/home/tinghao.xia/Data_FM/RNA_FM_embeddings/1TOB/rnafm_t12_residue_embeddings.pt
1TRA	0	A	A	1	76	28890de0dd2033379fabebc7165a219d6092ad9bbadc77f4c7528be78963ca0b	0	0	full_sequence	1	0	/storage9920/home/tinghao.xia/Data_FM/RNA_FM_embeddings/1TRA/rnafm_t12_residue_embeddings.pt
1TUT	0	A	A	1	11	30bfd4a31f9f208c7a3dd3c1b85169d77d95f4b04e59c1c4e4bf451838adcdb8	0	0	full_sequence	1	0	/storage9920/home/tinghao.xia/Data_FM/RNA_FM_embeddings/1TUT/rnafm_t12_residue_embeddings.pt
1TUT	1	B	B	2	11	e430e77f5bdcc78472da4ada3d67bc6006acd3a9366bb8de8198d91dd9e59848	0	0	full_sequence	1	0	/storage9920/home/tinghao.xia/Data_FM/RNA_FM_embeddings/1TUT/rnafm_t12_residue_embeddings.pt
1TXS	0	A	A	1	38	9b91c882b965a2f227f53008fbf7a24e0a424b30afa33a0e91bb752aff285520	0	0	full_sequence	1	0	/storage9920/home/tinghao.xia/Data_FM/RNA_FM_embeddings/1TXS/rnafm_t12_residue_embeddings.pt
1U2A	0	A	A	1	20	9e9b6ae00d5380ab7489f0d0482acbf83e668094987bdd9b6766ab97e2b71932	0	0	full_sequence	1	0	/storage9920/home/tinghao.xia/Data_FM/RNA_FM_embeddings/1U2A/rnafm_t12_residue_embeddings.pt
1U3K	0	A	A	1	38	d276b4f122c80d118deedc0b52181f28be5dd1f4ebff5ac0411ffb400abce660	0	0	full_sequence	1	0	/storage9920/home/tinghao.xia/Data_FM/RNA_FM_embeddings/1U3K/rnafm_t12_residue_embeddings.pt
1U9S	0	A	A	1	161	093cb139d7deb3f66249705f0df0b97540433ba4111b5e897b0d38eb55fd7e7c	0	0	full_sequence	1	0	/storage9920/home/tinghao.xia/Data_FM/RNA_FM_embeddings/1U9S/rnafm_t12_residue_embeddings.pt
1UTS	0	B	A	1	29	009a3155c2070b7e2bc7fe4b01041587c3baab2a9836a546f93403572b2f4f52	0	0	full_sequence	1	0	/storage9920/home/tinghao.xia/Data_FM/RNA_FM_embeddings/1UTS/rnafm_t12_residue_embeddings.pt
1UUD	0	B	A	1	29	009a3155c2070b7e2bc7fe4b01041587c3baab2a9836a546f93403572b2f4f52	0	0	full_sequence	1	0	/storage9920/home/tinghao.xia/Data_FM/RNA_FM_embeddings/1UUD/rnafm_t12_residue_embeddings.pt
1UUI	0	B	A	1	29	009a3155c2070b7e2bc7fe4b01041587c3baab2a9836a546f93403572b2f4f52	0	0	full_sequence	1	0	/storage9920/home/tinghao.xia/Data_FM/RNA_FM_embeddings/1UUI/rnafm_t12_residue_embeddings.pt
1UUU	0	A	A	1	19	033e5d10080c540be8a179cbe7ddd7b9c256232a199b573ccae2ec93ed679156	0	0	full_sequence	1	0	/storage9920/home/tinghao.xia/Data_FM/RNA_FM_embeddings/1UUU/rnafm_t12_residue_embeddings.pt
1VOP	0	A	A	1	13	7390f2878464c2f0f9c0e5542db4f86f15b0d9dd2ce4f02359ba43b1f40fd3a1	0	0	full_sequence	1	0	/storage9920/home/tinghao.xia/Data_FM/RNA_FM_embeddings/1VOP/rnafm_t12_residue_embeddings.pt
1VTQ	0	A	A	1	75	5c75aee225e2a845d327e94bf67b43c27b4c214df2bfd57e7870893c2a418cde	0	0	full_sequence	1	0	/storage9920/home/tinghao.xia/Data_FM/RNA_FM_embeddings/1VTQ/rnafm_t12_residue_embeddings.pt
1WKS	0	A	A	1	17	f16692fbc3f2341735992f72872a1f2ee9947da8c9b8f38ee5196b930ee95b16	0	0	full_sequence	1	0	/storage9920/home/tinghao.xia/Data_FM/RNA_FM_embeddings/1WKS/rnafm_t12_residue_embeddings.pt
1WTS	0	A	A	1	14	8041db8a4039a7d54c0bbf23f9fd73b8eee038834d572e93ebf68e34b3aeff85	0	0	full_sequence	1	0	/storage9920/home/tinghao.xia/Data_FM/RNA_FM_embeddings/1WTS/rnafm_t12_residue_embeddings.pt
1WTT	0	A	A	1	14	8041db8a4039a7d54c0bbf23f9fd73b8eee038834d572e93ebf68e34b3aeff85	0	0	full_sequence	1	0	/storage9920/home/tinghao.xia/Data_FM/RNA_FM_embeddings/1WTT/rnafm_t12_residue_embeddings.pt
1WVD	0	A	A	1	23	a93538b60543481f60ddadfa9ac952f33e62dba5621f3bb9d3cf5545b8a895e3	0	0	full_sequence	1	0	/storage9920/home/tinghao.xia/Data_FM/RNA_FM_embeddings/1WVD/rnafm_t12_residue_embeddings.pt
1WVD	1	B	B	1	23	a93538b60543481f60ddadfa9ac952f33e62dba5621f3bb9d3cf5545b8a895e3	0	0	full_sequence	1	0	/storage9920/home/tinghao.xia/Data_FM/RNA_FM_embeddings/1WVD/rnafm_t12_residue_embeddings.pt
1X8W	0	A	A	1	247	d008c52ac9e9986715cf7d0bc6c61af56e7f9d101a78291aacffb97ec7ee2410	0	0	full_sequence	1	0	/storage9920/home/tinghao.xia/Data_FM/RNA_FM_embeddings/1X8W/rnafm_t12_residue_embeddings.pt
1X8W	1	B	B	1	247	d008c52ac9e9986715cf7d0bc6c61af56e7f9d101a78291aacffb97ec7ee2410	0	0	full_sequence	1	0	/storage9920/home/tinghao.xia/Data_FM/RNA_FM_embeddings/1X8W/rnafm_t12_residue_embeddings.pt
1X8W	2	C	C	1	247	d008c52ac9e9986715cf7d0bc6c61af56e7f9d101a78291aacffb97ec7ee2410	0	0	full_sequence	1	0	/storage9920/home/tinghao.xia/Data_FM/RNA_FM_embeddings/1X8W/rnafm_t12_residue_embeddings.pt
1X8W	3	D	D	1	247	d008c52ac9e9986715cf7d0bc6c61af56e7f9d101a78291aacffb97ec7ee2410	0	0	full_sequence	1	0	/storage9920/home/tinghao.xia/Data_FM/RNA_FM_embeddings/1X8W/rnafm_t12_residue_embeddings.pt
1X9C	0	A	A	1	13	ac0d507cbec1843c89e84b0a947ca7b0eae4a871ba7f5bfc49e8244caf53f40b	0	0	full_sequence	1	0	/storage9920/home/tinghao.xia/Data_FM/RNA_FM_embeddings/1X9C/rnafm_t12_residue_embeddings.pt
1X9C	1	B	B	2	12	18daab8b7928da4d89b3dfeec9a6b226fe94d1a3d77d45a2c296288ed5fdc4f6	0	0	full_sequence	1	0	/storage9920/home/tinghao.xia/Data_FM/RNA_FM_embeddings/1X9C/rnafm_t12_residue_embeddings.pt
1X9C	2	C	C	3	17	941e3769daeb6747a906c7fb5ab7f5a3a2bb08623a375da40d8179c2cfde45df	0	0	full_sequence	1	0	/storage9920/home/tinghao.xia/Data_FM/RNA_FM_embeddings/1X9C/rnafm_t12_residue_embeddings.pt
1X9C	3	D	D	4	19	6f9cec5eb36aa82f7310feb000fb6dc4b386cdfed96112d0885320b0ee04a7b7	0	0	full_sequence	1	0	/storage9920/home/tinghao.xia/Data_FM/RNA_FM_embeddings/1X9C/rnafm_t12_residue_embeddings.pt
1X9K	0	A	A	1	13	f6708d2cb5347f0b07940efedfa07dd2f4cf62ea3b37594b509b788f8d518134	0	0	full_sequence	1	0	/storage9920/home/tinghao.xia/Data_FM/RNA_FM_embeddings/1X9K/rnafm_t12_residue_embeddings.pt
1X9K	1	B	B	2	13	267a1ca381d06271dce0d1ec0be51abb38e6cbbf35dbba2e4de94b154af55fee	0	0	full_sequence	1	0	/storage9920/home/tinghao.xia/Data_FM/RNA_FM_embeddings/1X9K/rnafm_t12_residue_embeddings.pt
1X9K	2	C	C	3	17	941e3769daeb6747a906c7fb5ab7f5a3a2bb08623a375da40d8179c2cfde45df	0	0	full_sequence	1	0	/storage9920/home/tinghao.xia/Data_FM/RNA_FM_embeddings/1X9K/rnafm_t12_residue_embeddings.pt
1X9K	3	D	D	4	19	6f9cec5eb36aa82f7310feb000fb6dc4b386cdfed96112d0885320b0ee04a7b7	0	0	full_sequence	1	0	/storage9920/home/tinghao.xia/Data_FM/RNA_FM_embeddings/1X9K/rnafm_t12_residue_embeddings.pt
1XHP	0	A	A	1	32	08664f8996ae82f72eac8bffb93e6d3b98463a07c8e02c275ccc1b4b878c3d33	0	0	full_sequence	1	0	/storage9920/home/tinghao.xia/Data_FM/RNA_FM_embeddings/1XHP/rnafm_t12_residue_embeddings.pt
1XJR	0	A	A	1	47	dad5967d5d2a32f25f85278ec62bbaf1237f6395136dbba4a762852ce8102449	0	0	full_sequence	1	0	/storage9920/home/tinghao.xia/Data_FM/RNA_FM_embeddings/1XJR/rnafm_t12_residue_embeddings.pt
1XP7	0	A	A	1	23	e76f2749335f10c04db0879400760981d601123c644cdbed91b68b4776a1b98d	0	0	full_sequence	1	0	/storage9920/home/tinghao.xia/Data_FM/RNA_FM_embeddings/1XP7/rnafm_t12_residue_embeddings.pt
1XP7	1	B	B	1	23	e76f2749335f10c04db0879400760981d601123c644cdbed91b68b4776a1b98d	0	0	full_sequence	1	0	/storage9920/home/tinghao.xia/Data_FM/RNA_FM_embeddings/1XP7/rnafm_t12_residue_embeddings.pt
1XPE	0	A	A	1	23	5e26c1057669e59d7c6d99e8a985bb712e435e7c6de371ad61d5bab6ab82e461	0	0	full_sequence	1	0	/storage9920/home/tinghao.xia/Data_FM/RNA_FM_embeddings/1XPE/rnafm_t12_residue_embeddings.pt
1XPE	1	B	B	1	23	5e26c1057669e59d7c6d99e8a985bb712e435e7c6de371ad61d5bab6ab82e461	0	0	full_sequence	1	0	/storage9920/home/tinghao.xia/Data_FM/RNA_FM_embeddings/1XPE/rnafm_t12_residue_embeddings.pt
1XPF	0	A	A	1	23	a93538b60543481f60ddadfa9ac952f33e62dba5621f3bb9d3cf5545b8a895e3	0	0	full_sequence	1	0	/storage9920/home/tinghao.xia/Data_FM/RNA_FM_embeddings/1XPF/rnafm_t12_residue_embeddings.pt
1XPF	1	B	B	1	23	a93538b60543481f60ddadfa9ac952f33e62dba5621f3bb9d3cf5545b8a895e3	0	0	full_sequence	1	0	/storage9920/home/tinghao.xia/Data_FM/RNA_FM_embeddings/1XPF/rnafm_t12_residue_embeddings.pt
1XSG	0	A	A	1	27	db42f4f9649322ecc8f42aa418f1fd7e44496532d1cc4ab12a077adfcc15ba9e	0	0	full_sequence	1	0	/storage9920/home/tinghao.xia/Data_FM/RNA_FM_embeddings/1XSG/rnafm_t12_residue_embeddings.pt
1XSH	0	A	A	1	27	30e0743a03433a143c5e1ec4725aff5fa8a9900929598e7b96e9e3f8dfa2b7ae	0	0	full_sequence	1	0	/storage9920/home/tinghao.xia/Data_FM/RNA_FM_embeddings/1XSH/rnafm_t12_residue_embeddings.pt
1XST	0	A	A	1	27	db42f4f9649322ecc8f42aa418f1fd7e44496532d1cc4ab12a077adfcc15ba9e	0	0	full_sequence	1	0	/storage9920/home/tinghao.xia/Data_FM/RNA_FM_embeddings/1XST/rnafm_t12_residue_embeddings.pt
1XSU	0	A	A	1	27	30e0743a03433a143c5e1ec4725aff5fa8a9900929598e7b96e9e3f8dfa2b7ae	0	0	full_sequence	1	0	/storage9920/home/tinghao.xia/Data_FM/RNA_FM_embeddings/1XSU/rnafm_t12_residue_embeddings.pt
1XV0	0	A	A	1	10	56a6433cb82b06ed5b440cfeccec233b7743c7392d89df5ccbca60febc4acbf9	0	0	full_sequence	1	0	/storage9920/home/tinghao.xia/Data_FM/RNA_FM_embeddings/1XV0/rnafm_t12_residue_embeddings.pt
1XV0	1	B	B	2	10	4e10c69030903e1651aeafed7ff047a382fcee85bf7f945bf02fc38c715d4834	0	0	full_sequence	1	0	/storage9920/home/tinghao.xia/Data_FM/RNA_FM_embeddings/1XV0/rnafm_t12_residue_embeddings.pt
1XV6	0	A	A	1	12	8eb1fd784e9508fad3385bde9c108a1a7a0110fec3911240fc8f083b89cf8707	0	0	full_sequence	1	0	/storage9920/home/tinghao.xia/Data_FM/RNA_FM_embeddings/1XV6/rnafm_t12_residue_embeddings.pt
1XWP	0	A	A	1	15	66ebd34df0045b48038c68f610bbd1b0895d183e4e10df5ff69c1d35296471eb	0	0	full_sequence	1	0	/storage9920/home/tinghao.xia/Data_FM/RNA_FM_embeddings/1XWP/rnafm_t12_residue_embeddings.pt
1XWU	0	A	A	1	16	d5fe058ac1dc3826e927c21ab1b9877e6bd6ca38f60419a45b8d16fe34f73b98	0	0	full_sequence	1	0	/storage9920/home/tinghao.xia/Data_FM/RNA_FM_embeddings/1XWU/rnafm_t12_residue_embeddings.pt
1Y0Q	0	A	A	1	229	924897811879a307da9779fbf98c533d1d1a93f993cd78f1100791b6298d3170	0	0	full_sequence	1	0	/storage9920/home/tinghao.xia/Data_FM/RNA_FM_embeddings/1Y0Q/rnafm_t12_residue_embeddings.pt
1Y0Q	1	B	B	2	4	bca0bcb453fcf108bbcfbb0c0f79442bc79fc1bb362221de6087b0185a3c348a	0	0	full_sequence	1	0	/storage9920/home/tinghao.xia/Data_FM/RNA_FM_embeddings/1Y0Q/rnafm_t12_residue_embeddings.pt
1Y26	0	X	A	1	71	7c23ca9b626f155fbd83d011d719e4d18a1979a3aa059f9196bf13032595155b	0	0	full_sequence	1	0	/storage9920/home/tinghao.xia/Data_FM/RNA_FM_embeddings/1Y26/rnafm_t12_residue_embeddings.pt
1Y27	0	X	A	1	68	243e3d56deba9600c8c0bbe5d06b7a132c492e3a23723ddd152677d191d18da8	0	0	full_sequence	1	0	/storage9920/home/tinghao.xia/Data_FM/RNA_FM_embeddings/1Y27/rnafm_t12_residue_embeddings.pt
1Y3O	0	A	A	1	23	e76f2749335f10c04db0879400760981d601123c644cdbed91b68b4776a1b98d	0	0	full_sequence	1	0	/storage9920/home/tinghao.xia/Data_FM/RNA_FM_embeddings/1Y3O/rnafm_t12_residue_embeddings.pt
1Y3O	1	B	B	1	23	e76f2749335f10c04db0879400760981d601123c644cdbed91b68b4776a1b98d	0	0	full_sequence	1	0	/storage9920/home/tinghao.xia/Data_FM/RNA_FM_embeddings/1Y3O/rnafm_t12_residue_embeddings.pt
1Y3S	0	A	A	1	23	e76f2749335f10c04db0879400760981d601123c644cdbed91b68b4776a1b98d	0	0	full_sequence	1	0	/storage9920/home/tinghao.xia/Data_FM/RNA_FM_embeddings/1Y3S/rnafm_t12_residue_embeddings.pt
1Y3S	1	B	B	1	23	e76f2749335f10c04db0879400760981d601123c644cdbed91b68b4776a1b98d	0	0	full_sequence	1	0	/storage9920/home/tinghao.xia/Data_FM/RNA_FM_embeddings/1Y3S/rnafm_t12_residue_embeddings.pt
1Y6S	0	A	A	1	23	a93538b60543481f60ddadfa9ac952f33e62dba5621f3bb9d3cf5545b8a895e3	0	0	full_sequence	1	0	/storage9920/home/tinghao.xia/Data_FM/RNA_FM_embeddings/1Y6S/rnafm_t12_residue_embeddings.pt
1Y6S	1	B	B	1	23	a93538b60543481f60ddadfa9ac952f33e62dba5621f3bb9d3cf5545b8a895e3	0	0	full_sequence	1	0	/storage9920/home/tinghao.xia/Data_FM/RNA_FM_embeddings/1Y6S/rnafm_t12_residue_embeddings.pt
1Y6T	0	A	A	1	23	a93538b60543481f60ddadfa9ac952f33e62dba5621f3bb9d3cf5545b8a895e3	0	0	full_sequence	1	0	/storage9920/home/tinghao.xia/Data_FM/RNA_FM_embeddings/1Y6T/rnafm_t12_residue_embeddings.pt
1Y6T	1	B	B	1	23	a93538b60543481f60ddadfa9ac952f33e62dba5621f3bb9d3cf5545b8a895e3	0	0	full_sequence	1	0	/storage9920/home/tinghao.xia/Data_FM/RNA_FM_embeddings/1Y6T/rnafm_t12_residue_embeddings.pt
1Y73	0	A	A	1	23	a93538b60543481f60ddadfa9ac952f33e62dba5621f3bb9d3cf5545b8a895e3	0	0	full_sequence	1	0	/storage9920/home/tinghao.xia/Data_FM/RNA_FM_embeddings/1Y73/rnafm_t12_residue_embeddings.pt
1Y73	1	B	B	1	23	a93538b60543481f60ddadfa9ac952f33e62dba5621f3bb9d3cf5545b8a895e3	0	0	full_sequence	1	0	/storage9920/home/tinghao.xia/Data_FM/RNA_FM_embeddings/1Y73/rnafm_t12_residue_embeddings.pt
1Y90	0	A	A	1	23	a93538b60543481f60ddadfa9ac952f33e62dba5621f3bb9d3cf5545b8a895e3	0	0	full_sequence	1	0	/storage9920/home/tinghao.xia/Data_FM/RNA_FM_embeddings/1Y90/rnafm_t12_residue_embeddings.pt
1Y90	1	B	B	1	23	a93538b60543481f60ddadfa9ac952f33e62dba5621f3bb9d3cf5545b8a895e3	0	0	full_sequence	1	0	/storage9920/home/tinghao.xia/Data_FM/RNA_FM_embeddings/1Y90/rnafm_t12_residue_embeddings.pt
1Y95	0	A	A	1	23	a93538b60543481f60ddadfa9ac952f33e62dba5621f3bb9d3cf5545b8a895e3	0	0	full_sequence	1	0	/storage9920/home/tinghao.xia/Data_FM/RNA_FM_embeddings/1Y95/rnafm_t12_residue_embeddings.pt
1Y95	1	B	B	1	23	a93538b60543481f60ddadfa9ac952f33e62dba5621f3bb9d3cf5545b8a895e3	0	0	full_sequence	1	0	/storage9920/home/tinghao.xia/Data_FM/RNA_FM_embeddings/1Y95/rnafm_t12_residue_embeddings.pt
1Y99	0	A	A	1	23	a93538b60543481f60ddadfa9ac952f33e62dba5621f3bb9d3cf5545b8a895e3	0	0	full_sequence	1	0	/storage9920/home/tinghao.xia/Data_FM/RNA_FM_embeddings/1Y99/rnafm_t12_residue_embeddings.pt
1Y99	1	B	B	1	23	a93538b60543481f60ddadfa9ac952f33e62dba5621f3bb9d3cf5545b8a895e3	0	0	full_sequence	1	0	/storage9920/home/tinghao.xia/Data_FM/RNA_FM_embeddings/1Y99/rnafm_t12_residue_embeddings.pt
1YFG	0	A	A	1	75	f2d5249074521e4d4b1cb94b054fdd71b3a30bfa476ab066d0d09341f278e56d	0	0	full_sequence	1	0	/storage9920/home/tinghao.xia/Data_FM/RNA_FM_embeddings/1YFG/rnafm_t12_residue_embeddings.pt
1YFV	0	A	A	1	8	e13e794e7187ded44d2563742cb8d311a6d6a8a0c244a2c2c0f0856f1496d901	0	0	full_sequence	1	0	/storage9920/home/tinghao.xia/Data_FM/RNA_FM_embeddings/1YFV/rnafm_t12_residue_embeddings.pt
1YFV	1	B	B	1	8	e13e794e7187ded44d2563742cb8d311a6d6a8a0c244a2c2c0f0856f1496d901	0	0	full_sequence	1	0	/storage9920/home/tinghao.xia/Data_FM/RNA_FM_embeddings/1YFV/rnafm_t12_residue_embeddings.pt
1YG3	0	A	A	1	28	5e40dc03cf55e16ee827e65eeaf95fe877a03d1d198e75eca2523da53bfbc67d	0	0	full_sequence	1	0	/storage9920/home/tinghao.xia/Data_FM/RNA_FM_embeddings/1YG3/rnafm_t12_residue_embeddings.pt
1YG4	0	A	A	1	28	5e40dc03cf55e16ee827e65eeaf95fe877a03d1d198e75eca2523da53bfbc67d	0	0	full_sequence	1	0	/storage9920/home/tinghao.xia/Data_FM/RNA_FM_embeddings/1YG4/rnafm_t12_residue_embeddings.pt
1YKQ	0	A	A	1	11	f69fbd5f97a723b7dc53b70b4b23bd4323f38924a97d5f87b768d94fdfc92609	0	0	full_sequence	1	0	/storage9920/home/tinghao.xia/Data_FM/RNA_FM_embeddings/1YKQ/rnafm_t12_residue_embeddings.pt
1YKQ	1	C	B	1	11	f69fbd5f97a723b7dc53b70b4b23bd4323f38924a97d5f87b768d94fdfc92609	0	0	full_sequence	1	0	/storage9920/home/tinghao.xia/Data_FM/RNA_FM_embeddings/1YKQ/rnafm_t12_residue_embeddings.pt
1YKQ	2	B	C	2	38	345144f3f251f96f1d02ad908d61a4818bfdb6d8b71eeb6746bfc1b497b4a294	0	0	full_sequence	1	0	/storage9920/home/tinghao.xia/Data_FM/RNA_FM_embeddings/1YKQ/rnafm_t12_residue_embeddings.pt
1YKQ	3	D	D	2	38	345144f3f251f96f1d02ad908d61a4818bfdb6d8b71eeb6746bfc1b497b4a294	0	0	full_sequence	1	0	/storage9920/home/tinghao.xia/Data_FM/RNA_FM_embeddings/1YKQ/rnafm_t12_residue_embeddings.pt
1YKV	0	A	A	1	11	f69fbd5f97a723b7dc53b70b4b23bd4323f38924a97d5f87b768d94fdfc92609	0	0	full_sequence	1	0	/storage9920/home/tinghao.xia/Data_FM/RNA_FM_embeddings/1YKV/rnafm_t12_residue_embeddings.pt
1YKV	1	C	B	1	11	f69fbd5f97a723b7dc53b70b4b23bd4323f38924a97d5f87b768d94fdfc92609	0	0	full_sequence	1	0	/storage9920/home/tinghao.xia/Data_FM/RNA_FM_embeddings/1YKV/rnafm_t12_residue_embeddings.pt
1YKV	2	B	C	2	38	345144f3f251f96f1d02ad908d61a4818bfdb6d8b71eeb6746bfc1b497b4a294	0	0	full_sequence	1	0	/storage9920/home/tinghao.xia/Data_FM/RNA_FM_embeddings/1YKV/rnafm_t12_residue_embeddings.pt
1YKV	3	D	D	2	38	345144f3f251f96f1d02ad908d61a4818bfdb6d8b71eeb6746bfc1b497b4a294	0	0	full_sequence	1	0	/storage9920/home/tinghao.xia/Data_FM/RNA_FM_embeddings/1YKV/rnafm_t12_residue_embeddings.pt
1YLG	0	A	A	1	31	2a62b78f86cfd842877cda48d49933ced473025bd3a833bbf14fd93a8991c8c4	0	0	full_sequence	1	0	/storage9920/home/tinghao.xia/Data_FM/RNA_FM_embeddings/1YLG/rnafm_t12_residue_embeddings.pt
1YLS	0	A	A	1	11	f69fbd5f97a723b7dc53b70b4b23bd4323f38924a97d5f87b768d94fdfc92609	0	0	full_sequence	1	0	/storage9920/home/tinghao.xia/Data_FM/RNA_FM_embeddings/1YLS/rnafm_t12_residue_embeddings.pt
1YLS	1	C	B	1	11	f69fbd5f97a723b7dc53b70b4b23bd4323f38924a97d5f87b768d94fdfc92609	0	0	full_sequence	1	0	/storage9920/home/tinghao.xia/Data_FM/RNA_FM_embeddings/1YLS/rnafm_t12_residue_embeddings.pt
1YLS	2	B	C	2	38	89dc880855627c641a09b3e4a0acc24fff0c4e14224d5109947e0770abc3b8d7	0	0	full_sequence	1	0	/storage9920/home/tinghao.xia/Data_FM/RNA_FM_embeddings/1YLS/rnafm_t12_residue_embeddings.pt
1YLS	3	D	D	2	38	89dc880855627c641a09b3e4a0acc24fff0c4e14224d5109947e0770abc3b8d7	0	0	full_sequence	1	0	/storage9920/home/tinghao.xia/Data_FM/RNA_FM_embeddings/1YLS/rnafm_t12_residue_embeddings.pt
1YMO	0	A	A	1	47	7e7ebf55066d5ea58a1e7596938bf91b61404f337815e8e6a9391b869175304a	0	0	full_sequence	1	0	/storage9920/home/tinghao.xia/Data_FM/RNA_FM_embeddings/1YMO/rnafm_t12_residue_embeddings.pt
1YN1	0	A	A	1	17	6b0451cc24f204c2149338f4bedb7a5f82ecece0ecceac91fe8447ca9124c227	0	0	full_sequence	1	0	/storage9920/home/tinghao.xia/Data_FM/RNA_FM_embeddings/1YN1/rnafm_t12_residue_embeddings.pt
1YN2	0	A	A	1	17	6b0451cc24f204c2149338f4bedb7a5f82ecece0ecceac91fe8447ca9124c227	0	0	full_sequence	1	0	/storage9920/home/tinghao.xia/Data_FM/RNA_FM_embeddings/1YN2/rnafm_t12_residue_embeddings.pt
1YNC	0	A	A	1	31	2a62b78f86cfd842877cda48d49933ced473025bd3a833bbf14fd93a8991c8c4	0	0	full_sequence	1	0	/storage9920/home/tinghao.xia/Data_FM/RNA_FM_embeddings/1YNC/rnafm_t12_residue_embeddings.pt
1YNE	0	A	A	1	31	a1b4adac9bdb5a6bef848f3be65d1b5cd55302dacb85327596df4ae7ebbd2cd5	0	0	full_sequence	1	0	/storage9920/home/tinghao.xia/Data_FM/RNA_FM_embeddings/1YNE/rnafm_t12_residue_embeddings.pt
1YNG	0	A	A	1	31	a1b4adac9bdb5a6bef848f3be65d1b5cd55302dacb85327596df4ae7ebbd2cd5	0	0	full_sequence	1	0	/storage9920/home/tinghao.xia/Data_FM/RNA_FM_embeddings/1YNG/rnafm_t12_residue_embeddings.pt
1YRJ	0	A	A	1	23	9ee20b8338479c64ee2d8e99734ce06aa442292c45f9cc3c84bdc2fe6a616b63	0	0	full_sequence	1	0	/storage9920/home/tinghao.xia/Data_FM/RNA_FM_embeddings/1YRJ/rnafm_t12_residue_embeddings.pt
1YRJ	1	B	B	1	23	9ee20b8338479c64ee2d8e99734ce06aa442292c45f9cc3c84bdc2fe6a616b63	0	0	full_sequence	1	0	/storage9920/home/tinghao.xia/Data_FM/RNA_FM_embeddings/1YRJ/rnafm_t12_residue_embeddings.pt
1YSV	0	A	A	1	27	c565645556b80605a8b54f89e4195f391deaaeebb2254c3a9782765d0ae69286	0	0	full_sequence	1	0	/storage9920/home/tinghao.xia/Data_FM/RNA_FM_embeddings/1YSV/rnafm_t12_residue_embeddings.pt
1YXP	0	A	A	1	23	e76f2749335f10c04db0879400760981d601123c644cdbed91b68b4776a1b98d	0	0	full_sequence	1	0	/storage9920/home/tinghao.xia/Data_FM/RNA_FM_embeddings/1YXP/rnafm_t12_residue_embeddings.pt
1YXP	1	B	B	1	23	e76f2749335f10c04db0879400760981d601123c644cdbed91b68b4776a1b98d	0	0	full_sequence	1	0	/storage9920/home/tinghao.xia/Data_FM/RNA_FM_embeddings/1YXP/rnafm_t12_residue_embeddings.pt
1YY0	0	A	A	1	16	eb07d14540ec4e488cebf89d46f9d604fd512e5912ce9369cdc3a7836b928c30	0	0	full_sequence	1	0	/storage9920/home/tinghao.xia/Data_FM/RNA_FM_embeddings/1YY0/rnafm_t12_residue_embeddings.pt
1YY0	1	C	B	1	16	eb07d14540ec4e488cebf89d46f9d604fd512e5912ce9369cdc3a7836b928c30	0	0	full_sequence	1	0	/storage9920/home/tinghao.xia/Data_FM/RNA_FM_embeddings/1YY0/rnafm_t12_residue_embeddings.pt
1YY0	2	B	C	2	16	eb07d14540ec4e488cebf89d46f9d604fd512e5912ce9369cdc3a7836b928c30	0	0	full_sequence	1	0	/storage9920/home/tinghao.xia/Data_FM/RNA_FM_embeddings/1YY0/rnafm_t12_residue_embeddings.pt
1YZD	0	B	A	1	16	156b8cde7fc03af85978dc6d3a3a158495de5282b0747fe67df373e6ca44e38f	0	0	full_sequence	1	0	/storage9920/home/tinghao.xia/Data_FM/RNA_FM_embeddings/1YZD/rnafm_t12_residue_embeddings.pt
1YZD	1	A	B	1	16	156b8cde7fc03af85978dc6d3a3a158495de5282b0747fe67df373e6ca44e38f	0	0	full_sequence	1	0	/storage9920/home/tinghao.xia/Data_FM/RNA_FM_embeddings/1YZD/rnafm_t12_residue_embeddings.pt
1YZD	2	C	C	1	16	156b8cde7fc03af85978dc6d3a3a158495de5282b0747fe67df373e6ca44e38f	0	0	full_sequence	1	0	/storage9920/home/tinghao.xia/Data_FM/RNA_FM_embeddings/1YZD/rnafm_t12_residue_embeddings.pt
1Z2J	0	A	A	1	45	7f72a8ef578a3b52453cf8d02db65430f851b294ee3383a37c49d5acc3b8ea4a	0	0	full_sequence	1	0	/storage9920/home/tinghao.xia/Data_FM/RNA_FM_embeddings/1Z2J/rnafm_t12_residue_embeddings.pt
1Z30	0	A	A	1	18	83140fcbcbd4309770c6ed27f4e524238ad912b5e5e09dfc0d2fa5ee9906e831	0	0	full_sequence	1	0	/storage9920/home/tinghao.xia/Data_FM/RNA_FM_embeddings/1Z30/rnafm_t12_residue_embeddings.pt
1Z31	0	A	A	1	32	b7c41ce6ec066035c625f04b7775ecf783f3ab68501ddc05950e4c2416f81773	0	0	full_sequence	1	0	/storage9920/home/tinghao.xia/Data_FM/RNA_FM_embeddings/1Z31/rnafm_t12_residue_embeddings.pt
1Z43	0	A	A	1	101	df491f1c7426be0101c009b11478464a44d2e479a50a990c57a9b203d963dc7b	0	0	full_sequence	1	0	/storage9920/home/tinghao.xia/Data_FM/RNA_FM_embeddings/1Z43/rnafm_t12_residue_embeddings.pt
1Z58	0	2	A	1	2880	00422bfdbb8cd0e35f80a460dae8f3e3899183cd55c4d2440ddd6969489a2708	0	0	sliding_window_uniform_mean	4	0,766,1532,1858	/storage9920/home/tinghao.xia/Data_FM/RNA_FM_embeddings/1Z58/rnafm_t12_residue_embeddings.pt
1Z79	0	B	A	1	16	eb07d14540ec4e488cebf89d46f9d604fd512e5912ce9369cdc3a7836b928c30	0	0	full_sequence	1	0	/storage9920/home/tinghao.xia/Data_FM/RNA_FM_embeddings/1Z79/rnafm_t12_residue_embeddings.pt
1Z79	1	A	B	1	16	eb07d14540ec4e488cebf89d46f9d604fd512e5912ce9369cdc3a7836b928c30	0	0	full_sequence	1	0	/storage9920/home/tinghao.xia/Data_FM/RNA_FM_embeddings/1Z79/rnafm_t12_residue_embeddings.pt
1Z79	2	C	C	1	16	eb07d14540ec4e488cebf89d46f9d604fd512e5912ce9369cdc3a7836b928c30	0	0	full_sequence	1	0	/storage9920/home/tinghao.xia/Data_FM/RNA_FM_embeddings/1Z79/rnafm_t12_residue_embeddings.pt
1Z7F	0	A	A	1	16	eb07d14540ec4e488cebf89d46f9d604fd512e5912ce9369cdc3a7836b928c30	0	0	full_sequence	1	0	/storage9920/home/tinghao.xia/Data_FM/RNA_FM_embeddings/1Z7F/rnafm_t12_residue_embeddings.pt
1Z7F	1	B	B	1	16	eb07d14540ec4e488cebf89d46f9d604fd512e5912ce9369cdc3a7836b928c30	0	0	full_sequence	1	0	/storage9920/home/tinghao.xia/Data_FM/RNA_FM_embeddings/1Z7F/rnafm_t12_residue_embeddings.pt
1Z7F	2	C	C	1	16	eb07d14540ec4e488cebf89d46f9d604fd512e5912ce9369cdc3a7836b928c30	0	0	full_sequence	1	0	/storage9920/home/tinghao.xia/Data_FM/RNA_FM_embeddings/1Z7F/rnafm_t12_residue_embeddings.pt
1ZC5	0	A	A	1	41	da990be39059ec1c484325bf7233785f46f8f6e06c4b35a59cdee1d1280ac57a	0	0	full_sequence	1	0	/storage9920/home/tinghao.xia/Data_FM/RNA_FM_embeddings/1ZC5/rnafm_t12_residue_embeddings.pt
1ZCI	0	A	A	1	23	e76f2749335f10c04db0879400760981d601123c644cdbed91b68b4776a1b98d	0	0	full_sequence	1	0	/storage9920/home/tinghao.xia/Data_FM/RNA_FM_embeddings/1ZCI/rnafm_t12_residue_embeddings.pt
1ZCI	1	B	B	1	23	e76f2749335f10c04db0879400760981d601123c644cdbed91b68b4776a1b98d	0	0	full_sequence	1	0	/storage9920/home/tinghao.xia/Data_FM/RNA_FM_embeddings/1ZCI/rnafm_t12_residue_embeddings.pt
1ZCI	2	C	C	1	23	e76f2749335f10c04db0879400760981d601123c644cdbed91b68b4776a1b98d	0	0	full_sequence	1	0	/storage9920/home/tinghao.xia/Data_FM/RNA_FM_embeddings/1ZCI/rnafm_t12_residue_embeddings.pt
1ZCI	3	D	D	1	23	e76f2749335f10c04db0879400760981d601123c644cdbed91b68b4776a1b98d	0	0	full_sequence	1	0	/storage9920/home/tinghao.xia/Data_FM/RNA_FM_embeddings/1ZCI/rnafm_t12_residue_embeddings.pt
1ZEV	0	A	A	1	18	de05e04cbae1adef8b023ebe24a04da60dae918973392f45d0841154d2547d42	0	0	full_sequence	1	0	/storage9920/home/tinghao.xia/Data_FM/RNA_FM_embeddings/1ZEV/rnafm_t12_residue_embeddings.pt
1ZEV	1	B	B	1	18	de05e04cbae1adef8b023ebe24a04da60dae918973392f45d0841154d2547d42	0	0	full_sequence	1	0	/storage9920/home/tinghao.xia/Data_FM/RNA_FM_embeddings/1ZEV/rnafm_t12_residue_embeddings.pt
1ZFT	0	A	A	1	13	ac0d507cbec1843c89e84b0a947ca7b0eae4a871ba7f5bfc49e8244caf53f40b	0	0	full_sequence	1	0	/storage9920/home/tinghao.xia/Data_FM/RNA_FM_embeddings/1ZFT/rnafm_t12_residue_embeddings.pt
1ZFT	1	B	B	2	12	b6726ffb5ad67c9b33d9b55e1ac1cfbfe1621f8c0e3f9cf58b828d04f9646d0d	1	1	full_sequence	1	0	/storage9920/home/tinghao.xia/Data_FM/RNA_FM_embeddings/1ZFT/rnafm_t12_residue_embeddings.pt
1ZFT	2	C	C	3	17	941e3769daeb6747a906c7fb5ab7f5a3a2bb08623a375da40d8179c2cfde45df	0	0	full_sequence	1	0	/storage9920/home/tinghao.xia/Data_FM/RNA_FM_embeddings/1ZFT/rnafm_t12_residue_embeddings.pt
1ZFT	3	D	D	4	19	6f9cec5eb36aa82f7310feb000fb6dc4b386cdfed96112d0885320b0ee04a7b7	0	0	full_sequence	1	0	/storage9920/home/tinghao.xia/Data_FM/RNA_FM_embeddings/1ZFT/rnafm_t12_residue_embeddings.pt
1ZFV	0	A	A	1	13	ac0d507cbec1843c89e84b0a947ca7b0eae4a871ba7f5bfc49e8244caf53f40b	0	0	full_sequence	1	0	/storage9920/home/tinghao.xia/Data_FM/RNA_FM_embeddings/1ZFV/rnafm_t12_residue_embeddings.pt
1ZFV	1	B	B	2	12	a270d953280669d6fdaaa86b933f13a2ea4bbee477543832e0f04c77e013d813	0	0	full_sequence	1	0	/storage9920/home/tinghao.xia/Data_FM/RNA_FM_embeddings/1ZFV/rnafm_t12_residue_embeddings.pt
1ZFV	2	C	C	3	17	941e3769daeb6747a906c7fb5ab7f5a3a2bb08623a375da40d8179c2cfde45df	0	0	full_sequence	1	0	/storage9920/home/tinghao.xia/Data_FM/RNA_FM_embeddings/1ZFV/rnafm_t12_residue_embeddings.pt
1ZFV	3	D	D	4	19	6f9cec5eb36aa82f7310feb000fb6dc4b386cdfed96112d0885320b0ee04a7b7	0	0	full_sequence	1	0	/storage9920/home/tinghao.xia/Data_FM/RNA_FM_embeddings/1ZFV/rnafm_t12_residue_embeddings.pt
1ZFX	0	A	A	1	13	ac0d507cbec1843c89e84b0a947ca7b0eae4a871ba7f5bfc49e8244caf53f40b	0	0	full_sequence	1	0	/storage9920/home/tinghao.xia/Data_FM/RNA_FM_embeddings/1ZFX/rnafm_t12_residue_embeddings.pt
1ZFX	1	B	B	2	12	c9f7b00c0dff05011fc587449ea0533273ab28d77d3818fcfc2616c7a482c729	0	0	full_sequence	1	0	/storage9920/home/tinghao.xia/Data_FM/RNA_FM_embeddings/1ZFX/rnafm_t12_residue_embeddings.pt
1ZFX	2	C	C	3	17	941e3769daeb6747a906c7fb5ab7f5a3a2bb08623a375da40d8179c2cfde45df	0	0	full_sequence	1	0	/storage9920/home/tinghao.xia/Data_FM/RNA_FM_embeddings/1ZFX/rnafm_t12_residue_embeddings.pt
1ZFX	3	D	D	4	19	6f9cec5eb36aa82f7310feb000fb6dc4b386cdfed96112d0885320b0ee04a7b7	0	0	full_sequence	1	0	/storage9920/home/tinghao.xia/Data_FM/RNA_FM_embeddings/1ZFX/rnafm_t12_residue_embeddings.pt
1ZIF	0	A	A	1	12	aa2221b6ec03138d018182003266527a39b0804eefe2d4938e8045b266d74bf6	0	0	full_sequence	1	0	/storage9920/home/tinghao.xia/Data_FM/RNA_FM_embeddings/1ZIF/rnafm_t12_residue_embeddings.pt
1ZIG	0	A	A	1	12	6acdd8b4a0e86986c1254fefd49d230642185a3b0f9d2be1a7f167a21d499734	0	0	full_sequence	1	0	/storage9920/home/tinghao.xia/Data_FM/RNA_FM_embeddings/1ZIG/rnafm_t12_residue_embeddings.pt
1ZIH	0	A	A	1	12	3d2bbefc3e6b5641252ce83725dc190022a6677f66f5d9ad384325da76f4bc54	0	0	full_sequence	1	0	/storage9920/home/tinghao.xia/Data_FM/RNA_FM_embeddings/1ZIH/rnafm_t12_residue_embeddings.pt
1ZO3	0	A	A	1	76	28890de0dd2033379fabebc7165a219d6092ad9bbadc77f4c7528be78963ca0b	0	0	full_sequence	1	0	/storage9920/home/tinghao.xia/Data_FM/RNA_FM_embeddings/1ZO3/rnafm_t12_residue_embeddings.pt
1ZO3	1	B	B	1	76	28890de0dd2033379fabebc7165a219d6092ad9bbadc77f4c7528be78963ca0b	0	0	full_sequence	1	0	/storage9920/home/tinghao.xia/Data_FM/RNA_FM_embeddings/1ZO3/rnafm_t12_residue_embeddings.pt
1ZX7	0	A	A	1	15	d26e412280cdde8889d71260a83a7891eda8ffb548740fc0c4bac4c9a0fbb3f7	0	0	full_sequence	1	0	/storage9920/home/tinghao.xia/Data_FM/RNA_FM_embeddings/1ZX7/rnafm_t12_residue_embeddings.pt
1ZX7	1	C	B	1	15	d26e412280cdde8889d71260a83a7891eda8ffb548740fc0c4bac4c9a0fbb3f7	0	0	full_sequence	1	0	/storage9920/home/tinghao.xia/Data_FM/RNA_FM_embeddings/1ZX7/rnafm_t12_residue_embeddings.pt
1ZX7	2	E	C	1	15	d26e412280cdde8889d71260a83a7891eda8ffb548740fc0c4bac4c9a0fbb3f7	0	0	full_sequence	1	0	/storage9920/home/tinghao.xia/Data_FM/RNA_FM_embeddings/1ZX7/rnafm_t12_residue_embeddings.pt
1ZX7	3	G	D	1	15	d26e412280cdde8889d71260a83a7891eda8ffb548740fc0c4bac4c9a0fbb3f7	0	0	full_sequence	1	0	/storage9920/home/tinghao.xia/Data_FM/RNA_FM_embeddings/1ZX7/rnafm_t12_residue_embeddings.pt
1ZX7	4	B	E	2	14	9e061d972436733899278085e301311985cbb6ba7c6965d05d1b86f9e45235b9	0	0	full_sequence	1	0	/storage9920/home/tinghao.xia/Data_FM/RNA_FM_embeddings/1ZX7/rnafm_t12_residue_embeddings.pt
1ZX7	5	D	F	2	14	9e061d972436733899278085e301311985cbb6ba7c6965d05d1b86f9e45235b9	0	0	full_sequence	1	0	/storage9920/home/tinghao.xia/Data_FM/RNA_FM_embeddings/1ZX7/rnafm_t12_residue_embeddings.pt
1ZX7	6	F	G	2	14	9e061d972436733899278085e301311985cbb6ba7c6965d05d1b86f9e45235b9	0	0	full_sequence	1	0	/storage9920/home/tinghao.xia/Data_FM/RNA_FM_embeddings/1ZX7/rnafm_t12_residue_embeddings.pt
1ZX7	7	H	H	2	14	9e061d972436733899278085e301311985cbb6ba7c6965d05d1b86f9e45235b9	0	0	full_sequence	1	0	/storage9920/home/tinghao.xia/Data_FM/RNA_FM_embeddings/1ZX7/rnafm_t12_residue_embeddings.pt
1ZZ5	0	A	A	1	15	d26e412280cdde8889d71260a83a7891eda8ffb548740fc0c4bac4c9a0fbb3f7	0	0	full_sequence	1	0	/storage9920/home/tinghao.xia/Data_FM/RNA_FM_embeddings/1ZZ5/rnafm_t12_residue_embeddings.pt
1ZZ5	1	C	B	1	15	d26e412280cdde8889d71260a83a7891eda8ffb548740fc0c4bac4c9a0fbb3f7	0	0	full_sequence	1	0	/storage9920/home/tinghao.xia/Data_FM/RNA_FM_embeddings/1ZZ5/rnafm_t12_residue_embeddings.pt
1ZZ5	2	B	C	2	14	9e061d972436733899278085e301311985cbb6ba7c6965d05d1b86f9e45235b9	0	0	full_sequence	1	0	/storage9920/home/tinghao.xia/Data_FM/RNA_FM_embeddings/1ZZ5/rnafm_t12_residue_embeddings.pt
1ZZ5	3	D	D	2	14	9e061d972436733899278085e301311985cbb6ba7c6965d05d1b86f9e45235b9	0	0	full_sequence	1	0	/storage9920/home/tinghao.xia/Data_FM/RNA_FM_embeddings/1ZZ5/rnafm_t12_residue_embeddings.pt
205D	0	A	A	1	12	f3e0c924f2604abba61be5feeb1efd4224e28cff7ef69229a88f658385c57fc6	0	0	full_sequence	1	0	/storage9920/home/tinghao.xia/Data_FM/RNA_FM_embeddings/205D/rnafm_t12_residue_embeddings.pt
205D	1	B	B	1	12	f3e0c924f2604abba61be5feeb1efd4224e28cff7ef69229a88f658385c57fc6	0	0	full_sequence	1	0	/storage9920/home/tinghao.xia/Data_FM/RNA_FM_embeddings/205D/rnafm_t12_residue_embeddings.pt
21CC	0	A	A	1	12	28440b6394297d1e66cbbfea19d5b87f64593ec79a48f8372b989a70d13a2830	0	0	full_sequence	1	0	/storage9920/home/tinghao.xia/Data_FM/RNA_FM_embeddings/21CC/rnafm_t12_residue_embeddings.pt
21CC	1	B	B	1	12	28440b6394297d1e66cbbfea19d5b87f64593ec79a48f8372b989a70d13a2830	0	0	full_sequence	1	0	/storage9920/home/tinghao.xia/Data_FM/RNA_FM_embeddings/21CC/rnafm_t12_residue_embeddings.pt
21ET	0	A	A	1	13	9faf762a47d443163d89880cbc11ad5984434e958b1f3ce6b1a389b806900239	1	1	full_sequence	1	0	/storage9920/home/tinghao.xia/Data_FM/RNA_FM_embeddings/21ET/rnafm_t12_residue_embeddings.pt
21ET	1	B	B	1	13	9faf762a47d443163d89880cbc11ad5984434e958b1f3ce6b1a389b806900239	1	1	full_sequence	1	0	/storage9920/home/tinghao.xia/Data_FM/RNA_FM_embeddings/21ET/rnafm_t12_residue_embeddings.pt
21ET	2	C	C	1	13	9faf762a47d443163d89880cbc11ad5984434e958b1f3ce6b1a389b806900239	1	1	full_sequence	1	0	/storage9920/home/tinghao.xia/Data_FM/RNA_FM_embeddings/21ET/rnafm_t12_residue_embeddings.pt
21ET	3	D	D	1	13	9faf762a47d443163d89880cbc11ad5984434e958b1f3ce6b1a389b806900239	1	1	full_sequence	1	0	/storage9920/home/tinghao.xia/Data_FM/RNA_FM_embeddings/21ET/rnafm_t12_residue_embeddings.pt
21ET	4	E	E	1	13	9faf762a47d443163d89880cbc11ad5984434e958b1f3ce6b1a389b806900239	1	1	full_sequence	1	0	/storage9920/home/tinghao.xia/Data_FM/RNA_FM_embeddings/21ET/rnafm_t12_residue_embeddings.pt
21ET	5	F	F	1	13	9faf762a47d443163d89880cbc11ad5984434e958b1f3ce6b1a389b806900239	1	1	full_sequence	1	0	/storage9920/home/tinghao.xia/Data_FM/RNA_FM_embeddings/21ET/rnafm_t12_residue_embeddings.pt
23JY	0	A	A	1	22	7d8baae8e1a7313a78430663fdde1a246eba45456f97d960c9039e71085e036d	0	0	full_sequence	1	0	/storage9920/home/tinghao.xia/Data_FM/RNA_FM_embeddings/23JY/rnafm_t12_residue_embeddings.pt
23JY	1	B	B	1	22	7d8baae8e1a7313a78430663fdde1a246eba45456f97d960c9039e71085e036d	0	0	full_sequence	1	0	/storage9920/home/tinghao.xia/Data_FM/RNA_FM_embeddings/23JY/rnafm_t12_residue_embeddings.pt
23JZ	0	A	A	1	35	980841b5d5956833f01abe07e5e864fa8e5f16af4893891f95ba98ba0a1955dd	0	0	full_sequence	1	0	/storage9920/home/tinghao.xia/Data_FM/RNA_FM_embeddings/23JZ/rnafm_t12_residue_embeddings.pt
23KA	0	A	A	1	35	980841b5d5956833f01abe07e5e864fa8e5f16af4893891f95ba98ba0a1955dd	0	0	full_sequence	1	0	/storage9920/home/tinghao.xia/Data_FM/RNA_FM_embeddings/23KA/rnafm_t12_residue_embeddings.pt
23KA	1	B	B	1	35	980841b5d5956833f01abe07e5e864fa8e5f16af4893891f95ba98ba0a1955dd	0	0	full_sequence	1	0	/storage9920/home/tinghao.xia/Data_FM/RNA_FM_embeddings/23KA/rnafm_t12_residue_embeddings.pt
23KA	2	C	C	1	35	980841b5d5956833f01abe07e5e864fa8e5f16af4893891f95ba98ba0a1955dd	0	0	full_sequence	1	0	/storage9920/home/tinghao.xia/Data_FM/RNA_FM_embeddings/23KA/rnafm_t12_residue_embeddings.pt
255D	0	A	A	1	12	9b8a60c410451981bf7d3aacb27718190f221204e418762624c03c9ef76cdd6e	0	0	full_sequence	1	0	/storage9920/home/tinghao.xia/Data_FM/RNA_FM_embeddings/255D/rnafm_t12_residue_embeddings.pt
259D	0	A	A	1	8	2be16092ec3f640bed0b8f048a3c36de8b4ea1f2c6971ed410b3f2559e3bfcf0	0	0	full_sequence	1	0	/storage9920/home/tinghao.xia/Data_FM/RNA_FM_embeddings/259D/rnafm_t12_residue_embeddings.pt
259D	1	B	B	1	8	2be16092ec3f640bed0b8f048a3c36de8b4ea1f2c6971ed410b3f2559e3bfcf0	0	0	full_sequence	1	0	/storage9920/home/tinghao.xia/Data_FM/RNA_FM_embeddings/259D/rnafm_t12_residue_embeddings.pt
25SJ	0	S	A	1	8	9ebcaffa3f8e19c0a95482e409a9fb95acd4243127856aef8cf6e56b1c4d2ce6	0	0	full_sequence	1	0	/storage9920/home/tinghao.xia/Data_FM/RNA_FM_embeddings/25SJ/rnafm_t12_residue_embeddings.pt
25SJ	1	A	B	1	8	9ebcaffa3f8e19c0a95482e409a9fb95acd4243127856aef8cf6e56b1c4d2ce6	0	0	full_sequence	1	0	/storage9920/home/tinghao.xia/Data_FM/RNA_FM_embeddings/25SJ/rnafm_t12_residue_embeddings.pt
25SM	0	S	A	1	8	bb73d7ccee6c9125b7c0ce85767866c172062ddec84c680de36b9496b8373f18	1	1	full_sequence	1	0	/storage9920/home/tinghao.xia/Data_FM/RNA_FM_embeddings/25SM/rnafm_t12_residue_embeddings.pt
25SM	1	A	B	1	8	bb73d7ccee6c9125b7c0ce85767866c172062ddec84c680de36b9496b8373f18	1	1	full_sequence	1	0	/storage9920/home/tinghao.xia/Data_FM/RNA_FM_embeddings/25SM/rnafm_t12_residue_embeddings.pt
280D	0	A	A	1	12	94c565cbe400e18ab76c2052f3709e4106c3bf888831d5e29c43844b87cfcf1e	0	0	full_sequence	1	0	/storage9920/home/tinghao.xia/Data_FM/RNA_FM_embeddings/280D/rnafm_t12_residue_embeddings.pt
280D	1	B	B	1	12	94c565cbe400e18ab76c2052f3709e4106c3bf888831d5e29c43844b87cfcf1e	0	0	full_sequence	1	0	/storage9920/home/tinghao.xia/Data_FM/RNA_FM_embeddings/280D/rnafm_t12_residue_embeddings.pt
280D	2	C	C	1	12	94c565cbe400e18ab76c2052f3709e4106c3bf888831d5e29c43844b87cfcf1e	0	0	full_sequence	1	0	/storage9920/home/tinghao.xia/Data_FM/RNA_FM_embeddings/280D/rnafm_t12_residue_embeddings.pt
280D	3	D	D	1	12	94c565cbe400e18ab76c2052f3709e4106c3bf888831d5e29c43844b87cfcf1e	0	0	full_sequence	1	0	/storage9920/home/tinghao.xia/Data_FM/RNA_FM_embeddings/280D/rnafm_t12_residue_embeddings.pt
283D	0	A	A	1	12	0d226c39b32d6660ab9dba441a92ba3e1f26bcf979c142be63e49fd3f9f9ba48	0	0	full_sequence	1	0	/storage9920/home/tinghao.xia/Data_FM/RNA_FM_embeddings/283D/rnafm_t12_residue_embeddings.pt
28SP	0	A	A	1	28	d985a65f11fe7ccf80ef8dd1166057a1dbb83944d4faceda9b30a888963fef9c	0	0	full_sequence	1	0	/storage9920/home/tinghao.xia/Data_FM/RNA_FM_embeddings/28SP/rnafm_t12_residue_embeddings.pt
28SR	0	A	A	1	28	d985a65f11fe7ccf80ef8dd1166057a1dbb83944d4faceda9b30a888963fef9c	0	0	full_sequence	1	0	/storage9920/home/tinghao.xia/Data_FM/RNA_FM_embeddings/28SR/rnafm_t12_residue_embeddings.pt
299D	0	A	A	1	16	9ff4caa35dde795d2828a909bed84b10611cb148322d3eaa7a5b17934a170318	0	0	full_sequence	1	0	/storage9920/home/tinghao.xia/Data_FM/RNA_FM_embeddings/299D/rnafm_t12_residue_embeddings.pt
299D	1	B	B	2	25	dc1f27ba554c277210dc9bb0a3eae03c609e3c6492f733273b3b382043edd07a	0	0	full_sequence	1	0	/storage9920/home/tinghao.xia/Data_FM/RNA_FM_embeddings/299D/rnafm_t12_residue_embeddings.pt
2A04	0	A	A	1	15	d26e412280cdde8889d71260a83a7891eda8ffb548740fc0c4bac4c9a0fbb3f7	0	0	full_sequence	1	0	/storage9920/home/tinghao.xia/Data_FM/RNA_FM_embeddings/2A04/rnafm_t12_residue_embeddings.pt
2A04	1	C	B	1	15	d26e412280cdde8889d71260a83a7891eda8ffb548740fc0c4bac4c9a0fbb3f7	0	0	full_sequence	1	0	/storage9920/home/tinghao.xia/Data_FM/RNA_FM_embeddings/2A04/rnafm_t12_residue_embeddings.pt
2A04	2	B	C	2	14	9e061d972436733899278085e301311985cbb6ba7c6965d05d1b86f9e45235b9	0	0	full_sequence	1	0	/storage9920/home/tinghao.xia/Data_FM/RNA_FM_embeddings/2A04/rnafm_t12_residue_embeddings.pt
2A04	3	D	D	2	14	9e061d972436733899278085e301311985cbb6ba7c6965d05d1b86f9e45235b9	0	0	full_sequence	1	0	/storage9920/home/tinghao.xia/Data_FM/RNA_FM_embeddings/2A04/rnafm_t12_residue_embeddings.pt
2A0P	0	A	A	1	8	2be16092ec3f640bed0b8f048a3c36de8b4ea1f2c6971ed410b3f2559e3bfcf0	0	0	full_sequence	1	0	/storage9920/home/tinghao.xia/Data_FM/RNA_FM_embeddings/2A0P/rnafm_t12_residue_embeddings.pt
2A0P	1	B	B	1	8	2be16092ec3f640bed0b8f048a3c36de8b4ea1f2c6971ed410b3f2559e3bfcf0	0	0	full_sequence	1	0	/storage9920/home/tinghao.xia/Data_FM/RNA_FM_embeddings/2A0P/rnafm_t12_residue_embeddings.pt
2A2E	0	A	A	1	338	09e9d02b836fabd49f7ddf92b55bcfa7e1e2144b5cfb2a7bbd11cb343f53d081	0	0	full_sequence	1	0	/storage9920/home/tinghao.xia/Data_FM/RNA_FM_embeddings/2A2E/rnafm_t12_residue_embeddings.pt
2A43	0	A	A	1	26	baee1ededc97bfe7ee2f16c5f259eb6dfaeea50f103368011fdaec7f6526075b	0	0	full_sequence	1	0	/storage9920/home/tinghao.xia/Data_FM/RNA_FM_embeddings/2A43/rnafm_t12_residue_embeddings.pt
2A64	0	A	A	1	417	797c801250f75755a6125f914f0833bc757e8d95ebdcecd7448808f3a198eba9	0	0	full_sequence	1	0	/storage9920/home/tinghao.xia/Data_FM/RNA_FM_embeddings/2A64/rnafm_t12_residue_embeddings.pt
2A9L	0	A	A	1	38	d276b4f122c80d118deedc0b52181f28be5dd1f4ebff5ac0411ffb400abce660	0	0	full_sequence	1	0	/storage9920/home/tinghao.xia/Data_FM/RNA_FM_embeddings/2A9L/rnafm_t12_residue_embeddings.pt
2ADT	0	A	A	1	43	5598cc7e04f20e555893d1d56058ffe6267d9af710076eab1f5fa39c1e290313	0	0	full_sequence	1	0	/storage9920/home/tinghao.xia/Data_FM/RNA_FM_embeddings/2ADT/rnafm_t12_residue_embeddings.pt
2ADT	1	B	B	1	43	5598cc7e04f20e555893d1d56058ffe6267d9af710076eab1f5fa39c1e290313	0	0	full_sequence	1	0	/storage9920/home/tinghao.xia/Data_FM/RNA_FM_embeddings/2ADT/rnafm_t12_residue_embeddings.pt
2AGN	0	A	A	1	29	9c4284eb922c53102502b8303854ab4ba81b51918e7d0eb49d87954811f1147d	0	0	full_sequence	1	0	/storage9920/home/tinghao.xia/Data_FM/RNA_FM_embeddings/2AGN/rnafm_t12_residue_embeddings.pt
2AGN	1	B	B	2	30	1558041e4826eede246bcf622509da9adecb3f0161ec85e15d2a7fe4201bb5ca	0	0	full_sequence	1	0	/storage9920/home/tinghao.xia/Data_FM/RNA_FM_embeddings/2AGN/rnafm_t12_residue_embeddings.pt
2AGN	2	C	C	3	77	4d91ab7aaa2d22e8ad746be3dc974822c4315cc66ac12b926b3c806102670a66	0	0	full_sequence	1	0	/storage9920/home/tinghao.xia/Data_FM/RNA_FM_embeddings/2AGN/rnafm_t12_residue_embeddings.pt
2AGN	3	D	D	4	14	ed462bf6039df1b5d82bbfe15eddb20505b7115b4302782d05771199ae676e00	0	0	full_sequence	1	0	/storage9920/home/tinghao.xia/Data_FM/RNA_FM_embeddings/2AGN/rnafm_t12_residue_embeddings.pt
2AGN	4	E	E	5	53	3bd1e20971d1c445a839e5b676d8ba0ffdd6a87780ce17afe3f696f67e2c0b4b	0	0	full_sequence	1	0	/storage9920/home/tinghao.xia/Data_FM/RNA_FM_embeddings/2AGN/rnafm_t12_residue_embeddings.pt
2AHT	0	A	A	1	27	775d70bcc0acaf681f93254f56d4449c27b6fe6b2eb8ef11d5ad559a6080cb0b	0	0	full_sequence	1	0	/storage9920/home/tinghao.xia/Data_FM/RNA_FM_embeddings/2AHT/rnafm_t12_residue_embeddings.pt
2AO5	0	A	A	1	10	a09c3c08d9f086ffc02361c545600eacaad8e263e269effaffae15941ed70288	0	0	full_sequence	1	0	/storage9920/home/tinghao.xia/Data_FM/RNA_FM_embeddings/2AO5/rnafm_t12_residue_embeddings.pt
2AO5	1	B	B	1	10	a09c3c08d9f086ffc02361c545600eacaad8e263e269effaffae15941ed70288	0	0	full_sequence	1	0	/storage9920/home/tinghao.xia/Data_FM/RNA_FM_embeddings/2AO5/rnafm_t12_residue_embeddings.pt
2AO5	2	C	C	1	10	a09c3c08d9f086ffc02361c545600eacaad8e263e269effaffae15941ed70288	0	0	full_sequence	1	0	/storage9920/home/tinghao.xia/Data_FM/RNA_FM_embeddings/2AO5/rnafm_t12_residue_embeddings.pt
2AO5	3	D	D	1	10	a09c3c08d9f086ffc02361c545600eacaad8e263e269effaffae15941ed70288	0	0	full_sequence	1	0	/storage9920/home/tinghao.xia/Data_FM/RNA_FM_embeddings/2AO5/rnafm_t12_residue_embeddings.pt
2AP0	0	A	A	1	28	c1d04502559524a310faa61c5252cf583a04ffef95d073ef02e9ad802a8dd637	0	0	full_sequence	1	0	/storage9920/home/tinghao.xia/Data_FM/RNA_FM_embeddings/2AP0/rnafm_t12_residue_embeddings.pt
2AP5	0	A	A	1	28	c1d04502559524a310faa61c5252cf583a04ffef95d073ef02e9ad802a8dd637	0	0	full_sequence	1	0	/storage9920/home/tinghao.xia/Data_FM/RNA_FM_embeddings/2AP5/rnafm_t12_residue_embeddings.pt
2AU4	0	A	A	1	41	da47655c65cfcaf04b3e89f5379a8ea7b3bb9388eadde44b53384054ab8da63e	0	0	full_sequence	1	0	/storage9920/home/tinghao.xia/Data_FM/RNA_FM_embeddings/2AU4/rnafm_t12_residue_embeddings.pt
2AWE	0	A	A	1	6	d609cd6b2f6b7bb488d773c827a7e69ab9800d8733b9e032b671aa622e3cd74d	0	0	full_sequence	1	0	/storage9920/home/tinghao.xia/Data_FM/RNA_FM_embeddings/2AWE/rnafm_t12_residue_embeddings.pt
2AWE	1	B	B	1	6	d609cd6b2f6b7bb488d773c827a7e69ab9800d8733b9e032b671aa622e3cd74d	0	0	full_sequence	1	0	/storage9920/home/tinghao.xia/Data_FM/RNA_FM_embeddings/2AWE/rnafm_t12_residue_embeddings.pt
2AWE	2	C	C	1	6	d609cd6b2f6b7bb488d773c827a7e69ab9800d8733b9e032b671aa622e3cd74d	0	0	full_sequence	1	0	/storage9920/home/tinghao.xia/Data_FM/RNA_FM_embeddings/2AWE/rnafm_t12_residue_embeddings.pt
2AWE	3	D	D	1	6	d609cd6b2f6b7bb488d773c827a7e69ab9800d8733b9e032b671aa622e3cd74d	0	0	full_sequence	1	0	/storage9920/home/tinghao.xia/Data_FM/RNA_FM_embeddings/2AWE/rnafm_t12_residue_embeddings.pt
2AWE	4	E	E	1	6	d609cd6b2f6b7bb488d773c827a7e69ab9800d8733b9e032b671aa622e3cd74d	0	0	full_sequence	1	0	/storage9920/home/tinghao.xia/Data_FM/RNA_FM_embeddings/2AWE/rnafm_t12_residue_embeddings.pt
2AWE	5	F	F	1	6	d609cd6b2f6b7bb488d773c827a7e69ab9800d8733b9e032b671aa622e3cd74d	0	0	full_sequence	1	0	/storage9920/home/tinghao.xia/Data_FM/RNA_FM_embeddings/2AWE/rnafm_t12_residue_embeddings.pt
2AWE	6	G	G	1	6	d609cd6b2f6b7bb488d773c827a7e69ab9800d8733b9e032b671aa622e3cd74d	0	0	full_sequence	1	0	/storage9920/home/tinghao.xia/Data_FM/RNA_FM_embeddings/2AWE/rnafm_t12_residue_embeddings.pt
2AWE	7	H	H	1	6	d609cd6b2f6b7bb488d773c827a7e69ab9800d8733b9e032b671aa622e3cd74d	0	0	full_sequence	1	0	/storage9920/home/tinghao.xia/Data_FM/RNA_FM_embeddings/2AWE/rnafm_t12_residue_embeddings.pt
2AWQ	0	A	A	1	17	193f3a4d2cecad23d21862f9bde85e7cc903ee65b6c79fecdff559dbde1b912b	0	0	full_sequence	1	0	/storage9920/home/tinghao.xia/Data_FM/RNA_FM_embeddings/2AWQ/rnafm_t12_residue_embeddings.pt
2B57	0	A	A	1	65	7bbdd0421965a02825f9002a7e024266540eb24f44d2d687dbdbf9c3a682c4b1	0	0	full_sequence	1	0	/storage9920/home/tinghao.xia/Data_FM/RNA_FM_embeddings/2B57/rnafm_t12_residue_embeddings.pt
2B7G	0	A	A	1	19	c56662aa8c4bd19788914469ebb9fe95d80ddd497a52b6f4fbae3fea4818eea2	0	0	full_sequence	1	0	/storage9920/home/tinghao.xia/Data_FM/RNA_FM_embeddings/2B7G/rnafm_t12_residue_embeddings.pt
2B8R	0	A	A	1	23	5e26c1057669e59d7c6d99e8a985bb712e435e7c6de371ad61d5bab6ab82e461	0	0	full_sequence	1	0	/storage9920/home/tinghao.xia/Data_FM/RNA_FM_embeddings/2B8R/rnafm_t12_residue_embeddings.pt
2B8R	1	B	B	1	23	5e26c1057669e59d7c6d99e8a985bb712e435e7c6de371ad61d5bab6ab82e461	0	0	full_sequence	1	0	/storage9920/home/tinghao.xia/Data_FM/RNA_FM_embeddings/2B8R/rnafm_t12_residue_embeddings.pt
2B8S	0	A	A	1	23	a93538b60543481f60ddadfa9ac952f33e62dba5621f3bb9d3cf5545b8a895e3	0	0	full_sequence	1	0	/storage9920/home/tinghao.xia/Data_FM/RNA_FM_embeddings/2B8S/rnafm_t12_residue_embeddings.pt
2B8S	1	B	B	1	23	a93538b60543481f60ddadfa9ac952f33e62dba5621f3bb9d3cf5545b8a895e3	0	0	full_sequence	1	0	/storage9920/home/tinghao.xia/Data_FM/RNA_FM_embeddings/2B8S/rnafm_t12_residue_embeddings.pt
2BCY	0	A	A	1	13	ac0d507cbec1843c89e84b0a947ca7b0eae4a871ba7f5bfc49e8244caf53f40b	0	0	full_sequence	1	0	/storage9920/home/tinghao.xia/Data_FM/RNA_FM_embeddings/2BCY/rnafm_t12_residue_embeddings.pt
2BCY	1	B	B	2	12	a270d953280669d6fdaaa86b933f13a2ea4bbee477543832e0f04c77e013d813	0	0	full_sequence	1	0	/storage9920/home/tinghao.xia/Data_FM/RNA_FM_embeddings/2BCY/rnafm_t12_residue_embeddings.pt
2BCY	2	C	C	3	17	941e3769daeb6747a906c7fb5ab7f5a3a2bb08623a375da40d8179c2cfde45df	0	0	full_sequence	1	0	/storage9920/home/tinghao.xia/Data_FM/RNA_FM_embeddings/2BCY/rnafm_t12_residue_embeddings.pt
2BCY	3	D	D	4	19	6f9cec5eb36aa82f7310feb000fb6dc4b386cdfed96112d0885320b0ee04a7b7	0	0	full_sequence	1	0	/storage9920/home/tinghao.xia/Data_FM/RNA_FM_embeddings/2BCY/rnafm_t12_residue_embeddings.pt
2BCZ	0	A	A	1	13	ac0d507cbec1843c89e84b0a947ca7b0eae4a871ba7f5bfc49e8244caf53f40b	0	0	full_sequence	1	0	/storage9920/home/tinghao.xia/Data_FM/RNA_FM_embeddings/2BCZ/rnafm_t12_residue_embeddings.pt
2BCZ	1	B	B	2	12	b6726ffb5ad67c9b33d9b55e1ac1cfbfe1621f8c0e3f9cf58b828d04f9646d0d	1	1	full_sequence	1	0	/storage9920/home/tinghao.xia/Data_FM/RNA_FM_embeddings/2BCZ/rnafm_t12_residue_embeddings.pt
2BCZ	2	C	C	3	17	941e3769daeb6747a906c7fb5ab7f5a3a2bb08623a375da40d8179c2cfde45df	0	0	full_sequence	1	0	/storage9920/home/tinghao.xia/Data_FM/RNA_FM_embeddings/2BCZ/rnafm_t12_residue_embeddings.pt
2BCZ	3	D	D	4	19	6f9cec5eb36aa82f7310feb000fb6dc4b386cdfed96112d0885320b0ee04a7b7	0	0	full_sequence	1	0	/storage9920/home/tinghao.xia/Data_FM/RNA_FM_embeddings/2BCZ/rnafm_t12_residue_embeddings.pt
2BE0	0	A	A	1	22	38d09bdb89c38290cbded9d3f37ba1eec7080e4580e0c8949c37ed5fe81a7555	0	0	full_sequence	1	0	/storage9920/home/tinghao.xia/Data_FM/RNA_FM_embeddings/2BE0/rnafm_t12_residue_embeddings.pt
2BE0	1	B	B	1	22	38d09bdb89c38290cbded9d3f37ba1eec7080e4580e0c8949c37ed5fe81a7555	0	0	full_sequence	1	0	/storage9920/home/tinghao.xia/Data_FM/RNA_FM_embeddings/2BE0/rnafm_t12_residue_embeddings.pt
2BEE	0	A	A	1	22	38d09bdb89c38290cbded9d3f37ba1eec7080e4580e0c8949c37ed5fe81a7555	0	0	full_sequence	1	0	/storage9920/home/tinghao.xia/Data_FM/RNA_FM_embeddings/2BEE/rnafm_t12_residue_embeddings.pt
2BEE	1	B	B	1	22	38d09bdb89c38290cbded9d3f37ba1eec7080e4580e0c8949c37ed5fe81a7555	0	0	full_sequence	1	0	/storage9920/home/tinghao.xia/Data_FM/RNA_FM_embeddings/2BEE/rnafm_t12_residue_embeddings.pt
2BJ2	0	A	A	1	21	680cd13f14aa15969f7e433e9221946688a75a2a5bddf98e04db55147b6dec30	0	0	full_sequence	1	0	/storage9920/home/tinghao.xia/Data_FM/RNA_FM_embeddings/2BJ2/rnafm_t12_residue_embeddings.pt
2BJ2	1	B	B	2	19	cbc4d36be46b9bf42d39b2edbbc9ef81c20c528f6cacfacb2b5b31956768e8aa	0	0	full_sequence	1	0	/storage9920/home/tinghao.xia/Data_FM/RNA_FM_embeddings/2BJ2/rnafm_t12_residue_embeddings.pt
2CD1	0	A	A	1	27	678329421f0937aacb4ac483d3a362abed17fb69352baa8bf2309aeb2a00632c	0	0	full_sequence	1	0	/storage9920/home/tinghao.xia/Data_FM/RNA_FM_embeddings/2CD1/rnafm_t12_residue_embeddings.pt
2CD3	0	A	A	1	27	b6eb96458cd3617760b51e10f6b2b387527bc1bce929e3729a98fdee96ec8f12	0	0	full_sequence	1	0	/storage9920/home/tinghao.xia/Data_FM/RNA_FM_embeddings/2CD3/rnafm_t12_residue_embeddings.pt
2CD5	0	A	A	1	27	678329421f0937aacb4ac483d3a362abed17fb69352baa8bf2309aeb2a00632c	0	0	full_sequence	1	0	/storage9920/home/tinghao.xia/Data_FM/RNA_FM_embeddings/2CD5/rnafm_t12_residue_embeddings.pt
2CD6	0	A	A	1	27	b6eb96458cd3617760b51e10f6b2b387527bc1bce929e3729a98fdee96ec8f12	0	0	full_sequence	1	0	/storage9920/home/tinghao.xia/Data_FM/RNA_FM_embeddings/2CD6/rnafm_t12_residue_embeddings.pt
2CKY	0	A	A	1	77	aa3a7fd94c15224490e18845b7468593fb38d62d9cc470a7260332040ab85c16	0	0	full_sequence	1	0	/storage9920/home/tinghao.xia/Data_FM/RNA_FM_embeddings/2CKY/rnafm_t12_residue_embeddings.pt
2CKY	1	B	B	1	77	aa3a7fd94c15224490e18845b7468593fb38d62d9cc470a7260332040ab85c16	0	0	full_sequence	1	0	/storage9920/home/tinghao.xia/Data_FM/RNA_FM_embeddings/2CKY/rnafm_t12_residue_embeddings.pt
2D17	0	A	A	1	16	4ac1e76965661aa4dffe4ec4e498c9429824837cbc61a67758c4d371541603fb	0	0	full_sequence	1	0	/storage9920/home/tinghao.xia/Data_FM/RNA_FM_embeddings/2D17/rnafm_t12_residue_embeddings.pt
2D17	1	B	B	2	14	91888f524a774a61f49926801c23cb2274de5ee3b7f0aee4de2404aa9fb5f738	0	0	full_sequence	1	0	/storage9920/home/tinghao.xia/Data_FM/RNA_FM_embeddings/2D17/rnafm_t12_residue_embeddings.pt
2D18	0	A	A	1	17	bb14d6c8aa09ebc1fd2fce21fa34735f2f334e835e29fed62b46ade45c8d6523	0	0	full_sequence	1	0	/storage9920/home/tinghao.xia/Data_FM/RNA_FM_embeddings/2D18/rnafm_t12_residue_embeddings.pt
2D18	1	B	B	1	17	bb14d6c8aa09ebc1fd2fce21fa34735f2f334e835e29fed62b46ade45c8d6523	0	0	full_sequence	1	0	/storage9920/home/tinghao.xia/Data_FM/RNA_FM_embeddings/2D18/rnafm_t12_residue_embeddings.pt
2D19	0	A	A	1	17	bb14d6c8aa09ebc1fd2fce21fa34735f2f334e835e29fed62b46ade45c8d6523	0	0	full_sequence	1	0	/storage9920/home/tinghao.xia/Data_FM/RNA_FM_embeddings/2D19/rnafm_t12_residue_embeddings.pt
2D19	1	B	B	1	17	bb14d6c8aa09ebc1fd2fce21fa34735f2f334e835e29fed62b46ade45c8d6523	0	0	full_sequence	1	0	/storage9920/home/tinghao.xia/Data_FM/RNA_FM_embeddings/2D19/rnafm_t12_residue_embeddings.pt
2D1A	0	A	A	1	39	d6c0c16efff44cdbf5729ec22b4b610380279b6f0e3db25bc63f512706de3f08	0	0	full_sequence	1	0	/storage9920/home/tinghao.xia/Data_FM/RNA_FM_embeddings/2D1A/rnafm_t12_residue_embeddings.pt
2D1A	1	B	B	1	39	d6c0c16efff44cdbf5729ec22b4b610380279b6f0e3db25bc63f512706de3f08	0	0	full_sequence	1	0	/storage9920/home/tinghao.xia/Data_FM/RNA_FM_embeddings/2D1A/rnafm_t12_residue_embeddings.pt
2D1B	0	A	A	1	39	d6c0c16efff44cdbf5729ec22b4b610380279b6f0e3db25bc63f512706de3f08	0	0	full_sequence	1	0	/storage9920/home/tinghao.xia/Data_FM/RNA_FM_embeddings/2D1B/rnafm_t12_residue_embeddings.pt
2D1B	1	B	B	1	39	d6c0c16efff44cdbf5729ec22b4b610380279b6f0e3db25bc63f512706de3f08	0	0	full_sequence	1	0	/storage9920/home/tinghao.xia/Data_FM/RNA_FM_embeddings/2D1B/rnafm_t12_residue_embeddings.pt
2D2K	0	A	A	1	13	ac0d507cbec1843c89e84b0a947ca7b0eae4a871ba7f5bfc49e8244caf53f40b	0	0	full_sequence	1	0	/storage9920/home/tinghao.xia/Data_FM/RNA_FM_embeddings/2D2K/rnafm_t12_residue_embeddings.pt
2D2K	1	B	B	2	12	18daab8b7928da4d89b3dfeec9a6b226fe94d1a3d77d45a2c296288ed5fdc4f6	0	0	full_sequence	1	0	/storage9920/home/tinghao.xia/Data_FM/RNA_FM_embeddings/2D2K/rnafm_t12_residue_embeddings.pt
2D2K	2	C	C	3	17	941e3769daeb6747a906c7fb5ab7f5a3a2bb08623a375da40d8179c2cfde45df	0	0	full_sequence	1	0	/storage9920/home/tinghao.xia/Data_FM/RNA_FM_embeddings/2D2K/rnafm_t12_residue_embeddings.pt
2D2K	3	D	D	4	19	4fb488ec665798c7ae270a92053a25f01263a4f6aae3212a412e3447e0d93107	0	0	full_sequence	1	0	/storage9920/home/tinghao.xia/Data_FM/RNA_FM_embeddings/2D2K/rnafm_t12_residue_embeddings.pt
2D2L	0	A	A	1	13	ac0d507cbec1843c89e84b0a947ca7b0eae4a871ba7f5bfc49e8244caf53f40b	0	0	full_sequence	1	0	/storage9920/home/tinghao.xia/Data_FM/RNA_FM_embeddings/2D2L/rnafm_t12_residue_embeddings.pt
2D2L	1	B	B	2	12	18daab8b7928da4d89b3dfeec9a6b226fe94d1a3d77d45a2c296288ed5fdc4f6	0	0	full_sequence	1	0	/storage9920/home/tinghao.xia/Data_FM/RNA_FM_embeddings/2D2L/rnafm_t12_residue_embeddings.pt
2D2L	2	C	C	3	17	941e3769daeb6747a906c7fb5ab7f5a3a2bb08623a375da40d8179c2cfde45df	0	0	full_sequence	1	0	/storage9920/home/tinghao.xia/Data_FM/RNA_FM_embeddings/2D2L/rnafm_t12_residue_embeddings.pt
2D2L	3	D	D	4	19	4b8409b119ea1cee3dc7cbee9f647283555ec4a268138bb9ecdb8d08c0d9589d	1	1	full_sequence	1	0	/storage9920/home/tinghao.xia/Data_FM/RNA_FM_embeddings/2D2L/rnafm_t12_residue_embeddings.pt
2DD1	0	A	A	1	10	56a6433cb82b06ed5b440cfeccec233b7743c7392d89df5ccbca60febc4acbf9	0	0	full_sequence	1	0	/storage9920/home/tinghao.xia/Data_FM/RNA_FM_embeddings/2DD1/rnafm_t12_residue_embeddings.pt
2DD1	1	B	B	2	10	e29ea79c4b651bf17546a66f024f0d707dca9e85a79987ace99f7a3908a94213	0	0	full_sequence	1	0	/storage9920/home/tinghao.xia/Data_FM/RNA_FM_embeddings/2DD1/rnafm_t12_residue_embeddings.pt
2DD2	0	A	A	1	10	42f3fc4845b0063156fe47ecc799839d6c41643cba8981d0a2f4afe2c6d0ca7a	0	0	full_sequence	1	0	/storage9920/home/tinghao.xia/Data_FM/RNA_FM_embeddings/2DD2/rnafm_t12_residue_embeddings.pt
2DD2	1	B	B	2	10	4e10c69030903e1651aeafed7ff047a382fcee85bf7f945bf02fc38c715d4834	0	0	full_sequence	1	0	/storage9920/home/tinghao.xia/Data_FM/RNA_FM_embeddings/2DD2/rnafm_t12_residue_embeddings.pt
2DD3	0	A	A	1	10	42f3fc4845b0063156fe47ecc799839d6c41643cba8981d0a2f4afe2c6d0ca7a	0	0	full_sequence	1	0	/storage9920/home/tinghao.xia/Data_FM/RNA_FM_embeddings/2DD3/rnafm_t12_residue_embeddings.pt
2DD3	1	B	B	2	10	4e10c69030903e1651aeafed7ff047a382fcee85bf7f945bf02fc38c715d4834	0	0	full_sequence	1	0	/storage9920/home/tinghao.xia/Data_FM/RNA_FM_embeddings/2DD3/rnafm_t12_residue_embeddings.pt
2EES	0	A	A	1	67	40e5619db5a80e272451dafeaeb2df360aa0284b65100aa2b699533733c0444b	0	0	full_sequence	1	0	/storage9920/home/tinghao.xia/Data_FM/RNA_FM_embeddings/2EES/rnafm_t12_residue_embeddings.pt
2EET	0	A	A	1	67	e529a8913d79b45de636e1ec1a3d58edd66b100fada886ef157cd3f58776b19d	0	0	full_sequence	1	0	/storage9920/home/tinghao.xia/Data_FM/RNA_FM_embeddings/2EET/rnafm_t12_residue_embeddings.pt
2EEU	0	A	A	1	67	bc4db1c0bd8aacff79a7feff7f512c917316a6296d84926f4d609598139c8982	0	0	full_sequence	1	0	/storage9920/home/tinghao.xia/Data_FM/RNA_FM_embeddings/2EEU/rnafm_t12_residue_embeddings.pt
2EEV	0	A	A	1	67	fc4f33537e52cad320e0ab5e602e00bcf8871ce7908d51f5375f3fd4d5234807	0	0	full_sequence	1	0	/storage9920/home/tinghao.xia/Data_FM/RNA_FM_embeddings/2EEV/rnafm_t12_residue_embeddings.pt
2EEW	0	A	A	1	67	2752f0824ebb0acaec23dbc3837be1e2738e4a5eb201f1ce75faa24df2c65e7a	0	0	full_sequence	1	0	/storage9920/home/tinghao.xia/Data_FM/RNA_FM_embeddings/2EEW/rnafm_t12_residue_embeddings.pt
2ES5	0	A	A	1	23	4b5621e95f041ca3970730ec29c0caf0e7403f6449d78d414de52d8593ad312d	0	0	full_sequence	1	0	/storage9920/home/tinghao.xia/Data_FM/RNA_FM_embeddings/2ES5/rnafm_t12_residue_embeddings.pt
2ESI	0	A	A	1	23	9ee20b8338479c64ee2d8e99734ce06aa442292c45f9cc3c84bdc2fe6a616b63	0	0	full_sequence	1	0	/storage9920/home/tinghao.xia/Data_FM/RNA_FM_embeddings/2ESI/rnafm_t12_residue_embeddings.pt
2ESI	1	B	B	1	23	9ee20b8338479c64ee2d8e99734ce06aa442292c45f9cc3c84bdc2fe6a616b63	0	0	full_sequence	1	0	/storage9920/home/tinghao.xia/Data_FM/RNA_FM_embeddings/2ESI/rnafm_t12_residue_embeddings.pt
2ESJ	0	A	A	1	22	38d09bdb89c38290cbded9d3f37ba1eec7080e4580e0c8949c37ed5fe81a7555	0	0	full_sequence	1	0	/storage9920/home/tinghao.xia/Data_FM/RNA_FM_embeddings/2ESJ/rnafm_t12_residue_embeddings.pt
2ESJ	1	B	B	1	22	38d09bdb89c38290cbded9d3f37ba1eec7080e4580e0c8949c37ed5fe81a7555	0	0	full_sequence	1	0	/storage9920/home/tinghao.xia/Data_FM/RNA_FM_embeddings/2ESJ/rnafm_t12_residue_embeddings.pt
2ET3	0	A	A	1	22	38d09bdb89c38290cbded9d3f37ba1eec7080e4580e0c8949c37ed5fe81a7555	0	0	full_sequence	1	0	/storage9920/home/tinghao.xia/Data_FM/RNA_FM_embeddings/2ET3/rnafm_t12_residue_embeddings.pt
2ET3	1	B	B	1	22	38d09bdb89c38290cbded9d3f37ba1eec7080e4580e0c8949c37ed5fe81a7555	0	0	full_sequence	1	0	/storage9920/home/tinghao.xia/Data_FM/RNA_FM_embeddings/2ET3/rnafm_t12_residue_embeddings.pt
2ET4	0	A	A	1	22	38d09bdb89c38290cbded9d3f37ba1eec7080e4580e0c8949c37ed5fe81a7555	0	0	full_sequence	1	0	/storage9920/home/tinghao.xia/Data_FM/RNA_FM_embeddings/2ET4/rnafm_t12_residue_embeddings.pt
2ET4	1	B	B	1	22	38d09bdb89c38290cbded9d3f37ba1eec7080e4580e0c8949c37ed5fe81a7555	0	0	full_sequence	1	0	/storage9920/home/tinghao.xia/Data_FM/RNA_FM_embeddings/2ET4/rnafm_t12_residue_embeddings.pt
2ET5	0	A	A	1	22	38d09bdb89c38290cbded9d3f37ba1eec7080e4580e0c8949c37ed5fe81a7555	0	0	full_sequence	1	0	/storage9920/home/tinghao.xia/Data_FM/RNA_FM_embeddings/2ET5/rnafm_t12_residue_embeddings.pt
2ET5	1	B	B	1	22	38d09bdb89c38290cbded9d3f37ba1eec7080e4580e0c8949c37ed5fe81a7555	0	0	full_sequence	1	0	/storage9920/home/tinghao.xia/Data_FM/RNA_FM_embeddings/2ET5/rnafm_t12_residue_embeddings.pt
2ET8	0	A	A	1	22	38d09bdb89c38290cbded9d3f37ba1eec7080e4580e0c8949c37ed5fe81a7555	0	0	full_sequence	1	0	/storage9920/home/tinghao.xia/Data_FM/RNA_FM_embeddings/2ET8/rnafm_t12_residue_embeddings.pt
2ET8	1	B	B	1	22	38d09bdb89c38290cbded9d3f37ba1eec7080e4580e0c8949c37ed5fe81a7555	0	0	full_sequence	1	0	/storage9920/home/tinghao.xia/Data_FM/RNA_FM_embeddings/2ET8/rnafm_t12_residue_embeddings.pt
2EUY	0	A	A	1	34	8d6fdedd19f5a35f029073fc3921535e95aeb1f802d629fcf7213ff254351446	0	0	full_sequence	1	0	/storage9920/home/tinghao.xia/Data_FM/RNA_FM_embeddings/2EUY/rnafm_t12_residue_embeddings.pt
2EVY	0	A	A	1	14	061ea99bfe1a471d353b99891df5f742a6847a544f60d3c5da89ff9da6ab4353	0	0	full_sequence	1	0	/storage9920/home/tinghao.xia/Data_FM/RNA_FM_embeddings/2EVY/rnafm_t12_residue_embeddings.pt
2F4S	0	A	A	1	21	aba75d864907ff836db14f0357625cec15b219f2a47cb6dc10a06ea0c187dcf0	0	0	full_sequence	1	0	/storage9920/home/tinghao.xia/Data_FM/RNA_FM_embeddings/2F4S/rnafm_t12_residue_embeddings.pt
2F4S	1	B	B	1	21	aba75d864907ff836db14f0357625cec15b219f2a47cb6dc10a06ea0c187dcf0	0	0	full_sequence	1	0	/storage9920/home/tinghao.xia/Data_FM/RNA_FM_embeddings/2F4S/rnafm_t12_residue_embeddings.pt
2F4T	0	A	A	1	21	aba75d864907ff836db14f0357625cec15b219f2a47cb6dc10a06ea0c187dcf0	0	0	full_sequence	1	0	/storage9920/home/tinghao.xia/Data_FM/RNA_FM_embeddings/2F4T/rnafm_t12_residue_embeddings.pt
2F4T	1	B	B	2	23	9ee20b8338479c64ee2d8e99734ce06aa442292c45f9cc3c84bdc2fe6a616b63	0	0	full_sequence	1	0	/storage9920/home/tinghao.xia/Data_FM/RNA_FM_embeddings/2F4T/rnafm_t12_residue_embeddings.pt
2F4U	0	A	A	1	21	aba75d864907ff836db14f0357625cec15b219f2a47cb6dc10a06ea0c187dcf0	0	0	full_sequence	1	0	/storage9920/home/tinghao.xia/Data_FM/RNA_FM_embeddings/2F4U/rnafm_t12_residue_embeddings.pt
2F4U	1	B	B	1	21	aba75d864907ff836db14f0357625cec15b219f2a47cb6dc10a06ea0c187dcf0	0	0	full_sequence	1	0	/storage9920/home/tinghao.xia/Data_FM/RNA_FM_embeddings/2F4U/rnafm_t12_residue_embeddings.pt
2F4X	0	A	A	1	24	9d29f7af02e92bdd7e94b040ecbecd39668d6421fb0d2bf028e8ae9060cc566c	0	0	full_sequence	1	0	/storage9920/home/tinghao.xia/Data_FM/RNA_FM_embeddings/2F4X/rnafm_t12_residue_embeddings.pt
2F4X	1	B	B	1	24	9d29f7af02e92bdd7e94b040ecbecd39668d6421fb0d2bf028e8ae9060cc566c	0	0	full_sequence	1	0	/storage9920/home/tinghao.xia/Data_FM/RNA_FM_embeddings/2F4X/rnafm_t12_residue_embeddings.pt
2F87	0	A	A	1	12	378926babbc505113ca522d145ff6b57372a9e6cecf680aa74b1a30f3379084b	0	0	full_sequence	1	0	/storage9920/home/tinghao.xia/Data_FM/RNA_FM_embeddings/2F87/rnafm_t12_residue_embeddings.pt
2F88	0	A	A	1	34	7085ef3265b484a73a72a80a307a0b731aa32faf1899cd44063fad615b2bc99a	0	0	full_sequence	1	0	/storage9920/home/tinghao.xia/Data_FM/RNA_FM_embeddings/2F88/rnafm_t12_residue_embeddings.pt
2FCX	0	A	A	1	23	e76f2749335f10c04db0879400760981d601123c644cdbed91b68b4776a1b98d	0	0	full_sequence	1	0	/storage9920/home/tinghao.xia/Data_FM/RNA_FM_embeddings/2FCX/rnafm_t12_residue_embeddings.pt
2FCX	1	B	B	1	23	e76f2749335f10c04db0879400760981d601123c644cdbed91b68b4776a1b98d	0	0	full_sequence	1	0	/storage9920/home/tinghao.xia/Data_FM/RNA_FM_embeddings/2FCX/rnafm_t12_residue_embeddings.pt
2FCY	0	A	A	1	23	e76f2749335f10c04db0879400760981d601123c644cdbed91b68b4776a1b98d	0	0	full_sequence	1	0	/storage9920/home/tinghao.xia/Data_FM/RNA_FM_embeddings/2FCY/rnafm_t12_residue_embeddings.pt
2FCY	1	B	B	1	23	e76f2749335f10c04db0879400760981d601123c644cdbed91b68b4776a1b98d	0	0	full_sequence	1	0	/storage9920/home/tinghao.xia/Data_FM/RNA_FM_embeddings/2FCY/rnafm_t12_residue_embeddings.pt
2FCZ	0	A	A	1	23	e76f2749335f10c04db0879400760981d601123c644cdbed91b68b4776a1b98d	0	0	full_sequence	1	0	/storage9920/home/tinghao.xia/Data_FM/RNA_FM_embeddings/2FCZ/rnafm_t12_residue_embeddings.pt
2FCZ	1	B	B	1	23	e76f2749335f10c04db0879400760981d601123c644cdbed91b68b4776a1b98d	0	0	full_sequence	1	0	/storage9920/home/tinghao.xia/Data_FM/RNA_FM_embeddings/2FCZ/rnafm_t12_residue_embeddings.pt
2FCZ	2	C	C	1	23	e76f2749335f10c04db0879400760981d601123c644cdbed91b68b4776a1b98d	0	0	full_sequence	1	0	/storage9920/home/tinghao.xia/Data_FM/RNA_FM_embeddings/2FCZ/rnafm_t12_residue_embeddings.pt
2FCZ	3	D	D	1	23	e76f2749335f10c04db0879400760981d601123c644cdbed91b68b4776a1b98d	0	0	full_sequence	1	0	/storage9920/home/tinghao.xia/Data_FM/RNA_FM_embeddings/2FCZ/rnafm_t12_residue_embeddings.pt
2FD0	0	A	A	1	23	e76f2749335f10c04db0879400760981d601123c644cdbed91b68b4776a1b98d	0	0	full_sequence	1	0	/storage9920/home/tinghao.xia/Data_FM/RNA_FM_embeddings/2FD0/rnafm_t12_residue_embeddings.pt
2FD0	1	B	B	1	23	e76f2749335f10c04db0879400760981d601123c644cdbed91b68b4776a1b98d	0	0	full_sequence	1	0	/storage9920/home/tinghao.xia/Data_FM/RNA_FM_embeddings/2FD0/rnafm_t12_residue_embeddings.pt
2FDT	0	A	A	1	36	07aa3a4979e6ac5c98a7e7bb27bc57c7a94b3d70b34cda23f8a6785443b6d111	0	0	full_sequence	1	0	/storage9920/home/tinghao.xia/Data_FM/RNA_FM_embeddings/2FDT/rnafm_t12_residue_embeddings.pt
2FEY	0	A	A	1	43	a1903859f9746cbbb25a03f87ac2a97645c1b9efc085d6242f3aa783b12fe63d	0	0	full_sequence	1	0	/storage9920/home/tinghao.xia/Data_FM/RNA_FM_embeddings/2FEY/rnafm_t12_residue_embeddings.pt
2FGP	0	A	A	1	13	ac0d507cbec1843c89e84b0a947ca7b0eae4a871ba7f5bfc49e8244caf53f40b	0	0	full_sequence	1	0	/storage9920/home/tinghao.xia/Data_FM/RNA_FM_embeddings/2FGP/rnafm_t12_residue_embeddings.pt
2FGP	1	B	B	2	12	18daab8b7928da4d89b3dfeec9a6b226fe94d1a3d77d45a2c296288ed5fdc4f6	0	0	full_sequence	1	0	/storage9920/home/tinghao.xia/Data_FM/RNA_FM_embeddings/2FGP/rnafm_t12_residue_embeddings.pt
2FGP	2	C	C	3	17	941e3769daeb6747a906c7fb5ab7f5a3a2bb08623a375da40d8179c2cfde45df	0	0	full_sequence	1	0	/storage9920/home/tinghao.xia/Data_FM/RNA_FM_embeddings/2FGP/rnafm_t12_residue_embeddings.pt
2FGP	3	D	D	4	19	6f9cec5eb36aa82f7310feb000fb6dc4b386cdfed96112d0885320b0ee04a7b7	0	0	full_sequence	1	0	/storage9920/home/tinghao.xia/Data_FM/RNA_FM_embeddings/2FGP/rnafm_t12_residue_embeddings.pt
2FQN	0	A	A	1	23	ffe56e2cc2fcd5d99b11a85d1d2f04672ae11d0406004b2eb674a4381b6f8676	0	0	full_sequence	1	0	/storage9920/home/tinghao.xia/Data_FM/RNA_FM_embeddings/2FQN/rnafm_t12_residue_embeddings.pt
2FQN	1	B	B	1	23	ffe56e2cc2fcd5d99b11a85d1d2f04672ae11d0406004b2eb674a4381b6f8676	0	0	full_sequence	1	0	/storage9920/home/tinghao.xia/Data_FM/RNA_FM_embeddings/2FQN/rnafm_t12_residue_embeddings.pt
2G1G	0	A	A	1	17	27e67a2d94a5d34358559c0a11bb5353ace01402acded9e6010a63da9f643926	0	0	full_sequence	1	0	/storage9920/home/tinghao.xia/Data_FM/RNA_FM_embeddings/2G1G/rnafm_t12_residue_embeddings.pt
2G1W	0	A	A	1	22	0060567eb66fd850c09c9b6719dbde7f9e9f12b35b725c0f1d68256b8ee4cc73	0	0	full_sequence	1	0	/storage9920/home/tinghao.xia/Data_FM/RNA_FM_embeddings/2G1W/rnafm_t12_residue_embeddings.pt
2G32	0	K	A	1	8	7105b796103ce9b418783d61f397dea1182e29260803c1220c0fca7830cb1223	0	0	full_sequence	1	0	/storage9920/home/tinghao.xia/Data_FM/RNA_FM_embeddings/2G32/rnafm_t12_residue_embeddings.pt
2G32	1	M	B	1	8	7105b796103ce9b418783d61f397dea1182e29260803c1220c0fca7830cb1223	0	0	full_sequence	1	0	/storage9920/home/tinghao.xia/Data_FM/RNA_FM_embeddings/2G32/rnafm_t12_residue_embeddings.pt
2G32	2	L	C	2	8	c436a8b480d440fd32b7040fa6ac7e7693aa503ef65cfd457de46f7f71fd6583	0	0	full_sequence	1	0	/storage9920/home/tinghao.xia/Data_FM/RNA_FM_embeddings/2G32/rnafm_t12_residue_embeddings.pt
2G32	3	N	D	2	8	c436a8b480d440fd32b7040fa6ac7e7693aa503ef65cfd457de46f7f71fd6583	0	0	full_sequence	1	0	/storage9920/home/tinghao.xia/Data_FM/RNA_FM_embeddings/2G32/rnafm_t12_residue_embeddings.pt
2G3S	0	A	A	1	8	4a1a2c6383839091255f4f0e19ae17b1cbca16af1b8a67b90478d52a3b617d94	0	0	full_sequence	1	0	/storage9920/home/tinghao.xia/Data_FM/RNA_FM_embeddings/2G3S/rnafm_t12_residue_embeddings.pt
2G3S	1	B	B	1	8	4a1a2c6383839091255f4f0e19ae17b1cbca16af1b8a67b90478d52a3b617d94	0	0	full_sequence	1	0	/storage9920/home/tinghao.xia/Data_FM/RNA_FM_embeddings/2G3S/rnafm_t12_residue_embeddings.pt
2G3S	2	C	C	1	8	4a1a2c6383839091255f4f0e19ae17b1cbca16af1b8a67b90478d52a3b617d94	0	0	full_sequence	1	0	/storage9920/home/tinghao.xia/Data_FM/RNA_FM_embeddings/2G3S/rnafm_t12_residue_embeddings.pt
2G3S	3	D	D	1	8	4a1a2c6383839091255f4f0e19ae17b1cbca16af1b8a67b90478d52a3b617d94	0	0	full_sequence	1	0	/storage9920/home/tinghao.xia/Data_FM/RNA_FM_embeddings/2G3S/rnafm_t12_residue_embeddings.pt
2G3S	4	E	E	1	8	4a1a2c6383839091255f4f0e19ae17b1cbca16af1b8a67b90478d52a3b617d94	0	0	full_sequence	1	0	/storage9920/home/tinghao.xia/Data_FM/RNA_FM_embeddings/2G3S/rnafm_t12_residue_embeddings.pt
2G3S	5	F	F	1	8	4a1a2c6383839091255f4f0e19ae17b1cbca16af1b8a67b90478d52a3b617d94	0	0	full_sequence	1	0	/storage9920/home/tinghao.xia/Data_FM/RNA_FM_embeddings/2G3S/rnafm_t12_residue_embeddings.pt
2G3S	6	G	G	1	8	4a1a2c6383839091255f4f0e19ae17b1cbca16af1b8a67b90478d52a3b617d94	0	0	full_sequence	1	0	/storage9920/home/tinghao.xia/Data_FM/RNA_FM_embeddings/2G3S/rnafm_t12_residue_embeddings.pt
2G3S	7	H	H	1	8	4a1a2c6383839091255f4f0e19ae17b1cbca16af1b8a67b90478d52a3b617d94	0	0	full_sequence	1	0	/storage9920/home/tinghao.xia/Data_FM/RNA_FM_embeddings/2G3S/rnafm_t12_residue_embeddings.pt
2G3S	8	I	I	1	8	4a1a2c6383839091255f4f0e19ae17b1cbca16af1b8a67b90478d52a3b617d94	0	0	full_sequence	1	0	/storage9920/home/tinghao.xia/Data_FM/RNA_FM_embeddings/2G3S/rnafm_t12_residue_embeddings.pt
2G3S	9	J	J	1	8	4a1a2c6383839091255f4f0e19ae17b1cbca16af1b8a67b90478d52a3b617d94	0	0	full_sequence	1	0	/storage9920/home/tinghao.xia/Data_FM/RNA_FM_embeddings/2G3S/rnafm_t12_residue_embeddings.pt
2G5K	0	A	A	1	23	ffe56e2cc2fcd5d99b11a85d1d2f04672ae11d0406004b2eb674a4381b6f8676	0	0	full_sequence	1	0	/storage9920/home/tinghao.xia/Data_FM/RNA_FM_embeddings/2G5K/rnafm_t12_residue_embeddings.pt
2G5K	1	B	B	1	23	ffe56e2cc2fcd5d99b11a85d1d2f04672ae11d0406004b2eb674a4381b6f8676	0	0	full_sequence	1	0	/storage9920/home/tinghao.xia/Data_FM/RNA_FM_embeddings/2G5K/rnafm_t12_residue_embeddings.pt
2G91	0	A	A	1	9	074f88fd06e136a85dccfb1816b58de47d0417f64a126770cd26d12733fa9d60	0	0	full_sequence	1	0	/storage9920/home/tinghao.xia/Data_FM/RNA_FM_embeddings/2G91/rnafm_t12_residue_embeddings.pt
2G91	1	B	B	1	9	074f88fd06e136a85dccfb1816b58de47d0417f64a126770cd26d12733fa9d60	0	0	full_sequence	1	0	/storage9920/home/tinghao.xia/Data_FM/RNA_FM_embeddings/2G91/rnafm_t12_residue_embeddings.pt
2G92	0	A	A	1	12	6c6e797fd3e40bfe6685574881390a61a7f0f5876b10f094a577ee15c31c4a58	1	0	full_sequence	1	0	/storage9920/home/tinghao.xia/Data_FM/RNA_FM_embeddings/2G92/rnafm_t12_residue_embeddings.pt
2G92	1	B	B	1	12	6c6e797fd3e40bfe6685574881390a61a7f0f5876b10f094a577ee15c31c4a58	1	0	full_sequence	1	0	/storage9920/home/tinghao.xia/Data_FM/RNA_FM_embeddings/2G92/rnafm_t12_residue_embeddings.pt
2G9C	0	A	A	1	67	7892d875b55547edc8377abc51ea23862c54df6325a87441a1191b8a28277ddb	0	0	full_sequence	1	0	/storage9920/home/tinghao.xia/Data_FM/RNA_FM_embeddings/2G9C/rnafm_t12_residue_embeddings.pt
2GBH	0	A	A	1	24	324f477d0d4e3b7f7b729fbcd292eb8ca44d82a9274aa19c64ace9daf6b5eff4	1	1	full_sequence	1	0	/storage9920/home/tinghao.xia/Data_FM/RNA_FM_embeddings/2GBH/rnafm_t12_residue_embeddings.pt
2GCS	0	A	A	1	27	802b9cf81d7b38878d737b472bb45d9d2a2b8299ccbfa50dc329423fb20d2c23	1	1	full_sequence	1	0	/storage9920/home/tinghao.xia/Data_FM/RNA_FM_embeddings/2GCS/rnafm_t12_residue_embeddings.pt
2GCS	1	B	B	2	125	b6c600f87b4a1be9215be908e3dd38d2b31649995801877526bd9223bb5c7df8	0	0	full_sequence	1	0	/storage9920/home/tinghao.xia/Data_FM/RNA_FM_embeddings/2GCS/rnafm_t12_residue_embeddings.pt
2GCV	0	A	A	1	26	b6d5dcf1c01644c7a721ef63157d26dbc080bc6daa59b7fcd6628e200c082791	0	0	full_sequence	1	0	/storage9920/home/tinghao.xia/Data_FM/RNA_FM_embeddings/2GCV/rnafm_t12_residue_embeddings.pt
2GCV	1	B	B	2	125	b6c600f87b4a1be9215be908e3dd38d2b31649995801877526bd9223bb5c7df8	0	0	full_sequence	1	0	/storage9920/home/tinghao.xia/Data_FM/RNA_FM_embeddings/2GCV/rnafm_t12_residue_embeddings.pt
2GDI	0	X	A	1	80	f4d7e73ea2ea7690455566e1bdc377ee2212b8b4d218fa3a39b4cc6676202a59	0	0	full_sequence	1	0	/storage9920/home/tinghao.xia/Data_FM/RNA_FM_embeddings/2GDI/rnafm_t12_residue_embeddings.pt
2GDI	1	Y	B	1	80	f4d7e73ea2ea7690455566e1bdc377ee2212b8b4d218fa3a39b4cc6676202a59	0	0	full_sequence	1	0	/storage9920/home/tinghao.xia/Data_FM/RNA_FM_embeddings/2GDI/rnafm_t12_residue_embeddings.pt
2GIO	0	A	A	1	29	d9ae9c08d394564c4f03a9fee6aa9f16f6e5d85d6ae4f9478e10ca5c3c827c16	0	0	full_sequence	1	0	/storage9920/home/tinghao.xia/Data_FM/RNA_FM_embeddings/2GIO/rnafm_t12_residue_embeddings.pt
2GIP	0	A	A	1	28	e2d0f0228fd2741c95ad3d785ce0d536062e795dc1badffee9a854311d942721	0	0	full_sequence	1	0	/storage9920/home/tinghao.xia/Data_FM/RNA_FM_embeddings/2GIP/rnafm_t12_residue_embeddings.pt
2GIS	0	A	A	1	94	dc4242fc9a336d0e77a307fabd02023c2aa19fe2d06e6fe4d2219868816bfc5f	0	0	full_sequence	1	0	/storage9920/home/tinghao.xia/Data_FM/RNA_FM_embeddings/2GIS/rnafm_t12_residue_embeddings.pt
2GM0	0	A	A	1	35	49e00cc893e45f4c66e744266aa1f0fa3522ab7fb695788a6c7f1610e2953c04	0	0	full_sequence	1	0	/storage9920/home/tinghao.xia/Data_FM/RNA_FM_embeddings/2GM0/rnafm_t12_residue_embeddings.pt
2GM0	1	B	B	1	35	49e00cc893e45f4c66e744266aa1f0fa3522ab7fb695788a6c7f1610e2953c04	0	0	full_sequence	1	0	/storage9920/home/tinghao.xia/Data_FM/RNA_FM_embeddings/2GM0/rnafm_t12_residue_embeddings.pt
2GPM	0	K	A	1	8	7105b796103ce9b418783d61f397dea1182e29260803c1220c0fca7830cb1223	0	0	full_sequence	1	0	/storage9920/home/tinghao.xia/Data_FM/RNA_FM_embeddings/2GPM/rnafm_t12_residue_embeddings.pt
2GPM	1	M	B	1	8	7105b796103ce9b418783d61f397dea1182e29260803c1220c0fca7830cb1223	0	0	full_sequence	1	0	/storage9920/home/tinghao.xia/Data_FM/RNA_FM_embeddings/2GPM/rnafm_t12_residue_embeddings.pt
2GPM	2	L	C	2	8	c436a8b480d440fd32b7040fa6ac7e7693aa503ef65cfd457de46f7f71fd6583	0	0	full_sequence	1	0	/storage9920/home/tinghao.xia/Data_FM/RNA_FM_embeddings/2GPM/rnafm_t12_residue_embeddings.pt
2GPM	3	N	D	2	8	c436a8b480d440fd32b7040fa6ac7e7693aa503ef65cfd457de46f7f71fd6583	0	0	full_sequence	1	0	/storage9920/home/tinghao.xia/Data_FM/RNA_FM_embeddings/2GPM/rnafm_t12_residue_embeddings.pt
2GQ4	0	K	A	1	8	7105b796103ce9b418783d61f397dea1182e29260803c1220c0fca7830cb1223	0	0	full_sequence	1	0	/storage9920/home/tinghao.xia/Data_FM/RNA_FM_embeddings/2GQ4/rnafm_t12_residue_embeddings.pt
2GQ4	1	M	B	1	8	7105b796103ce9b418783d61f397dea1182e29260803c1220c0fca7830cb1223	0	0	full_sequence	1	0	/storage9920/home/tinghao.xia/Data_FM/RNA_FM_embeddings/2GQ4/rnafm_t12_residue_embeddings.pt
2GQ4	2	L	C	2	8	c436a8b480d440fd32b7040fa6ac7e7693aa503ef65cfd457de46f7f71fd6583	0	0	full_sequence	1	0	/storage9920/home/tinghao.xia/Data_FM/RNA_FM_embeddings/2GQ4/rnafm_t12_residue_embeddings.pt
2GQ4	3	N	D	2	8	c436a8b480d440fd32b7040fa6ac7e7693aa503ef65cfd457de46f7f71fd6583	0	0	full_sequence	1	0	/storage9920/home/tinghao.xia/Data_FM/RNA_FM_embeddings/2GQ4/rnafm_t12_residue_embeddings.pt
2GQ5	0	K	A	1	8	7105b796103ce9b418783d61f397dea1182e29260803c1220c0fca7830cb1223	0	0	full_sequence	1	0	/storage9920/home/tinghao.xia/Data_FM/RNA_FM_embeddings/2GQ5/rnafm_t12_residue_embeddings.pt
2GQ5	1	M	B	1	8	7105b796103ce9b418783d61f397dea1182e29260803c1220c0fca7830cb1223	0	0	full_sequence	1	0	/storage9920/home/tinghao.xia/Data_FM/RNA_FM_embeddings/2GQ5/rnafm_t12_residue_embeddings.pt
2GQ5	2	L	C	2	8	c436a8b480d440fd32b7040fa6ac7e7693aa503ef65cfd457de46f7f71fd6583	0	0	full_sequence	1	0	/storage9920/home/tinghao.xia/Data_FM/RNA_FM_embeddings/2GQ5/rnafm_t12_residue_embeddings.pt
2GQ5	3	N	D	2	8	c436a8b480d440fd32b7040fa6ac7e7693aa503ef65cfd457de46f7f71fd6583	0	0	full_sequence	1	0	/storage9920/home/tinghao.xia/Data_FM/RNA_FM_embeddings/2GQ5/rnafm_t12_residue_embeddings.pt
2GQ6	0	K	A	1	8	7105b796103ce9b418783d61f397dea1182e29260803c1220c0fca7830cb1223	0	0	full_sequence	1	0	/storage9920/home/tinghao.xia/Data_FM/RNA_FM_embeddings/2GQ6/rnafm_t12_residue_embeddings.pt
2GQ6	1	M	B	1	8	7105b796103ce9b418783d61f397dea1182e29260803c1220c0fca7830cb1223	0	0	full_sequence	1	0	/storage9920/home/tinghao.xia/Data_FM/RNA_FM_embeddings/2GQ6/rnafm_t12_residue_embeddings.pt
2GQ6	2	L	C	2	8	c436a8b480d440fd32b7040fa6ac7e7693aa503ef65cfd457de46f7f71fd6583	0	0	full_sequence	1	0	/storage9920/home/tinghao.xia/Data_FM/RNA_FM_embeddings/2GQ6/rnafm_t12_residue_embeddings.pt
2GQ6	3	N	D	2	8	c436a8b480d440fd32b7040fa6ac7e7693aa503ef65cfd457de46f7f71fd6583	0	0	full_sequence	1	0	/storage9920/home/tinghao.xia/Data_FM/RNA_FM_embeddings/2GQ6/rnafm_t12_residue_embeddings.pt
2GQ7	0	K	A	1	8	7105b796103ce9b418783d61f397dea1182e29260803c1220c0fca7830cb1223	0	0	full_sequence	1	0	/storage9920/home/tinghao.xia/Data_FM/RNA_FM_embeddings/2GQ7/rnafm_t12_residue_embeddings.pt
2GQ7	1	M	B	1	8	7105b796103ce9b418783d61f397dea1182e29260803c1220c0fca7830cb1223	0	0	full_sequence	1	0	/storage9920/home/tinghao.xia/Data_FM/RNA_FM_embeddings/2GQ7/rnafm_t12_residue_embeddings.pt
2GQ7	2	L	C	2	8	c436a8b480d440fd32b7040fa6ac7e7693aa503ef65cfd457de46f7f71fd6583	0	0	full_sequence	1	0	/storage9920/home/tinghao.xia/Data_FM/RNA_FM_embeddings/2GQ7/rnafm_t12_residue_embeddings.pt
2GQ7	3	N	D	2	8	c436a8b480d440fd32b7040fa6ac7e7693aa503ef65cfd457de46f7f71fd6583	0	0	full_sequence	1	0	/storage9920/home/tinghao.xia/Data_FM/RNA_FM_embeddings/2GQ7/rnafm_t12_residue_embeddings.pt
2GRB	0	A	A	1	6	ad53b8e360849c7171598d08f89fc467a851a55d9bb0c4bcedd0cf3b6dbb2528	1	1	full_sequence	1	0	/storage9920/home/tinghao.xia/Data_FM/RNA_FM_embeddings/2GRB/rnafm_t12_residue_embeddings.pt
2GRB	1	B	B	1	6	ad53b8e360849c7171598d08f89fc467a851a55d9bb0c4bcedd0cf3b6dbb2528	1	1	full_sequence	1	0	/storage9920/home/tinghao.xia/Data_FM/RNA_FM_embeddings/2GRB/rnafm_t12_residue_embeddings.pt
2GRB	2	C	C	1	6	ad53b8e360849c7171598d08f89fc467a851a55d9bb0c4bcedd0cf3b6dbb2528	1	1	full_sequence	1	0	/storage9920/home/tinghao.xia/Data_FM/RNA_FM_embeddings/2GRB/rnafm_t12_residue_embeddings.pt
2GRB	3	D	D	1	6	ad53b8e360849c7171598d08f89fc467a851a55d9bb0c4bcedd0cf3b6dbb2528	1	1	full_sequence	1	0	/storage9920/home/tinghao.xia/Data_FM/RNA_FM_embeddings/2GRB/rnafm_t12_residue_embeddings.pt
2GRB	4	E	E	1	6	ad53b8e360849c7171598d08f89fc467a851a55d9bb0c4bcedd0cf3b6dbb2528	1	1	full_sequence	1	0	/storage9920/home/tinghao.xia/Data_FM/RNA_FM_embeddings/2GRB/rnafm_t12_residue_embeddings.pt
2GRB	5	F	F	1	6	ad53b8e360849c7171598d08f89fc467a851a55d9bb0c4bcedd0cf3b6dbb2528	1	1	full_sequence	1	0	/storage9920/home/tinghao.xia/Data_FM/RNA_FM_embeddings/2GRB/rnafm_t12_residue_embeddings.pt
2GRB	6	G	G	1	6	ad53b8e360849c7171598d08f89fc467a851a55d9bb0c4bcedd0cf3b6dbb2528	1	1	full_sequence	1	0	/storage9920/home/tinghao.xia/Data_FM/RNA_FM_embeddings/2GRB/rnafm_t12_residue_embeddings.pt
2GRB	7	H	H	1	6	ad53b8e360849c7171598d08f89fc467a851a55d9bb0c4bcedd0cf3b6dbb2528	1	1	full_sequence	1	0	/storage9920/home/tinghao.xia/Data_FM/RNA_FM_embeddings/2GRB/rnafm_t12_residue_embeddings.pt
2GRW	0	A	A	1	22	5e42a66e3aac357608642a45b495d211b235336db0da3d23df4196400e7e4e37	0	0	full_sequence	1	0	/storage9920/home/tinghao.xia/Data_FM/RNA_FM_embeddings/2GRW/rnafm_t12_residue_embeddings.pt
2GV3	0	A	A	1	22	7061660cf6a29896550db6dae49bf4e633cd18c9f1684101e75f2a240554c83b	0	0	full_sequence	1	0	/storage9920/home/tinghao.xia/Data_FM/RNA_FM_embeddings/2GV3/rnafm_t12_residue_embeddings.pt
2GV4	0	A	A	1	22	067fe397a87be42e5cf5f0738a8be706cdca1a294c55cf1ea1c7e0413439bf93	0	0	full_sequence	1	0	/storage9920/home/tinghao.xia/Data_FM/RNA_FM_embeddings/2GV4/rnafm_t12_residue_embeddings.pt
2GVO	0	A	A	1	18	3580f76e1a24310b771a09aea95c182e968de2ee9bf7cd05e6943185619b4a9a	0	0	full_sequence	1	0	/storage9920/home/tinghao.xia/Data_FM/RNA_FM_embeddings/2GVO/rnafm_t12_residue_embeddings.pt
2H0W	0	A	A	1	26	b6d5dcf1c01644c7a721ef63157d26dbc080bc6daa59b7fcd6628e200c082791	0	0	full_sequence	1	0	/storage9920/home/tinghao.xia/Data_FM/RNA_FM_embeddings/2H0W/rnafm_t12_residue_embeddings.pt
2H0W	1	B	B	2	125	b6c600f87b4a1be9215be908e3dd38d2b31649995801877526bd9223bb5c7df8	0	0	full_sequence	1	0	/storage9920/home/tinghao.xia/Data_FM/RNA_FM_embeddings/2H0W/rnafm_t12_residue_embeddings.pt
2H0X	0	A	A	1	27	802b9cf81d7b38878d737b472bb45d9d2a2b8299ccbfa50dc329423fb20d2c23	1	1	full_sequence	1	0	/storage9920/home/tinghao.xia/Data_FM/RNA_FM_embeddings/2H0X/rnafm_t12_residue_embeddings.pt
2H0X	1	B	B	2	125	b6c600f87b4a1be9215be908e3dd38d2b31649995801877526bd9223bb5c7df8	0	0	full_sequence	1	0	/storage9920/home/tinghao.xia/Data_FM/RNA_FM_embeddings/2H0X/rnafm_t12_residue_embeddings.pt
2H1M	0	A	A	1	16	231d46f677edb50ac6ec9a09d7c4d08d76fe77eefccc59a38bed35fc57307040	0	0	full_sequence	1	0	/storage9920/home/tinghao.xia/Data_FM/RNA_FM_embeddings/2H1M/rnafm_t12_residue_embeddings.pt
2H1M	1	B	B	1	16	231d46f677edb50ac6ec9a09d7c4d08d76fe77eefccc59a38bed35fc57307040	0	0	full_sequence	1	0	/storage9920/home/tinghao.xia/Data_FM/RNA_FM_embeddings/2H1M/rnafm_t12_residue_embeddings.pt
2H49	0	A	A	1	9	bef4146e3923f716e369f53afb9f29cd6b57c583bdc60e86960e8a64237e78f7	0	0	full_sequence	1	0	/storage9920/home/tinghao.xia/Data_FM/RNA_FM_embeddings/2H49/rnafm_t12_residue_embeddings.pt
2H49	1	B	B	2	9	b80d3f0ad3599bcd6d3389a0b9df9d52850cb5832d7305d9d4c293a18778ffea	0	0	full_sequence	1	0	/storage9920/home/tinghao.xia/Data_FM/RNA_FM_embeddings/2H49/rnafm_t12_residue_embeddings.pt
2HEM	0	A	A	1	24	79de4a35d14dc47693a23a41cca031903e88132969219393bca2a17709856bd0	0	0	full_sequence	1	0	/storage9920/home/tinghao.xia/Data_FM/RNA_FM_embeddings/2HEM/rnafm_t12_residue_embeddings.pt
2HNS	0	A	A	1	22	7ead77388e953fc40d7d38a9307a9e7e538d145868e9d6680b6047a9905cca01	0	0	full_sequence	1	0	/storage9920/home/tinghao.xia/Data_FM/RNA_FM_embeddings/2HNS/rnafm_t12_residue_embeddings.pt
2HO6	0	A	A	1	27	9f3697f79587881b7586d1453cee1c9f62d767ac511dc5099338b2310339bb9a	0	0	full_sequence	1	0	/storage9920/home/tinghao.xia/Data_FM/RNA_FM_embeddings/2HO6/rnafm_t12_residue_embeddings.pt
2HO6	1	B	B	2	125	b6c600f87b4a1be9215be908e3dd38d2b31649995801877526bd9223bb5c7df8	0	0	full_sequence	1	0	/storage9920/home/tinghao.xia/Data_FM/RNA_FM_embeddings/2HO6/rnafm_t12_residue_embeddings.pt
2HO7	0	A	A	1	27	9f3697f79587881b7586d1453cee1c9f62d767ac511dc5099338b2310339bb9a	0	0	full_sequence	1	0	/storage9920/home/tinghao.xia/Data_FM/RNA_FM_embeddings/2HO7/rnafm_t12_residue_embeddings.pt
2HO7	1	B	B	2	125	b6c600f87b4a1be9215be908e3dd38d2b31649995801877526bd9223bb5c7df8	0	0	full_sequence	1	0	/storage9920/home/tinghao.xia/Data_FM/RNA_FM_embeddings/2HO7/rnafm_t12_residue_embeddings.pt
2HOJ	0	A	A	1	83	79dc9078a98d9e05e7a644ce8cd19e5a54fe597adc0f6f83a7cd865a4dbfab21	0	0	full_sequence	1	0	/storage9920/home/tinghao.xia/Data_FM/RNA_FM_embeddings/2HOJ/rnafm_t12_residue_embeddings.pt
2HOK	0	A	A	1	83	79dc9078a98d9e05e7a644ce8cd19e5a54fe597adc0f6f83a7cd865a4dbfab21	0	0	full_sequence	1	0	/storage9920/home/tinghao.xia/Data_FM/RNA_FM_embeddings/2HOK/rnafm_t12_residue_embeddings.pt
2HOL	0	A	A	1	83	79dc9078a98d9e05e7a644ce8cd19e5a54fe597adc0f6f83a7cd865a4dbfab21	0	0	full_sequence	1	0	/storage9920/home/tinghao.xia/Data_FM/RNA_FM_embeddings/2HOL/rnafm_t12_residue_embeddings.pt
2HOM	0	A	A	1	83	79dc9078a98d9e05e7a644ce8cd19e5a54fe597adc0f6f83a7cd865a4dbfab21	0	0	full_sequence	1	0	/storage9920/home/tinghao.xia/Data_FM/RNA_FM_embeddings/2HOM/rnafm_t12_residue_embeddings.pt
2HOO	0	A	A	1	83	79dc9078a98d9e05e7a644ce8cd19e5a54fe597adc0f6f83a7cd865a4dbfab21	0	0	full_sequence	1	0	/storage9920/home/tinghao.xia/Data_FM/RNA_FM_embeddings/2HOO/rnafm_t12_residue_embeddings.pt
2HOP	0	A	A	1	83	79dc9078a98d9e05e7a644ce8cd19e5a54fe597adc0f6f83a7cd865a4dbfab21	0	0	full_sequence	1	0	/storage9920/home/tinghao.xia/Data_FM/RNA_FM_embeddings/2HOP/rnafm_t12_residue_embeddings.pt
2HUA	0	A	A	1	40	65d6b9b8b9f0fc1c45b5ec93fe3be45dfd49fea47a2a77512b98ee61015bf253	0	0	full_sequence	1	0	/storage9920/home/tinghao.xia/Data_FM/RNA_FM_embeddings/2HUA/rnafm_t12_residue_embeddings.pt
2I7E	0	A	A	1	43	5598cc7e04f20e555893d1d56058ffe6267d9af710076eab1f5fa39c1e290313	0	0	full_sequence	1	0	/storage9920/home/tinghao.xia/Data_FM/RNA_FM_embeddings/2I7E/rnafm_t12_residue_embeddings.pt
2I7E	1	B	B	1	43	5598cc7e04f20e555893d1d56058ffe6267d9af710076eab1f5fa39c1e290313	0	0	full_sequence	1	0	/storage9920/home/tinghao.xia/Data_FM/RNA_FM_embeddings/2I7E/rnafm_t12_residue_embeddings.pt
2I7Z	0	A	A	1	43	5598cc7e04f20e555893d1d56058ffe6267d9af710076eab1f5fa39c1e290313	0	0	full_sequence	1	0	/storage9920/home/tinghao.xia/Data_FM/RNA_FM_embeddings/2I7Z/rnafm_t12_residue_embeddings.pt
2I7Z	1	B	B	1	43	5598cc7e04f20e555893d1d56058ffe6267d9af710076eab1f5fa39c1e290313	0	0	full_sequence	1	0	/storage9920/home/tinghao.xia/Data_FM/RNA_FM_embeddings/2I7Z/rnafm_t12_residue_embeddings.pt
2IL9	0	A	A	1	142	eddb60d34affa0ef192a6e34e414f12fcc7f3e84b483b525859f683abe1ced45	0	0	full_sequence	1	0	/storage9920/home/tinghao.xia/Data_FM/RNA_FM_embeddings/2IL9/rnafm_t12_residue_embeddings.pt
2IL9	1	M	B	1	142	eddb60d34affa0ef192a6e34e414f12fcc7f3e84b483b525859f683abe1ced45	0	0	full_sequence	1	0	/storage9920/home/tinghao.xia/Data_FM/RNA_FM_embeddings/2IL9/rnafm_t12_residue_embeddings.pt
2IRN	0	A	A	1	9	12bd7352206c59f036f4843c7c37d50938d46c652972ed600d4751cde222bac9	0	0	full_sequence	1	0	/storage9920/home/tinghao.xia/Data_FM/RNA_FM_embeddings/2IRN/rnafm_t12_residue_embeddings.pt
2IRN	1	B	B	1	9	12bd7352206c59f036f4843c7c37d50938d46c652972ed600d4751cde222bac9	0	0	full_sequence	1	0	/storage9920/home/tinghao.xia/Data_FM/RNA_FM_embeddings/2IRN/rnafm_t12_residue_embeddings.pt
2IRO	0	A	A	1	9	f519fcb6cef81e51ac76e5a986be01b45b52781a7d81767bc9e0a26d047edd91	0	0	full_sequence	1	0	/storage9920/home/tinghao.xia/Data_FM/RNA_FM_embeddings/2IRO/rnafm_t12_residue_embeddings.pt
2IRO	1	B	B	1	9	f519fcb6cef81e51ac76e5a986be01b45b52781a7d81767bc9e0a26d047edd91	0	0	full_sequence	1	0	/storage9920/home/tinghao.xia/Data_FM/RNA_FM_embeddings/2IRO/rnafm_t12_residue_embeddings.pt
2IXY	0	A	A	1	27	b2f5cee11c5f1c3bac5ac0a30aa2bbdccec7193381edbbbdafe5fb9651b2d186	0	0	full_sequence	1	0	/storage9920/home/tinghao.xia/Data_FM/RNA_FM_embeddings/2IXY/rnafm_t12_residue_embeddings.pt
2IXZ	0	A	A	1	8	ab286e6a224d9568bc229c00fffa3539a2bafc5065496f95e0a7e5ce9ab90483	0	0	full_sequence	1	0	/storage9920/home/tinghao.xia/Data_FM/RNA_FM_embeddings/2IXZ/rnafm_t12_residue_embeddings.pt
2JJA	0	A	A	1	8	0c7e0f88e89b3c0b2b4b7166cd4ffd4a125672afa4c4b5cef39d79f6fb7ccafc	3	1	full_sequence	1	0	/storage9920/home/tinghao.xia/Data_FM/RNA_FM_embeddings/2JJA/rnafm_t12_residue_embeddings.pt
2JLT	0	A	A	1	18	1c3c384dfe64be4d39a877116ea2b40c5cdf6c72947a3f4cff9ea2b8ab00d809	0	0	full_sequence	1	0	/storage9920/home/tinghao.xia/Data_FM/RNA_FM_embeddings/2JLT/rnafm_t12_residue_embeddings.pt
2JLT	1	B	B	2	16	671d9c4364395c2ee9b81d295e87e74104ea67887168a6e1f3262d5337d06167	0	0	full_sequence	1	0	/storage9920/home/tinghao.xia/Data_FM/RNA_FM_embeddings/2JLT/rnafm_t12_residue_embeddings.pt
2JR4	0	A	A	1	17	9dc8d240dce37ab7814a9581f37df9f75b70773582602a89b73b907bb71732f3	0	0	full_sequence	1	0	/storage9920/home/tinghao.xia/Data_FM/RNA_FM_embeddings/2JR4/rnafm_t12_residue_embeddings.pt
2JRG	0	A	A	1	17	d30b6e601db2c0b5a579c6c8841bbecc9089dc79e76298ca1c29edb3ef473723	1	0	full_sequence	1	0	/storage9920/home/tinghao.xia/Data_FM/RNA_FM_embeddings/2JRG/rnafm_t12_residue_embeddings.pt
2JRQ	0	A	A	1	17	d30b6e601db2c0b5a579c6c8841bbecc9089dc79e76298ca1c29edb3ef473723	1	0	full_sequence	1	0	/storage9920/home/tinghao.xia/Data_FM/RNA_FM_embeddings/2JRQ/rnafm_t12_residue_embeddings.pt
2JSE	0	A	A	1	22	f9aed598477c9aac11994ebbf3d8d39acc4b4328b01363769f87a6ba2ee01d4f	0	0	full_sequence	1	0	/storage9920/home/tinghao.xia/Data_FM/RNA_FM_embeddings/2JSE/rnafm_t12_residue_embeddings.pt
2JSG	0	A	A	1	17	9dc8d240dce37ab7814a9581f37df9f75b70773582602a89b73b907bb71732f3	0	0	full_sequence	1	0	/storage9920/home/tinghao.xia/Data_FM/RNA_FM_embeddings/2JSG/rnafm_t12_residue_embeddings.pt
2JTP	0	A	A	1	34	f376f3b67bfc6f722a552ff48f451edfb20c025e11a62869282dab050f6b595d	0	0	full_sequence	1	0	/storage9920/home/tinghao.xia/Data_FM/RNA_FM_embeddings/2JTP/rnafm_t12_residue_embeddings.pt
2JUK	0	A	A	1	22	8dfe0b749fca6da4607650b8a539d6aa9033a3989e6c27617babeee5bc0efec4	0	0	full_sequence	1	0	/storage9920/home/tinghao.xia/Data_FM/RNA_FM_embeddings/2JUK/rnafm_t12_residue_embeddings.pt
2JWV	0	A	A	1	29	2b2db20d8ded1a8a584fdaced143db4bed7415379ebeb91c869de7ceda36e218	0	0	full_sequence	1	0	/storage9920/home/tinghao.xia/Data_FM/RNA_FM_embeddings/2JWV/rnafm_t12_residue_embeddings.pt
2JXQ	0	A	A	1	10	5a20e0b84279acc41a036fcb96ec55c32c1e63d8e189e3c2b5733ac5372a1bb0	0	0	full_sequence	1	0	/storage9920/home/tinghao.xia/Data_FM/RNA_FM_embeddings/2JXQ/rnafm_t12_residue_embeddings.pt
2JXQ	1	B	B	2	10	4967b17955d2db6ea2b75c0312414457ab5f947687979613787f4d2cdf82b313	0	0	full_sequence	1	0	/storage9920/home/tinghao.xia/Data_FM/RNA_FM_embeddings/2JXQ/rnafm_t12_residue_embeddings.pt
2JXS	0	A	A	1	11	4f4f045c923292db3f93e33321b9445711247be09b5ab04a777d52b67c8eb825	0	0	full_sequence	1	0	/storage9920/home/tinghao.xia/Data_FM/RNA_FM_embeddings/2JXS/rnafm_t12_residue_embeddings.pt
2JXS	1	B	B	2	10	4967b17955d2db6ea2b75c0312414457ab5f947687979613787f4d2cdf82b313	0	0	full_sequence	1	0	/storage9920/home/tinghao.xia/Data_FM/RNA_FM_embeddings/2JXS/rnafm_t12_residue_embeddings.pt
2JXV	0	A	A	1	33	497f4ee997b99dde182a7405c1c195634b8b1f8929c2f545d45e7e05ea3b8dd1	0	0	full_sequence	1	0	/storage9920/home/tinghao.xia/Data_FM/RNA_FM_embeddings/2JXV/rnafm_t12_residue_embeddings.pt
2JYF	0	A	A	1	43	5598cc7e04f20e555893d1d56058ffe6267d9af710076eab1f5fa39c1e290313	0	0	full_sequence	1	0	/storage9920/home/tinghao.xia/Data_FM/RNA_FM_embeddings/2JYF/rnafm_t12_residue_embeddings.pt
2JYF	1	B	B	1	43	5598cc7e04f20e555893d1d56058ffe6267d9af710076eab1f5fa39c1e290313	0	0	full_sequence	1	0	/storage9920/home/tinghao.xia/Data_FM/RNA_FM_embeddings/2JYF/rnafm_t12_residue_embeddings.pt
2JYH	0	A	A	1	43	5598cc7e04f20e555893d1d56058ffe6267d9af710076eab1f5fa39c1e290313	0	0	full_sequence	1	0	/storage9920/home/tinghao.xia/Data_FM/RNA_FM_embeddings/2JYH/rnafm_t12_residue_embeddings.pt
2JYH	1	B	B	1	43	5598cc7e04f20e555893d1d56058ffe6267d9af710076eab1f5fa39c1e290313	0	0	full_sequence	1	0	/storage9920/home/tinghao.xia/Data_FM/RNA_FM_embeddings/2JYH/rnafm_t12_residue_embeddings.pt
2JYJ	0	A	A	1	43	5598cc7e04f20e555893d1d56058ffe6267d9af710076eab1f5fa39c1e290313	0	0	full_sequence	1	0	/storage9920/home/tinghao.xia/Data_FM/RNA_FM_embeddings/2JYJ/rnafm_t12_residue_embeddings.pt
2JYJ	1	B	B	1	43	5598cc7e04f20e555893d1d56058ffe6267d9af710076eab1f5fa39c1e290313	0	0	full_sequence	1	0	/storage9920/home/tinghao.xia/Data_FM/RNA_FM_embeddings/2JYJ/rnafm_t12_residue_embeddings.pt
2JYM	0	A	A	1	22	c820495b732395a5e8b1b64256e68421858fc300fd2dddf7c0b660d83618b3aa	0	0	full_sequence	1	0	/storage9920/home/tinghao.xia/Data_FM/RNA_FM_embeddings/2JYM/rnafm_t12_residue_embeddings.pt
2K3Z	0	A	A	1	9	99ccec93af9523548d7fedb53ff460960af39516ab2133edc8f21541db3d941f	0	0	full_sequence	1	0	/storage9920/home/tinghao.xia/Data_FM/RNA_FM_embeddings/2K3Z/rnafm_t12_residue_embeddings.pt
2K3Z	1	B	B	2	8	bf31dd9dcda408b908704c7ffb667c5f4a5a44fe33ca6fe925497d945eda7c80	0	0	full_sequence	1	0	/storage9920/home/tinghao.xia/Data_FM/RNA_FM_embeddings/2K3Z/rnafm_t12_residue_embeddings.pt
2K41	0	A	A	1	9	9124204bf2f96f7f471a76562b18dae65ab8814979eab24e8a6ce345d4477e94	0	0	full_sequence	1	0	/storage9920/home/tinghao.xia/Data_FM/RNA_FM_embeddings/2K41/rnafm_t12_residue_embeddings.pt
2K41	1	B	B	2	8	bf31dd9dcda408b908704c7ffb667c5f4a5a44fe33ca6fe925497d945eda7c80	0	0	full_sequence	1	0	/storage9920/home/tinghao.xia/Data_FM/RNA_FM_embeddings/2K41/rnafm_t12_residue_embeddings.pt
2K4C	0	A	A	1	76	305b03a9cec4400a09c73a28c0d73097761974fe0fab1aa16eac7e2b7b7f1f3d	0	0	full_sequence	1	0	/storage9920/home/tinghao.xia/Data_FM/RNA_FM_embeddings/2K4C/rnafm_t12_residue_embeddings.pt
2K5Z	0	A	A	1	29	9ea440be10fbc2b2630450a8b4f58eb9d1f03cce4fad05c0c434ede216527861	0	0	full_sequence	1	0	/storage9920/home/tinghao.xia/Data_FM/RNA_FM_embeddings/2K5Z/rnafm_t12_residue_embeddings.pt
2K65	0	A	A	1	7	a43229d7e9131eafe00013588191becfe815f680bffc4fd7d9f89d94bc247027	0	0	full_sequence	1	0	/storage9920/home/tinghao.xia/Data_FM/RNA_FM_embeddings/2K65/rnafm_t12_residue_embeddings.pt
2K65	1	B	B	2	7	021e2d3e672397aeb42260c6948b1d28d98d17dae7acea1f6a53c285a322d50f	0	0	full_sequence	1	0	/storage9920/home/tinghao.xia/Data_FM/RNA_FM_embeddings/2K65/rnafm_t12_residue_embeddings.pt
2K66	0	A	A	1	22	c28c64d79f069305927de367575bbd963ee4a5faf28bd00c6f9d6239882cd856	0	0	full_sequence	1	0	/storage9920/home/tinghao.xia/Data_FM/RNA_FM_embeddings/2K66/rnafm_t12_residue_embeddings.pt
2K7E	0	A	A	1	12	2033e75b35dee8706b2ac45e74d4ba6a3d2ff824cdf3ee4639a6450c1b059a38	0	0	full_sequence	1	0	/storage9920/home/tinghao.xia/Data_FM/RNA_FM_embeddings/2K7E/rnafm_t12_residue_embeddings.pt
2K7E	1	B	B	2	12	f865b9279e04528f6f803b59b2d116a647a3b4f94735bbc44004d5a97e5ae450	0	0	full_sequence	1	0	/storage9920/home/tinghao.xia/Data_FM/RNA_FM_embeddings/2K7E/rnafm_t12_residue_embeddings.pt
2K95	0	A	A	1	48	2ee347fafa00e6bbfb6fd02111542b6619d81c6e2a818275c638d2dd1e95983b	0	0	full_sequence	1	0	/storage9920/home/tinghao.xia/Data_FM/RNA_FM_embeddings/2K95/rnafm_t12_residue_embeddings.pt
2K96	0	A	A	1	47	7e7ebf55066d5ea58a1e7596938bf91b61404f337815e8e6a9391b869175304a	0	0	full_sequence	1	0	/storage9920/home/tinghao.xia/Data_FM/RNA_FM_embeddings/2K96/rnafm_t12_residue_embeddings.pt
2KBP	0	A	A	1	12	28440b6394297d1e66cbbfea19d5b87f64593ec79a48f8372b989a70d13a2830	0	0	full_sequence	1	0	/storage9920/home/tinghao.xia/Data_FM/RNA_FM_embeddings/2KBP/rnafm_t12_residue_embeddings.pt
2KBP	1	B	B	1	12	28440b6394297d1e66cbbfea19d5b87f64593ec79a48f8372b989a70d13a2830	0	0	full_sequence	1	0	/storage9920/home/tinghao.xia/Data_FM/RNA_FM_embeddings/2KBP/rnafm_t12_residue_embeddings.pt
2KD4	0	A	A	1	8	cf8e75f1a8a74c519a328b600772ee1471f3a7ea514d217fed66970f2adfde42	0	0	full_sequence	1	0	/storage9920/home/tinghao.xia/Data_FM/RNA_FM_embeddings/2KD4/rnafm_t12_residue_embeddings.pt
2KD4	1	B	B	1	8	cf8e75f1a8a74c519a328b600772ee1471f3a7ea514d217fed66970f2adfde42	0	0	full_sequence	1	0	/storage9920/home/tinghao.xia/Data_FM/RNA_FM_embeddings/2KD4/rnafm_t12_residue_embeddings.pt
2KD8	0	A	A	1	22	72067c26e1a026a45aaa85ce7073db8e2e108924c256061b49d2753f040f54d9	0	0	full_sequence	1	0	/storage9920/home/tinghao.xia/Data_FM/RNA_FM_embeddings/2KD8/rnafm_t12_residue_embeddings.pt
2KE6	0	A	A	1	48	d446b2ae98299577799b3c035073fa83428230b69a470c7b556e1abd353c551b	0	0	full_sequence	1	0	/storage9920/home/tinghao.xia/Data_FM/RNA_FM_embeddings/2KE6/rnafm_t12_residue_embeddings.pt
2KEZ	0	A	A	1	24	291b8161a6920c48f9fe1afcc744b13729a08a2659eda9c9af97156ff09409fc	0	0	full_sequence	1	0	/storage9920/home/tinghao.xia/Data_FM/RNA_FM_embeddings/2KEZ/rnafm_t12_residue_embeddings.pt
2KF0	0	A	A	1	24	291b8161a6920c48f9fe1afcc744b13729a08a2659eda9c9af97156ff09409fc	0	0	full_sequence	1	0	/storage9920/home/tinghao.xia/Data_FM/RNA_FM_embeddings/2KF0/rnafm_t12_residue_embeddings.pt
2KGP	0	A	A	1	25	e35c8599c960a450716afb747ebb69b6d583c092880ea8d95fd4673058cd4d7a	0	0	full_sequence	1	0	/storage9920/home/tinghao.xia/Data_FM/RNA_FM_embeddings/2KGP/rnafm_t12_residue_embeddings.pt
2KHY	0	A	A	1	38	199074bf0fc77816c8109e0207718a8859edeac16958ac1cadd396a3c2dcfc2a	0	0	full_sequence	1	0	/storage9920/home/tinghao.xia/Data_FM/RNA_FM_embeddings/2KHY/rnafm_t12_residue_embeddings.pt
2KOC	0	A	A	1	14	619d665c54bc558cce18befff02b10078907a9b0c59266f0d676354273ddeba3	0	0	full_sequence	1	0	/storage9920/home/tinghao.xia/Data_FM/RNA_FM_embeddings/2KOC/rnafm_t12_residue_embeddings.pt
2KP3	0	A	A	1	10	108702d42a60508e6c6e4d9fd356e616cef5babe4eaf5e3d11c1206c335a6afb	0	0	full_sequence	1	0	/storage9920/home/tinghao.xia/Data_FM/RNA_FM_embeddings/2KP3/rnafm_t12_residue_embeddings.pt
2KP3	1	B	B	2	10	1d22863464b474bc959d46c8bad9ce928dbf200a6b41680eaed8c59fa0a4de6b	0	0	full_sequence	1	0	/storage9920/home/tinghao.xia/Data_FM/RNA_FM_embeddings/2KP3/rnafm_t12_residue_embeddings.pt
2KPC	0	A	A	1	17	e8cdfa31ee30d168c5f368aa0a62510b2e2056daa221571731bebbc91d82b365	0	0	full_sequence	1	0	/storage9920/home/tinghao.xia/Data_FM/RNA_FM_embeddings/2KPC/rnafm_t12_residue_embeddings.pt
2KPD	0	A	A	1	17	a0a12c4e3a1e6d9f99eebc94568fc19cda19b5f49757994874431c05b95f5c9b	0	0	full_sequence	1	0	/storage9920/home/tinghao.xia/Data_FM/RNA_FM_embeddings/2KPD/rnafm_t12_residue_embeddings.pt
2KPV	0	A	A	1	34	69a2bb52b87cd428356454a8c35b824a9236a28e0b708f09bc022a5eedc3985f	0	0	full_sequence	1	0	/storage9920/home/tinghao.xia/Data_FM/RNA_FM_embeddings/2KPV/rnafm_t12_residue_embeddings.pt
2KRL	0	A	A	1	102	d52ffe9274c5c040663d2709933d3bd2546592d1f6946ea5096baaaa644b110f	0	0	full_sequence	1	0	/storage9920/home/tinghao.xia/Data_FM/RNA_FM_embeddings/2KRL/rnafm_t12_residue_embeddings.pt
2KRP	0	A	A	1	17	e1f82133515329827a9bd1c7fce27d49093efcc3e9d5ebeb0169df3721e22bce	0	0	full_sequence	1	0	/storage9920/home/tinghao.xia/Data_FM/RNA_FM_embeddings/2KRP/rnafm_t12_residue_embeddings.pt
2KRQ	0	A	A	1	17	66261b1a119c1ec6df48b780de6affb64a036dec934e8edd40dc11c99d4fc21a	1	1	full_sequence	1	0	/storage9920/home/tinghao.xia/Data_FM/RNA_FM_embeddings/2KRQ/rnafm_t12_residue_embeddings.pt
2KRV	0	A	A	1	17	66261b1a119c1ec6df48b780de6affb64a036dec934e8edd40dc11c99d4fc21a	1	1	full_sequence	1	0	/storage9920/home/tinghao.xia/Data_FM/RNA_FM_embeddings/2KRV/rnafm_t12_residue_embeddings.pt
2KRW	0	A	A	1	17	e1f82133515329827a9bd1c7fce27d49093efcc3e9d5ebeb0169df3721e22bce	0	0	full_sequence	1	0	/storage9920/home/tinghao.xia/Data_FM/RNA_FM_embeddings/2KRW/rnafm_t12_residue_embeddings.pt
2KRY	0	A	A	1	17	4b255b6dc1ea30609a47f7c054e0468526043d119cdef1273ef6b97a0c6c6e1a	1	1	full_sequence	1	0	/storage9920/home/tinghao.xia/Data_FM/RNA_FM_embeddings/2KRY/rnafm_t12_residue_embeddings.pt
2KRZ	0	A	A	1	17	3a68340919cc04ac5ef75f9699663b7f14bc27ce8b3696869670d400aa7ff333	0	0	full_sequence	1	0	/storage9920/home/tinghao.xia/Data_FM/RNA_FM_embeddings/2KRZ/rnafm_t12_residue_embeddings.pt
2KTZ	0	A	A	1	38	8c3962d98d68bcb4923fc7b16e66713192da5cbdda337da63253b6e185edd099	0	0	full_sequence	1	0	/storage9920/home/tinghao.xia/Data_FM/RNA_FM_embeddings/2KTZ/rnafm_t12_residue_embeddings.pt
2KU0	0	A	A	1	38	8c3962d98d68bcb4923fc7b16e66713192da5cbdda337da63253b6e185edd099	0	0	full_sequence	1	0	/storage9920/home/tinghao.xia/Data_FM/RNA_FM_embeddings/2KU0/rnafm_t12_residue_embeddings.pt
2KUR	0	A	A	1	48	908ba86da1eb1199dc7799112626e6b6ce9819053b58a9634ec8d6b13dab6e00	0	0	full_sequence	1	0	/storage9920/home/tinghao.xia/Data_FM/RNA_FM_embeddings/2KUR/rnafm_t12_residue_embeddings.pt
2KUU	0	A	A	1	48	97ad49ab5dcbc705ee8434ea77392348c7ff671c30e8f0089dd33e96cad2980a	0	0	full_sequence	1	0	/storage9920/home/tinghao.xia/Data_FM/RNA_FM_embeddings/2KUU/rnafm_t12_residue_embeddings.pt
2KUV	0	A	A	1	48	b26ae2ffb7603bb12e0482eed0dbe98a16bc8e4ba8cf6b5f207f97ac8bc1ab0a	0	0	full_sequence	1	0	/storage9920/home/tinghao.xia/Data_FM/RNA_FM_embeddings/2KUV/rnafm_t12_residue_embeddings.pt
2KUW	0	A	A	1	48	2bf279696d734915c4da8ee063a6a2274ee8d0e5682616c85f6adff4a6e3582a	0	0	full_sequence	1	0	/storage9920/home/tinghao.xia/Data_FM/RNA_FM_embeddings/2KUW/rnafm_t12_residue_embeddings.pt
2KVN	0	A	A	1	17	5b0ba94abfb7fb0af11a83f08a61908c5150b1d2f308dd7dfa4acb6660ec32a8	0	0	full_sequence	1	0	/storage9920/home/tinghao.xia/Data_FM/RNA_FM_embeddings/2KVN/rnafm_t12_residue_embeddings.pt
2KWG	0	A	A	1	21	4cfc647ea2efec135f4e64094c7be71c870bfa6b2250782ecbed7267252eb2a0	7	7	full_sequence	1	0	/storage9920/home/tinghao.xia/Data_FM/RNA_FM_embeddings/2KWG/rnafm_t12_residue_embeddings.pt
2KWG	1	B	B	2	21	23ed52e0758f60d01e8d0b30b88d6bc47a64d5e1456492ceb79a7591237217d8	7	7	full_sequence	1	0	/storage9920/home/tinghao.xia/Data_FM/RNA_FM_embeddings/2KWG/rnafm_t12_residue_embeddings.pt
2KX8	0	A	A	1	42	ba1fbeaf2252ec68e94347b972b46c9562a40e77d3f3f0c210ce94d7932326e5	0	0	full_sequence	1	0	/storage9920/home/tinghao.xia/Data_FM/RNA_FM_embeddings/2KX8/rnafm_t12_residue_embeddings.pt
2KXM	0	A	A	1	27	8d43abef35e79b86af8a0296b95c099f6aa6d1858eb0378f680f00acd412805f	0	0	full_sequence	1	0	/storage9920/home/tinghao.xia/Data_FM/RNA_FM_embeddings/2KXM/rnafm_t12_residue_embeddings.pt
2KXZ	0	A	A	1	11	309d3658dd9abbf92c78476066b98d4a4c14473f57757a4846b7f5059772b875	0	0	full_sequence	1	0	/storage9920/home/tinghao.xia/Data_FM/RNA_FM_embeddings/2KXZ/rnafm_t12_residue_embeddings.pt
2KXZ	1	B	B	1	11	309d3658dd9abbf92c78476066b98d4a4c14473f57757a4846b7f5059772b875	0	0	full_sequence	1	0	/storage9920/home/tinghao.xia/Data_FM/RNA_FM_embeddings/2KXZ/rnafm_t12_residue_embeddings.pt
2KY0	0	A	A	1	11	81bb4ee41b211156bada37d4347291245a338dec4257b49bc662d401daf3a51c	0	0	full_sequence	1	0	/storage9920/home/tinghao.xia/Data_FM/RNA_FM_embeddings/2KY0/rnafm_t12_residue_embeddings.pt
2KY0	1	B	B	1	11	81bb4ee41b211156bada37d4347291245a338dec4257b49bc662d401daf3a51c	0	0	full_sequence	1	0	/storage9920/home/tinghao.xia/Data_FM/RNA_FM_embeddings/2KY0/rnafm_t12_residue_embeddings.pt
2KY1	0	A	A	1	11	39f729385c2ac8cb75987ed8179df317d466d39b0acaa43b695cb3e40eb7b0cf	0	0	full_sequence	1	0	/storage9920/home/tinghao.xia/Data_FM/RNA_FM_embeddings/2KY1/rnafm_t12_residue_embeddings.pt
2KY1	1	B	B	1	11	39f729385c2ac8cb75987ed8179df317d466d39b0acaa43b695cb3e40eb7b0cf	0	0	full_sequence	1	0	/storage9920/home/tinghao.xia/Data_FM/RNA_FM_embeddings/2KY1/rnafm_t12_residue_embeddings.pt
2KY2	0	A	A	1	9	cd38900f080424265c40c44eb39e1bf0b00852058fd28516d0b9ed9a0fd63d3b	0	0	full_sequence	1	0	/storage9920/home/tinghao.xia/Data_FM/RNA_FM_embeddings/2KY2/rnafm_t12_residue_embeddings.pt
2KY2	1	B	B	1	9	cd38900f080424265c40c44eb39e1bf0b00852058fd28516d0b9ed9a0fd63d3b	0	0	full_sequence	1	0	/storage9920/home/tinghao.xia/Data_FM/RNA_FM_embeddings/2KY2/rnafm_t12_residue_embeddings.pt
2KYD	0	A	A	1	16	7436ac002c708c8459ede85c24a73d33c767ded3c6e38235459592800b1c7199	0	0	full_sequence	1	0	/storage9920/home/tinghao.xia/Data_FM/RNA_FM_embeddings/2KYD/rnafm_t12_residue_embeddings.pt
2KYD	1	B	B	1	16	7436ac002c708c8459ede85c24a73d33c767ded3c6e38235459592800b1c7199	0	0	full_sequence	1	0	/storage9920/home/tinghao.xia/Data_FM/RNA_FM_embeddings/2KYD/rnafm_t12_residue_embeddings.pt
2KYE	0	A	A	1	15	9b6856e61265f29df27ee3ac6a6338e676eded17048bfd4b9dea31be199009ae	0	0	full_sequence	1	0	/storage9920/home/tinghao.xia/Data_FM/RNA_FM_embeddings/2KYE/rnafm_t12_residue_embeddings.pt
2KZL	0	A	A	1	55	1db0a8fdd2e882722122c955d7957427a8822650a419c3d9fa5b00b079378517	0	0	full_sequence	1	0	/storage9920/home/tinghao.xia/Data_FM/RNA_FM_embeddings/2KZL/rnafm_t12_residue_embeddings.pt
2L1F	0	A	A	1	65	18dd24d6c4b1fc8806cb4f93a4fa66e6315dc58e70aa6db00caa6b3f381576be	0	0	full_sequence	1	0	/storage9920/home/tinghao.xia/Data_FM/RNA_FM_embeddings/2L1F/rnafm_t12_residue_embeddings.pt
2L1F	1	B	B	2	66	eb9adcbed9cd9b52b8f01aec04fc79bf1b60b141f8184b35637fb02167eb654b	0	0	full_sequence	1	0	/storage9920/home/tinghao.xia/Data_FM/RNA_FM_embeddings/2L1F/rnafm_t12_residue_embeddings.pt
2L1V	0	A	A	1	36	b82e8db54c613200ad916d663890a84ca10aba30403796411132c333537255e0	0	0	full_sequence	1	0	/storage9920/home/tinghao.xia/Data_FM/RNA_FM_embeddings/2L1V/rnafm_t12_residue_embeddings.pt
2L2J	0	A	A	1	42	f4bb04a2b1e76931ce4c9d70cc0b876d3dfdceae9874684533a7522173afb04a	0	0	full_sequence	1	0	/storage9920/home/tinghao.xia/Data_FM/RNA_FM_embeddings/2L2J/rnafm_t12_residue_embeddings.pt
2L3E	0	A	A	1	35	99651a6691f80c78cddb2bc7ed2dc38f6ca2d7eb45e36dec48df05704cea0343	0	0	full_sequence	1	0	/storage9920/home/tinghao.xia/Data_FM/RNA_FM_embeddings/2L3E/rnafm_t12_residue_embeddings.pt
2L5Z	0	A	A	1	26	9f747b27f8fb58c7ec2c8b9a10b11c40b9862e366da70d8ef87da63105745869	0	0	full_sequence	1	0	/storage9920/home/tinghao.xia/Data_FM/RNA_FM_embeddings/2L5Z/rnafm_t12_residue_embeddings.pt
2L6I	0	A	A	1	16	066425cf721fdfefcaeaf50b1b59c0b0ce42b14cbd20a8f11ec30ae21db9ea64	0	0	full_sequence	1	0	/storage9920/home/tinghao.xia/Data_FM/RNA_FM_embeddings/2L6I/rnafm_t12_residue_embeddings.pt
2L8C	0	A	A	1	9	48a9b186140541b9c1307639c57e448ebae6575fada05bb1ad963d19fa0dae21	0	0	full_sequence	1	0	/storage9920/home/tinghao.xia/Data_FM/RNA_FM_embeddings/2L8C/rnafm_t12_residue_embeddings.pt
2L8C	1	B	B	1	9	48a9b186140541b9c1307639c57e448ebae6575fada05bb1ad963d19fa0dae21	0	0	full_sequence	1	0	/storage9920/home/tinghao.xia/Data_FM/RNA_FM_embeddings/2L8C/rnafm_t12_residue_embeddings.pt
2L8F	0	A	A	1	11	a245e590c64e099f307fe6c90ce17230365fe9c04f4af50b107b37fa00637cdb	0	0	full_sequence	1	0	/storage9920/home/tinghao.xia/Data_FM/RNA_FM_embeddings/2L8F/rnafm_t12_residue_embeddings.pt
2L8F	1	B	B	2	11	de1bb44892dde410d0ff86600783e0833d3dcf1edfe67d7474ab3df6e7f720ed	0	0	full_sequence	1	0	/storage9920/home/tinghao.xia/Data_FM/RNA_FM_embeddings/2L8F/rnafm_t12_residue_embeddings.pt
2L8H	0	A	A	1	29	009a3155c2070b7e2bc7fe4b01041587c3baab2a9836a546f93403572b2f4f52	0	0	full_sequence	1	0	/storage9920/home/tinghao.xia/Data_FM/RNA_FM_embeddings/2L8H/rnafm_t12_residue_embeddings.pt
2L8U	0	A	A	1	9	48a9b186140541b9c1307639c57e448ebae6575fada05bb1ad963d19fa0dae21	0	0	full_sequence	1	0	/storage9920/home/tinghao.xia/Data_FM/RNA_FM_embeddings/2L8U/rnafm_t12_residue_embeddings.pt
2L8U	1	B	B	1	9	48a9b186140541b9c1307639c57e448ebae6575fada05bb1ad963d19fa0dae21	0	0	full_sequence	1	0	/storage9920/home/tinghao.xia/Data_FM/RNA_FM_embeddings/2L8U/rnafm_t12_residue_embeddings.pt
2L8W	0	A	A	1	9	48a9b186140541b9c1307639c57e448ebae6575fada05bb1ad963d19fa0dae21	0	0	full_sequence	1	0	/storage9920/home/tinghao.xia/Data_FM/RNA_FM_embeddings/2L8W/rnafm_t12_residue_embeddings.pt
2L8W	1	B	B	1	9	48a9b186140541b9c1307639c57e448ebae6575fada05bb1ad963d19fa0dae21	0	0	full_sequence	1	0	/storage9920/home/tinghao.xia/Data_FM/RNA_FM_embeddings/2L8W/rnafm_t12_residue_embeddings.pt
2L94	0	A	A	1	45	7f72a8ef578a3b52453cf8d02db65430f851b294ee3383a37c49d5acc3b8ea4a	0	0	full_sequence	1	0	/storage9920/home/tinghao.xia/Data_FM/RNA_FM_embeddings/2L94/rnafm_t12_residue_embeddings.pt
2L9E	0	A	A	1	17	85b7c7e32b2002f70d9c46a34479417cac426a8cf911e607f33a610b30b200a5	0	0	full_sequence	1	0	/storage9920/home/tinghao.xia/Data_FM/RNA_FM_embeddings/2L9E/rnafm_t12_residue_embeddings.pt
2LA9	0	A	A	1	17	f86d9756a9a1ec1e3c5de3f51369454cd08774f833364e860989492f2f760237	0	0	full_sequence	1	0	/storage9920/home/tinghao.xia/Data_FM/RNA_FM_embeddings/2LA9/rnafm_t12_residue_embeddings.pt
2LAC	0	A	A	1	17	f86d9756a9a1ec1e3c5de3f51369454cd08774f833364e860989492f2f760237	0	0	full_sequence	1	0	/storage9920/home/tinghao.xia/Data_FM/RNA_FM_embeddings/2LAC/rnafm_t12_residue_embeddings.pt
2LBJ	0	A	A	1	17	0c243b936da1c61d9aae5f3b67b7b522ac8359355d08a05c00c3598ae692614f	0	0	full_sequence	1	0	/storage9920/home/tinghao.xia/Data_FM/RNA_FM_embeddings/2LBJ/rnafm_t12_residue_embeddings.pt
2LBK	0	A	A	1	17	bd612854cca7cb6e72f76e948ced0de9ade93d16cde0248bc35f5ab696afd204	0	0	full_sequence	1	0	/storage9920/home/tinghao.xia/Data_FM/RNA_FM_embeddings/2LBK/rnafm_t12_residue_embeddings.pt
2LBL	0	A	A	1	17	d8172f87cd3f73df53e281afed541b899ceb33502a075f659063e26764309109	0	0	full_sequence	1	0	/storage9920/home/tinghao.xia/Data_FM/RNA_FM_embeddings/2LBL/rnafm_t12_residue_embeddings.pt
2LBQ	0	A	A	1	17	f86d9756a9a1ec1e3c5de3f51369454cd08774f833364e860989492f2f760237	0	0	full_sequence	1	0	/storage9920/home/tinghao.xia/Data_FM/RNA_FM_embeddings/2LBQ/rnafm_t12_residue_embeddings.pt
2LBR	0	A	A	1	17	f86d9756a9a1ec1e3c5de3f51369454cd08774f833364e860989492f2f760237	0	0	full_sequence	1	0	/storage9920/home/tinghao.xia/Data_FM/RNA_FM_embeddings/2LBR/rnafm_t12_residue_embeddings.pt
2LC8	0	A	A	1	63	4794011063e694d20e4d61ef5201e1c7a0bce27500f0891cb6c696ed6b42459d	0	0	full_sequence	1	0	/storage9920/home/tinghao.xia/Data_FM/RNA_FM_embeddings/2LC8/rnafm_t12_residue_embeddings.pt
2LDL	0	A	A	1	27	6ba1991450b4481e3a0c0ad1491138b2bbce8b838214ffec819d066018c62ea9	0	0	full_sequence	1	0	/storage9920/home/tinghao.xia/Data_FM/RNA_FM_embeddings/2LDL/rnafm_t12_residue_embeddings.pt
2LDT	0	A	A	1	31	f4e95bd8b2a15ae0a3b86f14abaf17b9a29cb229e83c3a25bb268ef96e0720d0	0	0	full_sequence	1	0	/storage9920/home/tinghao.xia/Data_FM/RNA_FM_embeddings/2LDT/rnafm_t12_residue_embeddings.pt
2LDZ	0	A	A	1	30	7472bea4a6536d0d6b9341a7a2918d55b671b6f7a95655843c7aa38cb680ec5c	0	0	full_sequence	1	0	/storage9920/home/tinghao.xia/Data_FM/RNA_FM_embeddings/2LDZ/rnafm_t12_residue_embeddings.pt
2LHP	0	A	A	1	37	98d4bdcb41df4745858be3cfd522655fd5ccb85024fe6c6d461dfc8092d55976	0	0	full_sequence	1	0	/storage9920/home/tinghao.xia/Data_FM/RNA_FM_embeddings/2LHP/rnafm_t12_residue_embeddings.pt
2LI4	0	A	A	1	32	7629bda966ae8dfe2d9e75882b61daff9bb21b4aa8e94a5d616c1ae73ef3aa0e	0	0	full_sequence	1	0	/storage9920/home/tinghao.xia/Data_FM/RNA_FM_embeddings/2LI4/rnafm_t12_residue_embeddings.pt
2LJJ	0	A	A	1	27	468ec124624e6616d468e28be8d9a826b3c4e5df4f0064e74f71ac1f7d8bcef9	0	0	full_sequence	1	0	/storage9920/home/tinghao.xia/Data_FM/RNA_FM_embeddings/2LJJ/rnafm_t12_residue_embeddings.pt
2LK3	0	A	A	1	24	349fa78dfa16f5aab06a456b78b20cdd7c5b90dcef091e61432fc83771c4d2a9	0	0	full_sequence	1	0	/storage9920/home/tinghao.xia/Data_FM/RNA_FM_embeddings/2LK3/rnafm_t12_residue_embeddings.pt
2LKR	0	A	A	1	111	83d38abb69045276c3bfe808fff1b082dd550343dc3c805e7a3f68ce8b0cf561	0	0	full_sequence	1	0	/storage9920/home/tinghao.xia/Data_FM/RNA_FM_embeddings/2LKR/rnafm_t12_residue_embeddings.pt
2LP9	0	A	A	1	16	b07dd7c1144df705534e41be95730dd74c81a781a21909a0b4aa3e0b448a1bd4	0	0	full_sequence	1	0	/storage9920/home/tinghao.xia/Data_FM/RNA_FM_embeddings/2LP9/rnafm_t12_residue_embeddings.pt
2LPA	0	A	A	1	15	ca5da0d7574869d1e604d147b74f2e0226f20de3dacf24e028a9446da2ef2aae	0	0	full_sequence	1	0	/storage9920/home/tinghao.xia/Data_FM/RNA_FM_embeddings/2LPA/rnafm_t12_residue_embeddings.pt
2LPS	0	A	A	1	34	4789ed8d7ac802d988e4b26e82d1cb56ce676c163c9e7dce7eb16b1c5ec5b324	0	0	full_sequence	1	0	/storage9920/home/tinghao.xia/Data_FM/RNA_FM_embeddings/2LPS/rnafm_t12_residue_embeddings.pt
2LPT	0	A	A	1	34	7085ef3265b484a73a72a80a307a0b731aa32faf1899cd44063fad615b2bc99a	0	0	full_sequence	1	0	/storage9920/home/tinghao.xia/Data_FM/RNA_FM_embeddings/2LPT/rnafm_t12_residue_embeddings.pt
2LQZ	0	A	A	1	27	a7d159a1007c3b858e1ed249e9cce5c025968e4dc6792883ac79bebc1a6cfaaf	0	0	full_sequence	1	0	/storage9920/home/tinghao.xia/Data_FM/RNA_FM_embeddings/2LQZ/rnafm_t12_residue_embeddings.pt
2LU0	0	A	A	1	49	be33262421346470eb46c5bbe15c2c009800fa38f1da6798712429b04377ab1b	0	0	full_sequence	1	0	/storage9920/home/tinghao.xia/Data_FM/RNA_FM_embeddings/2LU0/rnafm_t12_residue_embeddings.pt
2LUB	0	A	A	1	37	39ede2825d784f5027b8872885fd16e6595b66a6989e192fb869dfc61085228b	0	0	full_sequence	1	0	/storage9920/home/tinghao.xia/Data_FM/RNA_FM_embeddings/2LUB/rnafm_t12_residue_embeddings.pt
2LUN	0	A	A	1	28	f61fcf74210d1fabf02988b87d6904f5229154cbc511f84ae289f14abaf27512	0	0	full_sequence	1	0	/storage9920/home/tinghao.xia/Data_FM/RNA_FM_embeddings/2LUN/rnafm_t12_residue_embeddings.pt
2LV0	0	A	A	1	24	f7627775274330fb9ec34ca34f568edc4820b87448adb2425ff714a736bfb9ec	0	0	full_sequence	1	0	/storage9920/home/tinghao.xia/Data_FM/RNA_FM_embeddings/2LV0/rnafm_t12_residue_embeddings.pt
2LVY	0	A	A	1	9	a3928d8d215cf5dc9e72a6384270db2be955ae683537fecb65884d1a43e4fd9d	2	2	full_sequence	1	0	/storage9920/home/tinghao.xia/Data_FM/RNA_FM_embeddings/2LVY/rnafm_t12_residue_embeddings.pt
2LVY	1	B	B	2	9	8d0064605b040fb99db18fefa5b191caa858f98d8c13ed762d93d96c497b459d	1	1	full_sequence	1	0	/storage9920/home/tinghao.xia/Data_FM/RNA_FM_embeddings/2LVY/rnafm_t12_residue_embeddings.pt
2LWK	0	A	A	1	32	bfe39c42fb400a4fb5c54c0968c55a92c691d30644c165f646e95608870c573f	0	0	full_sequence	1	0	/storage9920/home/tinghao.xia/Data_FM/RNA_FM_embeddings/2LWK/rnafm_t12_residue_embeddings.pt
2LX1	0	A	A	1	11	989f19a00f6223d3c3c768abdfb19e1ca370291c6de38509ac820ffd2ff28340	0	0	full_sequence	1	0	/storage9920/home/tinghao.xia/Data_FM/RNA_FM_embeddings/2LX1/rnafm_t12_residue_embeddings.pt
2LX1	1	B	B	1	11	989f19a00f6223d3c3c768abdfb19e1ca370291c6de38509ac820ffd2ff28340	0	0	full_sequence	1	0	/storage9920/home/tinghao.xia/Data_FM/RNA_FM_embeddings/2LX1/rnafm_t12_residue_embeddings.pt
2M12	0	A	A	1	23	a1da376d0165a2fdda4d153abdd8b87a684d7eb198b21d6d053cb4dbfa5039aa	0	0	full_sequence	1	0	/storage9920/home/tinghao.xia/Data_FM/RNA_FM_embeddings/2M12/rnafm_t12_residue_embeddings.pt
2M18	0	A	A	1	10	736d5b3b4a30540816b132640c09720b6d43a33bf73d16b9407a27f04968373a	0	0	full_sequence	1	0	/storage9920/home/tinghao.xia/Data_FM/RNA_FM_embeddings/2M18/rnafm_t12_residue_embeddings.pt
2M18	1	B	B	1	10	736d5b3b4a30540816b132640c09720b6d43a33bf73d16b9407a27f04968373a	0	0	full_sequence	1	0	/storage9920/home/tinghao.xia/Data_FM/RNA_FM_embeddings/2M18/rnafm_t12_residue_embeddings.pt
2M18	2	C	C	1	10	736d5b3b4a30540816b132640c09720b6d43a33bf73d16b9407a27f04968373a	0	0	full_sequence	1	0	/storage9920/home/tinghao.xia/Data_FM/RNA_FM_embeddings/2M18/rnafm_t12_residue_embeddings.pt
2M18	3	D	D	1	10	736d5b3b4a30540816b132640c09720b6d43a33bf73d16b9407a27f04968373a	0	0	full_sequence	1	0	/storage9920/home/tinghao.xia/Data_FM/RNA_FM_embeddings/2M18/rnafm_t12_residue_embeddings.pt
2M1O	0	A	A	1	7	6cf9b27fa3514e99c5f64de5926a211ece6a4ed33db5bcd733b6de3de814df73	0	0	full_sequence	1	0	/storage9920/home/tinghao.xia/Data_FM/RNA_FM_embeddings/2M1O/rnafm_t12_residue_embeddings.pt
2M1O	1	B	B	2	7	3f899550ef7cecd5049965cd67dfb9cbfcea0108fb284df664e6ce5a2298ca4a	0	0	full_sequence	1	0	/storage9920/home/tinghao.xia/Data_FM/RNA_FM_embeddings/2M1O/rnafm_t12_residue_embeddings.pt
2M21	0	A	A	1	21	ad2985ed17d8c36308700ce72edd11a87d7800e895df13c2d4674bf5a94c42f3	0	0	full_sequence	1	0	/storage9920/home/tinghao.xia/Data_FM/RNA_FM_embeddings/2M21/rnafm_t12_residue_embeddings.pt
2M22	0	A	A	1	23	449d2c28440fb87c881c36f454c82a4ff07b7923ae1eb3cc24d834184c98c549	0	0	full_sequence	1	0	/storage9920/home/tinghao.xia/Data_FM/RNA_FM_embeddings/2M22/rnafm_t12_residue_embeddings.pt
2M23	0	A	A	1	29	6caf4725e1def478a9448a6fd2b698b8ea56f4f9684575e40ffc2f55a355405f	0	0	full_sequence	1	0	/storage9920/home/tinghao.xia/Data_FM/RNA_FM_embeddings/2M23/rnafm_t12_residue_embeddings.pt
2M23	1	B	B	2	7	021e2d3e672397aeb42260c6948b1d28d98d17dae7acea1f6a53c285a322d50f	0	0	full_sequence	1	0	/storage9920/home/tinghao.xia/Data_FM/RNA_FM_embeddings/2M23/rnafm_t12_residue_embeddings.pt
2M24	0	A	A	1	29	6caf4725e1def478a9448a6fd2b698b8ea56f4f9684575e40ffc2f55a355405f	0	0	full_sequence	1	0	/storage9920/home/tinghao.xia/Data_FM/RNA_FM_embeddings/2M24/rnafm_t12_residue_embeddings.pt
2M39	0	A	A	1	12	547ce0e24c7af9d2ac671894695150d94c3258d858b7add928cc09a80f040410	6	6	full_sequence	1	0	/storage9920/home/tinghao.xia/Data_FM/RNA_FM_embeddings/2M39/rnafm_t12_residue_embeddings.pt
2M39	1	B	B	1	12	547ce0e24c7af9d2ac671894695150d94c3258d858b7add928cc09a80f040410	6	6	full_sequence	1	0	/storage9920/home/tinghao.xia/Data_FM/RNA_FM_embeddings/2M39/rnafm_t12_residue_embeddings.pt
2M4Q	0	1	A	1	27	bbdab9cde9655d13304e9bbf2ad29392e5c6e58541cc9dc473f29b7b529f1eed	0	0	full_sequence	1	0	/storage9920/home/tinghao.xia/Data_FM/RNA_FM_embeddings/2M4Q/rnafm_t12_residue_embeddings.pt
2M4W	0	A	A	1	17	5d1a60f0551c799b4053811142a81ccd196930c5ef85ad365016e2d3f494f138	0	0	full_sequence	1	0	/storage9920/home/tinghao.xia/Data_FM/RNA_FM_embeddings/2M4W/rnafm_t12_residue_embeddings.pt
2M57	0	A	A	1	35	dd083b98c298c4ad1dab6c4185ac107ce5965bf582d7ea9ba04ee7432246a79f	0	0	full_sequence	1	0	/storage9920/home/tinghao.xia/Data_FM/RNA_FM_embeddings/2M57/rnafm_t12_residue_embeddings.pt
2M58	0	A	A	1	59	825614ade41936497930f1c91f2daab6d40aef8f2ba5d37be3ad6bf92c536850	0	0	full_sequence	1	0	/storage9920/home/tinghao.xia/Data_FM/RNA_FM_embeddings/2M58/rnafm_t12_residue_embeddings.pt
2M5U	0	A	A	1	22	1e5ec98f515358da74dbb6e1dbb2a817f42a21e79625fd04b6340e83cc030ba4	0	0	full_sequence	1	0	/storage9920/home/tinghao.xia/Data_FM/RNA_FM_embeddings/2M5U/rnafm_t12_residue_embeddings.pt
2M8K	0	A	A	1	48	4e847130a0d8384a30a629052b69221606690bc51990f874fc7987151ceb6189	0	0	full_sequence	1	0	/storage9920/home/tinghao.xia/Data_FM/RNA_FM_embeddings/2M8K/rnafm_t12_residue_embeddings.pt
2MEQ	0	A	A	1	19	187d2df096bdad860e9208a2dcd1f4933356d0c39c2ac815d9823545eda9590b	0	0	full_sequence	1	0	/storage9920/home/tinghao.xia/Data_FM/RNA_FM_embeddings/2MEQ/rnafm_t12_residue_embeddings.pt
2MER	0	A	A	1	19	187d2df096bdad860e9208a2dcd1f4933356d0c39c2ac815d9823545eda9590b	0	0	full_sequence	1	0	/storage9920/home/tinghao.xia/Data_FM/RNA_FM_embeddings/2MER/rnafm_t12_residue_embeddings.pt
2MFD	0	A	A	1	19	2a757ca43364f7e28ad6949861f5e327879e52a5ddbd5fe9c4d445b8be65d533	0	0	full_sequence	1	0	/storage9920/home/tinghao.xia/Data_FM/RNA_FM_embeddings/2MFD/rnafm_t12_residue_embeddings.pt
2MHI	0	A	A	1	53	4212840445eb978540f48a330ae06f1b80f352023521b32b0b618e8ed6a08f76	0	0	full_sequence	1	0	/storage9920/home/tinghao.xia/Data_FM/RNA_FM_embeddings/2MHI/rnafm_t12_residue_embeddings.pt
2MI0	0	A	A	1	22	3e9aeb67cdaf0ee451df441599daa2f8cc03ebe1321da15071a21633ce6adcd2	0	0	full_sequence	1	0	/storage9920/home/tinghao.xia/Data_FM/RNA_FM_embeddings/2MI0/rnafm_t12_residue_embeddings.pt
2MI0	1	B	B	2	21	266ded0086efe6c16c8535c5254a3c5e18df08702c6f09dafe6547b8be7ce023	0	0	full_sequence	1	0	/storage9920/home/tinghao.xia/Data_FM/RNA_FM_embeddings/2MI0/rnafm_t12_residue_embeddings.pt
2MIS	0	A	A	1	26	9f747b27f8fb58c7ec2c8b9a10b11c40b9862e366da70d8ef87da63105745869	0	0	full_sequence	1	0	/storage9920/home/tinghao.xia/Data_FM/RNA_FM_embeddings/2MIS/rnafm_t12_residue_embeddings.pt
2MIY	0	A	A	1	59	bf53386a785efa83c545b04e320d3f63ec7aee15bbc6c0e2a1e713dd7ffdc4c9	0	0	full_sequence	1	0	/storage9920/home/tinghao.xia/Data_FM/RNA_FM_embeddings/2MIY/rnafm_t12_residue_embeddings.pt
2MN0	0	A	A	1	15	13ed25a7366cd8d43f1ee5ba3140460d7edd20113dc6b2b0215487da3759f9ca	0	0	full_sequence	1	0	/storage9920/home/tinghao.xia/Data_FM/RNA_FM_embeddings/2MN0/rnafm_t12_residue_embeddings.pt
2MNC	0	A	A	1	29	c4717a588ab6e883be075f0144401cc1af8b2edc7c59fe1a11f1a15f698b87b4	0	0	full_sequence	1	0	/storage9920/home/tinghao.xia/Data_FM/RNA_FM_embeddings/2MNC/rnafm_t12_residue_embeddings.pt
2MQT	0	A	A	1	68	1d917df8bfe354e304961b85eb7ffa07bc2b6d39645946edf724720db60942af	0	0	full_sequence	1	0	/storage9920/home/tinghao.xia/Data_FM/RNA_FM_embeddings/2MQT/rnafm_t12_residue_embeddings.pt
2MS5	0	S	A	1	9	d91a76167ee98524a77d047b4526f449f112f9c8e1e29edf486b180b4f90968f	0	0	full_sequence	1	0	/storage9920/home/tinghao.xia/Data_FM/RNA_FM_embeddings/2MS5/rnafm_t12_residue_embeddings.pt
2MS5	1	A	B	1	9	d91a76167ee98524a77d047b4526f449f112f9c8e1e29edf486b180b4f90968f	0	0	full_sequence	1	0	/storage9920/home/tinghao.xia/Data_FM/RNA_FM_embeddings/2MS5/rnafm_t12_residue_embeddings.pt
2MTJ	0	A	A	1	47	6ffdf757416f35ff044bb083e44af64f2ecd6967da7224a8bc3eda599ade8723	0	0	full_sequence	1	0	/storage9920/home/tinghao.xia/Data_FM/RNA_FM_embeddings/2MTJ/rnafm_t12_residue_embeddings.pt
2MTK	0	A	A	1	47	6ffdf757416f35ff044bb083e44af64f2ecd6967da7224a8bc3eda599ade8723	0	0	full_sequence	1	0	/storage9920/home/tinghao.xia/Data_FM/RNA_FM_embeddings/2MTK/rnafm_t12_residue_embeddings.pt
2MVS	0	1	A	1	10	44e1c6932ee71693ecb346d624f575a024224b9836cbaba1bd8bb96105285213	0	0	full_sequence	1	0	/storage9920/home/tinghao.xia/Data_FM/RNA_FM_embeddings/2MVS/rnafm_t12_residue_embeddings.pt
2MVS	1	2	B	1	10	44e1c6932ee71693ecb346d624f575a024224b9836cbaba1bd8bb96105285213	0	0	full_sequence	1	0	/storage9920/home/tinghao.xia/Data_FM/RNA_FM_embeddings/2MVS/rnafm_t12_residue_embeddings.pt
2MVY	0	1	A	1	10	44e1c6932ee71693ecb346d624f575a024224b9836cbaba1bd8bb96105285213	0	0	full_sequence	1	0	/storage9920/home/tinghao.xia/Data_FM/RNA_FM_embeddings/2MVY/rnafm_t12_residue_embeddings.pt
2MVY	1	2	B	1	10	44e1c6932ee71693ecb346d624f575a024224b9836cbaba1bd8bb96105285213	0	0	full_sequence	1	0	/storage9920/home/tinghao.xia/Data_FM/RNA_FM_embeddings/2MVY/rnafm_t12_residue_embeddings.pt
2MXJ	0	A	A	1	11	61b0162b65ea6668432ed31da7bd73b70b24a229de6997a612e438c371fbb483	0	0	full_sequence	1	0	/storage9920/home/tinghao.xia/Data_FM/RNA_FM_embeddings/2MXJ/rnafm_t12_residue_embeddings.pt
2MXK	0	A	A	1	9	8db426c5d3efb3dc0cb4e88d467f02c762507bea1c0824df2d4d0359b8a52f60	0	0	full_sequence	1	0	/storage9920/home/tinghao.xia/Data_FM/RNA_FM_embeddings/2MXK/rnafm_t12_residue_embeddings.pt
2MXK	1	B	B	2	10	a446cee50889e62c29ea8f2ff391a30a4ac0678fec864a69bd7a0dbf5eed75ff	0	0	full_sequence	1	0	/storage9920/home/tinghao.xia/Data_FM/RNA_FM_embeddings/2MXK/rnafm_t12_residue_embeddings.pt
2MXL	0	A	A	1	39	fe6ec06a37b3c2b786fd1fce7fdcb032ec3b59795dcb6d18a3a92799f044dca6	0	0	full_sequence	1	0	/storage9920/home/tinghao.xia/Data_FM/RNA_FM_embeddings/2MXL/rnafm_t12_residue_embeddings.pt
2MXS	0	A	A	1	27	8d43abef35e79b86af8a0296b95c099f6aa6d1858eb0378f680f00acd412805f	0	0	full_sequence	1	0	/storage9920/home/tinghao.xia/Data_FM/RNA_FM_embeddings/2MXS/rnafm_t12_residue_embeddings.pt
2N0J	0	A	A	1	27	8d43abef35e79b86af8a0296b95c099f6aa6d1858eb0378f680f00acd412805f	0	0	full_sequence	1	0	/storage9920/home/tinghao.xia/Data_FM/RNA_FM_embeddings/2N0J/rnafm_t12_residue_embeddings.pt
2N0R	0	A	A	1	26	8af61feb81ba8034d9c20fa931c119fd2dee53e717c2a26ebb6bd056db59b2ec	0	0	full_sequence	1	0	/storage9920/home/tinghao.xia/Data_FM/RNA_FM_embeddings/2N0R/rnafm_t12_residue_embeddings.pt
2N1Q	0	A	A	1	155	6053d3078bc39a0e3f0af0d86ca683daa9087a013d993ff4249215589806277e	0	0	full_sequence	1	0	/storage9920/home/tinghao.xia/Data_FM/RNA_FM_embeddings/2N1Q/rnafm_t12_residue_embeddings.pt
2N2O	0	A	A	1	23	d063728ee85e0fb1b4c0d9172d6bc6f0c733027fba9bf916fe5f5dc008bec607	0	0	full_sequence	1	0	/storage9920/home/tinghao.xia/Data_FM/RNA_FM_embeddings/2N2O/rnafm_t12_residue_embeddings.pt
2N2P	0	A	A	1	23	461fd91796dd130ab0c78cd6cdeb9d85a5bd39c06197604072197e70ec11a7f8	0	0	full_sequence	1	0	/storage9920/home/tinghao.xia/Data_FM/RNA_FM_embeddings/2N2P/rnafm_t12_residue_embeddings.pt
2N3Q	0	A	A	1	62	8ea031e2313288b5860181a74103d2f96b695a5438739c1defb9739acced18cc	0	0	full_sequence	1	0	/storage9920/home/tinghao.xia/Data_FM/RNA_FM_embeddings/2N3Q/rnafm_t12_residue_embeddings.pt
2N3R	0	A	A	1	62	8ea031e2313288b5860181a74103d2f96b695a5438739c1defb9739acced18cc	0	0	full_sequence	1	0	/storage9920/home/tinghao.xia/Data_FM/RNA_FM_embeddings/2N3R/rnafm_t12_residue_embeddings.pt
2N4J	0	A	A	1	8	aa20840b0e05f36d4588e626f69fbc0dc1356ee7f3a155ea1aa6a8b60eb7088d	8	8	full_sequence	1	0	/storage9920/home/tinghao.xia/Data_FM/RNA_FM_embeddings/2N4J/rnafm_t12_residue_embeddings.pt
2N4J	1	B	B	1	8	aa20840b0e05f36d4588e626f69fbc0dc1356ee7f3a155ea1aa6a8b60eb7088d	8	8	full_sequence	1	0	/storage9920/home/tinghao.xia/Data_FM/RNA_FM_embeddings/2N4J/rnafm_t12_residue_embeddings.pt
2N4L	0	A	A	1	53	077567d6212530981916d9f3e45b620abd868635bfc94b5c12bbed31a7eff3d1	0	0	full_sequence	1	0	/storage9920/home/tinghao.xia/Data_FM/RNA_FM_embeddings/2N4L/rnafm_t12_residue_embeddings.pt
2N6S	0	A	A	1	36	0003defbecf6800901746f38b4ece82591efe20269b9d0c1683492d315d16e60	0	0	full_sequence	1	0	/storage9920/home/tinghao.xia/Data_FM/RNA_FM_embeddings/2N6S/rnafm_t12_residue_embeddings.pt
2N6T	0	A	A	1	42	dfbd8140d8c37980b46550a85025e4c0d6674519a0deef46d5e4943c7d61f8eb	0	0	full_sequence	1	0	/storage9920/home/tinghao.xia/Data_FM/RNA_FM_embeddings/2N6T/rnafm_t12_residue_embeddings.pt
2N6W	0	A	A	1	68	7d66de173b53c8cdd2b3c80bf4cc441e5ce7293144827866240dfbdd68a11790	0	0	full_sequence	1	0	/storage9920/home/tinghao.xia/Data_FM/RNA_FM_embeddings/2N6W/rnafm_t12_residue_embeddings.pt
2N6X	0	A	A	1	43	8f3711eb54817fe9caea897092290af222907a41d592263eb2a8b2b8fa826a86	0	0	full_sequence	1	0	/storage9920/home/tinghao.xia/Data_FM/RNA_FM_embeddings/2N6X/rnafm_t12_residue_embeddings.pt
2N7M	0	X	A	1	92	e8c2eb7d4f0c1bd4313bc5a298f63f87f10590fae5ef2c40d0fcc6adf1a26628	0	0	full_sequence	1	0	/storage9920/home/tinghao.xia/Data_FM/RNA_FM_embeddings/2N7M/rnafm_t12_residue_embeddings.pt
2N7X	0	A	A	1	23	ab4d79ac1da9b97aa66ccdbd23e97969cdff4b3275353b56cc2b029a38e062c6	0	0	full_sequence	1	0	/storage9920/home/tinghao.xia/Data_FM/RNA_FM_embeddings/2N7X/rnafm_t12_residue_embeddings.pt
2N8V	0	X	A	1	70	e24f1dfc4cf3e667e8806f3d324b5a31c61fbba8de5dc28d2e1b937e5ca3ae20	0	0	full_sequence	1	0	/storage9920/home/tinghao.xia/Data_FM/RNA_FM_embeddings/2N8V/rnafm_t12_residue_embeddings.pt
2NBX	0	A	A	1	108	7b8e84d95e1f3c9b02665ba5714ab083ab0ee8e814758c33840dcf2613c68e19	0	0	full_sequence	1	0	/storage9920/home/tinghao.xia/Data_FM/RNA_FM_embeddings/2NBX/rnafm_t12_residue_embeddings.pt
2NBY	0	A	A	1	39	acc238aed6c668e34756be96393b324dcbbd624476c47352c630a5792b6aaa58	0	0	full_sequence	1	0	/storage9920/home/tinghao.xia/Data_FM/RNA_FM_embeddings/2NBY/rnafm_t12_residue_embeddings.pt
2NBZ	0	A	A	1	40	78cd69be511ff653216fac704ffc3d00c66951fc96a9199d026542d2a39fe1d1	0	0	full_sequence	1	0	/storage9920/home/tinghao.xia/Data_FM/RNA_FM_embeddings/2NBZ/rnafm_t12_residue_embeddings.pt
2NC0	0	A	A	1	28	30858cdbc74fb968a8cea62d9d42a21d305ba0bf04fcf206236d6242e09d9c10	0	0	full_sequence	1	0	/storage9920/home/tinghao.xia/Data_FM/RNA_FM_embeddings/2NC0/rnafm_t12_residue_embeddings.pt
2NC1	0	A	A	1	67	165ecd0efad3826374989a283896649e4ee96b3320c7a2760693298b94c16217	0	0	full_sequence	1	0	/storage9920/home/tinghao.xia/Data_FM/RNA_FM_embeddings/2NC1/rnafm_t12_residue_embeddings.pt
2NCI	0	A	A	1	28	e2703d36a60fe6a950e216ea8f90490e7affcd7268e3d157f230a06597cb5d0a	0	0	full_sequence	1	0	/storage9920/home/tinghao.xia/Data_FM/RNA_FM_embeddings/2NCI/rnafm_t12_residue_embeddings.pt
2NCQ	0	S	A	1	9	5db5c9c4441d93c686737a09ed028102cbba5d8a835b04f8919aa25835530d0f	0	0	full_sequence	1	0	/storage9920/home/tinghao.xia/Data_FM/RNA_FM_embeddings/2NCQ/rnafm_t12_residue_embeddings.pt
2NCQ	1	A	B	1	9	5db5c9c4441d93c686737a09ed028102cbba5d8a835b04f8919aa25835530d0f	0	0	full_sequence	1	0	/storage9920/home/tinghao.xia/Data_FM/RNA_FM_embeddings/2NCQ/rnafm_t12_residue_embeddings.pt
2NCR	0	S	A	1	9	5db5c9c4441d93c686737a09ed028102cbba5d8a835b04f8919aa25835530d0f	0	0	full_sequence	1	0	/storage9920/home/tinghao.xia/Data_FM/RNA_FM_embeddings/2NCR/rnafm_t12_residue_embeddings.pt
2NCR	1	A	B	1	9	5db5c9c4441d93c686737a09ed028102cbba5d8a835b04f8919aa25835530d0f	0	0	full_sequence	1	0	/storage9920/home/tinghao.xia/Data_FM/RNA_FM_embeddings/2NCR/rnafm_t12_residue_embeddings.pt
2NOK	0	A	A	1	24	adb544c85139ad60e03a817e8e5cc344bbab3d4acb96a39a74f0a1c7cdf58594	0	0	full_sequence	1	0	/storage9920/home/tinghao.xia/Data_FM/RNA_FM_embeddings/2NOK/rnafm_t12_residue_embeddings.pt
2NOK	1	C	B	1	24	adb544c85139ad60e03a817e8e5cc344bbab3d4acb96a39a74f0a1c7cdf58594	0	0	full_sequence	1	0	/storage9920/home/tinghao.xia/Data_FM/RNA_FM_embeddings/2NOK/rnafm_t12_residue_embeddings.pt
2NOK	2	B	C	2	20	71f270970c97b565f1a2b3b3ded893c8a9d09be1be5ab57b1d5343d3266514a0	0	0	full_sequence	1	0	/storage9920/home/tinghao.xia/Data_FM/RNA_FM_embeddings/2NOK/rnafm_t12_residue_embeddings.pt
2NOK	3	D	D	2	20	71f270970c97b565f1a2b3b3ded893c8a9d09be1be5ab57b1d5343d3266514a0	0	0	full_sequence	1	0	/storage9920/home/tinghao.xia/Data_FM/RNA_FM_embeddings/2NOK/rnafm_t12_residue_embeddings.pt
2NPY	0	A	A	1	13	7ea579ab189ddc811297ba50a7a6b0bb39623e3637cb647a9c5ee158abd7f1b5	0	0	full_sequence	1	0	/storage9920/home/tinghao.xia/Data_FM/RNA_FM_embeddings/2NPY/rnafm_t12_residue_embeddings.pt
2NPY	1	B	B	2	12	18daab8b7928da4d89b3dfeec9a6b226fe94d1a3d77d45a2c296288ed5fdc4f6	0	0	full_sequence	1	0	/storage9920/home/tinghao.xia/Data_FM/RNA_FM_embeddings/2NPY/rnafm_t12_residue_embeddings.pt
2NPY	2	C	C	3	17	941e3769daeb6747a906c7fb5ab7f5a3a2bb08623a375da40d8179c2cfde45df	0	0	full_sequence	1	0	/storage9920/home/tinghao.xia/Data_FM/RNA_FM_embeddings/2NPY/rnafm_t12_residue_embeddings.pt
2NPY	3	D	D	4	19	6f9cec5eb36aa82f7310feb000fb6dc4b386cdfed96112d0885320b0ee04a7b7	0	0	full_sequence	1	0	/storage9920/home/tinghao.xia/Data_FM/RNA_FM_embeddings/2NPY/rnafm_t12_residue_embeddings.pt
2NPZ	0	A	A	1	13	ac0d507cbec1843c89e84b0a947ca7b0eae4a871ba7f5bfc49e8244caf53f40b	0	0	full_sequence	1	0	/storage9920/home/tinghao.xia/Data_FM/RNA_FM_embeddings/2NPZ/rnafm_t12_residue_embeddings.pt
2NPZ	1	B	B	2	12	18daab8b7928da4d89b3dfeec9a6b226fe94d1a3d77d45a2c296288ed5fdc4f6	0	0	full_sequence	1	0	/storage9920/home/tinghao.xia/Data_FM/RNA_FM_embeddings/2NPZ/rnafm_t12_residue_embeddings.pt
2NPZ	2	C	C	3	17	941e3769daeb6747a906c7fb5ab7f5a3a2bb08623a375da40d8179c2cfde45df	0	0	full_sequence	1	0	/storage9920/home/tinghao.xia/Data_FM/RNA_FM_embeddings/2NPZ/rnafm_t12_residue_embeddings.pt
2NPZ	3	D	D	4	19	6f9cec5eb36aa82f7310feb000fb6dc4b386cdfed96112d0885320b0ee04a7b7	0	0	full_sequence	1	0	/storage9920/home/tinghao.xia/Data_FM/RNA_FM_embeddings/2NPZ/rnafm_t12_residue_embeddings.pt
2O32	0	A	A	1	20	5abcb0a8e6e2128a41008c99d4461eab4bfefddbf5b7411c414bb33faf5c51db	0	0	full_sequence	1	0	/storage9920/home/tinghao.xia/Data_FM/RNA_FM_embeddings/2O32/rnafm_t12_residue_embeddings.pt
2O33	0	A	A	1	20	9b88876f2e912a8096b0f1f811918683cc3fcf00605a248ba93395702f01cfbd	0	0	full_sequence	1	0	/storage9920/home/tinghao.xia/Data_FM/RNA_FM_embeddings/2O33/rnafm_t12_residue_embeddings.pt
2O3V	0	A	A	1	23	ffe56e2cc2fcd5d99b11a85d1d2f04672ae11d0406004b2eb674a4381b6f8676	0	0	full_sequence	1	0	/storage9920/home/tinghao.xia/Data_FM/RNA_FM_embeddings/2O3V/rnafm_t12_residue_embeddings.pt
2O3V	1	B	B	1	23	ffe56e2cc2fcd5d99b11a85d1d2f04672ae11d0406004b2eb674a4381b6f8676	0	0	full_sequence	1	0	/storage9920/home/tinghao.xia/Data_FM/RNA_FM_embeddings/2O3V/rnafm_t12_residue_embeddings.pt
2O3W	0	A	A	1	23	ffe56e2cc2fcd5d99b11a85d1d2f04672ae11d0406004b2eb674a4381b6f8676	0	0	full_sequence	1	0	/storage9920/home/tinghao.xia/Data_FM/RNA_FM_embeddings/2O3W/rnafm_t12_residue_embeddings.pt
2O3W	1	B	B	1	23	ffe56e2cc2fcd5d99b11a85d1d2f04672ae11d0406004b2eb674a4381b6f8676	0	0	full_sequence	1	0	/storage9920/home/tinghao.xia/Data_FM/RNA_FM_embeddings/2O3W/rnafm_t12_residue_embeddings.pt
2O3X	0	A	A	1	23	9ee20b8338479c64ee2d8e99734ce06aa442292c45f9cc3c84bdc2fe6a616b63	0	0	full_sequence	1	0	/storage9920/home/tinghao.xia/Data_FM/RNA_FM_embeddings/2O3X/rnafm_t12_residue_embeddings.pt
2O3X	1	B	B	1	23	9ee20b8338479c64ee2d8e99734ce06aa442292c45f9cc3c84bdc2fe6a616b63	0	0	full_sequence	1	0	/storage9920/home/tinghao.xia/Data_FM/RNA_FM_embeddings/2O3X/rnafm_t12_residue_embeddings.pt
2O3Y	0	A	A	1	23	ffe56e2cc2fcd5d99b11a85d1d2f04672ae11d0406004b2eb674a4381b6f8676	0	0	full_sequence	1	0	/storage9920/home/tinghao.xia/Data_FM/RNA_FM_embeddings/2O3Y/rnafm_t12_residue_embeddings.pt
2O3Y	1	B	B	1	23	ffe56e2cc2fcd5d99b11a85d1d2f04672ae11d0406004b2eb674a4381b6f8676	0	0	full_sequence	1	0	/storage9920/home/tinghao.xia/Data_FM/RNA_FM_embeddings/2O3Y/rnafm_t12_residue_embeddings.pt
2O43	0	A	A	1	2880	00422bfdbb8cd0e35f80a460dae8f3e3899183cd55c4d2440ddd6969489a2708	0	0	sliding_window_uniform_mean	4	0,766,1532,1858	/storage9920/home/tinghao.xia/Data_FM/RNA_FM_embeddings/2O43/rnafm_t12_residue_embeddings.pt
2O44	0	A	A	1	2880	00422bfdbb8cd0e35f80a460dae8f3e3899183cd55c4d2440ddd6969489a2708	0	0	sliding_window_uniform_mean	4	0,766,1532,1858	/storage9920/home/tinghao.xia/Data_FM/RNA_FM_embeddings/2O44/rnafm_t12_residue_embeddings.pt
2O45	0	A	A	1	2880	00422bfdbb8cd0e35f80a460dae8f3e3899183cd55c4d2440ddd6969489a2708	0	0	sliding_window_uniform_mean	4	0,766,1532,1858	/storage9920/home/tinghao.xia/Data_FM/RNA_FM_embeddings/2O45/rnafm_t12_residue_embeddings.pt
2O81	0	A	A	1	9	160ca51d6186ead416e01e266e8e79e9f42f97f63e7bf5a1eebc26c709c11ea0	0	0	full_sequence	1	0	/storage9920/home/tinghao.xia/Data_FM/RNA_FM_embeddings/2O81/rnafm_t12_residue_embeddings.pt
2O81	1	B	B	1	9	160ca51d6186ead416e01e266e8e79e9f42f97f63e7bf5a1eebc26c709c11ea0	0	0	full_sequence	1	0	/storage9920/home/tinghao.xia/Data_FM/RNA_FM_embeddings/2O81/rnafm_t12_residue_embeddings.pt
2O83	0	A	A	1	9	0e2913af28461617e779869bd86c083a324401dbd561877472b04af20c75cab4	0	0	full_sequence	1	0	/storage9920/home/tinghao.xia/Data_FM/RNA_FM_embeddings/2O83/rnafm_t12_residue_embeddings.pt
2O83	1	B	B	1	9	0e2913af28461617e779869bd86c083a324401dbd561877472b04af20c75cab4	0	0	full_sequence	1	0	/storage9920/home/tinghao.xia/Data_FM/RNA_FM_embeddings/2O83/rnafm_t12_residue_embeddings.pt
2OE5	0	A	A	1	16	98203aa477c6494b0c4b4a0ddf11485c27d708d4ff561a7c029e9e403a912b41	0	0	full_sequence	1	0	/storage9920/home/tinghao.xia/Data_FM/RNA_FM_embeddings/2OE5/rnafm_t12_residue_embeddings.pt
2OE5	1	B	B	2	17	3fce8f9f48dad26a6403dec97d99427298873bec4bf22054836242919af307ef	0	0	full_sequence	1	0	/storage9920/home/tinghao.xia/Data_FM/RNA_FM_embeddings/2OE5/rnafm_t12_residue_embeddings.pt
2OE6	0	A	A	1	16	dbe4bfa4e3326cdd150c82ac77330ed7030b0f0d11cd7b65a7dd447459bd06d3	0	0	full_sequence	1	0	/storage9920/home/tinghao.xia/Data_FM/RNA_FM_embeddings/2OE6/rnafm_t12_residue_embeddings.pt
2OE6	1	B	B	2	17	55fe3e8021b7fbdabbfcceb6f19e8f1e08849299ce290df1e74c4c15a6d81e7a	0	0	full_sequence	1	0	/storage9920/home/tinghao.xia/Data_FM/RNA_FM_embeddings/2OE6/rnafm_t12_residue_embeddings.pt
2OE8	0	A	A	1	16	dbe4bfa4e3326cdd150c82ac77330ed7030b0f0d11cd7b65a7dd447459bd06d3	0	0	full_sequence	1	0	/storage9920/home/tinghao.xia/Data_FM/RNA_FM_embeddings/2OE8/rnafm_t12_residue_embeddings.pt
2OE8	1	B	B	2	17	55fe3e8021b7fbdabbfcceb6f19e8f1e08849299ce290df1e74c4c15a6d81e7a	0	0	full_sequence	1	0	/storage9920/home/tinghao.xia/Data_FM/RNA_FM_embeddings/2OE8/rnafm_t12_residue_embeddings.pt
2OEU	0	A	A	1	43	fadcc10826314573b1125c35cc04c6639f758559f83664654d8f085d6689c70a	0	0	full_sequence	1	0	/storage9920/home/tinghao.xia/Data_FM/RNA_FM_embeddings/2OEU/rnafm_t12_residue_embeddings.pt
2OEU	1	B	B	2	20	2ffb28c32fdf86a019768130a5c20f2968019e76b71a31eba9d2249496cc22e5	0	0	full_sequence	1	0	/storage9920/home/tinghao.xia/Data_FM/RNA_FM_embeddings/2OEU/rnafm_t12_residue_embeddings.pt
2OIJ	0	A	A	1	23	5e26c1057669e59d7c6d99e8a985bb712e435e7c6de371ad61d5bab6ab82e461	0	0	full_sequence	1	0	/storage9920/home/tinghao.xia/Data_FM/RNA_FM_embeddings/2OIJ/rnafm_t12_residue_embeddings.pt
2OIJ	1	B	B	1	23	5e26c1057669e59d7c6d99e8a985bb712e435e7c6de371ad61d5bab6ab82e461	0	0	full_sequence	1	0	/storage9920/home/tinghao.xia/Data_FM/RNA_FM_embeddings/2OIJ/rnafm_t12_residue_embeddings.pt
2OIU	0	P	A	1	71	13b60a309fec132707e5d53f4060ae767f1757c9a4ed198d777f0fcb4a17f8ea	0	0	full_sequence	1	0	/storage9920/home/tinghao.xia/Data_FM/RNA_FM_embeddings/2OIU/rnafm_t12_residue_embeddings.pt
2OIU	1	Q	B	1	71	13b60a309fec132707e5d53f4060ae767f1757c9a4ed198d777f0fcb4a17f8ea	0	0	full_sequence	1	0	/storage9920/home/tinghao.xia/Data_FM/RNA_FM_embeddings/2OIU/rnafm_t12_residue_embeddings.pt
2OIY	0	A	A	1	23	5e26c1057669e59d7c6d99e8a985bb712e435e7c6de371ad61d5bab6ab82e461	0	0	full_sequence	1	0	/storage9920/home/tinghao.xia/Data_FM/RNA_FM_embeddings/2OIY/rnafm_t12_residue_embeddings.pt
2OIY	1	B	B	1	23	5e26c1057669e59d7c6d99e8a985bb712e435e7c6de371ad61d5bab6ab82e461	0	0	full_sequence	1	0	/storage9920/home/tinghao.xia/Data_FM/RNA_FM_embeddings/2OIY/rnafm_t12_residue_embeddings.pt
2OJ0	0	A	A	1	23	5e26c1057669e59d7c6d99e8a985bb712e435e7c6de371ad61d5bab6ab82e461	0	0	full_sequence	1	0	/storage9920/home/tinghao.xia/Data_FM/RNA_FM_embeddings/2OJ0/rnafm_t12_residue_embeddings.pt
2OJ0	1	B	B	1	23	5e26c1057669e59d7c6d99e8a985bb712e435e7c6de371ad61d5bab6ab82e461	0	0	full_sequence	1	0	/storage9920/home/tinghao.xia/Data_FM/RNA_FM_embeddings/2OJ0/rnafm_t12_residue_embeddings.pt
2OJ7	0	A	A	1	8	c74f2617816cbaac89e21142777c1e739de5fa5c8fc917fa1eda2194fbaf3249	0	0	full_sequence	1	0	/storage9920/home/tinghao.xia/Data_FM/RNA_FM_embeddings/2OJ7/rnafm_t12_residue_embeddings.pt
2OJ8	0	A	A	1	8	c74f2617816cbaac89e21142777c1e739de5fa5c8fc917fa1eda2194fbaf3249	0	0	full_sequence	1	0	/storage9920/home/tinghao.xia/Data_FM/RNA_FM_embeddings/2OJ8/rnafm_t12_residue_embeddings.pt
2OOM	0	A	A	1	16	671d9c4364395c2ee9b81d295e87e74104ea67887168a6e1f3262d5337d06167	0	0	full_sequence	1	0	/storage9920/home/tinghao.xia/Data_FM/RNA_FM_embeddings/2OOM/rnafm_t12_residue_embeddings.pt
2OOM	1	B	B	2	16	6df220f6d09a7d5656cd5a8de4ec30ca16db75a4916fb14388ec5d38f1a9138b	0	0	full_sequence	1	0	/storage9920/home/tinghao.xia/Data_FM/RNA_FM_embeddings/2OOM/rnafm_t12_residue_embeddings.pt
2OUE	0	A	A	1	13	ac0d507cbec1843c89e84b0a947ca7b0eae4a871ba7f5bfc49e8244caf53f40b	0	0	full_sequence	1	0	/storage9920/home/tinghao.xia/Data_FM/RNA_FM_embeddings/2OUE/rnafm_t12_residue_embeddings.pt
2OUE	1	B	B	2	12	18daab8b7928da4d89b3dfeec9a6b226fe94d1a3d77d45a2c296288ed5fdc4f6	0	0	full_sequence	1	0	/storage9920/home/tinghao.xia/Data_FM/RNA_FM_embeddings/2OUE/rnafm_t12_residue_embeddings.pt
2OUE	2	C	C	3	17	941e3769daeb6747a906c7fb5ab7f5a3a2bb08623a375da40d8179c2cfde45df	0	0	full_sequence	1	0	/storage9920/home/tinghao.xia/Data_FM/RNA_FM_embeddings/2OUE/rnafm_t12_residue_embeddings.pt
2OUE	3	D	D	4	19	6f9cec5eb36aa82f7310feb000fb6dc4b386cdfed96112d0885320b0ee04a7b7	0	0	full_sequence	1	0	/storage9920/home/tinghao.xia/Data_FM/RNA_FM_embeddings/2OUE/rnafm_t12_residue_embeddings.pt
2P7F	0	A	A	1	13	ac0d507cbec1843c89e84b0a947ca7b0eae4a871ba7f5bfc49e8244caf53f40b	0	0	full_sequence	1	0	/storage9920/home/tinghao.xia/Data_FM/RNA_FM_embeddings/2P7F/rnafm_t12_residue_embeddings.pt
2P7F	1	B	B	2	12	18daab8b7928da4d89b3dfeec9a6b226fe94d1a3d77d45a2c296288ed5fdc4f6	0	0	full_sequence	1	0	/storage9920/home/tinghao.xia/Data_FM/RNA_FM_embeddings/2P7F/rnafm_t12_residue_embeddings.pt
2P7F	2	C	C	3	17	941e3769daeb6747a906c7fb5ab7f5a3a2bb08623a375da40d8179c2cfde45df	0	0	full_sequence	1	0	/storage9920/home/tinghao.xia/Data_FM/RNA_FM_embeddings/2P7F/rnafm_t12_residue_embeddings.pt
2P7F	3	D	D	4	19	6f9cec5eb36aa82f7310feb000fb6dc4b386cdfed96112d0885320b0ee04a7b7	0	0	full_sequence	1	0	/storage9920/home/tinghao.xia/Data_FM/RNA_FM_embeddings/2P7F/rnafm_t12_residue_embeddings.pt
2P89	0	A	A	1	34	8d6fdedd19f5a35f029073fc3921535e95aeb1f802d629fcf7213ff254351446	0	0	full_sequence	1	0	/storage9920/home/tinghao.xia/Data_FM/RNA_FM_embeddings/2P89/rnafm_t12_residue_embeddings.pt
2P89	1	B	B	2	14	ccf8d2f1d627d75972bfd04bf2ef37b5c6d27c8a0aace71bcd10f8dcc4e7502a	0	0	full_sequence	1	0	/storage9920/home/tinghao.xia/Data_FM/RNA_FM_embeddings/2P89/rnafm_t12_residue_embeddings.pt
2PCV	0	A	A	1	35	e07730843219d90b9a65edf4533354e299b43bf9b087efba73a64217b23dc185	0	0	full_sequence	1	0	/storage9920/home/tinghao.xia/Data_FM/RNA_FM_embeddings/2PCV/rnafm_t12_residue_embeddings.pt
2PCW	0	A	A	1	35	e07730843219d90b9a65edf4533354e299b43bf9b087efba73a64217b23dc185	0	0	full_sequence	1	0	/storage9920/home/tinghao.xia/Data_FM/RNA_FM_embeddings/2PCW/rnafm_t12_residue_embeddings.pt
2PCW	1	B	B	2	14	2756da97554e1e6ca0dc0d59e43dd7f550aab03c67b55195967a2effffc76042	0	0	full_sequence	1	0	/storage9920/home/tinghao.xia/Data_FM/RNA_FM_embeddings/2PCW/rnafm_t12_residue_embeddings.pt
2PN3	0	A	A	1	24	adb544c85139ad60e03a817e8e5cc344bbab3d4acb96a39a74f0a1c7cdf58594	0	0	full_sequence	1	0	/storage9920/home/tinghao.xia/Data_FM/RNA_FM_embeddings/2PN3/rnafm_t12_residue_embeddings.pt
2PN3	1	B	B	2	20	71f270970c97b565f1a2b3b3ded893c8a9d09be1be5ab57b1d5343d3266514a0	0	0	full_sequence	1	0	/storage9920/home/tinghao.xia/Data_FM/RNA_FM_embeddings/2PN3/rnafm_t12_residue_embeddings.pt
2PN4	0	A	A	1	24	adb544c85139ad60e03a817e8e5cc344bbab3d4acb96a39a74f0a1c7cdf58594	0	0	full_sequence	1	0	/storage9920/home/tinghao.xia/Data_FM/RNA_FM_embeddings/2PN4/rnafm_t12_residue_embeddings.pt
2PN4	1	C	B	1	24	adb544c85139ad60e03a817e8e5cc344bbab3d4acb96a39a74f0a1c7cdf58594	0	0	full_sequence	1	0	/storage9920/home/tinghao.xia/Data_FM/RNA_FM_embeddings/2PN4/rnafm_t12_residue_embeddings.pt
2PN4	2	B	C	2	20	71f270970c97b565f1a2b3b3ded893c8a9d09be1be5ab57b1d5343d3266514a0	0	0	full_sequence	1	0	/storage9920/home/tinghao.xia/Data_FM/RNA_FM_embeddings/2PN4/rnafm_t12_residue_embeddings.pt
2PN4	3	D	D	2	20	71f270970c97b565f1a2b3b3ded893c8a9d09be1be5ab57b1d5343d3266514a0	0	0	full_sequence	1	0	/storage9920/home/tinghao.xia/Data_FM/RNA_FM_embeddings/2PN4/rnafm_t12_residue_embeddings.pt
2PN9	0	A	A	1	16	671d9c4364395c2ee9b81d295e87e74104ea67887168a6e1f3262d5337d06167	0	0	full_sequence	1	0	/storage9920/home/tinghao.xia/Data_FM/RNA_FM_embeddings/2PN9/rnafm_t12_residue_embeddings.pt
2PN9	1	B	B	2	16	6df220f6d09a7d5656cd5a8de4ec30ca16db75a4916fb14388ec5d38f1a9138b	0	0	full_sequence	1	0	/storage9920/home/tinghao.xia/Data_FM/RNA_FM_embeddings/2PN9/rnafm_t12_residue_embeddings.pt
2PWT	0	A	A	1	21	aba75d864907ff836db14f0357625cec15b219f2a47cb6dc10a06ea0c187dcf0	0	0	full_sequence	1	0	/storage9920/home/tinghao.xia/Data_FM/RNA_FM_embeddings/2PWT/rnafm_t12_residue_embeddings.pt
2PWT	1	B	B	1	21	aba75d864907ff836db14f0357625cec15b219f2a47cb6dc10a06ea0c187dcf0	0	0	full_sequence	1	0	/storage9920/home/tinghao.xia/Data_FM/RNA_FM_embeddings/2PWT/rnafm_t12_residue_embeddings.pt
2Q1O	0	A	A	1	12	9d9959829dbf39be420202fc27fad038d90ff733d4c6065b9d9b6bbcb3367bed	1	0	full_sequence	1	0	/storage9920/home/tinghao.xia/Data_FM/RNA_FM_embeddings/2Q1O/rnafm_t12_residue_embeddings.pt
2Q1O	1	B	B	1	12	9d9959829dbf39be420202fc27fad038d90ff733d4c6065b9d9b6bbcb3367bed	1	0	full_sequence	1	0	/storage9920/home/tinghao.xia/Data_FM/RNA_FM_embeddings/2Q1O/rnafm_t12_residue_embeddings.pt
2Q1O	2	C	C	1	12	9d9959829dbf39be420202fc27fad038d90ff733d4c6065b9d9b6bbcb3367bed	1	0	full_sequence	1	0	/storage9920/home/tinghao.xia/Data_FM/RNA_FM_embeddings/2Q1O/rnafm_t12_residue_embeddings.pt
2Q1O	3	D	D	1	12	9d9959829dbf39be420202fc27fad038d90ff733d4c6065b9d9b6bbcb3367bed	1	0	full_sequence	1	0	/storage9920/home/tinghao.xia/Data_FM/RNA_FM_embeddings/2Q1O/rnafm_t12_residue_embeddings.pt
2Q1R	0	A	A	1	12	1ebf43bc82c9eaa5e9b2f361bc75b00cdcba058aeeca434f19fdd2661c498c6c	0	0	full_sequence	1	0	/storage9920/home/tinghao.xia/Data_FM/RNA_FM_embeddings/2Q1R/rnafm_t12_residue_embeddings.pt
2QBZ	0	X	A	1	161	d87aaaeb7468b93dc1c31e378c6da59fe1665579564c2aa3c021905109cccecc	0	0	full_sequence	1	0	/storage9920/home/tinghao.xia/Data_FM/RNA_FM_embeddings/2QBZ/rnafm_t12_residue_embeddings.pt
2QEK	0	A	A	1	23	e76f2749335f10c04db0879400760981d601123c644cdbed91b68b4776a1b98d	0	0	full_sequence	1	0	/storage9920/home/tinghao.xia/Data_FM/RNA_FM_embeddings/2QEK/rnafm_t12_residue_embeddings.pt
2QEK	1	B	B	1	23	e76f2749335f10c04db0879400760981d601123c644cdbed91b68b4776a1b98d	0	0	full_sequence	1	0	/storage9920/home/tinghao.xia/Data_FM/RNA_FM_embeddings/2QEK/rnafm_t12_residue_embeddings.pt
2QH2	0	A	A	1	24	d963c7c4eebf8c38a350021e9084335c79753cf70d154a40f4b1eca3092122d4	0	0	full_sequence	1	0	/storage9920/home/tinghao.xia/Data_FM/RNA_FM_embeddings/2QH2/rnafm_t12_residue_embeddings.pt
2QH3	0	A	A	1	23	02f6d998e6e5f5036999717de14543aa2dc378517a15d62b3395dad733daebd8	0	0	full_sequence	1	0	/storage9920/home/tinghao.xia/Data_FM/RNA_FM_embeddings/2QH3/rnafm_t12_residue_embeddings.pt
2QH4	0	A	A	1	18	c983fa01ed86e1ef5f51c6b02ee73f4f54083412802460e8a4070c942b284ac4	0	0	full_sequence	1	0	/storage9920/home/tinghao.xia/Data_FM/RNA_FM_embeddings/2QH4/rnafm_t12_residue_embeddings.pt
2QUS	0	A	A	1	69	9402b0d0b9ee844dfd8ff55353aac53b7c21c4062449a27832b323425ae35f22	0	0	full_sequence	1	0	/storage9920/home/tinghao.xia/Data_FM/RNA_FM_embeddings/2QUS/rnafm_t12_residue_embeddings.pt
2QUS	1	B	B	1	69	9402b0d0b9ee844dfd8ff55353aac53b7c21c4062449a27832b323425ae35f22	0	0	full_sequence	1	0	/storage9920/home/tinghao.xia/Data_FM/RNA_FM_embeddings/2QUS/rnafm_t12_residue_embeddings.pt
2QUW	0	A	A	1	12	699ffc6fc97167b3862fc4fe31860549afebbf2ff33bcf5ddca483f16ba7e8bd	0	0	full_sequence	1	0	/storage9920/home/tinghao.xia/Data_FM/RNA_FM_embeddings/2QUW/rnafm_t12_residue_embeddings.pt
2QUW	1	C	B	1	12	699ffc6fc97167b3862fc4fe31860549afebbf2ff33bcf5ddca483f16ba7e8bd	0	0	full_sequence	1	0	/storage9920/home/tinghao.xia/Data_FM/RNA_FM_embeddings/2QUW/rnafm_t12_residue_embeddings.pt
2QUW	2	B	C	2	57	0186c0dcbfb8a8a0bc74cacbc8f3f11ae47cf598c5fcba26e13043235f91f243	0	0	full_sequence	1	0	/storage9920/home/tinghao.xia/Data_FM/RNA_FM_embeddings/2QUW/rnafm_t12_residue_embeddings.pt
2QUW	3	D	D	2	57	0186c0dcbfb8a8a0bc74cacbc8f3f11ae47cf598c5fcba26e13043235f91f243	0	0	full_sequence	1	0	/storage9920/home/tinghao.xia/Data_FM/RNA_FM_embeddings/2QUW/rnafm_t12_residue_embeddings.pt
2QWY	0	A	A	1	52	26d0c56b2f35c364515fe0aaddaef6572475993c96d3080acfa2957745972e5a	0	0	full_sequence	1	0	/storage9920/home/tinghao.xia/Data_FM/RNA_FM_embeddings/2QWY/rnafm_t12_residue_embeddings.pt
2QWY	1	B	B	1	52	26d0c56b2f35c364515fe0aaddaef6572475993c96d3080acfa2957745972e5a	0	0	full_sequence	1	0	/storage9920/home/tinghao.xia/Data_FM/RNA_FM_embeddings/2QWY/rnafm_t12_residue_embeddings.pt
2QWY	2	C	C	1	52	26d0c56b2f35c364515fe0aaddaef6572475993c96d3080acfa2957745972e5a	0	0	full_sequence	1	0	/storage9920/home/tinghao.xia/Data_FM/RNA_FM_embeddings/2QWY/rnafm_t12_residue_embeddings.pt
2R1S	0	A	A	1	13	2c5d7b2d11a5fd8582bc47a7d7769c06e8fa70f14daeaa7af8a5c37ece429a49	0	0	full_sequence	1	0	/storage9920/home/tinghao.xia/Data_FM/RNA_FM_embeddings/2R1S/rnafm_t12_residue_embeddings.pt
2R1S	1	B	B	1	13	2c5d7b2d11a5fd8582bc47a7d7769c06e8fa70f14daeaa7af8a5c37ece429a49	0	0	full_sequence	1	0	/storage9920/home/tinghao.xia/Data_FM/RNA_FM_embeddings/2R1S/rnafm_t12_residue_embeddings.pt
2R20	0	A	A	1	13	2c5d7b2d11a5fd8582bc47a7d7769c06e8fa70f14daeaa7af8a5c37ece429a49	0	0	full_sequence	1	0	/storage9920/home/tinghao.xia/Data_FM/RNA_FM_embeddings/2R20/rnafm_t12_residue_embeddings.pt
2R20	1	B	B	1	13	2c5d7b2d11a5fd8582bc47a7d7769c06e8fa70f14daeaa7af8a5c37ece429a49	0	0	full_sequence	1	0	/storage9920/home/tinghao.xia/Data_FM/RNA_FM_embeddings/2R20/rnafm_t12_residue_embeddings.pt
2R21	0	A	A	1	13	2c5d7b2d11a5fd8582bc47a7d7769c06e8fa70f14daeaa7af8a5c37ece429a49	0	0	full_sequence	1	0	/storage9920/home/tinghao.xia/Data_FM/RNA_FM_embeddings/2R21/rnafm_t12_residue_embeddings.pt
2R21	1	B	B	1	13	2c5d7b2d11a5fd8582bc47a7d7769c06e8fa70f14daeaa7af8a5c37ece429a49	0	0	full_sequence	1	0	/storage9920/home/tinghao.xia/Data_FM/RNA_FM_embeddings/2R21/rnafm_t12_residue_embeddings.pt
2R22	0	A	A	1	13	2c5d7b2d11a5fd8582bc47a7d7769c06e8fa70f14daeaa7af8a5c37ece429a49	0	0	full_sequence	1	0	/storage9920/home/tinghao.xia/Data_FM/RNA_FM_embeddings/2R22/rnafm_t12_residue_embeddings.pt
2R22	1	B	B	1	13	2c5d7b2d11a5fd8582bc47a7d7769c06e8fa70f14daeaa7af8a5c37ece429a49	0	0	full_sequence	1	0	/storage9920/home/tinghao.xia/Data_FM/RNA_FM_embeddings/2R22/rnafm_t12_residue_embeddings.pt
2RLU	0	A	A	1	19	d49a73738d3bb6b661a9e8b851e9295f823b558a45e879bebabdd4ada430e50f	0	0	full_sequence	1	0	/storage9920/home/tinghao.xia/Data_FM/RNA_FM_embeddings/2RLU/rnafm_t12_residue_embeddings.pt
2RN1	0	A	A	1	16	d9121649f14a8177cbcaf0b749d5a6e2c5205df74a9846771f60ea77f421417e	0	0	full_sequence	1	0	/storage9920/home/tinghao.xia/Data_FM/RNA_FM_embeddings/2RN1/rnafm_t12_residue_embeddings.pt
2RN1	1	B	B	2	16	fb49776fbc895d998384cf062a6b68bf397c45497ff50c549d077f1cb24961dc	0	0	full_sequence	1	0	/storage9920/home/tinghao.xia/Data_FM/RNA_FM_embeddings/2RN1/rnafm_t12_residue_embeddings.pt
2RO2	0	A	A	1	23	e38f5c86e19cce2d9951aaab14534e3a7d712b179c1a3519217a2c199ee3cc24	0	0	full_sequence	1	0	/storage9920/home/tinghao.xia/Data_FM/RNA_FM_embeddings/2RO2/rnafm_t12_residue_embeddings.pt
2RP0	0	A	A	1	27	2fd7c7f9e3f3e2d9ca60e4cf8f3ffee438589203de67fdb2ab9b5b4a1c45943b	0	0	full_sequence	1	0	/storage9920/home/tinghao.xia/Data_FM/RNA_FM_embeddings/2RP0/rnafm_t12_residue_embeddings.pt
2RP1	0	A	A	1	27	2fd7c7f9e3f3e2d9ca60e4cf8f3ffee438589203de67fdb2ab9b5b4a1c45943b	0	0	full_sequence	1	0	/storage9920/home/tinghao.xia/Data_FM/RNA_FM_embeddings/2RP1/rnafm_t12_residue_embeddings.pt
2RPK	0	A	A	1	20	b92479136b87ecc6143496415b08e1ce7e8c51ec9b6e182a2d1bd377ad380073	0	0	full_sequence	1	0	/storage9920/home/tinghao.xia/Data_FM/RNA_FM_embeddings/2RPK/rnafm_t12_residue_embeddings.pt
2RPT	0	A	A	1	20	0327384c18e6053dff59975dfdafb0758840f76c2efacc147995ec0fe21d4b3a	0	0	full_sequence	1	0	/storage9920/home/tinghao.xia/Data_FM/RNA_FM_embeddings/2RPT/rnafm_t12_residue_embeddings.pt
2RQJ	0	A	A	1	12	caf31e1aa150cd2e14a2981c3cd74e18a8a0d33973b7f09142ddf724948ee720	0	0	full_sequence	1	0	/storage9920/home/tinghao.xia/Data_FM/RNA_FM_embeddings/2RQJ/rnafm_t12_residue_embeddings.pt
2RQJ	1	B	B	1	12	caf31e1aa150cd2e14a2981c3cd74e18a8a0d33973b7f09142ddf724948ee720	0	0	full_sequence	1	0	/storage9920/home/tinghao.xia/Data_FM/RNA_FM_embeddings/2RQJ/rnafm_t12_residue_embeddings.pt
2RRC	0	A	A	1	22	bb34d4145a1098989ddbc5cbe8be07f31df297d0fa497f607288ab6d6ba618f7	0	0	full_sequence	1	0	/storage9920/home/tinghao.xia/Data_FM/RNA_FM_embeddings/2RRC/rnafm_t12_residue_embeddings.pt
2RVO	0	A	A	1	34	802f4213aea1d9dc9134a33a1d48916bfe05c60d5b282be81023426ea3ddd460	0	0	full_sequence	1	0	/storage9920/home/tinghao.xia/Data_FM/RNA_FM_embeddings/2RVO/rnafm_t12_residue_embeddings.pt
2TOB	0	A	A	1	20	9b738381504299b53a6a11619c5cb17dc6df814d2b9e1d427bbfe374c769eacc	0	0	full_sequence	1	0	/storage9920/home/tinghao.xia/Data_FM/RNA_FM_embeddings/2TOB/rnafm_t12_residue_embeddings.pt
2TPK	0	A	A	1	36	5b1f1da2157099831ff70e8671ac69f13acde9457a239305b99813de05863e2a	0	0	full_sequence	1	0	/storage9920/home/tinghao.xia/Data_FM/RNA_FM_embeddings/2TPK/rnafm_t12_residue_embeddings.pt
2TRA	0	A	A	1	75	5c75aee225e2a845d327e94bf67b43c27b4c214df2bfd57e7870893c2a418cde	0	0	full_sequence	1	0	/storage9920/home/tinghao.xia/Data_FM/RNA_FM_embeddings/2TRA/rnafm_t12_residue_embeddings.pt
2U2A	0	A	A	1	20	9e9b6ae00d5380ab7489f0d0482acbf83e668094987bdd9b6766ab97e2b71932	0	0	full_sequence	1	0	/storage9920/home/tinghao.xia/Data_FM/RNA_FM_embeddings/2U2A/rnafm_t12_residue_embeddings.pt
2V6W	0	A	A	1	7	237626e19f48141f21953b97af304be4bfadf2599b871f1a8c61d2e456c4908e	0	0	full_sequence	1	0	/storage9920/home/tinghao.xia/Data_FM/RNA_FM_embeddings/2V6W/rnafm_t12_residue_embeddings.pt
2V6W	1	B	B	2	7	b743acee32652849551951e0907dfc638159128d60e891cf4a11e2e2a0c30f23	0	0	full_sequence	1	0	/storage9920/home/tinghao.xia/Data_FM/RNA_FM_embeddings/2V6W/rnafm_t12_residue_embeddings.pt
2V7R	0	A	A	1	7	007144a71e3443c2538e1834bd0423a038134f1de15a85885c1345dd6f6f43c2	0	0	full_sequence	1	0	/storage9920/home/tinghao.xia/Data_FM/RNA_FM_embeddings/2V7R/rnafm_t12_residue_embeddings.pt
2V7R	1	B	B	2	7	05f84b87ce265c7273b59f5d49aa56cba7ef3629df4f9077fa362036b4804394	0	0	full_sequence	1	0	/storage9920/home/tinghao.xia/Data_FM/RNA_FM_embeddings/2V7R/rnafm_t12_residue_embeddings.pt
2VAL	0	A	A	1	7	289f0b4c98c403f6616d7ea7bed5bf0a31fdc8d248a92b84700e4a407945b2a5	0	0	full_sequence	1	0	/storage9920/home/tinghao.xia/Data_FM/RNA_FM_embeddings/2VAL/rnafm_t12_residue_embeddings.pt
2VAL	1	B	B	1	7	289f0b4c98c403f6616d7ea7bed5bf0a31fdc8d248a92b84700e4a407945b2a5	0	0	full_sequence	1	0	/storage9920/home/tinghao.xia/Data_FM/RNA_FM_embeddings/2VAL/rnafm_t12_residue_embeddings.pt
2VAL	2	C	C	2	7	d00001f759e141cffe1247099d63696b70113f1e7f76a525ef89cb605880b3a2	0	0	full_sequence	1	0	/storage9920/home/tinghao.xia/Data_FM/RNA_FM_embeddings/2VAL/rnafm_t12_residue_embeddings.pt
2VAL	3	D	D	2	7	d00001f759e141cffe1247099d63696b70113f1e7f76a525ef89cb605880b3a2	0	0	full_sequence	1	0	/storage9920/home/tinghao.xia/Data_FM/RNA_FM_embeddings/2VAL/rnafm_t12_residue_embeddings.pt
2VUQ	0	A	A	1	7	1f01c954f56fbe08f1430545392e7d35d0149509f87e8a157e30c6d20f093805	0	0	full_sequence	1	0	/storage9920/home/tinghao.xia/Data_FM/RNA_FM_embeddings/2VUQ/rnafm_t12_residue_embeddings.pt
2VUQ	1	B	B	2	7	a1ac45ec66f26b07257b3bc5d11d3c575c9235c2dfb50147157cd7422799d06c	0	0	full_sequence	1	0	/storage9920/home/tinghao.xia/Data_FM/RNA_FM_embeddings/2VUQ/rnafm_t12_residue_embeddings.pt
2W89	0	A	A	1	7	b06ea94b2ac4edb1aa0fbd57422242e37c6ecc8e29c0e21ffc04bcc6703bde2a	0	0	full_sequence	1	0	/storage9920/home/tinghao.xia/Data_FM/RNA_FM_embeddings/2W89/rnafm_t12_residue_embeddings.pt
2W89	1	C	B	1	7	b06ea94b2ac4edb1aa0fbd57422242e37c6ecc8e29c0e21ffc04bcc6703bde2a	0	0	full_sequence	1	0	/storage9920/home/tinghao.xia/Data_FM/RNA_FM_embeddings/2W89/rnafm_t12_residue_embeddings.pt
2W89	2	B	C	2	7	610a8411043f615816191746020da1cc88d871e1d6bd02be6c36c0b73707cfc6	0	0	full_sequence	1	0	/storage9920/home/tinghao.xia/Data_FM/RNA_FM_embeddings/2W89/rnafm_t12_residue_embeddings.pt
2W89	3	D	D	2	7	610a8411043f615816191746020da1cc88d871e1d6bd02be6c36c0b73707cfc6	0	0	full_sequence	1	0	/storage9920/home/tinghao.xia/Data_FM/RNA_FM_embeddings/2W89/rnafm_t12_residue_embeddings.pt
2WNA	0	A	A	1	6	4b21897b5754b52821301724a847a9c16fb5b2e255f6bd284a2110cc10860960	0	0	full_sequence	1	0	/storage9920/home/tinghao.xia/Data_FM/RNA_FM_embeddings/2WNA/rnafm_t12_residue_embeddings.pt
2X2Q	0	A	A	1	7	605212a1a2220a62e707e93b32c91dfa03139779640c20021a637649d2743324	5	0	full_sequence	1	0	/storage9920/home/tinghao.xia/Data_FM/RNA_FM_embeddings/2X2Q/rnafm_t12_residue_embeddings.pt
2X2Q	1	C	B	1	7	605212a1a2220a62e707e93b32c91dfa03139779640c20021a637649d2743324	5	0	full_sequence	1	0	/storage9920/home/tinghao.xia/Data_FM/RNA_FM_embeddings/2X2Q/rnafm_t12_residue_embeddings.pt
2X2Q	2	B	C	2	7	a1e9c76a8ed28dc314631028f6b8e3d5d10ba1421f808ecf7e302ffcba64215d	0	0	full_sequence	1	0	/storage9920/home/tinghao.xia/Data_FM/RNA_FM_embeddings/2X2Q/rnafm_t12_residue_embeddings.pt
2X2Q	3	D	D	2	7	a1e9c76a8ed28dc314631028f6b8e3d5d10ba1421f808ecf7e302ffcba64215d	0	0	full_sequence	1	0	/storage9920/home/tinghao.xia/Data_FM/RNA_FM_embeddings/2X2Q/rnafm_t12_residue_embeddings.pt
2XC6	0	A	A	1	8	c5ef74ed6675372f4f6e0b39ea8521ee5d21e9abbbe6677c823631068921be50	1	1	full_sequence	1	0	/storage9920/home/tinghao.xia/Data_FM/RNA_FM_embeddings/2XC6/rnafm_t12_residue_embeddings.pt
2XEB	0	A	A	1	19	1c49bbcb9bd14cfcb40a9e53897e2cb7392fbb915c55916c911b3e4c50ece39c	0	0	full_sequence	1	0	/storage9920/home/tinghao.xia/Data_FM/RNA_FM_embeddings/2XEB/rnafm_t12_residue_embeddings.pt
2XEB	1	B	B	2	14	e6a99d2a46002991ddb0701cf71d0fca14b3686fcc52ed436f10c4a670e49a46	0	0	full_sequence	1	0	/storage9920/home/tinghao.xia/Data_FM/RNA_FM_embeddings/2XEB/rnafm_t12_residue_embeddings.pt
2XNW	0	A	A	1	67	7892d875b55547edc8377abc51ea23862c54df6325a87441a1191b8a28277ddb	0	0	full_sequence	1	0	/storage9920/home/tinghao.xia/Data_FM/RNA_FM_embeddings/2XNW/rnafm_t12_residue_embeddings.pt
2XNZ	0	A	A	1	67	7892d875b55547edc8377abc51ea23862c54df6325a87441a1191b8a28277ddb	0	0	full_sequence	1	0	/storage9920/home/tinghao.xia/Data_FM/RNA_FM_embeddings/2XNZ/rnafm_t12_residue_embeddings.pt
2XO0	0	A	A	1	67	7892d875b55547edc8377abc51ea23862c54df6325a87441a1191b8a28277ddb	0	0	full_sequence	1	0	/storage9920/home/tinghao.xia/Data_FM/RNA_FM_embeddings/2XO0/rnafm_t12_residue_embeddings.pt
2XO1	0	A	A	1	67	e80b977665a2faf8020c0ceb3eec54ac470e95d1518e5e9a748d7502d7181607	0	0	full_sequence	1	0	/storage9920/home/tinghao.xia/Data_FM/RNA_FM_embeddings/2XO1/rnafm_t12_residue_embeddings.pt
2XSL	0	A	A	1	7	79cc8ee4e2b14e0198814834d3c8c29c7da7b7b099d9a4e27667dee928bb97aa	0	0	full_sequence	1	0	/storage9920/home/tinghao.xia/Data_FM/RNA_FM_embeddings/2XSL/rnafm_t12_residue_embeddings.pt
2XSL	1	C	B	1	7	79cc8ee4e2b14e0198814834d3c8c29c7da7b7b099d9a4e27667dee928bb97aa	0	0	full_sequence	1	0	/storage9920/home/tinghao.xia/Data_FM/RNA_FM_embeddings/2XSL/rnafm_t12_residue_embeddings.pt
2XSL	2	B	C	2	7	33e1d053d029cb9ddb816e38ff608ecaa0b1b0bf3eea909c8defa20554f29908	0	0	full_sequence	1	0	/storage9920/home/tinghao.xia/Data_FM/RNA_FM_embeddings/2XSL/rnafm_t12_residue_embeddings.pt
2XSL	3	D	D	2	7	33e1d053d029cb9ddb816e38ff608ecaa0b1b0bf3eea909c8defa20554f29908	0	0	full_sequence	1	0	/storage9920/home/tinghao.xia/Data_FM/RNA_FM_embeddings/2XSL/rnafm_t12_residue_embeddings.pt
2Y95	0	A	A	1	14	4cac05a20bca3f9be28b449912df9cd5811fdadfb9b9dd26f4476feb679408d5	0	0	full_sequence	1	0	/storage9920/home/tinghao.xia/Data_FM/RNA_FM_embeddings/2Y95/rnafm_t12_residue_embeddings.pt
2YDH	0	A	A	1	94	f9ceef20be9cdb7524078943f4b9381bd785f3c05916f5a36a59b175eb6d05c0	0	0	full_sequence	1	0	/storage9920/home/tinghao.xia/Data_FM/RNA_FM_embeddings/2YDH/rnafm_t12_residue_embeddings.pt
2YGH	0	A	A	1	95	4bd2ad4e73fe87b626bd080886f07870d9abba03c1e50e03ed0bc57b1f572742	0	0	full_sequence	1	0	/storage9920/home/tinghao.xia/Data_FM/RNA_FM_embeddings/2YGH/rnafm_t12_residue_embeddings.pt
2YIE	0	X	A	1	54	1f42c7b1af9857be1a48cb75d970d0ab0b87c292c75df9e250caa1aeb397f2ed	0	0	full_sequence	1	0	/storage9920/home/tinghao.xia/Data_FM/RNA_FM_embeddings/2YIE/rnafm_t12_residue_embeddings.pt
2YIE	1	Z	B	2	57	ec78ed4d2c5b12c1f6c6dbc3d1f2e0e615fe4d7dbc0709828a10fdd967989cec	0	0	full_sequence	1	0	/storage9920/home/tinghao.xia/Data_FM/RNA_FM_embeddings/2YIE/rnafm_t12_residue_embeddings.pt
2YIF	0	X	A	1	54	1f42c7b1af9857be1a48cb75d970d0ab0b87c292c75df9e250caa1aeb397f2ed	0	0	full_sequence	1	0	/storage9920/home/tinghao.xia/Data_FM/RNA_FM_embeddings/2YIF/rnafm_t12_residue_embeddings.pt
2YIF	1	Z	B	2	57	ec78ed4d2c5b12c1f6c6dbc3d1f2e0e615fe4d7dbc0709828a10fdd967989cec	0	0	full_sequence	1	0	/storage9920/home/tinghao.xia/Data_FM/RNA_FM_embeddings/2YIF/rnafm_t12_residue_embeddings.pt
2Z9Q	0	A	A	1	75	893623765e931e81cc3650d9c7658aa7816727458f6a056db31a7a1ac2764433	0	0	full_sequence	1	0	/storage9920/home/tinghao.xia/Data_FM/RNA_FM_embeddings/2Z9Q/rnafm_t12_residue_embeddings.pt
2ZY6	0	A	A	1	39	a48409b62e116026e82a0b8b002871e843f9013fb886ef12e33a1a9b78fb7785	0	0	full_sequence	1	0	/storage9920/home/tinghao.xia/Data_FM/RNA_FM_embeddings/2ZY6/rnafm_t12_residue_embeddings.pt
300D	0	A	A	1	16	9ff4caa35dde795d2828a909bed84b10611cb148322d3eaa7a5b17934a170318	0	0	full_sequence	1	0	/storage9920/home/tinghao.xia/Data_FM/RNA_FM_embeddings/300D/rnafm_t12_residue_embeddings.pt
300D	1	B	B	2	25	dc1f27ba554c277210dc9bb0a3eae03c609e3c6492f733273b3b382043edd07a	0	0	full_sequence	1	0	/storage9920/home/tinghao.xia/Data_FM/RNA_FM_embeddings/300D/rnafm_t12_residue_embeddings.pt
301D	0	A	A	1	16	9ff4caa35dde795d2828a909bed84b10611cb148322d3eaa7a5b17934a170318	0	0	full_sequence	1	0	/storage9920/home/tinghao.xia/Data_FM/RNA_FM_embeddings/301D/rnafm_t12_residue_embeddings.pt
301D	1	B	B	2	25	dc1f27ba554c277210dc9bb0a3eae03c609e3c6492f733273b3b382043edd07a	0	0	full_sequence	1	0	/storage9920/home/tinghao.xia/Data_FM/RNA_FM_embeddings/301D/rnafm_t12_residue_embeddings.pt
30SC	0	A	A	1	15	e4e4092f45012bc66a7fc48bdabda4bbc78a88e771f813042f13a9da5d016ed3	1	1	full_sequence	1	0	/storage9920/home/tinghao.xia/Data_FM/RNA_FM_embeddings/30SC/rnafm_t12_residue_embeddings.pt
310D	0	A	A	1	6	d4bbb3df5dc0087e74b0c761cefd10b2550aaadba26d011e1730d05ed0285b0f	0	0	full_sequence	1	0	/storage9920/home/tinghao.xia/Data_FM/RNA_FM_embeddings/310D/rnafm_t12_residue_embeddings.pt
310D	1	B	B	1	6	d4bbb3df5dc0087e74b0c761cefd10b2550aaadba26d011e1730d05ed0285b0f	0	0	full_sequence	1	0	/storage9920/home/tinghao.xia/Data_FM/RNA_FM_embeddings/310D/rnafm_t12_residue_embeddings.pt
333D	0	A	A	1	8	903c047d7e520893ae7c5b52f0a4126023951140156638f922794e79a1fa30f6	1	1	full_sequence	1	0	/storage9920/home/tinghao.xia/Data_FM/RNA_FM_embeddings/333D/rnafm_t12_residue_embeddings.pt
353D	0	A	A	1	12	84336f13c73a8a4ca6015e02832d834917ae2dcc0393550b81bce730afbe6e9e	0	0	full_sequence	1	0	/storage9920/home/tinghao.xia/Data_FM/RNA_FM_embeddings/353D/rnafm_t12_residue_embeddings.pt
353D	1	B	B	2	12	88472d2c231b5697b11611bb80f2cc3a06f8269d5d57efbabc45475247d04af3	0	0	full_sequence	1	0	/storage9920/home/tinghao.xia/Data_FM/RNA_FM_embeddings/353D/rnafm_t12_residue_embeddings.pt
354D	0	A	A	1	12	3ca1403f00d2fedb0f6b5e06a63b74e9a37f81d713403feed82a6fb2f392c9ee	0	0	full_sequence	1	0	/storage9920/home/tinghao.xia/Data_FM/RNA_FM_embeddings/354D/rnafm_t12_residue_embeddings.pt
354D	1	B	B	2	12	26d6e154a10ef0e0c33c5165dcbc2fe6ddc1810ed98ed77e4c4c11a47b78c3c4	0	0	full_sequence	1	0	/storage9920/home/tinghao.xia/Data_FM/RNA_FM_embeddings/354D/rnafm_t12_residue_embeddings.pt
357D	0	A	A	1	11	275a09b4899895f34ff57387821a9a0cc4f84ecdb424400af79a5835007268a0	0	0	full_sequence	1	0	/storage9920/home/tinghao.xia/Data_FM/RNA_FM_embeddings/357D/rnafm_t12_residue_embeddings.pt
357D	1	B	B	2	19	5839dd3e927a4eddba4b2b30bf408347ef77be6cfbfd4bb24578cb8770e25739	0	0	full_sequence	1	0	/storage9920/home/tinghao.xia/Data_FM/RNA_FM_embeddings/357D/rnafm_t12_residue_embeddings.pt
357D	2	C	C	3	31	80abfc421135e4ac480488ea69ba661299330aa76e44eff7efeb413a8acc8035	0	0	full_sequence	1	0	/storage9920/home/tinghao.xia/Data_FM/RNA_FM_embeddings/357D/rnafm_t12_residue_embeddings.pt
359D	0	A	A	1	16	9ff4caa35dde795d2828a909bed84b10611cb148322d3eaa7a5b17934a170318	0	0	full_sequence	1	0	/storage9920/home/tinghao.xia/Data_FM/RNA_FM_embeddings/359D/rnafm_t12_residue_embeddings.pt
359D	1	B	B	2	25	dc1f27ba554c277210dc9bb0a3eae03c609e3c6492f733273b3b382043edd07a	0	0	full_sequence	1	0	/storage9920/home/tinghao.xia/Data_FM/RNA_FM_embeddings/359D/rnafm_t12_residue_embeddings.pt
361D	0	A	A	1	20	aa9f2c6831867ea62db0c10239678947b4cf3a1112c89dc0e2667df2a9dc78fc	0	0	full_sequence	1	0	/storage9920/home/tinghao.xia/Data_FM/RNA_FM_embeddings/361D/rnafm_t12_residue_embeddings.pt
361D	1	B	B	1	20	aa9f2c6831867ea62db0c10239678947b4cf3a1112c89dc0e2667df2a9dc78fc	0	0	full_sequence	1	0	/storage9920/home/tinghao.xia/Data_FM/RNA_FM_embeddings/361D/rnafm_t12_residue_embeddings.pt
364D	0	A	A	1	11	275a09b4899895f34ff57387821a9a0cc4f84ecdb424400af79a5835007268a0	0	0	full_sequence	1	0	/storage9920/home/tinghao.xia/Data_FM/RNA_FM_embeddings/364D/rnafm_t12_residue_embeddings.pt
364D	1	B	B	2	19	5839dd3e927a4eddba4b2b30bf408347ef77be6cfbfd4bb24578cb8770e25739	0	0	full_sequence	1	0	/storage9920/home/tinghao.xia/Data_FM/RNA_FM_embeddings/364D/rnafm_t12_residue_embeddings.pt
364D	2	C	C	3	31	80abfc421135e4ac480488ea69ba661299330aa76e44eff7efeb413a8acc8035	0	0	full_sequence	1	0	/storage9920/home/tinghao.xia/Data_FM/RNA_FM_embeddings/364D/rnafm_t12_residue_embeddings.pt
36LC	0	A	A	1	14	f2dad839faf84c5d59c7498d1b40eef836703e1f5648b7580ad75970940a46c2	3	0	full_sequence	1	0	/storage9920/home/tinghao.xia/Data_FM/RNA_FM_embeddings/36LC/rnafm_t12_residue_embeddings.pt
36LC	1	B	B	1	14	f2dad839faf84c5d59c7498d1b40eef836703e1f5648b7580ad75970940a46c2	3	0	full_sequence	1	0	/storage9920/home/tinghao.xia/Data_FM/RNA_FM_embeddings/36LC/rnafm_t12_residue_embeddings.pt
36LE	0	A	A	1	14	f2dad839faf84c5d59c7498d1b40eef836703e1f5648b7580ad75970940a46c2	3	0	full_sequence	1	0	/storage9920/home/tinghao.xia/Data_FM/RNA_FM_embeddings/36LE/rnafm_t12_residue_embeddings.pt
36LE	1	B	B	1	14	f2dad839faf84c5d59c7498d1b40eef836703e1f5648b7580ad75970940a46c2	3	0	full_sequence	1	0	/storage9920/home/tinghao.xia/Data_FM/RNA_FM_embeddings/36LE/rnafm_t12_residue_embeddings.pt
36LE	2	C	C	1	14	f2dad839faf84c5d59c7498d1b40eef836703e1f5648b7580ad75970940a46c2	3	0	full_sequence	1	0	/storage9920/home/tinghao.xia/Data_FM/RNA_FM_embeddings/36LE/rnafm_t12_residue_embeddings.pt
36LE	3	D	D	1	14	f2dad839faf84c5d59c7498d1b40eef836703e1f5648b7580ad75970940a46c2	3	0	full_sequence	1	0	/storage9920/home/tinghao.xia/Data_FM/RNA_FM_embeddings/36LE/rnafm_t12_residue_embeddings.pt
36LL	0	A	A	1	16	4ff54e0fc2225eacc15f37baeb0d89d6dd646d416bf0ec7125ba2e54f04929e9	0	0	full_sequence	1	0	/storage9920/home/tinghao.xia/Data_FM/RNA_FM_embeddings/36LL/rnafm_t12_residue_embeddings.pt
36LM	0	A	A	1	14	f2dad839faf84c5d59c7498d1b40eef836703e1f5648b7580ad75970940a46c2	3	0	full_sequence	1	0	/storage9920/home/tinghao.xia/Data_FM/RNA_FM_embeddings/36LM/rnafm_t12_residue_embeddings.pt
36LM	1	B	B	1	14	f2dad839faf84c5d59c7498d1b40eef836703e1f5648b7580ad75970940a46c2	3	0	full_sequence	1	0	/storage9920/home/tinghao.xia/Data_FM/RNA_FM_embeddings/36LM/rnafm_t12_residue_embeddings.pt
377D	0	A	A	1	6	aee948f00e54e1b220495a7d5fef9ec7b9585a30863718937a9733075424ddf6	0	0	full_sequence	1	0	/storage9920/home/tinghao.xia/Data_FM/RNA_FM_embeddings/377D/rnafm_t12_residue_embeddings.pt
377D	1	B	B	1	6	aee948f00e54e1b220495a7d5fef9ec7b9585a30863718937a9733075424ddf6	0	0	full_sequence	1	0	/storage9920/home/tinghao.xia/Data_FM/RNA_FM_embeddings/377D/rnafm_t12_residue_embeddings.pt
377D	2	C	C	1	6	aee948f00e54e1b220495a7d5fef9ec7b9585a30863718937a9733075424ddf6	0	0	full_sequence	1	0	/storage9920/home/tinghao.xia/Data_FM/RNA_FM_embeddings/377D/rnafm_t12_residue_embeddings.pt
377D	3	D	D	1	6	aee948f00e54e1b220495a7d5fef9ec7b9585a30863718937a9733075424ddf6	0	0	full_sequence	1	0	/storage9920/home/tinghao.xia/Data_FM/RNA_FM_embeddings/377D/rnafm_t12_residue_embeddings.pt
379D	0	A	A	1	16	9ff4caa35dde795d2828a909bed84b10611cb148322d3eaa7a5b17934a170318	0	0	full_sequence	1	0	/storage9920/home/tinghao.xia/Data_FM/RNA_FM_embeddings/379D/rnafm_t12_residue_embeddings.pt
379D	1	B	B	2	25	dc1f27ba554c277210dc9bb0a3eae03c609e3c6492f733273b3b382043edd07a	0	0	full_sequence	1	0	/storage9920/home/tinghao.xia/Data_FM/RNA_FM_embeddings/379D/rnafm_t12_residue_embeddings.pt
387D	0	A	A	1	26	123b90c2e781a44b34a827ff98a031da0411f8b0ed4cac8a7194cc8314c0817b	0	0	full_sequence	1	0	/storage9920/home/tinghao.xia/Data_FM/RNA_FM_embeddings/387D/rnafm_t12_residue_embeddings.pt
397D	0	A	A	1	15	2a22a75026a99f2715a535a67c42bc7d1ea9bae54ca13eece4e28a429bea619c	0	0	full_sequence	1	0	/storage9920/home/tinghao.xia/Data_FM/RNA_FM_embeddings/397D/rnafm_t12_residue_embeddings.pt
397D	1	B	B	2	12	6a09594bdf5466e5fa2c743d6f1512d2eacd50ad6abb694e1b3fd906dd73e80c	0	0	full_sequence	1	0	/storage9920/home/tinghao.xia/Data_FM/RNA_FM_embeddings/397D/rnafm_t12_residue_embeddings.pt
3A3A	0	A	A	1	90	4257b9c5bad2cfa8a7feb7eda5486d102096f6e01b11e1c4f591dafa12594d14	0	0	full_sequence	1	0	/storage9920/home/tinghao.xia/Data_FM/RNA_FM_embeddings/3A3A/rnafm_t12_residue_embeddings.pt
3B31	0	A	A	1	29	ed721b34a1578571fa95d749df4bc5a0160e25df72e6c9f9e962f2d097115733	0	0	full_sequence	1	0	/storage9920/home/tinghao.xia/Data_FM/RNA_FM_embeddings/3B31/rnafm_t12_residue_embeddings.pt
3B31	1	B	B	2	14	f68994cac33738a01485b1865a5a194756a2e45dae2b544ae4b4ecb4c3ab744d	0	0	full_sequence	1	0	/storage9920/home/tinghao.xia/Data_FM/RNA_FM_embeddings/3B31/rnafm_t12_residue_embeddings.pt
3B4A	0	A	A	1	28	5156e0a39ee5247dd9d3d50cb11bacfb611f20c07e56bb3f02d919c4f2276824	0	0	full_sequence	1	0	/storage9920/home/tinghao.xia/Data_FM/RNA_FM_embeddings/3B4A/rnafm_t12_residue_embeddings.pt
3B4A	1	B	B	2	125	b437fb4fee87890d2ef9b00fefaa063f74bc1ff355fcf91c5a001591748095f8	0	0	full_sequence	1	0	/storage9920/home/tinghao.xia/Data_FM/RNA_FM_embeddings/3B4A/rnafm_t12_residue_embeddings.pt
3B4B	0	A	A	1	26	b6d5dcf1c01644c7a721ef63157d26dbc080bc6daa59b7fcd6628e200c082791	0	0	full_sequence	1	0	/storage9920/home/tinghao.xia/Data_FM/RNA_FM_embeddings/3B4B/rnafm_t12_residue_embeddings.pt
3B4B	1	B	B	2	125	b437fb4fee87890d2ef9b00fefaa063f74bc1ff355fcf91c5a001591748095f8	0	0	full_sequence	1	0	/storage9920/home/tinghao.xia/Data_FM/RNA_FM_embeddings/3B4B/rnafm_t12_residue_embeddings.pt
3B4C	0	A	A	1	26	b6d5dcf1c01644c7a721ef63157d26dbc080bc6daa59b7fcd6628e200c082791	0	0	full_sequence	1	0	/storage9920/home/tinghao.xia/Data_FM/RNA_FM_embeddings/3B4C/rnafm_t12_residue_embeddings.pt
3B4C	1	B	B	2	125	b6c600f87b4a1be9215be908e3dd38d2b31649995801877526bd9223bb5c7df8	0	0	full_sequence	1	0	/storage9920/home/tinghao.xia/Data_FM/RNA_FM_embeddings/3B4C/rnafm_t12_residue_embeddings.pt
3B58	0	A	A	1	13	ac0d507cbec1843c89e84b0a947ca7b0eae4a871ba7f5bfc49e8244caf53f40b	0	0	full_sequence	1	0	/storage9920/home/tinghao.xia/Data_FM/RNA_FM_embeddings/3B58/rnafm_t12_residue_embeddings.pt
3B58	1	B	B	2	30	aa0f4a19a9e82405d365de1bac6a9db30fe47f220395e43e97a8169dae30334e	1	1	full_sequence	1	0	/storage9920/home/tinghao.xia/Data_FM/RNA_FM_embeddings/3B58/rnafm_t12_residue_embeddings.pt
3B58	2	C	C	3	19	3a402c160902477d722ac6b97667bae17df1dc0b100b36ff665da2fd87b9a5f1	0	0	full_sequence	1	0	/storage9920/home/tinghao.xia/Data_FM/RNA_FM_embeddings/3B58/rnafm_t12_residue_embeddings.pt
3B5A	0	A	A	1	13	ac0d507cbec1843c89e84b0a947ca7b0eae4a871ba7f5bfc49e8244caf53f40b	0	0	full_sequence	1	0	/storage9920/home/tinghao.xia/Data_FM/RNA_FM_embeddings/3B5A/rnafm_t12_residue_embeddings.pt
3B5A	1	B	B	2	30	aa0f4a19a9e82405d365de1bac6a9db30fe47f220395e43e97a8169dae30334e	1	1	full_sequence	1	0	/storage9920/home/tinghao.xia/Data_FM/RNA_FM_embeddings/3B5A/rnafm_t12_residue_embeddings.pt
3B5A	2	C	C	3	19	3a402c160902477d722ac6b97667bae17df1dc0b100b36ff665da2fd87b9a5f1	0	0	full_sequence	1	0	/storage9920/home/tinghao.xia/Data_FM/RNA_FM_embeddings/3B5A/rnafm_t12_residue_embeddings.pt
3B5F	0	A	A	1	13	ac0d507cbec1843c89e84b0a947ca7b0eae4a871ba7f5bfc49e8244caf53f40b	0	0	full_sequence	1	0	/storage9920/home/tinghao.xia/Data_FM/RNA_FM_embeddings/3B5F/rnafm_t12_residue_embeddings.pt
3B5F	1	B	B	2	30	aa0f4a19a9e82405d365de1bac6a9db30fe47f220395e43e97a8169dae30334e	1	1	full_sequence	1	0	/storage9920/home/tinghao.xia/Data_FM/RNA_FM_embeddings/3B5F/rnafm_t12_residue_embeddings.pt
3B5F	2	C	C	3	19	3a402c160902477d722ac6b97667bae17df1dc0b100b36ff665da2fd87b9a5f1	0	0	full_sequence	1	0	/storage9920/home/tinghao.xia/Data_FM/RNA_FM_embeddings/3B5F/rnafm_t12_residue_embeddings.pt
3B5S	0	A	A	1	13	ac0d507cbec1843c89e84b0a947ca7b0eae4a871ba7f5bfc49e8244caf53f40b	0	0	full_sequence	1	0	/storage9920/home/tinghao.xia/Data_FM/RNA_FM_embeddings/3B5S/rnafm_t12_residue_embeddings.pt
3B5S	1	B	B	2	30	aa0f4a19a9e82405d365de1bac6a9db30fe47f220395e43e97a8169dae30334e	1	1	full_sequence	1	0	/storage9920/home/tinghao.xia/Data_FM/RNA_FM_embeddings/3B5S/rnafm_t12_residue_embeddings.pt
3B5S	2	C	C	3	19	3a402c160902477d722ac6b97667bae17df1dc0b100b36ff665da2fd87b9a5f1	0	0	full_sequence	1	0	/storage9920/home/tinghao.xia/Data_FM/RNA_FM_embeddings/3B5S/rnafm_t12_residue_embeddings.pt
3B91	0	A	A	1	13	ac0d507cbec1843c89e84b0a947ca7b0eae4a871ba7f5bfc49e8244caf53f40b	0	0	full_sequence	1	0	/storage9920/home/tinghao.xia/Data_FM/RNA_FM_embeddings/3B91/rnafm_t12_residue_embeddings.pt
3B91	1	B	B	2	30	aa0f4a19a9e82405d365de1bac6a9db30fe47f220395e43e97a8169dae30334e	1	1	full_sequence	1	0	/storage9920/home/tinghao.xia/Data_FM/RNA_FM_embeddings/3B91/rnafm_t12_residue_embeddings.pt
3B91	2	C	C	3	19	6f9cec5eb36aa82f7310feb000fb6dc4b386cdfed96112d0885320b0ee04a7b7	0	0	full_sequence	1	0	/storage9920/home/tinghao.xia/Data_FM/RNA_FM_embeddings/3B91/rnafm_t12_residue_embeddings.pt
3BBI	0	A	A	1	13	ac0d507cbec1843c89e84b0a947ca7b0eae4a871ba7f5bfc49e8244caf53f40b	0	0	full_sequence	1	0	/storage9920/home/tinghao.xia/Data_FM/RNA_FM_embeddings/3BBI/rnafm_t12_residue_embeddings.pt
3BBI	1	B	B	2	30	aa0f4a19a9e82405d365de1bac6a9db30fe47f220395e43e97a8169dae30334e	1	1	full_sequence	1	0	/storage9920/home/tinghao.xia/Data_FM/RNA_FM_embeddings/3BBI/rnafm_t12_residue_embeddings.pt
3BBI	2	C	C	3	19	6f9cec5eb36aa82f7310feb000fb6dc4b386cdfed96112d0885320b0ee04a7b7	0	0	full_sequence	1	0	/storage9920/home/tinghao.xia/Data_FM/RNA_FM_embeddings/3BBI/rnafm_t12_residue_embeddings.pt
3BBK	0	A	A	1	13	ac0d507cbec1843c89e84b0a947ca7b0eae4a871ba7f5bfc49e8244caf53f40b	0	0	full_sequence	1	0	/storage9920/home/tinghao.xia/Data_FM/RNA_FM_embeddings/3BBK/rnafm_t12_residue_embeddings.pt
3BBK	1	B	B	2	30	aa0f4a19a9e82405d365de1bac6a9db30fe47f220395e43e97a8169dae30334e	1	1	full_sequence	1	0	/storage9920/home/tinghao.xia/Data_FM/RNA_FM_embeddings/3BBK/rnafm_t12_residue_embeddings.pt
3BBK	2	C	C	3	19	b8554b948fe29db3abdb163b5b861c9a90d7a78901d7bce48f7b2740756be27e	0	0	full_sequence	1	0	/storage9920/home/tinghao.xia/Data_FM/RNA_FM_embeddings/3BBK/rnafm_t12_residue_embeddings.pt
3BBM	0	A	A	1	13	ac0d507cbec1843c89e84b0a947ca7b0eae4a871ba7f5bfc49e8244caf53f40b	0	0	full_sequence	1	0	/storage9920/home/tinghao.xia/Data_FM/RNA_FM_embeddings/3BBM/rnafm_t12_residue_embeddings.pt
3BBM	1	B	B	2	30	aa0f4a19a9e82405d365de1bac6a9db30fe47f220395e43e97a8169dae30334e	1	1	full_sequence	1	0	/storage9920/home/tinghao.xia/Data_FM/RNA_FM_embeddings/3BBM/rnafm_t12_residue_embeddings.pt
3BBM	2	C	C	3	19	b8554b948fe29db3abdb163b5b861c9a90d7a78901d7bce48f7b2740756be27e	0	0	full_sequence	1	0	/storage9920/home/tinghao.xia/Data_FM/RNA_FM_embeddings/3BBM/rnafm_t12_residue_embeddings.pt
3BBV	0	z	A	1	76	8f304d38480c65a1254057127092e2f589f114c63a6df70f7c36c6f95255ecad	0	0	full_sequence	1	0	/storage9920/home/tinghao.xia/Data_FM/RNA_FM_embeddings/3BBV/rnafm_t12_residue_embeddings.pt
3BNL	0	A	A	1	22	863b5fa4e668e7a851b8f88314bbdd45943042987c9fb2f20b88d5de6a2ad327	0	0	full_sequence	1	0	/storage9920/home/tinghao.xia/Data_FM/RNA_FM_embeddings/3BNL/rnafm_t12_residue_embeddings.pt
3BNL	1	B	B	1	22	863b5fa4e668e7a851b8f88314bbdd45943042987c9fb2f20b88d5de6a2ad327	0	0	full_sequence	1	0	/storage9920/home/tinghao.xia/Data_FM/RNA_FM_embeddings/3BNL/rnafm_t12_residue_embeddings.pt
3BNN	0	A	A	1	21	c27af7657ea694be534d9a705c2cd21f245376c95dcbd80494e2f61133697229	0	0	full_sequence	1	0	/storage9920/home/tinghao.xia/Data_FM/RNA_FM_embeddings/3BNN/rnafm_t12_residue_embeddings.pt
3BNN	1	B	B	1	21	c27af7657ea694be534d9a705c2cd21f245376c95dcbd80494e2f61133697229	0	0	full_sequence	1	0	/storage9920/home/tinghao.xia/Data_FM/RNA_FM_embeddings/3BNN/rnafm_t12_residue_embeddings.pt
3BNN	2	C	C	1	21	c27af7657ea694be534d9a705c2cd21f245376c95dcbd80494e2f61133697229	0	0	full_sequence	1	0	/storage9920/home/tinghao.xia/Data_FM/RNA_FM_embeddings/3BNN/rnafm_t12_residue_embeddings.pt
3BNN	3	D	D	1	21	c27af7657ea694be534d9a705c2cd21f245376c95dcbd80494e2f61133697229	0	0	full_sequence	1	0	/storage9920/home/tinghao.xia/Data_FM/RNA_FM_embeddings/3BNN/rnafm_t12_residue_embeddings.pt
3BNO	0	A	A	1	21	8cb8f67d279717a219029855cd380a16c8272520e2d961eef48231a128f2cc50	0	0	full_sequence	1	0	/storage9920/home/tinghao.xia/Data_FM/RNA_FM_embeddings/3BNO/rnafm_t12_residue_embeddings.pt
3BNO	1	B	B	1	21	8cb8f67d279717a219029855cd380a16c8272520e2d961eef48231a128f2cc50	0	0	full_sequence	1	0	/storage9920/home/tinghao.xia/Data_FM/RNA_FM_embeddings/3BNO/rnafm_t12_residue_embeddings.pt
3BNO	2	C	C	1	21	8cb8f67d279717a219029855cd380a16c8272520e2d961eef48231a128f2cc50	0	0	full_sequence	1	0	/storage9920/home/tinghao.xia/Data_FM/RNA_FM_embeddings/3BNO/rnafm_t12_residue_embeddings.pt
3BNO	3	D	D	1	21	8cb8f67d279717a219029855cd380a16c8272520e2d961eef48231a128f2cc50	0	0	full_sequence	1	0	/storage9920/home/tinghao.xia/Data_FM/RNA_FM_embeddings/3BNO/rnafm_t12_residue_embeddings.pt
3BNP	0	A	A	1	22	d22c1094c3ffd202814c7647b17b642efac5e16ecce2a4db9d3c8f90be461f9b	0	0	full_sequence	1	0	/storage9920/home/tinghao.xia/Data_FM/RNA_FM_embeddings/3BNP/rnafm_t12_residue_embeddings.pt
3BNP	1	B	B	2	21	c832a9950c85bb8d6446feea7f5c1c772d9627ede0bf3734b7751749382cec22	0	0	full_sequence	1	0	/storage9920/home/tinghao.xia/Data_FM/RNA_FM_embeddings/3BNP/rnafm_t12_residue_embeddings.pt
3BNQ	0	A	A	1	23	3e172b39a46ac65d390ab498e1ea0b44bb53004d501e2e22e3aeab0930a1acf2	0	0	full_sequence	1	0	/storage9920/home/tinghao.xia/Data_FM/RNA_FM_embeddings/3BNQ/rnafm_t12_residue_embeddings.pt
3BNQ	1	B	B	1	23	3e172b39a46ac65d390ab498e1ea0b44bb53004d501e2e22e3aeab0930a1acf2	0	0	full_sequence	1	0	/storage9920/home/tinghao.xia/Data_FM/RNA_FM_embeddings/3BNQ/rnafm_t12_residue_embeddings.pt
3BNQ	2	C	C	1	23	3e172b39a46ac65d390ab498e1ea0b44bb53004d501e2e22e3aeab0930a1acf2	0	0	full_sequence	1	0	/storage9920/home/tinghao.xia/Data_FM/RNA_FM_embeddings/3BNQ/rnafm_t12_residue_embeddings.pt
3BNQ	3	D	D	2	21	fa9b298c36557967d324b84aef16d874de0501ae2c92e662ee12394af10e67e8	0	0	full_sequence	1	0	/storage9920/home/tinghao.xia/Data_FM/RNA_FM_embeddings/3BNQ/rnafm_t12_residue_embeddings.pt
3BNR	0	A	A	1	23	3e172b39a46ac65d390ab498e1ea0b44bb53004d501e2e22e3aeab0930a1acf2	0	0	full_sequence	1	0	/storage9920/home/tinghao.xia/Data_FM/RNA_FM_embeddings/3BNR/rnafm_t12_residue_embeddings.pt
3BNR	1	C	B	1	23	3e172b39a46ac65d390ab498e1ea0b44bb53004d501e2e22e3aeab0930a1acf2	0	0	full_sequence	1	0	/storage9920/home/tinghao.xia/Data_FM/RNA_FM_embeddings/3BNR/rnafm_t12_residue_embeddings.pt
3BNR	2	B	C	2	22	5aba7c03b386a904052b09fc263d3be56aa07bab3438ba4d810dab981e2e042f	0	0	full_sequence	1	0	/storage9920/home/tinghao.xia/Data_FM/RNA_FM_embeddings/3BNR/rnafm_t12_residue_embeddings.pt
3BNR	3	D	D	3	21	fa9b298c36557967d324b84aef16d874de0501ae2c92e662ee12394af10e67e8	0	0	full_sequence	1	0	/storage9920/home/tinghao.xia/Data_FM/RNA_FM_embeddings/3BNR/rnafm_t12_residue_embeddings.pt
3BNS	0	A	A	1	23	3e172b39a46ac65d390ab498e1ea0b44bb53004d501e2e22e3aeab0930a1acf2	0	0	full_sequence	1	0	/storage9920/home/tinghao.xia/Data_FM/RNA_FM_embeddings/3BNS/rnafm_t12_residue_embeddings.pt
3BNS	1	C	B	1	23	3e172b39a46ac65d390ab498e1ea0b44bb53004d501e2e22e3aeab0930a1acf2	0	0	full_sequence	1	0	/storage9920/home/tinghao.xia/Data_FM/RNA_FM_embeddings/3BNS/rnafm_t12_residue_embeddings.pt
3BNS	2	B	C	2	22	5aba7c03b386a904052b09fc263d3be56aa07bab3438ba4d810dab981e2e042f	0	0	full_sequence	1	0	/storage9920/home/tinghao.xia/Data_FM/RNA_FM_embeddings/3BNS/rnafm_t12_residue_embeddings.pt
3BNS	3	D	D	3	21	fa9b298c36557967d324b84aef16d874de0501ae2c92e662ee12394af10e67e8	0	0	full_sequence	1	0	/storage9920/home/tinghao.xia/Data_FM/RNA_FM_embeddings/3BNS/rnafm_t12_residue_embeddings.pt
3BNT	0	A	A	1	22	47ca94ee6d763eea32ee73f5f15b168e1ca73c148375853ca7dc97b30ab09f58	0	0	full_sequence	1	0	/storage9920/home/tinghao.xia/Data_FM/RNA_FM_embeddings/3BNT/rnafm_t12_residue_embeddings.pt
3BWP	0	A	A	1	412	36270eceaaba3218d40b6a474d13d73bd03596b72f22af5942c2eca5ac828aba	0	0	full_sequence	1	0	/storage9920/home/tinghao.xia/Data_FM/RNA_FM_embeddings/3BWP/rnafm_t12_residue_embeddings.pt
3C44	0	A	A	1	23	e76f2749335f10c04db0879400760981d601123c644cdbed91b68b4776a1b98d	0	0	full_sequence	1	0	/storage9920/home/tinghao.xia/Data_FM/RNA_FM_embeddings/3C44/rnafm_t12_residue_embeddings.pt
3C44	1	B	B	1	23	e76f2749335f10c04db0879400760981d601123c644cdbed91b68b4776a1b98d	0	0	full_sequence	1	0	/storage9920/home/tinghao.xia/Data_FM/RNA_FM_embeddings/3C44/rnafm_t12_residue_embeddings.pt
3CGP	0	A	A	1	12	4f1eaf51a69a2fcbe07c4bf6c959935949e687aed8b2bdefa704b4bda2c446fd	0	0	full_sequence	1	0	/storage9920/home/tinghao.xia/Data_FM/RNA_FM_embeddings/3CGP/rnafm_t12_residue_embeddings.pt
3CGP	1	B	B	2	13	b430f89b069a32b2f036a4011367bff346a1c8949482f32aba0cbc9b7b33fad6	0	0	full_sequence	1	0	/storage9920/home/tinghao.xia/Data_FM/RNA_FM_embeddings/3CGP/rnafm_t12_residue_embeddings.pt
3CGQ	0	A	A	1	12	4f1eaf51a69a2fcbe07c4bf6c959935949e687aed8b2bdefa704b4bda2c446fd	0	0	full_sequence	1	0	/storage9920/home/tinghao.xia/Data_FM/RNA_FM_embeddings/3CGQ/rnafm_t12_residue_embeddings.pt
3CGQ	1	B	B	2	13	b430f89b069a32b2f036a4011367bff346a1c8949482f32aba0cbc9b7b33fad6	0	0	full_sequence	1	0	/storage9920/home/tinghao.xia/Data_FM/RNA_FM_embeddings/3CGQ/rnafm_t12_residue_embeddings.pt
3CGR	0	A	A	1	12	0b0e7d3e5263bd51d6fbeb84e4d2f7bb2559dc9657e8628b527918a5fa36bd7b	0	0	full_sequence	1	0	/storage9920/home/tinghao.xia/Data_FM/RNA_FM_embeddings/3CGR/rnafm_t12_residue_embeddings.pt
3CGR	1	B	B	2	13	7668f0d3789e5b1c103a18763db6d48e69b139354587c81d223ca7b06de005ba	0	0	full_sequence	1	0	/storage9920/home/tinghao.xia/Data_FM/RNA_FM_embeddings/3CGR/rnafm_t12_residue_embeddings.pt
3CGS	0	A	A	1	12	4f1eaf51a69a2fcbe07c4bf6c959935949e687aed8b2bdefa704b4bda2c446fd	0	0	full_sequence	1	0	/storage9920/home/tinghao.xia/Data_FM/RNA_FM_embeddings/3CGS/rnafm_t12_residue_embeddings.pt
3CGS	1	B	B	2	13	5b645ce36fcb2ea3ecb8e34fef10c7c6746c464aad82d189a150375ca62fa164	0	0	full_sequence	1	0	/storage9920/home/tinghao.xia/Data_FM/RNA_FM_embeddings/3CGS/rnafm_t12_residue_embeddings.pt
3CJZ	0	A	A	1	13	15526a02c53cae8a8f54f93f3322dbd8c5ebb7adbd98e967fdcac023448632c1	0	0	full_sequence	1	0	/storage9920/home/tinghao.xia/Data_FM/RNA_FM_embeddings/3CJZ/rnafm_t12_residue_embeddings.pt
3CJZ	1	B	B	1	13	15526a02c53cae8a8f54f93f3322dbd8c5ebb7adbd98e967fdcac023448632c1	0	0	full_sequence	1	0	/storage9920/home/tinghao.xia/Data_FM/RNA_FM_embeddings/3CJZ/rnafm_t12_residue_embeddings.pt
3CW5	0	A	A	1	77	a8b8c93e525d95e16a5b1685e97066cbf9d3d9dac8f6d354619db950ffa108e0	0	0	full_sequence	1	0	/storage9920/home/tinghao.xia/Data_FM/RNA_FM_embeddings/3CW5/rnafm_t12_residue_embeddings.pt
3CW6	0	A	A	1	77	a8b8c93e525d95e16a5b1685e97066cbf9d3d9dac8f6d354619db950ffa108e0	0	0	full_sequence	1	0	/storage9920/home/tinghao.xia/Data_FM/RNA_FM_embeddings/3CW6/rnafm_t12_residue_embeddings.pt
3CZW	0	X	A	1	16	9ff4caa35dde795d2828a909bed84b10611cb148322d3eaa7a5b17934a170318	0	0	full_sequence	1	0	/storage9920/home/tinghao.xia/Data_FM/RNA_FM_embeddings/3CZW/rnafm_t12_residue_embeddings.pt
3D0M	0	X	A	1	16	9ff4caa35dde795d2828a909bed84b10611cb148322d3eaa7a5b17934a170318	0	0	full_sequence	1	0	/storage9920/home/tinghao.xia/Data_FM/RNA_FM_embeddings/3D0M/rnafm_t12_residue_embeddings.pt
3D0U	0	A	A	1	161	58db505f184a91565608632ad7b68ea62e1f5e8fa94f6e6568b1c65ec33845e2	0	0	full_sequence	1	0	/storage9920/home/tinghao.xia/Data_FM/RNA_FM_embeddings/3D0U/rnafm_t12_residue_embeddings.pt
3D0X	0	A	A	1	161	58db505f184a91565608632ad7b68ea62e1f5e8fa94f6e6568b1c65ec33845e2	0	0	full_sequence	1	0	/storage9920/home/tinghao.xia/Data_FM/RNA_FM_embeddings/3D0X/rnafm_t12_residue_embeddings.pt
3D2G	0	A	A	1	77	aa3a7fd94c15224490e18845b7468593fb38d62d9cc470a7260332040ab85c16	0	0	full_sequence	1	0	/storage9920/home/tinghao.xia/Data_FM/RNA_FM_embeddings/3D2G/rnafm_t12_residue_embeddings.pt
3D2G	1	B	B	1	77	aa3a7fd94c15224490e18845b7468593fb38d62d9cc470a7260332040ab85c16	0	0	full_sequence	1	0	/storage9920/home/tinghao.xia/Data_FM/RNA_FM_embeddings/3D2G/rnafm_t12_residue_embeddings.pt
3D2V	0	A	A	1	77	aa3a7fd94c15224490e18845b7468593fb38d62d9cc470a7260332040ab85c16	0	0	full_sequence	1	0	/storage9920/home/tinghao.xia/Data_FM/RNA_FM_embeddings/3D2V/rnafm_t12_residue_embeddings.pt
3D2V	1	B	B	1	77	aa3a7fd94c15224490e18845b7468593fb38d62d9cc470a7260332040ab85c16	0	0	full_sequence	1	0	/storage9920/home/tinghao.xia/Data_FM/RNA_FM_embeddings/3D2V/rnafm_t12_residue_embeddings.pt
3D2X	0	A	A	1	77	aa3a7fd94c15224490e18845b7468593fb38d62d9cc470a7260332040ab85c16	0	0	full_sequence	1	0	/storage9920/home/tinghao.xia/Data_FM/RNA_FM_embeddings/3D2X/rnafm_t12_residue_embeddings.pt
3D2X	1	B	B	1	77	aa3a7fd94c15224490e18845b7468593fb38d62d9cc470a7260332040ab85c16	0	0	full_sequence	1	0	/storage9920/home/tinghao.xia/Data_FM/RNA_FM_embeddings/3D2X/rnafm_t12_residue_embeddings.pt
3DG0	0	A	A	1	1542	103187db1d339e03b5ffeee6dcbc34fd0144a03846e1599549b9a2b7c18433b4	0	0	sliding_window_uniform_mean	2	0,520	/storage9920/home/tinghao.xia/Data_FM/RNA_FM_embeddings/3DG0/rnafm_t12_residue_embeddings.pt
3DG0	1	B	B	2	2904	39c3dfd81ca5d3c1c09211f00c2904b7cae5d6ed93b791cccd40c5fbe9ecea10	0	0	sliding_window_uniform_mean	4	0,766,1532,1882	/storage9920/home/tinghao.xia/Data_FM/RNA_FM_embeddings/3DG0/rnafm_t12_residue_embeddings.pt
3DG2	0	A	A	1	1542	103187db1d339e03b5ffeee6dcbc34fd0144a03846e1599549b9a2b7c18433b4	0	0	sliding_window_uniform_mean	2	0,520	/storage9920/home/tinghao.xia/Data_FM/RNA_FM_embeddings/3DG2/rnafm_t12_residue_embeddings.pt
3DG2	1	B	B	2	2904	39c3dfd81ca5d3c1c09211f00c2904b7cae5d6ed93b791cccd40c5fbe9ecea10	0	0	sliding_window_uniform_mean	4	0,766,1532,1882	/storage9920/home/tinghao.xia/Data_FM/RNA_FM_embeddings/3DG2/rnafm_t12_residue_embeddings.pt
3DG4	0	A	A	1	1542	103187db1d339e03b5ffeee6dcbc34fd0144a03846e1599549b9a2b7c18433b4	0	0	sliding_window_uniform_mean	2	0,520	/storage9920/home/tinghao.xia/Data_FM/RNA_FM_embeddings/3DG4/rnafm_t12_residue_embeddings.pt
3DG4	1	B	B	2	2904	39c3dfd81ca5d3c1c09211f00c2904b7cae5d6ed93b791cccd40c5fbe9ecea10	0	0	sliding_window_uniform_mean	4	0,766,1532,1882	/storage9920/home/tinghao.xia/Data_FM/RNA_FM_embeddings/3DG4/rnafm_t12_residue_embeddings.pt
3DG5	0	A	A	1	1542	103187db1d339e03b5ffeee6dcbc34fd0144a03846e1599549b9a2b7c18433b4	0	0	sliding_window_uniform_mean	2	0,520	/storage9920/home/tinghao.xia/Data_FM/RNA_FM_embeddings/3DG5/rnafm_t12_residue_embeddings.pt
3DG5	1	B	B	2	2904	39c3dfd81ca5d3c1c09211f00c2904b7cae5d6ed93b791cccd40c5fbe9ecea10	0	0	sliding_window_uniform_mean	4	0,766,1532,1882	/storage9920/home/tinghao.xia/Data_FM/RNA_FM_embeddings/3DG5/rnafm_t12_residue_embeddings.pt
3DHS	0	A	A	1	268	b0676956646dc941ee9145f6c0b218e277f6eb62713d8a52a2d613b99c158b66	0	0	full_sequence	1	0	/storage9920/home/tinghao.xia/Data_FM/RNA_FM_embeddings/3DHS/rnafm_t12_residue_embeddings.pt
3DIG	0	X	A	1	174	482fc3414774e7e921c9b38d3d218205c6150765d336d29637e35d1a73eac6f4	0	0	full_sequence	1	0	/storage9920/home/tinghao.xia/Data_FM/RNA_FM_embeddings/3DIG/rnafm_t12_residue_embeddings.pt
3DIL	0	A	A	1	174	482fc3414774e7e921c9b38d3d218205c6150765d336d29637e35d1a73eac6f4	0	0	full_sequence	1	0	/storage9920/home/tinghao.xia/Data_FM/RNA_FM_embeddings/3DIL/rnafm_t12_residue_embeddings.pt
3DIM	0	A	A	1	174	482fc3414774e7e921c9b38d3d218205c6150765d336d29637e35d1a73eac6f4	0	0	full_sequence	1	0	/storage9920/home/tinghao.xia/Data_FM/RNA_FM_embeddings/3DIM/rnafm_t12_residue_embeddings.pt
3DIO	0	X	A	1	174	482fc3414774e7e921c9b38d3d218205c6150765d336d29637e35d1a73eac6f4	0	0	full_sequence	1	0	/storage9920/home/tinghao.xia/Data_FM/RNA_FM_embeddings/3DIO/rnafm_t12_residue_embeddings.pt
3DIQ	0	A	A	1	174	482fc3414774e7e921c9b38d3d218205c6150765d336d29637e35d1a73eac6f4	0	0	full_sequence	1	0	/storage9920/home/tinghao.xia/Data_FM/RNA_FM_embeddings/3DIQ/rnafm_t12_residue_embeddings.pt
3DIR	0	A	A	1	174	482fc3414774e7e921c9b38d3d218205c6150765d336d29637e35d1a73eac6f4	0	0	full_sequence	1	0	/storage9920/home/tinghao.xia/Data_FM/RNA_FM_embeddings/3DIR/rnafm_t12_residue_embeddings.pt
3DIS	0	A	A	1	174	482fc3414774e7e921c9b38d3d218205c6150765d336d29637e35d1a73eac6f4	0	0	full_sequence	1	0	/storage9920/home/tinghao.xia/Data_FM/RNA_FM_embeddings/3DIS/rnafm_t12_residue_embeddings.pt
3DIX	0	A	A	1	174	482fc3414774e7e921c9b38d3d218205c6150765d336d29637e35d1a73eac6f4	0	0	full_sequence	1	0	/storage9920/home/tinghao.xia/Data_FM/RNA_FM_embeddings/3DIX/rnafm_t12_residue_embeddings.pt
3DIY	0	A	A	1	174	482fc3414774e7e921c9b38d3d218205c6150765d336d29637e35d1a73eac6f4	0	0	full_sequence	1	0	/storage9920/home/tinghao.xia/Data_FM/RNA_FM_embeddings/3DIY/rnafm_t12_residue_embeddings.pt
3DIZ	0	A	A	1	174	482fc3414774e7e921c9b38d3d218205c6150765d336d29637e35d1a73eac6f4	0	0	full_sequence	1	0	/storage9920/home/tinghao.xia/Data_FM/RNA_FM_embeddings/3DIZ/rnafm_t12_residue_embeddings.pt
3DJ0	0	A	A	1	174	482fc3414774e7e921c9b38d3d218205c6150765d336d29637e35d1a73eac6f4	0	0	full_sequence	1	0	/storage9920/home/tinghao.xia/Data_FM/RNA_FM_embeddings/3DJ0/rnafm_t12_residue_embeddings.pt
3DJ2	0	A	A	1	174	482fc3414774e7e921c9b38d3d218205c6150765d336d29637e35d1a73eac6f4	0	0	full_sequence	1	0	/storage9920/home/tinghao.xia/Data_FM/RNA_FM_embeddings/3DJ2/rnafm_t12_residue_embeddings.pt
3DS7	0	A	A	1	67	4815c87cc7d7303e6803908666b82191e1f0828972b6ad3e171e4d00489c4c66	0	0	full_sequence	1	0	/storage9920/home/tinghao.xia/Data_FM/RNA_FM_embeddings/3DS7/rnafm_t12_residue_embeddings.pt
3DS7	1	B	B	1	67	4815c87cc7d7303e6803908666b82191e1f0828972b6ad3e171e4d00489c4c66	0	0	full_sequence	1	0	/storage9920/home/tinghao.xia/Data_FM/RNA_FM_embeddings/3DS7/rnafm_t12_residue_embeddings.pt
3DVV	0	A	A	1	23	e76f2749335f10c04db0879400760981d601123c644cdbed91b68b4776a1b98d	0	0	full_sequence	1	0	/storage9920/home/tinghao.xia/Data_FM/RNA_FM_embeddings/3DVV/rnafm_t12_residue_embeddings.pt
3DVV	1	B	B	1	23	e76f2749335f10c04db0879400760981d601123c644cdbed91b68b4776a1b98d	0	0	full_sequence	1	0	/storage9920/home/tinghao.xia/Data_FM/RNA_FM_embeddings/3DVV/rnafm_t12_residue_embeddings.pt
3DVZ	0	A	A	1	27	ef84716ab732e929d6b5daa79f8adf9bb4d157a50f3f8afa7abbf35283f18da8	0	0	full_sequence	1	0	/storage9920/home/tinghao.xia/Data_FM/RNA_FM_embeddings/3DVZ/rnafm_t12_residue_embeddings.pt
3DW4	0	A	A	1	27	ef84716ab732e929d6b5daa79f8adf9bb4d157a50f3f8afa7abbf35283f18da8	0	0	full_sequence	1	0	/storage9920/home/tinghao.xia/Data_FM/RNA_FM_embeddings/3DW4/rnafm_t12_residue_embeddings.pt
3DW5	0	A	A	1	27	ef84716ab732e929d6b5daa79f8adf9bb4d157a50f3f8afa7abbf35283f18da8	0	0	full_sequence	1	0	/storage9920/home/tinghao.xia/Data_FM/RNA_FM_embeddings/3DW5/rnafm_t12_residue_embeddings.pt
3DW6	0	A	A	1	27	ef84716ab732e929d6b5daa79f8adf9bb4d157a50f3f8afa7abbf35283f18da8	0	0	full_sequence	1	0	/storage9920/home/tinghao.xia/Data_FM/RNA_FM_embeddings/3DW6/rnafm_t12_residue_embeddings.pt
3DW7	0	A	A	1	27	ef84716ab732e929d6b5daa79f8adf9bb4d157a50f3f8afa7abbf35283f18da8	0	0	full_sequence	1	0	/storage9920/home/tinghao.xia/Data_FM/RNA_FM_embeddings/3DW7/rnafm_t12_residue_embeddings.pt
3E5C	0	A	A	1	53	4c7c0fe86e938927cb02882d9823e89b35168ad8a2e0de524a90f100200aad89	0	0	full_sequence	1	0	/storage9920/home/tinghao.xia/Data_FM/RNA_FM_embeddings/3E5C/rnafm_t12_residue_embeddings.pt
3E5E	0	A	A	1	53	4c7c0fe86e938927cb02882d9823e89b35168ad8a2e0de524a90f100200aad89	0	0	full_sequence	1	0	/storage9920/home/tinghao.xia/Data_FM/RNA_FM_embeddings/3E5E/rnafm_t12_residue_embeddings.pt
3E5F	0	A	A	1	53	4c7c0fe86e938927cb02882d9823e89b35168ad8a2e0de524a90f100200aad89	0	0	full_sequence	1	0	/storage9920/home/tinghao.xia/Data_FM/RNA_FM_embeddings/3E5F/rnafm_t12_residue_embeddings.pt
3EOG	0	A	A	1	412	36270eceaaba3218d40b6a474d13d73bd03596b72f22af5942c2eca5ac828aba	0	0	full_sequence	1	0	/storage9920/home/tinghao.xia/Data_FM/RNA_FM_embeddings/3EOG/rnafm_t12_residue_embeddings.pt
3EOG	1	B	B	2	6	1740f0b3903acb9a283cf1e2e38b6fdefc775220162a4039c5e2c7cfc604da53	0	0	full_sequence	1	0	/storage9920/home/tinghao.xia/Data_FM/RNA_FM_embeddings/3EOG/rnafm_t12_residue_embeddings.pt
3EOH	0	A	A	1	412	36270eceaaba3218d40b6a474d13d73bd03596b72f22af5942c2eca5ac828aba	0	0	full_sequence	1	0	/storage9920/home/tinghao.xia/Data_FM/RNA_FM_embeddings/3EOH/rnafm_t12_residue_embeddings.pt
3EOH	1	B	B	2	6	1740f0b3903acb9a283cf1e2e38b6fdefc775220162a4039c5e2c7cfc604da53	0	0	full_sequence	1	0	/storage9920/home/tinghao.xia/Data_FM/RNA_FM_embeddings/3EOH/rnafm_t12_residue_embeddings.pt
3F2Q	0	X	A	1	112	680a777292ddb1de394e61e37acde81e67f4cbc3f673844f0f1cd4a0216eae4f	0	0	full_sequence	1	0	/storage9920/home/tinghao.xia/Data_FM/RNA_FM_embeddings/3F2Q/rnafm_t12_residue_embeddings.pt
3F2T	0	X	A	1	112	680a777292ddb1de394e61e37acde81e67f4cbc3f673844f0f1cd4a0216eae4f	0	0	full_sequence	1	0	/storage9920/home/tinghao.xia/Data_FM/RNA_FM_embeddings/3F2T/rnafm_t12_residue_embeddings.pt
3F2W	0	X	A	1	112	680a777292ddb1de394e61e37acde81e67f4cbc3f673844f0f1cd4a0216eae4f	0	0	full_sequence	1	0	/storage9920/home/tinghao.xia/Data_FM/RNA_FM_embeddings/3F2W/rnafm_t12_residue_embeddings.pt
3F2X	0	X	A	1	112	680a777292ddb1de394e61e37acde81e67f4cbc3f673844f0f1cd4a0216eae4f	0	0	full_sequence	1	0	/storage9920/home/tinghao.xia/Data_FM/RNA_FM_embeddings/3F2X/rnafm_t12_residue_embeddings.pt
3F2Y	0	X	A	1	112	680a777292ddb1de394e61e37acde81e67f4cbc3f673844f0f1cd4a0216eae4f	0	0	full_sequence	1	0	/storage9920/home/tinghao.xia/Data_FM/RNA_FM_embeddings/3F2Y/rnafm_t12_residue_embeddings.pt
3F30	0	X	A	1	112	680a777292ddb1de394e61e37acde81e67f4cbc3f673844f0f1cd4a0216eae4f	0	0	full_sequence	1	0	/storage9920/home/tinghao.xia/Data_FM/RNA_FM_embeddings/3F30/rnafm_t12_residue_embeddings.pt
3F4E	0	X	A	1	54	d51a50adf2790e4d79a4c8a982def7bc2b9a5f5a61d8196361c218f940f4d990	0	0	full_sequence	1	0	/storage9920/home/tinghao.xia/Data_FM/RNA_FM_embeddings/3F4E/rnafm_t12_residue_embeddings.pt
3F4E	1	Y	B	2	56	1f0fdb33eab58e3cb30c31140deb162b6e0a271adbff8d74936357085ede4a93	0	0	full_sequence	1	0	/storage9920/home/tinghao.xia/Data_FM/RNA_FM_embeddings/3F4E/rnafm_t12_residue_embeddings.pt
3F4G	0	X	A	1	54	d51a50adf2790e4d79a4c8a982def7bc2b9a5f5a61d8196361c218f940f4d990	0	0	full_sequence	1	0	/storage9920/home/tinghao.xia/Data_FM/RNA_FM_embeddings/3F4G/rnafm_t12_residue_embeddings.pt
3F4G	1	Y	B	2	56	1f0fdb33eab58e3cb30c31140deb162b6e0a271adbff8d74936357085ede4a93	0	0	full_sequence	1	0	/storage9920/home/tinghao.xia/Data_FM/RNA_FM_embeddings/3F4G/rnafm_t12_residue_embeddings.pt
3F4H	0	X	A	1	54	d51a50adf2790e4d79a4c8a982def7bc2b9a5f5a61d8196361c218f940f4d990	0	0	full_sequence	1	0	/storage9920/home/tinghao.xia/Data_FM/RNA_FM_embeddings/3F4H/rnafm_t12_residue_embeddings.pt
3F4H	1	Y	B	2	56	1f0fdb33eab58e3cb30c31140deb162b6e0a271adbff8d74936357085ede4a93	0	0	full_sequence	1	0	/storage9920/home/tinghao.xia/Data_FM/RNA_FM_embeddings/3F4H/rnafm_t12_residue_embeddings.pt
3FAR	0	A	A	1	23	5e26c1057669e59d7c6d99e8a985bb712e435e7c6de371ad61d5bab6ab82e461	0	0	full_sequence	1	0	/storage9920/home/tinghao.xia/Data_FM/RNA_FM_embeddings/3FAR/rnafm_t12_residue_embeddings.pt
3FAR	1	B	B	1	23	5e26c1057669e59d7c6d99e8a985bb712e435e7c6de371ad61d5bab6ab82e461	0	0	full_sequence	1	0	/storage9920/home/tinghao.xia/Data_FM/RNA_FM_embeddings/3FAR/rnafm_t12_residue_embeddings.pt
3FO4	0	A	A	1	68	36586bde49756fa390c254df65f6a1a626d6c6523b349e39b3bd1763457b3d5a	0	0	full_sequence	1	0	/storage9920/home/tinghao.xia/Data_FM/RNA_FM_embeddings/3FO4/rnafm_t12_residue_embeddings.pt
3FO6	0	A	A	1	68	590c997603511a4e6ca51a8ba60dd051a8e52cec2a499462ace4a81188cd1f28	0	0	full_sequence	1	0	/storage9920/home/tinghao.xia/Data_FM/RNA_FM_embeddings/3FO6/rnafm_t12_residue_embeddings.pt
3FS0	0	A	A	1	10	8a119630d3e0f5e4d08813611860452f43972770a3098424d927020c93c4464b	0	0	full_sequence	1	0	/storage9920/home/tinghao.xia/Data_FM/RNA_FM_embeddings/3FS0/rnafm_t12_residue_embeddings.pt
3FS0	1	B	B	2	11	33fce9e72f449c02ea94adb3f1a1d2b8a9ed2c584d472e83629798b1a087fea3	0	0	full_sequence	1	0	/storage9920/home/tinghao.xia/Data_FM/RNA_FM_embeddings/3FS0/rnafm_t12_residue_embeddings.pt
3FTM	0	A	A	1	11	e6728e8e4732fb2e3bf5941fbfcaa515ebb03669be59c9b3923fe227382e5dce	0	0	full_sequence	1	0	/storage9920/home/tinghao.xia/Data_FM/RNA_FM_embeddings/3FTM/rnafm_t12_residue_embeddings.pt
3FTM	1	C	B	1	11	e6728e8e4732fb2e3bf5941fbfcaa515ebb03669be59c9b3923fe227382e5dce	0	0	full_sequence	1	0	/storage9920/home/tinghao.xia/Data_FM/RNA_FM_embeddings/3FTM/rnafm_t12_residue_embeddings.pt
3FTM	2	B	C	2	12	4a2940c5d42cffc19f3b7b64a5851bec5d3a745b24e92b488c9fc1915d1a66af	0	0	full_sequence	1	0	/storage9920/home/tinghao.xia/Data_FM/RNA_FM_embeddings/3FTM/rnafm_t12_residue_embeddings.pt
3FTM	3	D	D	2	12	4a2940c5d42cffc19f3b7b64a5851bec5d3a745b24e92b488c9fc1915d1a66af	0	0	full_sequence	1	0	/storage9920/home/tinghao.xia/Data_FM/RNA_FM_embeddings/3FTM/rnafm_t12_residue_embeddings.pt
3FU2	0	A	A	1	34	5920b3043f0000515e8647198d73a46f09209cdba92c9cbfdde39af1395a986f	0	0	full_sequence	1	0	/storage9920/home/tinghao.xia/Data_FM/RNA_FM_embeddings/3FU2/rnafm_t12_residue_embeddings.pt
3FU2	1	B	B	1	34	5920b3043f0000515e8647198d73a46f09209cdba92c9cbfdde39af1395a986f	0	0	full_sequence	1	0	/storage9920/home/tinghao.xia/Data_FM/RNA_FM_embeddings/3FU2/rnafm_t12_residue_embeddings.pt
3FU2	2	C	C	1	34	5920b3043f0000515e8647198d73a46f09209cdba92c9cbfdde39af1395a986f	0	0	full_sequence	1	0	/storage9920/home/tinghao.xia/Data_FM/RNA_FM_embeddings/3FU2/rnafm_t12_residue_embeddings.pt
3FWO	0	A	A	1	2880	00422bfdbb8cd0e35f80a460dae8f3e3899183cd55c4d2440ddd6969489a2708	0	0	sliding_window_uniform_mean	4	0,766,1532,1858	/storage9920/home/tinghao.xia/Data_FM/RNA_FM_embeddings/3FWO/rnafm_t12_residue_embeddings.pt
3FWO	1	B	B	2	118	23eba6a6f8f25e3bd2993d87a557b16c6418b08f11bad653d4252015bf3cf609	0	0	full_sequence	1	0	/storage9920/home/tinghao.xia/Data_FM/RNA_FM_embeddings/3FWO/rnafm_t12_residue_embeddings.pt
3G4M	0	A	A	1	67	8a39f41d423e18b52f5d41f0f9651ccd49dc4feea6b6e805cc393ce37c222311	0	0	full_sequence	1	0	/storage9920/home/tinghao.xia/Data_FM/RNA_FM_embeddings/3G4M/rnafm_t12_residue_embeddings.pt
3G78	0	A	A	1	412	36270eceaaba3218d40b6a474d13d73bd03596b72f22af5942c2eca5ac828aba	0	0	full_sequence	1	0	/storage9920/home/tinghao.xia/Data_FM/RNA_FM_embeddings/3G78/rnafm_t12_residue_embeddings.pt
3G78	1	Z	B	2	9	d09158c53d5b5d15d2f2c8ffd66762939af4156fd6bc8d24eb57adb96c262033	0	0	full_sequence	1	0	/storage9920/home/tinghao.xia/Data_FM/RNA_FM_embeddings/3G78/rnafm_t12_residue_embeddings.pt
3GAO	0	A	A	1	67	8a39f41d423e18b52f5d41f0f9651ccd49dc4feea6b6e805cc393ce37c222311	0	0	full_sequence	1	0	/storage9920/home/tinghao.xia/Data_FM/RNA_FM_embeddings/3GAO/rnafm_t12_residue_embeddings.pt
3GCA	0	A	A	1	33	74587d4e5f92cb8e93340faef67356fa1592fa31850000046a6554e92de644d8	0	0	full_sequence	1	0	/storage9920/home/tinghao.xia/Data_FM/RNA_FM_embeddings/3GCA/rnafm_t12_residue_embeddings.pt
3GER	0	A	A	1	67	8a39f41d423e18b52f5d41f0f9651ccd49dc4feea6b6e805cc393ce37c222311	0	0	full_sequence	1	0	/storage9920/home/tinghao.xia/Data_FM/RNA_FM_embeddings/3GER/rnafm_t12_residue_embeddings.pt
3GES	0	A	A	1	67	7892d875b55547edc8377abc51ea23862c54df6325a87441a1191b8a28277ddb	0	0	full_sequence	1	0	/storage9920/home/tinghao.xia/Data_FM/RNA_FM_embeddings/3GES/rnafm_t12_residue_embeddings.pt
3GLP	0	A	A	1	8	2fb14ba6870d23c14c7e372112fd288a0c5d5d68ad632d98f9fd35ce209b1699	0	0	full_sequence	1	0	/storage9920/home/tinghao.xia/Data_FM/RNA_FM_embeddings/3GLP/rnafm_t12_residue_embeddings.pt
3GLP	1	B	B	1	8	2fb14ba6870d23c14c7e372112fd288a0c5d5d68ad632d98f9fd35ce209b1699	0	0	full_sequence	1	0	/storage9920/home/tinghao.xia/Data_FM/RNA_FM_embeddings/3GLP/rnafm_t12_residue_embeddings.pt
3GLP	2	C	C	1	8	2fb14ba6870d23c14c7e372112fd288a0c5d5d68ad632d98f9fd35ce209b1699	0	0	full_sequence	1	0	/storage9920/home/tinghao.xia/Data_FM/RNA_FM_embeddings/3GLP/rnafm_t12_residue_embeddings.pt
3GLP	3	D	D	1	8	2fb14ba6870d23c14c7e372112fd288a0c5d5d68ad632d98f9fd35ce209b1699	0	0	full_sequence	1	0	/storage9920/home/tinghao.xia/Data_FM/RNA_FM_embeddings/3GLP/rnafm_t12_residue_embeddings.pt
3GLP	4	E	E	1	8	2fb14ba6870d23c14c7e372112fd288a0c5d5d68ad632d98f9fd35ce209b1699	0	0	full_sequence	1	0	/storage9920/home/tinghao.xia/Data_FM/RNA_FM_embeddings/3GLP/rnafm_t12_residue_embeddings.pt
3GM7	0	G	A	1	18	de05e04cbae1adef8b023ebe24a04da60dae918973392f45d0841154d2547d42	0	0	full_sequence	1	0	/storage9920/home/tinghao.xia/Data_FM/RNA_FM_embeddings/3GM7/rnafm_t12_residue_embeddings.pt
3GM7	1	H	B	1	18	de05e04cbae1adef8b023ebe24a04da60dae918973392f45d0841154d2547d42	0	0	full_sequence	1	0	/storage9920/home/tinghao.xia/Data_FM/RNA_FM_embeddings/3GM7/rnafm_t12_residue_embeddings.pt
3GOG	0	A	A	1	67	e529a8913d79b45de636e1ec1a3d58edd66b100fada886ef157cd3f58776b19d	0	0	full_sequence	1	0	/storage9920/home/tinghao.xia/Data_FM/RNA_FM_embeddings/3GOG/rnafm_t12_residue_embeddings.pt
3GOT	0	A	A	1	67	7892d875b55547edc8377abc51ea23862c54df6325a87441a1191b8a28277ddb	0	0	full_sequence	1	0	/storage9920/home/tinghao.xia/Data_FM/RNA_FM_embeddings/3GOT/rnafm_t12_residue_embeddings.pt
3GS1	0	A	A	1	14	fc7301d891828832fecb4b266ee4e6c558129ba523c90d5ec7bd697a93d37697	0	0	full_sequence	1	0	/storage9920/home/tinghao.xia/Data_FM/RNA_FM_embeddings/3GS1/rnafm_t12_residue_embeddings.pt
3GS1	1	B	B	2	12	18daab8b7928da4d89b3dfeec9a6b226fe94d1a3d77d45a2c296288ed5fdc4f6	0	0	full_sequence	1	0	/storage9920/home/tinghao.xia/Data_FM/RNA_FM_embeddings/3GS1/rnafm_t12_residue_embeddings.pt
3GS1	2	C	C	3	17	941e3769daeb6747a906c7fb5ab7f5a3a2bb08623a375da40d8179c2cfde45df	0	0	full_sequence	1	0	/storage9920/home/tinghao.xia/Data_FM/RNA_FM_embeddings/3GS1/rnafm_t12_residue_embeddings.pt
3GS1	3	D	D	4	19	6f9cec5eb36aa82f7310feb000fb6dc4b386cdfed96112d0885320b0ee04a7b7	0	0	full_sequence	1	0	/storage9920/home/tinghao.xia/Data_FM/RNA_FM_embeddings/3GS1/rnafm_t12_residue_embeddings.pt
3GS5	0	A	A	1	25	83627ae861a6de2ffbe21f640307e5e61b5526b7fed606b15b36ef88f1c281c1	0	0	full_sequence	1	0	/storage9920/home/tinghao.xia/Data_FM/RNA_FM_embeddings/3GS5/rnafm_t12_residue_embeddings.pt
3GS5	1	C	B	2	36	545703d13c4e6891823d5f66750f5c466e8bbac9ade5c1ad8d1fd4ed498b3f34	0	0	full_sequence	1	0	/storage9920/home/tinghao.xia/Data_FM/RNA_FM_embeddings/3GS5/rnafm_t12_residue_embeddings.pt
3GS8	0	A	A	1	14	fc7301d891828832fecb4b266ee4e6c558129ba523c90d5ec7bd697a93d37697	0	0	full_sequence	1	0	/storage9920/home/tinghao.xia/Data_FM/RNA_FM_embeddings/3GS8/rnafm_t12_residue_embeddings.pt
3GS8	1	B	B	2	12	18daab8b7928da4d89b3dfeec9a6b226fe94d1a3d77d45a2c296288ed5fdc4f6	0	0	full_sequence	1	0	/storage9920/home/tinghao.xia/Data_FM/RNA_FM_embeddings/3GS8/rnafm_t12_residue_embeddings.pt
3GS8	2	C	C	3	17	941e3769daeb6747a906c7fb5ab7f5a3a2bb08623a375da40d8179c2cfde45df	0	0	full_sequence	1	0	/storage9920/home/tinghao.xia/Data_FM/RNA_FM_embeddings/3GS8/rnafm_t12_residue_embeddings.pt
3GS8	3	D	D	4	19	6f9cec5eb36aa82f7310feb000fb6dc4b386cdfed96112d0885320b0ee04a7b7	0	0	full_sequence	1	0	/storage9920/home/tinghao.xia/Data_FM/RNA_FM_embeddings/3GS8/rnafm_t12_residue_embeddings.pt
3GVN	0	A	A	1	7	a1e9c76a8ed28dc314631028f6b8e3d5d10ba1421f808ecf7e302ffcba64215d	0	0	full_sequence	1	0	/storage9920/home/tinghao.xia/Data_FM/RNA_FM_embeddings/3GVN/rnafm_t12_residue_embeddings.pt
3GVN	1	B	B	2	7	5fc5aa216abd56c5e1baf58e85715490717e2dae41fe4107b1c0b59ba9649442	0	0	full_sequence	1	0	/storage9920/home/tinghao.xia/Data_FM/RNA_FM_embeddings/3GVN/rnafm_t12_residue_embeddings.pt
3GX2	0	A	A	1	94	7f6472dc4f0dc3a6d2a6713e89cffc047deb661e197794e0d457df6ba17f25ad	0	0	full_sequence	1	0	/storage9920/home/tinghao.xia/Data_FM/RNA_FM_embeddings/3GX2/rnafm_t12_residue_embeddings.pt
3GX3	0	A	A	1	94	7f6472dc4f0dc3a6d2a6713e89cffc047deb661e197794e0d457df6ba17f25ad	0	0	full_sequence	1	0	/storage9920/home/tinghao.xia/Data_FM/RNA_FM_embeddings/3GX3/rnafm_t12_residue_embeddings.pt
3GX5	0	A	A	1	94	7f6472dc4f0dc3a6d2a6713e89cffc047deb661e197794e0d457df6ba17f25ad	0	0	full_sequence	1	0	/storage9920/home/tinghao.xia/Data_FM/RNA_FM_embeddings/3GX5/rnafm_t12_residue_embeddings.pt
3GX6	0	A	A	1	94	7f6472dc4f0dc3a6d2a6713e89cffc047deb661e197794e0d457df6ba17f25ad	0	0	full_sequence	1	0	/storage9920/home/tinghao.xia/Data_FM/RNA_FM_embeddings/3GX6/rnafm_t12_residue_embeddings.pt
3GX7	0	A	A	1	94	f705ab41d44305fe28f08905fd831505d1bf2fccab98d5e4ad2457cc7dcbdff6	0	0	full_sequence	1	0	/storage9920/home/tinghao.xia/Data_FM/RNA_FM_embeddings/3GX7/rnafm_t12_residue_embeddings.pt
3HGA	0	X	A	1	6	23eac0cf22b0c68a5042b8709cb04ea4e38d015934da6598c83985d5506ab3df	0	0	full_sequence	1	0	/storage9920/home/tinghao.xia/Data_FM/RNA_FM_embeddings/3HGA/rnafm_t12_residue_embeddings.pt
3IBK	0	A	A	1	12	28440b6394297d1e66cbbfea19d5b87f64593ec79a48f8372b989a70d13a2830	0	0	full_sequence	1	0	/storage9920/home/tinghao.xia/Data_FM/RNA_FM_embeddings/3IBK/rnafm_t12_residue_embeddings.pt
3IBK	1	B	B	1	12	28440b6394297d1e66cbbfea19d5b87f64593ec79a48f8372b989a70d13a2830	0	0	full_sequence	1	0	/storage9920/home/tinghao.xia/Data_FM/RNA_FM_embeddings/3IBK/rnafm_t12_residue_embeddings.pt
3IGI	0	A	A	1	412	36270eceaaba3218d40b6a474d13d73bd03596b72f22af5942c2eca5ac828aba	0	0	full_sequence	1	0	/storage9920/home/tinghao.xia/Data_FM/RNA_FM_embeddings/3IGI/rnafm_t12_residue_embeddings.pt
3IGI	1	B	B	2	13	e35a4f31e92387e46476d8f37e871da0a5d811fe643ff8e3ea6a54fd64b39c4d	0	0	full_sequence	1	0	/storage9920/home/tinghao.xia/Data_FM/RNA_FM_embeddings/3IGI/rnafm_t12_residue_embeddings.pt
3IQN	0	A	A	1	94	accb6962a370e5332db4066512e6a9fc693f28b9e2d6b4b88a2f6add21df2197	0	0	full_sequence	1	0	/storage9920/home/tinghao.xia/Data_FM/RNA_FM_embeddings/3IQN/rnafm_t12_residue_embeddings.pt
3IQP	0	A	A	1	94	6341dad96ed0b82709d264a18fcd899396241b9453a55db240c700e2e41cc583	0	0	full_sequence	1	0	/storage9920/home/tinghao.xia/Data_FM/RNA_FM_embeddings/3IQP/rnafm_t12_residue_embeddings.pt
3IQR	0	A	A	1	94	6341dad96ed0b82709d264a18fcd899396241b9453a55db240c700e2e41cc583	0	0	full_sequence	1	0	/storage9920/home/tinghao.xia/Data_FM/RNA_FM_embeddings/3IQR/rnafm_t12_residue_embeddings.pt
3IVN	0	A	A	1	70	74250ce145d34f1cd30725497fed6a2bc3cfed799bf26e3abd4fc44b279ee1cc	1	1	full_sequence	1	0	/storage9920/home/tinghao.xia/Data_FM/RNA_FM_embeddings/3IVN/rnafm_t12_residue_embeddings.pt
3IVN	1	B	B	1	70	74250ce145d34f1cd30725497fed6a2bc3cfed799bf26e3abd4fc44b279ee1cc	1	1	full_sequence	1	0	/storage9920/home/tinghao.xia/Data_FM/RNA_FM_embeddings/3IVN/rnafm_t12_residue_embeddings.pt
3IZD	0	A	A	1	151	b2d959965d7737483eaafa7a1c87933787f4c6bf65deb3cb7e7e7d6e73eda3d9	0	0	full_sequence	1	0	/storage9920/home/tinghao.xia/Data_FM/RNA_FM_embeddings/3IZD/rnafm_t12_residue_embeddings.pt
3J28	0	N	A	1	1533	e8ab3b877ffdc7e02c941302b6c2bca7084ef9928ed96297dafb2c896c7844de	0	0	sliding_window_uniform_mean	2	0,511	/storage9920/home/tinghao.xia/Data_FM/RNA_FM_embeddings/3J28/rnafm_t12_residue_embeddings.pt
3J29	0	N	A	1	1533	e8ab3b877ffdc7e02c941302b6c2bca7084ef9928ed96297dafb2c896c7844de	0	0	sliding_window_uniform_mean	2	0,511	/storage9920/home/tinghao.xia/Data_FM/RNA_FM_embeddings/3J29/rnafm_t12_residue_embeddings.pt
3J2A	0	N	A	1	1533	e8ab3b877ffdc7e02c941302b6c2bca7084ef9928ed96297dafb2c896c7844de	0	0	sliding_window_uniform_mean	2	0,511	/storage9920/home/tinghao.xia/Data_FM/RNA_FM_embeddings/3J2A/rnafm_t12_residue_embeddings.pt
3J2B	0	N	A	1	1533	e8ab3b877ffdc7e02c941302b6c2bca7084ef9928ed96297dafb2c896c7844de	0	0	sliding_window_uniform_mean	2	0,511	/storage9920/home/tinghao.xia/Data_FM/RNA_FM_embeddings/3J2B/rnafm_t12_residue_embeddings.pt
3J2C	0	M	A	1	462	d5bd5c47d208e67f7145db29629c619c2b52f433db8b4f6624f7a52d7b885d3e	0	0	full_sequence	1	0	/storage9920/home/tinghao.xia/Data_FM/RNA_FM_embeddings/3J2C/rnafm_t12_residue_embeddings.pt
3J2C	1	N	B	2	927	55b9b064b0ebe3668261744804a6d41b046fec8cc8915dd478d40ca00a6779e7	0	0	full_sequence	1	0	/storage9920/home/tinghao.xia/Data_FM/RNA_FM_embeddings/3J2C/rnafm_t12_residue_embeddings.pt
3J2C	2	O	C	3	144	01a03adf82c956f9d9b1dc3ad113cca8e955fdc10d51047d91f541ee182272db	0	0	full_sequence	1	0	/storage9920/home/tinghao.xia/Data_FM/RNA_FM_embeddings/3J2C/rnafm_t12_residue_embeddings.pt
3J2D	0	N	A	1	1533	e8ab3b877ffdc7e02c941302b6c2bca7084ef9928ed96297dafb2c896c7844de	0	0	sliding_window_uniform_mean	2	0,511	/storage9920/home/tinghao.xia/Data_FM/RNA_FM_embeddings/3J2D/rnafm_t12_residue_embeddings.pt
3J2E	0	N	A	1	1533	e8ab3b877ffdc7e02c941302b6c2bca7084ef9928ed96297dafb2c896c7844de	0	0	sliding_window_uniform_mean	2	0,511	/storage9920/home/tinghao.xia/Data_FM/RNA_FM_embeddings/3J2E/rnafm_t12_residue_embeddings.pt
3J2F	0	N	A	1	1533	e8ab3b877ffdc7e02c941302b6c2bca7084ef9928ed96297dafb2c896c7844de	0	0	sliding_window_uniform_mean	2	0,511	/storage9920/home/tinghao.xia/Data_FM/RNA_FM_embeddings/3J2F/rnafm_t12_residue_embeddings.pt
3J2G	0	N	A	1	1533	e8ab3b877ffdc7e02c941302b6c2bca7084ef9928ed96297dafb2c896c7844de	0	0	sliding_window_uniform_mean	2	0,511	/storage9920/home/tinghao.xia/Data_FM/RNA_FM_embeddings/3J2G/rnafm_t12_residue_embeddings.pt
3J2H	0	N	A	1	1533	e8ab3b877ffdc7e02c941302b6c2bca7084ef9928ed96297dafb2c896c7844de	0	0	sliding_window_uniform_mean	2	0,511	/storage9920/home/tinghao.xia/Data_FM/RNA_FM_embeddings/3J2H/rnafm_t12_residue_embeddings.pt
3JQ4	0	A	A	1	2880	00422bfdbb8cd0e35f80a460dae8f3e3899183cd55c4d2440ddd6969489a2708	0	0	sliding_window_uniform_mean	4	0,766,1532,1858	/storage9920/home/tinghao.xia/Data_FM/RNA_FM_embeddings/3JQ4/rnafm_t12_residue_embeddings.pt
3JQ4	1	B	B	2	118	23eba6a6f8f25e3bd2993d87a557b16c6418b08f11bad653d4252015bf3cf609	0	0	full_sequence	1	0	/storage9920/home/tinghao.xia/Data_FM/RNA_FM_embeddings/3JQ4/rnafm_t12_residue_embeddings.pt
3JXQ	0	A	A	1	6	5ce4c49056a99671e98f4ae4e97b3ef6cccf96f821e489c9f20fd0af8d959096	1	1	full_sequence	1	0	/storage9920/home/tinghao.xia/Data_FM/RNA_FM_embeddings/3JXQ/rnafm_t12_residue_embeddings.pt
3JXQ	1	B	B	1	6	5ce4c49056a99671e98f4ae4e97b3ef6cccf96f821e489c9f20fd0af8d959096	1	1	full_sequence	1	0	/storage9920/home/tinghao.xia/Data_FM/RNA_FM_embeddings/3JXQ/rnafm_t12_residue_embeddings.pt
3JXQ	2	K	C	1	6	5ce4c49056a99671e98f4ae4e97b3ef6cccf96f821e489c9f20fd0af8d959096	1	1	full_sequence	1	0	/storage9920/home/tinghao.xia/Data_FM/RNA_FM_embeddings/3JXQ/rnafm_t12_residue_embeddings.pt
3JXQ	3	L	D	1	6	5ce4c49056a99671e98f4ae4e97b3ef6cccf96f821e489c9f20fd0af8d959096	1	1	full_sequence	1	0	/storage9920/home/tinghao.xia/Data_FM/RNA_FM_embeddings/3JXQ/rnafm_t12_residue_embeddings.pt
3JXR	0	A	A	1	6	5ce4c49056a99671e98f4ae4e97b3ef6cccf96f821e489c9f20fd0af8d959096	1	1	full_sequence	1	0	/storage9920/home/tinghao.xia/Data_FM/RNA_FM_embeddings/3JXR/rnafm_t12_residue_embeddings.pt
3JXR	1	B	B	1	6	5ce4c49056a99671e98f4ae4e97b3ef6cccf96f821e489c9f20fd0af8d959096	1	1	full_sequence	1	0	/storage9920/home/tinghao.xia/Data_FM/RNA_FM_embeddings/3JXR/rnafm_t12_residue_embeddings.pt
3JXR	2	K	C	1	6	5ce4c49056a99671e98f4ae4e97b3ef6cccf96f821e489c9f20fd0af8d959096	1	1	full_sequence	1	0	/storage9920/home/tinghao.xia/Data_FM/RNA_FM_embeddings/3JXR/rnafm_t12_residue_embeddings.pt
3K1V	0	A	A	1	34	ba3b034d96e41813c33a607507c245591afafaa059b3bc87a25308e24ec48d4f	0	0	full_sequence	1	0	/storage9920/home/tinghao.xia/Data_FM/RNA_FM_embeddings/3K1V/rnafm_t12_residue_embeddings.pt
3L0U	0	A	A	1	76	6209ca9eeb8f13803d376d20d94deef321b7c0ed44a9fc869990e81cd918df30	0	0	full_sequence	1	0	/storage9920/home/tinghao.xia/Data_FM/RNA_FM_embeddings/3L0U/rnafm_t12_residue_embeddings.pt
3LA5	0	A	A	1	71	28e4401839f830154454f3ae9e5fda9ae3a85615ee8db24351b6ec3eebb502ad	0	0	full_sequence	1	0	/storage9920/home/tinghao.xia/Data_FM/RNA_FM_embeddings/3LA5/rnafm_t12_residue_embeddings.pt
3LOA	0	A	A	1	21	29701dd3af87e42b96eb8fdfec29bd8f1a2683e0d3aa9198b722cf752a5df647	0	0	full_sequence	1	0	/storage9920/home/tinghao.xia/Data_FM/RNA_FM_embeddings/3LOA/rnafm_t12_residue_embeddings.pt
3LOA	1	B	B	2	23	fdee83bde26699d6afa1574d7ecbe156bbc0d09baf614000206a94913e05f26d	0	0	full_sequence	1	0	/storage9920/home/tinghao.xia/Data_FM/RNA_FM_embeddings/3LOA/rnafm_t12_residue_embeddings.pt
3MEI	0	A	A	1	23	eab1dc5f2dd6933b402d1798a48e97c3b26e3df03f503d4599935ce6313ff637	0	0	full_sequence	1	0	/storage9920/home/tinghao.xia/Data_FM/RNA_FM_embeddings/3MEI/rnafm_t12_residue_embeddings.pt
3MEI	1	B	B	1	23	eab1dc5f2dd6933b402d1798a48e97c3b26e3df03f503d4599935ce6313ff637	0	0	full_sequence	1	0	/storage9920/home/tinghao.xia/Data_FM/RNA_FM_embeddings/3MEI/rnafm_t12_residue_embeddings.pt
3MIJ	0	A	A	1	12	28440b6394297d1e66cbbfea19d5b87f64593ec79a48f8372b989a70d13a2830	0	0	full_sequence	1	0	/storage9920/home/tinghao.xia/Data_FM/RNA_FM_embeddings/3MIJ/rnafm_t12_residue_embeddings.pt
3MJ3	0	B	A	1	29	ed721b34a1578571fa95d749df4bc5a0160e25df72e6c9f9e962f2d097115733	0	0	full_sequence	1	0	/storage9920/home/tinghao.xia/Data_FM/RNA_FM_embeddings/3MJ3/rnafm_t12_residue_embeddings.pt
3MJ3	1	C	B	2	14	f68994cac33738a01485b1865a5a194756a2e45dae2b544ae4b4ecb4c3ab744d	0	0	full_sequence	1	0	/storage9920/home/tinghao.xia/Data_FM/RNA_FM_embeddings/3MJ3/rnafm_t12_residue_embeddings.pt
3MJA	0	B	A	1	29	ed721b34a1578571fa95d749df4bc5a0160e25df72e6c9f9e962f2d097115733	0	0	full_sequence	1	0	/storage9920/home/tinghao.xia/Data_FM/RNA_FM_embeddings/3MJA/rnafm_t12_residue_embeddings.pt
3MJA	1	C	B	2	14	f68994cac33738a01485b1865a5a194756a2e45dae2b544ae4b4ecb4c3ab744d	0	0	full_sequence	1	0	/storage9920/home/tinghao.xia/Data_FM/RNA_FM_embeddings/3MJA/rnafm_t12_residue_embeddings.pt
3MJB	0	A	A	1	29	ed721b34a1578571fa95d749df4bc5a0160e25df72e6c9f9e962f2d097115733	0	0	full_sequence	1	0	/storage9920/home/tinghao.xia/Data_FM/RNA_FM_embeddings/3MJB/rnafm_t12_residue_embeddings.pt
3MJB	1	B	B	2	14	f68994cac33738a01485b1865a5a194756a2e45dae2b544ae4b4ecb4c3ab744d	0	0	full_sequence	1	0	/storage9920/home/tinghao.xia/Data_FM/RNA_FM_embeddings/3MJB/rnafm_t12_residue_embeddings.pt
3ND3	0	A	A	1	16	a8ccbb8580a0a9fa246fc858cdb77576a66fc7a51b426ad3da2fde5b48b55b13	0	0	full_sequence	1	0	/storage9920/home/tinghao.xia/Data_FM/RNA_FM_embeddings/3ND3/rnafm_t12_residue_embeddings.pt
3ND4	0	A	A	1	16	4ff54e0fc2225eacc15f37baeb0d89d6dd646d416bf0ec7125ba2e54f04929e9	0	0	full_sequence	1	0	/storage9920/home/tinghao.xia/Data_FM/RNA_FM_embeddings/3ND4/rnafm_t12_residue_embeddings.pt
3NJ6	0	A	A	1	10	ae81319ba4103eb402a46794652e23f26a4b3338560653445e74412674dd5f77	0	0	full_sequence	1	0	/storage9920/home/tinghao.xia/Data_FM/RNA_FM_embeddings/3NJ6/rnafm_t12_residue_embeddings.pt
3NJ7	0	A	A	1	10	ae81319ba4103eb402a46794652e23f26a4b3338560653445e74412674dd5f77	0	0	full_sequence	1	0	/storage9920/home/tinghao.xia/Data_FM/RNA_FM_embeddings/3NJ7/rnafm_t12_residue_embeddings.pt
3NJ7	1	B	B	1	10	ae81319ba4103eb402a46794652e23f26a4b3338560653445e74412674dd5f77	0	0	full_sequence	1	0	/storage9920/home/tinghao.xia/Data_FM/RNA_FM_embeddings/3NJ7/rnafm_t12_residue_embeddings.pt
3NJ7	2	C	C	1	10	ae81319ba4103eb402a46794652e23f26a4b3338560653445e74412674dd5f77	0	0	full_sequence	1	0	/storage9920/home/tinghao.xia/Data_FM/RNA_FM_embeddings/3NJ7/rnafm_t12_residue_embeddings.pt
3NJ7	3	D	D	1	10	ae81319ba4103eb402a46794652e23f26a4b3338560653445e74412674dd5f77	0	0	full_sequence	1	0	/storage9920/home/tinghao.xia/Data_FM/RNA_FM_embeddings/3NJ7/rnafm_t12_residue_embeddings.pt
3NJ7	4	E	E	1	10	ae81319ba4103eb402a46794652e23f26a4b3338560653445e74412674dd5f77	0	0	full_sequence	1	0	/storage9920/home/tinghao.xia/Data_FM/RNA_FM_embeddings/3NJ7/rnafm_t12_residue_embeddings.pt
3NJ7	5	F	F	1	10	ae81319ba4103eb402a46794652e23f26a4b3338560653445e74412674dd5f77	0	0	full_sequence	1	0	/storage9920/home/tinghao.xia/Data_FM/RNA_FM_embeddings/3NJ7/rnafm_t12_residue_embeddings.pt
3NPN	0	A	A	1	54	a47779e9a90e3c15891c6526c3da182400e5cfc7a910c69163e40c7c475ee846	0	0	full_sequence	1	0	/storage9920/home/tinghao.xia/Data_FM/RNA_FM_embeddings/3NPN/rnafm_t12_residue_embeddings.pt
3NPQ	0	A	A	1	54	c589987e5766c7fd58726e75980fa4e850d3920cc73c929474d9efeb69ffe5dd	0	0	full_sequence	1	0	/storage9920/home/tinghao.xia/Data_FM/RNA_FM_embeddings/3NPQ/rnafm_t12_residue_embeddings.pt
3NPQ	1	B	B	1	54	c589987e5766c7fd58726e75980fa4e850d3920cc73c929474d9efeb69ffe5dd	0	0	full_sequence	1	0	/storage9920/home/tinghao.xia/Data_FM/RNA_FM_embeddings/3NPQ/rnafm_t12_residue_embeddings.pt
3NPQ	2	C	C	1	54	c589987e5766c7fd58726e75980fa4e850d3920cc73c929474d9efeb69ffe5dd	0	0	full_sequence	1	0	/storage9920/home/tinghao.xia/Data_FM/RNA_FM_embeddings/3NPQ/rnafm_t12_residue_embeddings.pt
3OWI	0	A	A	1	88	6ef5c095b9a44f4001c8185373e08a8d98a7468240ffdb2b238f8133f8ed00de	0	0	full_sequence	1	0	/storage9920/home/tinghao.xia/Data_FM/RNA_FM_embeddings/3OWI/rnafm_t12_residue_embeddings.pt
3OWI	1	B	B	2	88	6ef5c095b9a44f4001c8185373e08a8d98a7468240ffdb2b238f8133f8ed00de	0	0	full_sequence	1	0	/storage9920/home/tinghao.xia/Data_FM/RNA_FM_embeddings/3OWI/rnafm_t12_residue_embeddings.pt
3OWW	0	A	A	1	88	6ef5c095b9a44f4001c8185373e08a8d98a7468240ffdb2b238f8133f8ed00de	0	0	full_sequence	1	0	/storage9920/home/tinghao.xia/Data_FM/RNA_FM_embeddings/3OWW/rnafm_t12_residue_embeddings.pt
3OWW	1	B	B	2	88	6ef5c095b9a44f4001c8185373e08a8d98a7468240ffdb2b238f8133f8ed00de	0	0	full_sequence	1	0	/storage9920/home/tinghao.xia/Data_FM/RNA_FM_embeddings/3OWW/rnafm_t12_residue_embeddings.pt
3OWZ	0	A	A	1	88	6ef5c095b9a44f4001c8185373e08a8d98a7468240ffdb2b238f8133f8ed00de	0	0	full_sequence	1	0	/storage9920/home/tinghao.xia/Data_FM/RNA_FM_embeddings/3OWZ/rnafm_t12_residue_embeddings.pt
3OWZ	1	B	B	2	88	6ef5c095b9a44f4001c8185373e08a8d98a7468240ffdb2b238f8133f8ed00de	0	0	full_sequence	1	0	/storage9920/home/tinghao.xia/Data_FM/RNA_FM_embeddings/3OWZ/rnafm_t12_residue_embeddings.pt
3OX0	0	A	A	1	88	6ef5c095b9a44f4001c8185373e08a8d98a7468240ffdb2b238f8133f8ed00de	0	0	full_sequence	1	0	/storage9920/home/tinghao.xia/Data_FM/RNA_FM_embeddings/3OX0/rnafm_t12_residue_embeddings.pt
3OX0	1	B	B	2	88	6ef5c095b9a44f4001c8185373e08a8d98a7468240ffdb2b238f8133f8ed00de	0	0	full_sequence	1	0	/storage9920/home/tinghao.xia/Data_FM/RNA_FM_embeddings/3OX0/rnafm_t12_residue_embeddings.pt
3OXB	0	A	A	1	88	467cdd6084466f318356ac71af77214a62a5ff7e85865605f8ae8485a32035b8	0	0	full_sequence	1	0	/storage9920/home/tinghao.xia/Data_FM/RNA_FM_embeddings/3OXB/rnafm_t12_residue_embeddings.pt
3OXB	1	B	B	2	88	467cdd6084466f318356ac71af77214a62a5ff7e85865605f8ae8485a32035b8	0	0	full_sequence	1	0	/storage9920/home/tinghao.xia/Data_FM/RNA_FM_embeddings/3OXB/rnafm_t12_residue_embeddings.pt
3OXD	0	A	A	1	88	e3f6011ee82682867fabb83bb40bbfaf9fb68def58661a436fc7885e45569e52	0	0	full_sequence	1	0	/storage9920/home/tinghao.xia/Data_FM/RNA_FM_embeddings/3OXD/rnafm_t12_residue_embeddings.pt
3OXD	1	B	B	2	88	e3f6011ee82682867fabb83bb40bbfaf9fb68def58661a436fc7885e45569e52	0	0	full_sequence	1	0	/storage9920/home/tinghao.xia/Data_FM/RNA_FM_embeddings/3OXD/rnafm_t12_residue_embeddings.pt
3OXE	0	A	A	1	88	6ef5c095b9a44f4001c8185373e08a8d98a7468240ffdb2b238f8133f8ed00de	0	0	full_sequence	1	0	/storage9920/home/tinghao.xia/Data_FM/RNA_FM_embeddings/3OXE/rnafm_t12_residue_embeddings.pt
3OXE	1	B	B	2	88	6ef5c095b9a44f4001c8185373e08a8d98a7468240ffdb2b238f8133f8ed00de	0	0	full_sequence	1	0	/storage9920/home/tinghao.xia/Data_FM/RNA_FM_embeddings/3OXE/rnafm_t12_residue_embeddings.pt
3OXJ	0	A	A	1	88	6ef5c095b9a44f4001c8185373e08a8d98a7468240ffdb2b238f8133f8ed00de	0	0	full_sequence	1	0	/storage9920/home/tinghao.xia/Data_FM/RNA_FM_embeddings/3OXJ/rnafm_t12_residue_embeddings.pt
3OXJ	1	B	B	1	88	6ef5c095b9a44f4001c8185373e08a8d98a7468240ffdb2b238f8133f8ed00de	0	0	full_sequence	1	0	/storage9920/home/tinghao.xia/Data_FM/RNA_FM_embeddings/3OXJ/rnafm_t12_residue_embeddings.pt
3OXM	0	A	A	1	88	6ef5c095b9a44f4001c8185373e08a8d98a7468240ffdb2b238f8133f8ed00de	0	0	full_sequence	1	0	/storage9920/home/tinghao.xia/Data_FM/RNA_FM_embeddings/3OXM/rnafm_t12_residue_embeddings.pt
3OXM	1	B	B	2	88	6ef5c095b9a44f4001c8185373e08a8d98a7468240ffdb2b238f8133f8ed00de	0	0	full_sequence	1	0	/storage9920/home/tinghao.xia/Data_FM/RNA_FM_embeddings/3OXM/rnafm_t12_residue_embeddings.pt
3P22	0	A	A	1	40	ff4200e9f4cf407528a6939502617d0f877519c10b0217f21c41a875408ce5d4	0	0	full_sequence	1	0	/storage9920/home/tinghao.xia/Data_FM/RNA_FM_embeddings/3P22/rnafm_t12_residue_embeddings.pt
3P22	1	C	B	1	40	ff4200e9f4cf407528a6939502617d0f877519c10b0217f21c41a875408ce5d4	0	0	full_sequence	1	0	/storage9920/home/tinghao.xia/Data_FM/RNA_FM_embeddings/3P22/rnafm_t12_residue_embeddings.pt
3P22	2	E	C	1	40	ff4200e9f4cf407528a6939502617d0f877519c10b0217f21c41a875408ce5d4	0	0	full_sequence	1	0	/storage9920/home/tinghao.xia/Data_FM/RNA_FM_embeddings/3P22/rnafm_t12_residue_embeddings.pt
3P22	3	G	D	1	40	ff4200e9f4cf407528a6939502617d0f877519c10b0217f21c41a875408ce5d4	0	0	full_sequence	1	0	/storage9920/home/tinghao.xia/Data_FM/RNA_FM_embeddings/3P22/rnafm_t12_residue_embeddings.pt
3P22	4	B	E	2	9	e5f9176ecd90317cf2d4673926c9db65475b0b58e7f468586ddaef280a98cdbd	0	0	full_sequence	1	0	/storage9920/home/tinghao.xia/Data_FM/RNA_FM_embeddings/3P22/rnafm_t12_residue_embeddings.pt
3P22	5	D	F	2	9	e5f9176ecd90317cf2d4673926c9db65475b0b58e7f468586ddaef280a98cdbd	0	0	full_sequence	1	0	/storage9920/home/tinghao.xia/Data_FM/RNA_FM_embeddings/3P22/rnafm_t12_residue_embeddings.pt
3P22	6	F	G	2	9	e5f9176ecd90317cf2d4673926c9db65475b0b58e7f468586ddaef280a98cdbd	0	0	full_sequence	1	0	/storage9920/home/tinghao.xia/Data_FM/RNA_FM_embeddings/3P22/rnafm_t12_residue_embeddings.pt
3P22	7	H	H	2	9	e5f9176ecd90317cf2d4673926c9db65475b0b58e7f468586ddaef280a98cdbd	0	0	full_sequence	1	0	/storage9920/home/tinghao.xia/Data_FM/RNA_FM_embeddings/3P22/rnafm_t12_residue_embeddings.pt
3P4A	0	A	A	1	8	eb4c8e0d461fa8e36c9c730f81177b6ea6c3b21cef81ceca1fa102a3e43fea20	6	6	full_sequence	1	0	/storage9920/home/tinghao.xia/Data_FM/RNA_FM_embeddings/3P4A/rnafm_t12_residue_embeddings.pt
3P4A	1	B	B	1	8	eb4c8e0d461fa8e36c9c730f81177b6ea6c3b21cef81ceca1fa102a3e43fea20	6	6	full_sequence	1	0	/storage9920/home/tinghao.xia/Data_FM/RNA_FM_embeddings/3P4A/rnafm_t12_residue_embeddings.pt
3P4A	2	C	C	1	8	eb4c8e0d461fa8e36c9c730f81177b6ea6c3b21cef81ceca1fa102a3e43fea20	6	6	full_sequence	1	0	/storage9920/home/tinghao.xia/Data_FM/RNA_FM_embeddings/3P4A/rnafm_t12_residue_embeddings.pt
3P4A	3	D	D	1	8	eb4c8e0d461fa8e36c9c730f81177b6ea6c3b21cef81ceca1fa102a3e43fea20	6	6	full_sequence	1	0	/storage9920/home/tinghao.xia/Data_FM/RNA_FM_embeddings/3P4A/rnafm_t12_residue_embeddings.pt
3P4A	4	E	E	1	8	eb4c8e0d461fa8e36c9c730f81177b6ea6c3b21cef81ceca1fa102a3e43fea20	6	6	full_sequence	1	0	/storage9920/home/tinghao.xia/Data_FM/RNA_FM_embeddings/3P4A/rnafm_t12_residue_embeddings.pt
3P4A	5	F	F	1	8	eb4c8e0d461fa8e36c9c730f81177b6ea6c3b21cef81ceca1fa102a3e43fea20	6	6	full_sequence	1	0	/storage9920/home/tinghao.xia/Data_FM/RNA_FM_embeddings/3P4A/rnafm_t12_residue_embeddings.pt
3P4B	0	A	A	1	8	6dd0aef6dc8092401e6d74e5230964f1fa888b7abf6594b6cc1f55377b892abe	3	3	full_sequence	1	0	/storage9920/home/tinghao.xia/Data_FM/RNA_FM_embeddings/3P4B/rnafm_t12_residue_embeddings.pt
3P4B	1	B	B	1	8	6dd0aef6dc8092401e6d74e5230964f1fa888b7abf6594b6cc1f55377b892abe	3	3	full_sequence	1	0	/storage9920/home/tinghao.xia/Data_FM/RNA_FM_embeddings/3P4B/rnafm_t12_residue_embeddings.pt
3P4B	2	C	C	1	8	6dd0aef6dc8092401e6d74e5230964f1fa888b7abf6594b6cc1f55377b892abe	3	3	full_sequence	1	0	/storage9920/home/tinghao.xia/Data_FM/RNA_FM_embeddings/3P4B/rnafm_t12_residue_embeddings.pt
3P4B	3	D	D	1	8	6dd0aef6dc8092401e6d74e5230964f1fa888b7abf6594b6cc1f55377b892abe	3	3	full_sequence	1	0	/storage9920/home/tinghao.xia/Data_FM/RNA_FM_embeddings/3P4B/rnafm_t12_residue_embeddings.pt
3P4B	4	E	E	1	8	6dd0aef6dc8092401e6d74e5230964f1fa888b7abf6594b6cc1f55377b892abe	3	3	full_sequence	1	0	/storage9920/home/tinghao.xia/Data_FM/RNA_FM_embeddings/3P4B/rnafm_t12_residue_embeddings.pt
3P4B	5	F	F	1	8	6dd0aef6dc8092401e6d74e5230964f1fa888b7abf6594b6cc1f55377b892abe	3	3	full_sequence	1	0	/storage9920/home/tinghao.xia/Data_FM/RNA_FM_embeddings/3P4B/rnafm_t12_residue_embeddings.pt
3P4C	0	A	A	1	8	6dd0aef6dc8092401e6d74e5230964f1fa888b7abf6594b6cc1f55377b892abe	3	3	full_sequence	1	0	/storage9920/home/tinghao.xia/Data_FM/RNA_FM_embeddings/3P4C/rnafm_t12_residue_embeddings.pt
3P4C	1	B	B	1	8	6dd0aef6dc8092401e6d74e5230964f1fa888b7abf6594b6cc1f55377b892abe	3	3	full_sequence	1	0	/storage9920/home/tinghao.xia/Data_FM/RNA_FM_embeddings/3P4C/rnafm_t12_residue_embeddings.pt
3P4D	0	A	A	1	8	69dad4181c8317f3b9843bb3f0f89c6765635181bb1abab40b32fd713af0f387	4	4	full_sequence	1	0	/storage9920/home/tinghao.xia/Data_FM/RNA_FM_embeddings/3P4D/rnafm_t12_residue_embeddings.pt
3P4D	1	B	B	1	8	69dad4181c8317f3b9843bb3f0f89c6765635181bb1abab40b32fd713af0f387	4	4	full_sequence	1	0	/storage9920/home/tinghao.xia/Data_FM/RNA_FM_embeddings/3P4D/rnafm_t12_residue_embeddings.pt
3P59	0	A	A	1	15	5e039f81b5e1086f12cb332ee809f81c45bd9240bc51c427ea7b3012435f9357	0	0	full_sequence	1	0	/storage9920/home/tinghao.xia/Data_FM/RNA_FM_embeddings/3P59/rnafm_t12_residue_embeddings.pt
3P59	1	C	B	1	15	5e039f81b5e1086f12cb332ee809f81c45bd9240bc51c427ea7b3012435f9357	0	0	full_sequence	1	0	/storage9920/home/tinghao.xia/Data_FM/RNA_FM_embeddings/3P59/rnafm_t12_residue_embeddings.pt
3P59	2	E	C	1	15	5e039f81b5e1086f12cb332ee809f81c45bd9240bc51c427ea7b3012435f9357	0	0	full_sequence	1	0	/storage9920/home/tinghao.xia/Data_FM/RNA_FM_embeddings/3P59/rnafm_t12_residue_embeddings.pt
3P59	3	G	D	1	15	5e039f81b5e1086f12cb332ee809f81c45bd9240bc51c427ea7b3012435f9357	0	0	full_sequence	1	0	/storage9920/home/tinghao.xia/Data_FM/RNA_FM_embeddings/3P59/rnafm_t12_residue_embeddings.pt
3P59	4	B	E	2	10	e9b2bb9ef40206fd58aaefb767601ede26a886a9f5394a40a0340051139c8d26	0	0	full_sequence	1	0	/storage9920/home/tinghao.xia/Data_FM/RNA_FM_embeddings/3P59/rnafm_t12_residue_embeddings.pt
3P59	5	D	F	2	10	e9b2bb9ef40206fd58aaefb767601ede26a886a9f5394a40a0340051139c8d26	0	0	full_sequence	1	0	/storage9920/home/tinghao.xia/Data_FM/RNA_FM_embeddings/3P59/rnafm_t12_residue_embeddings.pt
3P59	6	F	G	2	10	e9b2bb9ef40206fd58aaefb767601ede26a886a9f5394a40a0340051139c8d26	0	0	full_sequence	1	0	/storage9920/home/tinghao.xia/Data_FM/RNA_FM_embeddings/3P59/rnafm_t12_residue_embeddings.pt
3P59	7	H	H	2	10	e9b2bb9ef40206fd58aaefb767601ede26a886a9f5394a40a0340051139c8d26	0	0	full_sequence	1	0	/storage9920/home/tinghao.xia/Data_FM/RNA_FM_embeddings/3P59/rnafm_t12_residue_embeddings.pt
3PDR	0	X	A	1	161	d87aaaeb7468b93dc1c31e378c6da59fe1665579564c2aa3c021905109cccecc	0	0	full_sequence	1	0	/storage9920/home/tinghao.xia/Data_FM/RNA_FM_embeddings/3PDR/rnafm_t12_residue_embeddings.pt
3PDR	1	A	B	1	161	d87aaaeb7468b93dc1c31e378c6da59fe1665579564c2aa3c021905109cccecc	0	0	full_sequence	1	0	/storage9920/home/tinghao.xia/Data_FM/RNA_FM_embeddings/3PDR/rnafm_t12_residue_embeddings.pt
3PHP	0	A	A	1	23	261b0fa4e3a6c14eaf25dd59b3d80d0e3ea291a02f8b1ebc4ebeb40746c0f127	0	0	full_sequence	1	0	/storage9920/home/tinghao.xia/Data_FM/RNA_FM_embeddings/3PHP/rnafm_t12_residue_embeddings.pt
3Q3Z	0	V	A	1	75	92a8766ebb8afb3dfe47afaf4496afcfcb0527e45d108434ef158435153384f5	0	0	full_sequence	1	0	/storage9920/home/tinghao.xia/Data_FM/RNA_FM_embeddings/3Q3Z/rnafm_t12_residue_embeddings.pt
3Q3Z	1	A	B	1	75	92a8766ebb8afb3dfe47afaf4496afcfcb0527e45d108434ef158435153384f5	0	0	full_sequence	1	0	/storage9920/home/tinghao.xia/Data_FM/RNA_FM_embeddings/3Q3Z/rnafm_t12_residue_embeddings.pt
3Q50	0	A	A	1	33	74587d4e5f92cb8e93340faef67356fa1592fa31850000046a6554e92de644d8	0	0	full_sequence	1	0	/storage9920/home/tinghao.xia/Data_FM/RNA_FM_embeddings/3Q50/rnafm_t12_residue_embeddings.pt
3Q51	0	A	A	1	33	74587d4e5f92cb8e93340faef67356fa1592fa31850000046a6554e92de644d8	0	0	full_sequence	1	0	/storage9920/home/tinghao.xia/Data_FM/RNA_FM_embeddings/3Q51/rnafm_t12_residue_embeddings.pt
3R1C	0	A	A	1	8	531ebd287bce9ea8e3d5d36a61221447166f1f137a339003507a44e86f4eb42e	0	0	full_sequence	1	0	/storage9920/home/tinghao.xia/Data_FM/RNA_FM_embeddings/3R1C/rnafm_t12_residue_embeddings.pt
3R1C	1	B	B	1	8	531ebd287bce9ea8e3d5d36a61221447166f1f137a339003507a44e86f4eb42e	0	0	full_sequence	1	0	/storage9920/home/tinghao.xia/Data_FM/RNA_FM_embeddings/3R1C/rnafm_t12_residue_embeddings.pt
3R1C	2	C	C	1	8	531ebd287bce9ea8e3d5d36a61221447166f1f137a339003507a44e86f4eb42e	0	0	full_sequence	1	0	/storage9920/home/tinghao.xia/Data_FM/RNA_FM_embeddings/3R1C/rnafm_t12_residue_embeddings.pt
3R1C	3	D	D	1	8	531ebd287bce9ea8e3d5d36a61221447166f1f137a339003507a44e86f4eb42e	0	0	full_sequence	1	0	/storage9920/home/tinghao.xia/Data_FM/RNA_FM_embeddings/3R1C/rnafm_t12_residue_embeddings.pt
3R1C	4	E	E	1	8	531ebd287bce9ea8e3d5d36a61221447166f1f137a339003507a44e86f4eb42e	0	0	full_sequence	1	0	/storage9920/home/tinghao.xia/Data_FM/RNA_FM_embeddings/3R1C/rnafm_t12_residue_embeddings.pt
3R1C	5	F	F	1	8	531ebd287bce9ea8e3d5d36a61221447166f1f137a339003507a44e86f4eb42e	0	0	full_sequence	1	0	/storage9920/home/tinghao.xia/Data_FM/RNA_FM_embeddings/3R1C/rnafm_t12_residue_embeddings.pt
3R1C	6	G	G	1	8	531ebd287bce9ea8e3d5d36a61221447166f1f137a339003507a44e86f4eb42e	0	0	full_sequence	1	0	/storage9920/home/tinghao.xia/Data_FM/RNA_FM_embeddings/3R1C/rnafm_t12_residue_embeddings.pt
3R1C	7	H	H	1	8	531ebd287bce9ea8e3d5d36a61221447166f1f137a339003507a44e86f4eb42e	0	0	full_sequence	1	0	/storage9920/home/tinghao.xia/Data_FM/RNA_FM_embeddings/3R1C/rnafm_t12_residue_embeddings.pt
3R1C	8	I	I	1	8	531ebd287bce9ea8e3d5d36a61221447166f1f137a339003507a44e86f4eb42e	0	0	full_sequence	1	0	/storage9920/home/tinghao.xia/Data_FM/RNA_FM_embeddings/3R1C/rnafm_t12_residue_embeddings.pt
3R1C	9	J	J	1	8	531ebd287bce9ea8e3d5d36a61221447166f1f137a339003507a44e86f4eb42e	0	0	full_sequence	1	0	/storage9920/home/tinghao.xia/Data_FM/RNA_FM_embeddings/3R1C/rnafm_t12_residue_embeddings.pt
3R1C	10	K	K	1	8	531ebd287bce9ea8e3d5d36a61221447166f1f137a339003507a44e86f4eb42e	0	0	full_sequence	1	0	/storage9920/home/tinghao.xia/Data_FM/RNA_FM_embeddings/3R1C/rnafm_t12_residue_embeddings.pt
3R1C	11	L	L	1	8	531ebd287bce9ea8e3d5d36a61221447166f1f137a339003507a44e86f4eb42e	0	0	full_sequence	1	0	/storage9920/home/tinghao.xia/Data_FM/RNA_FM_embeddings/3R1C/rnafm_t12_residue_embeddings.pt
3R1C	12	M	M	1	8	531ebd287bce9ea8e3d5d36a61221447166f1f137a339003507a44e86f4eb42e	0	0	full_sequence	1	0	/storage9920/home/tinghao.xia/Data_FM/RNA_FM_embeddings/3R1C/rnafm_t12_residue_embeddings.pt
3R1C	13	N	N	1	8	531ebd287bce9ea8e3d5d36a61221447166f1f137a339003507a44e86f4eb42e	0	0	full_sequence	1	0	/storage9920/home/tinghao.xia/Data_FM/RNA_FM_embeddings/3R1C/rnafm_t12_residue_embeddings.pt
3R1C	14	O	O	1	8	531ebd287bce9ea8e3d5d36a61221447166f1f137a339003507a44e86f4eb42e	0	0	full_sequence	1	0	/storage9920/home/tinghao.xia/Data_FM/RNA_FM_embeddings/3R1C/rnafm_t12_residue_embeddings.pt
3R1C	15	P	P	1	8	531ebd287bce9ea8e3d5d36a61221447166f1f137a339003507a44e86f4eb42e	0	0	full_sequence	1	0	/storage9920/home/tinghao.xia/Data_FM/RNA_FM_embeddings/3R1C/rnafm_t12_residue_embeddings.pt
3R1C	16	Q	Q	1	8	531ebd287bce9ea8e3d5d36a61221447166f1f137a339003507a44e86f4eb42e	0	0	full_sequence	1	0	/storage9920/home/tinghao.xia/Data_FM/RNA_FM_embeddings/3R1C/rnafm_t12_residue_embeddings.pt
3R1C	17	R	R	1	8	531ebd287bce9ea8e3d5d36a61221447166f1f137a339003507a44e86f4eb42e	0	0	full_sequence	1	0	/storage9920/home/tinghao.xia/Data_FM/RNA_FM_embeddings/3R1C/rnafm_t12_residue_embeddings.pt
3R1C	18	S	S	1	8	531ebd287bce9ea8e3d5d36a61221447166f1f137a339003507a44e86f4eb42e	0	0	full_sequence	1	0	/storage9920/home/tinghao.xia/Data_FM/RNA_FM_embeddings/3R1C/rnafm_t12_residue_embeddings.pt
3R1C	19	Y	T	1	8	531ebd287bce9ea8e3d5d36a61221447166f1f137a339003507a44e86f4eb42e	0	0	full_sequence	1	0	/storage9920/home/tinghao.xia/Data_FM/RNA_FM_embeddings/3R1C/rnafm_t12_residue_embeddings.pt
3R1C	20	T	U	1	8	531ebd287bce9ea8e3d5d36a61221447166f1f137a339003507a44e86f4eb42e	0	0	full_sequence	1	0	/storage9920/home/tinghao.xia/Data_FM/RNA_FM_embeddings/3R1C/rnafm_t12_residue_embeddings.pt
3R1C	21	U	V	1	8	531ebd287bce9ea8e3d5d36a61221447166f1f137a339003507a44e86f4eb42e	0	0	full_sequence	1	0	/storage9920/home/tinghao.xia/Data_FM/RNA_FM_embeddings/3R1C/rnafm_t12_residue_embeddings.pt
3R1C	22	W	W	1	8	531ebd287bce9ea8e3d5d36a61221447166f1f137a339003507a44e86f4eb42e	0	0	full_sequence	1	0	/storage9920/home/tinghao.xia/Data_FM/RNA_FM_embeddings/3R1C/rnafm_t12_residue_embeddings.pt
3R1C	23	X	X	1	8	531ebd287bce9ea8e3d5d36a61221447166f1f137a339003507a44e86f4eb42e	0	0	full_sequence	1	0	/storage9920/home/tinghao.xia/Data_FM/RNA_FM_embeddings/3R1C/rnafm_t12_residue_embeddings.pt
3R1C	24	V	Y	1	8	531ebd287bce9ea8e3d5d36a61221447166f1f137a339003507a44e86f4eb42e	0	0	full_sequence	1	0	/storage9920/home/tinghao.xia/Data_FM/RNA_FM_embeddings/3R1C/rnafm_t12_residue_embeddings.pt
3R1C	25	Z	Z	1	8	531ebd287bce9ea8e3d5d36a61221447166f1f137a339003507a44e86f4eb42e	0	0	full_sequence	1	0	/storage9920/home/tinghao.xia/Data_FM/RNA_FM_embeddings/3R1C/rnafm_t12_residue_embeddings.pt
3R1C	26	a	AA	1	8	531ebd287bce9ea8e3d5d36a61221447166f1f137a339003507a44e86f4eb42e	0	0	full_sequence	1	0	/storage9920/home/tinghao.xia/Data_FM/RNA_FM_embeddings/3R1C/rnafm_t12_residue_embeddings.pt
3R1C	27	b	AB	1	8	531ebd287bce9ea8e3d5d36a61221447166f1f137a339003507a44e86f4eb42e	0	0	full_sequence	1	0	/storage9920/home/tinghao.xia/Data_FM/RNA_FM_embeddings/3R1C/rnafm_t12_residue_embeddings.pt
3R1C	28	c	AC	1	8	531ebd287bce9ea8e3d5d36a61221447166f1f137a339003507a44e86f4eb42e	0	0	full_sequence	1	0	/storage9920/home/tinghao.xia/Data_FM/RNA_FM_embeddings/3R1C/rnafm_t12_residue_embeddings.pt
3R1C	29	d	AD	1	8	531ebd287bce9ea8e3d5d36a61221447166f1f137a339003507a44e86f4eb42e	0	0	full_sequence	1	0	/storage9920/home/tinghao.xia/Data_FM/RNA_FM_embeddings/3R1C/rnafm_t12_residue_embeddings.pt
3R1C	30	e	AE	1	8	531ebd287bce9ea8e3d5d36a61221447166f1f137a339003507a44e86f4eb42e	0	0	full_sequence	1	0	/storage9920/home/tinghao.xia/Data_FM/RNA_FM_embeddings/3R1C/rnafm_t12_residue_embeddings.pt
3R1C	31	f	AF	1	8	531ebd287bce9ea8e3d5d36a61221447166f1f137a339003507a44e86f4eb42e	0	0	full_sequence	1	0	/storage9920/home/tinghao.xia/Data_FM/RNA_FM_embeddings/3R1C/rnafm_t12_residue_embeddings.pt
3R1C	32	g	AG	1	8	531ebd287bce9ea8e3d5d36a61221447166f1f137a339003507a44e86f4eb42e	0	0	full_sequence	1	0	/storage9920/home/tinghao.xia/Data_FM/RNA_FM_embeddings/3R1C/rnafm_t12_residue_embeddings.pt
3R1C	33	h	AH	1	8	531ebd287bce9ea8e3d5d36a61221447166f1f137a339003507a44e86f4eb42e	0	0	full_sequence	1	0	/storage9920/home/tinghao.xia/Data_FM/RNA_FM_embeddings/3R1C/rnafm_t12_residue_embeddings.pt
3R1C	34	i	AI	1	8	531ebd287bce9ea8e3d5d36a61221447166f1f137a339003507a44e86f4eb42e	0	0	full_sequence	1	0	/storage9920/home/tinghao.xia/Data_FM/RNA_FM_embeddings/3R1C/rnafm_t12_residue_embeddings.pt
3R1C	35	j	AJ	1	8	531ebd287bce9ea8e3d5d36a61221447166f1f137a339003507a44e86f4eb42e	0	0	full_sequence	1	0	/storage9920/home/tinghao.xia/Data_FM/RNA_FM_embeddings/3R1C/rnafm_t12_residue_embeddings.pt
3R1D	0	A	A	1	11	05734990534463efc69a38edacb391877338c140bb90071a6c3f997061dbb6d1	1	1	full_sequence	1	0	/storage9920/home/tinghao.xia/Data_FM/RNA_FM_embeddings/3R1D/rnafm_t12_residue_embeddings.pt
3R1D	1	B	B	1	11	05734990534463efc69a38edacb391877338c140bb90071a6c3f997061dbb6d1	1	1	full_sequence	1	0	/storage9920/home/tinghao.xia/Data_FM/RNA_FM_embeddings/3R1D/rnafm_t12_residue_embeddings.pt
3R1D	2	C	C	1	11	05734990534463efc69a38edacb391877338c140bb90071a6c3f997061dbb6d1	1	1	full_sequence	1	0	/storage9920/home/tinghao.xia/Data_FM/RNA_FM_embeddings/3R1D/rnafm_t12_residue_embeddings.pt
3R1D	3	D	D	1	11	05734990534463efc69a38edacb391877338c140bb90071a6c3f997061dbb6d1	1	1	full_sequence	1	0	/storage9920/home/tinghao.xia/Data_FM/RNA_FM_embeddings/3R1D/rnafm_t12_residue_embeddings.pt
3R1D	4	E	E	1	11	05734990534463efc69a38edacb391877338c140bb90071a6c3f997061dbb6d1	1	1	full_sequence	1	0	/storage9920/home/tinghao.xia/Data_FM/RNA_FM_embeddings/3R1D/rnafm_t12_residue_embeddings.pt
3R1E	0	A	A	1	8	bcc25301cd6e194d2e5f84a326dab9d680d05fba814b0b77710c9daf9cb0c220	1	1	full_sequence	1	0	/storage9920/home/tinghao.xia/Data_FM/RNA_FM_embeddings/3R1E/rnafm_t12_residue_embeddings.pt
3R1E	1	B	B	1	8	bcc25301cd6e194d2e5f84a326dab9d680d05fba814b0b77710c9daf9cb0c220	1	1	full_sequence	1	0	/storage9920/home/tinghao.xia/Data_FM/RNA_FM_embeddings/3R1E/rnafm_t12_residue_embeddings.pt
3R4F	0	A	A	1	66	5d1aa3dc59872e90092ae808c12e3964481c7e253dfc5477efd88df67c8435af	0	0	full_sequence	1	0	/storage9920/home/tinghao.xia/Data_FM/RNA_FM_embeddings/3R4F/rnafm_t12_residue_embeddings.pt
3RG5	0	A	A	1	86	d8ef19281939da238a7efc622772e6f39ebec37032f95bbb804696c8a765b425	0	0	full_sequence	1	0	/storage9920/home/tinghao.xia/Data_FM/RNA_FM_embeddings/3RG5/rnafm_t12_residue_embeddings.pt
3RG5	1	B	B	1	86	d8ef19281939da238a7efc622772e6f39ebec37032f95bbb804696c8a765b425	0	0	full_sequence	1	0	/storage9920/home/tinghao.xia/Data_FM/RNA_FM_embeddings/3RG5/rnafm_t12_residue_embeddings.pt
3RKF	0	A	A	1	67	74f7da87ee4eaf84689864d7063ca5341b9d7474c92671bf6eae5e62e8711e34	0	0	full_sequence	1	0	/storage9920/home/tinghao.xia/Data_FM/RNA_FM_embeddings/3RKF/rnafm_t12_residue_embeddings.pt
3RKF	1	B	B	1	67	74f7da87ee4eaf84689864d7063ca5341b9d7474c92671bf6eae5e62e8711e34	0	0	full_sequence	1	0	/storage9920/home/tinghao.xia/Data_FM/RNA_FM_embeddings/3RKF/rnafm_t12_residue_embeddings.pt
3RKF	2	C	C	1	67	74f7da87ee4eaf84689864d7063ca5341b9d7474c92671bf6eae5e62e8711e34	0	0	full_sequence	1	0	/storage9920/home/tinghao.xia/Data_FM/RNA_FM_embeddings/3RKF/rnafm_t12_residue_embeddings.pt
3RKF	3	D	D	1	67	74f7da87ee4eaf84689864d7063ca5341b9d7474c92671bf6eae5e62e8711e34	0	0	full_sequence	1	0	/storage9920/home/tinghao.xia/Data_FM/RNA_FM_embeddings/3RKF/rnafm_t12_residue_embeddings.pt
3S49	0	A	A	1	8	0761a90c759a3738899f2e2171e74a2688e0a51353883b026b45f892d3114cda	1	1	full_sequence	1	0	/storage9920/home/tinghao.xia/Data_FM/RNA_FM_embeddings/3S49/rnafm_t12_residue_embeddings.pt
3S49	1	B	B	1	8	0761a90c759a3738899f2e2171e74a2688e0a51353883b026b45f892d3114cda	1	1	full_sequence	1	0	/storage9920/home/tinghao.xia/Data_FM/RNA_FM_embeddings/3S49/rnafm_t12_residue_embeddings.pt
3S49	2	C	C	1	8	0761a90c759a3738899f2e2171e74a2688e0a51353883b026b45f892d3114cda	1	1	full_sequence	1	0	/storage9920/home/tinghao.xia/Data_FM/RNA_FM_embeddings/3S49/rnafm_t12_residue_embeddings.pt
3S49	3	D	D	1	8	0761a90c759a3738899f2e2171e74a2688e0a51353883b026b45f892d3114cda	1	1	full_sequence	1	0	/storage9920/home/tinghao.xia/Data_FM/RNA_FM_embeddings/3S49/rnafm_t12_residue_embeddings.pt
3S49	4	E	E	1	8	0761a90c759a3738899f2e2171e74a2688e0a51353883b026b45f892d3114cda	1	1	full_sequence	1	0	/storage9920/home/tinghao.xia/Data_FM/RNA_FM_embeddings/3S49/rnafm_t12_residue_embeddings.pt
3S49	5	F	F	1	8	0761a90c759a3738899f2e2171e74a2688e0a51353883b026b45f892d3114cda	1	1	full_sequence	1	0	/storage9920/home/tinghao.xia/Data_FM/RNA_FM_embeddings/3S49/rnafm_t12_residue_embeddings.pt
3S49	6	G	G	1	8	0761a90c759a3738899f2e2171e74a2688e0a51353883b026b45f892d3114cda	1	1	full_sequence	1	0	/storage9920/home/tinghao.xia/Data_FM/RNA_FM_embeddings/3S49/rnafm_t12_residue_embeddings.pt
3S4P	0	A	A	1	21	aba75d864907ff836db14f0357625cec15b219f2a47cb6dc10a06ea0c187dcf0	0	0	full_sequence	1	0	/storage9920/home/tinghao.xia/Data_FM/RNA_FM_embeddings/3S4P/rnafm_t12_residue_embeddings.pt
3S4P	1	B	B	1	21	aba75d864907ff836db14f0357625cec15b219f2a47cb6dc10a06ea0c187dcf0	0	0	full_sequence	1	0	/storage9920/home/tinghao.xia/Data_FM/RNA_FM_embeddings/3S4P/rnafm_t12_residue_embeddings.pt
3S7C	0	A	A	1	27	d96c5c0e59cabd27c0d3539be7f18a02e79a86b3104a36c5e889db1db680c9ed	1	1	full_sequence	1	0	/storage9920/home/tinghao.xia/Data_FM/RNA_FM_embeddings/3S7C/rnafm_t12_residue_embeddings.pt
3S8U	0	A	A	1	27	c6c82109cb1f7e311a94a80afa0a541adba083b13fb2c59a4e9fc0db5d765afc	1	1	full_sequence	1	0	/storage9920/home/tinghao.xia/Data_FM/RNA_FM_embeddings/3S8U/rnafm_t12_residue_embeddings.pt
3SD3	0	A	A	1	89	831bf0accb57ada5d69b5d13cecec48343d95e89ab8c6ae302a063904cd760e7	0	0	full_sequence	1	0	/storage9920/home/tinghao.xia/Data_FM/RNA_FM_embeddings/3SD3/rnafm_t12_residue_embeddings.pt
3SJ2	0	A	A	1	19	9a9c031d658ab9a672669a0f13fe7fe465fa0cb33c5426a286e9d80d0be668a6	0	0	full_sequence	1	0	/storage9920/home/tinghao.xia/Data_FM/RNA_FM_embeddings/3SJ2/rnafm_t12_residue_embeddings.pt
3SJ2	1	B	B	2	17	1d138af1049ff995fc45c7bb60b2ce0a7cd7cb6ed139ba077a34eccb4b643132	0	0	full_sequence	1	0	/storage9920/home/tinghao.xia/Data_FM/RNA_FM_embeddings/3SJ2/rnafm_t12_residue_embeddings.pt
3SKI	0	A	A	1	68	bb934d2450bdcc9fc12a30f56947d04587172aedbd61655624ce028acf582151	0	0	full_sequence	1	0	/storage9920/home/tinghao.xia/Data_FM/RNA_FM_embeddings/3SKI/rnafm_t12_residue_embeddings.pt
3SKI	1	B	B	2	68	bb934d2450bdcc9fc12a30f56947d04587172aedbd61655624ce028acf582151	0	0	full_sequence	1	0	/storage9920/home/tinghao.xia/Data_FM/RNA_FM_embeddings/3SKI/rnafm_t12_residue_embeddings.pt
3SKL	0	A	A	1	66	2c4731e3fe65d100d8d0360152f88c97e05b783d54da8774696c157e13412182	0	0	full_sequence	1	0	/storage9920/home/tinghao.xia/Data_FM/RNA_FM_embeddings/3SKL/rnafm_t12_residue_embeddings.pt
3SKL	1	B	B	1	66	2c4731e3fe65d100d8d0360152f88c97e05b783d54da8774696c157e13412182	0	0	full_sequence	1	0	/storage9920/home/tinghao.xia/Data_FM/RNA_FM_embeddings/3SKL/rnafm_t12_residue_embeddings.pt
3SKR	0	A	A	1	66	2c4731e3fe65d100d8d0360152f88c97e05b783d54da8774696c157e13412182	0	0	full_sequence	1	0	/storage9920/home/tinghao.xia/Data_FM/RNA_FM_embeddings/3SKR/rnafm_t12_residue_embeddings.pt
3SKR	1	B	B	1	66	2c4731e3fe65d100d8d0360152f88c97e05b783d54da8774696c157e13412182	0	0	full_sequence	1	0	/storage9920/home/tinghao.xia/Data_FM/RNA_FM_embeddings/3SKR/rnafm_t12_residue_embeddings.pt
3SKT	0	A	A	1	66	2c4731e3fe65d100d8d0360152f88c97e05b783d54da8774696c157e13412182	0	0	full_sequence	1	0	/storage9920/home/tinghao.xia/Data_FM/RNA_FM_embeddings/3SKT/rnafm_t12_residue_embeddings.pt
3SKT	1	B	B	1	66	2c4731e3fe65d100d8d0360152f88c97e05b783d54da8774696c157e13412182	0	0	full_sequence	1	0	/storage9920/home/tinghao.xia/Data_FM/RNA_FM_embeddings/3SKT/rnafm_t12_residue_embeddings.pt
3SKW	0	A	A	1	66	2c4731e3fe65d100d8d0360152f88c97e05b783d54da8774696c157e13412182	0	0	full_sequence	1	0	/storage9920/home/tinghao.xia/Data_FM/RNA_FM_embeddings/3SKW/rnafm_t12_residue_embeddings.pt
3SKW	1	B	B	1	66	2c4731e3fe65d100d8d0360152f88c97e05b783d54da8774696c157e13412182	0	0	full_sequence	1	0	/storage9920/home/tinghao.xia/Data_FM/RNA_FM_embeddings/3SKW/rnafm_t12_residue_embeddings.pt
3SKZ	0	A	A	1	68	bb934d2450bdcc9fc12a30f56947d04587172aedbd61655624ce028acf582151	0	0	full_sequence	1	0	/storage9920/home/tinghao.xia/Data_FM/RNA_FM_embeddings/3SKZ/rnafm_t12_residue_embeddings.pt
3SKZ	1	B	B	1	68	bb934d2450bdcc9fc12a30f56947d04587172aedbd61655624ce028acf582151	0	0	full_sequence	1	0	/storage9920/home/tinghao.xia/Data_FM/RNA_FM_embeddings/3SKZ/rnafm_t12_residue_embeddings.pt
3SLM	0	A	A	1	68	bb934d2450bdcc9fc12a30f56947d04587172aedbd61655624ce028acf582151	0	0	full_sequence	1	0	/storage9920/home/tinghao.xia/Data_FM/RNA_FM_embeddings/3SLM/rnafm_t12_residue_embeddings.pt
3SLM	1	B	B	1	68	bb934d2450bdcc9fc12a30f56947d04587172aedbd61655624ce028acf582151	0	0	full_sequence	1	0	/storage9920/home/tinghao.xia/Data_FM/RNA_FM_embeddings/3SLM/rnafm_t12_residue_embeddings.pt
3SLQ	0	A	A	1	68	bb934d2450bdcc9fc12a30f56947d04587172aedbd61655624ce028acf582151	0	0	full_sequence	1	0	/storage9920/home/tinghao.xia/Data_FM/RNA_FM_embeddings/3SLQ/rnafm_t12_residue_embeddings.pt
3SLQ	1	B	B	1	68	bb934d2450bdcc9fc12a30f56947d04587172aedbd61655624ce028acf582151	0	0	full_sequence	1	0	/storage9920/home/tinghao.xia/Data_FM/RNA_FM_embeddings/3SLQ/rnafm_t12_residue_embeddings.pt
3SUH	0	X	A	1	101	02c8c948a6c9bb5f6ce7762fdefdec4016519193508974188646cacea8f66bac	0	0	full_sequence	1	0	/storage9920/home/tinghao.xia/Data_FM/RNA_FM_embeddings/3SUH/rnafm_t12_residue_embeddings.pt
3SUX	0	X	A	1	101	02c8c948a6c9bb5f6ce7762fdefdec4016519193508974188646cacea8f66bac	0	0	full_sequence	1	0	/storage9920/home/tinghao.xia/Data_FM/RNA_FM_embeddings/3SUX/rnafm_t12_residue_embeddings.pt
3SUY	0	X	A	1	101	02c8c948a6c9bb5f6ce7762fdefdec4016519193508974188646cacea8f66bac	0	0	full_sequence	1	0	/storage9920/home/tinghao.xia/Data_FM/RNA_FM_embeddings/3SUY/rnafm_t12_residue_embeddings.pt
3SYW	0	A	A	1	19	effcbbb3eebdfc9b9905942bd158d384fbbec3f1db5280e370997acc87b4f710	0	0	full_sequence	1	0	/storage9920/home/tinghao.xia/Data_FM/RNA_FM_embeddings/3SYW/rnafm_t12_residue_embeddings.pt
3SYW	1	B	B	1	19	effcbbb3eebdfc9b9905942bd158d384fbbec3f1db5280e370997acc87b4f710	0	0	full_sequence	1	0	/storage9920/home/tinghao.xia/Data_FM/RNA_FM_embeddings/3SYW/rnafm_t12_residue_embeddings.pt
3SZX	0	A	A	1	19	effcbbb3eebdfc9b9905942bd158d384fbbec3f1db5280e370997acc87b4f710	0	0	full_sequence	1	0	/storage9920/home/tinghao.xia/Data_FM/RNA_FM_embeddings/3SZX/rnafm_t12_residue_embeddings.pt
3SZX	1	B	B	1	19	effcbbb3eebdfc9b9905942bd158d384fbbec3f1db5280e370997acc87b4f710	0	0	full_sequence	1	0	/storage9920/home/tinghao.xia/Data_FM/RNA_FM_embeddings/3SZX/rnafm_t12_residue_embeddings.pt
3T4B	0	A	A	1	84	22d283a5bf82d70288ba339103f24c23d331cdca73053e8e877ddd8802689b8a	0	0	full_sequence	1	0	/storage9920/home/tinghao.xia/Data_FM/RNA_FM_embeddings/3T4B/rnafm_t12_residue_embeddings.pt
3TD0	0	A	A	1	23	fcd00a72c8af8f1d4065b08c1029924a10ee2632db99d2951c6e870283caaf50	0	0	full_sequence	1	0	/storage9920/home/tinghao.xia/Data_FM/RNA_FM_embeddings/3TD0/rnafm_t12_residue_embeddings.pt
3TD0	1	B	B	1	23	fcd00a72c8af8f1d4065b08c1029924a10ee2632db99d2951c6e870283caaf50	0	0	full_sequence	1	0	/storage9920/home/tinghao.xia/Data_FM/RNA_FM_embeddings/3TD0/rnafm_t12_residue_embeddings.pt
3TD1	0	A	A	1	23	fcd00a72c8af8f1d4065b08c1029924a10ee2632db99d2951c6e870283caaf50	0	0	full_sequence	1	0	/storage9920/home/tinghao.xia/Data_FM/RNA_FM_embeddings/3TD1/rnafm_t12_residue_embeddings.pt
3TD1	1	B	B	1	23	fcd00a72c8af8f1d4065b08c1029924a10ee2632db99d2951c6e870283caaf50	0	0	full_sequence	1	0	/storage9920/home/tinghao.xia/Data_FM/RNA_FM_embeddings/3TD1/rnafm_t12_residue_embeddings.pt
3TRA	0	A	A	1	75	5c75aee225e2a845d327e94bf67b43c27b4c214df2bfd57e7870893c2a418cde	0	0	full_sequence	1	0	/storage9920/home/tinghao.xia/Data_FM/RNA_FM_embeddings/3TRA/rnafm_t12_residue_embeddings.pt
3TZR	0	A	A	1	20	d1e9aa74e3d1ce61b74fc6be444f956dc42fb2275d046f5d7b2d7e014ff86dd7	0	0	full_sequence	1	0	/storage9920/home/tinghao.xia/Data_FM/RNA_FM_embeddings/3TZR/rnafm_t12_residue_embeddings.pt
3TZR	1	B	B	2	16	d539e42a3e5d305ca438836a340a5b34fcaf1fe7a066bcafc58b0dfb9332d57b	0	0	full_sequence	1	0	/storage9920/home/tinghao.xia/Data_FM/RNA_FM_embeddings/3TZR/rnafm_t12_residue_embeddings.pt
3VRS	0	A	A	1	52	6dc4922a7a56188b5d33a0cde6b3cea2c61c5957df5501e445c7f41b1efa1e96	0	0	full_sequence	1	0	/storage9920/home/tinghao.xia/Data_FM/RNA_FM_embeddings/3VRS/rnafm_t12_residue_embeddings.pt
3WRU	0	A	A	1	23	276dd8b0fd20fac93c6978666a2dd21c1bba8c8389fe28667f1ceb7851755f62	0	0	full_sequence	1	0	/storage9920/home/tinghao.xia/Data_FM/RNA_FM_embeddings/3WRU/rnafm_t12_residue_embeddings.pt
3WRU	1	B	B	1	23	276dd8b0fd20fac93c6978666a2dd21c1bba8c8389fe28667f1ceb7851755f62	0	0	full_sequence	1	0	/storage9920/home/tinghao.xia/Data_FM/RNA_FM_embeddings/3WRU/rnafm_t12_residue_embeddings.pt
3ZD4	0	A	A	1	43	a4b46f083a20bef5fe3542f34784a2c8304f24c441b022e78515db61d9ab6aa8	0	0	full_sequence	1	0	/storage9920/home/tinghao.xia/Data_FM/RNA_FM_embeddings/3ZD4/rnafm_t12_residue_embeddings.pt
3ZD4	1	B	B	2	20	2ffb28c32fdf86a019768130a5c20f2968019e76b71a31eba9d2249496cc22e5	0	0	full_sequence	1	0	/storage9920/home/tinghao.xia/Data_FM/RNA_FM_embeddings/3ZD4/rnafm_t12_residue_embeddings.pt
3ZD5	0	A	A	1	43	fadcc10826314573b1125c35cc04c6639f758559f83664654d8f085d6689c70a	0	0	full_sequence	1	0	/storage9920/home/tinghao.xia/Data_FM/RNA_FM_embeddings/3ZD5/rnafm_t12_residue_embeddings.pt
3ZD5	1	B	B	2	20	2ffb28c32fdf86a019768130a5c20f2968019e76b71a31eba9d2249496cc22e5	0	0	full_sequence	1	0	/storage9920/home/tinghao.xia/Data_FM/RNA_FM_embeddings/3ZD5/rnafm_t12_residue_embeddings.pt
3ZP8	0	A	A	1	43	fadcc10826314573b1125c35cc04c6639f758559f83664654d8f085d6689c70a	0	0	full_sequence	1	0	/storage9920/home/tinghao.xia/Data_FM/RNA_FM_embeddings/3ZP8/rnafm_t12_residue_embeddings.pt
3ZP8	1	B	B	2	20	2ffb28c32fdf86a019768130a5c20f2968019e76b71a31eba9d2249496cc22e5	0	0	full_sequence	1	0	/storage9920/home/tinghao.xia/Data_FM/RNA_FM_embeddings/3ZP8/rnafm_t12_residue_embeddings.pt
402D	0	A	A	1	8	adc08270a6eb62a1b5071751ac9eb55455005ef5a140a01098ddcfb91a919ef5	0	0	full_sequence	1	0	/storage9920/home/tinghao.xia/Data_FM/RNA_FM_embeddings/402D/rnafm_t12_residue_embeddings.pt
402D	1	B	B	1	8	adc08270a6eb62a1b5071751ac9eb55455005ef5a140a01098ddcfb91a919ef5	0	0	full_sequence	1	0	/storage9920/home/tinghao.xia/Data_FM/RNA_FM_embeddings/402D/rnafm_t12_residue_embeddings.pt
405D	0	A	A	1	16	eb07d14540ec4e488cebf89d46f9d604fd512e5912ce9369cdc3a7836b928c30	0	0	full_sequence	1	0	/storage9920/home/tinghao.xia/Data_FM/RNA_FM_embeddings/405D/rnafm_t12_residue_embeddings.pt
405D	1	B	B	1	16	eb07d14540ec4e488cebf89d46f9d604fd512e5912ce9369cdc3a7836b928c30	0	0	full_sequence	1	0	/storage9920/home/tinghao.xia/Data_FM/RNA_FM_embeddings/405D/rnafm_t12_residue_embeddings.pt
406D	0	A	A	1	17	bec596b4336622cc549c806bb476b252636223278d1b317baa0f9966e3903c46	0	0	full_sequence	1	0	/storage9920/home/tinghao.xia/Data_FM/RNA_FM_embeddings/406D/rnafm_t12_residue_embeddings.pt
406D	1	E	B	1	17	bec596b4336622cc549c806bb476b252636223278d1b317baa0f9966e3903c46	0	0	full_sequence	1	0	/storage9920/home/tinghao.xia/Data_FM/RNA_FM_embeddings/406D/rnafm_t12_residue_embeddings.pt
409D	0	A	A	1	8	181cde20902c755256a0198e6f3c72d13e790474bee74ae25e14b1f4e07b353d	1	1	full_sequence	1	0	/storage9920/home/tinghao.xia/Data_FM/RNA_FM_embeddings/409D/rnafm_t12_residue_embeddings.pt
409D	1	B	B	1	8	181cde20902c755256a0198e6f3c72d13e790474bee74ae25e14b1f4e07b353d	1	1	full_sequence	1	0	/storage9920/home/tinghao.xia/Data_FM/RNA_FM_embeddings/409D/rnafm_t12_residue_embeddings.pt
409D	2	C	C	1	8	181cde20902c755256a0198e6f3c72d13e790474bee74ae25e14b1f4e07b353d	1	1	full_sequence	1	0	/storage9920/home/tinghao.xia/Data_FM/RNA_FM_embeddings/409D/rnafm_t12_residue_embeddings.pt
409D	3	D	D	1	8	181cde20902c755256a0198e6f3c72d13e790474bee74ae25e14b1f4e07b353d	1	1	full_sequence	1	0	/storage9920/home/tinghao.xia/Data_FM/RNA_FM_embeddings/409D/rnafm_t12_residue_embeddings.pt
409D	4	E	E	1	8	181cde20902c755256a0198e6f3c72d13e790474bee74ae25e14b1f4e07b353d	1	1	full_sequence	1	0	/storage9920/home/tinghao.xia/Data_FM/RNA_FM_embeddings/409D/rnafm_t12_residue_embeddings.pt
409D	5	F	F	1	8	181cde20902c755256a0198e6f3c72d13e790474bee74ae25e14b1f4e07b353d	1	1	full_sequence	1	0	/storage9920/home/tinghao.xia/Data_FM/RNA_FM_embeddings/409D/rnafm_t12_residue_embeddings.pt
413D	0	A	A	1	13	9a62b5a8e67b32abd2acac31ade962f07ea7efe93c0e0856693014ae8755b309	0	0	full_sequence	1	0	/storage9920/home/tinghao.xia/Data_FM/RNA_FM_embeddings/413D/rnafm_t12_residue_embeddings.pt
420D	0	A	A	1	16	231d46f677edb50ac6ec9a09d7c4d08d76fe77eefccc59a38bed35fc57307040	0	0	full_sequence	1	0	/storage9920/home/tinghao.xia/Data_FM/RNA_FM_embeddings/420D/rnafm_t12_residue_embeddings.pt
420D	1	B	B	1	16	231d46f677edb50ac6ec9a09d7c4d08d76fe77eefccc59a38bed35fc57307040	0	0	full_sequence	1	0	/storage9920/home/tinghao.xia/Data_FM/RNA_FM_embeddings/420D/rnafm_t12_residue_embeddings.pt
422D	0	A	A	1	12	744d31b4c9d44703739709803e1a363133ecdfbeb4fd7421c29d5d07a908b594	0	0	full_sequence	1	0	/storage9920/home/tinghao.xia/Data_FM/RNA_FM_embeddings/422D/rnafm_t12_residue_embeddings.pt
422D	1	B	B	1	12	744d31b4c9d44703739709803e1a363133ecdfbeb4fd7421c29d5d07a908b594	0	0	full_sequence	1	0	/storage9920/home/tinghao.xia/Data_FM/RNA_FM_embeddings/422D/rnafm_t12_residue_embeddings.pt
429D	0	A	A	1	13	6d7520f00685e319ab58a98ad346ef20a76f1763233c26a798ec4ed0c4273722	0	0	full_sequence	1	0	/storage9920/home/tinghao.xia/Data_FM/RNA_FM_embeddings/429D/rnafm_t12_residue_embeddings.pt
429D	1	C	B	1	13	6d7520f00685e319ab58a98ad346ef20a76f1763233c26a798ec4ed0c4273722	0	0	full_sequence	1	0	/storage9920/home/tinghao.xia/Data_FM/RNA_FM_embeddings/429D/rnafm_t12_residue_embeddings.pt
429D	2	B	C	2	11	6b28e6def44609c2480ea3487d107c064f391dbb7322993eaad2729b5930244b	0	0	full_sequence	1	0	/storage9920/home/tinghao.xia/Data_FM/RNA_FM_embeddings/429D/rnafm_t12_residue_embeddings.pt
429D	3	D	D	2	11	6b28e6def44609c2480ea3487d107c064f391dbb7322993eaad2729b5930244b	0	0	full_sequence	1	0	/storage9920/home/tinghao.xia/Data_FM/RNA_FM_embeddings/429D/rnafm_t12_residue_embeddings.pt
430D	0	A	A	1	29	adc5e0ee2c05f122192b1d21d988908aad3a7d468a901517a8fcd6701e165843	0	0	full_sequence	1	0	/storage9920/home/tinghao.xia/Data_FM/RNA_FM_embeddings/430D/rnafm_t12_residue_embeddings.pt
433D	0	A	A	1	14	3cc433f05856840ff4f3d1cb7d3903d2471d0e4ce801d0a03f9886c5584adecf	0	0	full_sequence	1	0	/storage9920/home/tinghao.xia/Data_FM/RNA_FM_embeddings/433D/rnafm_t12_residue_embeddings.pt
433D	1	B	B	1	14	3cc433f05856840ff4f3d1cb7d3903d2471d0e4ce801d0a03f9886c5584adecf	0	0	full_sequence	1	0	/storage9920/home/tinghao.xia/Data_FM/RNA_FM_embeddings/433D/rnafm_t12_residue_embeddings.pt
434D	0	A	A	1	7	e582cc9566a54b153f04f840442403a17c5dff3263fa9a8f933c5f693e86f8c1	0	0	full_sequence	1	0	/storage9920/home/tinghao.xia/Data_FM/RNA_FM_embeddings/434D/rnafm_t12_residue_embeddings.pt
434D	1	C	B	1	7	e582cc9566a54b153f04f840442403a17c5dff3263fa9a8f933c5f693e86f8c1	0	0	full_sequence	1	0	/storage9920/home/tinghao.xia/Data_FM/RNA_FM_embeddings/434D/rnafm_t12_residue_embeddings.pt
434D	2	B	C	2	7	a19b57daec0a2708d18275015e473a4077527824ccd2b920c9011a4a06182293	0	0	full_sequence	1	0	/storage9920/home/tinghao.xia/Data_FM/RNA_FM_embeddings/434D/rnafm_t12_residue_embeddings.pt
434D	3	D	D	2	7	a19b57daec0a2708d18275015e473a4077527824ccd2b920c9011a4a06182293	0	0	full_sequence	1	0	/storage9920/home/tinghao.xia/Data_FM/RNA_FM_embeddings/434D/rnafm_t12_residue_embeddings.pt
435D	0	A	A	1	7	051fca9aba8ce4e77cb43cd514485eb13e96f76bcf46f50718130cfd48f2838e	0	0	full_sequence	1	0	/storage9920/home/tinghao.xia/Data_FM/RNA_FM_embeddings/435D/rnafm_t12_residue_embeddings.pt
435D	1	C	B	1	7	051fca9aba8ce4e77cb43cd514485eb13e96f76bcf46f50718130cfd48f2838e	0	0	full_sequence	1	0	/storage9920/home/tinghao.xia/Data_FM/RNA_FM_embeddings/435D/rnafm_t12_residue_embeddings.pt
435D	2	B	C	2	7	a19b57daec0a2708d18275015e473a4077527824ccd2b920c9011a4a06182293	0	0	full_sequence	1	0	/storage9920/home/tinghao.xia/Data_FM/RNA_FM_embeddings/435D/rnafm_t12_residue_embeddings.pt
435D	3	D	D	2	7	a19b57daec0a2708d18275015e473a4077527824ccd2b920c9011a4a06182293	0	0	full_sequence	1	0	/storage9920/home/tinghao.xia/Data_FM/RNA_FM_embeddings/435D/rnafm_t12_residue_embeddings.pt
437D	0	A	A	1	28	144698bb56246ab0d67b5798c4d96d3f3596af0625c2bd1abbf0d539ab244296	0	0	full_sequence	1	0	/storage9920/home/tinghao.xia/Data_FM/RNA_FM_embeddings/437D/rnafm_t12_residue_embeddings.pt
438D	0	A	A	1	9	0caa135841859d38dccb639ded7fe83883daf154f31ccf3700c0cae55e80181d	0	0	full_sequence	1	0	/storage9920/home/tinghao.xia/Data_FM/RNA_FM_embeddings/438D/rnafm_t12_residue_embeddings.pt
438D	1	B	B	1	9	0caa135841859d38dccb639ded7fe83883daf154f31ccf3700c0cae55e80181d	0	0	full_sequence	1	0	/storage9920/home/tinghao.xia/Data_FM/RNA_FM_embeddings/438D/rnafm_t12_residue_embeddings.pt
439D	0	A	A	1	8	7105b796103ce9b418783d61f397dea1182e29260803c1220c0fca7830cb1223	0	0	full_sequence	1	0	/storage9920/home/tinghao.xia/Data_FM/RNA_FM_embeddings/439D/rnafm_t12_residue_embeddings.pt
439D	1	B	B	2	8	c436a8b480d440fd32b7040fa6ac7e7693aa503ef65cfd457de46f7f71fd6583	0	0	full_sequence	1	0	/storage9920/home/tinghao.xia/Data_FM/RNA_FM_embeddings/439D/rnafm_t12_residue_embeddings.pt
462D	0	A	A	1	23	a93538b60543481f60ddadfa9ac952f33e62dba5621f3bb9d3cf5545b8a895e3	0	0	full_sequence	1	0	/storage9920/home/tinghao.xia/Data_FM/RNA_FM_embeddings/462D/rnafm_t12_residue_embeddings.pt
462D	1	B	B	1	23	a93538b60543481f60ddadfa9ac952f33e62dba5621f3bb9d3cf5545b8a895e3	0	0	full_sequence	1	0	/storage9920/home/tinghao.xia/Data_FM/RNA_FM_embeddings/462D/rnafm_t12_residue_embeddings.pt
464D	0	A	A	1	7	e582cc9566a54b153f04f840442403a17c5dff3263fa9a8f933c5f693e86f8c1	0	0	full_sequence	1	0	/storage9920/home/tinghao.xia/Data_FM/RNA_FM_embeddings/464D/rnafm_t12_residue_embeddings.pt
464D	1	C	B	1	7	e582cc9566a54b153f04f840442403a17c5dff3263fa9a8f933c5f693e86f8c1	0	0	full_sequence	1	0	/storage9920/home/tinghao.xia/Data_FM/RNA_FM_embeddings/464D/rnafm_t12_residue_embeddings.pt
464D	2	B	C	2	7	a19b57daec0a2708d18275015e473a4077527824ccd2b920c9011a4a06182293	0	0	full_sequence	1	0	/storage9920/home/tinghao.xia/Data_FM/RNA_FM_embeddings/464D/rnafm_t12_residue_embeddings.pt
464D	3	D	D	2	7	a19b57daec0a2708d18275015e473a4077527824ccd2b920c9011a4a06182293	0	0	full_sequence	1	0	/storage9920/home/tinghao.xia/Data_FM/RNA_FM_embeddings/464D/rnafm_t12_residue_embeddings.pt
466D	0	A	A	1	7	e582cc9566a54b153f04f840442403a17c5dff3263fa9a8f933c5f693e86f8c1	0	0	full_sequence	1	0	/storage9920/home/tinghao.xia/Data_FM/RNA_FM_embeddings/466D/rnafm_t12_residue_embeddings.pt
466D	1	C	B	1	7	e582cc9566a54b153f04f840442403a17c5dff3263fa9a8f933c5f693e86f8c1	0	0	full_sequence	1	0	/storage9920/home/tinghao.xia/Data_FM/RNA_FM_embeddings/466D/rnafm_t12_residue_embeddings.pt
466D	2	B	C	2	7	a19b57daec0a2708d18275015e473a4077527824ccd2b920c9011a4a06182293	0	0	full_sequence	1	0	/storage9920/home/tinghao.xia/Data_FM/RNA_FM_embeddings/466D/rnafm_t12_residue_embeddings.pt
466D	3	D	D	2	7	a19b57daec0a2708d18275015e473a4077527824ccd2b920c9011a4a06182293	0	0	full_sequence	1	0	/storage9920/home/tinghao.xia/Data_FM/RNA_FM_embeddings/466D/rnafm_t12_residue_embeddings.pt
468D	0	A	A	1	12	8eb1fd784e9508fad3385bde9c108a1a7a0110fec3911240fc8f083b89cf8707	0	0	full_sequence	1	0	/storage9920/home/tinghao.xia/Data_FM/RNA_FM_embeddings/468D/rnafm_t12_residue_embeddings.pt
468D	1	B	B	1	12	8eb1fd784e9508fad3385bde9c108a1a7a0110fec3911240fc8f083b89cf8707	0	0	full_sequence	1	0	/storage9920/home/tinghao.xia/Data_FM/RNA_FM_embeddings/468D/rnafm_t12_residue_embeddings.pt
469D	0	A	A	1	12	8eb1fd784e9508fad3385bde9c108a1a7a0110fec3911240fc8f083b89cf8707	0	0	full_sequence	1	0	/storage9920/home/tinghao.xia/Data_FM/RNA_FM_embeddings/469D/rnafm_t12_residue_embeddings.pt
469D	1	B	B	1	12	8eb1fd784e9508fad3385bde9c108a1a7a0110fec3911240fc8f083b89cf8707	0	0	full_sequence	1	0	/storage9920/home/tinghao.xia/Data_FM/RNA_FM_embeddings/469D/rnafm_t12_residue_embeddings.pt
470D	0	A	A	1	12	8eb1fd784e9508fad3385bde9c108a1a7a0110fec3911240fc8f083b89cf8707	0	0	full_sequence	1	0	/storage9920/home/tinghao.xia/Data_FM/RNA_FM_embeddings/470D/rnafm_t12_residue_embeddings.pt
470D	1	B	B	1	12	8eb1fd784e9508fad3385bde9c108a1a7a0110fec3911240fc8f083b89cf8707	0	0	full_sequence	1	0	/storage9920/home/tinghao.xia/Data_FM/RNA_FM_embeddings/470D/rnafm_t12_residue_embeddings.pt
471D	0	A	A	1	12	8eb1fd784e9508fad3385bde9c108a1a7a0110fec3911240fc8f083b89cf8707	0	0	full_sequence	1	0	/storage9920/home/tinghao.xia/Data_FM/RNA_FM_embeddings/471D/rnafm_t12_residue_embeddings.pt
471D	1	B	B	1	12	8eb1fd784e9508fad3385bde9c108a1a7a0110fec3911240fc8f083b89cf8707	0	0	full_sequence	1	0	/storage9920/home/tinghao.xia/Data_FM/RNA_FM_embeddings/471D/rnafm_t12_residue_embeddings.pt
472D	0	A	A	1	8	d4aa1e071b73726a1c1f40677dfd1383bcabe90efba8226a7dee6fef490ec2d6	0	0	full_sequence	1	0	/storage9920/home/tinghao.xia/Data_FM/RNA_FM_embeddings/472D/rnafm_t12_residue_embeddings.pt
472D	1	B	B	2	8	4770fa73c3b9c52920b24c52d793a4393a994821f2d08de925382f1e54af7f91	0	0	full_sequence	1	0	/storage9920/home/tinghao.xia/Data_FM/RNA_FM_embeddings/472D/rnafm_t12_residue_embeddings.pt
480D	0	A	A	1	27	ef84716ab732e929d6b5daa79f8adf9bb4d157a50f3f8afa7abbf35283f18da8	0	0	full_sequence	1	0	/storage9920/home/tinghao.xia/Data_FM/RNA_FM_embeddings/480D/rnafm_t12_residue_embeddings.pt
483D	0	A	A	1	27	ef84716ab732e929d6b5daa79f8adf9bb4d157a50f3f8afa7abbf35283f18da8	0	0	full_sequence	1	0	/storage9920/home/tinghao.xia/Data_FM/RNA_FM_embeddings/483D/rnafm_t12_residue_embeddings.pt
486D	0	A	A	1	74	a4a0478783708a7d20baf000cfec446dfa6b5f3e17ec39a778cf8faccb17cd98	0	0	full_sequence	1	0	/storage9920/home/tinghao.xia/Data_FM/RNA_FM_embeddings/486D/rnafm_t12_residue_embeddings.pt
486D	1	B	B	2	3	d095ff0c8de782e44895b829e34a831c6f2ad8fc5249ef09fe43ac9d51ddf066	0	0	full_sequence	1	0	/storage9920/home/tinghao.xia/Data_FM/RNA_FM_embeddings/486D/rnafm_t12_residue_embeddings.pt
486D	2	C	C	3	72	0ce51973e0142156e3123d7561f198fe2e7d381e5391aa9c20adda867504ee9b	0	0	full_sequence	1	0	/storage9920/home/tinghao.xia/Data_FM/RNA_FM_embeddings/486D/rnafm_t12_residue_embeddings.pt
486D	3	D	D	4	3	2e169101f7bb780ecf3d8a865bbceeb11b8f440f3662fb30dadb424566c48379	0	0	full_sequence	1	0	/storage9920/home/tinghao.xia/Data_FM/RNA_FM_embeddings/486D/rnafm_t12_residue_embeddings.pt
486D	4	E	E	5	72	2bcbcc4de5e57bbb971d9a9fd7759641862792169a13bfc9447eb5a0df5bb960	0	0	full_sequence	1	0	/storage9920/home/tinghao.xia/Data_FM/RNA_FM_embeddings/486D/rnafm_t12_residue_embeddings.pt
486D	5	F	F	6	85	08412a6bb27ad34aa4b887b56bc7637e27b6311fb1746de988f8aef552625203	0	0	full_sequence	1	0	/storage9920/home/tinghao.xia/Data_FM/RNA_FM_embeddings/486D/rnafm_t12_residue_embeddings.pt
486D	6	G	G	7	33	250cd3bda997f8cdba10b3cf5150152afdf3ac59c846c634971be632fce61f25	0	0	full_sequence	1	0	/storage9920/home/tinghao.xia/Data_FM/RNA_FM_embeddings/486D/rnafm_t12_residue_embeddings.pt
488D	0	A	A	1	16	9ff4caa35dde795d2828a909bed84b10611cb148322d3eaa7a5b17934a170318	0	0	full_sequence	1	0	/storage9920/home/tinghao.xia/Data_FM/RNA_FM_embeddings/488D/rnafm_t12_residue_embeddings.pt
488D	1	B	B	2	20	57938ab32950b85623ccfbd7314dd07d33546c1b0d0c3ed3d79641109f1cd372	0	0	full_sequence	1	0	/storage9920/home/tinghao.xia/Data_FM/RNA_FM_embeddings/488D/rnafm_t12_residue_embeddings.pt
488D	2	C	C	3	5	aec998f25004a0eeb3ac7a91c1b0e40129ab0187445bf1c82039dbba44dbc2bc	0	0	full_sequence	1	0	/storage9920/home/tinghao.xia/Data_FM/RNA_FM_embeddings/488D/rnafm_t12_residue_embeddings.pt
488D	3	D	D	4	25	dc1f27ba554c277210dc9bb0a3eae03c609e3c6492f733273b3b382043edd07a	0	0	full_sequence	1	0	/storage9920/home/tinghao.xia/Data_FM/RNA_FM_embeddings/488D/rnafm_t12_residue_embeddings.pt
4A4R	0	A	A	1	22	2cf467f44c32e540c216c4ae516be84f4aa4d3aff157673918c3783df51b763c	1	1	full_sequence	1	0	/storage9920/home/tinghao.xia/Data_FM/RNA_FM_embeddings/4A4R/rnafm_t12_residue_embeddings.pt
4A4S	0	A	A	1	22	e2472c4869452a0626bd9e0284f58bfd2705ad102a37677f679236ec8d3631d2	0	0	full_sequence	1	0	/storage9920/home/tinghao.xia/Data_FM/RNA_FM_embeddings/4A4S/rnafm_t12_residue_embeddings.pt
4A4T	0	A	A	1	22	3bd3e5191b13ac4f1057a2ea5bd17e17cc1aebe42ac48d7b3637c72639993aec	0	0	full_sequence	1	0	/storage9920/home/tinghao.xia/Data_FM/RNA_FM_embeddings/4A4T/rnafm_t12_residue_embeddings.pt
4A4U	0	A	A	1	22	a03a59a381f911f17ad7e41ca88e5638f9f759be0546f3e468fd0b4c11e64dfa	0	0	full_sequence	1	0	/storage9920/home/tinghao.xia/Data_FM/RNA_FM_embeddings/4A4U/rnafm_t12_residue_embeddings.pt
4AOB	0	A	A	1	94	4152728c15b0a55b88630db2416844c6ba0f763b0eb8515ccfdaa102556665e1	0	0	full_sequence	1	0	/storage9920/home/tinghao.xia/Data_FM/RNA_FM_embeddings/4AOB/rnafm_t12_residue_embeddings.pt
4B5R	0	A	A	1	94	800d7447011941d9f289bd23c1f37df4e308bc3166066a29e7216c4db2c4d48f	0	0	full_sequence	1	0	/storage9920/home/tinghao.xia/Data_FM/RNA_FM_embeddings/4B5R/rnafm_t12_residue_embeddings.pt
4C40	0	A	A	1	19	ce7e8b6688ff49624f8d1150e45ae4e9bb7b168bc3eadf30b997f63866697e5c	0	0	full_sequence	1	0	/storage9920/home/tinghao.xia/Data_FM/RNA_FM_embeddings/4C40/rnafm_t12_residue_embeddings.pt
4C4Q	0	N	A	1	233	8dec212b3aa1b2c2519f85a05f7a6386ce7c3d5a40dc5a083163373db002f747	0	0	full_sequence	1	0	/storage9920/home/tinghao.xia/Data_FM/RNA_FM_embeddings/4C4Q/rnafm_t12_residue_embeddings.pt
4CS1	0	A	A	1	19	ce7e8b6688ff49624f8d1150e45ae4e9bb7b168bc3eadf30b997f63866697e5c	0	0	full_sequence	1	0	/storage9920/home/tinghao.xia/Data_FM/RNA_FM_embeddings/4CS1/rnafm_t12_residue_embeddings.pt
4DS6	0	A	A	1	422	3eac879c4a55df831278eca2bbaf7d6daf3e29921cccca9fc737127a1904eac4	0	0	full_sequence	1	0	/storage9920/home/tinghao.xia/Data_FM/RNA_FM_embeddings/4DS6/rnafm_t12_residue_embeddings.pt
4E48	0	A	A	1	20	e50eab1a893eab96c71c88608089ad8a341cd4c8bb5465232eb8c92082403c2f	0	0	full_sequence	1	0	/storage9920/home/tinghao.xia/Data_FM/RNA_FM_embeddings/4E48/rnafm_t12_residue_embeddings.pt
4E48	1	B	B	1	20	e50eab1a893eab96c71c88608089ad8a341cd4c8bb5465232eb8c92082403c2f	0	0	full_sequence	1	0	/storage9920/home/tinghao.xia/Data_FM/RNA_FM_embeddings/4E48/rnafm_t12_residue_embeddings.pt
4E48	2	D	C	1	20	e50eab1a893eab96c71c88608089ad8a341cd4c8bb5465232eb8c92082403c2f	0	0	full_sequence	1	0	/storage9920/home/tinghao.xia/Data_FM/RNA_FM_embeddings/4E48/rnafm_t12_residue_embeddings.pt
4E58	0	C	A	1	8	bdfbfcef9236efd1b57d9bbf06cf4ba2388e20eec3c249a8379d6cb8e256f91a	0	0	full_sequence	1	0	/storage9920/home/tinghao.xia/Data_FM/RNA_FM_embeddings/4E58/rnafm_t12_residue_embeddings.pt
4E58	1	E	B	1	8	bdfbfcef9236efd1b57d9bbf06cf4ba2388e20eec3c249a8379d6cb8e256f91a	0	0	full_sequence	1	0	/storage9920/home/tinghao.xia/Data_FM/RNA_FM_embeddings/4E58/rnafm_t12_residue_embeddings.pt
4E58	2	D	C	1	8	bdfbfcef9236efd1b57d9bbf06cf4ba2388e20eec3c249a8379d6cb8e256f91a	0	0	full_sequence	1	0	/storage9920/home/tinghao.xia/Data_FM/RNA_FM_embeddings/4E58/rnafm_t12_residue_embeddings.pt
4E59	0	A	A	1	8	bdfbfcef9236efd1b57d9bbf06cf4ba2388e20eec3c249a8379d6cb8e256f91a	0	0	full_sequence	1	0	/storage9920/home/tinghao.xia/Data_FM/RNA_FM_embeddings/4E59/rnafm_t12_residue_embeddings.pt
4E59	1	B	B	1	8	bdfbfcef9236efd1b57d9bbf06cf4ba2388e20eec3c249a8379d6cb8e256f91a	0	0	full_sequence	1	0	/storage9920/home/tinghao.xia/Data_FM/RNA_FM_embeddings/4E59/rnafm_t12_residue_embeddings.pt
4E5C	0	A	A	1	19	4c26cdeade93ad123d44d444cdb1f6a700031c2461787aeb768631f5328202ef	0	0	full_sequence	1	0	/storage9920/home/tinghao.xia/Data_FM/RNA_FM_embeddings/4E5C/rnafm_t12_residue_embeddings.pt
4E5C	1	B	B	1	19	4c26cdeade93ad123d44d444cdb1f6a700031c2461787aeb768631f5328202ef	0	0	full_sequence	1	0	/storage9920/home/tinghao.xia/Data_FM/RNA_FM_embeddings/4E5C/rnafm_t12_residue_embeddings.pt
4E6B	0	A	A	1	4	4ac0689a36fc2899d3ffd89a2bbc79745aa594ac005f2608c98337cde965fa5c	0	0	full_sequence	1	0	/storage9920/home/tinghao.xia/Data_FM/RNA_FM_embeddings/4E6B/rnafm_t12_residue_embeddings.pt
4E6B	1	B	B	1	4	4ac0689a36fc2899d3ffd89a2bbc79745aa594ac005f2608c98337cde965fa5c	0	0	full_sequence	1	0	/storage9920/home/tinghao.xia/Data_FM/RNA_FM_embeddings/4E6B/rnafm_t12_residue_embeddings.pt
4E6B	2	F	C	2	4	41e2593426d8017482b2c36bb0d5d485aff81f708cb67ac9c62bd14517db2a9e	0	0	full_sequence	1	0	/storage9920/home/tinghao.xia/Data_FM/RNA_FM_embeddings/4E6B/rnafm_t12_residue_embeddings.pt
4E6B	3	E	D	2	4	41e2593426d8017482b2c36bb0d5d485aff81f708cb67ac9c62bd14517db2a9e	0	0	full_sequence	1	0	/storage9920/home/tinghao.xia/Data_FM/RNA_FM_embeddings/4E6B/rnafm_t12_residue_embeddings.pt
4E8K	0	A	A	1	393	88e86281fb0fe0b33e7aade03dc58953f3609c30cf884ee322231e4edb0ce1e3	0	0	full_sequence	1	0	/storage9920/home/tinghao.xia/Data_FM/RNA_FM_embeddings/4E8K/rnafm_t12_residue_embeddings.pt
4E8K	1	B	B	2	10	d9d90c24c8e7630694105360ac7497c1b489afb2d0f112027823917deca1a9a2	0	0	full_sequence	1	0	/storage9920/home/tinghao.xia/Data_FM/RNA_FM_embeddings/4E8K/rnafm_t12_residue_embeddings.pt
4E8M	0	A	A	1	394	78abda676da8c1c253d77d4090da8bcb1e70c512cae5196e9d914b9c8245bef6	0	0	full_sequence	1	0	/storage9920/home/tinghao.xia/Data_FM/RNA_FM_embeddings/4E8M/rnafm_t12_residue_embeddings.pt
4E8N	0	A	A	1	393	88e86281fb0fe0b33e7aade03dc58953f3609c30cf884ee322231e4edb0ce1e3	0	0	full_sequence	1	0	/storage9920/home/tinghao.xia/Data_FM/RNA_FM_embeddings/4E8N/rnafm_t12_residue_embeddings.pt
4E8P	0	A	A	1	393	88e86281fb0fe0b33e7aade03dc58953f3609c30cf884ee322231e4edb0ce1e3	0	0	full_sequence	1	0	/storage9920/home/tinghao.xia/Data_FM/RNA_FM_embeddings/4E8P/rnafm_t12_residue_embeddings.pt
4E8Q	0	A	A	1	393	88e86281fb0fe0b33e7aade03dc58953f3609c30cf884ee322231e4edb0ce1e3	0	0	full_sequence	1	0	/storage9920/home/tinghao.xia/Data_FM/RNA_FM_embeddings/4E8Q/rnafm_t12_residue_embeddings.pt
4E8R	0	A	A	1	393	88e86281fb0fe0b33e7aade03dc58953f3609c30cf884ee322231e4edb0ce1e3	0	0	full_sequence	1	0	/storage9920/home/tinghao.xia/Data_FM/RNA_FM_embeddings/4E8R/rnafm_t12_residue_embeddings.pt
4E8T	0	A	A	1	393	88e86281fb0fe0b33e7aade03dc58953f3609c30cf884ee322231e4edb0ce1e3	0	0	full_sequence	1	0	/storage9920/home/tinghao.xia/Data_FM/RNA_FM_embeddings/4E8T/rnafm_t12_residue_embeddings.pt
4E8T	1	B	B	2	8	1ad3bf29b88259615f8a9b1f296a9cfd08b2f6f82c66493f11051db8a3b65177	0	0	full_sequence	1	0	/storage9920/home/tinghao.xia/Data_FM/RNA_FM_embeddings/4E8T/rnafm_t12_residue_embeddings.pt
4E8V	0	A	A	1	393	88e86281fb0fe0b33e7aade03dc58953f3609c30cf884ee322231e4edb0ce1e3	0	0	full_sequence	1	0	/storage9920/home/tinghao.xia/Data_FM/RNA_FM_embeddings/4E8V/rnafm_t12_residue_embeddings.pt
4EN5	0	A	A	1	52	6dc4922a7a56188b5d33a0cde6b3cea2c61c5957df5501e445c7f41b1efa1e96	0	0	full_sequence	1	0	/storage9920/home/tinghao.xia/Data_FM/RNA_FM_embeddings/4EN5/rnafm_t12_residue_embeddings.pt
4ENA	0	A	A	1	52	6dc4922a7a56188b5d33a0cde6b3cea2c61c5957df5501e445c7f41b1efa1e96	0	0	full_sequence	1	0	/storage9920/home/tinghao.xia/Data_FM/RNA_FM_embeddings/4ENA/rnafm_t12_residue_embeddings.pt
4ENB	0	A	A	1	52	6dc4922a7a56188b5d33a0cde6b3cea2c61c5957df5501e445c7f41b1efa1e96	0	0	full_sequence	1	0	/storage9920/home/tinghao.xia/Data_FM/RNA_FM_embeddings/4ENB/rnafm_t12_residue_embeddings.pt
4ENC	0	A	A	1	52	6dc4922a7a56188b5d33a0cde6b3cea2c61c5957df5501e445c7f41b1efa1e96	0	0	full_sequence	1	0	/storage9920/home/tinghao.xia/Data_FM/RNA_FM_embeddings/4ENC/rnafm_t12_residue_embeddings.pt
4ERJ	0	A	A	1	161	58db505f184a91565608632ad7b68ea62e1f5e8fa94f6e6568b1c65ec33845e2	0	0	full_sequence	1	0	/storage9920/home/tinghao.xia/Data_FM/RNA_FM_embeddings/4ERJ/rnafm_t12_residue_embeddings.pt
4ERL	0	A	A	1	161	58db505f184a91565608632ad7b68ea62e1f5e8fa94f6e6568b1c65ec33845e2	0	0	full_sequence	1	0	/storage9920/home/tinghao.xia/Data_FM/RNA_FM_embeddings/4ERL/rnafm_t12_residue_embeddings.pt
4F8U	0	A	A	1	22	863b5fa4e668e7a851b8f88314bbdd45943042987c9fb2f20b88d5de6a2ad327	0	0	full_sequence	1	0	/storage9920/home/tinghao.xia/Data_FM/RNA_FM_embeddings/4F8U/rnafm_t12_residue_embeddings.pt
4F8U	1	B	B	2	21	aba75d864907ff836db14f0357625cec15b219f2a47cb6dc10a06ea0c187dcf0	0	0	full_sequence	1	0	/storage9920/home/tinghao.xia/Data_FM/RNA_FM_embeddings/4F8U/rnafm_t12_residue_embeddings.pt
4F8V	0	A	A	1	21	aba75d864907ff836db14f0357625cec15b219f2a47cb6dc10a06ea0c187dcf0	0	0	full_sequence	1	0	/storage9920/home/tinghao.xia/Data_FM/RNA_FM_embeddings/4F8V/rnafm_t12_residue_embeddings.pt
4F8V	1	B	B	1	21	aba75d864907ff836db14f0357625cec15b219f2a47cb6dc10a06ea0c187dcf0	0	0	full_sequence	1	0	/storage9920/home/tinghao.xia/Data_FM/RNA_FM_embeddings/4F8V/rnafm_t12_residue_embeddings.pt
4FAQ	0	A	A	1	396	d7aa2361c35c33aadcdf196ec1e255a385e956b3c82ea078eda4ea87cb3e3bfa	0	0	full_sequence	1	0	/storage9920/home/tinghao.xia/Data_FM/RNA_FM_embeddings/4FAQ/rnafm_t12_residue_embeddings.pt
4FAR	0	A	A	1	390	9be3f2cf211c59c30438477fd03f0de6e9e166addcd6edf6aeb30ce4f8b6d40f	0	0	full_sequence	1	0	/storage9920/home/tinghao.xia/Data_FM/RNA_FM_embeddings/4FAR/rnafm_t12_residue_embeddings.pt
4FAR	1	B	B	2	8	95e2675c7e80353bfccb3b00c4e2f87ccc08a246f6e982bd347fce9b673d6aa8	0	0	full_sequence	1	0	/storage9920/home/tinghao.xia/Data_FM/RNA_FM_embeddings/4FAR/rnafm_t12_residue_embeddings.pt
4FAU	0	A	A	1	398	a2441f37074973d7f41f21cb3afae1d4c674a83ffb6eda9d3a438a52100afa7e	0	0	full_sequence	1	0	/storage9920/home/tinghao.xia/Data_FM/RNA_FM_embeddings/4FAU/rnafm_t12_residue_embeddings.pt
4FAW	0	A	A	1	394	78abda676da8c1c253d77d4090da8bcb1e70c512cae5196e9d914b9c8245bef6	0	0	full_sequence	1	0	/storage9920/home/tinghao.xia/Data_FM/RNA_FM_embeddings/4FAW/rnafm_t12_residue_embeddings.pt
4FAW	1	B	B	2	8	1ad3bf29b88259615f8a9b1f296a9cfd08b2f6f82c66493f11051db8a3b65177	0	0	full_sequence	1	0	/storage9920/home/tinghao.xia/Data_FM/RNA_FM_embeddings/4FAW/rnafm_t12_residue_embeddings.pt
4FAX	0	A	A	1	394	0b68d10e6419e4b188bccd9b706717e28aea83787263de3fa1f982b8a0d560a4	0	0	full_sequence	1	0	/storage9920/home/tinghao.xia/Data_FM/RNA_FM_embeddings/4FAX/rnafm_t12_residue_embeddings.pt
4FB0	0	A	A	1	393	79aa6bba64a25e5a20dfa8dc19df77e2d6dd83a8d62ca734e9214336cde52ba7	0	0	full_sequence	1	0	/storage9920/home/tinghao.xia/Data_FM/RNA_FM_embeddings/4FB0/rnafm_t12_residue_embeddings.pt
4FE5	0	B	A	1	67	8a39f41d423e18b52f5d41f0f9651ccd49dc4feea6b6e805cc393ce37c222311	0	0	full_sequence	1	0	/storage9920/home/tinghao.xia/Data_FM/RNA_FM_embeddings/4FE5/rnafm_t12_residue_embeddings.pt
4FEJ	0	B	A	1	67	940394e184e68930700dcce990e8acaa7b6494d731763b64bdd953033fb84350	0	0	full_sequence	1	0	/storage9920/home/tinghao.xia/Data_FM/RNA_FM_embeddings/4FEJ/rnafm_t12_residue_embeddings.pt
4FEL	0	B	A	1	67	854a4682678dadea70d56d14d47e049dc64041513a0787ad976f895299c7eef8	0	0	full_sequence	1	0	/storage9920/home/tinghao.xia/Data_FM/RNA_FM_embeddings/4FEL/rnafm_t12_residue_embeddings.pt
4FEN	0	B	A	1	67	30f1f3b61f1e2a6b99aefbe372e9147f4ee686b7dce3259524c0fa2718578867	0	0	full_sequence	1	0	/storage9920/home/tinghao.xia/Data_FM/RNA_FM_embeddings/4FEN/rnafm_t12_residue_embeddings.pt
4FEO	0	B	A	1	67	c61eb5ad035b96e19eb58653d9fdf9ce0e37209ee5f14a10091a09a842ac3237	0	0	full_sequence	1	0	/storage9920/home/tinghao.xia/Data_FM/RNA_FM_embeddings/4FEO/rnafm_t12_residue_embeddings.pt
4FEP	0	B	A	1	67	2162834ff1dc387910abcf221b56a948053e0fcba45d07ce2c372057cc20543e	0	0	full_sequence	1	0	/storage9920/home/tinghao.xia/Data_FM/RNA_FM_embeddings/4FEP/rnafm_t12_residue_embeddings.pt
4FNJ	0	A	A	1	35	86f2cc720e275e8d74a16f069fe04101240f4c1d8884651102c98c35cbe46b96	0	0	full_sequence	1	0	/storage9920/home/tinghao.xia/Data_FM/RNA_FM_embeddings/4FNJ/rnafm_t12_residue_embeddings.pt
4FRG	0	B	A	1	84	68e205acda9c354b0ffc88e3509989ee9065b836c4ee1a1322ff65c3b4b63ac0	0	0	full_sequence	1	0	/storage9920/home/tinghao.xia/Data_FM/RNA_FM_embeddings/4FRG/rnafm_t12_residue_embeddings.pt
4FRG	1	X	B	1	84	68e205acda9c354b0ffc88e3509989ee9065b836c4ee1a1322ff65c3b4b63ac0	0	0	full_sequence	1	0	/storage9920/home/tinghao.xia/Data_FM/RNA_FM_embeddings/4FRG/rnafm_t12_residue_embeddings.pt
4FRN	0	A	A	1	102	6caf94478059be39dc41b4f1871fffcbb6cd52810714a024663b6ce170522310	0	0	full_sequence	1	0	/storage9920/home/tinghao.xia/Data_FM/RNA_FM_embeddings/4FRN/rnafm_t12_residue_embeddings.pt
4FRN	1	B	B	1	102	6caf94478059be39dc41b4f1871fffcbb6cd52810714a024663b6ce170522310	0	0	full_sequence	1	0	/storage9920/home/tinghao.xia/Data_FM/RNA_FM_embeddings/4FRN/rnafm_t12_residue_embeddings.pt
4G6P	0	A	A	1	13	ac0d507cbec1843c89e84b0a947ca7b0eae4a871ba7f5bfc49e8244caf53f40b	0	0	full_sequence	1	0	/storage9920/home/tinghao.xia/Data_FM/RNA_FM_embeddings/4G6P/rnafm_t12_residue_embeddings.pt
4G6P	1	B	B	2	30	aa0f4a19a9e82405d365de1bac6a9db30fe47f220395e43e97a8169dae30334e	1	1	full_sequence	1	0	/storage9920/home/tinghao.xia/Data_FM/RNA_FM_embeddings/4G6P/rnafm_t12_residue_embeddings.pt
4G6P	2	C	C	3	19	6f9cec5eb36aa82f7310feb000fb6dc4b386cdfed96112d0885320b0ee04a7b7	0	0	full_sequence	1	0	/storage9920/home/tinghao.xia/Data_FM/RNA_FM_embeddings/4G6P/rnafm_t12_residue_embeddings.pt
4G6R	0	A	A	1	13	ac0d507cbec1843c89e84b0a947ca7b0eae4a871ba7f5bfc49e8244caf53f40b	0	0	full_sequence	1	0	/storage9920/home/tinghao.xia/Data_FM/RNA_FM_embeddings/4G6R/rnafm_t12_residue_embeddings.pt
4G6R	1	B	B	2	12	b6726ffb5ad67c9b33d9b55e1ac1cfbfe1621f8c0e3f9cf58b828d04f9646d0d	1	1	full_sequence	1	0	/storage9920/home/tinghao.xia/Data_FM/RNA_FM_embeddings/4G6R/rnafm_t12_residue_embeddings.pt
4G6R	2	C	C	3	17	941e3769daeb6747a906c7fb5ab7f5a3a2bb08623a375da40d8179c2cfde45df	0	0	full_sequence	1	0	/storage9920/home/tinghao.xia/Data_FM/RNA_FM_embeddings/4G6R/rnafm_t12_residue_embeddings.pt
4G6R	3	D	D	4	19	6f9cec5eb36aa82f7310feb000fb6dc4b386cdfed96112d0885320b0ee04a7b7	0	0	full_sequence	1	0	/storage9920/home/tinghao.xia/Data_FM/RNA_FM_embeddings/4G6R/rnafm_t12_residue_embeddings.pt
4G6S	0	A	A	1	13	ac0d507cbec1843c89e84b0a947ca7b0eae4a871ba7f5bfc49e8244caf53f40b	0	0	full_sequence	1	0	/storage9920/home/tinghao.xia/Data_FM/RNA_FM_embeddings/4G6S/rnafm_t12_residue_embeddings.pt
4G6S	1	B	B	2	30	aa0f4a19a9e82405d365de1bac6a9db30fe47f220395e43e97a8169dae30334e	1	1	full_sequence	1	0	/storage9920/home/tinghao.xia/Data_FM/RNA_FM_embeddings/4G6S/rnafm_t12_residue_embeddings.pt
4G6S	2	C	C	3	19	6f9cec5eb36aa82f7310feb000fb6dc4b386cdfed96112d0885320b0ee04a7b7	0	0	full_sequence	1	0	/storage9920/home/tinghao.xia/Data_FM/RNA_FM_embeddings/4G6S/rnafm_t12_residue_embeddings.pt
4GMA	0	Z	A	1	210	7fcabf4e0778e8e9d5501c0d332743cbe04d32585cc56cf137bb1e38f3e34b5f	0	0	full_sequence	1	0	/storage9920/home/tinghao.xia/Data_FM/RNA_FM_embeddings/4GMA/rnafm_t12_residue_embeddings.pt
4GPW	0	A	A	1	23	8cf3bfc692c61e24e021110df547ccff5cee289b5b89545aabbd8a77d9ec3fe5	0	0	full_sequence	1	0	/storage9920/home/tinghao.xia/Data_FM/RNA_FM_embeddings/4GPW/rnafm_t12_residue_embeddings.pt
4GPW	1	B	B	1	23	8cf3bfc692c61e24e021110df547ccff5cee289b5b89545aabbd8a77d9ec3fe5	0	0	full_sequence	1	0	/storage9920/home/tinghao.xia/Data_FM/RNA_FM_embeddings/4GPW/rnafm_t12_residue_embeddings.pt
4GPX	0	A	A	1	23	8cf3bfc692c61e24e021110df547ccff5cee289b5b89545aabbd8a77d9ec3fe5	0	0	full_sequence	1	0	/storage9920/home/tinghao.xia/Data_FM/RNA_FM_embeddings/4GPX/rnafm_t12_residue_embeddings.pt
4GPX	1	B	B	1	23	8cf3bfc692c61e24e021110df547ccff5cee289b5b89545aabbd8a77d9ec3fe5	0	0	full_sequence	1	0	/storage9920/home/tinghao.xia/Data_FM/RNA_FM_embeddings/4GPX/rnafm_t12_residue_embeddings.pt
4GPY	0	A	A	1	23	276dd8b0fd20fac93c6978666a2dd21c1bba8c8389fe28667f1ceb7851755f62	0	0	full_sequence	1	0	/storage9920/home/tinghao.xia/Data_FM/RNA_FM_embeddings/4GPY/rnafm_t12_residue_embeddings.pt
4GPY	1	B	B	1	23	276dd8b0fd20fac93c6978666a2dd21c1bba8c8389fe28667f1ceb7851755f62	0	0	full_sequence	1	0	/storage9920/home/tinghao.xia/Data_FM/RNA_FM_embeddings/4GPY/rnafm_t12_residue_embeddings.pt
4GXY	0	A	A	1	172	79cedf8de87eff1993763bac17a126fafdfcfe4c2f2bed3197d72807900eada3	0	0	full_sequence	1	0	/storage9920/home/tinghao.xia/Data_FM/RNA_FM_embeddings/4GXY/rnafm_t12_residue_embeddings.pt
4IQS	0	A	A	1	8	35dbc37c90acd89fd2409bc14b6b5884cf05797958be494d86942dc9520a90a3	0	0	full_sequence	1	0	/storage9920/home/tinghao.xia/Data_FM/RNA_FM_embeddings/4IQS/rnafm_t12_residue_embeddings.pt
4IQS	1	B	B	1	8	35dbc37c90acd89fd2409bc14b6b5884cf05797958be494d86942dc9520a90a3	0	0	full_sequence	1	0	/storage9920/home/tinghao.xia/Data_FM/RNA_FM_embeddings/4IQS/rnafm_t12_residue_embeddings.pt
4IQS	2	C	C	1	8	35dbc37c90acd89fd2409bc14b6b5884cf05797958be494d86942dc9520a90a3	0	0	full_sequence	1	0	/storage9920/home/tinghao.xia/Data_FM/RNA_FM_embeddings/4IQS/rnafm_t12_residue_embeddings.pt
4IQS	3	D	D	1	8	35dbc37c90acd89fd2409bc14b6b5884cf05797958be494d86942dc9520a90a3	0	0	full_sequence	1	0	/storage9920/home/tinghao.xia/Data_FM/RNA_FM_embeddings/4IQS/rnafm_t12_residue_embeddings.pt
4IQS	4	E	E	1	8	35dbc37c90acd89fd2409bc14b6b5884cf05797958be494d86942dc9520a90a3	0	0	full_sequence	1	0	/storage9920/home/tinghao.xia/Data_FM/RNA_FM_embeddings/4IQS/rnafm_t12_residue_embeddings.pt
4IQS	5	F	F	1	8	35dbc37c90acd89fd2409bc14b6b5884cf05797958be494d86942dc9520a90a3	0	0	full_sequence	1	0	/storage9920/home/tinghao.xia/Data_FM/RNA_FM_embeddings/4IQS/rnafm_t12_residue_embeddings.pt
4J50	0	A	A	1	19	6756fec41ebe134926ca19b7b259876b6447445303407392ede5796775031774	0	0	full_sequence	1	0	/storage9920/home/tinghao.xia/Data_FM/RNA_FM_embeddings/4J50/rnafm_t12_residue_embeddings.pt
4J50	1	B	B	1	19	6756fec41ebe134926ca19b7b259876b6447445303407392ede5796775031774	0	0	full_sequence	1	0	/storage9920/home/tinghao.xia/Data_FM/RNA_FM_embeddings/4J50/rnafm_t12_residue_embeddings.pt
4JAB	0	A	A	1	8	60fe72c47e35408fb73b07b4d378e62951f20c37e60f05621d4979fa26391ea0	0	0	full_sequence	1	0	/storage9920/home/tinghao.xia/Data_FM/RNA_FM_embeddings/4JAB/rnafm_t12_residue_embeddings.pt
4JAB	1	B	B	1	8	60fe72c47e35408fb73b07b4d378e62951f20c37e60f05621d4979fa26391ea0	0	0	full_sequence	1	0	/storage9920/home/tinghao.xia/Data_FM/RNA_FM_embeddings/4JAB/rnafm_t12_residue_embeddings.pt
4JAH	0	A	A	1	8	91c57fab5daaa69da198c57e08a1e2408d62d00b3a80b935cb3e12c9e5e1851c	1	1	full_sequence	1	0	/storage9920/home/tinghao.xia/Data_FM/RNA_FM_embeddings/4JAH/rnafm_t12_residue_embeddings.pt
4JAH	1	B	B	1	8	91c57fab5daaa69da198c57e08a1e2408d62d00b3a80b935cb3e12c9e5e1851c	1	1	full_sequence	1	0	/storage9920/home/tinghao.xia/Data_FM/RNA_FM_embeddings/4JAH/rnafm_t12_residue_embeddings.pt
4JAH	2	D	C	1	8	91c57fab5daaa69da198c57e08a1e2408d62d00b3a80b935cb3e12c9e5e1851c	1	1	full_sequence	1	0	/storage9920/home/tinghao.xia/Data_FM/RNA_FM_embeddings/4JAH/rnafm_t12_residue_embeddings.pt
4JAH	3	E	D	1	8	91c57fab5daaa69da198c57e08a1e2408d62d00b3a80b935cb3e12c9e5e1851c	1	1	full_sequence	1	0	/storage9920/home/tinghao.xia/Data_FM/RNA_FM_embeddings/4JAH/rnafm_t12_residue_embeddings.pt
4JAH	4	C	E	1	8	91c57fab5daaa69da198c57e08a1e2408d62d00b3a80b935cb3e12c9e5e1851c	1	1	full_sequence	1	0	/storage9920/home/tinghao.xia/Data_FM/RNA_FM_embeddings/4JAH/rnafm_t12_residue_embeddings.pt
4JAH	5	F	F	1	8	91c57fab5daaa69da198c57e08a1e2408d62d00b3a80b935cb3e12c9e5e1851c	1	1	full_sequence	1	0	/storage9920/home/tinghao.xia/Data_FM/RNA_FM_embeddings/4JAH/rnafm_t12_residue_embeddings.pt
4JF2	0	A	A	1	77	63365592a483f97d6b759e25fbbc797e1bdf368e1dbeab490280cc686220d9ad	0	0	full_sequence	1	0	/storage9920/home/tinghao.xia/Data_FM/RNA_FM_embeddings/4JF2/rnafm_t12_residue_embeddings.pt
4JIY	0	A	A	1	6	aee948f00e54e1b220495a7d5fef9ec7b9585a30863718937a9733075424ddf6	0	0	full_sequence	1	0	/storage9920/home/tinghao.xia/Data_FM/RNA_FM_embeddings/4JIY/rnafm_t12_residue_embeddings.pt
4JRC	0	A	A	1	57	14fda8273ad1e27c93a24d00fd9c91618d3dafd7fef02fe30a1355ac41e87096	0	0	full_sequence	1	0	/storage9920/home/tinghao.xia/Data_FM/RNA_FM_embeddings/4JRC/rnafm_t12_residue_embeddings.pt
4JRC	1	B	B	1	57	14fda8273ad1e27c93a24d00fd9c91618d3dafd7fef02fe30a1355ac41e87096	0	0	full_sequence	1	0	/storage9920/home/tinghao.xia/Data_FM/RNA_FM_embeddings/4JRC/rnafm_t12_residue_embeddings.pt
4JRD	0	A	A	1	11	dd20088919031875b7bcca29995545dd40ca994be0558183f9b942b51b3b2249	0	0	full_sequence	1	0	/storage9920/home/tinghao.xia/Data_FM/RNA_FM_embeddings/4JRD/rnafm_t12_residue_embeddings.pt
4JRD	1	B	B	1	11	dd20088919031875b7bcca29995545dd40ca994be0558183f9b942b51b3b2249	0	0	full_sequence	1	0	/storage9920/home/tinghao.xia/Data_FM/RNA_FM_embeddings/4JRD/rnafm_t12_residue_embeddings.pt
4JRT	0	A	A	1	12	5515cfff67e0baf5915d003e1c85e4dd53fb8026176194716a7ba48f46fc17f6	0	0	full_sequence	1	0	/storage9920/home/tinghao.xia/Data_FM/RNA_FM_embeddings/4JRT/rnafm_t12_residue_embeddings.pt
4JRT	1	B	B	2	12	6701ced1709305d5819540d7d954b9a498a92246fde8fd468f82b9eb1dcd90f6	0	0	full_sequence	1	0	/storage9920/home/tinghao.xia/Data_FM/RNA_FM_embeddings/4JRT/rnafm_t12_residue_embeddings.pt
4K27	0	U	A	1	55	53747f49a69830df4605786c948cd6fb894e27efea1d160655c96704c39f62d1	0	0	full_sequence	1	0	/storage9920/home/tinghao.xia/Data_FM/RNA_FM_embeddings/4K27/rnafm_t12_residue_embeddings.pt
4K31	0	B	A	1	23	c26e9c109eaf59a7206bf5286cb7603879796f700f146cf0086ab3df85a0798d	0	0	full_sequence	1	0	/storage9920/home/tinghao.xia/Data_FM/RNA_FM_embeddings/4K31/rnafm_t12_residue_embeddings.pt
4K31	1	C	B	1	23	c26e9c109eaf59a7206bf5286cb7603879796f700f146cf0086ab3df85a0798d	0	0	full_sequence	1	0	/storage9920/home/tinghao.xia/Data_FM/RNA_FM_embeddings/4K31/rnafm_t12_residue_embeddings.pt
4K32	0	A	A	1	23	c26e9c109eaf59a7206bf5286cb7603879796f700f146cf0086ab3df85a0798d	0	0	full_sequence	1	0	/storage9920/home/tinghao.xia/Data_FM/RNA_FM_embeddings/4K32/rnafm_t12_residue_embeddings.pt
4K32	1	B	B	1	23	c26e9c109eaf59a7206bf5286cb7603879796f700f146cf0086ab3df85a0798d	0	0	full_sequence	1	0	/storage9920/home/tinghao.xia/Data_FM/RNA_FM_embeddings/4K32/rnafm_t12_residue_embeddings.pt
4KQY	0	A	A	1	119	6166f3c7310e9634a7daf92e8447d17de512c55e24005a52b020926eb404fa19	0	0	full_sequence	1	0	/storage9920/home/tinghao.xia/Data_FM/RNA_FM_embeddings/4KQY/rnafm_t12_residue_embeddings.pt
4KYY	0	A	A	1	17	41481a7a7f7c883b94f550a5a0043302c610aa05bf3add49266f65994e4ce7b1	0	0	full_sequence	1	0	/storage9920/home/tinghao.xia/Data_FM/RNA_FM_embeddings/4KYY/rnafm_t12_residue_embeddings.pt
4KYY	1	B	B	1	17	41481a7a7f7c883b94f550a5a0043302c610aa05bf3add49266f65994e4ce7b1	0	0	full_sequence	1	0	/storage9920/home/tinghao.xia/Data_FM/RNA_FM_embeddings/4KYY/rnafm_t12_residue_embeddings.pt
4KZ2	0	A	A	1	18	52ef3af4e5ff23ab653c2aefee4611b163918d4b6317f8866d665df916780a7b	0	0	full_sequence	1	0	/storage9920/home/tinghao.xia/Data_FM/RNA_FM_embeddings/4KZ2/rnafm_t12_residue_embeddings.pt
4KZ2	1	B	B	2	20	bec2ac73cfdb581100ac1e04f4a3498943c5f21f9feafad4d8612aa25cbab236	0	0	full_sequence	1	0	/storage9920/home/tinghao.xia/Data_FM/RNA_FM_embeddings/4KZ2/rnafm_t12_residue_embeddings.pt
4KZ2	2	C	C	3	16	beb7acec40938aa342b1247de931ae2fcfff27657d0af806057173fbf5212881	0	0	full_sequence	1	0	/storage9920/home/tinghao.xia/Data_FM/RNA_FM_embeddings/4KZ2/rnafm_t12_residue_embeddings.pt
4L81	0	A	A	1	96	70ec4f65e022ed5d829e87f31a5a59c78751ca19be5aa7a661d711b53a669016	0	0	full_sequence	1	0	/storage9920/home/tinghao.xia/Data_FM/RNA_FM_embeddings/4L81/rnafm_t12_residue_embeddings.pt
4LVV	0	A	A	1	89	974f51da94729865209d77ea0328a5f6d9dcd2d165363cd1e56bbc9c795d2214	0	0	full_sequence	1	0	/storage9920/home/tinghao.xia/Data_FM/RNA_FM_embeddings/4LVV/rnafm_t12_residue_embeddings.pt
4LVW	0	A	A	1	89	974f51da94729865209d77ea0328a5f6d9dcd2d165363cd1e56bbc9c795d2214	0	0	full_sequence	1	0	/storage9920/home/tinghao.xia/Data_FM/RNA_FM_embeddings/4LVW/rnafm_t12_residue_embeddings.pt
4LVX	0	A	A	1	89	974f51da94729865209d77ea0328a5f6d9dcd2d165363cd1e56bbc9c795d2214	0	0	full_sequence	1	0	/storage9920/home/tinghao.xia/Data_FM/RNA_FM_embeddings/4LVX/rnafm_t12_residue_embeddings.pt
4LVY	0	A	A	1	89	974f51da94729865209d77ea0328a5f6d9dcd2d165363cd1e56bbc9c795d2214	0	0	full_sequence	1	0	/storage9920/home/tinghao.xia/Data_FM/RNA_FM_embeddings/4LVY/rnafm_t12_residue_embeddings.pt
4LVZ	0	A	A	1	89	974f51da94729865209d77ea0328a5f6d9dcd2d165363cd1e56bbc9c795d2214	0	0	full_sequence	1	0	/storage9920/home/tinghao.xia/Data_FM/RNA_FM_embeddings/4LVZ/rnafm_t12_residue_embeddings.pt
4LW0	0	A	A	1	89	974f51da94729865209d77ea0328a5f6d9dcd2d165363cd1e56bbc9c795d2214	0	0	full_sequence	1	0	/storage9920/home/tinghao.xia/Data_FM/RNA_FM_embeddings/4LW0/rnafm_t12_residue_embeddings.pt
4LX5	0	A	A	1	71	796bf726ae510460c3db460a46b2ba3ae3f4e3254f65d90c6a6d93fcf5d5e61e	0	0	full_sequence	1	0	/storage9920/home/tinghao.xia/Data_FM/RNA_FM_embeddings/4LX5/rnafm_t12_residue_embeddings.pt
4LX6	0	A	A	1	71	8ac45aed671ab696f259c1887c92866e6f1c0ba3f58095703c99acfb6f767fc5	0	0	full_sequence	1	0	/storage9920/home/tinghao.xia/Data_FM/RNA_FM_embeddings/4LX6/rnafm_t12_residue_embeddings.pt
4MCE	0	A	A	1	10	0caee2ea9a1efdff62891612dcfa7f102e971698d58064a07af79bd2f5d388b3	0	0	full_sequence	1	0	/storage9920/home/tinghao.xia/Data_FM/RNA_FM_embeddings/4MCE/rnafm_t12_residue_embeddings.pt
4MCE	1	C	B	1	10	0caee2ea9a1efdff62891612dcfa7f102e971698d58064a07af79bd2f5d388b3	0	0	full_sequence	1	0	/storage9920/home/tinghao.xia/Data_FM/RNA_FM_embeddings/4MCE/rnafm_t12_residue_embeddings.pt
4MCE	2	B	C	2	11	71824a6a8546e12491d6c358c83ff94f1bb518ecb13c2069fcdaf2f82c073411	0	0	full_sequence	1	0	/storage9920/home/tinghao.xia/Data_FM/RNA_FM_embeddings/4MCE/rnafm_t12_residue_embeddings.pt
4MCE	3	D	D	2	11	71824a6a8546e12491d6c358c83ff94f1bb518ecb13c2069fcdaf2f82c073411	0	0	full_sequence	1	0	/storage9920/home/tinghao.xia/Data_FM/RNA_FM_embeddings/4MCE/rnafm_t12_residue_embeddings.pt
4MCF	0	C	A	1	10	0caee2ea9a1efdff62891612dcfa7f102e971698d58064a07af79bd2f5d388b3	0	0	full_sequence	1	0	/storage9920/home/tinghao.xia/Data_FM/RNA_FM_embeddings/4MCF/rnafm_t12_residue_embeddings.pt
4MCF	1	A	B	1	10	0caee2ea9a1efdff62891612dcfa7f102e971698d58064a07af79bd2f5d388b3	0	0	full_sequence	1	0	/storage9920/home/tinghao.xia/Data_FM/RNA_FM_embeddings/4MCF/rnafm_t12_residue_embeddings.pt
4MCF	2	E	C	1	10	0caee2ea9a1efdff62891612dcfa7f102e971698d58064a07af79bd2f5d388b3	0	0	full_sequence	1	0	/storage9920/home/tinghao.xia/Data_FM/RNA_FM_embeddings/4MCF/rnafm_t12_residue_embeddings.pt
4MCF	3	G	D	1	10	0caee2ea9a1efdff62891612dcfa7f102e971698d58064a07af79bd2f5d388b3	0	0	full_sequence	1	0	/storage9920/home/tinghao.xia/Data_FM/RNA_FM_embeddings/4MCF/rnafm_t12_residue_embeddings.pt
4MCF	4	D	E	2	11	71824a6a8546e12491d6c358c83ff94f1bb518ecb13c2069fcdaf2f82c073411	0	0	full_sequence	1	0	/storage9920/home/tinghao.xia/Data_FM/RNA_FM_embeddings/4MCF/rnafm_t12_residue_embeddings.pt
4MCF	5	B	F	2	11	71824a6a8546e12491d6c358c83ff94f1bb518ecb13c2069fcdaf2f82c073411	0	0	full_sequence	1	0	/storage9920/home/tinghao.xia/Data_FM/RNA_FM_embeddings/4MCF/rnafm_t12_residue_embeddings.pt
4MCF	6	F	G	2	11	71824a6a8546e12491d6c358c83ff94f1bb518ecb13c2069fcdaf2f82c073411	0	0	full_sequence	1	0	/storage9920/home/tinghao.xia/Data_FM/RNA_FM_embeddings/4MCF/rnafm_t12_residue_embeddings.pt
4MCF	7	H	H	2	11	71824a6a8546e12491d6c358c83ff94f1bb518ecb13c2069fcdaf2f82c073411	0	0	full_sequence	1	0	/storage9920/home/tinghao.xia/Data_FM/RNA_FM_embeddings/4MCF/rnafm_t12_residue_embeddings.pt
4MEG	0	A	A	1	27	9f3697f79587881b7586d1453cee1c9f62d767ac511dc5099338b2310339bb9a	0	0	full_sequence	1	0	/storage9920/home/tinghao.xia/Data_FM/RNA_FM_embeddings/4MEG/rnafm_t12_residue_embeddings.pt
4MEG	1	B	B	2	126	60d37da3709e658f5abd118e241fbc1a13bb62891434dd6438b8c8025ecd2ad0	0	0	full_sequence	1	0	/storage9920/home/tinghao.xia/Data_FM/RNA_FM_embeddings/4MEG/rnafm_t12_residue_embeddings.pt
4MEH	0	A	A	1	27	9f3697f79587881b7586d1453cee1c9f62d767ac511dc5099338b2310339bb9a	0	0	full_sequence	1	0	/storage9920/home/tinghao.xia/Data_FM/RNA_FM_embeddings/4MEH/rnafm_t12_residue_embeddings.pt
4MEH	1	B	B	2	126	60d37da3709e658f5abd118e241fbc1a13bb62891434dd6438b8c8025ecd2ad0	0	0	full_sequence	1	0	/storage9920/home/tinghao.xia/Data_FM/RNA_FM_embeddings/4MEH/rnafm_t12_residue_embeddings.pt
4MGM	0	A	A	1	75	8a2ad8e183b1b564eaf1d3c67486082413c09009f9775b781b7d8c3ea48ce7ee	0	0	full_sequence	1	0	/storage9920/home/tinghao.xia/Data_FM/RNA_FM_embeddings/4MGM/rnafm_t12_residue_embeddings.pt
4MGM	1	B	B	1	75	8a2ad8e183b1b564eaf1d3c67486082413c09009f9775b781b7d8c3ea48ce7ee	0	0	full_sequence	1	0	/storage9920/home/tinghao.xia/Data_FM/RNA_FM_embeddings/4MGM/rnafm_t12_residue_embeddings.pt
4MGN	0	A	A	1	86	d65fb252e3c41287ab085034721539710de244ad6efdb4e8773498eff0c905fa	0	0	full_sequence	1	0	/storage9920/home/tinghao.xia/Data_FM/RNA_FM_embeddings/4MGN/rnafm_t12_residue_embeddings.pt
4MGN	1	C	B	1	86	d65fb252e3c41287ab085034721539710de244ad6efdb4e8773498eff0c905fa	0	0	full_sequence	1	0	/storage9920/home/tinghao.xia/Data_FM/RNA_FM_embeddings/4MGN/rnafm_t12_residue_embeddings.pt
4MGN	2	B	C	2	75	8a2ad8e183b1b564eaf1d3c67486082413c09009f9775b781b7d8c3ea48ce7ee	0	0	full_sequence	1	0	/storage9920/home/tinghao.xia/Data_FM/RNA_FM_embeddings/4MGN/rnafm_t12_residue_embeddings.pt
4MGN	3	D	D	2	75	8a2ad8e183b1b564eaf1d3c67486082413c09009f9775b781b7d8c3ea48ce7ee	0	0	full_sequence	1	0	/storage9920/home/tinghao.xia/Data_FM/RNA_FM_embeddings/4MGN/rnafm_t12_residue_embeddings.pt
4MS9	0	A	A	1	10	2eeec33883b1cae684a9121c858aa5f0fafefa0a1c5aaf38e3b2ae1926105ee0	0	0	full_sequence	1	0	/storage9920/home/tinghao.xia/Data_FM/RNA_FM_embeddings/4MS9/rnafm_t12_residue_embeddings.pt
4MSB	0	A	A	1	10	2eeec33883b1cae684a9121c858aa5f0fafefa0a1c5aaf38e3b2ae1926105ee0	0	0	full_sequence	1	0	/storage9920/home/tinghao.xia/Data_FM/RNA_FM_embeddings/4MSB/rnafm_t12_residue_embeddings.pt
4MSB	1	B	B	1	10	2eeec33883b1cae684a9121c858aa5f0fafefa0a1c5aaf38e3b2ae1926105ee0	0	0	full_sequence	1	0	/storage9920/home/tinghao.xia/Data_FM/RNA_FM_embeddings/4MSB/rnafm_t12_residue_embeddings.pt
4MSB	2	C	C	1	10	2eeec33883b1cae684a9121c858aa5f0fafefa0a1c5aaf38e3b2ae1926105ee0	0	0	full_sequence	1	0	/storage9920/home/tinghao.xia/Data_FM/RNA_FM_embeddings/4MSB/rnafm_t12_residue_embeddings.pt
4MSB	3	D	D	1	10	2eeec33883b1cae684a9121c858aa5f0fafefa0a1c5aaf38e3b2ae1926105ee0	0	0	full_sequence	1	0	/storage9920/home/tinghao.xia/Data_FM/RNA_FM_embeddings/4MSB/rnafm_t12_residue_embeddings.pt
4MSB	4	E	E	1	10	2eeec33883b1cae684a9121c858aa5f0fafefa0a1c5aaf38e3b2ae1926105ee0	0	0	full_sequence	1	0	/storage9920/home/tinghao.xia/Data_FM/RNA_FM_embeddings/4MSB/rnafm_t12_residue_embeddings.pt
4MSB	5	F	F	1	10	2eeec33883b1cae684a9121c858aa5f0fafefa0a1c5aaf38e3b2ae1926105ee0	0	0	full_sequence	1	0	/storage9920/home/tinghao.xia/Data_FM/RNA_FM_embeddings/4MSB/rnafm_t12_residue_embeddings.pt
4MSR	0	A	A	1	10	2eeec33883b1cae684a9121c858aa5f0fafefa0a1c5aaf38e3b2ae1926105ee0	0	0	full_sequence	1	0	/storage9920/home/tinghao.xia/Data_FM/RNA_FM_embeddings/4MSR/rnafm_t12_residue_embeddings.pt
4MSR	1	B	B	1	10	2eeec33883b1cae684a9121c858aa5f0fafefa0a1c5aaf38e3b2ae1926105ee0	0	0	full_sequence	1	0	/storage9920/home/tinghao.xia/Data_FM/RNA_FM_embeddings/4MSR/rnafm_t12_residue_embeddings.pt
4NFO	0	A	A	1	16	156b8cde7fc03af85978dc6d3a3a158495de5282b0747fe67df373e6ca44e38f	0	0	full_sequence	1	0	/storage9920/home/tinghao.xia/Data_FM/RNA_FM_embeddings/4NFO/rnafm_t12_residue_embeddings.pt
4NFO	1	B	B	1	16	156b8cde7fc03af85978dc6d3a3a158495de5282b0747fe67df373e6ca44e38f	0	0	full_sequence	1	0	/storage9920/home/tinghao.xia/Data_FM/RNA_FM_embeddings/4NFO/rnafm_t12_residue_embeddings.pt
4NFO	2	C	C	1	16	156b8cde7fc03af85978dc6d3a3a158495de5282b0747fe67df373e6ca44e38f	0	0	full_sequence	1	0	/storage9920/home/tinghao.xia/Data_FM/RNA_FM_embeddings/4NFO/rnafm_t12_residue_embeddings.pt
4NFP	0	A	A	1	16	156b8cde7fc03af85978dc6d3a3a158495de5282b0747fe67df373e6ca44e38f	0	0	full_sequence	1	0	/storage9920/home/tinghao.xia/Data_FM/RNA_FM_embeddings/4NFP/rnafm_t12_residue_embeddings.pt
4NFP	1	B	B	1	16	156b8cde7fc03af85978dc6d3a3a158495de5282b0747fe67df373e6ca44e38f	0	0	full_sequence	1	0	/storage9920/home/tinghao.xia/Data_FM/RNA_FM_embeddings/4NFP/rnafm_t12_residue_embeddings.pt
4NFP	2	C	C	1	16	156b8cde7fc03af85978dc6d3a3a158495de5282b0747fe67df373e6ca44e38f	0	0	full_sequence	1	0	/storage9920/home/tinghao.xia/Data_FM/RNA_FM_embeddings/4NFP/rnafm_t12_residue_embeddings.pt
4NFQ	0	A	A	1	16	156b8cde7fc03af85978dc6d3a3a158495de5282b0747fe67df373e6ca44e38f	0	0	full_sequence	1	0	/storage9920/home/tinghao.xia/Data_FM/RNA_FM_embeddings/4NFQ/rnafm_t12_residue_embeddings.pt
4NFQ	1	B	B	1	16	156b8cde7fc03af85978dc6d3a3a158495de5282b0747fe67df373e6ca44e38f	0	0	full_sequence	1	0	/storage9920/home/tinghao.xia/Data_FM/RNA_FM_embeddings/4NFQ/rnafm_t12_residue_embeddings.pt
4NFQ	2	C	C	1	16	156b8cde7fc03af85978dc6d3a3a158495de5282b0747fe67df373e6ca44e38f	0	0	full_sequence	1	0	/storage9920/home/tinghao.xia/Data_FM/RNA_FM_embeddings/4NFQ/rnafm_t12_residue_embeddings.pt
4NLF	0	A	A	1	27	e55f129516b6f8100f096ab2e2785b8bad75d4b80bc2136f14ba0b35301fefe9	1	1	full_sequence	1	0	/storage9920/home/tinghao.xia/Data_FM/RNA_FM_embeddings/4NLF/rnafm_t12_residue_embeddings.pt
4NMG	0	A	A	1	27	7a3daad18e733410ce7d9a03d36bcc6d2640cf3b25f1c7694a23c1820b7547ca	1	1	full_sequence	1	0	/storage9920/home/tinghao.xia/Data_FM/RNA_FM_embeddings/4NMG/rnafm_t12_residue_embeddings.pt
4NXH	0	A	A	1	27	d96c5c0e59cabd27c0d3539be7f18a02e79a86b3104a36c5e889db1db680c9ed	1	1	full_sequence	1	0	/storage9920/home/tinghao.xia/Data_FM/RNA_FM_embeddings/4NXH/rnafm_t12_residue_embeddings.pt
4NYA	0	A	A	1	80	f4d7e73ea2ea7690455566e1bdc377ee2212b8b4d218fa3a39b4cc6676202a59	0	0	full_sequence	1	0	/storage9920/home/tinghao.xia/Data_FM/RNA_FM_embeddings/4NYA/rnafm_t12_residue_embeddings.pt
4NYA	1	B	B	1	80	f4d7e73ea2ea7690455566e1bdc377ee2212b8b4d218fa3a39b4cc6676202a59	0	0	full_sequence	1	0	/storage9920/home/tinghao.xia/Data_FM/RNA_FM_embeddings/4NYA/rnafm_t12_residue_embeddings.pt
4NYB	0	A	A	1	83	79dc9078a98d9e05e7a644ce8cd19e5a54fe597adc0f6f83a7cd865a4dbfab21	0	0	full_sequence	1	0	/storage9920/home/tinghao.xia/Data_FM/RNA_FM_embeddings/4NYB/rnafm_t12_residue_embeddings.pt
4NYC	0	A	A	1	83	79dc9078a98d9e05e7a644ce8cd19e5a54fe597adc0f6f83a7cd865a4dbfab21	0	0	full_sequence	1	0	/storage9920/home/tinghao.xia/Data_FM/RNA_FM_embeddings/4NYC/rnafm_t12_residue_embeddings.pt
4NYD	0	A	A	1	83	79dc9078a98d9e05e7a644ce8cd19e5a54fe597adc0f6f83a7cd865a4dbfab21	0	0	full_sequence	1	0	/storage9920/home/tinghao.xia/Data_FM/RNA_FM_embeddings/4NYD/rnafm_t12_residue_embeddings.pt
4NYG	0	A	A	1	83	79dc9078a98d9e05e7a644ce8cd19e5a54fe597adc0f6f83a7cd865a4dbfab21	0	0	full_sequence	1	0	/storage9920/home/tinghao.xia/Data_FM/RNA_FM_embeddings/4NYG/rnafm_t12_residue_embeddings.pt
4O41	0	A	A	1	12	01cba9dc22f9bd104fac9190f949db1e6b6a23142f1c18dcf7b046f24691b8fe	1	1	full_sequence	1	0	/storage9920/home/tinghao.xia/Data_FM/RNA_FM_embeddings/4O41/rnafm_t12_residue_embeddings.pt
4O41	1	B	B	1	12	01cba9dc22f9bd104fac9190f949db1e6b6a23142f1c18dcf7b046f24691b8fe	1	1	full_sequence	1	0	/storage9920/home/tinghao.xia/Data_FM/RNA_FM_embeddings/4O41/rnafm_t12_residue_embeddings.pt
4O41	2	C	C	1	12	01cba9dc22f9bd104fac9190f949db1e6b6a23142f1c18dcf7b046f24691b8fe	1	1	full_sequence	1	0	/storage9920/home/tinghao.xia/Data_FM/RNA_FM_embeddings/4O41/rnafm_t12_residue_embeddings.pt
4O41	3	D	D	1	12	01cba9dc22f9bd104fac9190f949db1e6b6a23142f1c18dcf7b046f24691b8fe	1	1	full_sequence	1	0	/storage9920/home/tinghao.xia/Data_FM/RNA_FM_embeddings/4O41/rnafm_t12_residue_embeddings.pt
4OJI	0	A	A	1	54	a2477e111f08ab2e8dfacf29529328d0cc22336c3ec97074e4f7050c0d8d32e2	0	0	full_sequence	1	0	/storage9920/home/tinghao.xia/Data_FM/RNA_FM_embeddings/4OJI/rnafm_t12_residue_embeddings.pt
4OQU	0	A	A	1	97	c9396bb9dca940c29395cde3ba6c8e0d5be716a380bef6439922a16b3d632161	0	0	full_sequence	1	0	/storage9920/home/tinghao.xia/Data_FM/RNA_FM_embeddings/4OQU/rnafm_t12_residue_embeddings.pt
4P20	0	A	A	1	23	9ee20b8338479c64ee2d8e99734ce06aa442292c45f9cc3c84bdc2fe6a616b63	0	0	full_sequence	1	0	/storage9920/home/tinghao.xia/Data_FM/RNA_FM_embeddings/4P20/rnafm_t12_residue_embeddings.pt
4P20	1	B	B	1	23	9ee20b8338479c64ee2d8e99734ce06aa442292c45f9cc3c84bdc2fe6a616b63	0	0	full_sequence	1	0	/storage9920/home/tinghao.xia/Data_FM/RNA_FM_embeddings/4P20/rnafm_t12_residue_embeddings.pt
4P3S	0	A	A	1	23	2711ec2ac554775b7b9a29d2d00653fa9c1126f124ccc5ca1cee3f85b441b108	0	0	full_sequence	1	0	/storage9920/home/tinghao.xia/Data_FM/RNA_FM_embeddings/4P3S/rnafm_t12_residue_embeddings.pt
4P3S	1	B	B	1	23	2711ec2ac554775b7b9a29d2d00653fa9c1126f124ccc5ca1cee3f85b441b108	0	0	full_sequence	1	0	/storage9920/home/tinghao.xia/Data_FM/RNA_FM_embeddings/4P3S/rnafm_t12_residue_embeddings.pt
4P3T	0	A	A	1	23	2711ec2ac554775b7b9a29d2d00653fa9c1126f124ccc5ca1cee3f85b441b108	0	0	full_sequence	1	0	/storage9920/home/tinghao.xia/Data_FM/RNA_FM_embeddings/4P3T/rnafm_t12_residue_embeddings.pt
4P3T	1	B	B	1	23	2711ec2ac554775b7b9a29d2d00653fa9c1126f124ccc5ca1cee3f85b441b108	0	0	full_sequence	1	0	/storage9920/home/tinghao.xia/Data_FM/RNA_FM_embeddings/4P3T/rnafm_t12_residue_embeddings.pt
4P3U	0	A	A	1	23	e76e567399b832cd5fa2fed90beb8ff5a6af0db353be96cfc2d862a4face2ce7	0	0	full_sequence	1	0	/storage9920/home/tinghao.xia/Data_FM/RNA_FM_embeddings/4P3U/rnafm_t12_residue_embeddings.pt
4P3U	1	B	B	1	23	e76e567399b832cd5fa2fed90beb8ff5a6af0db353be96cfc2d862a4face2ce7	0	0	full_sequence	1	0	/storage9920/home/tinghao.xia/Data_FM/RNA_FM_embeddings/4P3U/rnafm_t12_residue_embeddings.pt
4P3U	2	C	C	1	23	e76e567399b832cd5fa2fed90beb8ff5a6af0db353be96cfc2d862a4face2ce7	0	0	full_sequence	1	0	/storage9920/home/tinghao.xia/Data_FM/RNA_FM_embeddings/4P3U/rnafm_t12_residue_embeddings.pt
4P3U	3	D	D	1	23	e76e567399b832cd5fa2fed90beb8ff5a6af0db353be96cfc2d862a4face2ce7	0	0	full_sequence	1	0	/storage9920/home/tinghao.xia/Data_FM/RNA_FM_embeddings/4P3U/rnafm_t12_residue_embeddings.pt
4P43	0	A	A	1	23	e76e567399b832cd5fa2fed90beb8ff5a6af0db353be96cfc2d862a4face2ce7	0	0	full_sequence	1	0	/storage9920/home/tinghao.xia/Data_FM/RNA_FM_embeddings/4P43/rnafm_t12_residue_embeddings.pt
4P43	1	B	B	1	23	e76e567399b832cd5fa2fed90beb8ff5a6af0db353be96cfc2d862a4face2ce7	0	0	full_sequence	1	0	/storage9920/home/tinghao.xia/Data_FM/RNA_FM_embeddings/4P43/rnafm_t12_residue_embeddings.pt
4P5J	0	A	A	1	86	92bfebd7e032efaf05a4edea4dee3c69371221eac43aaadbce352b2ff1beed4e	0	0	full_sequence	1	0	/storage9920/home/tinghao.xia/Data_FM/RNA_FM_embeddings/4P5J/rnafm_t12_residue_embeddings.pt
4P8Z	0	A	A	1	188	43893869c3f4cf5d1b6a59042e643bc4fc1cab79fa62375a90c519df443bc3c7	0	0	full_sequence	1	0	/storage9920/home/tinghao.xia/Data_FM/RNA_FM_embeddings/4P8Z/rnafm_t12_residue_embeddings.pt
4P97	0	A	A	1	16	090379a02ed3498a1f1a6a0d2c3c9f31269d61135a6564259f42207b1febd0cb	0	0	full_sequence	1	0	/storage9920/home/tinghao.xia/Data_FM/RNA_FM_embeddings/4P97/rnafm_t12_residue_embeddings.pt
4P97	1	C	B	1	16	090379a02ed3498a1f1a6a0d2c3c9f31269d61135a6564259f42207b1febd0cb	0	0	full_sequence	1	0	/storage9920/home/tinghao.xia/Data_FM/RNA_FM_embeddings/4P97/rnafm_t12_residue_embeddings.pt
4P97	2	B	C	2	11	db4b59c408d96baf4bcfa76e3b46d9ff719e3fd79be5a761d523680fe10458e2	0	0	full_sequence	1	0	/storage9920/home/tinghao.xia/Data_FM/RNA_FM_embeddings/4P97/rnafm_t12_residue_embeddings.pt
4P97	3	D	D	2	11	db4b59c408d96baf4bcfa76e3b46d9ff719e3fd79be5a761d523680fe10458e2	0	0	full_sequence	1	0	/storage9920/home/tinghao.xia/Data_FM/RNA_FM_embeddings/4P97/rnafm_t12_residue_embeddings.pt
4P9R	0	A	A	1	192	a0c552e212a8279dddcbc61d3957ba1b45f5076cba367533a697f0fd05a49f7b	0	0	full_sequence	1	0	/storage9920/home/tinghao.xia/Data_FM/RNA_FM_embeddings/4P9R/rnafm_t12_residue_embeddings.pt
4PCJ	0	A	A	1	35	86f2cc720e275e8d74a16f069fe04101240f4c1d8884651102c98c35cbe46b96	0	0	full_sequence	1	0	/storage9920/home/tinghao.xia/Data_FM/RNA_FM_embeddings/4PCJ/rnafm_t12_residue_embeddings.pt
4PCO	0	A	A	1	10	1e445128cc6133af22c559bf626ef962a38233ea8f02cb18ce0f51b333b5e99a	0	0	full_sequence	1	0	/storage9920/home/tinghao.xia/Data_FM/RNA_FM_embeddings/4PCO/rnafm_t12_residue_embeddings.pt
4PCO	1	B	B	1	10	1e445128cc6133af22c559bf626ef962a38233ea8f02cb18ce0f51b333b5e99a	0	0	full_sequence	1	0	/storage9920/home/tinghao.xia/Data_FM/RNA_FM_embeddings/4PCO/rnafm_t12_residue_embeddings.pt
4PCO	2	C	C	1	10	1e445128cc6133af22c559bf626ef962a38233ea8f02cb18ce0f51b333b5e99a	0	0	full_sequence	1	0	/storage9920/home/tinghao.xia/Data_FM/RNA_FM_embeddings/4PCO/rnafm_t12_residue_embeddings.pt
4PCO	3	D	D	1	10	1e445128cc6133af22c559bf626ef962a38233ea8f02cb18ce0f51b333b5e99a	0	0	full_sequence	1	0	/storage9920/home/tinghao.xia/Data_FM/RNA_FM_embeddings/4PCO/rnafm_t12_residue_embeddings.pt
4PCO	4	E	E	1	10	1e445128cc6133af22c559bf626ef962a38233ea8f02cb18ce0f51b333b5e99a	0	0	full_sequence	1	0	/storage9920/home/tinghao.xia/Data_FM/RNA_FM_embeddings/4PCO/rnafm_t12_residue_embeddings.pt
4PDQ	0	A	A	1	23	276dd8b0fd20fac93c6978666a2dd21c1bba8c8389fe28667f1ceb7851755f62	0	0	full_sequence	1	0	/storage9920/home/tinghao.xia/Data_FM/RNA_FM_embeddings/4PDQ/rnafm_t12_residue_embeddings.pt
4PDQ	1	B	B	1	23	276dd8b0fd20fac93c6978666a2dd21c1bba8c8389fe28667f1ceb7851755f62	0	0	full_sequence	1	0	/storage9920/home/tinghao.xia/Data_FM/RNA_FM_embeddings/4PDQ/rnafm_t12_residue_embeddings.pt
4PHY	0	A	A	1	26	bc5375c5139b2a558c8e5f293874108d2cc2688bb5d5f9b37f8f98f42e4357fe	0	0	full_sequence	1	0	/storage9920/home/tinghao.xia/Data_FM/RNA_FM_embeddings/4PHY/rnafm_t12_residue_embeddings.pt
4PHY	1	B	B	2	20	01f0192bf420738704f18ce0110e7c2e39c2e02e1f80e279c084ecf964e7e814	0	0	full_sequence	1	0	/storage9920/home/tinghao.xia/Data_FM/RNA_FM_embeddings/4PHY/rnafm_t12_residue_embeddings.pt
4PLX	0	A	A	1	76	b377d31642120addc097a45d6377477d390ae8da6265ba53db1664dab574d082	0	0	full_sequence	1	0	/storage9920/home/tinghao.xia/Data_FM/RNA_FM_embeddings/4PLX/rnafm_t12_residue_embeddings.pt
4PLX	1	B	B	1	76	b377d31642120addc097a45d6377477d390ae8da6265ba53db1664dab574d082	0	0	full_sequence	1	0	/storage9920/home/tinghao.xia/Data_FM/RNA_FM_embeddings/4PLX/rnafm_t12_residue_embeddings.pt
4PLX	2	C	C	1	76	b377d31642120addc097a45d6377477d390ae8da6265ba53db1664dab574d082	0	0	full_sequence	1	0	/storage9920/home/tinghao.xia/Data_FM/RNA_FM_embeddings/4PLX/rnafm_t12_residue_embeddings.pt
4PQV	0	A	A	1	68	158b6339a64f52cd3a70932f8f638b97bb507310e7efc970fca5529f81b9b662	0	0	full_sequence	1	0	/storage9920/home/tinghao.xia/Data_FM/RNA_FM_embeddings/4PQV/rnafm_t12_residue_embeddings.pt
4QJD	0	A	A	1	26	1cb21c99fe435b0d7cc9a574ad5f9855f878d96ddf4f6c36137d9d14a1ec8ca5	0	0	full_sequence	1	0	/storage9920/home/tinghao.xia/Data_FM/RNA_FM_embeddings/4QJD/rnafm_t12_residue_embeddings.pt
4QJD	1	C	B	1	26	1cb21c99fe435b0d7cc9a574ad5f9855f878d96ddf4f6c36137d9d14a1ec8ca5	0	0	full_sequence	1	0	/storage9920/home/tinghao.xia/Data_FM/RNA_FM_embeddings/4QJD/rnafm_t12_residue_embeddings.pt
4QJD	2	E	C	1	26	1cb21c99fe435b0d7cc9a574ad5f9855f878d96ddf4f6c36137d9d14a1ec8ca5	0	0	full_sequence	1	0	/storage9920/home/tinghao.xia/Data_FM/RNA_FM_embeddings/4QJD/rnafm_t12_residue_embeddings.pt
4QJD	3	G	D	1	26	1cb21c99fe435b0d7cc9a574ad5f9855f878d96ddf4f6c36137d9d14a1ec8ca5	0	0	full_sequence	1	0	/storage9920/home/tinghao.xia/Data_FM/RNA_FM_embeddings/4QJD/rnafm_t12_residue_embeddings.pt
4QJD	4	B	E	2	47	8f6e89b95868c2fd00a94d7ced411933224e3f727bece2e70d93aead5e46b6c2	0	0	full_sequence	1	0	/storage9920/home/tinghao.xia/Data_FM/RNA_FM_embeddings/4QJD/rnafm_t12_residue_embeddings.pt
4QJD	5	D	F	2	47	8f6e89b95868c2fd00a94d7ced411933224e3f727bece2e70d93aead5e46b6c2	0	0	full_sequence	1	0	/storage9920/home/tinghao.xia/Data_FM/RNA_FM_embeddings/4QJD/rnafm_t12_residue_embeddings.pt
4QJD	6	F	G	2	47	8f6e89b95868c2fd00a94d7ced411933224e3f727bece2e70d93aead5e46b6c2	0	0	full_sequence	1	0	/storage9920/home/tinghao.xia/Data_FM/RNA_FM_embeddings/4QJD/rnafm_t12_residue_embeddings.pt
4QJD	7	H	H	2	47	8f6e89b95868c2fd00a94d7ced411933224e3f727bece2e70d93aead5e46b6c2	0	0	full_sequence	1	0	/storage9920/home/tinghao.xia/Data_FM/RNA_FM_embeddings/4QJD/rnafm_t12_residue_embeddings.pt
4QJH	0	A	A	1	26	1f6999a41e8c1468d457ca3672bdeec64f848690e2b45b61a29c8511aa703cbe	0	0	full_sequence	1	0	/storage9920/home/tinghao.xia/Data_FM/RNA_FM_embeddings/4QJH/rnafm_t12_residue_embeddings.pt
4QJH	1	C	B	1	26	1f6999a41e8c1468d457ca3672bdeec64f848690e2b45b61a29c8511aa703cbe	0	0	full_sequence	1	0	/storage9920/home/tinghao.xia/Data_FM/RNA_FM_embeddings/4QJH/rnafm_t12_residue_embeddings.pt
4QJH	2	E	C	1	26	1f6999a41e8c1468d457ca3672bdeec64f848690e2b45b61a29c8511aa703cbe	0	0	full_sequence	1	0	/storage9920/home/tinghao.xia/Data_FM/RNA_FM_embeddings/4QJH/rnafm_t12_residue_embeddings.pt
4QJH	3	B	D	2	48	a1ef46bee011ac14c7aa62d263e978af109ef48e6b30052e402c7bb8fc74a3ab	0	0	full_sequence	1	0	/storage9920/home/tinghao.xia/Data_FM/RNA_FM_embeddings/4QJH/rnafm_t12_residue_embeddings.pt
4QJH	4	D	E	2	48	a1ef46bee011ac14c7aa62d263e978af109ef48e6b30052e402c7bb8fc74a3ab	0	0	full_sequence	1	0	/storage9920/home/tinghao.xia/Data_FM/RNA_FM_embeddings/4QJH/rnafm_t12_residue_embeddings.pt
4QJH	5	F	F	2	48	a1ef46bee011ac14c7aa62d263e978af109ef48e6b30052e402c7bb8fc74a3ab	0	0	full_sequence	1	0	/storage9920/home/tinghao.xia/Data_FM/RNA_FM_embeddings/4QJH/rnafm_t12_residue_embeddings.pt
4QK8	0	A	A	1	122	3a67ac5572f8b84ec613e97d3c8ac6554bebf9621264f181530f66ca9b3dd62b	1	1	full_sequence	1	0	/storage9920/home/tinghao.xia/Data_FM/RNA_FM_embeddings/4QK8/rnafm_t12_residue_embeddings.pt
4QK9	0	A	A	1	124	78ebb47dc7b23f0e3b1fed82c11ac61b000de25992e427a72a48a67aa7972f4c	1	1	full_sequence	1	0	/storage9920/home/tinghao.xia/Data_FM/RNA_FM_embeddings/4QK9/rnafm_t12_residue_embeddings.pt
4QKA	0	A	A	1	122	3a67ac5572f8b84ec613e97d3c8ac6554bebf9621264f181530f66ca9b3dd62b	1	1	full_sequence	1	0	/storage9920/home/tinghao.xia/Data_FM/RNA_FM_embeddings/4QKA/rnafm_t12_residue_embeddings.pt
4QLM	0	A	A	1	125	c8bbbeab96986d6705f8e6b7020b3783634b324562f05498790b0f422176c7bb	0	0	full_sequence	1	0	/storage9920/home/tinghao.xia/Data_FM/RNA_FM_embeddings/4QLM/rnafm_t12_residue_embeddings.pt
4QLN	0	A	A	1	125	c8bbbeab96986d6705f8e6b7020b3783634b324562f05498790b0f422176c7bb	0	0	full_sequence	1	0	/storage9920/home/tinghao.xia/Data_FM/RNA_FM_embeddings/4QLN/rnafm_t12_residue_embeddings.pt
4R0D	0	A	A	1	622	ec63672267c9017f3bb7584d0456b73700816dd641ebc5b6a557e1d1f7ba73f6	0	0	full_sequence	1	0	/storage9920/home/tinghao.xia/Data_FM/RNA_FM_embeddings/4R0D/rnafm_t12_residue_embeddings.pt
4R0D	1	B	B	2	20	c16ce70d8556ab1d2d187e389a552c87b5bc60d9b7f3488271a6a58cd7700596	0	0	full_sequence	1	0	/storage9920/home/tinghao.xia/Data_FM/RNA_FM_embeddings/4R0D/rnafm_t12_residue_embeddings.pt
4R4P	0	A	A	1	186	8e4b3b9abbf6dcb5e55b172294ee141ffdb4427674367eec2a35d187ae1855e6	0	0	full_sequence	1	0	/storage9920/home/tinghao.xia/Data_FM/RNA_FM_embeddings/4R4P/rnafm_t12_residue_embeddings.pt
4R4V	0	A	A	1	186	336230fe57481074f2724f7e03a1a61f3858f50c38173aa7e4223ab4b22a248d	0	0	full_sequence	1	0	/storage9920/home/tinghao.xia/Data_FM/RNA_FM_embeddings/4R4V/rnafm_t12_residue_embeddings.pt
4RBQ	0	A	A	1	32	9fc47aa9880ec0fdaf109e20ac8b479a05405dae9b42e437c59981111eeca4e2	0	0	full_sequence	1	0	/storage9920/home/tinghao.xia/Data_FM/RNA_FM_embeddings/4RBQ/rnafm_t12_residue_embeddings.pt
4RBY	0	A	A	1	12	393a7bb7c3d70329546e7d788ec0c107f2e974d9f494b19cfb5155a4110c8fad	1	1	full_sequence	1	0	/storage9920/home/tinghao.xia/Data_FM/RNA_FM_embeddings/4RBY/rnafm_t12_residue_embeddings.pt
4RBZ	0	A	A	1	12	3e01c0b753e57ec397898f049ebc4007c4fc4a22afd3aae9845116aea56926d3	1	1	full_sequence	1	0	/storage9920/home/tinghao.xia/Data_FM/RNA_FM_embeddings/4RBZ/rnafm_t12_residue_embeddings.pt
4RC0	0	A	A	1	12	7a7ab2c71b94405097afd8155795836454265875ec8a1e8eb18ff10249f5f672	1	1	full_sequence	1	0	/storage9920/home/tinghao.xia/Data_FM/RNA_FM_embeddings/4RC0/rnafm_t12_residue_embeddings.pt
4RGE	0	A	A	1	56	f51ae936b6697945058b545a33577278fc9bd3b36f44c4287d5c538c744c6563	0	0	full_sequence	1	0	/storage9920/home/tinghao.xia/Data_FM/RNA_FM_embeddings/4RGE/rnafm_t12_residue_embeddings.pt
4RGE	1	B	B	1	56	f51ae936b6697945058b545a33577278fc9bd3b36f44c4287d5c538c744c6563	0	0	full_sequence	1	0	/storage9920/home/tinghao.xia/Data_FM/RNA_FM_embeddings/4RGE/rnafm_t12_residue_embeddings.pt
4RGE	2	C	C	1	56	f51ae936b6697945058b545a33577278fc9bd3b36f44c4287d5c538c744c6563	0	0	full_sequence	1	0	/storage9920/home/tinghao.xia/Data_FM/RNA_FM_embeddings/4RGE/rnafm_t12_residue_embeddings.pt
4RGF	0	A	A	1	56	f51ae936b6697945058b545a33577278fc9bd3b36f44c4287d5c538c744c6563	0	0	full_sequence	1	0	/storage9920/home/tinghao.xia/Data_FM/RNA_FM_embeddings/4RGF/rnafm_t12_residue_embeddings.pt
4RGF	1	B	B	1	56	f51ae936b6697945058b545a33577278fc9bd3b36f44c4287d5c538c744c6563	0	0	full_sequence	1	0	/storage9920/home/tinghao.xia/Data_FM/RNA_FM_embeddings/4RGF/rnafm_t12_residue_embeddings.pt
4RGF	2	C	C	1	56	f51ae936b6697945058b545a33577278fc9bd3b36f44c4287d5c538c744c6563	0	0	full_sequence	1	0	/storage9920/home/tinghao.xia/Data_FM/RNA_FM_embeddings/4RGF/rnafm_t12_residue_embeddings.pt
4RJ1	0	A	A	1	6	aa5a52291e99d55aeb9a8a1a113ec8edfb9a8a50881613e21abeda4d988e5f55	0	0	full_sequence	1	0	/storage9920/home/tinghao.xia/Data_FM/RNA_FM_embeddings/4RJ1/rnafm_t12_residue_embeddings.pt
4RJ1	1	B	B	1	6	aa5a52291e99d55aeb9a8a1a113ec8edfb9a8a50881613e21abeda4d988e5f55	0	0	full_sequence	1	0	/storage9920/home/tinghao.xia/Data_FM/RNA_FM_embeddings/4RJ1/rnafm_t12_residue_embeddings.pt
4RKV	0	A	A	1	6	aa5a52291e99d55aeb9a8a1a113ec8edfb9a8a50881613e21abeda4d988e5f55	0	0	full_sequence	1	0	/storage9920/home/tinghao.xia/Data_FM/RNA_FM_embeddings/4RKV/rnafm_t12_residue_embeddings.pt
4RKV	1	B	B	1	6	aa5a52291e99d55aeb9a8a1a113ec8edfb9a8a50881613e21abeda4d988e5f55	0	0	full_sequence	1	0	/storage9920/home/tinghao.xia/Data_FM/RNA_FM_embeddings/4RKV/rnafm_t12_residue_embeddings.pt
4RNE	0	A	A	1	6	aa5a52291e99d55aeb9a8a1a113ec8edfb9a8a50881613e21abeda4d988e5f55	0	0	full_sequence	1	0	/storage9920/home/tinghao.xia/Data_FM/RNA_FM_embeddings/4RNE/rnafm_t12_residue_embeddings.pt
4RNE	1	B	B	1	6	aa5a52291e99d55aeb9a8a1a113ec8edfb9a8a50881613e21abeda4d988e5f55	0	0	full_sequence	1	0	/storage9920/home/tinghao.xia/Data_FM/RNA_FM_embeddings/4RNE/rnafm_t12_residue_embeddings.pt
4RNE	2	C	C	1	6	aa5a52291e99d55aeb9a8a1a113ec8edfb9a8a50881613e21abeda4d988e5f55	0	0	full_sequence	1	0	/storage9920/home/tinghao.xia/Data_FM/RNA_FM_embeddings/4RNE/rnafm_t12_residue_embeddings.pt
4RNE	3	D	D	1	6	aa5a52291e99d55aeb9a8a1a113ec8edfb9a8a50881613e21abeda4d988e5f55	0	0	full_sequence	1	0	/storage9920/home/tinghao.xia/Data_FM/RNA_FM_embeddings/4RNE/rnafm_t12_residue_embeddings.pt
4RNE	4	E	E	1	6	aa5a52291e99d55aeb9a8a1a113ec8edfb9a8a50881613e21abeda4d988e5f55	0	0	full_sequence	1	0	/storage9920/home/tinghao.xia/Data_FM/RNA_FM_embeddings/4RNE/rnafm_t12_residue_embeddings.pt
4RNE	5	F	F	1	6	aa5a52291e99d55aeb9a8a1a113ec8edfb9a8a50881613e21abeda4d988e5f55	0	0	full_sequence	1	0	/storage9920/home/tinghao.xia/Data_FM/RNA_FM_embeddings/4RNE/rnafm_t12_residue_embeddings.pt
4RNE	6	G	G	1	6	aa5a52291e99d55aeb9a8a1a113ec8edfb9a8a50881613e21abeda4d988e5f55	0	0	full_sequence	1	0	/storage9920/home/tinghao.xia/Data_FM/RNA_FM_embeddings/4RNE/rnafm_t12_residue_embeddings.pt
4RNE	7	H	H	1	6	aa5a52291e99d55aeb9a8a1a113ec8edfb9a8a50881613e21abeda4d988e5f55	0	0	full_sequence	1	0	/storage9920/home/tinghao.xia/Data_FM/RNA_FM_embeddings/4RNE/rnafm_t12_residue_embeddings.pt
4RUM	0	A	A	1	94	b7aaf4721eb7ffbe30f9baacb8ed48ae99e5de8383bb10e673fa72458edbf190	0	0	full_sequence	1	0	/storage9920/home/tinghao.xia/Data_FM/RNA_FM_embeddings/4RUM/rnafm_t12_residue_embeddings.pt
4RZD	0	A	A	1	101	650d63880191d86aff13882b7137642406fac7cb1fd9919112225eec77192e6d	0	0	full_sequence	1	0	/storage9920/home/tinghao.xia/Data_FM/RNA_FM_embeddings/4RZD/rnafm_t12_residue_embeddings.pt
4TNA	0	A	A	1	76	28890de0dd2033379fabebc7165a219d6092ad9bbadc77f4c7528be78963ca0b	0	0	full_sequence	1	0	/storage9920/home/tinghao.xia/Data_FM/RNA_FM_embeddings/4TNA/rnafm_t12_residue_embeddings.pt
4TRA	0	A	A	1	76	28890de0dd2033379fabebc7165a219d6092ad9bbadc77f4c7528be78963ca0b	0	0	full_sequence	1	0	/storage9920/home/tinghao.xia/Data_FM/RNA_FM_embeddings/4TRA/rnafm_t12_residue_embeddings.pt
4TS0	0	X	A	1	44	d386adf13730b506dda73922b0a975491e5161ec13e5f6119421ebe74286ec92	0	0	full_sequence	1	0	/storage9920/home/tinghao.xia/Data_FM/RNA_FM_embeddings/4TS0/rnafm_t12_residue_embeddings.pt
4TS0	1	Y	B	2	47	9554073682349ab055e444e06ef13f9dc981c220f936cad7eb852bbb80a315e0	0	0	full_sequence	1	0	/storage9920/home/tinghao.xia/Data_FM/RNA_FM_embeddings/4TS0/rnafm_t12_residue_embeddings.pt
4TS2	0	X	A	1	44	d386adf13730b506dda73922b0a975491e5161ec13e5f6119421ebe74286ec92	0	0	full_sequence	1	0	/storage9920/home/tinghao.xia/Data_FM/RNA_FM_embeddings/4TS2/rnafm_t12_residue_embeddings.pt
4TS2	1	Y	B	2	47	9554073682349ab055e444e06ef13f9dc981c220f936cad7eb852bbb80a315e0	0	0	full_sequence	1	0	/storage9920/home/tinghao.xia/Data_FM/RNA_FM_embeddings/4TS2/rnafm_t12_residue_embeddings.pt
4TZX	0	X	A	1	71	6fc065ccaac1fc481819950f7a1aec52f521bceb2400fb3569de930d11a0547e	0	0	full_sequence	1	0	/storage9920/home/tinghao.xia/Data_FM/RNA_FM_embeddings/4TZX/rnafm_t12_residue_embeddings.pt
4TZY	0	X	A	1	71	6fc065ccaac1fc481819950f7a1aec52f521bceb2400fb3569de930d11a0547e	0	0	full_sequence	1	0	/storage9920/home/tinghao.xia/Data_FM/RNA_FM_embeddings/4TZY/rnafm_t12_residue_embeddings.pt
4U34	0	A	A	1	7	e582cc9566a54b153f04f840442403a17c5dff3263fa9a8f933c5f693e86f8c1	0	0	full_sequence	1	0	/storage9920/home/tinghao.xia/Data_FM/RNA_FM_embeddings/4U34/rnafm_t12_residue_embeddings.pt
4U34	1	B	B	2	7	0a4687388005c1cba0e264bb9c3ce0b0e125939d95fc937acf97607676cbadcb	0	0	full_sequence	1	0	/storage9920/home/tinghao.xia/Data_FM/RNA_FM_embeddings/4U34/rnafm_t12_residue_embeddings.pt
4U35	0	A	A	1	7	e582cc9566a54b153f04f840442403a17c5dff3263fa9a8f933c5f693e86f8c1	0	0	full_sequence	1	0	/storage9920/home/tinghao.xia/Data_FM/RNA_FM_embeddings/4U35/rnafm_t12_residue_embeddings.pt
4U35	1	B	B	2	7	51f1ba76c3e554da6aeba3742118a529dd131e401aa4034a23fc87ea5b9431e2	0	0	full_sequence	1	0	/storage9920/home/tinghao.xia/Data_FM/RNA_FM_embeddings/4U35/rnafm_t12_residue_embeddings.pt
4U37	0	A	A	1	7	e582cc9566a54b153f04f840442403a17c5dff3263fa9a8f933c5f693e86f8c1	0	0	full_sequence	1	0	/storage9920/home/tinghao.xia/Data_FM/RNA_FM_embeddings/4U37/rnafm_t12_residue_embeddings.pt
4U37	1	B	B	2	7	0a4687388005c1cba0e264bb9c3ce0b0e125939d95fc937acf97607676cbadcb	0	0	full_sequence	1	0	/storage9920/home/tinghao.xia/Data_FM/RNA_FM_embeddings/4U37/rnafm_t12_residue_embeddings.pt
4U38	0	A	A	1	7	e582cc9566a54b153f04f840442403a17c5dff3263fa9a8f933c5f693e86f8c1	0	0	full_sequence	1	0	/storage9920/home/tinghao.xia/Data_FM/RNA_FM_embeddings/4U38/rnafm_t12_residue_embeddings.pt
4U38	1	C	B	1	7	e582cc9566a54b153f04f840442403a17c5dff3263fa9a8f933c5f693e86f8c1	0	0	full_sequence	1	0	/storage9920/home/tinghao.xia/Data_FM/RNA_FM_embeddings/4U38/rnafm_t12_residue_embeddings.pt
4U38	2	E	C	1	7	e582cc9566a54b153f04f840442403a17c5dff3263fa9a8f933c5f693e86f8c1	0	0	full_sequence	1	0	/storage9920/home/tinghao.xia/Data_FM/RNA_FM_embeddings/4U38/rnafm_t12_residue_embeddings.pt
4U38	3	G	D	1	7	e582cc9566a54b153f04f840442403a17c5dff3263fa9a8f933c5f693e86f8c1	0	0	full_sequence	1	0	/storage9920/home/tinghao.xia/Data_FM/RNA_FM_embeddings/4U38/rnafm_t12_residue_embeddings.pt
4U38	4	B	E	2	7	51f1ba76c3e554da6aeba3742118a529dd131e401aa4034a23fc87ea5b9431e2	0	0	full_sequence	1	0	/storage9920/home/tinghao.xia/Data_FM/RNA_FM_embeddings/4U38/rnafm_t12_residue_embeddings.pt
4U38	5	D	F	2	7	51f1ba76c3e554da6aeba3742118a529dd131e401aa4034a23fc87ea5b9431e2	0	0	full_sequence	1	0	/storage9920/home/tinghao.xia/Data_FM/RNA_FM_embeddings/4U38/rnafm_t12_residue_embeddings.pt
4U38	6	F	G	2	7	51f1ba76c3e554da6aeba3742118a529dd131e401aa4034a23fc87ea5b9431e2	0	0	full_sequence	1	0	/storage9920/home/tinghao.xia/Data_FM/RNA_FM_embeddings/4U38/rnafm_t12_residue_embeddings.pt
4U38	7	H	H	2	7	51f1ba76c3e554da6aeba3742118a529dd131e401aa4034a23fc87ea5b9431e2	0	0	full_sequence	1	0	/storage9920/home/tinghao.xia/Data_FM/RNA_FM_embeddings/4U38/rnafm_t12_residue_embeddings.pt
4U3L	0	A	A	1	8	18a1dc8577ca589e77ba5ffff9020147e86586220f0799de6647b2a064763baf	0	0	full_sequence	1	0	/storage9920/home/tinghao.xia/Data_FM/RNA_FM_embeddings/4U3L/rnafm_t12_residue_embeddings.pt
4U3L	1	B	B	1	8	18a1dc8577ca589e77ba5ffff9020147e86586220f0799de6647b2a064763baf	0	0	full_sequence	1	0	/storage9920/home/tinghao.xia/Data_FM/RNA_FM_embeddings/4U3L/rnafm_t12_residue_embeddings.pt
4U3O	0	A	A	1	8	18a1dc8577ca589e77ba5ffff9020147e86586220f0799de6647b2a064763baf	0	0	full_sequence	1	0	/storage9920/home/tinghao.xia/Data_FM/RNA_FM_embeddings/4U3O/rnafm_t12_residue_embeddings.pt
4U3O	1	B	B	1	8	18a1dc8577ca589e77ba5ffff9020147e86586220f0799de6647b2a064763baf	0	0	full_sequence	1	0	/storage9920/home/tinghao.xia/Data_FM/RNA_FM_embeddings/4U3O/rnafm_t12_residue_embeddings.pt
4U3P	0	A	A	1	8	18a1dc8577ca589e77ba5ffff9020147e86586220f0799de6647b2a064763baf	0	0	full_sequence	1	0	/storage9920/home/tinghao.xia/Data_FM/RNA_FM_embeddings/4U3P/rnafm_t12_residue_embeddings.pt
4U3P	1	B	B	1	8	18a1dc8577ca589e77ba5ffff9020147e86586220f0799de6647b2a064763baf	0	0	full_sequence	1	0	/storage9920/home/tinghao.xia/Data_FM/RNA_FM_embeddings/4U3P/rnafm_t12_residue_embeddings.pt
4U3R	0	A	A	1	8	18a1dc8577ca589e77ba5ffff9020147e86586220f0799de6647b2a064763baf	0	0	full_sequence	1	0	/storage9920/home/tinghao.xia/Data_FM/RNA_FM_embeddings/4U3R/rnafm_t12_residue_embeddings.pt
4U3R	1	B	B	1	8	18a1dc8577ca589e77ba5ffff9020147e86586220f0799de6647b2a064763baf	0	0	full_sequence	1	0	/storage9920/home/tinghao.xia/Data_FM/RNA_FM_embeddings/4U3R/rnafm_t12_residue_embeddings.pt
4U47	0	B	A	1	8	18a1dc8577ca589e77ba5ffff9020147e86586220f0799de6647b2a064763baf	0	0	full_sequence	1	0	/storage9920/home/tinghao.xia/Data_FM/RNA_FM_embeddings/4U47/rnafm_t12_residue_embeddings.pt
4U47	1	A	B	1	8	18a1dc8577ca589e77ba5ffff9020147e86586220f0799de6647b2a064763baf	0	0	full_sequence	1	0	/storage9920/home/tinghao.xia/Data_FM/RNA_FM_embeddings/4U47/rnafm_t12_residue_embeddings.pt
4U78	0	B	A	1	8	18a1dc8577ca589e77ba5ffff9020147e86586220f0799de6647b2a064763baf	0	0	full_sequence	1	0	/storage9920/home/tinghao.xia/Data_FM/RNA_FM_embeddings/4U78/rnafm_t12_residue_embeddings.pt
4U78	1	A	B	1	8	18a1dc8577ca589e77ba5ffff9020147e86586220f0799de6647b2a064763baf	0	0	full_sequence	1	0	/storage9920/home/tinghao.xia/Data_FM/RNA_FM_embeddings/4U78/rnafm_t12_residue_embeddings.pt
4WFL	0	A	A	1	107	106c78e569ce5cc1911ac9470dcfaa86e71535b81f6e2a7d19533d5ba17e4537	0	0	full_sequence	1	0	/storage9920/home/tinghao.xia/Data_FM/RNA_FM_embeddings/4WFL/rnafm_t12_residue_embeddings.pt
4WFM	0	A	A	1	103	63a8850c773015430a74e0630cee573e100eea4c631ab845a0ff09d76d28bae1	0	0	full_sequence	1	0	/storage9920/home/tinghao.xia/Data_FM/RNA_FM_embeddings/4WFM/rnafm_t12_residue_embeddings.pt
4WFM	1	B	B	1	103	63a8850c773015430a74e0630cee573e100eea4c631ab845a0ff09d76d28bae1	0	0	full_sequence	1	0	/storage9920/home/tinghao.xia/Data_FM/RNA_FM_embeddings/4WFM/rnafm_t12_residue_embeddings.pt
4XK0	0	A	A	1	6	aa5a52291e99d55aeb9a8a1a113ec8edfb9a8a50881613e21abeda4d988e5f55	0	0	full_sequence	1	0	/storage9920/home/tinghao.xia/Data_FM/RNA_FM_embeddings/4XK0/rnafm_t12_residue_embeddings.pt
4XK0	1	C	B	1	6	aa5a52291e99d55aeb9a8a1a113ec8edfb9a8a50881613e21abeda4d988e5f55	0	0	full_sequence	1	0	/storage9920/home/tinghao.xia/Data_FM/RNA_FM_embeddings/4XK0/rnafm_t12_residue_embeddings.pt
4XNR	0	X	A	1	71	6fc065ccaac1fc481819950f7a1aec52f521bceb2400fb3569de930d11a0547e	0	0	full_sequence	1	0	/storage9920/home/tinghao.xia/Data_FM/RNA_FM_embeddings/4XNR/rnafm_t12_residue_embeddings.pt
4XW0	0	A	A	1	10	02114327911c9d834c9f6884949d98fe072e685c803d0e62a240ff06ddfba120	0	0	full_sequence	1	0	/storage9920/home/tinghao.xia/Data_FM/RNA_FM_embeddings/4XW0/rnafm_t12_residue_embeddings.pt
4XW0	1	B	B	1	10	02114327911c9d834c9f6884949d98fe072e685c803d0e62a240ff06ddfba120	0	0	full_sequence	1	0	/storage9920/home/tinghao.xia/Data_FM/RNA_FM_embeddings/4XW0/rnafm_t12_residue_embeddings.pt
4XW1	0	C	A	1	9	5eebd01956899846bc035d2e78ae7fd6be3bf8661b2d5432571ea0593a117c1a	0	0	full_sequence	1	0	/storage9920/home/tinghao.xia/Data_FM/RNA_FM_embeddings/4XW1/rnafm_t12_residue_embeddings.pt
4XW7	0	A	A	1	64	3ad45f7bed06509243666efc1d024abcdd667571c8febcd440940b404741f822	0	0	full_sequence	1	0	/storage9920/home/tinghao.xia/Data_FM/RNA_FM_embeddings/4XW7/rnafm_t12_residue_embeddings.pt
4XWF	0	A	A	1	64	3ad45f7bed06509243666efc1d024abcdd667571c8febcd440940b404741f822	0	0	full_sequence	1	0	/storage9920/home/tinghao.xia/Data_FM/RNA_FM_embeddings/4XWF/rnafm_t12_residue_embeddings.pt
4Y1I	0	A	A	1	100	f1a9f5208207596146191d42bb45c183461b93982ab2fcda48006b778645380b	0	0	full_sequence	1	0	/storage9920/home/tinghao.xia/Data_FM/RNA_FM_embeddings/4Y1I/rnafm_t12_residue_embeddings.pt
4Y1I	1	B	B	1	100	f1a9f5208207596146191d42bb45c183461b93982ab2fcda48006b778645380b	0	0	full_sequence	1	0	/storage9920/home/tinghao.xia/Data_FM/RNA_FM_embeddings/4Y1I/rnafm_t12_residue_embeddings.pt
4Y1J	0	A	A	1	100	06ff354c0870f6929ca47639ec63b168ccf0262faaa1205317e641e3b1a1a21c	0	0	full_sequence	1	0	/storage9920/home/tinghao.xia/Data_FM/RNA_FM_embeddings/4Y1J/rnafm_t12_residue_embeddings.pt
4Y1J	1	B	B	1	100	06ff354c0870f6929ca47639ec63b168ccf0262faaa1205317e641e3b1a1a21c	0	0	full_sequence	1	0	/storage9920/home/tinghao.xia/Data_FM/RNA_FM_embeddings/4Y1J/rnafm_t12_residue_embeddings.pt
4Y1M	0	B	A	1	107	0f3b1de6b9a1a7195b08da9af55e6290304f954e6852197616160b359d0ee704	0	0	full_sequence	1	0	/storage9920/home/tinghao.xia/Data_FM/RNA_FM_embeddings/4Y1M/rnafm_t12_residue_embeddings.pt
4Y1M	1	A	B	1	107	0f3b1de6b9a1a7195b08da9af55e6290304f954e6852197616160b359d0ee704	0	0	full_sequence	1	0	/storage9920/home/tinghao.xia/Data_FM/RNA_FM_embeddings/4Y1M/rnafm_t12_residue_embeddings.pt
4Y1N	0	A	A	1	275	9d12442570b3f90f16713476bb4aa2d8ac2927ee3cfd143ff689f0dbcb9b892d	0	0	full_sequence	1	0	/storage9920/home/tinghao.xia/Data_FM/RNA_FM_embeddings/4Y1N/rnafm_t12_residue_embeddings.pt
4Y1N	1	B	B	1	275	9d12442570b3f90f16713476bb4aa2d8ac2927ee3cfd143ff689f0dbcb9b892d	0	0	full_sequence	1	0	/storage9920/home/tinghao.xia/Data_FM/RNA_FM_embeddings/4Y1N/rnafm_t12_residue_embeddings.pt
4Y1O	0	A	A	1	275	9d12442570b3f90f16713476bb4aa2d8ac2927ee3cfd143ff689f0dbcb9b892d	0	0	full_sequence	1	0	/storage9920/home/tinghao.xia/Data_FM/RNA_FM_embeddings/4Y1O/rnafm_t12_residue_embeddings.pt
4Y1O	1	B	B	1	275	9d12442570b3f90f16713476bb4aa2d8ac2927ee3cfd143ff689f0dbcb9b892d	0	0	full_sequence	1	0	/storage9920/home/tinghao.xia/Data_FM/RNA_FM_embeddings/4Y1O/rnafm_t12_residue_embeddings.pt
4Y27	0	A	A	1	27	ef84716ab732e929d6b5daa79f8adf9bb4d157a50f3f8afa7abbf35283f18da8	0	0	full_sequence	1	0	/storage9920/home/tinghao.xia/Data_FM/RNA_FM_embeddings/4Y27/rnafm_t12_residue_embeddings.pt
4YAZ	0	R	A	1	84	de78c5931713c1e9476c724573c02e5bc5a9db729f54ed5c7beb8001ef38474a	0	0	full_sequence	1	0	/storage9920/home/tinghao.xia/Data_FM/RNA_FM_embeddings/4YAZ/rnafm_t12_residue_embeddings.pt
4YAZ	1	A	B	1	84	de78c5931713c1e9476c724573c02e5bc5a9db729f54ed5c7beb8001ef38474a	0	0	full_sequence	1	0	/storage9920/home/tinghao.xia/Data_FM/RNA_FM_embeddings/4YAZ/rnafm_t12_residue_embeddings.pt
4YB0	0	R	A	1	83	8ed36a956a53c0a5775a483484e01572878f96c28e92de7f23d42d95d6166840	0	0	full_sequence	1	0	/storage9920/home/tinghao.xia/Data_FM/RNA_FM_embeddings/4YB0/rnafm_t12_residue_embeddings.pt
4YB0	1	A	B	1	83	8ed36a956a53c0a5775a483484e01572878f96c28e92de7f23d42d95d6166840	0	0	full_sequence	1	0	/storage9920/home/tinghao.xia/Data_FM/RNA_FM_embeddings/4YB0/rnafm_t12_residue_embeddings.pt
4YN6	0	A	A	1	19	6756fec41ebe134926ca19b7b259876b6447445303407392ede5796775031774	0	0	full_sequence	1	0	/storage9920/home/tinghao.xia/Data_FM/RNA_FM_embeddings/4YN6/rnafm_t12_residue_embeddings.pt
4YN6	1	B	B	1	19	6756fec41ebe134926ca19b7b259876b6447445303407392ede5796775031774	0	0	full_sequence	1	0	/storage9920/home/tinghao.xia/Data_FM/RNA_FM_embeddings/4YN6/rnafm_t12_residue_embeddings.pt
4ZC7	0	A	A	1	92	e4fee4439a35ebed60a770cc80f1c3be656a7118fce46c21c06322f37a4313a1	0	0	full_sequence	1	0	/storage9920/home/tinghao.xia/Data_FM/RNA_FM_embeddings/4ZC7/rnafm_t12_residue_embeddings.pt
4ZC7	1	B	B	1	92	e4fee4439a35ebed60a770cc80f1c3be656a7118fce46c21c06322f37a4313a1	0	0	full_sequence	1	0	/storage9920/home/tinghao.xia/Data_FM/RNA_FM_embeddings/4ZC7/rnafm_t12_residue_embeddings.pt
4ZC7	2	C	C	1	92	e4fee4439a35ebed60a770cc80f1c3be656a7118fce46c21c06322f37a4313a1	0	0	full_sequence	1	0	/storage9920/home/tinghao.xia/Data_FM/RNA_FM_embeddings/4ZC7/rnafm_t12_residue_embeddings.pt
4ZC7	3	D	D	1	92	e4fee4439a35ebed60a770cc80f1c3be656a7118fce46c21c06322f37a4313a1	0	0	full_sequence	1	0	/storage9920/home/tinghao.xia/Data_FM/RNA_FM_embeddings/4ZC7/rnafm_t12_residue_embeddings.pt
4ZNP	0	A	A	1	73	3f01b0c61b4aaed43e79d8835749ce830e4797ab6a72eaeb7032aad4d7d75279	0	0	full_sequence	1	0	/storage9920/home/tinghao.xia/Data_FM/RNA_FM_embeddings/4ZNP/rnafm_t12_residue_embeddings.pt
4ZNP	1	B	B	1	73	3f01b0c61b4aaed43e79d8835749ce830e4797ab6a72eaeb7032aad4d7d75279	0	0	full_sequence	1	0	/storage9920/home/tinghao.xia/Data_FM/RNA_FM_embeddings/4ZNP/rnafm_t12_residue_embeddings.pt
5A17	0	A	A	1	32	109d72d55d87986996af55a76eac4665e56583b931b1e63bfd21faa1c8003b17	0	0	full_sequence	1	0	/storage9920/home/tinghao.xia/Data_FM/RNA_FM_embeddings/5A17/rnafm_t12_residue_embeddings.pt
5A18	0	A	A	1	32	109d72d55d87986996af55a76eac4665e56583b931b1e63bfd21faa1c8003b17	0	0	full_sequence	1	0	/storage9920/home/tinghao.xia/Data_FM/RNA_FM_embeddings/5A18/rnafm_t12_residue_embeddings.pt
5AY2	0	A	A	1	12	3aa6f97f785e72329962d151225d40844dcfffef040ae6500ca5046959072c56	0	0	full_sequence	1	0	/storage9920/home/tinghao.xia/Data_FM/RNA_FM_embeddings/5AY2/rnafm_t12_residue_embeddings.pt
5AY2	1	B	B	1	12	3aa6f97f785e72329962d151225d40844dcfffef040ae6500ca5046959072c56	0	0	full_sequence	1	0	/storage9920/home/tinghao.xia/Data_FM/RNA_FM_embeddings/5AY2/rnafm_t12_residue_embeddings.pt
5AY2	2	C	C	1	12	3aa6f97f785e72329962d151225d40844dcfffef040ae6500ca5046959072c56	0	0	full_sequence	1	0	/storage9920/home/tinghao.xia/Data_FM/RNA_FM_embeddings/5AY2/rnafm_t12_residue_embeddings.pt
5AY2	3	D	D	1	12	3aa6f97f785e72329962d151225d40844dcfffef040ae6500ca5046959072c56	0	0	full_sequence	1	0	/storage9920/home/tinghao.xia/Data_FM/RNA_FM_embeddings/5AY2/rnafm_t12_residue_embeddings.pt
5AY3	0	A	A	1	12	3aa6f97f785e72329962d151225d40844dcfffef040ae6500ca5046959072c56	0	0	full_sequence	1	0	/storage9920/home/tinghao.xia/Data_FM/RNA_FM_embeddings/5AY3/rnafm_t12_residue_embeddings.pt
5AY3	1	B	B	1	12	3aa6f97f785e72329962d151225d40844dcfffef040ae6500ca5046959072c56	0	0	full_sequence	1	0	/storage9920/home/tinghao.xia/Data_FM/RNA_FM_embeddings/5AY3/rnafm_t12_residue_embeddings.pt
5AY4	0	A	A	1	12	3aa6f97f785e72329962d151225d40844dcfffef040ae6500ca5046959072c56	0	0	full_sequence	1	0	/storage9920/home/tinghao.xia/Data_FM/RNA_FM_embeddings/5AY4/rnafm_t12_residue_embeddings.pt
5AY4	1	B	B	1	12	3aa6f97f785e72329962d151225d40844dcfffef040ae6500ca5046959072c56	0	0	full_sequence	1	0	/storage9920/home/tinghao.xia/Data_FM/RNA_FM_embeddings/5AY4/rnafm_t12_residue_embeddings.pt
5BJO	0	E	A	1	36	4b413a46a00c26bb7ca8ee63c710aab5fe39c62f018465beb36f9bedc79c6861	0	0	full_sequence	1	0	/storage9920/home/tinghao.xia/Data_FM/RNA_FM_embeddings/5BJO/rnafm_t12_residue_embeddings.pt
5BJO	1	Y	B	1	36	4b413a46a00c26bb7ca8ee63c710aab5fe39c62f018465beb36f9bedc79c6861	0	0	full_sequence	1	0	/storage9920/home/tinghao.xia/Data_FM/RNA_FM_embeddings/5BJO/rnafm_t12_residue_embeddings.pt
5BJP	0	E	A	1	36	4b413a46a00c26bb7ca8ee63c710aab5fe39c62f018465beb36f9bedc79c6861	0	0	full_sequence	1	0	/storage9920/home/tinghao.xia/Data_FM/RNA_FM_embeddings/5BJP/rnafm_t12_residue_embeddings.pt
5BJP	1	Y	B	1	36	4b413a46a00c26bb7ca8ee63c710aab5fe39c62f018465beb36f9bedc79c6861	0	0	full_sequence	1	0	/storage9920/home/tinghao.xia/Data_FM/RNA_FM_embeddings/5BJP/rnafm_t12_residue_embeddings.pt
5BTM	0	A	A	1	55	631b4577f6ea84753da2b5148c5a487ba43f8daf47a6ce1ac84c4033a81c2983	0	0	full_sequence	1	0	/storage9920/home/tinghao.xia/Data_FM/RNA_FM_embeddings/5BTM/rnafm_t12_residue_embeddings.pt
5BTM	1	B	B	1	55	631b4577f6ea84753da2b5148c5a487ba43f8daf47a6ce1ac84c4033a81c2983	0	0	full_sequence	1	0	/storage9920/home/tinghao.xia/Data_FM/RNA_FM_embeddings/5BTM/rnafm_t12_residue_embeddings.pt
5BTP	0	B	A	1	75	9b33908d46ed3cc4bd5d210c8722af715b9fca9e8161ec6e08238dfbef3a47e7	0	0	full_sequence	1	0	/storage9920/home/tinghao.xia/Data_FM/RNA_FM_embeddings/5BTP/rnafm_t12_residue_embeddings.pt
5BTP	1	A	B	1	75	9b33908d46ed3cc4bd5d210c8722af715b9fca9e8161ec6e08238dfbef3a47e7	0	0	full_sequence	1	0	/storage9920/home/tinghao.xia/Data_FM/RNA_FM_embeddings/5BTP/rnafm_t12_residue_embeddings.pt
5C45	0	X	A	1	54	d51a50adf2790e4d79a4c8a982def7bc2b9a5f5a61d8196361c218f940f4d990	0	0	full_sequence	1	0	/storage9920/home/tinghao.xia/Data_FM/RNA_FM_embeddings/5C45/rnafm_t12_residue_embeddings.pt
5C45	1	Y	B	2	56	1f0fdb33eab58e3cb30c31140deb162b6e0a271adbff8d74936357085ede4a93	0	0	full_sequence	1	0	/storage9920/home/tinghao.xia/Data_FM/RNA_FM_embeddings/5C45/rnafm_t12_residue_embeddings.pt
5C5W	0	A	A	1	19	7ac4cc90c5ed6d43831ef63f99579674f4eb48c1739c110debc45d0070403ab6	0	0	full_sequence	1	0	/storage9920/home/tinghao.xia/Data_FM/RNA_FM_embeddings/5C5W/rnafm_t12_residue_embeddings.pt
5C7U	0	B	A	1	67	8a39f41d423e18b52f5d41f0f9651ccd49dc4feea6b6e805cc393ce37c222311	0	0	full_sequence	1	0	/storage9920/home/tinghao.xia/Data_FM/RNA_FM_embeddings/5C7U/rnafm_t12_residue_embeddings.pt
5C7W	0	C	A	1	67	d03587c8260d6db71200a071ea37909c7150d6d42472e994a51fc37f75c84b82	2	2	full_sequence	1	0	/storage9920/home/tinghao.xia/Data_FM/RNA_FM_embeddings/5C7W/rnafm_t12_residue_embeddings.pt
5CNR	0	A	A	1	16	9289c77bc95c7c077eadd9924d8be7a9788c22766616b9388d87ea1b731a121e	0	0	full_sequence	1	0	/storage9920/home/tinghao.xia/Data_FM/RNA_FM_embeddings/5CNR/rnafm_t12_residue_embeddings.pt
5CNR	1	E	B	1	16	9289c77bc95c7c077eadd9924d8be7a9788c22766616b9388d87ea1b731a121e	0	0	full_sequence	1	0	/storage9920/home/tinghao.xia/Data_FM/RNA_FM_embeddings/5CNR/rnafm_t12_residue_embeddings.pt
5CNR	2	B	C	2	11	74a224f2840ec2bc8575f392bb5686960c470923686a22bb67c9f54b2ddd7a7c	0	0	full_sequence	1	0	/storage9920/home/tinghao.xia/Data_FM/RNA_FM_embeddings/5CNR/rnafm_t12_residue_embeddings.pt
5CNR	3	F	D	2	11	74a224f2840ec2bc8575f392bb5686960c470923686a22bb67c9f54b2ddd7a7c	0	0	full_sequence	1	0	/storage9920/home/tinghao.xia/Data_FM/RNA_FM_embeddings/5CNR/rnafm_t12_residue_embeddings.pt
5D5L	0	A	A	1	77	51dfdb03eb5ce280f8da0f53089621d024ec649ce2ecae984b27b229bf85cbc2	0	0	full_sequence	1	0	/storage9920/home/tinghao.xia/Data_FM/RNA_FM_embeddings/5D5L/rnafm_t12_residue_embeddings.pt
5D5L	1	B	B	1	77	51dfdb03eb5ce280f8da0f53089621d024ec649ce2ecae984b27b229bf85cbc2	0	0	full_sequence	1	0	/storage9920/home/tinghao.xia/Data_FM/RNA_FM_embeddings/5D5L/rnafm_t12_residue_embeddings.pt
5D5L	2	C	C	1	77	51dfdb03eb5ce280f8da0f53089621d024ec649ce2ecae984b27b229bf85cbc2	0	0	full_sequence	1	0	/storage9920/home/tinghao.xia/Data_FM/RNA_FM_embeddings/5D5L/rnafm_t12_residue_embeddings.pt
5D5L	3	D	D	1	77	51dfdb03eb5ce280f8da0f53089621d024ec649ce2ecae984b27b229bf85cbc2	0	0	full_sequence	1	0	/storage9920/home/tinghao.xia/Data_FM/RNA_FM_embeddings/5D5L/rnafm_t12_residue_embeddings.pt
5D8T	0	A	A	1	8	7beeff7e152883574f758cb5e76eb942179ee8923f381edcb18af108a16471f2	1	1	full_sequence	1	0	/storage9920/home/tinghao.xia/Data_FM/RNA_FM_embeddings/5D8T/rnafm_t12_residue_embeddings.pt
5D8T	1	B	B	1	8	7beeff7e152883574f758cb5e76eb942179ee8923f381edcb18af108a16471f2	1	1	full_sequence	1	0	/storage9920/home/tinghao.xia/Data_FM/RNA_FM_embeddings/5D8T/rnafm_t12_residue_embeddings.pt
5D99	0	A	A	1	27	ef84716ab732e929d6b5daa79f8adf9bb4d157a50f3f8afa7abbf35283f18da8	0	0	full_sequence	1	0	/storage9920/home/tinghao.xia/Data_FM/RNA_FM_embeddings/5D99/rnafm_t12_residue_embeddings.pt
5DA6	0	A	A	1	32	9fc47aa9880ec0fdaf109e20ac8b479a05405dae9b42e437c59981111eeca4e2	0	0	full_sequence	1	0	/storage9920/home/tinghao.xia/Data_FM/RNA_FM_embeddings/5DA6/rnafm_t12_residue_embeddings.pt
5DER	0	A	A	1	8	7beeff7e152883574f758cb5e76eb942179ee8923f381edcb18af108a16471f2	1	1	full_sequence	1	0	/storage9920/home/tinghao.xia/Data_FM/RNA_FM_embeddings/5DER/rnafm_t12_residue_embeddings.pt
5DER	1	B	B	1	8	7beeff7e152883574f758cb5e76eb942179ee8923f381edcb18af108a16471f2	1	1	full_sequence	1	0	/storage9920/home/tinghao.xia/Data_FM/RNA_FM_embeddings/5DER/rnafm_t12_residue_embeddings.pt
5DER	2	C	C	1	8	7beeff7e152883574f758cb5e76eb942179ee8923f381edcb18af108a16471f2	1	1	full_sequence	1	0	/storage9920/home/tinghao.xia/Data_FM/RNA_FM_embeddings/5DER/rnafm_t12_residue_embeddings.pt
5DER	3	D	D	1	8	7beeff7e152883574f758cb5e76eb942179ee8923f381edcb18af108a16471f2	1	1	full_sequence	1	0	/storage9920/home/tinghao.xia/Data_FM/RNA_FM_embeddings/5DER/rnafm_t12_residue_embeddings.pt
5DH7	0	A	A	1	48	8a088235582ad9e0b4cf2a5f72cc739eb283ac29c96f57194ecc86dab9a0b337	0	0	full_sequence	1	0	/storage9920/home/tinghao.xia/Data_FM/RNA_FM_embeddings/5DH7/rnafm_t12_residue_embeddings.pt
5DH7	1	B	B	2	20	79f7ba94799639aa0e530ab9c7748afa5170f2ac03f31931818521d1974e2d0e	0	0	full_sequence	1	0	/storage9920/home/tinghao.xia/Data_FM/RNA_FM_embeddings/5DH7/rnafm_t12_residue_embeddings.pt
5DHB	0	A	A	1	7	28d1048666a002d5cf9eb67db1f79b150c94803d0130404dc7d624609c2b380e	1	0	full_sequence	1	0	/storage9920/home/tinghao.xia/Data_FM/RNA_FM_embeddings/5DHB/rnafm_t12_residue_embeddings.pt
5DHB	1	B	B	1	7	28d1048666a002d5cf9eb67db1f79b150c94803d0130404dc7d624609c2b380e	1	0	full_sequence	1	0	/storage9920/home/tinghao.xia/Data_FM/RNA_FM_embeddings/5DHB/rnafm_t12_residue_embeddings.pt
5DHB	2	C	C	1	7	28d1048666a002d5cf9eb67db1f79b150c94803d0130404dc7d624609c2b380e	1	0	full_sequence	1	0	/storage9920/home/tinghao.xia/Data_FM/RNA_FM_embeddings/5DHB/rnafm_t12_residue_embeddings.pt
5DHB	3	D	D	1	7	28d1048666a002d5cf9eb67db1f79b150c94803d0130404dc7d624609c2b380e	1	0	full_sequence	1	0	/storage9920/home/tinghao.xia/Data_FM/RNA_FM_embeddings/5DHB/rnafm_t12_residue_embeddings.pt
5DHC	0	A	A	1	14	4e7320942bf67fb5a2e08af1066e5677a39dc868c610519c1b599d6c9e1466a2	2	0	full_sequence	1	0	/storage9920/home/tinghao.xia/Data_FM/RNA_FM_embeddings/5DHC/rnafm_t12_residue_embeddings.pt
5DHC	1	B	B	1	14	4e7320942bf67fb5a2e08af1066e5677a39dc868c610519c1b599d6c9e1466a2	2	0	full_sequence	1	0	/storage9920/home/tinghao.xia/Data_FM/RNA_FM_embeddings/5DHC/rnafm_t12_residue_embeddings.pt
5DHC	2	C	C	1	14	4e7320942bf67fb5a2e08af1066e5677a39dc868c610519c1b599d6c9e1466a2	2	0	full_sequence	1	0	/storage9920/home/tinghao.xia/Data_FM/RNA_FM_embeddings/5DHC/rnafm_t12_residue_embeddings.pt
5DHC	3	D	D	1	14	4e7320942bf67fb5a2e08af1066e5677a39dc868c610519c1b599d6c9e1466a2	2	0	full_sequence	1	0	/storage9920/home/tinghao.xia/Data_FM/RNA_FM_embeddings/5DHC/rnafm_t12_residue_embeddings.pt
5DO5	0	A	A	1	12	36dc9b38155336d6841fbcc7507cf0d7cebe1788763134d2976becc104f069a9	2	2	full_sequence	1	0	/storage9920/home/tinghao.xia/Data_FM/RNA_FM_embeddings/5DO5/rnafm_t12_residue_embeddings.pt
5DUN	0	A	A	1	54	cd9ed9c229f6d12fd9fccf34b9181baec85003f01422e74be6a34493a99a82e5	0	0	full_sequence	1	0	/storage9920/home/tinghao.xia/Data_FM/RNA_FM_embeddings/5DUN/rnafm_t12_residue_embeddings.pt
5E54	0	A	A	1	71	6fc065ccaac1fc481819950f7a1aec52f521bceb2400fb3569de930d11a0547e	0	0	full_sequence	1	0	/storage9920/home/tinghao.xia/Data_FM/RNA_FM_embeddings/5E54/rnafm_t12_residue_embeddings.pt
5E54	1	B	B	1	71	6fc065ccaac1fc481819950f7a1aec52f521bceb2400fb3569de930d11a0547e	0	0	full_sequence	1	0	/storage9920/home/tinghao.xia/Data_FM/RNA_FM_embeddings/5E54/rnafm_t12_residue_embeddings.pt
5EAO	0	A	A	1	48	47bd1a22b88e0fe1738ac4afaccdba1da4295f6ba23194fb5a114b33cfdf4d7c	0	0	full_sequence	1	0	/storage9920/home/tinghao.xia/Data_FM/RNA_FM_embeddings/5EAO/rnafm_t12_residue_embeddings.pt
5EAO	1	B	B	2	20	44e8fa09f315a79da7c82b077b5ca4673b15a52828093d1550ac774599a5f0b0	1	1	full_sequence	1	0	/storage9920/home/tinghao.xia/Data_FM/RNA_FM_embeddings/5EAO/rnafm_t12_residue_embeddings.pt
5EAQ	0	A	A	1	48	47bd1a22b88e0fe1738ac4afaccdba1da4295f6ba23194fb5a114b33cfdf4d7c	0	0	full_sequence	1	0	/storage9920/home/tinghao.xia/Data_FM/RNA_FM_embeddings/5EAQ/rnafm_t12_residue_embeddings.pt
5EAQ	1	B	B	2	20	44e8fa09f315a79da7c82b077b5ca4673b15a52828093d1550ac774599a5f0b0	1	1	full_sequence	1	0	/storage9920/home/tinghao.xia/Data_FM/RNA_FM_embeddings/5EAQ/rnafm_t12_residue_embeddings.pt
5EW4	0	A	A	1	22	e4a301131b11fd19dfe8c8a69c626bbd555401ad34078b3a18cfeb82c7defd9a	0	0	full_sequence	1	0	/storage9920/home/tinghao.xia/Data_FM/RNA_FM_embeddings/5EW4/rnafm_t12_residue_embeddings.pt
5EW4	1	B	B	1	22	e4a301131b11fd19dfe8c8a69c626bbd555401ad34078b3a18cfeb82c7defd9a	0	0	full_sequence	1	0	/storage9920/home/tinghao.xia/Data_FM/RNA_FM_embeddings/5EW4/rnafm_t12_residue_embeddings.pt
5EW7	0	A	A	1	22	e4a301131b11fd19dfe8c8a69c626bbd555401ad34078b3a18cfeb82c7defd9a	0	0	full_sequence	1	0	/storage9920/home/tinghao.xia/Data_FM/RNA_FM_embeddings/5EW7/rnafm_t12_residue_embeddings.pt
5EW7	1	B	B	1	22	e4a301131b11fd19dfe8c8a69c626bbd555401ad34078b3a18cfeb82c7defd9a	0	0	full_sequence	1	0	/storage9920/home/tinghao.xia/Data_FM/RNA_FM_embeddings/5EW7/rnafm_t12_residue_embeddings.pt
5FJ0	0	A	A	1	19	ce7e8b6688ff49624f8d1150e45ae4e9bb7b168bc3eadf30b997f63866697e5c	0	0	full_sequence	1	0	/storage9920/home/tinghao.xia/Data_FM/RNA_FM_embeddings/5FJ0/rnafm_t12_residue_embeddings.pt
5FJ0	1	B	B	1	19	ce7e8b6688ff49624f8d1150e45ae4e9bb7b168bc3eadf30b997f63866697e5c	0	0	full_sequence	1	0	/storage9920/home/tinghao.xia/Data_FM/RNA_FM_embeddings/5FJ0/rnafm_t12_residue_embeddings.pt
5FJ0	2	C	C	1	19	ce7e8b6688ff49624f8d1150e45ae4e9bb7b168bc3eadf30b997f63866697e5c	0	0	full_sequence	1	0	/storage9920/home/tinghao.xia/Data_FM/RNA_FM_embeddings/5FJ0/rnafm_t12_residue_embeddings.pt
5FJ1	0	A	A	1	24	5f8325422e8f29b8647ca9e5ff3b3ba30b9d6d3adf13b5c9c8643f65780f1b37	0	0	full_sequence	1	0	/storage9920/home/tinghao.xia/Data_FM/RNA_FM_embeddings/5FJ1/rnafm_t12_residue_embeddings.pt
5FJ1	1	B	B	1	24	5f8325422e8f29b8647ca9e5ff3b3ba30b9d6d3adf13b5c9c8643f65780f1b37	0	0	full_sequence	1	0	/storage9920/home/tinghao.xia/Data_FM/RNA_FM_embeddings/5FJ1/rnafm_t12_residue_embeddings.pt
5FJ1	2	C	C	1	24	5f8325422e8f29b8647ca9e5ff3b3ba30b9d6d3adf13b5c9c8643f65780f1b37	0	0	full_sequence	1	0	/storage9920/home/tinghao.xia/Data_FM/RNA_FM_embeddings/5FJ1/rnafm_t12_residue_embeddings.pt
5FJ1	3	D	D	1	24	5f8325422e8f29b8647ca9e5ff3b3ba30b9d6d3adf13b5c9c8643f65780f1b37	0	0	full_sequence	1	0	/storage9920/home/tinghao.xia/Data_FM/RNA_FM_embeddings/5FJ1/rnafm_t12_residue_embeddings.pt
5FJ1	4	E	E	1	24	5f8325422e8f29b8647ca9e5ff3b3ba30b9d6d3adf13b5c9c8643f65780f1b37	0	0	full_sequence	1	0	/storage9920/home/tinghao.xia/Data_FM/RNA_FM_embeddings/5FJ1/rnafm_t12_residue_embeddings.pt
5FJ1	5	F	F	1	24	5f8325422e8f29b8647ca9e5ff3b3ba30b9d6d3adf13b5c9c8643f65780f1b37	0	0	full_sequence	1	0	/storage9920/home/tinghao.xia/Data_FM/RNA_FM_embeddings/5FJ1/rnafm_t12_residue_embeddings.pt
5FJ1	6	G	G	1	24	5f8325422e8f29b8647ca9e5ff3b3ba30b9d6d3adf13b5c9c8643f65780f1b37	0	0	full_sequence	1	0	/storage9920/home/tinghao.xia/Data_FM/RNA_FM_embeddings/5FJ1/rnafm_t12_residue_embeddings.pt
5FJ1	7	H	H	1	24	5f8325422e8f29b8647ca9e5ff3b3ba30b9d6d3adf13b5c9c8643f65780f1b37	0	0	full_sequence	1	0	/storage9920/home/tinghao.xia/Data_FM/RNA_FM_embeddings/5FJ1/rnafm_t12_residue_embeddings.pt
5FJC	0	A	A	1	94	6ba8c17b8fc9f7700f609f8cdc0dd36c807f0171ecf503be1da24efb00e2759e	0	0	full_sequence	1	0	/storage9920/home/tinghao.xia/Data_FM/RNA_FM_embeddings/5FJC/rnafm_t12_residue_embeddings.pt
5FK1	0	A	A	1	94	47950b7cc56951a6b8eaa3d9a4c832d0e0c90adde53193d96ac15426b9a5f3a2	0	0	full_sequence	1	0	/storage9920/home/tinghao.xia/Data_FM/RNA_FM_embeddings/5FK1/rnafm_t12_residue_embeddings.pt
5FK2	0	A	A	1	94	381b919b40b6f14ab01a88c95abbf2584c0c042fb37558de758e0137d6d39995	0	0	full_sequence	1	0	/storage9920/home/tinghao.xia/Data_FM/RNA_FM_embeddings/5FK2/rnafm_t12_residue_embeddings.pt
5FK3	0	A	A	1	94	eeaff8e8021103680682580d496d41e94ce19a603ed2f1af62bef45223ec68de	0	0	full_sequence	1	0	/storage9920/home/tinghao.xia/Data_FM/RNA_FM_embeddings/5FK3/rnafm_t12_residue_embeddings.pt
5FK4	0	A	A	1	93	913108987b0084dd25e879138b66c3f0aae09ca7e28b72a06efc2e7f58bb7101	0	0	full_sequence	1	0	/storage9920/home/tinghao.xia/Data_FM/RNA_FM_embeddings/5FK4/rnafm_t12_residue_embeddings.pt
5FK5	0	A	A	1	94	644f94f26842003b885d274d0246227a4fbae8ef0d6f7e1932aa728f2ceb189d	0	0	full_sequence	1	0	/storage9920/home/tinghao.xia/Data_FM/RNA_FM_embeddings/5FK5/rnafm_t12_residue_embeddings.pt
5FK6	0	A	A	1	94	08adcd7cc73bb5217aa6f5469f010fc884a74e8c5eda05eee12c1dfff7fe2217	0	0	full_sequence	1	0	/storage9920/home/tinghao.xia/Data_FM/RNA_FM_embeddings/5FK6/rnafm_t12_residue_embeddings.pt
5FKD	0	A	A	1	94	6061c6e4c04f228daba22a1a4d0c02812e9127b7ef3be147409de310818d8c6f	0	0	full_sequence	1	0	/storage9920/home/tinghao.xia/Data_FM/RNA_FM_embeddings/5FKD/rnafm_t12_residue_embeddings.pt
5FKE	0	A	A	1	94	6495a9541f65d784236be9b6e90af69f0713c2aa8c14602a7eb59a25ff9e17cb	0	0	full_sequence	1	0	/storage9920/home/tinghao.xia/Data_FM/RNA_FM_embeddings/5FKE/rnafm_t12_residue_embeddings.pt
5FKF	0	A	A	1	94	7299e9d6f11b8261958a3953f9e096cdf6c5f12d4bbcedf41c25e84abfa59a85	0	0	full_sequence	1	0	/storage9920/home/tinghao.xia/Data_FM/RNA_FM_embeddings/5FKF/rnafm_t12_residue_embeddings.pt
5FKG	0	A	A	1	94	94af805ff09def0add8f676457947011f3e4ecc6161354c269bca84a402acd99	0	0	full_sequence	1	0	/storage9920/home/tinghao.xia/Data_FM/RNA_FM_embeddings/5FKG/rnafm_t12_residue_embeddings.pt
5FKH	0	A	A	1	94	c852e7fa9f65d9b4b8dac44d01855fd55982ec5dddd373f78110630b865e54fa	0	0	full_sequence	1	0	/storage9920/home/tinghao.xia/Data_FM/RNA_FM_embeddings/5FKH/rnafm_t12_residue_embeddings.pt
5G2Y	0	A	A	1	704	b0940d335d6f8bb65c7f20d797721bd28ae8dd6ad91b5195dd68dd36f68f8f82	0	0	full_sequence	1	0	/storage9920/home/tinghao.xia/Data_FM/RNA_FM_embeddings/5G2Y/rnafm_t12_residue_embeddings.pt
5G4T	0	A	A	1	11	e73f01c65d6224b5661c20bae5333764241631ea8385655c70a6eb73916a5bf0	0	0	full_sequence	1	0	/storage9920/home/tinghao.xia/Data_FM/RNA_FM_embeddings/5G4T/rnafm_t12_residue_embeddings.pt
5G4T	1	B	B	2	8	4b142676393eb3644c4d942c736507f1623c3ec5c8268dbeb03a07eee11dac94	0	0	full_sequence	1	0	/storage9920/home/tinghao.xia/Data_FM/RNA_FM_embeddings/5G4T/rnafm_t12_residue_embeddings.pt
5HBW	0	A	A	1	7	28d1048666a002d5cf9eb67db1f79b150c94803d0130404dc7d624609c2b380e	1	0	full_sequence	1	0	/storage9920/home/tinghao.xia/Data_FM/RNA_FM_embeddings/5HBW/rnafm_t12_residue_embeddings.pt
5HBW	1	B	B	1	7	28d1048666a002d5cf9eb67db1f79b150c94803d0130404dc7d624609c2b380e	1	0	full_sequence	1	0	/storage9920/home/tinghao.xia/Data_FM/RNA_FM_embeddings/5HBW/rnafm_t12_residue_embeddings.pt
5HBX	0	A	A	1	14	4e7320942bf67fb5a2e08af1066e5677a39dc868c610519c1b599d6c9e1466a2	2	0	full_sequence	1	0	/storage9920/home/tinghao.xia/Data_FM/RNA_FM_embeddings/5HBX/rnafm_t12_residue_embeddings.pt
5HBX	1	B	B	1	14	4e7320942bf67fb5a2e08af1066e5677a39dc868c610519c1b599d6c9e1466a2	2	0	full_sequence	1	0	/storage9920/home/tinghao.xia/Data_FM/RNA_FM_embeddings/5HBX/rnafm_t12_residue_embeddings.pt
5HBX	2	C	C	1	14	4e7320942bf67fb5a2e08af1066e5677a39dc868c610519c1b599d6c9e1466a2	2	0	full_sequence	1	0	/storage9920/home/tinghao.xia/Data_FM/RNA_FM_embeddings/5HBX/rnafm_t12_residue_embeddings.pt
5HBX	3	D	D	1	14	4e7320942bf67fb5a2e08af1066e5677a39dc868c610519c1b599d6c9e1466a2	2	0	full_sequence	1	0	/storage9920/home/tinghao.xia/Data_FM/RNA_FM_embeddings/5HBX/rnafm_t12_residue_embeddings.pt
5HBY	0	A	A	1	13	e9eb279637bb55f1559182be4e57c8999ef38317900c77a0d7d701d7a4610a41	3	0	full_sequence	1	0	/storage9920/home/tinghao.xia/Data_FM/RNA_FM_embeddings/5HBY/rnafm_t12_residue_embeddings.pt
5HN2	0	A	A	1	8	0683aa09d2ec2281d57013165bddf284649867037e8e712c778cbc0fbfc2facf	1	1	full_sequence	1	0	/storage9920/home/tinghao.xia/Data_FM/RNA_FM_embeddings/5HN2/rnafm_t12_residue_embeddings.pt
5HN2	1	B	B	1	8	0683aa09d2ec2281d57013165bddf284649867037e8e712c778cbc0fbfc2facf	1	1	full_sequence	1	0	/storage9920/home/tinghao.xia/Data_FM/RNA_FM_embeddings/5HN2/rnafm_t12_residue_embeddings.pt
5HN2	2	C	C	1	8	0683aa09d2ec2281d57013165bddf284649867037e8e712c778cbc0fbfc2facf	1	1	full_sequence	1	0	/storage9920/home/tinghao.xia/Data_FM/RNA_FM_embeddings/5HN2/rnafm_t12_residue_embeddings.pt
5HN2	3	D	D	1	8	0683aa09d2ec2281d57013165bddf284649867037e8e712c778cbc0fbfc2facf	1	1	full_sequence	1	0	/storage9920/home/tinghao.xia/Data_FM/RNA_FM_embeddings/5HN2/rnafm_t12_residue_embeddings.pt
5HN2	4	E	E	1	8	0683aa09d2ec2281d57013165bddf284649867037e8e712c778cbc0fbfc2facf	1	1	full_sequence	1	0	/storage9920/home/tinghao.xia/Data_FM/RNA_FM_embeddings/5HN2/rnafm_t12_residue_embeddings.pt
5HN2	5	F	F	1	8	0683aa09d2ec2281d57013165bddf284649867037e8e712c778cbc0fbfc2facf	1	1	full_sequence	1	0	/storage9920/home/tinghao.xia/Data_FM/RNA_FM_embeddings/5HN2/rnafm_t12_residue_embeddings.pt
5HNJ	0	A	A	1	8	0683aa09d2ec2281d57013165bddf284649867037e8e712c778cbc0fbfc2facf	1	1	full_sequence	1	0	/storage9920/home/tinghao.xia/Data_FM/RNA_FM_embeddings/5HNJ/rnafm_t12_residue_embeddings.pt
5HNJ	1	B	B	1	8	0683aa09d2ec2281d57013165bddf284649867037e8e712c778cbc0fbfc2facf	1	1	full_sequence	1	0	/storage9920/home/tinghao.xia/Data_FM/RNA_FM_embeddings/5HNJ/rnafm_t12_residue_embeddings.pt
5HNJ	2	C	C	1	8	0683aa09d2ec2281d57013165bddf284649867037e8e712c778cbc0fbfc2facf	1	1	full_sequence	1	0	/storage9920/home/tinghao.xia/Data_FM/RNA_FM_embeddings/5HNJ/rnafm_t12_residue_embeddings.pt
5HNJ	3	D	D	1	8	0683aa09d2ec2281d57013165bddf284649867037e8e712c778cbc0fbfc2facf	1	1	full_sequence	1	0	/storage9920/home/tinghao.xia/Data_FM/RNA_FM_embeddings/5HNJ/rnafm_t12_residue_embeddings.pt
5HNJ	4	E	E	1	8	0683aa09d2ec2281d57013165bddf284649867037e8e712c778cbc0fbfc2facf	1	1	full_sequence	1	0	/storage9920/home/tinghao.xia/Data_FM/RNA_FM_embeddings/5HNJ/rnafm_t12_residue_embeddings.pt
5HNJ	5	F	F	1	8	0683aa09d2ec2281d57013165bddf284649867037e8e712c778cbc0fbfc2facf	1	1	full_sequence	1	0	/storage9920/home/tinghao.xia/Data_FM/RNA_FM_embeddings/5HNJ/rnafm_t12_residue_embeddings.pt
5HNQ	0	A	A	1	8	0683aa09d2ec2281d57013165bddf284649867037e8e712c778cbc0fbfc2facf	1	1	full_sequence	1	0	/storage9920/home/tinghao.xia/Data_FM/RNA_FM_embeddings/5HNQ/rnafm_t12_residue_embeddings.pt
5HNQ	1	B	B	1	8	0683aa09d2ec2281d57013165bddf284649867037e8e712c778cbc0fbfc2facf	1	1	full_sequence	1	0	/storage9920/home/tinghao.xia/Data_FM/RNA_FM_embeddings/5HNQ/rnafm_t12_residue_embeddings.pt
5HNQ	2	C	C	1	8	0683aa09d2ec2281d57013165bddf284649867037e8e712c778cbc0fbfc2facf	1	1	full_sequence	1	0	/storage9920/home/tinghao.xia/Data_FM/RNA_FM_embeddings/5HNQ/rnafm_t12_residue_embeddings.pt
5HNQ	3	D	D	1	8	0683aa09d2ec2281d57013165bddf284649867037e8e712c778cbc0fbfc2facf	1	1	full_sequence	1	0	/storage9920/home/tinghao.xia/Data_FM/RNA_FM_embeddings/5HNQ/rnafm_t12_residue_embeddings.pt
5HNQ	4	E	E	1	8	0683aa09d2ec2281d57013165bddf284649867037e8e712c778cbc0fbfc2facf	1	1	full_sequence	1	0	/storage9920/home/tinghao.xia/Data_FM/RNA_FM_embeddings/5HNQ/rnafm_t12_residue_embeddings.pt
5HNQ	5	F	F	1	8	0683aa09d2ec2281d57013165bddf284649867037e8e712c778cbc0fbfc2facf	1	1	full_sequence	1	0	/storage9920/home/tinghao.xia/Data_FM/RNA_FM_embeddings/5HNQ/rnafm_t12_residue_embeddings.pt
5HNQ	6	G	G	1	8	0683aa09d2ec2281d57013165bddf284649867037e8e712c778cbc0fbfc2facf	1	1	full_sequence	1	0	/storage9920/home/tinghao.xia/Data_FM/RNA_FM_embeddings/5HNQ/rnafm_t12_residue_embeddings.pt
5HNQ	7	H	H	1	8	0683aa09d2ec2281d57013165bddf284649867037e8e712c778cbc0fbfc2facf	1	1	full_sequence	1	0	/storage9920/home/tinghao.xia/Data_FM/RNA_FM_embeddings/5HNQ/rnafm_t12_residue_embeddings.pt
5HNQ	8	I	I	1	8	0683aa09d2ec2281d57013165bddf284649867037e8e712c778cbc0fbfc2facf	1	1	full_sequence	1	0	/storage9920/home/tinghao.xia/Data_FM/RNA_FM_embeddings/5HNQ/rnafm_t12_residue_embeddings.pt
5HNQ	9	J	J	1	8	0683aa09d2ec2281d57013165bddf284649867037e8e712c778cbc0fbfc2facf	1	1	full_sequence	1	0	/storage9920/home/tinghao.xia/Data_FM/RNA_FM_embeddings/5HNQ/rnafm_t12_residue_embeddings.pt
5HNQ	10	K	K	1	8	0683aa09d2ec2281d57013165bddf284649867037e8e712c778cbc0fbfc2facf	1	1	full_sequence	1	0	/storage9920/home/tinghao.xia/Data_FM/RNA_FM_embeddings/5HNQ/rnafm_t12_residue_embeddings.pt
5HNQ	11	L	L	1	8	0683aa09d2ec2281d57013165bddf284649867037e8e712c778cbc0fbfc2facf	1	1	full_sequence	1	0	/storage9920/home/tinghao.xia/Data_FM/RNA_FM_embeddings/5HNQ/rnafm_t12_residue_embeddings.pt
5HNQ	12	M	M	1	8	0683aa09d2ec2281d57013165bddf284649867037e8e712c778cbc0fbfc2facf	1	1	full_sequence	1	0	/storage9920/home/tinghao.xia/Data_FM/RNA_FM_embeddings/5HNQ/rnafm_t12_residue_embeddings.pt
5IEM	0	A	A	1	57	5600b1992dd4e3d5ec7910eaf627166c40d6d29b4a8fcc9265a5fce73e03f678	0	0	full_sequence	1	0	/storage9920/home/tinghao.xia/Data_FM/RNA_FM_embeddings/5IEM/rnafm_t12_residue_embeddings.pt
5J01	0	A	A	1	418	5fd2977032d13f14b3b1e90e2ee8dca6923813f348c9da3a55b32f6c29162df1	0	0	full_sequence	1	0	/storage9920/home/tinghao.xia/Data_FM/RNA_FM_embeddings/5J01/rnafm_t12_residue_embeddings.pt
5J02	0	A	A	1	418	5fd2977032d13f14b3b1e90e2ee8dca6923813f348c9da3a55b32f6c29162df1	0	0	full_sequence	1	0	/storage9920/home/tinghao.xia/Data_FM/RNA_FM_embeddings/5J02/rnafm_t12_residue_embeddings.pt
5J02	1	B	B	2	7	8470e2c1c750cebd2a480b5410e3cb7aa6db12c2b80224e0f62ca53edfdfa22c	1	1	full_sequence	1	0	/storage9920/home/tinghao.xia/Data_FM/RNA_FM_embeddings/5J02/rnafm_t12_residue_embeddings.pt
5K8H	0	A	A	1	7	0f0cf9286f065a2f38e3c4e4886578e35af4050c108e507998a05888c98667ea	0	0	full_sequence	1	0	/storage9920/home/tinghao.xia/Data_FM/RNA_FM_embeddings/5K8H/rnafm_t12_residue_embeddings.pt
5KH8	0	A	A	1	47	693f144da1664a5568e366b252339dac4dae713aabe67e246166fe4566171814	0	0	full_sequence	1	0	/storage9920/home/tinghao.xia/Data_FM/RNA_FM_embeddings/5KH8/rnafm_t12_residue_embeddings.pt
5KMZ	0	A	A	1	31	b4fe86910232352eb08ba5ce460baa0078ce576d20a709d450ca63d94b1df847	0	0	full_sequence	1	0	/storage9920/home/tinghao.xia/Data_FM/RNA_FM_embeddings/5KMZ/rnafm_t12_residue_embeddings.pt
5KPY	0	A	A	1	71	e1532ce688220d2631c0d1733e672fa3944db7271d50b7f988caf5c7b3100c91	0	0	full_sequence	1	0	/storage9920/home/tinghao.xia/Data_FM/RNA_FM_embeddings/5KPY/rnafm_t12_residue_embeddings.pt
5KQE	0	A	A	1	36	2af832d6a7c98019cad63cd37137c94a984804896cf08ddf743168bcacd2a4d1	0	0	full_sequence	1	0	/storage9920/home/tinghao.xia/Data_FM/RNA_FM_embeddings/5KQE/rnafm_t12_residue_embeddings.pt
5KRG	0	A	A	1	15	94cc75a911a8c354f7181903d71a3565048d2ecc63248f9e1e5a7db1acc89394	3	0	full_sequence	1	0	/storage9920/home/tinghao.xia/Data_FM/RNA_FM_embeddings/5KRG/rnafm_t12_residue_embeddings.pt
5KRG	1	B	B	1	15	94cc75a911a8c354f7181903d71a3565048d2ecc63248f9e1e5a7db1acc89394	3	0	full_sequence	1	0	/storage9920/home/tinghao.xia/Data_FM/RNA_FM_embeddings/5KRG/rnafm_t12_residue_embeddings.pt
5KRG	2	C	C	1	15	94cc75a911a8c354f7181903d71a3565048d2ecc63248f9e1e5a7db1acc89394	3	0	full_sequence	1	0	/storage9920/home/tinghao.xia/Data_FM/RNA_FM_embeddings/5KRG/rnafm_t12_residue_embeddings.pt
5KRG	3	D	D	1	15	94cc75a911a8c354f7181903d71a3565048d2ecc63248f9e1e5a7db1acc89394	3	0	full_sequence	1	0	/storage9920/home/tinghao.xia/Data_FM/RNA_FM_embeddings/5KRG/rnafm_t12_residue_embeddings.pt
5KTJ	0	A	A	1	50	2c2977226956dd9072ed68f424913af62b391000f928e743654e4fcecbba8e19	1	1	full_sequence	1	0	/storage9920/home/tinghao.xia/Data_FM/RNA_FM_embeddings/5KTJ/rnafm_t12_residue_embeddings.pt
5KTJ	1	C	B	1	50	2c2977226956dd9072ed68f424913af62b391000f928e743654e4fcecbba8e19	1	1	full_sequence	1	0	/storage9920/home/tinghao.xia/Data_FM/RNA_FM_embeddings/5KTJ/rnafm_t12_residue_embeddings.pt
5KTJ	2	B	C	2	15	0d67381328fc0eb7bd0b9465a0887c9c39af49abc4de12c1c1d76fd88011d788	0	0	full_sequence	1	0	/storage9920/home/tinghao.xia/Data_FM/RNA_FM_embeddings/5KTJ/rnafm_t12_residue_embeddings.pt
5KTJ	3	D	D	2	15	0d67381328fc0eb7bd0b9465a0887c9c39af49abc4de12c1c1d76fd88011d788	0	0	full_sequence	1	0	/storage9920/home/tinghao.xia/Data_FM/RNA_FM_embeddings/5KTJ/rnafm_t12_residue_embeddings.pt
5KVJ	0	A	A	1	16	3721925864f07010ff582f2d51d13bab2d77a85d208428570e4325217259915f	0	0	full_sequence	1	0	/storage9920/home/tinghao.xia/Data_FM/RNA_FM_embeddings/5KVJ/rnafm_t12_residue_embeddings.pt
5KVJ	1	B	B	2	16	222955af268c9eb3dab31e2b2b8702a51e19a788aa9d3a0155cbbb5e1581e968	0	0	full_sequence	1	0	/storage9920/home/tinghao.xia/Data_FM/RNA_FM_embeddings/5KVJ/rnafm_t12_residue_embeddings.pt
5KX9	0	X	A	1	54	d51a50adf2790e4d79a4c8a982def7bc2b9a5f5a61d8196361c218f940f4d990	0	0	full_sequence	1	0	/storage9920/home/tinghao.xia/Data_FM/RNA_FM_embeddings/5KX9/rnafm_t12_residue_embeddings.pt
5KX9	1	Y	B	2	56	1f0fdb33eab58e3cb30c31140deb162b6e0a271adbff8d74936357085ede4a93	0	0	full_sequence	1	0	/storage9920/home/tinghao.xia/Data_FM/RNA_FM_embeddings/5KX9/rnafm_t12_residue_embeddings.pt
5L00	0	A	A	1	15	94cc75a911a8c354f7181903d71a3565048d2ecc63248f9e1e5a7db1acc89394	3	0	full_sequence	1	0	/storage9920/home/tinghao.xia/Data_FM/RNA_FM_embeddings/5L00/rnafm_t12_residue_embeddings.pt
5L00	1	B	B	1	15	94cc75a911a8c354f7181903d71a3565048d2ecc63248f9e1e5a7db1acc89394	3	0	full_sequence	1	0	/storage9920/home/tinghao.xia/Data_FM/RNA_FM_embeddings/5L00/rnafm_t12_residue_embeddings.pt
5L00	2	C	C	1	15	94cc75a911a8c354f7181903d71a3565048d2ecc63248f9e1e5a7db1acc89394	3	0	full_sequence	1	0	/storage9920/home/tinghao.xia/Data_FM/RNA_FM_embeddings/5L00/rnafm_t12_residue_embeddings.pt
5L00	3	D	D	1	15	94cc75a911a8c354f7181903d71a3565048d2ecc63248f9e1e5a7db1acc89394	3	0	full_sequence	1	0	/storage9920/home/tinghao.xia/Data_FM/RNA_FM_embeddings/5L00/rnafm_t12_residue_embeddings.pt
5L4O	0	A	A	1	77	1b3054a4b9b764b357542be893bccab21f75803e8b986a9dd5632b70ef4061cc	0	0	full_sequence	1	0	/storage9920/home/tinghao.xia/Data_FM/RNA_FM_embeddings/5L4O/rnafm_t12_residue_embeddings.pt
5LQO	0	A	A	1	10	9de2fd1dd9fb803c2fe1018b0146cc350561566b30c1bfbcb2a65114dbe99f21	0	0	full_sequence	1	0	/storage9920/home/tinghao.xia/Data_FM/RNA_FM_embeddings/5LQO/rnafm_t12_residue_embeddings.pt
5LQO	1	B	B	1	10	9de2fd1dd9fb803c2fe1018b0146cc350561566b30c1bfbcb2a65114dbe99f21	0	0	full_sequence	1	0	/storage9920/home/tinghao.xia/Data_FM/RNA_FM_embeddings/5LQO/rnafm_t12_residue_embeddings.pt
5LQT	0	A	A	1	10	9de2fd1dd9fb803c2fe1018b0146cc350561566b30c1bfbcb2a65114dbe99f21	0	0	full_sequence	1	0	/storage9920/home/tinghao.xia/Data_FM/RNA_FM_embeddings/5LQT/rnafm_t12_residue_embeddings.pt
5LQT	1	B	B	1	10	9de2fd1dd9fb803c2fe1018b0146cc350561566b30c1bfbcb2a65114dbe99f21	0	0	full_sequence	1	0	/storage9920/home/tinghao.xia/Data_FM/RNA_FM_embeddings/5LQT/rnafm_t12_residue_embeddings.pt
5LR3	0	A	A	1	10	4ac2566887c32507a876cae2ef32fd27a2190f8249a5dd81669dc3d5c1fad614	0	0	full_sequence	1	0	/storage9920/home/tinghao.xia/Data_FM/RNA_FM_embeddings/5LR3/rnafm_t12_residue_embeddings.pt
5LR3	1	B	B	1	10	4ac2566887c32507a876cae2ef32fd27a2190f8249a5dd81669dc3d5c1fad614	0	0	full_sequence	1	0	/storage9920/home/tinghao.xia/Data_FM/RNA_FM_embeddings/5LR3/rnafm_t12_residue_embeddings.pt
5LR4	0	A	A	1	10	4ac2566887c32507a876cae2ef32fd27a2190f8249a5dd81669dc3d5c1fad614	0	0	full_sequence	1	0	/storage9920/home/tinghao.xia/Data_FM/RNA_FM_embeddings/5LR4/rnafm_t12_residue_embeddings.pt
5LR4	1	B	B	1	10	4ac2566887c32507a876cae2ef32fd27a2190f8249a5dd81669dc3d5c1fad614	0	0	full_sequence	1	0	/storage9920/home/tinghao.xia/Data_FM/RNA_FM_embeddings/5LR4/rnafm_t12_residue_embeddings.pt
5LR4	2	C	C	1	10	4ac2566887c32507a876cae2ef32fd27a2190f8249a5dd81669dc3d5c1fad614	0	0	full_sequence	1	0	/storage9920/home/tinghao.xia/Data_FM/RNA_FM_embeddings/5LR4/rnafm_t12_residue_embeddings.pt
5LR4	3	D	D	1	10	4ac2566887c32507a876cae2ef32fd27a2190f8249a5dd81669dc3d5c1fad614	0	0	full_sequence	1	0	/storage9920/home/tinghao.xia/Data_FM/RNA_FM_embeddings/5LR4/rnafm_t12_residue_embeddings.pt
5LR5	0	A	A	1	10	44e1c6932ee71693ecb346d624f575a024224b9836cbaba1bd8bb96105285213	0	0	full_sequence	1	0	/storage9920/home/tinghao.xia/Data_FM/RNA_FM_embeddings/5LR5/rnafm_t12_residue_embeddings.pt
5LR5	1	B	B	1	10	44e1c6932ee71693ecb346d624f575a024224b9836cbaba1bd8bb96105285213	0	0	full_sequence	1	0	/storage9920/home/tinghao.xia/Data_FM/RNA_FM_embeddings/5LR5/rnafm_t12_residue_embeddings.pt
5LR5	2	C	C	1	10	44e1c6932ee71693ecb346d624f575a024224b9836cbaba1bd8bb96105285213	0	0	full_sequence	1	0	/storage9920/home/tinghao.xia/Data_FM/RNA_FM_embeddings/5LR5/rnafm_t12_residue_embeddings.pt
5LR5	3	D	D	1	10	44e1c6932ee71693ecb346d624f575a024224b9836cbaba1bd8bb96105285213	0	0	full_sequence	1	0	/storage9920/home/tinghao.xia/Data_FM/RNA_FM_embeddings/5LR5/rnafm_t12_residue_embeddings.pt
5LSN	0	A	A	1	29	2853c88950a19656df079e66c4160d2b250b6f6c2195920726f8abb1e2f90a02	0	0	full_sequence	1	0	/storage9920/home/tinghao.xia/Data_FM/RNA_FM_embeddings/5LSN/rnafm_t12_residue_embeddings.pt
5LWJ	0	A	A	1	34	cce2b0497aefc6a0b21b07f9634b8faa48cbb298855b09cb182dec86276f787d	0	0	full_sequence	1	0	/storage9920/home/tinghao.xia/Data_FM/RNA_FM_embeddings/5LWJ/rnafm_t12_residue_embeddings.pt
5LYS	0	A	A	1	57	5600b1992dd4e3d5ec7910eaf627166c40d6d29b4a8fcc9265a5fce73e03f678	0	0	full_sequence	1	0	/storage9920/home/tinghao.xia/Data_FM/RNA_FM_embeddings/5LYS/rnafm_t12_residue_embeddings.pt
5LYS	1	B	B	1	57	5600b1992dd4e3d5ec7910eaf627166c40d6d29b4a8fcc9265a5fce73e03f678	0	0	full_sequence	1	0	/storage9920/home/tinghao.xia/Data_FM/RNA_FM_embeddings/5LYS/rnafm_t12_residue_embeddings.pt
5LYU	0	A	A	1	58	4637b9d1751ac0a7128246ce81d04f793a7232809c098d5d2e13afef46330e6e	0	0	full_sequence	1	0	/storage9920/home/tinghao.xia/Data_FM/RNA_FM_embeddings/5LYU/rnafm_t12_residue_embeddings.pt
5LYU	1	B	B	1	58	4637b9d1751ac0a7128246ce81d04f793a7232809c098d5d2e13afef46330e6e	0	0	full_sequence	1	0	/storage9920/home/tinghao.xia/Data_FM/RNA_FM_embeddings/5LYU/rnafm_t12_residue_embeddings.pt
5LYV	0	A	A	1	57	5600b1992dd4e3d5ec7910eaf627166c40d6d29b4a8fcc9265a5fce73e03f678	0	0	full_sequence	1	0	/storage9920/home/tinghao.xia/Data_FM/RNA_FM_embeddings/5LYV/rnafm_t12_residue_embeddings.pt
5LYV	1	B	B	1	57	5600b1992dd4e3d5ec7910eaf627166c40d6d29b4a8fcc9265a5fce73e03f678	0	0	full_sequence	1	0	/storage9920/home/tinghao.xia/Data_FM/RNA_FM_embeddings/5LYV/rnafm_t12_residue_embeddings.pt
5M0H	0	A	A	1	42	75c084ada4814632055d75401afe592fbed9107ea20fd15f10108a9fe1831027	0	0	full_sequence	1	0	/storage9920/home/tinghao.xia/Data_FM/RNA_FM_embeddings/5M0H/rnafm_t12_residue_embeddings.pt
5ML7	0	A	A	1	96	20890527ff12aab566a388050f461f3ce5afc44b75d5950bc2b186e150f368f4	0	0	full_sequence	1	0	/storage9920/home/tinghao.xia/Data_FM/RNA_FM_embeddings/5ML7/rnafm_t12_residue_embeddings.pt
5ML7	1	B	B	1	96	20890527ff12aab566a388050f461f3ce5afc44b75d5950bc2b186e150f368f4	0	0	full_sequence	1	0	/storage9920/home/tinghao.xia/Data_FM/RNA_FM_embeddings/5ML7/rnafm_t12_residue_embeddings.pt
5MRX	0	A	A	1	27	52af55010da81d0fd12e6554449eb071fb4f7ad56737afaf1ec78de46aa8c10c	1	1	full_sequence	1	0	/storage9920/home/tinghao.xia/Data_FM/RNA_FM_embeddings/5MRX/rnafm_t12_residue_embeddings.pt
5MWI	0	A	A	1	26	5d7244209d4af9dfca97b93d7b540723c69a0791ff78def7f88113106cfe8a22	0	0	full_sequence	1	0	/storage9920/home/tinghao.xia/Data_FM/RNA_FM_embeddings/5MWI/rnafm_t12_residue_embeddings.pt
5N5C	0	A	A	1	19	42432f8b174a78147a00ca26554fc40a05e5cf68949366f07738c0fd0f30c39a	0	0	full_sequence	1	0	/storage9920/home/tinghao.xia/Data_FM/RNA_FM_embeddings/5N5C/rnafm_t12_residue_embeddings.pt
5NDH	0	A	A	1	16	5e1399c6dc83683c9551247196d19c7d214ae3d3edfa66228efef1d2fae0743a	0	0	full_sequence	1	0	/storage9920/home/tinghao.xia/Data_FM/RNA_FM_embeddings/5NDH/rnafm_t12_residue_embeddings.pt
5NDH	1	B	B	1	16	5e1399c6dc83683c9551247196d19c7d214ae3d3edfa66228efef1d2fae0743a	0	0	full_sequence	1	0	/storage9920/home/tinghao.xia/Data_FM/RNA_FM_embeddings/5NDH/rnafm_t12_residue_embeddings.pt
5NDH	2	C	C	1	16	5e1399c6dc83683c9551247196d19c7d214ae3d3edfa66228efef1d2fae0743a	0	0	full_sequence	1	0	/storage9920/home/tinghao.xia/Data_FM/RNA_FM_embeddings/5NDH/rnafm_t12_residue_embeddings.pt
5NDH	3	D	D	1	16	5e1399c6dc83683c9551247196d19c7d214ae3d3edfa66228efef1d2fae0743a	0	0	full_sequence	1	0	/storage9920/home/tinghao.xia/Data_FM/RNA_FM_embeddings/5NDH/rnafm_t12_residue_embeddings.pt
5NDI	0	A	A	1	20	addee994f68a4dc84f3c1140c03e9f32e0490c5843e729baf1742014d3416474	0	0	full_sequence	1	0	/storage9920/home/tinghao.xia/Data_FM/RNA_FM_embeddings/5NDI/rnafm_t12_residue_embeddings.pt
5NDI	1	B	B	1	20	addee994f68a4dc84f3c1140c03e9f32e0490c5843e729baf1742014d3416474	0	0	full_sequence	1	0	/storage9920/home/tinghao.xia/Data_FM/RNA_FM_embeddings/5NDI/rnafm_t12_residue_embeddings.pt
5NDI	2	C	C	1	20	addee994f68a4dc84f3c1140c03e9f32e0490c5843e729baf1742014d3416474	0	0	full_sequence	1	0	/storage9920/home/tinghao.xia/Data_FM/RNA_FM_embeddings/5NDI/rnafm_t12_residue_embeddings.pt
5NDI	3	D	D	1	20	addee994f68a4dc84f3c1140c03e9f32e0490c5843e729baf1742014d3416474	0	0	full_sequence	1	0	/storage9920/home/tinghao.xia/Data_FM/RNA_FM_embeddings/5NDI/rnafm_t12_residue_embeddings.pt
5NEF	0	A	A	1	18	28b398fea2552a661e69b2bd6a2871eb7a820361b0a5b48c42ddf973d03fe46a	0	0	full_sequence	1	0	/storage9920/home/tinghao.xia/Data_FM/RNA_FM_embeddings/5NEF/rnafm_t12_residue_embeddings.pt
5NEO	0	A	A	1	18	28b398fea2552a661e69b2bd6a2871eb7a820361b0a5b48c42ddf973d03fe46a	0	0	full_sequence	1	0	/storage9920/home/tinghao.xia/Data_FM/RNA_FM_embeddings/5NEO/rnafm_t12_residue_embeddings.pt
5NEP	0	A	A	1	18	28b398fea2552a661e69b2bd6a2871eb7a820361b0a5b48c42ddf973d03fe46a	0	0	full_sequence	1	0	/storage9920/home/tinghao.xia/Data_FM/RNA_FM_embeddings/5NEP/rnafm_t12_residue_embeddings.pt
5NEQ	0	A	A	1	18	28b398fea2552a661e69b2bd6a2871eb7a820361b0a5b48c42ddf973d03fe46a	0	0	full_sequence	1	0	/storage9920/home/tinghao.xia/Data_FM/RNA_FM_embeddings/5NEQ/rnafm_t12_residue_embeddings.pt
5NEX	0	A	A	1	18	28b398fea2552a661e69b2bd6a2871eb7a820361b0a5b48c42ddf973d03fe46a	0	0	full_sequence	1	0	/storage9920/home/tinghao.xia/Data_FM/RNA_FM_embeddings/5NEX/rnafm_t12_residue_embeddings.pt
5NOM	0	A	A	1	18	28b398fea2552a661e69b2bd6a2871eb7a820361b0a5b48c42ddf973d03fe46a	0	0	full_sequence	1	0	/storage9920/home/tinghao.xia/Data_FM/RNA_FM_embeddings/5NOM/rnafm_t12_residue_embeddings.pt
5NQI	0	A	A	1	27	52af55010da81d0fd12e6554449eb071fb4f7ad56737afaf1ec78de46aa8c10c	1	1	full_sequence	1	0	/storage9920/home/tinghao.xia/Data_FM/RNA_FM_embeddings/5NQI/rnafm_t12_residue_embeddings.pt
5NWQ	0	A	A	1	41	8e55c5bb77543ee9978bdfc786e6c3a69d95e911e93966ea78daabb99d2e5bd2	0	0	full_sequence	1	0	/storage9920/home/tinghao.xia/Data_FM/RNA_FM_embeddings/5NWQ/rnafm_t12_residue_embeddings.pt
5NWQ	1	B	B	1	41	8e55c5bb77543ee9978bdfc786e6c3a69d95e911e93966ea78daabb99d2e5bd2	0	0	full_sequence	1	0	/storage9920/home/tinghao.xia/Data_FM/RNA_FM_embeddings/5NWQ/rnafm_t12_residue_embeddings.pt
5NXT	0	U	A	1	18	51ea65b8336cb85663df27f89bb0c6ff18b49ac87e89ff456d140d979196062c	0	0	full_sequence	1	0	/storage9920/home/tinghao.xia/Data_FM/RNA_FM_embeddings/5NXT/rnafm_t12_residue_embeddings.pt
5NY8	0	A	A	1	41	8e55c5bb77543ee9978bdfc786e6c3a69d95e911e93966ea78daabb99d2e5bd2	0	0	full_sequence	1	0	/storage9920/home/tinghao.xia/Data_FM/RNA_FM_embeddings/5NY8/rnafm_t12_residue_embeddings.pt
5NY8	1	B	B	1	41	8e55c5bb77543ee9978bdfc786e6c3a69d95e911e93966ea78daabb99d2e5bd2	0	0	full_sequence	1	0	/storage9920/home/tinghao.xia/Data_FM/RNA_FM_embeddings/5NY8/rnafm_t12_residue_embeddings.pt
5NZ3	0	A	A	1	41	8e55c5bb77543ee9978bdfc786e6c3a69d95e911e93966ea78daabb99d2e5bd2	0	0	full_sequence	1	0	/storage9920/home/tinghao.xia/Data_FM/RNA_FM_embeddings/5NZ3/rnafm_t12_residue_embeddings.pt
5NZ3	1	B	B	1	41	8e55c5bb77543ee9978bdfc786e6c3a69d95e911e93966ea78daabb99d2e5bd2	0	0	full_sequence	1	0	/storage9920/home/tinghao.xia/Data_FM/RNA_FM_embeddings/5NZ3/rnafm_t12_residue_embeddings.pt
5NZ6	0	A	A	1	41	9dc281f861e70db4ed6a6ad3030eb6708212a439f350f5fc12914ab9a4466ba3	0	0	full_sequence	1	0	/storage9920/home/tinghao.xia/Data_FM/RNA_FM_embeddings/5NZ6/rnafm_t12_residue_embeddings.pt
5NZD	0	A	A	1	41	8e55c5bb77543ee9978bdfc786e6c3a69d95e911e93966ea78daabb99d2e5bd2	0	0	full_sequence	1	0	/storage9920/home/tinghao.xia/Data_FM/RNA_FM_embeddings/5NZD/rnafm_t12_residue_embeddings.pt
5NZD	1	B	B	1	41	8e55c5bb77543ee9978bdfc786e6c3a69d95e911e93966ea78daabb99d2e5bd2	0	0	full_sequence	1	0	/storage9920/home/tinghao.xia/Data_FM/RNA_FM_embeddings/5NZD/rnafm_t12_residue_embeddings.pt
5O62	0	A	A	1	41	8e55c5bb77543ee9978bdfc786e6c3a69d95e911e93966ea78daabb99d2e5bd2	0	0	full_sequence	1	0	/storage9920/home/tinghao.xia/Data_FM/RNA_FM_embeddings/5O62/rnafm_t12_residue_embeddings.pt
5O62	1	B	B	1	41	8e55c5bb77543ee9978bdfc786e6c3a69d95e911e93966ea78daabb99d2e5bd2	0	0	full_sequence	1	0	/storage9920/home/tinghao.xia/Data_FM/RNA_FM_embeddings/5O62/rnafm_t12_residue_embeddings.pt
5O69	0	A	A	1	41	8e55c5bb77543ee9978bdfc786e6c3a69d95e911e93966ea78daabb99d2e5bd2	0	0	full_sequence	1	0	/storage9920/home/tinghao.xia/Data_FM/RNA_FM_embeddings/5O69/rnafm_t12_residue_embeddings.pt
5O69	1	B	B	2	41	9dc281f861e70db4ed6a6ad3030eb6708212a439f350f5fc12914ab9a4466ba3	0	0	full_sequence	1	0	/storage9920/home/tinghao.xia/Data_FM/RNA_FM_embeddings/5O69/rnafm_t12_residue_embeddings.pt
5OB3	0	A	A	1	69	dd915b70e493f3491bc3735c1713fdb9f888d01a3e3428bed6e1897d764a1bba	0	0	full_sequence	1	0	/storage9920/home/tinghao.xia/Data_FM/RNA_FM_embeddings/5OB3/rnafm_t12_residue_embeddings.pt
5OR0	0	A	A	1	11	1e353a747e2f935727857e03a4706442912960da101740c556b84de0c5ce9f9a	0	0	full_sequence	1	0	/storage9920/home/tinghao.xia/Data_FM/RNA_FM_embeddings/5OR0/rnafm_t12_residue_embeddings.pt
5OR0	1	B	B	2	11	6d5b297bd26aef09eee09777cc39292dadf594f447809a7503cf4925aaa5c493	0	0	full_sequence	1	0	/storage9920/home/tinghao.xia/Data_FM/RNA_FM_embeddings/5OR0/rnafm_t12_residue_embeddings.pt
5SWD	0	A	A	1	71	6fc065ccaac1fc481819950f7a1aec52f521bceb2400fb3569de930d11a0547e	0	0	full_sequence	1	0	/storage9920/home/tinghao.xia/Data_FM/RNA_FM_embeddings/5SWD/rnafm_t12_residue_embeddings.pt
5SWD	1	B	B	1	71	6fc065ccaac1fc481819950f7a1aec52f521bceb2400fb3569de930d11a0547e	0	0	full_sequence	1	0	/storage9920/home/tinghao.xia/Data_FM/RNA_FM_embeddings/5SWD/rnafm_t12_residue_embeddings.pt
5SWE	0	X	A	1	71	6fc065ccaac1fc481819950f7a1aec52f521bceb2400fb3569de930d11a0547e	0	0	full_sequence	1	0	/storage9920/home/tinghao.xia/Data_FM/RNA_FM_embeddings/5SWE/rnafm_t12_residue_embeddings.pt
5T3K	0	A	A	1	17	ebddea66db5edd4332933cb3cd0a479a9c3facaacb8c4e15c5a60e1e16a1f971	0	0	full_sequence	1	0	/storage9920/home/tinghao.xia/Data_FM/RNA_FM_embeddings/5T3K/rnafm_t12_residue_embeddings.pt
5T3K	1	C	B	1	17	ebddea66db5edd4332933cb3cd0a479a9c3facaacb8c4e15c5a60e1e16a1f971	0	0	full_sequence	1	0	/storage9920/home/tinghao.xia/Data_FM/RNA_FM_embeddings/5T3K/rnafm_t12_residue_embeddings.pt
5T3K	2	B	C	2	16	a072e7a9e8a154e0389468f1f1ffcbbf5d7a503a1995045f4420b7a4a7f16b57	1	1	full_sequence	1	0	/storage9920/home/tinghao.xia/Data_FM/RNA_FM_embeddings/5T3K/rnafm_t12_residue_embeddings.pt
5T3K	3	D	D	2	16	a072e7a9e8a154e0389468f1f1ffcbbf5d7a503a1995045f4420b7a4a7f16b57	1	1	full_sequence	1	0	/storage9920/home/tinghao.xia/Data_FM/RNA_FM_embeddings/5T3K/rnafm_t12_residue_embeddings.pt
5T83	0	A	A	1	95	b91d2150475c671466a7ae2ad0ff224bab0abc54367e126009dbf8ff6059ad8c	0	0	full_sequence	1	0	/storage9920/home/tinghao.xia/Data_FM/RNA_FM_embeddings/5T83/rnafm_t12_residue_embeddings.pt
5TDJ	0	A	A	1	10	2eeec33883b1cae684a9121c858aa5f0fafefa0a1c5aaf38e3b2ae1926105ee0	0	0	full_sequence	1	0	/storage9920/home/tinghao.xia/Data_FM/RNA_FM_embeddings/5TDJ/rnafm_t12_residue_embeddings.pt
5TDJ	1	B	B	1	10	2eeec33883b1cae684a9121c858aa5f0fafefa0a1c5aaf38e3b2ae1926105ee0	0	0	full_sequence	1	0	/storage9920/home/tinghao.xia/Data_FM/RNA_FM_embeddings/5TDJ/rnafm_t12_residue_embeddings.pt
5TDK	0	A	A	1	10	2eeec33883b1cae684a9121c858aa5f0fafefa0a1c5aaf38e3b2ae1926105ee0	0	0	full_sequence	1	0	/storage9920/home/tinghao.xia/Data_FM/RNA_FM_embeddings/5TDK/rnafm_t12_residue_embeddings.pt
5TDK	1	B	B	1	10	2eeec33883b1cae684a9121c858aa5f0fafefa0a1c5aaf38e3b2ae1926105ee0	0	0	full_sequence	1	0	/storage9920/home/tinghao.xia/Data_FM/RNA_FM_embeddings/5TDK/rnafm_t12_residue_embeddings.pt
5TGP	0	A	A	1	8	37a122483de6ffea5cf58f1e5ccbcd7c87ca793605cdfd8f5e480e6b9ba843f1	2	2	full_sequence	1	0	/storage9920/home/tinghao.xia/Data_FM/RNA_FM_embeddings/5TGP/rnafm_t12_residue_embeddings.pt
5TGP	1	C	B	1	8	37a122483de6ffea5cf58f1e5ccbcd7c87ca793605cdfd8f5e480e6b9ba843f1	2	2	full_sequence	1	0	/storage9920/home/tinghao.xia/Data_FM/RNA_FM_embeddings/5TGP/rnafm_t12_residue_embeddings.pt
5TKO	0	A	A	1	7	e582cc9566a54b153f04f840442403a17c5dff3263fa9a8f933c5f693e86f8c1	0	0	full_sequence	1	0	/storage9920/home/tinghao.xia/Data_FM/RNA_FM_embeddings/5TKO/rnafm_t12_residue_embeddings.pt
5TKO	1	C	B	1	7	e582cc9566a54b153f04f840442403a17c5dff3263fa9a8f933c5f693e86f8c1	0	0	full_sequence	1	0	/storage9920/home/tinghao.xia/Data_FM/RNA_FM_embeddings/5TKO/rnafm_t12_residue_embeddings.pt
5TKO	2	B	C	2	7	0a4687388005c1cba0e264bb9c3ce0b0e125939d95fc937acf97607676cbadcb	0	0	full_sequence	1	0	/storage9920/home/tinghao.xia/Data_FM/RNA_FM_embeddings/5TKO/rnafm_t12_residue_embeddings.pt
5TKO	3	D	D	2	7	0a4687388005c1cba0e264bb9c3ce0b0e125939d95fc937acf97607676cbadcb	0	0	full_sequence	1	0	/storage9920/home/tinghao.xia/Data_FM/RNA_FM_embeddings/5TKO/rnafm_t12_residue_embeddings.pt
5TPY	0	A	A	1	71	cb81302ab7c2cfdd220debe8abb6b772ec6dd11670b42cf0dbb9088a9e9ba3da	0	0	full_sequence	1	0	/storage9920/home/tinghao.xia/Data_FM/RNA_FM_embeddings/5TPY/rnafm_t12_residue_embeddings.pt
5U3G	0	B	A	1	85	cc802d0903becf7211bbda67e7295514308ebffc174ab05a4057ad67ad2be46f	0	0	full_sequence	1	0	/storage9920/home/tinghao.xia/Data_FM/RNA_FM_embeddings/5U3G/rnafm_t12_residue_embeddings.pt
5UED	0	A	A	1	14	f2dad839faf84c5d59c7498d1b40eef836703e1f5648b7580ad75970940a46c2	3	0	full_sequence	1	0	/storage9920/home/tinghao.xia/Data_FM/RNA_FM_embeddings/5UED/rnafm_t12_residue_embeddings.pt
5UED	1	B	B	1	14	f2dad839faf84c5d59c7498d1b40eef836703e1f5648b7580ad75970940a46c2	3	0	full_sequence	1	0	/storage9920/home/tinghao.xia/Data_FM/RNA_FM_embeddings/5UED/rnafm_t12_residue_embeddings.pt
5UEE	0	A	A	1	14	f2dad839faf84c5d59c7498d1b40eef836703e1f5648b7580ad75970940a46c2	3	0	full_sequence	1	0	/storage9920/home/tinghao.xia/Data_FM/RNA_FM_embeddings/5UEE/rnafm_t12_residue_embeddings.pt
5UEE	1	B	B	1	14	f2dad839faf84c5d59c7498d1b40eef836703e1f5648b7580ad75970940a46c2	3	0	full_sequence	1	0	/storage9920/home/tinghao.xia/Data_FM/RNA_FM_embeddings/5UEE/rnafm_t12_residue_embeddings.pt
5UEF	0	A	A	1	14	f2dad839faf84c5d59c7498d1b40eef836703e1f5648b7580ad75970940a46c2	3	0	full_sequence	1	0	/storage9920/home/tinghao.xia/Data_FM/RNA_FM_embeddings/5UEF/rnafm_t12_residue_embeddings.pt
5UEF	1	B	B	1	14	f2dad839faf84c5d59c7498d1b40eef836703e1f5648b7580ad75970940a46c2	3	0	full_sequence	1	0	/storage9920/home/tinghao.xia/Data_FM/RNA_FM_embeddings/5UEF/rnafm_t12_residue_embeddings.pt
5UEF	2	C	C	2	2	bee30e5b6d59c1bdf10100ef331706553fd3c4e6b0a342a092c6f6f733b8be36	0	0	full_sequence	1	0	/storage9920/home/tinghao.xia/Data_FM/RNA_FM_embeddings/5UEF/rnafm_t12_residue_embeddings.pt
5UEF	3	D	D	2	2	bee30e5b6d59c1bdf10100ef331706553fd3c4e6b0a342a092c6f6f733b8be36	0	0	full_sequence	1	0	/storage9920/home/tinghao.xia/Data_FM/RNA_FM_embeddings/5UEF/rnafm_t12_residue_embeddings.pt
5UEG	0	A	A	1	14	f2dad839faf84c5d59c7498d1b40eef836703e1f5648b7580ad75970940a46c2	3	0	full_sequence	1	0	/storage9920/home/tinghao.xia/Data_FM/RNA_FM_embeddings/5UEG/rnafm_t12_residue_embeddings.pt
5UEG	1	B	B	1	14	f2dad839faf84c5d59c7498d1b40eef836703e1f5648b7580ad75970940a46c2	3	0	full_sequence	1	0	/storage9920/home/tinghao.xia/Data_FM/RNA_FM_embeddings/5UEG/rnafm_t12_residue_embeddings.pt
5UEG	2	C	C	1	14	f2dad839faf84c5d59c7498d1b40eef836703e1f5648b7580ad75970940a46c2	3	0	full_sequence	1	0	/storage9920/home/tinghao.xia/Data_FM/RNA_FM_embeddings/5UEG/rnafm_t12_residue_embeddings.pt
5UEG	3	D	D	1	14	f2dad839faf84c5d59c7498d1b40eef836703e1f5648b7580ad75970940a46c2	3	0	full_sequence	1	0	/storage9920/home/tinghao.xia/Data_FM/RNA_FM_embeddings/5UEG/rnafm_t12_residue_embeddings.pt
5UF3	0	A	A	1	23	cd416fad81f4d620ffb211154dc9526f84cd07d636f35cfd056c1bb3de3d988f	0	0	full_sequence	1	0	/storage9920/home/tinghao.xia/Data_FM/RNA_FM_embeddings/5UF3/rnafm_t12_residue_embeddings.pt
5UNE	0	A	A	1	47	9c3da02dce8956031d54b414b29e1c3423f097e5a2811dbabc0effaee187ce00	0	0	full_sequence	1	0	/storage9920/home/tinghao.xia/Data_FM/RNA_FM_embeddings/5UNE/rnafm_t12_residue_embeddings.pt
5UNE	1	B	B	1	47	9c3da02dce8956031d54b414b29e1c3423f097e5a2811dbabc0effaee187ce00	0	0	full_sequence	1	0	/storage9920/home/tinghao.xia/Data_FM/RNA_FM_embeddings/5UNE/rnafm_t12_residue_embeddings.pt
5UX3	0	A	A	1	25	6d469eabf1cc6c570e607ed4f8de3becf637ed2055b5d144d2fca33c5e74fc35	2	0	full_sequence	1	0	/storage9920/home/tinghao.xia/Data_FM/RNA_FM_embeddings/5UX3/rnafm_t12_residue_embeddings.pt
5UX3	1	B	B	2	8	8eb49d4af6143627d57ff2b517b6d45238ac31bb1d19b1152cf3abea645ee160	1	1	full_sequence	1	0	/storage9920/home/tinghao.xia/Data_FM/RNA_FM_embeddings/5UX3/rnafm_t12_residue_embeddings.pt
5UZ6	0	A	A	1	25	bfff6c6f324faf4cf28d7b29e4f30197710dc9137986cbb702bc6230fc9c3a1f	2	0	full_sequence	1	0	/storage9920/home/tinghao.xia/Data_FM/RNA_FM_embeddings/5UZ6/rnafm_t12_residue_embeddings.pt
5UZ6	1	C	B	1	25	bfff6c6f324faf4cf28d7b29e4f30197710dc9137986cbb702bc6230fc9c3a1f	2	0	full_sequence	1	0	/storage9920/home/tinghao.xia/Data_FM/RNA_FM_embeddings/5UZ6/rnafm_t12_residue_embeddings.pt
5UZ6	2	E	C	1	25	bfff6c6f324faf4cf28d7b29e4f30197710dc9137986cbb702bc6230fc9c3a1f	2	0	full_sequence	1	0	/storage9920/home/tinghao.xia/Data_FM/RNA_FM_embeddings/5UZ6/rnafm_t12_residue_embeddings.pt
5UZ6	3	B	D	2	8	8eb49d4af6143627d57ff2b517b6d45238ac31bb1d19b1152cf3abea645ee160	1	1	full_sequence	1	0	/storage9920/home/tinghao.xia/Data_FM/RNA_FM_embeddings/5UZ6/rnafm_t12_residue_embeddings.pt
5UZ6	4	D	E	2	8	8eb49d4af6143627d57ff2b517b6d45238ac31bb1d19b1152cf3abea645ee160	1	1	full_sequence	1	0	/storage9920/home/tinghao.xia/Data_FM/RNA_FM_embeddings/5UZ6/rnafm_t12_residue_embeddings.pt
5UZ6	5	F	F	2	8	8eb49d4af6143627d57ff2b517b6d45238ac31bb1d19b1152cf3abea645ee160	1	1	full_sequence	1	0	/storage9920/home/tinghao.xia/Data_FM/RNA_FM_embeddings/5UZ6/rnafm_t12_residue_embeddings.pt
5UZA	0	X	A	1	71	6fc065ccaac1fc481819950f7a1aec52f521bceb2400fb3569de930d11a0547e	0	0	full_sequence	1	0	/storage9920/home/tinghao.xia/Data_FM/RNA_FM_embeddings/5UZA/rnafm_t12_residue_embeddings.pt
5UZT	0	A	A	1	31	f01a2d711b40bdaabc4ba0dadbfac53f280dbfa3393ba00e0010bf5ffce0afb5	0	0	full_sequence	1	0	/storage9920/home/tinghao.xia/Data_FM/RNA_FM_embeddings/5UZT/rnafm_t12_residue_embeddings.pt
5V0H	0	A	A	1	15	94cc75a911a8c354f7181903d71a3565048d2ecc63248f9e1e5a7db1acc89394	3	0	full_sequence	1	0	/storage9920/home/tinghao.xia/Data_FM/RNA_FM_embeddings/5V0H/rnafm_t12_residue_embeddings.pt
5V0H	1	B	B	1	15	94cc75a911a8c354f7181903d71a3565048d2ecc63248f9e1e5a7db1acc89394	3	0	full_sequence	1	0	/storage9920/home/tinghao.xia/Data_FM/RNA_FM_embeddings/5V0H/rnafm_t12_residue_embeddings.pt
5V0J	0	A	A	1	14	4e7320942bf67fb5a2e08af1066e5677a39dc868c610519c1b599d6c9e1466a2	2	0	full_sequence	1	0	/storage9920/home/tinghao.xia/Data_FM/RNA_FM_embeddings/5V0J/rnafm_t12_residue_embeddings.pt
5V0J	1	B	B	1	14	4e7320942bf67fb5a2e08af1066e5677a39dc868c610519c1b599d6c9e1466a2	2	0	full_sequence	1	0	/storage9920/home/tinghao.xia/Data_FM/RNA_FM_embeddings/5V0J/rnafm_t12_residue_embeddings.pt
5V0K	0	A	A	1	13	e9eb279637bb55f1559182be4e57c8999ef38317900c77a0d7d701d7a4610a41	3	0	full_sequence	1	0	/storage9920/home/tinghao.xia/Data_FM/RNA_FM_embeddings/5V0K/rnafm_t12_residue_embeddings.pt
5V0O	0	A	A	1	25	6d469eabf1cc6c570e607ed4f8de3becf637ed2055b5d144d2fca33c5e74fc35	2	0	full_sequence	1	0	/storage9920/home/tinghao.xia/Data_FM/RNA_FM_embeddings/5V0O/rnafm_t12_residue_embeddings.pt
5V0O	1	B	B	2	8	61cc3fa4593e53f0f5f6d84f6c5f740ecc3c325fc6175fef85cbd4e94e5d4fac	0	0	full_sequence	1	0	/storage9920/home/tinghao.xia/Data_FM/RNA_FM_embeddings/5V0O/rnafm_t12_residue_embeddings.pt
5V16	0	A	A	1	41	5cccc166d3a98b8483f123f11101c901ed8af0c490a9458e82409dee68722ef6	0	0	full_sequence	1	0	/storage9920/home/tinghao.xia/Data_FM/RNA_FM_embeddings/5V16/rnafm_t12_residue_embeddings.pt
5V17	0	A	A	1	41	7a436e9287ab3953cbb913df18c9beb14e80800f50bb0f03cdf3013b32f6ea40	0	0	full_sequence	1	0	/storage9920/home/tinghao.xia/Data_FM/RNA_FM_embeddings/5V17/rnafm_t12_residue_embeddings.pt
5V1K	0	A	A	1	12	8b65fb5b021fb2174f1fa5e8f3c6c07bb4a4ec663e6819c6c5c74818d94cda06	1	1	full_sequence	1	0	/storage9920/home/tinghao.xia/Data_FM/RNA_FM_embeddings/5V1K/rnafm_t12_residue_embeddings.pt
5V1K	1	B	B	1	12	8b65fb5b021fb2174f1fa5e8f3c6c07bb4a4ec663e6819c6c5c74818d94cda06	1	1	full_sequence	1	0	/storage9920/home/tinghao.xia/Data_FM/RNA_FM_embeddings/5V1K/rnafm_t12_residue_embeddings.pt
5V1L	0	A	A	1	12	8b65fb5b021fb2174f1fa5e8f3c6c07bb4a4ec663e6819c6c5c74818d94cda06	1	1	full_sequence	1	0	/storage9920/home/tinghao.xia/Data_FM/RNA_FM_embeddings/5V1L/rnafm_t12_residue_embeddings.pt
5V1L	1	B	B	1	12	8b65fb5b021fb2174f1fa5e8f3c6c07bb4a4ec663e6819c6c5c74818d94cda06	1	1	full_sequence	1	0	/storage9920/home/tinghao.xia/Data_FM/RNA_FM_embeddings/5V1L/rnafm_t12_residue_embeddings.pt
5V1L	2	C	C	1	12	8b65fb5b021fb2174f1fa5e8f3c6c07bb4a4ec663e6819c6c5c74818d94cda06	1	1	full_sequence	1	0	/storage9920/home/tinghao.xia/Data_FM/RNA_FM_embeddings/5V1L/rnafm_t12_residue_embeddings.pt
5V1L	3	D	D	1	12	8b65fb5b021fb2174f1fa5e8f3c6c07bb4a4ec663e6819c6c5c74818d94cda06	1	1	full_sequence	1	0	/storage9920/home/tinghao.xia/Data_FM/RNA_FM_embeddings/5V1L/rnafm_t12_residue_embeddings.pt
5V2H	0	A	A	1	8	7beeff7e152883574f758cb5e76eb942179ee8923f381edcb18af108a16471f2	1	1	full_sequence	1	0	/storage9920/home/tinghao.xia/Data_FM/RNA_FM_embeddings/5V2H/rnafm_t12_residue_embeddings.pt
5V2H	1	B	B	1	8	7beeff7e152883574f758cb5e76eb942179ee8923f381edcb18af108a16471f2	1	1	full_sequence	1	0	/storage9920/home/tinghao.xia/Data_FM/RNA_FM_embeddings/5V2H/rnafm_t12_residue_embeddings.pt
5V2H	2	C	C	1	8	7beeff7e152883574f758cb5e76eb942179ee8923f381edcb18af108a16471f2	1	1	full_sequence	1	0	/storage9920/home/tinghao.xia/Data_FM/RNA_FM_embeddings/5V2H/rnafm_t12_residue_embeddings.pt
5V2H	3	D	D	1	8	7beeff7e152883574f758cb5e76eb942179ee8923f381edcb18af108a16471f2	1	1	full_sequence	1	0	/storage9920/home/tinghao.xia/Data_FM/RNA_FM_embeddings/5V2H/rnafm_t12_residue_embeddings.pt
5V2R	0	A	A	1	15	0892e992da1421f4aa577c572d0e8e23eaf6e3eae39a22f742b7c70d887e10e2	0	0	full_sequence	1	0	/storage9920/home/tinghao.xia/Data_FM/RNA_FM_embeddings/5V2R/rnafm_t12_residue_embeddings.pt
5V2R	1	B	B	1	15	0892e992da1421f4aa577c572d0e8e23eaf6e3eae39a22f742b7c70d887e10e2	0	0	full_sequence	1	0	/storage9920/home/tinghao.xia/Data_FM/RNA_FM_embeddings/5V2R/rnafm_t12_residue_embeddings.pt
5V3F	0	A	A	1	31	0c570edc824dc8048e844bcf261261b353e26cde51fc5082022c1a264bade48b	0	0	full_sequence	1	0	/storage9920/home/tinghao.xia/Data_FM/RNA_FM_embeddings/5V3F/rnafm_t12_residue_embeddings.pt
5V3F	1	B	B	1	31	0c570edc824dc8048e844bcf261261b353e26cde51fc5082022c1a264bade48b	0	0	full_sequence	1	0	/storage9920/home/tinghao.xia/Data_FM/RNA_FM_embeddings/5V3F/rnafm_t12_residue_embeddings.pt
5V3I	0	A	A	1	186	978e2aa9f469e66b863bf60727431814aa9f489f07871ffd616b51baa921203b	0	0	full_sequence	1	0	/storage9920/home/tinghao.xia/Data_FM/RNA_FM_embeddings/5V3I/rnafm_t12_residue_embeddings.pt
5V9Z	0	A	A	1	25	6d469eabf1cc6c570e607ed4f8de3becf637ed2055b5d144d2fca33c5e74fc35	2	0	full_sequence	1	0	/storage9920/home/tinghao.xia/Data_FM/RNA_FM_embeddings/5V9Z/rnafm_t12_residue_embeddings.pt
5V9Z	1	B	B	2	8	61cc3fa4593e53f0f5f6d84f6c5f740ecc3c325fc6175fef85cbd4e94e5d4fac	0	0	full_sequence	1	0	/storage9920/home/tinghao.xia/Data_FM/RNA_FM_embeddings/5V9Z/rnafm_t12_residue_embeddings.pt
5VCF	0	A	A	1	22	8690a16eb9ae2779f2b43618a8cbded1e9ee0bccb37a8843054477b802b7c15b	0	0	full_sequence	1	0	/storage9920/home/tinghao.xia/Data_FM/RNA_FM_embeddings/5VCF/rnafm_t12_residue_embeddings.pt
5VCF	1	B	B	2	12	7e6062ae6c8b65aa17969282f91965c5d7614ae589afec625d45dabcc6400738	0	0	full_sequence	1	0	/storage9920/home/tinghao.xia/Data_FM/RNA_FM_embeddings/5VCF/rnafm_t12_residue_embeddings.pt
5VCI	0	A	A	1	22	8690a16eb9ae2779f2b43618a8cbded1e9ee0bccb37a8843054477b802b7c15b	0	0	full_sequence	1	0	/storage9920/home/tinghao.xia/Data_FM/RNA_FM_embeddings/5VCI/rnafm_t12_residue_embeddings.pt
5VCI	1	B	B	2	12	7e6062ae6c8b65aa17969282f91965c5d7614ae589afec625d45dabcc6400738	0	0	full_sequence	1	0	/storage9920/home/tinghao.xia/Data_FM/RNA_FM_embeddings/5VCI/rnafm_t12_residue_embeddings.pt
5VGW	0	A	A	1	22	8690a16eb9ae2779f2b43618a8cbded1e9ee0bccb37a8843054477b802b7c15b	0	0	full_sequence	1	0	/storage9920/home/tinghao.xia/Data_FM/RNA_FM_embeddings/5VGW/rnafm_t12_residue_embeddings.pt
5VGW	1	B	B	2	13	5c4c921c9fdee709f4695e8613c6d1c144b5fd2567ed535a117b09d513cefd5d	0	0	full_sequence	1	0	/storage9920/home/tinghao.xia/Data_FM/RNA_FM_embeddings/5VGW/rnafm_t12_residue_embeddings.pt
5VH7	0	A	A	1	15	b6e33ab10447d7e6b0f1e4226d418faf7d177b94023cd1ef2a0755cc7d444b31	0	0	full_sequence	1	0	/storage9920/home/tinghao.xia/Data_FM/RNA_FM_embeddings/5VH7/rnafm_t12_residue_embeddings.pt
5VH7	1	B	B	1	15	b6e33ab10447d7e6b0f1e4226d418faf7d177b94023cd1ef2a0755cc7d444b31	0	0	full_sequence	1	0	/storage9920/home/tinghao.xia/Data_FM/RNA_FM_embeddings/5VH7/rnafm_t12_residue_embeddings.pt
5VH8	0	A	A	1	15	b56de3483885ef785f47c7dbd5aeeef3af8edd444420699ef8f5464de8b4ef15	0	0	full_sequence	1	0	/storage9920/home/tinghao.xia/Data_FM/RNA_FM_embeddings/5VH8/rnafm_t12_residue_embeddings.pt
5VH8	1	B	B	1	15	b56de3483885ef785f47c7dbd5aeeef3af8edd444420699ef8f5464de8b4ef15	0	0	full_sequence	1	0	/storage9920/home/tinghao.xia/Data_FM/RNA_FM_embeddings/5VH8/rnafm_t12_residue_embeddings.pt
5VJ9	0	A	A	1	16	0a1df43ca51f264de2bd1d307da8aeeb101a4fb120505597378158a3774bfd3a	0	0	full_sequence	1	0	/storage9920/home/tinghao.xia/Data_FM/RNA_FM_embeddings/5VJ9/rnafm_t12_residue_embeddings.pt
5VJ9	1	B	B	1	16	0a1df43ca51f264de2bd1d307da8aeeb101a4fb120505597378158a3774bfd3a	0	0	full_sequence	1	0	/storage9920/home/tinghao.xia/Data_FM/RNA_FM_embeddings/5VJ9/rnafm_t12_residue_embeddings.pt
5VJ9	2	C	C	1	16	0a1df43ca51f264de2bd1d307da8aeeb101a4fb120505597378158a3774bfd3a	0	0	full_sequence	1	0	/storage9920/home/tinghao.xia/Data_FM/RNA_FM_embeddings/5VJ9/rnafm_t12_residue_embeddings.pt
5VJ9	3	D	D	1	16	0a1df43ca51f264de2bd1d307da8aeeb101a4fb120505597378158a3774bfd3a	0	0	full_sequence	1	0	/storage9920/home/tinghao.xia/Data_FM/RNA_FM_embeddings/5VJ9/rnafm_t12_residue_embeddings.pt
5VJB	0	A	A	1	16	0a1df43ca51f264de2bd1d307da8aeeb101a4fb120505597378158a3774bfd3a	0	0	full_sequence	1	0	/storage9920/home/tinghao.xia/Data_FM/RNA_FM_embeddings/5VJB/rnafm_t12_residue_embeddings.pt
5VJB	1	B	B	1	16	0a1df43ca51f264de2bd1d307da8aeeb101a4fb120505597378158a3774bfd3a	0	0	full_sequence	1	0	/storage9920/home/tinghao.xia/Data_FM/RNA_FM_embeddings/5VJB/rnafm_t12_residue_embeddings.pt
5VJB	2	C	C	1	16	0a1df43ca51f264de2bd1d307da8aeeb101a4fb120505597378158a3774bfd3a	0	0	full_sequence	1	0	/storage9920/home/tinghao.xia/Data_FM/RNA_FM_embeddings/5VJB/rnafm_t12_residue_embeddings.pt
5VJB	3	D	D	1	16	0a1df43ca51f264de2bd1d307da8aeeb101a4fb120505597378158a3774bfd3a	0	0	full_sequence	1	0	/storage9920/home/tinghao.xia/Data_FM/RNA_FM_embeddings/5VJB/rnafm_t12_residue_embeddings.pt
5VR4	0	A	A	1	8	7beeff7e152883574f758cb5e76eb942179ee8923f381edcb18af108a16471f2	1	1	full_sequence	1	0	/storage9920/home/tinghao.xia/Data_FM/RNA_FM_embeddings/5VR4/rnafm_t12_residue_embeddings.pt
5VR4	1	B	B	1	8	7beeff7e152883574f758cb5e76eb942179ee8923f381edcb18af108a16471f2	1	1	full_sequence	1	0	/storage9920/home/tinghao.xia/Data_FM/RNA_FM_embeddings/5VR4/rnafm_t12_residue_embeddings.pt
5VR4	2	C	C	1	8	7beeff7e152883574f758cb5e76eb942179ee8923f381edcb18af108a16471f2	1	1	full_sequence	1	0	/storage9920/home/tinghao.xia/Data_FM/RNA_FM_embeddings/5VR4/rnafm_t12_residue_embeddings.pt
5VR4	3	D	D	1	8	7beeff7e152883574f758cb5e76eb942179ee8923f381edcb18af108a16471f2	1	1	full_sequence	1	0	/storage9920/home/tinghao.xia/Data_FM/RNA_FM_embeddings/5VR4/rnafm_t12_residue_embeddings.pt
5WQ1	0	A	A	1	23	a5782f773b2a8f976e0d4dbed223c01b612482daa12ad22c8fd9f1fef03721c7	0	0	full_sequence	1	0	/storage9920/home/tinghao.xia/Data_FM/RNA_FM_embeddings/5WQ1/rnafm_t12_residue_embeddings.pt
5XI1	0	S	A	1	9	d91a76167ee98524a77d047b4526f449f112f9c8e1e29edf486b180b4f90968f	0	0	full_sequence	1	0	/storage9920/home/tinghao.xia/Data_FM/RNA_FM_embeddings/5XI1/rnafm_t12_residue_embeddings.pt
5XI1	1	A	B	1	9	d91a76167ee98524a77d047b4526f449f112f9c8e1e29edf486b180b4f90968f	0	0	full_sequence	1	0	/storage9920/home/tinghao.xia/Data_FM/RNA_FM_embeddings/5XI1/rnafm_t12_residue_embeddings.pt
5XWG	0	A	A	1	15	90fd47114cff5a0ee26aee3edd661439984ce20b26631cfffc4ae5f89dcd5722	0	0	full_sequence	1	0	/storage9920/home/tinghao.xia/Data_FM/RNA_FM_embeddings/5XWG/rnafm_t12_residue_embeddings.pt
5XZ1	0	A	A	1	22	82fe21246a1f244759c13b06990b3a1266bf6757f2c0a2ca173295815c6a6c5f	0	0	full_sequence	1	0	/storage9920/home/tinghao.xia/Data_FM/RNA_FM_embeddings/5XZ1/rnafm_t12_residue_embeddings.pt
5XZ1	1	B	B	1	22	82fe21246a1f244759c13b06990b3a1266bf6757f2c0a2ca173295815c6a6c5f	0	0	full_sequence	1	0	/storage9920/home/tinghao.xia/Data_FM/RNA_FM_embeddings/5XZ1/rnafm_t12_residue_embeddings.pt
5XZ1	2	C	C	1	22	82fe21246a1f244759c13b06990b3a1266bf6757f2c0a2ca173295815c6a6c5f	0	0	full_sequence	1	0	/storage9920/home/tinghao.xia/Data_FM/RNA_FM_embeddings/5XZ1/rnafm_t12_residue_embeddings.pt
5XZ1	3	D	D	1	22	82fe21246a1f244759c13b06990b3a1266bf6757f2c0a2ca173295815c6a6c5f	0	0	full_sequence	1	0	/storage9920/home/tinghao.xia/Data_FM/RNA_FM_embeddings/5XZ1/rnafm_t12_residue_embeddings.pt
5Z1H	0	A	A	1	23	276dd8b0fd20fac93c6978666a2dd21c1bba8c8389fe28667f1ceb7851755f62	0	0	full_sequence	1	0	/storage9920/home/tinghao.xia/Data_FM/RNA_FM_embeddings/5Z1H/rnafm_t12_residue_embeddings.pt
5Z1H	1	B	B	1	23	276dd8b0fd20fac93c6978666a2dd21c1bba8c8389fe28667f1ceb7851755f62	0	0	full_sequence	1	0	/storage9920/home/tinghao.xia/Data_FM/RNA_FM_embeddings/5Z1H/rnafm_t12_residue_embeddings.pt
5Z1I	0	A	A	1	21	519b7a82aa8f269e990d53dd3ee0471e0dd4017bbfae78c3ab1651722c89adf4	0	0	full_sequence	1	0	/storage9920/home/tinghao.xia/Data_FM/RNA_FM_embeddings/5Z1I/rnafm_t12_residue_embeddings.pt
5Z71	0	A	A	1	22	82fe21246a1f244759c13b06990b3a1266bf6757f2c0a2ca173295815c6a6c5f	0	0	full_sequence	1	0	/storage9920/home/tinghao.xia/Data_FM/RNA_FM_embeddings/5Z71/rnafm_t12_residue_embeddings.pt
5Z71	1	B	B	1	22	82fe21246a1f244759c13b06990b3a1266bf6757f2c0a2ca173295815c6a6c5f	0	0	full_sequence	1	0	/storage9920/home/tinghao.xia/Data_FM/RNA_FM_embeddings/5Z71/rnafm_t12_residue_embeddings.pt
5ZEG	0	A	A	1	23	85cb63b5c30de85af661144a5106ef918321700634db77affaedcfa364ce3c7e	0	0	full_sequence	1	0	/storage9920/home/tinghao.xia/Data_FM/RNA_FM_embeddings/5ZEG/rnafm_t12_residue_embeddings.pt
5ZEG	1	B	B	1	23	85cb63b5c30de85af661144a5106ef918321700634db77affaedcfa364ce3c7e	0	0	full_sequence	1	0	/storage9920/home/tinghao.xia/Data_FM/RNA_FM_embeddings/5ZEG/rnafm_t12_residue_embeddings.pt
5ZEG	2	C	C	1	23	85cb63b5c30de85af661144a5106ef918321700634db77affaedcfa364ce3c7e	0	0	full_sequence	1	0	/storage9920/home/tinghao.xia/Data_FM/RNA_FM_embeddings/5ZEG/rnafm_t12_residue_embeddings.pt
5ZEI	0	A	A	1	22	d08290ec97c236d35255e013757a052436ab6970664194e9efe7db7d8df77723	0	0	full_sequence	1	0	/storage9920/home/tinghao.xia/Data_FM/RNA_FM_embeddings/5ZEI/rnafm_t12_residue_embeddings.pt
5ZEI	1	B	B	2	21	76883252ac0b411d48c63934e11cafad2dd29935f13671e16598bc83f888858e	0	0	full_sequence	1	0	/storage9920/home/tinghao.xia/Data_FM/RNA_FM_embeddings/5ZEI/rnafm_t12_residue_embeddings.pt
5ZEJ	0	A	A	1	22	d08290ec97c236d35255e013757a052436ab6970664194e9efe7db7d8df77723	0	0	full_sequence	1	0	/storage9920/home/tinghao.xia/Data_FM/RNA_FM_embeddings/5ZEJ/rnafm_t12_residue_embeddings.pt
5ZEJ	1	B	B	1	22	d08290ec97c236d35255e013757a052436ab6970664194e9efe7db7d8df77723	0	0	full_sequence	1	0	/storage9920/home/tinghao.xia/Data_FM/RNA_FM_embeddings/5ZEJ/rnafm_t12_residue_embeddings.pt
5ZEM	0	A	A	1	22	d08290ec97c236d35255e013757a052436ab6970664194e9efe7db7d8df77723	0	0	full_sequence	1	0	/storage9920/home/tinghao.xia/Data_FM/RNA_FM_embeddings/5ZEM/rnafm_t12_residue_embeddings.pt
5ZEM	1	B	B	1	22	d08290ec97c236d35255e013757a052436ab6970664194e9efe7db7d8df77723	0	0	full_sequence	1	0	/storage9920/home/tinghao.xia/Data_FM/RNA_FM_embeddings/5ZEM/rnafm_t12_residue_embeddings.pt
6AAS	0	A	A	1	28	e01a8ebac1ddffe9dc3ef515cc29ac7dda3654a63196d250cbd7c77845419670	0	0	full_sequence	1	0	/storage9920/home/tinghao.xia/Data_FM/RNA_FM_embeddings/6AAS/rnafm_t12_residue_embeddings.pt
6AAU	0	A	A	1	24	fba93155e7304d84a2b10a4277261ff542b4c372ebba77e3b076f6561bca73ed	0	0	full_sequence	1	0	/storage9920/home/tinghao.xia/Data_FM/RNA_FM_embeddings/6AAU/rnafm_t12_residue_embeddings.pt
6AZ4	0	A	A	1	32	51159301c29da0317013599b3806f1c9207d11f82c6ad91e56eb9451ee1a77dd	0	0	full_sequence	1	0	/storage9920/home/tinghao.xia/Data_FM/RNA_FM_embeddings/6AZ4/rnafm_t12_residue_embeddings.pt
6AZ4	1	B	B	2	9	b95ffc5560e2d6dc04f85f1dc122ff0720870a29b99c72d2dec90dc50a3799d7	0	0	full_sequence	1	0	/storage9920/home/tinghao.xia/Data_FM/RNA_FM_embeddings/6AZ4/rnafm_t12_residue_embeddings.pt
6BFB	0	X	A	1	54	d51a50adf2790e4d79a4c8a982def7bc2b9a5f5a61d8196361c218f940f4d990	0	0	full_sequence	1	0	/storage9920/home/tinghao.xia/Data_FM/RNA_FM_embeddings/6BFB/rnafm_t12_residue_embeddings.pt
6BFB	1	Y	B	2	56	1f0fdb33eab58e3cb30c31140deb162b6e0a271adbff8d74936357085ede4a93	0	0	full_sequence	1	0	/storage9920/home/tinghao.xia/Data_FM/RNA_FM_embeddings/6BFB/rnafm_t12_residue_embeddings.pt
6BG9	0	A	A	1	47	36945586aab83b94f98090e80ecf636ae47ac2d8c5811aa6fbc3cb7630ce2b2b	0	0	full_sequence	1	0	/storage9920/home/tinghao.xia/Data_FM/RNA_FM_embeddings/6BG9/rnafm_t12_residue_embeddings.pt
6BG9	1	B	B	1	47	36945586aab83b94f98090e80ecf636ae47ac2d8c5811aa6fbc3cb7630ce2b2b	0	0	full_sequence	1	0	/storage9920/home/tinghao.xia/Data_FM/RNA_FM_embeddings/6BG9/rnafm_t12_residue_embeddings.pt
6BGB	0	A	A	1	16	c07a83da27661fd31c29473895b8f810bd883e98b384caad828349106c14f9e6	1	1	full_sequence	1	0	/storage9920/home/tinghao.xia/Data_FM/RNA_FM_embeddings/6BGB/rnafm_t12_residue_embeddings.pt
6BGB	1	B	B	1	16	c07a83da27661fd31c29473895b8f810bd883e98b384caad828349106c14f9e6	1	1	full_sequence	1	0	/storage9920/home/tinghao.xia/Data_FM/RNA_FM_embeddings/6BGB/rnafm_t12_residue_embeddings.pt
6BGB	2	C	C	1	16	c07a83da27661fd31c29473895b8f810bd883e98b384caad828349106c14f9e6	1	1	full_sequence	1	0	/storage9920/home/tinghao.xia/Data_FM/RNA_FM_embeddings/6BGB/rnafm_t12_residue_embeddings.pt
6BJX	0	A	A	1	158	83b4fd0b47d667ac97295ff5f6dd40bf3d2a18337e599a09c8358a50ad907317	0	0	full_sequence	1	0	/storage9920/home/tinghao.xia/Data_FM/RNA_FM_embeddings/6BJX/rnafm_t12_residue_embeddings.pt
6BJX	1	B	B	1	158	83b4fd0b47d667ac97295ff5f6dd40bf3d2a18337e599a09c8358a50ad907317	0	0	full_sequence	1	0	/storage9920/home/tinghao.xia/Data_FM/RNA_FM_embeddings/6BJX/rnafm_t12_residue_embeddings.pt
6BMD	0	A	A	1	24	463796e6149a599aca947453b08342d4474f4b2c29aa6a61376405cf0515999e	2	0	full_sequence	1	0	/storage9920/home/tinghao.xia/Data_FM/RNA_FM_embeddings/6BMD/rnafm_t12_residue_embeddings.pt
6BMD	1	C	B	1	24	463796e6149a599aca947453b08342d4474f4b2c29aa6a61376405cf0515999e	2	0	full_sequence	1	0	/storage9920/home/tinghao.xia/Data_FM/RNA_FM_embeddings/6BMD/rnafm_t12_residue_embeddings.pt
6BMD	2	E	C	1	24	463796e6149a599aca947453b08342d4474f4b2c29aa6a61376405cf0515999e	2	0	full_sequence	1	0	/storage9920/home/tinghao.xia/Data_FM/RNA_FM_embeddings/6BMD/rnafm_t12_residue_embeddings.pt
6BMD	3	B	D	2	8	8eb49d4af6143627d57ff2b517b6d45238ac31bb1d19b1152cf3abea645ee160	1	1	full_sequence	1	0	/storage9920/home/tinghao.xia/Data_FM/RNA_FM_embeddings/6BMD/rnafm_t12_residue_embeddings.pt
6BMD	4	D	E	2	8	8eb49d4af6143627d57ff2b517b6d45238ac31bb1d19b1152cf3abea645ee160	1	1	full_sequence	1	0	/storage9920/home/tinghao.xia/Data_FM/RNA_FM_embeddings/6BMD/rnafm_t12_residue_embeddings.pt
6BMD	5	F	F	2	8	8eb49d4af6143627d57ff2b517b6d45238ac31bb1d19b1152cf3abea645ee160	1	1	full_sequence	1	0	/storage9920/home/tinghao.xia/Data_FM/RNA_FM_embeddings/6BMD/rnafm_t12_residue_embeddings.pt
6BY4	0	A	A	1	14	619d665c54bc558cce18befff02b10078907a9b0c59266f0d676354273ddeba3	0	0	full_sequence	1	0	/storage9920/home/tinghao.xia/Data_FM/RNA_FM_embeddings/6BY4/rnafm_t12_residue_embeddings.pt
6BY5	0	A	A	1	14	619d665c54bc558cce18befff02b10078907a9b0c59266f0d676354273ddeba3	0	0	full_sequence	1	0	/storage9920/home/tinghao.xia/Data_FM/RNA_FM_embeddings/6BY5/rnafm_t12_residue_embeddings.pt
6C27	0	A	A	1	47	3f1dfcdd53757f36f67078cc9abdd19eb667e9fa32df807d2cf660542779f485	0	0	full_sequence	1	0	/storage9920/home/tinghao.xia/Data_FM/RNA_FM_embeddings/6C27/rnafm_t12_residue_embeddings.pt
6C27	1	B	B	1	47	3f1dfcdd53757f36f67078cc9abdd19eb667e9fa32df807d2cf660542779f485	0	0	full_sequence	1	0	/storage9920/home/tinghao.xia/Data_FM/RNA_FM_embeddings/6C27/rnafm_t12_residue_embeddings.pt
6C63	0	A	A	1	36	0bdbf96ead2bceb94db9fe5b026b7364b70e5559c92c1e3704226d6567c1b1da	0	0	full_sequence	1	0	/storage9920/home/tinghao.xia/Data_FM/RNA_FM_embeddings/6C63/rnafm_t12_residue_embeddings.pt
6C63	1	B	B	1	36	0bdbf96ead2bceb94db9fe5b026b7364b70e5559c92c1e3704226d6567c1b1da	0	0	full_sequence	1	0	/storage9920/home/tinghao.xia/Data_FM/RNA_FM_embeddings/6C63/rnafm_t12_residue_embeddings.pt
6C63	2	C	C	2	32	1eb0c2b1c546869d2c70ce9b779ff79d5e423b92c7093c173bb512fdbf7c9659	0	0	full_sequence	1	0	/storage9920/home/tinghao.xia/Data_FM/RNA_FM_embeddings/6C63/rnafm_t12_residue_embeddings.pt
6C64	0	A	A	1	36	0bdbf96ead2bceb94db9fe5b026b7364b70e5559c92c1e3704226d6567c1b1da	0	0	full_sequence	1	0	/storage9920/home/tinghao.xia/Data_FM/RNA_FM_embeddings/6C64/rnafm_t12_residue_embeddings.pt
6C64	1	B	B	1	36	0bdbf96ead2bceb94db9fe5b026b7364b70e5559c92c1e3704226d6567c1b1da	0	0	full_sequence	1	0	/storage9920/home/tinghao.xia/Data_FM/RNA_FM_embeddings/6C64/rnafm_t12_residue_embeddings.pt
6C64	2	D	C	2	32	1eb0c2b1c546869d2c70ce9b779ff79d5e423b92c7093c173bb512fdbf7c9659	0	0	full_sequence	1	0	/storage9920/home/tinghao.xia/Data_FM/RNA_FM_embeddings/6C64/rnafm_t12_residue_embeddings.pt
6C65	0	A	A	1	36	b658eb685e3ed3679e9cb7618fe322d6da24aa9dbafe3033937a1e6b351a28d3	0	0	full_sequence	1	0	/storage9920/home/tinghao.xia/Data_FM/RNA_FM_embeddings/6C65/rnafm_t12_residue_embeddings.pt
6C65	1	B	B	1	36	b658eb685e3ed3679e9cb7618fe322d6da24aa9dbafe3033937a1e6b351a28d3	0	0	full_sequence	1	0	/storage9920/home/tinghao.xia/Data_FM/RNA_FM_embeddings/6C65/rnafm_t12_residue_embeddings.pt
6C65	2	C	C	2	35	44800eeb77e8d0d4d10e511d7be5f6c43ef3aa525599092e6bdd75a098652486	0	0	full_sequence	1	0	/storage9920/home/tinghao.xia/Data_FM/RNA_FM_embeddings/6C65/rnafm_t12_residue_embeddings.pt
6C8D	0	A	A	1	14	f2dad839faf84c5d59c7498d1b40eef836703e1f5648b7580ad75970940a46c2	3	0	full_sequence	1	0	/storage9920/home/tinghao.xia/Data_FM/RNA_FM_embeddings/6C8D/rnafm_t12_residue_embeddings.pt
6C8D	1	B	B	1	14	f2dad839faf84c5d59c7498d1b40eef836703e1f5648b7580ad75970940a46c2	3	0	full_sequence	1	0	/storage9920/home/tinghao.xia/Data_FM/RNA_FM_embeddings/6C8D/rnafm_t12_residue_embeddings.pt
6C8E	0	A	A	1	14	f2dad839faf84c5d59c7498d1b40eef836703e1f5648b7580ad75970940a46c2	3	0	full_sequence	1	0	/storage9920/home/tinghao.xia/Data_FM/RNA_FM_embeddings/6C8E/rnafm_t12_residue_embeddings.pt
6C8E	1	B	B	1	14	f2dad839faf84c5d59c7498d1b40eef836703e1f5648b7580ad75970940a46c2	3	0	full_sequence	1	0	/storage9920/home/tinghao.xia/Data_FM/RNA_FM_embeddings/6C8E/rnafm_t12_residue_embeddings.pt
6C8I	0	A	A	1	14	f2dad839faf84c5d59c7498d1b40eef836703e1f5648b7580ad75970940a46c2	3	0	full_sequence	1	0	/storage9920/home/tinghao.xia/Data_FM/RNA_FM_embeddings/6C8I/rnafm_t12_residue_embeddings.pt
6C8I	1	B	B	1	14	f2dad839faf84c5d59c7498d1b40eef836703e1f5648b7580ad75970940a46c2	3	0	full_sequence	1	0	/storage9920/home/tinghao.xia/Data_FM/RNA_FM_embeddings/6C8I/rnafm_t12_residue_embeddings.pt
6C8J	0	A	A	1	14	f2dad839faf84c5d59c7498d1b40eef836703e1f5648b7580ad75970940a46c2	3	0	full_sequence	1	0	/storage9920/home/tinghao.xia/Data_FM/RNA_FM_embeddings/6C8J/rnafm_t12_residue_embeddings.pt
6C8J	1	B	B	1	14	f2dad839faf84c5d59c7498d1b40eef836703e1f5648b7580ad75970940a46c2	3	0	full_sequence	1	0	/storage9920/home/tinghao.xia/Data_FM/RNA_FM_embeddings/6C8J/rnafm_t12_residue_embeddings.pt
6C8K	0	A	A	1	14	f2dad839faf84c5d59c7498d1b40eef836703e1f5648b7580ad75970940a46c2	3	0	full_sequence	1	0	/storage9920/home/tinghao.xia/Data_FM/RNA_FM_embeddings/6C8K/rnafm_t12_residue_embeddings.pt
6C8K	1	B	B	1	14	f2dad839faf84c5d59c7498d1b40eef836703e1f5648b7580ad75970940a46c2	3	0	full_sequence	1	0	/storage9920/home/tinghao.xia/Data_FM/RNA_FM_embeddings/6C8K/rnafm_t12_residue_embeddings.pt
6C8L	0	A	A	1	14	f2dad839faf84c5d59c7498d1b40eef836703e1f5648b7580ad75970940a46c2	3	0	full_sequence	1	0	/storage9920/home/tinghao.xia/Data_FM/RNA_FM_embeddings/6C8L/rnafm_t12_residue_embeddings.pt
6C8L	1	B	B	1	14	f2dad839faf84c5d59c7498d1b40eef836703e1f5648b7580ad75970940a46c2	3	0	full_sequence	1	0	/storage9920/home/tinghao.xia/Data_FM/RNA_FM_embeddings/6C8L/rnafm_t12_residue_embeddings.pt
6C8M	0	A	A	1	15	94cc75a911a8c354f7181903d71a3565048d2ecc63248f9e1e5a7db1acc89394	3	0	full_sequence	1	0	/storage9920/home/tinghao.xia/Data_FM/RNA_FM_embeddings/6C8M/rnafm_t12_residue_embeddings.pt
6C8M	1	B	B	2	14	f2dad839faf84c5d59c7498d1b40eef836703e1f5648b7580ad75970940a46c2	3	0	full_sequence	1	0	/storage9920/home/tinghao.xia/Data_FM/RNA_FM_embeddings/6C8M/rnafm_t12_residue_embeddings.pt
6C8N	0	A	A	1	15	94cc75a911a8c354f7181903d71a3565048d2ecc63248f9e1e5a7db1acc89394	3	0	full_sequence	1	0	/storage9920/home/tinghao.xia/Data_FM/RNA_FM_embeddings/6C8N/rnafm_t12_residue_embeddings.pt
6C8N	1	B	B	1	15	94cc75a911a8c354f7181903d71a3565048d2ecc63248f9e1e5a7db1acc89394	3	0	full_sequence	1	0	/storage9920/home/tinghao.xia/Data_FM/RNA_FM_embeddings/6C8N/rnafm_t12_residue_embeddings.pt
6C8O	0	A	A	1	15	94cc75a911a8c354f7181903d71a3565048d2ecc63248f9e1e5a7db1acc89394	3	0	full_sequence	1	0	/storage9920/home/tinghao.xia/Data_FM/RNA_FM_embeddings/6C8O/rnafm_t12_residue_embeddings.pt
6C8O	1	B	B	1	15	94cc75a911a8c354f7181903d71a3565048d2ecc63248f9e1e5a7db1acc89394	3	0	full_sequence	1	0	/storage9920/home/tinghao.xia/Data_FM/RNA_FM_embeddings/6C8O/rnafm_t12_residue_embeddings.pt
6CAB	0	A	A	1	14	f2dad839faf84c5d59c7498d1b40eef836703e1f5648b7580ad75970940a46c2	3	0	full_sequence	1	0	/storage9920/home/tinghao.xia/Data_FM/RNA_FM_embeddings/6CAB/rnafm_t12_residue_embeddings.pt
6CAB	1	B	B	1	14	f2dad839faf84c5d59c7498d1b40eef836703e1f5648b7580ad75970940a46c2	3	0	full_sequence	1	0	/storage9920/home/tinghao.xia/Data_FM/RNA_FM_embeddings/6CAB/rnafm_t12_residue_embeddings.pt
6CB3	0	A	A	1	101	663273fe60fef543bf089fe2e80ac86bce177098e1c3fa72f96037670a8a81e1	0	0	full_sequence	1	0	/storage9920/home/tinghao.xia/Data_FM/RNA_FM_embeddings/6CB3/rnafm_t12_residue_embeddings.pt
6CB3	1	B	B	1	101	663273fe60fef543bf089fe2e80ac86bce177098e1c3fa72f96037670a8a81e1	0	0	full_sequence	1	0	/storage9920/home/tinghao.xia/Data_FM/RNA_FM_embeddings/6CB3/rnafm_t12_residue_embeddings.pt
6CC1	0	A	A	1	101	dc3019dd15d926e77ef4386334b35fe6f214db60cb4c62e34fcba954126f4767	0	0	full_sequence	1	0	/storage9920/home/tinghao.xia/Data_FM/RNA_FM_embeddings/6CC1/rnafm_t12_residue_embeddings.pt
6CC1	1	B	B	1	101	dc3019dd15d926e77ef4386334b35fe6f214db60cb4c62e34fcba954126f4767	0	0	full_sequence	1	0	/storage9920/home/tinghao.xia/Data_FM/RNA_FM_embeddings/6CC1/rnafm_t12_residue_embeddings.pt
6CC3	0	A	A	1	101	2c33b933692fb48fa9df0d8cad49df9912679b51b7109d0f6eaead3dc8f708f7	0	0	full_sequence	1	0	/storage9920/home/tinghao.xia/Data_FM/RNA_FM_embeddings/6CC3/rnafm_t12_residue_embeddings.pt
6CC3	1	B	B	1	101	2c33b933692fb48fa9df0d8cad49df9912679b51b7109d0f6eaead3dc8f708f7	0	0	full_sequence	1	0	/storage9920/home/tinghao.xia/Data_FM/RNA_FM_embeddings/6CC3/rnafm_t12_residue_embeddings.pt
6CHR	0	A	A	1	625	c2a58c55c0f1195ae00e50bf13146da8427548448ec8bb1296005a3289de2634	0	0	full_sequence	1	0	/storage9920/home/tinghao.xia/Data_FM/RNA_FM_embeddings/6CHR/rnafm_t12_residue_embeddings.pt
6CHR	1	B	B	2	13	d543c551da300ee5f910581b3c7565e6463a0235f797b3898dd3158bb24e2749	0	0	full_sequence	1	0	/storage9920/home/tinghao.xia/Data_FM/RNA_FM_embeddings/6CHR/rnafm_t12_residue_embeddings.pt
6CIH	0	A	A	1	621	da8089fcda6eb104b20bd43e46799ab908b2a1a4bf439f91971a87ac38f57638	0	0	full_sequence	1	0	/storage9920/home/tinghao.xia/Data_FM/RNA_FM_embeddings/6CIH/rnafm_t12_residue_embeddings.pt
6CIH	1	B	B	2	14	da72a257b4eef4056b669e0042caefcd16d50a58d25850d610ebf25d98d137ed	0	0	full_sequence	1	0	/storage9920/home/tinghao.xia/Data_FM/RNA_FM_embeddings/6CIH/rnafm_t12_residue_embeddings.pt
6CK4	0	A	A	1	117	911a4a9e2c1c6fef8f7bc6abca55d669ef6bb3af1797ac5460eb34e80854bdd0	0	0	full_sequence	1	0	/storage9920/home/tinghao.xia/Data_FM/RNA_FM_embeddings/6CK4/rnafm_t12_residue_embeddings.pt
6CK4	1	B	B	1	117	911a4a9e2c1c6fef8f7bc6abca55d669ef6bb3af1797ac5460eb34e80854bdd0	0	0	full_sequence	1	0	/storage9920/home/tinghao.xia/Data_FM/RNA_FM_embeddings/6CK4/rnafm_t12_residue_embeddings.pt
6CK4	2	C	C	1	117	911a4a9e2c1c6fef8f7bc6abca55d669ef6bb3af1797ac5460eb34e80854bdd0	0	0	full_sequence	1	0	/storage9920/home/tinghao.xia/Data_FM/RNA_FM_embeddings/6CK4/rnafm_t12_residue_embeddings.pt
6CK4	3	D	D	1	117	911a4a9e2c1c6fef8f7bc6abca55d669ef6bb3af1797ac5460eb34e80854bdd0	0	0	full_sequence	1	0	/storage9920/home/tinghao.xia/Data_FM/RNA_FM_embeddings/6CK4/rnafm_t12_residue_embeddings.pt
6CK5	0	A	A	1	117	029ad27a08b0db72f0679452473eb9141e9b07df4d1e63a4987989b5a9a5fbe8	0	0	full_sequence	1	0	/storage9920/home/tinghao.xia/Data_FM/RNA_FM_embeddings/6CK5/rnafm_t12_residue_embeddings.pt
6CK5	1	B	B	1	117	029ad27a08b0db72f0679452473eb9141e9b07df4d1e63a4987989b5a9a5fbe8	0	0	full_sequence	1	0	/storage9920/home/tinghao.xia/Data_FM/RNA_FM_embeddings/6CK5/rnafm_t12_residue_embeddings.pt
6CU1	0	A	A	1	81	b237c64781bc85c22550ccf0ffeec5548af8dc5ff35cfc043be7622f08cd595e	0	0	full_sequence	1	0	/storage9920/home/tinghao.xia/Data_FM/RNA_FM_embeddings/6CU1/rnafm_t12_residue_embeddings.pt
6CXZ	0	A	A	1	8	7beeff7e152883574f758cb5e76eb942179ee8923f381edcb18af108a16471f2	1	1	full_sequence	1	0	/storage9920/home/tinghao.xia/Data_FM/RNA_FM_embeddings/6CXZ/rnafm_t12_residue_embeddings.pt
6CXZ	1	B	B	1	8	7beeff7e152883574f758cb5e76eb942179ee8923f381edcb18af108a16471f2	1	1	full_sequence	1	0	/storage9920/home/tinghao.xia/Data_FM/RNA_FM_embeddings/6CXZ/rnafm_t12_residue_embeddings.pt
6CY0	0	A	A	1	8	7beeff7e152883574f758cb5e76eb942179ee8923f381edcb18af108a16471f2	1	1	full_sequence	1	0	/storage9920/home/tinghao.xia/Data_FM/RNA_FM_embeddings/6CY0/rnafm_t12_residue_embeddings.pt
6CY0	1	B	B	1	8	7beeff7e152883574f758cb5e76eb942179ee8923f381edcb18af108a16471f2	1	1	full_sequence	1	0	/storage9920/home/tinghao.xia/Data_FM/RNA_FM_embeddings/6CY0/rnafm_t12_residue_embeddings.pt
6CY0	2	C	C	1	8	7beeff7e152883574f758cb5e76eb942179ee8923f381edcb18af108a16471f2	1	1	full_sequence	1	0	/storage9920/home/tinghao.xia/Data_FM/RNA_FM_embeddings/6CY0/rnafm_t12_residue_embeddings.pt
6CY0	3	D	D	1	8	7beeff7e152883574f758cb5e76eb942179ee8923f381edcb18af108a16471f2	1	1	full_sequence	1	0	/storage9920/home/tinghao.xia/Data_FM/RNA_FM_embeddings/6CY0/rnafm_t12_residue_embeddings.pt
6CY0	4	E	E	1	8	7beeff7e152883574f758cb5e76eb942179ee8923f381edcb18af108a16471f2	1	1	full_sequence	1	0	/storage9920/home/tinghao.xia/Data_FM/RNA_FM_embeddings/6CY0/rnafm_t12_residue_embeddings.pt
6CY0	5	F	F	1	8	7beeff7e152883574f758cb5e76eb942179ee8923f381edcb18af108a16471f2	1	1	full_sequence	1	0	/storage9920/home/tinghao.xia/Data_FM/RNA_FM_embeddings/6CY0/rnafm_t12_residue_embeddings.pt
6CY0	6	G	G	1	8	7beeff7e152883574f758cb5e76eb942179ee8923f381edcb18af108a16471f2	1	1	full_sequence	1	0	/storage9920/home/tinghao.xia/Data_FM/RNA_FM_embeddings/6CY0/rnafm_t12_residue_embeddings.pt
6CY0	7	H	H	1	8	7beeff7e152883574f758cb5e76eb942179ee8923f381edcb18af108a16471f2	1	1	full_sequence	1	0	/storage9920/home/tinghao.xia/Data_FM/RNA_FM_embeddings/6CY0/rnafm_t12_residue_embeddings.pt
6CY2	0	A	A	1	8	7beeff7e152883574f758cb5e76eb942179ee8923f381edcb18af108a16471f2	1	1	full_sequence	1	0	/storage9920/home/tinghao.xia/Data_FM/RNA_FM_embeddings/6CY2/rnafm_t12_residue_embeddings.pt
6CY2	1	B	B	1	8	7beeff7e152883574f758cb5e76eb942179ee8923f381edcb18af108a16471f2	1	1	full_sequence	1	0	/storage9920/home/tinghao.xia/Data_FM/RNA_FM_embeddings/6CY2/rnafm_t12_residue_embeddings.pt
6CY4	0	A	A	1	8	7beeff7e152883574f758cb5e76eb942179ee8923f381edcb18af108a16471f2	1	1	full_sequence	1	0	/storage9920/home/tinghao.xia/Data_FM/RNA_FM_embeddings/6CY4/rnafm_t12_residue_embeddings.pt
6CY4	1	B	B	1	8	7beeff7e152883574f758cb5e76eb942179ee8923f381edcb18af108a16471f2	1	1	full_sequence	1	0	/storage9920/home/tinghao.xia/Data_FM/RNA_FM_embeddings/6CY4/rnafm_t12_residue_embeddings.pt
6CY4	2	C	C	1	8	7beeff7e152883574f758cb5e76eb942179ee8923f381edcb18af108a16471f2	1	1	full_sequence	1	0	/storage9920/home/tinghao.xia/Data_FM/RNA_FM_embeddings/6CY4/rnafm_t12_residue_embeddings.pt
6CY4	3	D	D	1	8	7beeff7e152883574f758cb5e76eb942179ee8923f381edcb18af108a16471f2	1	1	full_sequence	1	0	/storage9920/home/tinghao.xia/Data_FM/RNA_FM_embeddings/6CY4/rnafm_t12_residue_embeddings.pt
6CY4	4	E	E	1	8	7beeff7e152883574f758cb5e76eb942179ee8923f381edcb18af108a16471f2	1	1	full_sequence	1	0	/storage9920/home/tinghao.xia/Data_FM/RNA_FM_embeddings/6CY4/rnafm_t12_residue_embeddings.pt
6CY4	5	F	F	1	8	7beeff7e152883574f758cb5e76eb942179ee8923f381edcb18af108a16471f2	1	1	full_sequence	1	0	/storage9920/home/tinghao.xia/Data_FM/RNA_FM_embeddings/6CY4/rnafm_t12_residue_embeddings.pt
6CY4	6	G	G	1	8	7beeff7e152883574f758cb5e76eb942179ee8923f381edcb18af108a16471f2	1	1	full_sequence	1	0	/storage9920/home/tinghao.xia/Data_FM/RNA_FM_embeddings/6CY4/rnafm_t12_residue_embeddings.pt
6CY4	7	H	H	1	8	7beeff7e152883574f758cb5e76eb942179ee8923f381edcb18af108a16471f2	1	1	full_sequence	1	0	/storage9920/home/tinghao.xia/Data_FM/RNA_FM_embeddings/6CY4/rnafm_t12_residue_embeddings.pt
6D3P	0	A	A	1	45	ec37ed220c4565e2d4ac957b47292334682777f4be55bdfa47be9f132554edae	0	0	full_sequence	1	0	/storage9920/home/tinghao.xia/Data_FM/RNA_FM_embeddings/6D3P/rnafm_t12_residue_embeddings.pt
6D8L	0	A	A	1	158	83b4fd0b47d667ac97295ff5f6dd40bf3d2a18337e599a09c8358a50ad907317	0	0	full_sequence	1	0	/storage9920/home/tinghao.xia/Data_FM/RNA_FM_embeddings/6D8L/rnafm_t12_residue_embeddings.pt
6D8L	1	B	B	1	158	83b4fd0b47d667ac97295ff5f6dd40bf3d2a18337e599a09c8358a50ad907317	0	0	full_sequence	1	0	/storage9920/home/tinghao.xia/Data_FM/RNA_FM_embeddings/6D8L/rnafm_t12_residue_embeddings.pt
6D8M	0	A	A	1	159	41180f3394524aca5f03d66710fcd8bd030db518fd83702a6fbb6a0c6edf5d5c	0	0	full_sequence	1	0	/storage9920/home/tinghao.xia/Data_FM/RNA_FM_embeddings/6D8M/rnafm_t12_residue_embeddings.pt
6D8M	1	B	B	1	159	41180f3394524aca5f03d66710fcd8bd030db518fd83702a6fbb6a0c6edf5d5c	0	0	full_sequence	1	0	/storage9920/home/tinghao.xia/Data_FM/RNA_FM_embeddings/6D8M/rnafm_t12_residue_embeddings.pt
6D8N	0	A	A	1	159	b9e13a1f78309752ce79264331147d3773acc3976ea4ebd4e7f1ee2d79c758ed	0	0	full_sequence	1	0	/storage9920/home/tinghao.xia/Data_FM/RNA_FM_embeddings/6D8N/rnafm_t12_residue_embeddings.pt
6D8N	1	B	B	1	159	b9e13a1f78309752ce79264331147d3773acc3976ea4ebd4e7f1ee2d79c758ed	0	0	full_sequence	1	0	/storage9920/home/tinghao.xia/Data_FM/RNA_FM_embeddings/6D8N/rnafm_t12_residue_embeddings.pt
6D8O	0	A	A	1	158	73867c3ccff0c71e8900337eecf91cbd045240ec2cda9a7b7a25af6035e05504	0	0	full_sequence	1	0	/storage9920/home/tinghao.xia/Data_FM/RNA_FM_embeddings/6D8O/rnafm_t12_residue_embeddings.pt
6D8O	1	B	B	1	158	73867c3ccff0c71e8900337eecf91cbd045240ec2cda9a7b7a25af6035e05504	0	0	full_sequence	1	0	/storage9920/home/tinghao.xia/Data_FM/RNA_FM_embeddings/6D8O/rnafm_t12_residue_embeddings.pt
6DLQ	0	A	A	1	107	2acb1345eb259905224200541d75c0ddb5e143207353120a0fea00d6901e8c85	0	0	full_sequence	1	0	/storage9920/home/tinghao.xia/Data_FM/RNA_FM_embeddings/6DLQ/rnafm_t12_residue_embeddings.pt
6DLR	0	A	A	1	107	2acb1345eb259905224200541d75c0ddb5e143207353120a0fea00d6901e8c85	0	0	full_sequence	1	0	/storage9920/home/tinghao.xia/Data_FM/RNA_FM_embeddings/6DLR/rnafm_t12_residue_embeddings.pt
6DLS	0	A	A	1	107	2acb1345eb259905224200541d75c0ddb5e143207353120a0fea00d6901e8c85	0	0	full_sequence	1	0	/storage9920/home/tinghao.xia/Data_FM/RNA_FM_embeddings/6DLS/rnafm_t12_residue_embeddings.pt
6DLT	0	A	A	1	107	2acb1345eb259905224200541d75c0ddb5e143207353120a0fea00d6901e8c85	0	0	full_sequence	1	0	/storage9920/home/tinghao.xia/Data_FM/RNA_FM_embeddings/6DLT/rnafm_t12_residue_embeddings.pt
6DMC	0	A	A	1	102	4f50dca931f6f4c4e822903c9cf6879ef112c016e4dc27bba9cd7f01753dd579	0	0	full_sequence	1	0	/storage9920/home/tinghao.xia/Data_FM/RNA_FM_embeddings/6DMC/rnafm_t12_residue_embeddings.pt
6DMC	1	B	B	1	102	4f50dca931f6f4c4e822903c9cf6879ef112c016e4dc27bba9cd7f01753dd579	0	0	full_sequence	1	0	/storage9920/home/tinghao.xia/Data_FM/RNA_FM_embeddings/6DMC/rnafm_t12_residue_embeddings.pt
6DMD	0	A	A	1	102	4f50dca931f6f4c4e822903c9cf6879ef112c016e4dc27bba9cd7f01753dd579	0	0	full_sequence	1	0	/storage9920/home/tinghao.xia/Data_FM/RNA_FM_embeddings/6DMD/rnafm_t12_residue_embeddings.pt
6DMD	1	B	B	1	102	4f50dca931f6f4c4e822903c9cf6879ef112c016e4dc27bba9cd7f01753dd579	0	0	full_sequence	1	0	/storage9920/home/tinghao.xia/Data_FM/RNA_FM_embeddings/6DMD/rnafm_t12_residue_embeddings.pt
6DME	0	A	A	1	102	4f50dca931f6f4c4e822903c9cf6879ef112c016e4dc27bba9cd7f01753dd579	0	0	full_sequence	1	0	/storage9920/home/tinghao.xia/Data_FM/RNA_FM_embeddings/6DME/rnafm_t12_residue_embeddings.pt
6DN1	0	X	A	1	54	1f42c7b1af9857be1a48cb75d970d0ab0b87c292c75df9e250caa1aeb397f2ed	0	0	full_sequence	1	0	/storage9920/home/tinghao.xia/Data_FM/RNA_FM_embeddings/6DN1/rnafm_t12_residue_embeddings.pt
6DN1	1	Z	B	2	57	ec78ed4d2c5b12c1f6c6dbc3d1f2e0e615fe4d7dbc0709828a10fdd967989cec	0	0	full_sequence	1	0	/storage9920/home/tinghao.xia/Data_FM/RNA_FM_embeddings/6DN1/rnafm_t12_residue_embeddings.pt
6DN2	0	X	A	1	54	d51a50adf2790e4d79a4c8a982def7bc2b9a5f5a61d8196361c218f940f4d990	0	0	full_sequence	1	0	/storage9920/home/tinghao.xia/Data_FM/RNA_FM_embeddings/6DN2/rnafm_t12_residue_embeddings.pt
6DN2	1	Y	B	2	56	1f0fdb33eab58e3cb30c31140deb162b6e0a271adbff8d74936357085ede4a93	0	0	full_sequence	1	0	/storage9920/home/tinghao.xia/Data_FM/RNA_FM_embeddings/6DN2/rnafm_t12_residue_embeddings.pt
6DN3	0	X	A	1	54	d51a50adf2790e4d79a4c8a982def7bc2b9a5f5a61d8196361c218f940f4d990	0	0	full_sequence	1	0	/storage9920/home/tinghao.xia/Data_FM/RNA_FM_embeddings/6DN3/rnafm_t12_residue_embeddings.pt
6DN3	1	Y	B	2	56	1f0fdb33eab58e3cb30c31140deb162b6e0a271adbff8d74936357085ede4a93	0	0	full_sequence	1	0	/storage9920/home/tinghao.xia/Data_FM/RNA_FM_embeddings/6DN3/rnafm_t12_residue_embeddings.pt
6DNR	0	A	A	1	107	2acb1345eb259905224200541d75c0ddb5e143207353120a0fea00d6901e8c85	0	0	full_sequence	1	0	/storage9920/home/tinghao.xia/Data_FM/RNA_FM_embeddings/6DNR/rnafm_t12_residue_embeddings.pt
6DVK	0	H	A	1	95	956da9e358de5f17c12deca3c46165d20e324ffd73bed05ba11debcbc18a4ee1	0	0	full_sequence	1	0	/storage9920/home/tinghao.xia/Data_FM/RNA_FM_embeddings/6DVK/rnafm_t12_residue_embeddings.pt
6E1S	0	A	A	1	33	21341924bf704a981332111d4119ab9b864465528bfa42dc0d5d1d73790adbcd	2	0	full_sequence	1	0	/storage9920/home/tinghao.xia/Data_FM/RNA_FM_embeddings/6E1S/rnafm_t12_residue_embeddings.pt
6E1T	0	A	A	1	33	e8971621bf24939647d17b453d2977bc4ea9e6e90cc31f5d879555ea4b83bd86	3	0	full_sequence	1	0	/storage9920/home/tinghao.xia/Data_FM/RNA_FM_embeddings/6E1T/rnafm_t12_residue_embeddings.pt
6E1U	0	A	A	1	33	21341924bf704a981332111d4119ab9b864465528bfa42dc0d5d1d73790adbcd	2	0	full_sequence	1	0	/storage9920/home/tinghao.xia/Data_FM/RNA_FM_embeddings/6E1U/rnafm_t12_residue_embeddings.pt
6E1V	0	A	A	1	33	e8971621bf24939647d17b453d2977bc4ea9e6e90cc31f5d879555ea4b83bd86	3	0	full_sequence	1	0	/storage9920/home/tinghao.xia/Data_FM/RNA_FM_embeddings/6E1V/rnafm_t12_residue_embeddings.pt
6E1W	0	A	A	1	33	21341924bf704a981332111d4119ab9b864465528bfa42dc0d5d1d73790adbcd	2	0	full_sequence	1	0	/storage9920/home/tinghao.xia/Data_FM/RNA_FM_embeddings/6E1W/rnafm_t12_residue_embeddings.pt
6E7L	0	A	A	1	22	d29ed5b3afbacb12e7dabdc88d5204930c45f7ca5a58a5ba8d0b14d2e3a34f8c	0	0	full_sequence	1	0	/storage9920/home/tinghao.xia/Data_FM/RNA_FM_embeddings/6E7L/rnafm_t12_residue_embeddings.pt
6E80	0	A	A	1	36	4b413a46a00c26bb7ca8ee63c710aab5fe39c62f018465beb36f9bedc79c6861	0	0	full_sequence	1	0	/storage9920/home/tinghao.xia/Data_FM/RNA_FM_embeddings/6E80/rnafm_t12_residue_embeddings.pt
6E81	0	A	A	1	36	4b413a46a00c26bb7ca8ee63c710aab5fe39c62f018465beb36f9bedc79c6861	0	0	full_sequence	1	0	/storage9920/home/tinghao.xia/Data_FM/RNA_FM_embeddings/6E81/rnafm_t12_residue_embeddings.pt
6E82	0	A	A	1	36	3175289d6b77f0438b15e90e1e6ada2f2679055a74c3804338e2bb44a0c5f211	0	0	full_sequence	1	0	/storage9920/home/tinghao.xia/Data_FM/RNA_FM_embeddings/6E82/rnafm_t12_residue_embeddings.pt
6E84	0	A	A	1	36	4b413a46a00c26bb7ca8ee63c710aab5fe39c62f018465beb36f9bedc79c6861	0	0	full_sequence	1	0	/storage9920/home/tinghao.xia/Data_FM/RNA_FM_embeddings/6E84/rnafm_t12_residue_embeddings.pt
6E8S	0	A	A	1	38	997597deb95164d39de35e1b67954a512363cc4a1c9f78c06be564ef32a6b228	0	0	full_sequence	1	0	/storage9920/home/tinghao.xia/Data_FM/RNA_FM_embeddings/6E8S/rnafm_t12_residue_embeddings.pt
6E8S	1	B	B	1	38	997597deb95164d39de35e1b67954a512363cc4a1c9f78c06be564ef32a6b228	0	0	full_sequence	1	0	/storage9920/home/tinghao.xia/Data_FM/RNA_FM_embeddings/6E8S/rnafm_t12_residue_embeddings.pt
6E8T	0	D	A	1	36	7007ff2c3355ec35df81b2038c910b5c4e958538e26e8da7b7d50f4c62b7254f	0	0	full_sequence	1	0	/storage9920/home/tinghao.xia/Data_FM/RNA_FM_embeddings/6E8T/rnafm_t12_residue_embeddings.pt
6E8T	1	C	B	1	36	7007ff2c3355ec35df81b2038c910b5c4e958538e26e8da7b7d50f4c62b7254f	0	0	full_sequence	1	0	/storage9920/home/tinghao.xia/Data_FM/RNA_FM_embeddings/6E8T/rnafm_t12_residue_embeddings.pt
6E8T	2	B	C	1	36	7007ff2c3355ec35df81b2038c910b5c4e958538e26e8da7b7d50f4c62b7254f	0	0	full_sequence	1	0	/storage9920/home/tinghao.xia/Data_FM/RNA_FM_embeddings/6E8T/rnafm_t12_residue_embeddings.pt
6E8T	3	A	D	1	36	7007ff2c3355ec35df81b2038c910b5c4e958538e26e8da7b7d50f4c62b7254f	0	0	full_sequence	1	0	/storage9920/home/tinghao.xia/Data_FM/RNA_FM_embeddings/6E8T/rnafm_t12_residue_embeddings.pt
6E8U	0	B	A	1	37	8fec838937617b7777cb2eebfab0a924874e504776946f8c7f7535b71c4c3be2	0	0	full_sequence	1	0	/storage9920/home/tinghao.xia/Data_FM/RNA_FM_embeddings/6E8U/rnafm_t12_residue_embeddings.pt
6EZ0	0	A	A	1	27	775d70bcc0acaf681f93254f56d4449c27b6fe6b2eb8ef11d5ad559a6080cb0b	0	0	full_sequence	1	0	/storage9920/home/tinghao.xia/Data_FM/RNA_FM_embeddings/6EZ0/rnafm_t12_residue_embeddings.pt
6FZ0	0	A	A	1	53	0203022f3909b9ca2e4ba4ea006cac630e92773807003e8119588f8439fdc708	0	0	full_sequence	1	0	/storage9920/home/tinghao.xia/Data_FM/RNA_FM_embeddings/6FZ0/rnafm_t12_residue_embeddings.pt
6G7Z	0	A	A	1	132	88f0a9493b4add86a0a26db4464c5a2e3a65cd36b8e72be0455d1abdfb3de200	0	0	full_sequence	1	0	/storage9920/home/tinghao.xia/Data_FM/RNA_FM_embeddings/6G7Z/rnafm_t12_residue_embeddings.pt
6G7Z	1	B	B	2	54	ec924f8fe3240284ef95268db95d53626c20ca21e581bb596ae3604ccce0589f	0	0	full_sequence	1	0	/storage9920/home/tinghao.xia/Data_FM/RNA_FM_embeddings/6G7Z/rnafm_t12_residue_embeddings.pt
6GE1	0	A	A	1	7	cb7dadc483dabd45f92261688fb9bb2ba55b78127a72f89a0bc5a73a9777d830	0	0	full_sequence	1	0	/storage9920/home/tinghao.xia/Data_FM/RNA_FM_embeddings/6GE1/rnafm_t12_residue_embeddings.pt
6GE1	1	B	B	1	7	cb7dadc483dabd45f92261688fb9bb2ba55b78127a72f89a0bc5a73a9777d830	0	0	full_sequence	1	0	/storage9920/home/tinghao.xia/Data_FM/RNA_FM_embeddings/6GE1/rnafm_t12_residue_embeddings.pt
6GE1	2	C	C	1	7	cb7dadc483dabd45f92261688fb9bb2ba55b78127a72f89a0bc5a73a9777d830	0	0	full_sequence	1	0	/storage9920/home/tinghao.xia/Data_FM/RNA_FM_embeddings/6GE1/rnafm_t12_residue_embeddings.pt
6GE1	3	D	D	1	7	cb7dadc483dabd45f92261688fb9bb2ba55b78127a72f89a0bc5a73a9777d830	0	0	full_sequence	1	0	/storage9920/home/tinghao.xia/Data_FM/RNA_FM_embeddings/6GE1/rnafm_t12_residue_embeddings.pt
6GYV	0	A	A	1	192	a0c552e212a8279dddcbc61d3957ba1b45f5076cba367533a697f0fd05a49f7b	0	0	full_sequence	1	0	/storage9920/home/tinghao.xia/Data_FM/RNA_FM_embeddings/6GYV/rnafm_t12_residue_embeddings.pt
6GZK	0	A	A	1	48	be5fa2eaf52c9178ae8bb5cd29f33bb25da14f41b3479f273e5dc715b29463e3	0	0	full_sequence	1	0	/storage9920/home/tinghao.xia/Data_FM/RNA_FM_embeddings/6GZK/rnafm_t12_residue_embeddings.pt
6GZR	0	A	A	1	48	be5fa2eaf52c9178ae8bb5cd29f33bb25da14f41b3479f273e5dc715b29463e3	0	0	full_sequence	1	0	/storage9920/home/tinghao.xia/Data_FM/RNA_FM_embeddings/6GZR/rnafm_t12_residue_embeddings.pt
6H0R	0	A	A	1	31	fc28f7102d948e8320ddee70b0f66d09f8af58f85a7dfdbd433d9ebfaf5d75c7	0	0	full_sequence	1	0	/storage9920/home/tinghao.xia/Data_FM/RNA_FM_embeddings/6H0R/rnafm_t12_residue_embeddings.pt
6H0R	1	B	B	1	31	fc28f7102d948e8320ddee70b0f66d09f8af58f85a7dfdbd433d9ebfaf5d75c7	0	0	full_sequence	1	0	/storage9920/home/tinghao.xia/Data_FM/RNA_FM_embeddings/6H0R/rnafm_t12_residue_embeddings.pt
6HAG	0	A	A	1	43	fa3b186cdf4584b6b0b4740907c124ca235a68970468256650f5bdba501c2cce	0	0	full_sequence	1	0	/storage9920/home/tinghao.xia/Data_FM/RNA_FM_embeddings/6HAG/rnafm_t12_residue_embeddings.pt
6HBT	0	A	A	1	18	28b398fea2552a661e69b2bd6a2871eb7a820361b0a5b48c42ddf973d03fe46a	0	0	full_sequence	1	0	/storage9920/home/tinghao.xia/Data_FM/RNA_FM_embeddings/6HBT/rnafm_t12_residue_embeddings.pt
6HBX	0	A	A	1	18	28b398fea2552a661e69b2bd6a2871eb7a820361b0a5b48c42ddf973d03fe46a	0	0	full_sequence	1	0	/storage9920/home/tinghao.xia/Data_FM/RNA_FM_embeddings/6HBX/rnafm_t12_residue_embeddings.pt
6HC5	0	A	A	1	18	28b398fea2552a661e69b2bd6a2871eb7a820361b0a5b48c42ddf973d03fe46a	0	0	full_sequence	1	0	/storage9920/home/tinghao.xia/Data_FM/RNA_FM_embeddings/6HC5/rnafm_t12_residue_embeddings.pt
6HMI	0	A	A	1	11	1e353a747e2f935727857e03a4706442912960da101740c556b84de0c5ce9f9a	0	0	full_sequence	1	0	/storage9920/home/tinghao.xia/Data_FM/RNA_FM_embeddings/6HMI/rnafm_t12_residue_embeddings.pt
6HMI	1	B	B	2	11	6d5b297bd26aef09eee09777cc39292dadf594f447809a7503cf4925aaa5c493	0	0	full_sequence	1	0	/storage9920/home/tinghao.xia/Data_FM/RNA_FM_embeddings/6HMI/rnafm_t12_residue_embeddings.pt
6HMO	0	A	A	1	11	1e353a747e2f935727857e03a4706442912960da101740c556b84de0c5ce9f9a	0	0	full_sequence	1	0	/storage9920/home/tinghao.xia/Data_FM/RNA_FM_embeddings/6HMO/rnafm_t12_residue_embeddings.pt
6HMO	1	B	B	2	11	6d5b297bd26aef09eee09777cc39292dadf594f447809a7503cf4925aaa5c493	0	0	full_sequence	1	0	/storage9920/home/tinghao.xia/Data_FM/RNA_FM_embeddings/6HMO/rnafm_t12_residue_embeddings.pt
6HU6	0	A	A	1	19	5e139b4a322f8bda4ce77dc5ac0d5ebfee2b262bf6b4aa79d5f7c40e604a1e71	0	0	full_sequence	1	0	/storage9920/home/tinghao.xia/Data_FM/RNA_FM_embeddings/6HU6/rnafm_t12_residue_embeddings.pt
6HU6	1	E	B	2	19	6da7eaa579df010f6a623bfedcaa9a1219edec86e9bc3e124811f837ba592fc5	0	0	full_sequence	1	0	/storage9920/home/tinghao.xia/Data_FM/RNA_FM_embeddings/6HU6/rnafm_t12_residue_embeddings.pt
6HU6	2	B	C	3	10	d3dfe3625439c9052a0425687b087f3fb5b59392ff5d6bb677f9705c66f93fcc	0	0	full_sequence	1	0	/storage9920/home/tinghao.xia/Data_FM/RNA_FM_embeddings/6HU6/rnafm_t12_residue_embeddings.pt
6HU6	3	F	D	4	9	268ebdf6286088856500e896f0046a820301028fd1e4961fd44aecec55b727d8	0	0	full_sequence	1	0	/storage9920/home/tinghao.xia/Data_FM/RNA_FM_embeddings/6HU6/rnafm_t12_residue_embeddings.pt
6HYK	0	A	A	1	31	1c2cdf2bdd4653870ac450538a5aad4eaaa5fcf2d9cfa2196095b738495d6368	0	0	full_sequence	1	0	/storage9920/home/tinghao.xia/Data_FM/RNA_FM_embeddings/6HYK/rnafm_t12_residue_embeddings.pt
6I1V	0	A	A	1	9	9594bee0390e52f20afa83c517d57565fc071550dfd92a8723d5a307a19e6a5a	0	0	full_sequence	1	0	/storage9920/home/tinghao.xia/Data_FM/RNA_FM_embeddings/6I1V/rnafm_t12_residue_embeddings.pt
6I1V	1	B	B	2	9	b6c7acffec9630914127514d2efc78c38c0f6c9ffdecc639570b823fc5e4fe9a	0	0	full_sequence	1	0	/storage9920/home/tinghao.xia/Data_FM/RNA_FM_embeddings/6I1V/rnafm_t12_residue_embeddings.pt
6I1W	0	A	A	1	9	f78d0e9de588ae7d8547cc7aba8ecd3ac058facb568117269dc85093db73fdca	0	0	full_sequence	1	0	/storage9920/home/tinghao.xia/Data_FM/RNA_FM_embeddings/6I1W/rnafm_t12_residue_embeddings.pt
6I1W	1	B	B	2	9	46a22f5f0757b28e23d7f1e59895f8a8fc167d2dd976a2288fabda5323f95f2e	0	0	full_sequence	1	0	/storage9920/home/tinghao.xia/Data_FM/RNA_FM_embeddings/6I1W/rnafm_t12_residue_embeddings.pt
6IA2	0	A	A	1	19	a68d11751193571b4167071b2b229924aed1898c839acc68309386536378235f	0	0	full_sequence	1	0	/storage9920/home/tinghao.xia/Data_FM/RNA_FM_embeddings/6IA2/rnafm_t12_residue_embeddings.pt
6IA2	1	B	B	1	19	a68d11751193571b4167071b2b229924aed1898c839acc68309386536378235f	0	0	full_sequence	1	0	/storage9920/home/tinghao.xia/Data_FM/RNA_FM_embeddings/6IA2/rnafm_t12_residue_embeddings.pt
6IZP	0	A	A	1	29	e2fab9440ee82df2e98aa5c15004c6d0a183b58f195cc5d831b4b8c43855a486	0	0	full_sequence	1	0	/storage9920/home/tinghao.xia/Data_FM/RNA_FM_embeddings/6IZP/rnafm_t12_residue_embeddings.pt
6JBF	0	A	A	1	23	276dd8b0fd20fac93c6978666a2dd21c1bba8c8389fe28667f1ceb7851755f62	0	0	full_sequence	1	0	/storage9920/home/tinghao.xia/Data_FM/RNA_FM_embeddings/6JBF/rnafm_t12_residue_embeddings.pt
6JBF	1	B	B	1	23	276dd8b0fd20fac93c6978666a2dd21c1bba8c8389fe28667f1ceb7851755f62	0	0	full_sequence	1	0	/storage9920/home/tinghao.xia/Data_FM/RNA_FM_embeddings/6JBF/rnafm_t12_residue_embeddings.pt
6JBF	2	C	C	1	23	276dd8b0fd20fac93c6978666a2dd21c1bba8c8389fe28667f1ceb7851755f62	0	0	full_sequence	1	0	/storage9920/home/tinghao.xia/Data_FM/RNA_FM_embeddings/6JBF/rnafm_t12_residue_embeddings.pt
6JBF	3	D	D	1	23	276dd8b0fd20fac93c6978666a2dd21c1bba8c8389fe28667f1ceb7851755f62	0	0	full_sequence	1	0	/storage9920/home/tinghao.xia/Data_FM/RNA_FM_embeddings/6JBF/rnafm_t12_residue_embeddings.pt
6JBG	0	A	A	1	22	fe2ea4491ca8e36c4cb3e2f1b83f64e8e92a55403e601cf1db76e5ea3f9198e2	0	0	full_sequence	1	0	/storage9920/home/tinghao.xia/Data_FM/RNA_FM_embeddings/6JBG/rnafm_t12_residue_embeddings.pt
6JBG	1	B	B	1	22	fe2ea4491ca8e36c4cb3e2f1b83f64e8e92a55403e601cf1db76e5ea3f9198e2	0	0	full_sequence	1	0	/storage9920/home/tinghao.xia/Data_FM/RNA_FM_embeddings/6JBG/rnafm_t12_residue_embeddings.pt
6JBG	2	C	C	2	23	276dd8b0fd20fac93c6978666a2dd21c1bba8c8389fe28667f1ceb7851755f62	0	0	full_sequence	1	0	/storage9920/home/tinghao.xia/Data_FM/RNA_FM_embeddings/6JBG/rnafm_t12_residue_embeddings.pt
6JBG	3	D	D	2	23	276dd8b0fd20fac93c6978666a2dd21c1bba8c8389fe28667f1ceb7851755f62	0	0	full_sequence	1	0	/storage9920/home/tinghao.xia/Data_FM/RNA_FM_embeddings/6JBG/rnafm_t12_residue_embeddings.pt
6JJH	0	B	A	1	14	89b695737ee499932f5a2521dc82408fdc2676a9a71c9e8e6b00063285e7e581	0	0	full_sequence	1	0	/storage9920/home/tinghao.xia/Data_FM/RNA_FM_embeddings/6JJH/rnafm_t12_residue_embeddings.pt
6JJI	0	B	A	1	14	89b695737ee499932f5a2521dc82408fdc2676a9a71c9e8e6b00063285e7e581	0	0	full_sequence	1	0	/storage9920/home/tinghao.xia/Data_FM/RNA_FM_embeddings/6JJI/rnafm_t12_residue_embeddings.pt
6JQ5	0	A	A	1	82	392d069b9b8aebe1be5afc14f23470bb731970f69e378ac9e7123871386689bf	0	0	full_sequence	1	0	/storage9920/home/tinghao.xia/Data_FM/RNA_FM_embeddings/6JQ5/rnafm_t12_residue_embeddings.pt
6JQ5	1	B	B	1	82	392d069b9b8aebe1be5afc14f23470bb731970f69e378ac9e7123871386689bf	0	0	full_sequence	1	0	/storage9920/home/tinghao.xia/Data_FM/RNA_FM_embeddings/6JQ5/rnafm_t12_residue_embeddings.pt
6JQ6	0	U	A	1	81	cb6f3d687671543d0412589fd664f3de4672a68e77b19a97a80261a6e93e6d95	0	0	full_sequence	1	0	/storage9920/home/tinghao.xia/Data_FM/RNA_FM_embeddings/6JQ6/rnafm_t12_residue_embeddings.pt
6JXM	0	B	A	1	97	6187e7a2c284630a06cb8a7c07476404819ea4901490fa45caed8b6ed889e653	0	0	full_sequence	1	0	/storage9920/home/tinghao.xia/Data_FM/RNA_FM_embeddings/6JXM/rnafm_t12_residue_embeddings.pt
6K84	0	A	A	1	25	96feb99be4f814ddd91d7f2cb0f26d034a9a231833c7e05769730fca81a6a6a0	0	0	full_sequence	1	0	/storage9920/home/tinghao.xia/Data_FM/RNA_FM_embeddings/6K84/rnafm_t12_residue_embeddings.pt
6L0Y	0	A	A	1	22	4576e5a34eeb99cef08794a0d496ee46de8adc3bf2f1de77d39f5b1a33462ae0	0	0	full_sequence	1	0	/storage9920/home/tinghao.xia/Data_FM/RNA_FM_embeddings/6L0Y/rnafm_t12_residue_embeddings.pt
6L0Y	1	B	B	1	22	4576e5a34eeb99cef08794a0d496ee46de8adc3bf2f1de77d39f5b1a33462ae0	0	0	full_sequence	1	0	/storage9920/home/tinghao.xia/Data_FM/RNA_FM_embeddings/6L0Y/rnafm_t12_residue_embeddings.pt
6MCI	0	A	A	1	57	82f96fe29c25b9439b49dda69b2d2b7d1b2268f72f0ecb2c1b3cdc6986ab9ba6	2	2	full_sequence	1	0	/storage9920/home/tinghao.xia/Data_FM/RNA_FM_embeddings/6MCI/rnafm_t12_residue_embeddings.pt
6MJ0	0	A	A	1	104	c08aec52fa52ebe78ad4c026a31b91da72493f6f5126ff5faeddcabf9d8d10c1	0	0	full_sequence	1	0	/storage9920/home/tinghao.xia/Data_FM/RNA_FM_embeddings/6MJ0/rnafm_t12_residue_embeddings.pt
6MJ0	1	B	B	1	104	c08aec52fa52ebe78ad4c026a31b91da72493f6f5126ff5faeddcabf9d8d10c1	0	0	full_sequence	1	0	/storage9920/home/tinghao.xia/Data_FM/RNA_FM_embeddings/6MJ0/rnafm_t12_residue_embeddings.pt
6MXQ	0	A	A	1	49	e5f6d6203a6eddd735e5d76a6965cea7d370ac78df497fbeacce64c1e255c9bb	0	0	full_sequence	1	0	/storage9920/home/tinghao.xia/Data_FM/RNA_FM_embeddings/6MXQ/rnafm_t12_residue_embeddings.pt
6N2V	0	A	A	1	99	eb9aede4fec5abe5cb2ab8e35d6e1d4841873218611a62950936679c2c939cdc	0	0	full_sequence	1	0	/storage9920/home/tinghao.xia/Data_FM/RNA_FM_embeddings/6N2V/rnafm_t12_residue_embeddings.pt
6N2V	1	B	B	1	99	eb9aede4fec5abe5cb2ab8e35d6e1d4841873218611a62950936679c2c939cdc	0	0	full_sequence	1	0	/storage9920/home/tinghao.xia/Data_FM/RNA_FM_embeddings/6N2V/rnafm_t12_residue_embeddings.pt
6N5K	0	A	A	1	125	fcb7b85e068b8c04b9f3415de03ef78b1acfd672629b1cfe89282785b44fc279	0	0	full_sequence	1	0	/storage9920/home/tinghao.xia/Data_FM/RNA_FM_embeddings/6N5K/rnafm_t12_residue_embeddings.pt
6N5N	0	A	A	1	125	c1469ea0081c4b4c3ccfbdc0c5ff20e779fab5fb29cef8c16ab65aecba581138	0	0	full_sequence	1	0	/storage9920/home/tinghao.xia/Data_FM/RNA_FM_embeddings/6N5N/rnafm_t12_residue_embeddings.pt
6N5O	0	A	A	1	126	f5b484dc6867b6315a5dbd3c8be6126800e3ea955fcdc07cbc2c8854ba46e6d3	0	0	full_sequence	1	0	/storage9920/home/tinghao.xia/Data_FM/RNA_FM_embeddings/6N5O/rnafm_t12_residue_embeddings.pt
6N5P	0	A	A	1	127	ddb1f134210808b8cfb22bd9df3e9851d3d35810710c813fee3758527b193a01	0	0	full_sequence	1	0	/storage9920/home/tinghao.xia/Data_FM/RNA_FM_embeddings/6N5P/rnafm_t12_residue_embeddings.pt
6N5Q	0	A	A	1	128	efee820629ae4ff9f023b6002fa01e41c181ba4c2cda8178454bbd87e41f6fbf	0	0	full_sequence	1	0	/storage9920/home/tinghao.xia/Data_FM/RNA_FM_embeddings/6N5Q/rnafm_t12_residue_embeddings.pt
6N5S	0	A	A	1	123	7b61bb90bb7546e7c40afba079a1a4ddd953e0a775579310426b2cdc8189f1fa	0	0	full_sequence	1	0	/storage9920/home/tinghao.xia/Data_FM/RNA_FM_embeddings/6N5S/rnafm_t12_residue_embeddings.pt
6N5T	0	A	A	1	126	63b0597636db529385dd763763dae6c6d841c691bebdb2acea5b82c9333728cc	0	0	full_sequence	1	0	/storage9920/home/tinghao.xia/Data_FM/RNA_FM_embeddings/6N5T/rnafm_t12_residue_embeddings.pt
6N8F	0	A	A	1	12	66513bd9a8a6d0ea58dc71628dc0eb145ec9a30d713827f7d8c443d3b6025ff1	0	0	full_sequence	1	0	/storage9920/home/tinghao.xia/Data_FM/RNA_FM_embeddings/6N8F/rnafm_t12_residue_embeddings.pt
6N8F	1	B	B	2	12	f1f0cf78b9afa2c9f4d4191123fc984cee9cbeabb2b953603a59d9250090c74a	0	0	full_sequence	1	0	/storage9920/home/tinghao.xia/Data_FM/RNA_FM_embeddings/6N8F/rnafm_t12_residue_embeddings.pt
6N8H	0	A	A	1	10	f757f397c9e19b67a04b2a8fd3c9d97691b557a16ba0d2640dc22f5eea11a4bc	0	0	full_sequence	1	0	/storage9920/home/tinghao.xia/Data_FM/RNA_FM_embeddings/6N8H/rnafm_t12_residue_embeddings.pt
6N8H	1	B	B	1	10	f757f397c9e19b67a04b2a8fd3c9d97691b557a16ba0d2640dc22f5eea11a4bc	0	0	full_sequence	1	0	/storage9920/home/tinghao.xia/Data_FM/RNA_FM_embeddings/6N8H/rnafm_t12_residue_embeddings.pt
6N8I	0	A	A	1	12	7de3f3a9dfe044fe5c2d2bc077c0dd3cc5bd2ed616336c9ac5022bf4fb927045	0	0	full_sequence	1	0	/storage9920/home/tinghao.xia/Data_FM/RNA_FM_embeddings/6N8I/rnafm_t12_residue_embeddings.pt
6N8I	1	B	B	2	12	e315b4a662e1aad4789e76a8abb23301096f4f0d40ea905b5e907ed310938990	0	0	full_sequence	1	0	/storage9920/home/tinghao.xia/Data_FM/RNA_FM_embeddings/6N8I/rnafm_t12_residue_embeddings.pt
6NOA	0	A	A	1	56	011f0f191dd76a86935b24eeac0f38212d9920635aaacde0ed932e75393157ea	0	0	full_sequence	1	0	/storage9920/home/tinghao.xia/Data_FM/RNA_FM_embeddings/6NOA/rnafm_t12_residue_embeddings.pt
6OD9	0	A	A	1	75	9b33908d46ed3cc4bd5d210c8722af715b9fca9e8161ec6e08238dfbef3a47e7	0	0	full_sequence	1	0	/storage9920/home/tinghao.xia/Data_FM/RNA_FM_embeddings/6OD9/rnafm_t12_residue_embeddings.pt
6OD9	1	B	B	1	75	9b33908d46ed3cc4bd5d210c8722af715b9fca9e8161ec6e08238dfbef3a47e7	0	0	full_sequence	1	0	/storage9920/home/tinghao.xia/Data_FM/RNA_FM_embeddings/6OD9/rnafm_t12_residue_embeddings.pt
6OL3	0	C	A	1	112	4952f37ed530b0fd706fff59d1cdf397df7a2ee9f83d4c8e98d4f38152a8492d	0	0	full_sequence	1	0	/storage9920/home/tinghao.xia/Data_FM/RNA_FM_embeddings/6OL3/rnafm_t12_residue_embeddings.pt
6OWL	0	A	A	1	14	f2dad839faf84c5d59c7498d1b40eef836703e1f5648b7580ad75970940a46c2	3	0	full_sequence	1	0	/storage9920/home/tinghao.xia/Data_FM/RNA_FM_embeddings/6OWL/rnafm_t12_residue_embeddings.pt
6OWL	1	B	B	2	2	bee30e5b6d59c1bdf10100ef331706553fd3c4e6b0a342a092c6f6f733b8be36	0	0	full_sequence	1	0	/storage9920/home/tinghao.xia/Data_FM/RNA_FM_embeddings/6OWL/rnafm_t12_residue_embeddings.pt
6OWL	2	C	C	2	2	bee30e5b6d59c1bdf10100ef331706553fd3c4e6b0a342a092c6f6f733b8be36	0	0	full_sequence	1	0	/storage9920/home/tinghao.xia/Data_FM/RNA_FM_embeddings/6OWL/rnafm_t12_residue_embeddings.pt
6P2H	0	A	A	1	69	1746ce8bac188fac4c237cd9925d9af5397cd570248d96df5db9048d6255dde7	0	0	full_sequence	1	0	/storage9920/home/tinghao.xia/Data_FM/RNA_FM_embeddings/6P2H/rnafm_t12_residue_embeddings.pt
6PK9	0	A	A	1	20	4be752cdcf6536d7987d3f9d48d756f41d3d9f9aa82637000881b2310beb8981	0	0	full_sequence	1	0	/storage9920/home/tinghao.xia/Data_FM/RNA_FM_embeddings/6PK9/rnafm_t12_residue_embeddings.pt
6PMO	0	B	A	1	75	156e66746676330db52f940d17f18768990ae93353bdf54ea68fb2ab1cc72695	0	0	full_sequence	1	0	/storage9920/home/tinghao.xia/Data_FM/RNA_FM_embeddings/6PMO/rnafm_t12_residue_embeddings.pt
6PMO	1	A	B	2	66	23c6c9b656e0a37155b73b1234dda4cab1646289cb7c729353679fdde8926779	0	0	full_sequence	1	0	/storage9920/home/tinghao.xia/Data_FM/RNA_FM_embeddings/6PMO/rnafm_t12_residue_embeddings.pt
6POM	0	A	A	1	169	819c590244cc890f279c889ea82d1dbe5f3f48b16362af0bceb2ee5a4d32b319	0	0	full_sequence	1	0	/storage9920/home/tinghao.xia/Data_FM/RNA_FM_embeddings/6POM/rnafm_t12_residue_embeddings.pt
6POM	1	B	B	2	75	156e66746676330db52f940d17f18768990ae93353bdf54ea68fb2ab1cc72695	0	0	full_sequence	1	0	/storage9920/home/tinghao.xia/Data_FM/RNA_FM_embeddings/6POM/rnafm_t12_residue_embeddings.pt
6PQ7	0	C	A	1	37	8fec838937617b7777cb2eebfab0a924874e504776946f8c7f7535b71c4c3be2	0	0	full_sequence	1	0	/storage9920/home/tinghao.xia/Data_FM/RNA_FM_embeddings/6PQ7/rnafm_t12_residue_embeddings.pt
6PRV	0	A	A	1	58	bd27ff13ec72e6fce0931596ed3792d5842c9006be94fa458164bcb27eb88fbf	0	0	full_sequence	1	0	/storage9920/home/tinghao.xia/Data_FM/RNA_FM_embeddings/6PRV/rnafm_t12_residue_embeddings.pt
6PRV	1	B	B	1	58	bd27ff13ec72e6fce0931596ed3792d5842c9006be94fa458164bcb27eb88fbf	0	0	full_sequence	1	0	/storage9920/home/tinghao.xia/Data_FM/RNA_FM_embeddings/6PRV/rnafm_t12_residue_embeddings.pt
6PRV	2	C	C	1	58	bd27ff13ec72e6fce0931596ed3792d5842c9006be94fa458164bcb27eb88fbf	0	0	full_sequence	1	0	/storage9920/home/tinghao.xia/Data_FM/RNA_FM_embeddings/6PRV/rnafm_t12_residue_embeddings.pt
6PRV	3	D	D	1	58	bd27ff13ec72e6fce0931596ed3792d5842c9006be94fa458164bcb27eb88fbf	0	0	full_sequence	1	0	/storage9920/home/tinghao.xia/Data_FM/RNA_FM_embeddings/6PRV/rnafm_t12_residue_embeddings.pt
6Q57	0	A	A	1	89	974f51da94729865209d77ea0328a5f6d9dcd2d165363cd1e56bbc9c795d2214	0	0	full_sequence	1	0	/storage9920/home/tinghao.xia/Data_FM/RNA_FM_embeddings/6Q57/rnafm_t12_residue_embeddings.pt
6Q8V	0	A	A	1	19	ce7e8b6688ff49624f8d1150e45ae4e9bb7b168bc3eadf30b997f63866697e5c	0	0	full_sequence	1	0	/storage9920/home/tinghao.xia/Data_FM/RNA_FM_embeddings/6Q8V/rnafm_t12_residue_embeddings.pt
6QIQ	0	A	A	1	8	be9d5d6323c0522af0fde3a233907e4ae1017526f4c1823ebbb18c69ea8b51be	0	0	full_sequence	1	0	/storage9920/home/tinghao.xia/Data_FM/RNA_FM_embeddings/6QIQ/rnafm_t12_residue_embeddings.pt
6QIQ	1	B	B	1	8	be9d5d6323c0522af0fde3a233907e4ae1017526f4c1823ebbb18c69ea8b51be	0	0	full_sequence	1	0	/storage9920/home/tinghao.xia/Data_FM/RNA_FM_embeddings/6QIQ/rnafm_t12_residue_embeddings.pt
6QIR	0	A	A	1	8	be9d5d6323c0522af0fde3a233907e4ae1017526f4c1823ebbb18c69ea8b51be	0	0	full_sequence	1	0	/storage9920/home/tinghao.xia/Data_FM/RNA_FM_embeddings/6QIR/rnafm_t12_residue_embeddings.pt
6QIR	1	B	B	1	8	be9d5d6323c0522af0fde3a233907e4ae1017526f4c1823ebbb18c69ea8b51be	0	0	full_sequence	1	0	/storage9920/home/tinghao.xia/Data_FM/RNA_FM_embeddings/6QIR/rnafm_t12_residue_embeddings.pt
6QIR	2	C	C	1	8	be9d5d6323c0522af0fde3a233907e4ae1017526f4c1823ebbb18c69ea8b51be	0	0	full_sequence	1	0	/storage9920/home/tinghao.xia/Data_FM/RNA_FM_embeddings/6QIR/rnafm_t12_residue_embeddings.pt
6QIR	3	D	D	1	8	be9d5d6323c0522af0fde3a233907e4ae1017526f4c1823ebbb18c69ea8b51be	0	0	full_sequence	1	0	/storage9920/home/tinghao.xia/Data_FM/RNA_FM_embeddings/6QIR/rnafm_t12_residue_embeddings.pt
6QIS	0	A	A	1	8	be9d5d6323c0522af0fde3a233907e4ae1017526f4c1823ebbb18c69ea8b51be	0	0	full_sequence	1	0	/storage9920/home/tinghao.xia/Data_FM/RNA_FM_embeddings/6QIS/rnafm_t12_residue_embeddings.pt
6QIS	1	B	B	1	8	be9d5d6323c0522af0fde3a233907e4ae1017526f4c1823ebbb18c69ea8b51be	0	0	full_sequence	1	0	/storage9920/home/tinghao.xia/Data_FM/RNA_FM_embeddings/6QIS/rnafm_t12_residue_embeddings.pt
6QIS	2	C	C	1	8	be9d5d6323c0522af0fde3a233907e4ae1017526f4c1823ebbb18c69ea8b51be	0	0	full_sequence	1	0	/storage9920/home/tinghao.xia/Data_FM/RNA_FM_embeddings/6QIS/rnafm_t12_residue_embeddings.pt
6QIS	3	D	D	1	8	be9d5d6323c0522af0fde3a233907e4ae1017526f4c1823ebbb18c69ea8b51be	0	0	full_sequence	1	0	/storage9920/home/tinghao.xia/Data_FM/RNA_FM_embeddings/6QIS/rnafm_t12_residue_embeddings.pt
6QIS	4	E	E	1	8	be9d5d6323c0522af0fde3a233907e4ae1017526f4c1823ebbb18c69ea8b51be	0	0	full_sequence	1	0	/storage9920/home/tinghao.xia/Data_FM/RNA_FM_embeddings/6QIS/rnafm_t12_residue_embeddings.pt
6QIS	5	F	F	1	8	be9d5d6323c0522af0fde3a233907e4ae1017526f4c1823ebbb18c69ea8b51be	0	0	full_sequence	1	0	/storage9920/home/tinghao.xia/Data_FM/RNA_FM_embeddings/6QIS/rnafm_t12_residue_embeddings.pt
6QIS	6	G	G	1	8	be9d5d6323c0522af0fde3a233907e4ae1017526f4c1823ebbb18c69ea8b51be	0	0	full_sequence	1	0	/storage9920/home/tinghao.xia/Data_FM/RNA_FM_embeddings/6QIS/rnafm_t12_residue_embeddings.pt
6QIS	7	H	H	1	8	be9d5d6323c0522af0fde3a233907e4ae1017526f4c1823ebbb18c69ea8b51be	0	0	full_sequence	1	0	/storage9920/home/tinghao.xia/Data_FM/RNA_FM_embeddings/6QIS/rnafm_t12_residue_embeddings.pt
6QIT	0	A	A	1	8	be9d5d6323c0522af0fde3a233907e4ae1017526f4c1823ebbb18c69ea8b51be	0	0	full_sequence	1	0	/storage9920/home/tinghao.xia/Data_FM/RNA_FM_embeddings/6QIT/rnafm_t12_residue_embeddings.pt
6QIT	1	B	B	1	8	be9d5d6323c0522af0fde3a233907e4ae1017526f4c1823ebbb18c69ea8b51be	0	0	full_sequence	1	0	/storage9920/home/tinghao.xia/Data_FM/RNA_FM_embeddings/6QIT/rnafm_t12_residue_embeddings.pt
6QIT	2	C	C	1	8	be9d5d6323c0522af0fde3a233907e4ae1017526f4c1823ebbb18c69ea8b51be	0	0	full_sequence	1	0	/storage9920/home/tinghao.xia/Data_FM/RNA_FM_embeddings/6QIT/rnafm_t12_residue_embeddings.pt
6QIT	3	D	D	1	8	be9d5d6323c0522af0fde3a233907e4ae1017526f4c1823ebbb18c69ea8b51be	0	0	full_sequence	1	0	/storage9920/home/tinghao.xia/Data_FM/RNA_FM_embeddings/6QIT/rnafm_t12_residue_embeddings.pt
6QIV	0	A	A	1	8	be9d5d6323c0522af0fde3a233907e4ae1017526f4c1823ebbb18c69ea8b51be	0	0	full_sequence	1	0	/storage9920/home/tinghao.xia/Data_FM/RNA_FM_embeddings/6QIV/rnafm_t12_residue_embeddings.pt
6QN3	0	A	A	1	50	bd23fb6c6539b2d9908410e84872dfd1b69058fdf190fcb7c051cf5badacd379	0	0	full_sequence	1	0	/storage9920/home/tinghao.xia/Data_FM/RNA_FM_embeddings/6QN3/rnafm_t12_residue_embeddings.pt
6QN3	1	B	B	1	50	bd23fb6c6539b2d9908410e84872dfd1b69058fdf190fcb7c051cf5badacd379	0	0	full_sequence	1	0	/storage9920/home/tinghao.xia/Data_FM/RNA_FM_embeddings/6QN3/rnafm_t12_residue_embeddings.pt
6QYZ	0	D	A	1	120	ceee183f53d37322018adfae769d72c9cc602c0f0c4632d229abfb98b04fbeaa	0	0	full_sequence	1	0	/storage9920/home/tinghao.xia/Data_FM/RNA_FM_embeddings/6QYZ/rnafm_t12_residue_embeddings.pt
6QYZ	1	A	B	1	120	ceee183f53d37322018adfae769d72c9cc602c0f0c4632d229abfb98b04fbeaa	0	0	full_sequence	1	0	/storage9920/home/tinghao.xia/Data_FM/RNA_FM_embeddings/6QYZ/rnafm_t12_residue_embeddings.pt
6QYZ	2	B	C	1	120	ceee183f53d37322018adfae769d72c9cc602c0f0c4632d229abfb98b04fbeaa	0	0	full_sequence	1	0	/storage9920/home/tinghao.xia/Data_FM/RNA_FM_embeddings/6QYZ/rnafm_t12_residue_embeddings.pt
6QYZ	3	C	D	1	120	ceee183f53d37322018adfae769d72c9cc602c0f0c4632d229abfb98b04fbeaa	0	0	full_sequence	1	0	/storage9920/home/tinghao.xia/Data_FM/RNA_FM_embeddings/6QYZ/rnafm_t12_residue_embeddings.pt
6QYZ	4	E	E	1	120	ceee183f53d37322018adfae769d72c9cc602c0f0c4632d229abfb98b04fbeaa	0	0	full_sequence	1	0	/storage9920/home/tinghao.xia/Data_FM/RNA_FM_embeddings/6QYZ/rnafm_t12_residue_embeddings.pt
6R47	0	A	A	1	50	16806e8629ac4b44f7e9b1cb7abfbb423085449292f2e85b8ff75341bd96467e	0	0	full_sequence	1	0	/storage9920/home/tinghao.xia/Data_FM/RNA_FM_embeddings/6R47/rnafm_t12_residue_embeddings.pt
6R47	1	B	B	2	15	89cf4e58a6f17844b4f0618436e83c4c95cecccf9d4998cf1b7cdd61f3cf3e53	0	0	full_sequence	1	0	/storage9920/home/tinghao.xia/Data_FM/RNA_FM_embeddings/6R47/rnafm_t12_residue_embeddings.pt
6SVS	0	A	A	1	77	8a089c9f7a41fbb9a34041c0a2373f3cd0f4eb01ce1d240d8ebe23286a4f4cc0	0	0	full_sequence	1	0	/storage9920/home/tinghao.xia/Data_FM/RNA_FM_embeddings/6SVS/rnafm_t12_residue_embeddings.pt
6SVS	1	B	B	1	77	8a089c9f7a41fbb9a34041c0a2373f3cd0f4eb01ce1d240d8ebe23286a4f4cc0	0	0	full_sequence	1	0	/storage9920/home/tinghao.xia/Data_FM/RNA_FM_embeddings/6SVS/rnafm_t12_residue_embeddings.pt
6T3K	0	A	A	1	390	6f49fb68764df30432f8db345956745196c9fc4f96e4bf9fef1f70a877c1e82b	0	0	full_sequence	1	0	/storage9920/home/tinghao.xia/Data_FM/RNA_FM_embeddings/6T3K/rnafm_t12_residue_embeddings.pt
6T3K	1	B	B	2	8	95e2675c7e80353bfccb3b00c4e2f87ccc08a246f6e982bd347fce9b673d6aa8	0	0	full_sequence	1	0	/storage9920/home/tinghao.xia/Data_FM/RNA_FM_embeddings/6T3K/rnafm_t12_residue_embeddings.pt
6T3N	0	A	A	1	398	cedd731aed6cf3164d7456c035b83b425881bb1465be8e74d29026095f2dd8a2	0	0	full_sequence	1	0	/storage9920/home/tinghao.xia/Data_FM/RNA_FM_embeddings/6T3N/rnafm_t12_residue_embeddings.pt
6T3R	0	A	A	1	390	c93202981f04b7cd721e1d32d84ebe4ca6b26383fd215bc7ac7f727164100503	0	0	full_sequence	1	0	/storage9920/home/tinghao.xia/Data_FM/RNA_FM_embeddings/6T3R/rnafm_t12_residue_embeddings.pt
6T3R	1	B	B	2	8	95e2675c7e80353bfccb3b00c4e2f87ccc08a246f6e982bd347fce9b673d6aa8	0	0	full_sequence	1	0	/storage9920/home/tinghao.xia/Data_FM/RNA_FM_embeddings/6T3R/rnafm_t12_residue_embeddings.pt
6T3S	0	A	A	1	398	1de2a2345f8687766b4dff9376094ae1482df7ae0c4d588db181fa3503cbc68d	0	0	full_sequence	1	0	/storage9920/home/tinghao.xia/Data_FM/RNA_FM_embeddings/6T3S/rnafm_t12_residue_embeddings.pt
6TB7	0	A	A	1	52	0c42b5e033599d470b1bf580d2c74f13541033ce31d43f5c35377d42229aba30	0	0	full_sequence	1	0	/storage9920/home/tinghao.xia/Data_FM/RNA_FM_embeddings/6TB7/rnafm_t12_residue_embeddings.pt
6TF0	0	A	A	1	52	0c42b5e033599d470b1bf580d2c74f13541033ce31d43f5c35377d42229aba30	0	0	full_sequence	1	0	/storage9920/home/tinghao.xia/Data_FM/RNA_FM_embeddings/6TF0/rnafm_t12_residue_embeddings.pt
6TF1	0	A	A	1	52	0c42b5e033599d470b1bf580d2c74f13541033ce31d43f5c35377d42229aba30	0	0	full_sequence	1	0	/storage9920/home/tinghao.xia/Data_FM/RNA_FM_embeddings/6TF1/rnafm_t12_residue_embeddings.pt
6TF2	0	A	A	1	52	0c42b5e033599d470b1bf580d2c74f13541033ce31d43f5c35377d42229aba30	0	0	full_sequence	1	0	/storage9920/home/tinghao.xia/Data_FM/RNA_FM_embeddings/6TF2/rnafm_t12_residue_embeddings.pt
6TF3	0	A	A	1	52	0c42b5e033599d470b1bf580d2c74f13541033ce31d43f5c35377d42229aba30	0	0	full_sequence	1	0	/storage9920/home/tinghao.xia/Data_FM/RNA_FM_embeddings/6TF3/rnafm_t12_residue_embeddings.pt
6TFE	0	A	A	1	52	0c42b5e033599d470b1bf580d2c74f13541033ce31d43f5c35377d42229aba30	0	0	full_sequence	1	0	/storage9920/home/tinghao.xia/Data_FM/RNA_FM_embeddings/6TFE/rnafm_t12_residue_embeddings.pt
6TFF	0	A	A	1	52	0c42b5e033599d470b1bf580d2c74f13541033ce31d43f5c35377d42229aba30	0	0	full_sequence	1	0	/storage9920/home/tinghao.xia/Data_FM/RNA_FM_embeddings/6TFF/rnafm_t12_residue_embeddings.pt
6TFG	0	A	A	1	52	0c42b5e033599d470b1bf580d2c74f13541033ce31d43f5c35377d42229aba30	0	0	full_sequence	1	0	/storage9920/home/tinghao.xia/Data_FM/RNA_FM_embeddings/6TFG/rnafm_t12_residue_embeddings.pt
6TFH	0	A	A	1	52	0c42b5e033599d470b1bf580d2c74f13541033ce31d43f5c35377d42229aba30	0	0	full_sequence	1	0	/storage9920/home/tinghao.xia/Data_FM/RNA_FM_embeddings/6TFH/rnafm_t12_residue_embeddings.pt
6TNA	0	A	A	1	76	28890de0dd2033379fabebc7165a219d6092ad9bbadc77f4c7528be78963ca0b	0	0	full_sequence	1	0	/storage9920/home/tinghao.xia/Data_FM/RNA_FM_embeddings/6TNA/rnafm_t12_residue_embeddings.pt
6U6J	0	A	A	1	15	94cc75a911a8c354f7181903d71a3565048d2ecc63248f9e1e5a7db1acc89394	3	0	full_sequence	1	0	/storage9920/home/tinghao.xia/Data_FM/RNA_FM_embeddings/6U6J/rnafm_t12_residue_embeddings.pt
6U6J	1	B	B	1	15	94cc75a911a8c354f7181903d71a3565048d2ecc63248f9e1e5a7db1acc89394	3	0	full_sequence	1	0	/storage9920/home/tinghao.xia/Data_FM/RNA_FM_embeddings/6U6J/rnafm_t12_residue_embeddings.pt
6U79	0	A	A	1	37	3899eb689ebb7c7c9b64b76bebf3aa28ad3e8cd8af5800802c3f33ba884c8260	0	0	full_sequence	1	0	/storage9920/home/tinghao.xia/Data_FM/RNA_FM_embeddings/6U79/rnafm_t12_residue_embeddings.pt
6U7Y	0	A	A	1	22	2ae9b0b646d16ae9d783f9133195b56f3bf369f0a21fc02a6da0d8146a6855fb	2	2	full_sequence	1	0	/storage9920/home/tinghao.xia/Data_FM/RNA_FM_embeddings/6U7Y/rnafm_t12_residue_embeddings.pt
6U7Y	1	B	B	2	12	7e6062ae6c8b65aa17969282f91965c5d7614ae589afec625d45dabcc6400738	0	0	full_sequence	1	0	/storage9920/home/tinghao.xia/Data_FM/RNA_FM_embeddings/6U7Y/rnafm_t12_residue_embeddings.pt
6U7Z	0	A	A	1	22	1dc6756e164a6f80e18c64023a40afa0ef25a6e3c95bf74884a3f4c8c3342e36	2	2	full_sequence	1	0	/storage9920/home/tinghao.xia/Data_FM/RNA_FM_embeddings/6U7Z/rnafm_t12_residue_embeddings.pt
6U7Z	1	B	B	2	12	7e6062ae6c8b65aa17969282f91965c5d7614ae589afec625d45dabcc6400738	0	0	full_sequence	1	0	/storage9920/home/tinghao.xia/Data_FM/RNA_FM_embeddings/6U7Z/rnafm_t12_residue_embeddings.pt
6U89	0	A	A	1	7	28d1048666a002d5cf9eb67db1f79b150c94803d0130404dc7d624609c2b380e	1	0	full_sequence	1	0	/storage9920/home/tinghao.xia/Data_FM/RNA_FM_embeddings/6U89/rnafm_t12_residue_embeddings.pt
6U89	1	B	B	1	7	28d1048666a002d5cf9eb67db1f79b150c94803d0130404dc7d624609c2b380e	1	0	full_sequence	1	0	/storage9920/home/tinghao.xia/Data_FM/RNA_FM_embeddings/6U89/rnafm_t12_residue_embeddings.pt
6U8F	0	A	A	1	22	c03065f24ebd1cdf4e857d184e3cffa9963399a29b37920d008e6d761613f2ef	0	0	full_sequence	1	0	/storage9920/home/tinghao.xia/Data_FM/RNA_FM_embeddings/6U8F/rnafm_t12_residue_embeddings.pt
6U8F	1	B	B	2	12	7e6062ae6c8b65aa17969282f91965c5d7614ae589afec625d45dabcc6400738	0	0	full_sequence	1	0	/storage9920/home/tinghao.xia/Data_FM/RNA_FM_embeddings/6U8F/rnafm_t12_residue_embeddings.pt
6U8U	0	A	A	1	14	f2dad839faf84c5d59c7498d1b40eef836703e1f5648b7580ad75970940a46c2	3	0	full_sequence	1	0	/storage9920/home/tinghao.xia/Data_FM/RNA_FM_embeddings/6U8U/rnafm_t12_residue_embeddings.pt
6U8U	1	B	B	1	14	f2dad839faf84c5d59c7498d1b40eef836703e1f5648b7580ad75970940a46c2	3	0	full_sequence	1	0	/storage9920/home/tinghao.xia/Data_FM/RNA_FM_embeddings/6U8U/rnafm_t12_residue_embeddings.pt
6UBU	0	B	A	1	67	8a39f41d423e18b52f5d41f0f9651ccd49dc4feea6b6e805cc393ce37c222311	0	0	full_sequence	1	0	/storage9920/home/tinghao.xia/Data_FM/RNA_FM_embeddings/6UBU/rnafm_t12_residue_embeddings.pt
6UC7	0	B	A	1	67	8a39f41d423e18b52f5d41f0f9651ccd49dc4feea6b6e805cc393ce37c222311	0	0	full_sequence	1	0	/storage9920/home/tinghao.xia/Data_FM/RNA_FM_embeddings/6UC7/rnafm_t12_residue_embeddings.pt
6UC8	0	B	A	1	67	8a39f41d423e18b52f5d41f0f9651ccd49dc4feea6b6e805cc393ce37c222311	0	0	full_sequence	1	0	/storage9920/home/tinghao.xia/Data_FM/RNA_FM_embeddings/6UC8/rnafm_t12_residue_embeddings.pt
6UC9	0	B	A	1	67	8a39f41d423e18b52f5d41f0f9651ccd49dc4feea6b6e805cc393ce37c222311	0	0	full_sequence	1	0	/storage9920/home/tinghao.xia/Data_FM/RNA_FM_embeddings/6UC9/rnafm_t12_residue_embeddings.pt
6UES	0	A	A	1	119	a626149b1f942a8b6257726d7016f15612fd5f097183106cd3cc7a7bd85ff63b	0	0	full_sequence	1	0	/storage9920/home/tinghao.xia/Data_FM/RNA_FM_embeddings/6UES/rnafm_t12_residue_embeddings.pt
6UET	0	A	A	1	119	a626149b1f942a8b6257726d7016f15612fd5f097183106cd3cc7a7bd85ff63b	0	0	full_sequence	1	0	/storage9920/home/tinghao.xia/Data_FM/RNA_FM_embeddings/6UET/rnafm_t12_residue_embeddings.pt
6UEY	0	A	A	1	50	adcf89ff6700c50ca3e146e84d3c8e36970601f6f2342d85f31b3e97bd680e21	0	0	full_sequence	1	0	/storage9920/home/tinghao.xia/Data_FM/RNA_FM_embeddings/6UEY/rnafm_t12_residue_embeddings.pt
6UEY	1	C	B	1	50	adcf89ff6700c50ca3e146e84d3c8e36970601f6f2342d85f31b3e97bd680e21	0	0	full_sequence	1	0	/storage9920/home/tinghao.xia/Data_FM/RNA_FM_embeddings/6UEY/rnafm_t12_residue_embeddings.pt
6UEY	2	B	C	2	15	19b9f5cefe065c4f9381383557593663a0380ddb4d3146c6593c35d69f9720a7	1	1	full_sequence	1	0	/storage9920/home/tinghao.xia/Data_FM/RNA_FM_embeddings/6UEY/rnafm_t12_residue_embeddings.pt
6UEY	3	D	D	2	15	19b9f5cefe065c4f9381383557593663a0380ddb4d3146c6593c35d69f9720a7	1	1	full_sequence	1	0	/storage9920/home/tinghao.xia/Data_FM/RNA_FM_embeddings/6UEY/rnafm_t12_residue_embeddings.pt
6UF1	0	A	A	1	50	adcf89ff6700c50ca3e146e84d3c8e36970601f6f2342d85f31b3e97bd680e21	0	0	full_sequence	1	0	/storage9920/home/tinghao.xia/Data_FM/RNA_FM_embeddings/6UF1/rnafm_t12_residue_embeddings.pt
6UF1	1	C	B	1	50	adcf89ff6700c50ca3e146e84d3c8e36970601f6f2342d85f31b3e97bd680e21	0	0	full_sequence	1	0	/storage9920/home/tinghao.xia/Data_FM/RNA_FM_embeddings/6UF1/rnafm_t12_residue_embeddings.pt
6UF1	2	B	C	2	15	19b9f5cefe065c4f9381383557593663a0380ddb4d3146c6593c35d69f9720a7	1	1	full_sequence	1	0	/storage9920/home/tinghao.xia/Data_FM/RNA_FM_embeddings/6UF1/rnafm_t12_residue_embeddings.pt
6UF1	3	D	D	2	15	19b9f5cefe065c4f9381383557593663a0380ddb4d3146c6593c35d69f9720a7	1	1	full_sequence	1	0	/storage9920/home/tinghao.xia/Data_FM/RNA_FM_embeddings/6UF1/rnafm_t12_residue_embeddings.pt
6UFG	0	B	A	1	77	02b377e450264662523b75ec089354b6267a13cc80d1aecc99837087f948d7cf	0	0	full_sequence	1	0	/storage9920/home/tinghao.xia/Data_FM/RNA_FM_embeddings/6UFG/rnafm_t12_residue_embeddings.pt
6UFG	1	A	B	2	166	b2a7482118699bc206b45bfd6e0f7676d59b5f8b695ed7bda6ec15c15ea7e877	0	0	full_sequence	1	0	/storage9920/home/tinghao.xia/Data_FM/RNA_FM_embeddings/6UFG/rnafm_t12_residue_embeddings.pt
6UFH	0	B	A	1	77	02b377e450264662523b75ec089354b6267a13cc80d1aecc99837087f948d7cf	0	0	full_sequence	1	0	/storage9920/home/tinghao.xia/Data_FM/RNA_FM_embeddings/6UFH/rnafm_t12_residue_embeddings.pt
6UFH	1	A	B	2	167	78f3c07cfc6e25ec01c89a1f655f333ba2221583edef52973c3f1f1f6ad09cf7	0	0	full_sequence	1	0	/storage9920/home/tinghao.xia/Data_FM/RNA_FM_embeddings/6UFH/rnafm_t12_residue_embeddings.pt
6UFJ	0	A	A	1	51	b2ce7d8bc2d0fa7d9ffb5cad5a29b512b2d79bcd4910255712f79ecb9b575afb	0	0	full_sequence	1	0	/storage9920/home/tinghao.xia/Data_FM/RNA_FM_embeddings/6UFJ/rnafm_t12_residue_embeddings.pt
6UFJ	1	C	B	1	51	b2ce7d8bc2d0fa7d9ffb5cad5a29b512b2d79bcd4910255712f79ecb9b575afb	0	0	full_sequence	1	0	/storage9920/home/tinghao.xia/Data_FM/RNA_FM_embeddings/6UFJ/rnafm_t12_residue_embeddings.pt
6UFJ	2	B	C	2	10	89ae69796a9bc372aa0963a128afae8f62fd49a788723b685a1472d67e444de8	1	1	full_sequence	1	0	/storage9920/home/tinghao.xia/Data_FM/RNA_FM_embeddings/6UFJ/rnafm_t12_residue_embeddings.pt
6UFJ	3	D	D	2	10	89ae69796a9bc372aa0963a128afae8f62fd49a788723b685a1472d67e444de8	1	1	full_sequence	1	0	/storage9920/home/tinghao.xia/Data_FM/RNA_FM_embeddings/6UFJ/rnafm_t12_residue_embeddings.pt
6UFJ	4	E	E	3	5	667d63bc6b1129aa06d11b527e1d040f980c7cbdcf7b5b8d1705c2d9a58fad00	0	0	full_sequence	1	0	/storage9920/home/tinghao.xia/Data_FM/RNA_FM_embeddings/6UFJ/rnafm_t12_residue_embeddings.pt
6UFJ	5	F	F	3	5	667d63bc6b1129aa06d11b527e1d040f980c7cbdcf7b5b8d1705c2d9a58fad00	0	0	full_sequence	1	0	/storage9920/home/tinghao.xia/Data_FM/RNA_FM_embeddings/6UFJ/rnafm_t12_residue_embeddings.pt
6UFK	0	A	A	1	51	b2ce7d8bc2d0fa7d9ffb5cad5a29b512b2d79bcd4910255712f79ecb9b575afb	0	0	full_sequence	1	0	/storage9920/home/tinghao.xia/Data_FM/RNA_FM_embeddings/6UFK/rnafm_t12_residue_embeddings.pt
6UFK	1	C	B	1	51	b2ce7d8bc2d0fa7d9ffb5cad5a29b512b2d79bcd4910255712f79ecb9b575afb	0	0	full_sequence	1	0	/storage9920/home/tinghao.xia/Data_FM/RNA_FM_embeddings/6UFK/rnafm_t12_residue_embeddings.pt
6UFK	2	B	C	2	10	89ae69796a9bc372aa0963a128afae8f62fd49a788723b685a1472d67e444de8	1	1	full_sequence	1	0	/storage9920/home/tinghao.xia/Data_FM/RNA_FM_embeddings/6UFK/rnafm_t12_residue_embeddings.pt
6UFK	3	D	D	2	10	89ae69796a9bc372aa0963a128afae8f62fd49a788723b685a1472d67e444de8	1	1	full_sequence	1	0	/storage9920/home/tinghao.xia/Data_FM/RNA_FM_embeddings/6UFK/rnafm_t12_residue_embeddings.pt
6UFK	4	E	E	3	5	667d63bc6b1129aa06d11b527e1d040f980c7cbdcf7b5b8d1705c2d9a58fad00	0	0	full_sequence	1	0	/storage9920/home/tinghao.xia/Data_FM/RNA_FM_embeddings/6UFK/rnafm_t12_residue_embeddings.pt
6UFK	5	F	F	3	5	667d63bc6b1129aa06d11b527e1d040f980c7cbdcf7b5b8d1705c2d9a58fad00	0	0	full_sequence	1	0	/storage9920/home/tinghao.xia/Data_FM/RNA_FM_embeddings/6UFK/rnafm_t12_residue_embeddings.pt
6UFM	0	A	A	1	77	5f482d45d7dcefa1ef9c51ee21bf9c0739f45b90d3edb57daf0f110d8a7fe109	0	0	full_sequence	1	0	/storage9920/home/tinghao.xia/Data_FM/RNA_FM_embeddings/6UFM/rnafm_t12_residue_embeddings.pt
6UFM	1	B	B	2	98	1c2a28d7e00af5ae66f7b9707438ed80d84b4b2651d8c4464c1c85af4b594a57	0	0	full_sequence	1	0	/storage9920/home/tinghao.xia/Data_FM/RNA_FM_embeddings/6UFM/rnafm_t12_residue_embeddings.pt
6UGG	0	A	A	1	77	eb3b7b0c79383b6761703320f6c953b25376611e73aee9d0ec7ff2557a296b26	0	0	full_sequence	1	0	/storage9920/home/tinghao.xia/Data_FM/RNA_FM_embeddings/6UGG/rnafm_t12_residue_embeddings.pt
6UGG	1	B	B	1	77	eb3b7b0c79383b6761703320f6c953b25376611e73aee9d0ec7ff2557a296b26	0	0	full_sequence	1	0	/storage9920/home/tinghao.xia/Data_FM/RNA_FM_embeddings/6UGG/rnafm_t12_residue_embeddings.pt
6UGI	0	A	A	1	31	904c3bd3a8aaa4db61be55a86b3dc3f8875b615c8d61bfbbad05452cba877de6	0	0	full_sequence	1	0	/storage9920/home/tinghao.xia/Data_FM/RNA_FM_embeddings/6UGI/rnafm_t12_residue_embeddings.pt
6UGJ	0	A	A	1	31	904c3bd3a8aaa4db61be55a86b3dc3f8875b615c8d61bfbbad05452cba877de6	0	0	full_sequence	1	0	/storage9920/home/tinghao.xia/Data_FM/RNA_FM_embeddings/6UGJ/rnafm_t12_residue_embeddings.pt
6UP0	0	C	A	1	38	997597deb95164d39de35e1b67954a512363cc4a1c9f78c06be564ef32a6b228	0	0	full_sequence	1	0	/storage9920/home/tinghao.xia/Data_FM/RNA_FM_embeddings/6UP0/rnafm_t12_residue_embeddings.pt
6UP0	1	D	B	1	38	997597deb95164d39de35e1b67954a512363cc4a1c9f78c06be564ef32a6b228	0	0	full_sequence	1	0	/storage9920/home/tinghao.xia/Data_FM/RNA_FM_embeddings/6UP0/rnafm_t12_residue_embeddings.pt
6V9B	0	B	A	1	28	363e201669deb4c9cd373a2548561b040277bcca8909491bb6f8c97d2bf50f77	0	0	full_sequence	1	0	/storage9920/home/tinghao.xia/Data_FM/RNA_FM_embeddings/6V9B/rnafm_t12_residue_embeddings.pt
6V9B	1	D	B	1	28	363e201669deb4c9cd373a2548561b040277bcca8909491bb6f8c97d2bf50f77	0	0	full_sequence	1	0	/storage9920/home/tinghao.xia/Data_FM/RNA_FM_embeddings/6V9B/rnafm_t12_residue_embeddings.pt
6V9D	0	B	A	1	28	363e201669deb4c9cd373a2548561b040277bcca8909491bb6f8c97d2bf50f77	0	0	full_sequence	1	0	/storage9920/home/tinghao.xia/Data_FM/RNA_FM_embeddings/6V9D/rnafm_t12_residue_embeddings.pt
6V9D	1	E	B	1	28	363e201669deb4c9cd373a2548561b040277bcca8909491bb6f8c97d2bf50f77	0	0	full_sequence	1	0	/storage9920/home/tinghao.xia/Data_FM/RNA_FM_embeddings/6V9D/rnafm_t12_residue_embeddings.pt
6VA1	0	A	A	1	11	8e988c0a393d68ea7f634d5f96c759b4e774fe3707d57f51d014c67e3753594c	0	0	full_sequence	1	0	/storage9920/home/tinghao.xia/Data_FM/RNA_FM_embeddings/6VA1/rnafm_t12_residue_embeddings.pt
6VA1	1	B	B	2	10	618db6244f5fbb125273d0b9f391d15c4dee3719a93150155cbf97824a2eaf3a	0	0	full_sequence	1	0	/storage9920/home/tinghao.xia/Data_FM/RNA_FM_embeddings/6VA1/rnafm_t12_residue_embeddings.pt
6VA2	0	A	A	1	11	8e988c0a393d68ea7f634d5f96c759b4e774fe3707d57f51d014c67e3753594c	0	0	full_sequence	1	0	/storage9920/home/tinghao.xia/Data_FM/RNA_FM_embeddings/6VA2/rnafm_t12_residue_embeddings.pt
6VA2	1	B	B	2	10	618db6244f5fbb125273d0b9f391d15c4dee3719a93150155cbf97824a2eaf3a	0	0	full_sequence	1	0	/storage9920/home/tinghao.xia/Data_FM/RNA_FM_embeddings/6VA2/rnafm_t12_residue_embeddings.pt
6VA3	0	A	A	1	11	8e988c0a393d68ea7f634d5f96c759b4e774fe3707d57f51d014c67e3753594c	0	0	full_sequence	1	0	/storage9920/home/tinghao.xia/Data_FM/RNA_FM_embeddings/6VA3/rnafm_t12_residue_embeddings.pt
6VA3	1	B	B	2	10	618db6244f5fbb125273d0b9f391d15c4dee3719a93150155cbf97824a2eaf3a	0	0	full_sequence	1	0	/storage9920/home/tinghao.xia/Data_FM/RNA_FM_embeddings/6VA3/rnafm_t12_residue_embeddings.pt
6VA4	0	A	A	1	11	8e988c0a393d68ea7f634d5f96c759b4e774fe3707d57f51d014c67e3753594c	0	0	full_sequence	1	0	/storage9920/home/tinghao.xia/Data_FM/RNA_FM_embeddings/6VA4/rnafm_t12_residue_embeddings.pt
6VA4	1	B	B	2	10	618db6244f5fbb125273d0b9f391d15c4dee3719a93150155cbf97824a2eaf3a	0	0	full_sequence	1	0	/storage9920/home/tinghao.xia/Data_FM/RNA_FM_embeddings/6VA4/rnafm_t12_residue_embeddings.pt
6VAR	0	A	A	1	61	566d585350ea1f175b8dc9fee7050ce4e5a601a65966548b4e77c4c43fac4713	0	0	full_sequence	1	0	/storage9920/home/tinghao.xia/Data_FM/RNA_FM_embeddings/6VAR/rnafm_t12_residue_embeddings.pt
6VEM	0	A	A	1	8	cfd0cf9fd0bb33783c7350080f44a65f5592e2b5ed2053db06c70dcd1f94248f	1	1	full_sequence	1	0	/storage9920/home/tinghao.xia/Data_FM/RNA_FM_embeddings/6VEM/rnafm_t12_residue_embeddings.pt
6VEM	1	B	B	1	8	cfd0cf9fd0bb33783c7350080f44a65f5592e2b5ed2053db06c70dcd1f94248f	1	1	full_sequence	1	0	/storage9920/home/tinghao.xia/Data_FM/RNA_FM_embeddings/6VEM/rnafm_t12_residue_embeddings.pt
6VMY	0	A	A	1	148	5298d0b155ee6d4b338114e652a6752e0c411670cef2a5412a89e77f72b7c577	0	0	full_sequence	1	0	/storage9920/home/tinghao.xia/Data_FM/RNA_FM_embeddings/6VMY/rnafm_t12_residue_embeddings.pt
6VU1	0	A	A	1	34	8195c1b4740210561eebe39803cdfbe961a3cfbcbccaeaa28f304703295d634c	1	1	full_sequence	1	0	/storage9920/home/tinghao.xia/Data_FM/RNA_FM_embeddings/6VU1/rnafm_t12_residue_embeddings.pt
6VUH	0	A	A	1	33	74587d4e5f92cb8e93340faef67356fa1592fa31850000046a6554e92de644d8	0	0	full_sequence	1	0	/storage9920/home/tinghao.xia/Data_FM/RNA_FM_embeddings/6VUH/rnafm_t12_residue_embeddings.pt
6VUI	0	A	A	1	33	74587d4e5f92cb8e93340faef67356fa1592fa31850000046a6554e92de644d8	0	0	full_sequence	1	0	/storage9920/home/tinghao.xia/Data_FM/RNA_FM_embeddings/6VUI/rnafm_t12_residue_embeddings.pt
6VVJ	0	A	A	1	130	5fe4491f720389c3c940a9110ae5dedbfe09d76adce9eddd7a035f9ac07be7eb	1	1	full_sequence	1	0	/storage9920/home/tinghao.xia/Data_FM/RNA_FM_embeddings/6VVJ/rnafm_t12_residue_embeddings.pt
6VWT	0	A	A	1	71	6fc065ccaac1fc481819950f7a1aec52f521bceb2400fb3569de930d11a0547e	0	0	full_sequence	1	0	/storage9920/home/tinghao.xia/Data_FM/RNA_FM_embeddings/6VWT/rnafm_t12_residue_embeddings.pt
6VWT	1	B	B	1	71	6fc065ccaac1fc481819950f7a1aec52f521bceb2400fb3569de930d11a0547e	0	0	full_sequence	1	0	/storage9920/home/tinghao.xia/Data_FM/RNA_FM_embeddings/6VWT/rnafm_t12_residue_embeddings.pt
6VWV	0	A	A	1	71	6fc065ccaac1fc481819950f7a1aec52f521bceb2400fb3569de930d11a0547e	0	0	full_sequence	1	0	/storage9920/home/tinghao.xia/Data_FM/RNA_FM_embeddings/6VWV/rnafm_t12_residue_embeddings.pt
6VWV	1	B	B	1	71	6fc065ccaac1fc481819950f7a1aec52f521bceb2400fb3569de930d11a0547e	0	0	full_sequence	1	0	/storage9920/home/tinghao.xia/Data_FM/RNA_FM_embeddings/6VWV/rnafm_t12_residue_embeddings.pt
6VZC	0	A	A	1	28	91b71e94f68211d6a65f9d846c155583edc419d24af9020effd60868fd37bd3b	0	0	full_sequence	1	0	/storage9920/home/tinghao.xia/Data_FM/RNA_FM_embeddings/6VZC/rnafm_t12_residue_embeddings.pt
6W3M	0	A	A	1	41	c8650ee63613b82147843f76db5323187672b513428f749501fd527cdfbf42e1	0	0	full_sequence	1	0	/storage9920/home/tinghao.xia/Data_FM/RNA_FM_embeddings/6W3M/rnafm_t12_residue_embeddings.pt
6WJR	0	X	A	1	112	680a777292ddb1de394e61e37acde81e67f4cbc3f673844f0f1cd4a0216eae4f	0	0	full_sequence	1	0	/storage9920/home/tinghao.xia/Data_FM/RNA_FM_embeddings/6WJR/rnafm_t12_residue_embeddings.pt
6WJS	0	X	A	1	112	680a777292ddb1de394e61e37acde81e67f4cbc3f673844f0f1cd4a0216eae4f	0	0	full_sequence	1	0	/storage9920/home/tinghao.xia/Data_FM/RNA_FM_embeddings/6WJS/rnafm_t12_residue_embeddings.pt
6WLJ	0	A	A	1	130	c390a0cb9a823298dde9494af7a977164dc2e232a2f7b177325759df74fe9918	0	0	full_sequence	1	0	/storage9920/home/tinghao.xia/Data_FM/RNA_FM_embeddings/6WLJ/rnafm_t12_residue_embeddings.pt
6WLK	0	A	A	1	130	c390a0cb9a823298dde9494af7a977164dc2e232a2f7b177325759df74fe9918	0	0	full_sequence	1	0	/storage9920/home/tinghao.xia/Data_FM/RNA_FM_embeddings/6WLK/rnafm_t12_residue_embeddings.pt
6WLL	0	A	A	1	171	3016edeee67362d6be781a62d19a4982b3ad21085fdb616bfcd132a077441523	0	0	full_sequence	1	0	/storage9920/home/tinghao.xia/Data_FM/RNA_FM_embeddings/6WLL/rnafm_t12_residue_embeddings.pt
6WLM	0	A	A	1	171	3016edeee67362d6be781a62d19a4982b3ad21085fdb616bfcd132a077441523	0	0	full_sequence	1	0	/storage9920/home/tinghao.xia/Data_FM/RNA_FM_embeddings/6WLM/rnafm_t12_residue_embeddings.pt
6WLN	0	A	A	1	349	4cefdba58dcc0239246560d11a411ca793c4fe10b9f9aae349fb10ca41453cb2	0	0	full_sequence	1	0	/storage9920/home/tinghao.xia/Data_FM/RNA_FM_embeddings/6WLN/rnafm_t12_residue_embeddings.pt
6WLO	0	A	A	1	338	4abdc8bee25c9a5d18d3f26fcd3fa020e7e72cfd0bce5c891cee7f9cbcda8269	0	0	full_sequence	1	0	/storage9920/home/tinghao.xia/Data_FM/RNA_FM_embeddings/6WLO/rnafm_t12_residue_embeddings.pt
6WLQ	0	A	A	1	119	a626149b1f942a8b6257726d7016f15612fd5f097183106cd3cc7a7bd85ff63b	0	0	full_sequence	1	0	/storage9920/home/tinghao.xia/Data_FM/RNA_FM_embeddings/6WLQ/rnafm_t12_residue_embeddings.pt
6WLR	0	A	A	1	119	a626149b1f942a8b6257726d7016f15612fd5f097183106cd3cc7a7bd85ff63b	0	0	full_sequence	1	0	/storage9920/home/tinghao.xia/Data_FM/RNA_FM_embeddings/6WLR/rnafm_t12_residue_embeddings.pt
6WLS	0	A	A	1	388	e4745529b919b4b6e7dfc9c651ebdf2ad076b2424f21e1324e9a6a41e1a57069	0	0	full_sequence	1	0	/storage9920/home/tinghao.xia/Data_FM/RNA_FM_embeddings/6WLS/rnafm_t12_residue_embeddings.pt
6WLT	0	A	A	1	231	478fd0c77a17afcb52c8b1fc06fb77d384f8d67d585c41496d7121dca0c8519f	0	0	full_sequence	1	0	/storage9920/home/tinghao.xia/Data_FM/RNA_FM_embeddings/6WLT/rnafm_t12_residue_embeddings.pt
6WLU	0	A	A	1	231	478fd0c77a17afcb52c8b1fc06fb77d384f8d67d585c41496d7121dca0c8519f	0	0	full_sequence	1	0	/storage9920/home/tinghao.xia/Data_FM/RNA_FM_embeddings/6WLU/rnafm_t12_residue_embeddings.pt
6WTL	0	A	A	1	124	b4bd3b2819f0ba7054ee5859ee4fbd2b6f5f1f4cdfd456e1bc78828299679fe2	0	0	full_sequence	1	0	/storage9920/home/tinghao.xia/Data_FM/RNA_FM_embeddings/6WTL/rnafm_t12_residue_embeddings.pt
6WTR	0	A	A	1	125	73a7b4cbd591bd43bffb656659e25c3ba60d27dcee12c89d221124a5fd8a619b	0	0	full_sequence	1	0	/storage9920/home/tinghao.xia/Data_FM/RNA_FM_embeddings/6WTR/rnafm_t12_residue_embeddings.pt
6WY2	0	A	A	1	10	2eeec33883b1cae684a9121c858aa5f0fafefa0a1c5aaf38e3b2ae1926105ee0	0	0	full_sequence	1	0	/storage9920/home/tinghao.xia/Data_FM/RNA_FM_embeddings/6WY2/rnafm_t12_residue_embeddings.pt
6WY2	1	B	B	1	10	2eeec33883b1cae684a9121c858aa5f0fafefa0a1c5aaf38e3b2ae1926105ee0	0	0	full_sequence	1	0	/storage9920/home/tinghao.xia/Data_FM/RNA_FM_embeddings/6WY2/rnafm_t12_residue_embeddings.pt
6WY2	2	C	C	1	10	2eeec33883b1cae684a9121c858aa5f0fafefa0a1c5aaf38e3b2ae1926105ee0	0	0	full_sequence	1	0	/storage9920/home/tinghao.xia/Data_FM/RNA_FM_embeddings/6WY2/rnafm_t12_residue_embeddings.pt
6WY2	3	D	D	1	10	2eeec33883b1cae684a9121c858aa5f0fafefa0a1c5aaf38e3b2ae1926105ee0	0	0	full_sequence	1	0	/storage9920/home/tinghao.xia/Data_FM/RNA_FM_embeddings/6WY2/rnafm_t12_residue_embeddings.pt
6WY2	4	E	E	1	10	2eeec33883b1cae684a9121c858aa5f0fafefa0a1c5aaf38e3b2ae1926105ee0	0	0	full_sequence	1	0	/storage9920/home/tinghao.xia/Data_FM/RNA_FM_embeddings/6WY2/rnafm_t12_residue_embeddings.pt
6WY3	0	A	A	1	10	2eeec33883b1cae684a9121c858aa5f0fafefa0a1c5aaf38e3b2ae1926105ee0	0	0	full_sequence	1	0	/storage9920/home/tinghao.xia/Data_FM/RNA_FM_embeddings/6WY3/rnafm_t12_residue_embeddings.pt
6WY3	1	B	B	1	10	2eeec33883b1cae684a9121c858aa5f0fafefa0a1c5aaf38e3b2ae1926105ee0	0	0	full_sequence	1	0	/storage9920/home/tinghao.xia/Data_FM/RNA_FM_embeddings/6WY3/rnafm_t12_residue_embeddings.pt
6WY3	2	C	C	1	10	2eeec33883b1cae684a9121c858aa5f0fafefa0a1c5aaf38e3b2ae1926105ee0	0	0	full_sequence	1	0	/storage9920/home/tinghao.xia/Data_FM/RNA_FM_embeddings/6WY3/rnafm_t12_residue_embeddings.pt
6WY3	3	D	D	1	10	2eeec33883b1cae684a9121c858aa5f0fafefa0a1c5aaf38e3b2ae1926105ee0	0	0	full_sequence	1	0	/storage9920/home/tinghao.xia/Data_FM/RNA_FM_embeddings/6WY3/rnafm_t12_residue_embeddings.pt
6WZR	0	A	A	1	75	9b33908d46ed3cc4bd5d210c8722af715b9fca9e8161ec6e08238dfbef3a47e7	0	0	full_sequence	1	0	/storage9920/home/tinghao.xia/Data_FM/RNA_FM_embeddings/6WZR/rnafm_t12_residue_embeddings.pt
6WZR	1	B	B	1	75	9b33908d46ed3cc4bd5d210c8722af715b9fca9e8161ec6e08238dfbef3a47e7	0	0	full_sequence	1	0	/storage9920/home/tinghao.xia/Data_FM/RNA_FM_embeddings/6WZR/rnafm_t12_residue_embeddings.pt
6WZS	0	B	A	1	75	9b33908d46ed3cc4bd5d210c8722af715b9fca9e8161ec6e08238dfbef3a47e7	0	0	full_sequence	1	0	/storage9920/home/tinghao.xia/Data_FM/RNA_FM_embeddings/6WZS/rnafm_t12_residue_embeddings.pt
6WZS	1	A	B	1	75	9b33908d46ed3cc4bd5d210c8722af715b9fca9e8161ec6e08238dfbef3a47e7	0	0	full_sequence	1	0	/storage9920/home/tinghao.xia/Data_FM/RNA_FM_embeddings/6WZS/rnafm_t12_residue_embeddings.pt
6XB7	0	A	A	1	41	5cccc166d3a98b8483f123f11101c901ed8af0c490a9458e82409dee68722ef6	0	0	full_sequence	1	0	/storage9920/home/tinghao.xia/Data_FM/RNA_FM_embeddings/6XB7/rnafm_t12_residue_embeddings.pt
6XKN	0	A	A	1	101	50bc9751fa0da287d5960bde5f1fc9cad038d2e81af68fdc9b2a27fed3ffe6db	0	0	full_sequence	1	0	/storage9920/home/tinghao.xia/Data_FM/RNA_FM_embeddings/6XKN/rnafm_t12_residue_embeddings.pt
6XKO	0	A	A	1	101	fa3034bbcb1102bfdb5a8bd7d993b23394456be7be6a861eafe32dcf1eb10270	0	0	full_sequence	1	0	/storage9920/home/tinghao.xia/Data_FM/RNA_FM_embeddings/6XKO/rnafm_t12_residue_embeddings.pt
6XRQ	0	B	A	1	14	89b695737ee499932f5a2521dc82408fdc2676a9a71c9e8e6b00063285e7e581	0	0	full_sequence	1	0	/storage9920/home/tinghao.xia/Data_FM/RNA_FM_embeddings/6XRQ/rnafm_t12_residue_embeddings.pt
6XRQ	1	A	B	1	14	89b695737ee499932f5a2521dc82408fdc2676a9a71c9e8e6b00063285e7e581	0	0	full_sequence	1	0	/storage9920/home/tinghao.xia/Data_FM/RNA_FM_embeddings/6XRQ/rnafm_t12_residue_embeddings.pt
6XRZ	0	A	A	1	88	3131936319486b4e63abfd6a2e64f0f87c94e87807a5818211308a7a848a3b13	0	0	full_sequence	1	0	/storage9920/home/tinghao.xia/Data_FM/RNA_FM_embeddings/6XRZ/rnafm_t12_residue_embeddings.pt
6XUR	0	A	A	1	12	1ebf43bc82c9eaa5e9b2f361bc75b00cdcba058aeeca434f19fdd2661c498c6c	0	0	full_sequence	1	0	/storage9920/home/tinghao.xia/Data_FM/RNA_FM_embeddings/6XUR/rnafm_t12_residue_embeddings.pt
6XUS	0	A	A	1	12	1ebf43bc82c9eaa5e9b2f361bc75b00cdcba058aeeca434f19fdd2661c498c6c	0	0	full_sequence	1	0	/storage9920/home/tinghao.xia/Data_FM/RNA_FM_embeddings/6XUS/rnafm_t12_residue_embeddings.pt
6XWJ	0	A	A	1	21	83233bc33dcece560d71229a908a0686da91d50f1330450a9d791fbadc666716	0	0	full_sequence	1	0	/storage9920/home/tinghao.xia/Data_FM/RNA_FM_embeddings/6XWJ/rnafm_t12_residue_embeddings.pt
6XWW	0	A	A	1	19	a7627df67040647acfa4b32ca79ce189fcbcd1adbefd4144299257adb3b2b527	0	0	full_sequence	1	0	/storage9920/home/tinghao.xia/Data_FM/RNA_FM_embeddings/6XWW/rnafm_t12_residue_embeddings.pt
6XXA	0	A	A	1	21	83233bc33dcece560d71229a908a0686da91d50f1330450a9d791fbadc666716	0	0	full_sequence	1	0	/storage9920/home/tinghao.xia/Data_FM/RNA_FM_embeddings/6XXA/rnafm_t12_residue_embeddings.pt
6XXB	0	A	A	1	19	a7627df67040647acfa4b32ca79ce189fcbcd1adbefd4144299257adb3b2b527	0	0	full_sequence	1	0	/storage9920/home/tinghao.xia/Data_FM/RNA_FM_embeddings/6XXB/rnafm_t12_residue_embeddings.pt
6Y0T	0	A	A	1	27	6d097f5a53e3ddf0f4b84f5e57bfe598dd0dd504a7dd8df546f9547b94a7184f	0	0	full_sequence	1	0	/storage9920/home/tinghao.xia/Data_FM/RNA_FM_embeddings/6Y0T/rnafm_t12_residue_embeddings.pt
6Y0T	1	B	B	1	27	6d097f5a53e3ddf0f4b84f5e57bfe598dd0dd504a7dd8df546f9547b94a7184f	0	0	full_sequence	1	0	/storage9920/home/tinghao.xia/Data_FM/RNA_FM_embeddings/6Y0T/rnafm_t12_residue_embeddings.pt
6Y0Y	0	A	A	1	27	de1c977b79259917525a14512d3f32d4f4e890442423cbc8b9c579901a8ee1c1	0	0	full_sequence	1	0	/storage9920/home/tinghao.xia/Data_FM/RNA_FM_embeddings/6Y0Y/rnafm_t12_residue_embeddings.pt
6Y3G	0	F	A	1	76	33fae1e5b0a9bd11b3605437d8a5beb366a7cdfad0cc4923cc37c8c2d91c87a8	1	1	full_sequence	1	0	/storage9920/home/tinghao.xia/Data_FM/RNA_FM_embeddings/6Y3G/rnafm_t12_residue_embeddings.pt
6YL5	0	A	A	1	35	969cf8d04cf8e4060805a4d8dcc65f168e1c2379753d33ef1e5341f2664e2d72	0	0	full_sequence	1	0	/storage9920/home/tinghao.xia/Data_FM/RNA_FM_embeddings/6YL5/rnafm_t12_residue_embeddings.pt
6YL5	1	B	B	1	35	969cf8d04cf8e4060805a4d8dcc65f168e1c2379753d33ef1e5341f2664e2d72	0	0	full_sequence	1	0	/storage9920/home/tinghao.xia/Data_FM/RNA_FM_embeddings/6YL5/rnafm_t12_residue_embeddings.pt
6YL5	2	C	C	1	35	969cf8d04cf8e4060805a4d8dcc65f168e1c2379753d33ef1e5341f2664e2d72	0	0	full_sequence	1	0	/storage9920/home/tinghao.xia/Data_FM/RNA_FM_embeddings/6YL5/rnafm_t12_residue_embeddings.pt
6YL5	3	D	D	1	35	969cf8d04cf8e4060805a4d8dcc65f168e1c2379753d33ef1e5341f2664e2d72	0	0	full_sequence	1	0	/storage9920/home/tinghao.xia/Data_FM/RNA_FM_embeddings/6YL5/rnafm_t12_residue_embeddings.pt
6YL5	4	E	E	1	35	969cf8d04cf8e4060805a4d8dcc65f168e1c2379753d33ef1e5341f2664e2d72	0	0	full_sequence	1	0	/storage9920/home/tinghao.xia/Data_FM/RNA_FM_embeddings/6YL5/rnafm_t12_residue_embeddings.pt
6YL5	5	F	F	1	35	969cf8d04cf8e4060805a4d8dcc65f168e1c2379753d33ef1e5341f2664e2d72	0	0	full_sequence	1	0	/storage9920/home/tinghao.xia/Data_FM/RNA_FM_embeddings/6YL5/rnafm_t12_residue_embeddings.pt
6YL5	6	G	G	1	35	969cf8d04cf8e4060805a4d8dcc65f168e1c2379753d33ef1e5341f2664e2d72	0	0	full_sequence	1	0	/storage9920/home/tinghao.xia/Data_FM/RNA_FM_embeddings/6YL5/rnafm_t12_residue_embeddings.pt
6YL5	7	H	H	1	35	969cf8d04cf8e4060805a4d8dcc65f168e1c2379753d33ef1e5341f2664e2d72	0	0	full_sequence	1	0	/storage9920/home/tinghao.xia/Data_FM/RNA_FM_embeddings/6YL5/rnafm_t12_residue_embeddings.pt
6YL5	8	I	I	1	35	969cf8d04cf8e4060805a4d8dcc65f168e1c2379753d33ef1e5341f2664e2d72	0	0	full_sequence	1	0	/storage9920/home/tinghao.xia/Data_FM/RNA_FM_embeddings/6YL5/rnafm_t12_residue_embeddings.pt
6YL5	9	J	J	1	35	969cf8d04cf8e4060805a4d8dcc65f168e1c2379753d33ef1e5341f2664e2d72	0	0	full_sequence	1	0	/storage9920/home/tinghao.xia/Data_FM/RNA_FM_embeddings/6YL5/rnafm_t12_residue_embeddings.pt
6YL5	10	K	K	1	35	969cf8d04cf8e4060805a4d8dcc65f168e1c2379753d33ef1e5341f2664e2d72	0	0	full_sequence	1	0	/storage9920/home/tinghao.xia/Data_FM/RNA_FM_embeddings/6YL5/rnafm_t12_residue_embeddings.pt
6YL5	11	L	L	1	35	969cf8d04cf8e4060805a4d8dcc65f168e1c2379753d33ef1e5341f2664e2d72	0	0	full_sequence	1	0	/storage9920/home/tinghao.xia/Data_FM/RNA_FM_embeddings/6YL5/rnafm_t12_residue_embeddings.pt
6YLB	0	A	A	1	26	2488f741125a5148874757d9c8dbd65f168062a18c0d07920e4da43678885bc2	0	0	full_sequence	1	0	/storage9920/home/tinghao.xia/Data_FM/RNA_FM_embeddings/6YLB/rnafm_t12_residue_embeddings.pt
6YLB	1	C	B	1	26	2488f741125a5148874757d9c8dbd65f168062a18c0d07920e4da43678885bc2	0	0	full_sequence	1	0	/storage9920/home/tinghao.xia/Data_FM/RNA_FM_embeddings/6YLB/rnafm_t12_residue_embeddings.pt
6YLB	2	F	C	1	26	2488f741125a5148874757d9c8dbd65f168062a18c0d07920e4da43678885bc2	0	0	full_sequence	1	0	/storage9920/home/tinghao.xia/Data_FM/RNA_FM_embeddings/6YLB/rnafm_t12_residue_embeddings.pt
6YLB	3	I	D	1	26	2488f741125a5148874757d9c8dbd65f168062a18c0d07920e4da43678885bc2	0	0	full_sequence	1	0	/storage9920/home/tinghao.xia/Data_FM/RNA_FM_embeddings/6YLB/rnafm_t12_residue_embeddings.pt
6YLB	4	M	E	1	26	2488f741125a5148874757d9c8dbd65f168062a18c0d07920e4da43678885bc2	0	0	full_sequence	1	0	/storage9920/home/tinghao.xia/Data_FM/RNA_FM_embeddings/6YLB/rnafm_t12_residue_embeddings.pt
6YLB	5	O	F	1	26	2488f741125a5148874757d9c8dbd65f168062a18c0d07920e4da43678885bc2	0	0	full_sequence	1	0	/storage9920/home/tinghao.xia/Data_FM/RNA_FM_embeddings/6YLB/rnafm_t12_residue_embeddings.pt
6YLB	6	B	G	2	9	ddf10c76625ee1a179dbf5fdd81f6a3b1528172a24bd1ff900b0148017093fba	0	0	full_sequence	1	0	/storage9920/home/tinghao.xia/Data_FM/RNA_FM_embeddings/6YLB/rnafm_t12_residue_embeddings.pt
6YLB	7	D	H	2	9	ddf10c76625ee1a179dbf5fdd81f6a3b1528172a24bd1ff900b0148017093fba	0	0	full_sequence	1	0	/storage9920/home/tinghao.xia/Data_FM/RNA_FM_embeddings/6YLB/rnafm_t12_residue_embeddings.pt
6YLB	8	G	I	2	9	ddf10c76625ee1a179dbf5fdd81f6a3b1528172a24bd1ff900b0148017093fba	0	0	full_sequence	1	0	/storage9920/home/tinghao.xia/Data_FM/RNA_FM_embeddings/6YLB/rnafm_t12_residue_embeddings.pt
6YLB	9	J	J	2	9	ddf10c76625ee1a179dbf5fdd81f6a3b1528172a24bd1ff900b0148017093fba	0	0	full_sequence	1	0	/storage9920/home/tinghao.xia/Data_FM/RNA_FM_embeddings/6YLB/rnafm_t12_residue_embeddings.pt
6YLB	10	N	K	2	9	ddf10c76625ee1a179dbf5fdd81f6a3b1528172a24bd1ff900b0148017093fba	0	0	full_sequence	1	0	/storage9920/home/tinghao.xia/Data_FM/RNA_FM_embeddings/6YLB/rnafm_t12_residue_embeddings.pt
6YLB	11	P	L	2	9	ddf10c76625ee1a179dbf5fdd81f6a3b1528172a24bd1ff900b0148017093fba	0	0	full_sequence	1	0	/storage9920/home/tinghao.xia/Data_FM/RNA_FM_embeddings/6YLB/rnafm_t12_residue_embeddings.pt
6YMC	0	A	A	1	26	60030c2af68ccc5a0424039fab16b25509dbf92390d884f8f608d3cf62a47609	0	0	full_sequence	1	0	/storage9920/home/tinghao.xia/Data_FM/RNA_FM_embeddings/6YMC/rnafm_t12_residue_embeddings.pt
6YMC	1	B	B	1	26	60030c2af68ccc5a0424039fab16b25509dbf92390d884f8f608d3cf62a47609	0	0	full_sequence	1	0	/storage9920/home/tinghao.xia/Data_FM/RNA_FM_embeddings/6YMC/rnafm_t12_residue_embeddings.pt
6YMI	0	A	A	1	26	2488f741125a5148874757d9c8dbd65f168062a18c0d07920e4da43678885bc2	0	0	full_sequence	1	0	/storage9920/home/tinghao.xia/Data_FM/RNA_FM_embeddings/6YMI/rnafm_t12_residue_embeddings.pt
6YMI	1	C	B	1	26	2488f741125a5148874757d9c8dbd65f168062a18c0d07920e4da43678885bc2	0	0	full_sequence	1	0	/storage9920/home/tinghao.xia/Data_FM/RNA_FM_embeddings/6YMI/rnafm_t12_residue_embeddings.pt
6YMI	2	F	C	1	26	2488f741125a5148874757d9c8dbd65f168062a18c0d07920e4da43678885bc2	0	0	full_sequence	1	0	/storage9920/home/tinghao.xia/Data_FM/RNA_FM_embeddings/6YMI/rnafm_t12_residue_embeddings.pt
6YMI	3	I	D	1	26	2488f741125a5148874757d9c8dbd65f168062a18c0d07920e4da43678885bc2	0	0	full_sequence	1	0	/storage9920/home/tinghao.xia/Data_FM/RNA_FM_embeddings/6YMI/rnafm_t12_residue_embeddings.pt
6YMI	4	M	E	1	26	2488f741125a5148874757d9c8dbd65f168062a18c0d07920e4da43678885bc2	0	0	full_sequence	1	0	/storage9920/home/tinghao.xia/Data_FM/RNA_FM_embeddings/6YMI/rnafm_t12_residue_embeddings.pt
6YMI	5	O	F	1	26	2488f741125a5148874757d9c8dbd65f168062a18c0d07920e4da43678885bc2	0	0	full_sequence	1	0	/storage9920/home/tinghao.xia/Data_FM/RNA_FM_embeddings/6YMI/rnafm_t12_residue_embeddings.pt
6YMI	6	B	G	2	9	ddf10c76625ee1a179dbf5fdd81f6a3b1528172a24bd1ff900b0148017093fba	0	0	full_sequence	1	0	/storage9920/home/tinghao.xia/Data_FM/RNA_FM_embeddings/6YMI/rnafm_t12_residue_embeddings.pt
6YMI	7	D	H	2	9	ddf10c76625ee1a179dbf5fdd81f6a3b1528172a24bd1ff900b0148017093fba	0	0	full_sequence	1	0	/storage9920/home/tinghao.xia/Data_FM/RNA_FM_embeddings/6YMI/rnafm_t12_residue_embeddings.pt
6YMI	8	G	I	2	9	ddf10c76625ee1a179dbf5fdd81f6a3b1528172a24bd1ff900b0148017093fba	0	0	full_sequence	1	0	/storage9920/home/tinghao.xia/Data_FM/RNA_FM_embeddings/6YMI/rnafm_t12_residue_embeddings.pt
6YMI	9	J	J	2	9	ddf10c76625ee1a179dbf5fdd81f6a3b1528172a24bd1ff900b0148017093fba	0	0	full_sequence	1	0	/storage9920/home/tinghao.xia/Data_FM/RNA_FM_embeddings/6YMI/rnafm_t12_residue_embeddings.pt
6YMI	10	N	K	2	9	ddf10c76625ee1a179dbf5fdd81f6a3b1528172a24bd1ff900b0148017093fba	0	0	full_sequence	1	0	/storage9920/home/tinghao.xia/Data_FM/RNA_FM_embeddings/6YMI/rnafm_t12_residue_embeddings.pt
6YMI	11	P	L	2	9	ddf10c76625ee1a179dbf5fdd81f6a3b1528172a24bd1ff900b0148017093fba	0	0	full_sequence	1	0	/storage9920/home/tinghao.xia/Data_FM/RNA_FM_embeddings/6YMI/rnafm_t12_residue_embeddings.pt
6YMJ	0	A	A	1	26	2488f741125a5148874757d9c8dbd65f168062a18c0d07920e4da43678885bc2	0	0	full_sequence	1	0	/storage9920/home/tinghao.xia/Data_FM/RNA_FM_embeddings/6YMJ/rnafm_t12_residue_embeddings.pt
6YMJ	1	C	B	1	26	2488f741125a5148874757d9c8dbd65f168062a18c0d07920e4da43678885bc2	0	0	full_sequence	1	0	/storage9920/home/tinghao.xia/Data_FM/RNA_FM_embeddings/6YMJ/rnafm_t12_residue_embeddings.pt
6YMJ	2	F	C	1	26	2488f741125a5148874757d9c8dbd65f168062a18c0d07920e4da43678885bc2	0	0	full_sequence	1	0	/storage9920/home/tinghao.xia/Data_FM/RNA_FM_embeddings/6YMJ/rnafm_t12_residue_embeddings.pt
6YMJ	3	I	D	1	26	2488f741125a5148874757d9c8dbd65f168062a18c0d07920e4da43678885bc2	0	0	full_sequence	1	0	/storage9920/home/tinghao.xia/Data_FM/RNA_FM_embeddings/6YMJ/rnafm_t12_residue_embeddings.pt
6YMJ	4	M	E	1	26	2488f741125a5148874757d9c8dbd65f168062a18c0d07920e4da43678885bc2	0	0	full_sequence	1	0	/storage9920/home/tinghao.xia/Data_FM/RNA_FM_embeddings/6YMJ/rnafm_t12_residue_embeddings.pt
6YMJ	5	O	F	1	26	2488f741125a5148874757d9c8dbd65f168062a18c0d07920e4da43678885bc2	0	0	full_sequence	1	0	/storage9920/home/tinghao.xia/Data_FM/RNA_FM_embeddings/6YMJ/rnafm_t12_residue_embeddings.pt
6YMJ	6	B	G	2	9	ddf10c76625ee1a179dbf5fdd81f6a3b1528172a24bd1ff900b0148017093fba	0	0	full_sequence	1	0	/storage9920/home/tinghao.xia/Data_FM/RNA_FM_embeddings/6YMJ/rnafm_t12_residue_embeddings.pt
6YMJ	7	D	H	2	9	ddf10c76625ee1a179dbf5fdd81f6a3b1528172a24bd1ff900b0148017093fba	0	0	full_sequence	1	0	/storage9920/home/tinghao.xia/Data_FM/RNA_FM_embeddings/6YMJ/rnafm_t12_residue_embeddings.pt
6YMJ	8	G	I	2	9	ddf10c76625ee1a179dbf5fdd81f6a3b1528172a24bd1ff900b0148017093fba	0	0	full_sequence	1	0	/storage9920/home/tinghao.xia/Data_FM/RNA_FM_embeddings/6YMJ/rnafm_t12_residue_embeddings.pt
6YMJ	9	J	J	2	9	ddf10c76625ee1a179dbf5fdd81f6a3b1528172a24bd1ff900b0148017093fba	0	0	full_sequence	1	0	/storage9920/home/tinghao.xia/Data_FM/RNA_FM_embeddings/6YMJ/rnafm_t12_residue_embeddings.pt
6YMJ	10	N	K	2	9	ddf10c76625ee1a179dbf5fdd81f6a3b1528172a24bd1ff900b0148017093fba	0	0	full_sequence	1	0	/storage9920/home/tinghao.xia/Data_FM/RNA_FM_embeddings/6YMJ/rnafm_t12_residue_embeddings.pt
6YMJ	11	P	L	2	9	ddf10c76625ee1a179dbf5fdd81f6a3b1528172a24bd1ff900b0148017093fba	0	0	full_sequence	1	0	/storage9920/home/tinghao.xia/Data_FM/RNA_FM_embeddings/6YMJ/rnafm_t12_residue_embeddings.pt
6YMK	0	A	A	1	26	2488f741125a5148874757d9c8dbd65f168062a18c0d07920e4da43678885bc2	0	0	full_sequence	1	0	/storage9920/home/tinghao.xia/Data_FM/RNA_FM_embeddings/6YMK/rnafm_t12_residue_embeddings.pt
6YMK	1	C	B	1	26	2488f741125a5148874757d9c8dbd65f168062a18c0d07920e4da43678885bc2	0	0	full_sequence	1	0	/storage9920/home/tinghao.xia/Data_FM/RNA_FM_embeddings/6YMK/rnafm_t12_residue_embeddings.pt
6YMK	2	F	C	1	26	2488f741125a5148874757d9c8dbd65f168062a18c0d07920e4da43678885bc2	0	0	full_sequence	1	0	/storage9920/home/tinghao.xia/Data_FM/RNA_FM_embeddings/6YMK/rnafm_t12_residue_embeddings.pt
6YMK	3	I	D	1	26	2488f741125a5148874757d9c8dbd65f168062a18c0d07920e4da43678885bc2	0	0	full_sequence	1	0	/storage9920/home/tinghao.xia/Data_FM/RNA_FM_embeddings/6YMK/rnafm_t12_residue_embeddings.pt
6YMK	4	M	E	1	26	2488f741125a5148874757d9c8dbd65f168062a18c0d07920e4da43678885bc2	0	0	full_sequence	1	0	/storage9920/home/tinghao.xia/Data_FM/RNA_FM_embeddings/6YMK/rnafm_t12_residue_embeddings.pt
6YMK	5	O	F	1	26	2488f741125a5148874757d9c8dbd65f168062a18c0d07920e4da43678885bc2	0	0	full_sequence	1	0	/storage9920/home/tinghao.xia/Data_FM/RNA_FM_embeddings/6YMK/rnafm_t12_residue_embeddings.pt
6YMK	6	B	G	2	9	ddf10c76625ee1a179dbf5fdd81f6a3b1528172a24bd1ff900b0148017093fba	0	0	full_sequence	1	0	/storage9920/home/tinghao.xia/Data_FM/RNA_FM_embeddings/6YMK/rnafm_t12_residue_embeddings.pt
6YMK	7	D	H	2	9	ddf10c76625ee1a179dbf5fdd81f6a3b1528172a24bd1ff900b0148017093fba	0	0	full_sequence	1	0	/storage9920/home/tinghao.xia/Data_FM/RNA_FM_embeddings/6YMK/rnafm_t12_residue_embeddings.pt
6YMK	8	G	I	2	9	ddf10c76625ee1a179dbf5fdd81f6a3b1528172a24bd1ff900b0148017093fba	0	0	full_sequence	1	0	/storage9920/home/tinghao.xia/Data_FM/RNA_FM_embeddings/6YMK/rnafm_t12_residue_embeddings.pt
6YMK	9	J	J	2	9	ddf10c76625ee1a179dbf5fdd81f6a3b1528172a24bd1ff900b0148017093fba	0	0	full_sequence	1	0	/storage9920/home/tinghao.xia/Data_FM/RNA_FM_embeddings/6YMK/rnafm_t12_residue_embeddings.pt
6YMK	10	N	K	2	9	ddf10c76625ee1a179dbf5fdd81f6a3b1528172a24bd1ff900b0148017093fba	0	0	full_sequence	1	0	/storage9920/home/tinghao.xia/Data_FM/RNA_FM_embeddings/6YMK/rnafm_t12_residue_embeddings.pt
6YMK	11	P	L	2	9	ddf10c76625ee1a179dbf5fdd81f6a3b1528172a24bd1ff900b0148017093fba	0	0	full_sequence	1	0	/storage9920/home/tinghao.xia/Data_FM/RNA_FM_embeddings/6YMK/rnafm_t12_residue_embeddings.pt
6YML	0	A	A	1	26	2488f741125a5148874757d9c8dbd65f168062a18c0d07920e4da43678885bc2	0	0	full_sequence	1	0	/storage9920/home/tinghao.xia/Data_FM/RNA_FM_embeddings/6YML/rnafm_t12_residue_embeddings.pt
6YML	1	C	B	1	26	2488f741125a5148874757d9c8dbd65f168062a18c0d07920e4da43678885bc2	0	0	full_sequence	1	0	/storage9920/home/tinghao.xia/Data_FM/RNA_FM_embeddings/6YML/rnafm_t12_residue_embeddings.pt
6YML	2	B	C	2	9	ddf10c76625ee1a179dbf5fdd81f6a3b1528172a24bd1ff900b0148017093fba	0	0	full_sequence	1	0	/storage9920/home/tinghao.xia/Data_FM/RNA_FM_embeddings/6YML/rnafm_t12_residue_embeddings.pt
6YML	3	D	D	2	9	ddf10c76625ee1a179dbf5fdd81f6a3b1528172a24bd1ff900b0148017093fba	0	0	full_sequence	1	0	/storage9920/home/tinghao.xia/Data_FM/RNA_FM_embeddings/6YML/rnafm_t12_residue_embeddings.pt
6YMM	0	A	A	1	26	2488f741125a5148874757d9c8dbd65f168062a18c0d07920e4da43678885bc2	0	0	full_sequence	1	0	/storage9920/home/tinghao.xia/Data_FM/RNA_FM_embeddings/6YMM/rnafm_t12_residue_embeddings.pt
6YMM	1	C	B	1	26	2488f741125a5148874757d9c8dbd65f168062a18c0d07920e4da43678885bc2	0	0	full_sequence	1	0	/storage9920/home/tinghao.xia/Data_FM/RNA_FM_embeddings/6YMM/rnafm_t12_residue_embeddings.pt
6YMM	2	B	C	2	9	ddf10c76625ee1a179dbf5fdd81f6a3b1528172a24bd1ff900b0148017093fba	0	0	full_sequence	1	0	/storage9920/home/tinghao.xia/Data_FM/RNA_FM_embeddings/6YMM/rnafm_t12_residue_embeddings.pt
6YMM	3	D	D	2	9	ddf10c76625ee1a179dbf5fdd81f6a3b1528172a24bd1ff900b0148017093fba	0	0	full_sequence	1	0	/storage9920/home/tinghao.xia/Data_FM/RNA_FM_embeddings/6YMM/rnafm_t12_residue_embeddings.pt
6Z18	0	A	A	1	10	2eeec33883b1cae684a9121c858aa5f0fafefa0a1c5aaf38e3b2ae1926105ee0	0	0	full_sequence	1	0	/storage9920/home/tinghao.xia/Data_FM/RNA_FM_embeddings/6Z18/rnafm_t12_residue_embeddings.pt
6Z18	1	B	B	1	10	2eeec33883b1cae684a9121c858aa5f0fafefa0a1c5aaf38e3b2ae1926105ee0	0	0	full_sequence	1	0	/storage9920/home/tinghao.xia/Data_FM/RNA_FM_embeddings/6Z18/rnafm_t12_residue_embeddings.pt
6ZPF	0	K	A	1	8	7105b796103ce9b418783d61f397dea1182e29260803c1220c0fca7830cb1223	0	0	full_sequence	1	0	/storage9920/home/tinghao.xia/Data_FM/RNA_FM_embeddings/6ZPF/rnafm_t12_residue_embeddings.pt
6ZPF	1	L	B	2	8	c436a8b480d440fd32b7040fa6ac7e7693aa503ef65cfd457de46f7f71fd6583	0	0	full_sequence	1	0	/storage9920/home/tinghao.xia/Data_FM/RNA_FM_embeddings/6ZPF/rnafm_t12_residue_embeddings.pt
6ZPF	2	M	C	3	8	7105b796103ce9b418783d61f397dea1182e29260803c1220c0fca7830cb1223	0	0	full_sequence	1	0	/storage9920/home/tinghao.xia/Data_FM/RNA_FM_embeddings/6ZPF/rnafm_t12_residue_embeddings.pt
6ZPF	3	N	D	4	8	c436a8b480d440fd32b7040fa6ac7e7693aa503ef65cfd457de46f7f71fd6583	0	0	full_sequence	1	0	/storage9920/home/tinghao.xia/Data_FM/RNA_FM_embeddings/6ZPF/rnafm_t12_residue_embeddings.pt
6ZQ9	0	K	A	1	8	7105b796103ce9b418783d61f397dea1182e29260803c1220c0fca7830cb1223	0	0	full_sequence	1	0	/storage9920/home/tinghao.xia/Data_FM/RNA_FM_embeddings/6ZQ9/rnafm_t12_residue_embeddings.pt
6ZQ9	1	L	B	2	8	c436a8b480d440fd32b7040fa6ac7e7693aa503ef65cfd457de46f7f71fd6583	0	0	full_sequence	1	0	/storage9920/home/tinghao.xia/Data_FM/RNA_FM_embeddings/6ZQ9/rnafm_t12_residue_embeddings.pt
6ZQ9	2	M	C	3	8	7105b796103ce9b418783d61f397dea1182e29260803c1220c0fca7830cb1223	0	0	full_sequence	1	0	/storage9920/home/tinghao.xia/Data_FM/RNA_FM_embeddings/6ZQ9/rnafm_t12_residue_embeddings.pt
6ZQ9	3	N	D	4	8	c436a8b480d440fd32b7040fa6ac7e7693aa503ef65cfd457de46f7f71fd6583	0	0	full_sequence	1	0	/storage9920/home/tinghao.xia/Data_FM/RNA_FM_embeddings/6ZQ9/rnafm_t12_residue_embeddings.pt
6ZR1	0	K	A	1	8	7105b796103ce9b418783d61f397dea1182e29260803c1220c0fca7830cb1223	0	0	full_sequence	1	0	/storage9920/home/tinghao.xia/Data_FM/RNA_FM_embeddings/6ZR1/rnafm_t12_residue_embeddings.pt
6ZR1	1	L	B	2	8	c436a8b480d440fd32b7040fa6ac7e7693aa503ef65cfd457de46f7f71fd6583	0	0	full_sequence	1	0	/storage9920/home/tinghao.xia/Data_FM/RNA_FM_embeddings/6ZR1/rnafm_t12_residue_embeddings.pt
6ZR1	2	M	C	3	8	7105b796103ce9b418783d61f397dea1182e29260803c1220c0fca7830cb1223	0	0	full_sequence	1	0	/storage9920/home/tinghao.xia/Data_FM/RNA_FM_embeddings/6ZR1/rnafm_t12_residue_embeddings.pt
6ZR1	3	N	D	4	8	c436a8b480d440fd32b7040fa6ac7e7693aa503ef65cfd457de46f7f71fd6583	0	0	full_sequence	1	0	/storage9920/home/tinghao.xia/Data_FM/RNA_FM_embeddings/6ZR1/rnafm_t12_residue_embeddings.pt
6ZRL	0	K	A	1	8	7105b796103ce9b418783d61f397dea1182e29260803c1220c0fca7830cb1223	0	0	full_sequence	1	0	/storage9920/home/tinghao.xia/Data_FM/RNA_FM_embeddings/6ZRL/rnafm_t12_residue_embeddings.pt
6ZRL	1	L	B	2	8	c436a8b480d440fd32b7040fa6ac7e7693aa503ef65cfd457de46f7f71fd6583	0	0	full_sequence	1	0	/storage9920/home/tinghao.xia/Data_FM/RNA_FM_embeddings/6ZRL/rnafm_t12_residue_embeddings.pt
6ZRL	2	M	C	3	8	7105b796103ce9b418783d61f397dea1182e29260803c1220c0fca7830cb1223	0	0	full_sequence	1	0	/storage9920/home/tinghao.xia/Data_FM/RNA_FM_embeddings/6ZRL/rnafm_t12_residue_embeddings.pt
6ZRL	3	N	D	4	8	c436a8b480d440fd32b7040fa6ac7e7693aa503ef65cfd457de46f7f71fd6583	0	0	full_sequence	1	0	/storage9920/home/tinghao.xia/Data_FM/RNA_FM_embeddings/6ZRL/rnafm_t12_residue_embeddings.pt
6ZRS	0	K	A	1	8	7105b796103ce9b418783d61f397dea1182e29260803c1220c0fca7830cb1223	0	0	full_sequence	1	0	/storage9920/home/tinghao.xia/Data_FM/RNA_FM_embeddings/6ZRS/rnafm_t12_residue_embeddings.pt
6ZRS	1	L	B	2	8	c436a8b480d440fd32b7040fa6ac7e7693aa503ef65cfd457de46f7f71fd6583	0	0	full_sequence	1	0	/storage9920/home/tinghao.xia/Data_FM/RNA_FM_embeddings/6ZRS/rnafm_t12_residue_embeddings.pt
6ZRS	2	M	C	3	8	7105b796103ce9b418783d61f397dea1182e29260803c1220c0fca7830cb1223	0	0	full_sequence	1	0	/storage9920/home/tinghao.xia/Data_FM/RNA_FM_embeddings/6ZRS/rnafm_t12_residue_embeddings.pt
6ZRS	3	N	D	4	8	c436a8b480d440fd32b7040fa6ac7e7693aa503ef65cfd457de46f7f71fd6583	0	0	full_sequence	1	0	/storage9920/home/tinghao.xia/Data_FM/RNA_FM_embeddings/6ZRS/rnafm_t12_residue_embeddings.pt
6ZW3	0	K	A	1	8	7105b796103ce9b418783d61f397dea1182e29260803c1220c0fca7830cb1223	0	0	full_sequence	1	0	/storage9920/home/tinghao.xia/Data_FM/RNA_FM_embeddings/6ZW3/rnafm_t12_residue_embeddings.pt
6ZW3	1	L	B	2	8	c436a8b480d440fd32b7040fa6ac7e7693aa503ef65cfd457de46f7f71fd6583	0	0	full_sequence	1	0	/storage9920/home/tinghao.xia/Data_FM/RNA_FM_embeddings/6ZW3/rnafm_t12_residue_embeddings.pt
6ZW3	2	M	C	3	8	7105b796103ce9b418783d61f397dea1182e29260803c1220c0fca7830cb1223	0	0	full_sequence	1	0	/storage9920/home/tinghao.xia/Data_FM/RNA_FM_embeddings/6ZW3/rnafm_t12_residue_embeddings.pt
6ZW3	3	N	D	4	8	c436a8b480d440fd32b7040fa6ac7e7693aa503ef65cfd457de46f7f71fd6583	0	0	full_sequence	1	0	/storage9920/home/tinghao.xia/Data_FM/RNA_FM_embeddings/6ZW3/rnafm_t12_residue_embeddings.pt
6ZWU	0	K	A	1	8	7105b796103ce9b418783d61f397dea1182e29260803c1220c0fca7830cb1223	0	0	full_sequence	1	0	/storage9920/home/tinghao.xia/Data_FM/RNA_FM_embeddings/6ZWU/rnafm_t12_residue_embeddings.pt
6ZWU	1	L	B	2	8	c436a8b480d440fd32b7040fa6ac7e7693aa503ef65cfd457de46f7f71fd6583	0	0	full_sequence	1	0	/storage9920/home/tinghao.xia/Data_FM/RNA_FM_embeddings/6ZWU/rnafm_t12_residue_embeddings.pt
6ZWU	2	M	C	3	8	7105b796103ce9b418783d61f397dea1182e29260803c1220c0fca7830cb1223	0	0	full_sequence	1	0	/storage9920/home/tinghao.xia/Data_FM/RNA_FM_embeddings/6ZWU/rnafm_t12_residue_embeddings.pt
6ZWU	3	N	D	4	8	c436a8b480d440fd32b7040fa6ac7e7693aa503ef65cfd457de46f7f71fd6583	0	0	full_sequence	1	0	/storage9920/home/tinghao.xia/Data_FM/RNA_FM_embeddings/6ZWU/rnafm_t12_residue_embeddings.pt
6ZX5	0	K	A	1	8	7105b796103ce9b418783d61f397dea1182e29260803c1220c0fca7830cb1223	0	0	full_sequence	1	0	/storage9920/home/tinghao.xia/Data_FM/RNA_FM_embeddings/6ZX5/rnafm_t12_residue_embeddings.pt
6ZX5	1	L	B	2	8	c436a8b480d440fd32b7040fa6ac7e7693aa503ef65cfd457de46f7f71fd6583	0	0	full_sequence	1	0	/storage9920/home/tinghao.xia/Data_FM/RNA_FM_embeddings/6ZX5/rnafm_t12_residue_embeddings.pt
6ZX5	2	M	C	3	8	7105b796103ce9b418783d61f397dea1182e29260803c1220c0fca7830cb1223	0	0	full_sequence	1	0	/storage9920/home/tinghao.xia/Data_FM/RNA_FM_embeddings/6ZX5/rnafm_t12_residue_embeddings.pt
6ZX5	3	N	D	4	8	c436a8b480d440fd32b7040fa6ac7e7693aa503ef65cfd457de46f7f71fd6583	0	0	full_sequence	1	0	/storage9920/home/tinghao.xia/Data_FM/RNA_FM_embeddings/6ZX5/rnafm_t12_residue_embeddings.pt
6ZX8	0	K	A	1	8	7105b796103ce9b418783d61f397dea1182e29260803c1220c0fca7830cb1223	0	0	full_sequence	1	0	/storage9920/home/tinghao.xia/Data_FM/RNA_FM_embeddings/6ZX8/rnafm_t12_residue_embeddings.pt
6ZX8	1	L	B	2	8	c436a8b480d440fd32b7040fa6ac7e7693aa503ef65cfd457de46f7f71fd6583	0	0	full_sequence	1	0	/storage9920/home/tinghao.xia/Data_FM/RNA_FM_embeddings/6ZX8/rnafm_t12_residue_embeddings.pt
6ZX8	2	M	C	3	8	7105b796103ce9b418783d61f397dea1182e29260803c1220c0fca7830cb1223	0	0	full_sequence	1	0	/storage9920/home/tinghao.xia/Data_FM/RNA_FM_embeddings/6ZX8/rnafm_t12_residue_embeddings.pt
6ZX8	3	N	D	4	8	c436a8b480d440fd32b7040fa6ac7e7693aa503ef65cfd457de46f7f71fd6583	0	0	full_sequence	1	0	/storage9920/home/tinghao.xia/Data_FM/RNA_FM_embeddings/6ZX8/rnafm_t12_residue_embeddings.pt
6ZXZ	0	A	A	1	26	5c7b766c98afbfe18f8d495e54e1ae835b7401656d21d2bcd99f2b6e6342e6de	0	0	full_sequence	1	0	/storage9920/home/tinghao.xia/Data_FM/RNA_FM_embeddings/6ZXZ/rnafm_t12_residue_embeddings.pt
6ZXZ	1	B	B	1	26	5c7b766c98afbfe18f8d495e54e1ae835b7401656d21d2bcd99f2b6e6342e6de	0	0	full_sequence	1	0	/storage9920/home/tinghao.xia/Data_FM/RNA_FM_embeddings/6ZXZ/rnafm_t12_residue_embeddings.pt
6ZXZ	2	C	C	1	26	5c7b766c98afbfe18f8d495e54e1ae835b7401656d21d2bcd99f2b6e6342e6de	0	0	full_sequence	1	0	/storage9920/home/tinghao.xia/Data_FM/RNA_FM_embeddings/6ZXZ/rnafm_t12_residue_embeddings.pt
6ZYB	0	A	A	1	27	e55f129516b6f8100f096ab2e2785b8bad75d4b80bc2136f14ba0b35301fefe9	1	1	full_sequence	1	0	/storage9920/home/tinghao.xia/Data_FM/RNA_FM_embeddings/6ZYB/rnafm_t12_residue_embeddings.pt
7A3Y	0	A	A	1	13	fb75309db8cbb70d5cf125ef5771e809878d77ee049c7b895afd065acc5f30d2	0	0	full_sequence	1	0	/storage9920/home/tinghao.xia/Data_FM/RNA_FM_embeddings/7A3Y/rnafm_t12_residue_embeddings.pt
7A3Y	1	B	B	2	12	2fb55e751fd81e1e1941311ce9afc79dd29c5f4b484aefebc3542c4c91b5f26f	0	0	full_sequence	1	0	/storage9920/home/tinghao.xia/Data_FM/RNA_FM_embeddings/7A3Y/rnafm_t12_residue_embeddings.pt
7A9L	0	K	A	1	8	7105b796103ce9b418783d61f397dea1182e29260803c1220c0fca7830cb1223	0	0	full_sequence	1	0	/storage9920/home/tinghao.xia/Data_FM/RNA_FM_embeddings/7A9L/rnafm_t12_residue_embeddings.pt
7A9L	1	L	B	2	8	c436a8b480d440fd32b7040fa6ac7e7693aa503ef65cfd457de46f7f71fd6583	0	0	full_sequence	1	0	/storage9920/home/tinghao.xia/Data_FM/RNA_FM_embeddings/7A9L/rnafm_t12_residue_embeddings.pt
7A9L	2	M	C	3	8	7105b796103ce9b418783d61f397dea1182e29260803c1220c0fca7830cb1223	0	0	full_sequence	1	0	/storage9920/home/tinghao.xia/Data_FM/RNA_FM_embeddings/7A9L/rnafm_t12_residue_embeddings.pt
7A9L	3	N	D	4	8	c436a8b480d440fd32b7040fa6ac7e7693aa503ef65cfd457de46f7f71fd6583	0	0	full_sequence	1	0	/storage9920/home/tinghao.xia/Data_FM/RNA_FM_embeddings/7A9L/rnafm_t12_residue_embeddings.pt
7A9N	0	K	A	1	8	7105b796103ce9b418783d61f397dea1182e29260803c1220c0fca7830cb1223	0	0	full_sequence	1	0	/storage9920/home/tinghao.xia/Data_FM/RNA_FM_embeddings/7A9N/rnafm_t12_residue_embeddings.pt
7A9N	1	L	B	2	8	c436a8b480d440fd32b7040fa6ac7e7693aa503ef65cfd457de46f7f71fd6583	0	0	full_sequence	1	0	/storage9920/home/tinghao.xia/Data_FM/RNA_FM_embeddings/7A9N/rnafm_t12_residue_embeddings.pt
7A9N	2	M	C	3	8	7105b796103ce9b418783d61f397dea1182e29260803c1220c0fca7830cb1223	0	0	full_sequence	1	0	/storage9920/home/tinghao.xia/Data_FM/RNA_FM_embeddings/7A9N/rnafm_t12_residue_embeddings.pt
7A9N	3	N	D	4	8	c436a8b480d440fd32b7040fa6ac7e7693aa503ef65cfd457de46f7f71fd6583	0	0	full_sequence	1	0	/storage9920/home/tinghao.xia/Data_FM/RNA_FM_embeddings/7A9N/rnafm_t12_residue_embeddings.pt
7A9O	0	K	A	1	8	7105b796103ce9b418783d61f397dea1182e29260803c1220c0fca7830cb1223	0	0	full_sequence	1	0	/storage9920/home/tinghao.xia/Data_FM/RNA_FM_embeddings/7A9O/rnafm_t12_residue_embeddings.pt
7A9O	1	L	B	2	8	c436a8b480d440fd32b7040fa6ac7e7693aa503ef65cfd457de46f7f71fd6583	0	0	full_sequence	1	0	/storage9920/home/tinghao.xia/Data_FM/RNA_FM_embeddings/7A9O/rnafm_t12_residue_embeddings.pt
7A9O	2	M	C	3	8	7105b796103ce9b418783d61f397dea1182e29260803c1220c0fca7830cb1223	0	0	full_sequence	1	0	/storage9920/home/tinghao.xia/Data_FM/RNA_FM_embeddings/7A9O/rnafm_t12_residue_embeddings.pt
7A9O	3	N	D	4	8	c436a8b480d440fd32b7040fa6ac7e7693aa503ef65cfd457de46f7f71fd6583	0	0	full_sequence	1	0	/storage9920/home/tinghao.xia/Data_FM/RNA_FM_embeddings/7A9O/rnafm_t12_residue_embeddings.pt
7A9P	0	K	A	1	8	7105b796103ce9b418783d61f397dea1182e29260803c1220c0fca7830cb1223	0	0	full_sequence	1	0	/storage9920/home/tinghao.xia/Data_FM/RNA_FM_embeddings/7A9P/rnafm_t12_residue_embeddings.pt
7A9P	1	L	B	2	8	c436a8b480d440fd32b7040fa6ac7e7693aa503ef65cfd457de46f7f71fd6583	0	0	full_sequence	1	0	/storage9920/home/tinghao.xia/Data_FM/RNA_FM_embeddings/7A9P/rnafm_t12_residue_embeddings.pt
7A9P	2	M	C	3	8	7105b796103ce9b418783d61f397dea1182e29260803c1220c0fca7830cb1223	0	0	full_sequence	1	0	/storage9920/home/tinghao.xia/Data_FM/RNA_FM_embeddings/7A9P/rnafm_t12_residue_embeddings.pt
7A9P	3	N	D	4	8	c436a8b480d440fd32b7040fa6ac7e7693aa503ef65cfd457de46f7f71fd6583	0	0	full_sequence	1	0	/storage9920/home/tinghao.xia/Data_FM/RNA_FM_embeddings/7A9P/rnafm_t12_residue_embeddings.pt
7A9Q	0	K	A	1	8	7105b796103ce9b418783d61f397dea1182e29260803c1220c0fca7830cb1223	0	0	full_sequence	1	0	/storage9920/home/tinghao.xia/Data_FM/RNA_FM_embeddings/7A9Q/rnafm_t12_residue_embeddings.pt
7A9Q	1	L	B	2	8	c436a8b480d440fd32b7040fa6ac7e7693aa503ef65cfd457de46f7f71fd6583	0	0	full_sequence	1	0	/storage9920/home/tinghao.xia/Data_FM/RNA_FM_embeddings/7A9Q/rnafm_t12_residue_embeddings.pt
7A9Q	2	M	C	3	8	7105b796103ce9b418783d61f397dea1182e29260803c1220c0fca7830cb1223	0	0	full_sequence	1	0	/storage9920/home/tinghao.xia/Data_FM/RNA_FM_embeddings/7A9Q/rnafm_t12_residue_embeddings.pt
7A9Q	3	N	D	4	8	c436a8b480d440fd32b7040fa6ac7e7693aa503ef65cfd457de46f7f71fd6583	0	0	full_sequence	1	0	/storage9920/home/tinghao.xia/Data_FM/RNA_FM_embeddings/7A9Q/rnafm_t12_residue_embeddings.pt
7A9R	0	K	A	1	8	7105b796103ce9b418783d61f397dea1182e29260803c1220c0fca7830cb1223	0	0	full_sequence	1	0	/storage9920/home/tinghao.xia/Data_FM/RNA_FM_embeddings/7A9R/rnafm_t12_residue_embeddings.pt
7A9R	1	L	B	2	8	c436a8b480d440fd32b7040fa6ac7e7693aa503ef65cfd457de46f7f71fd6583	0	0	full_sequence	1	0	/storage9920/home/tinghao.xia/Data_FM/RNA_FM_embeddings/7A9R/rnafm_t12_residue_embeddings.pt
7A9R	2	M	C	3	8	7105b796103ce9b418783d61f397dea1182e29260803c1220c0fca7830cb1223	0	0	full_sequence	1	0	/storage9920/home/tinghao.xia/Data_FM/RNA_FM_embeddings/7A9R/rnafm_t12_residue_embeddings.pt
7A9R	3	N	D	4	8	c436a8b480d440fd32b7040fa6ac7e7693aa503ef65cfd457de46f7f71fd6583	0	0	full_sequence	1	0	/storage9920/home/tinghao.xia/Data_FM/RNA_FM_embeddings/7A9R/rnafm_t12_residue_embeddings.pt
7A9S	0	K	A	1	8	7105b796103ce9b418783d61f397dea1182e29260803c1220c0fca7830cb1223	0	0	full_sequence	1	0	/storage9920/home/tinghao.xia/Data_FM/RNA_FM_embeddings/7A9S/rnafm_t12_residue_embeddings.pt
7A9S	1	L	B	2	8	c436a8b480d440fd32b7040fa6ac7e7693aa503ef65cfd457de46f7f71fd6583	0	0	full_sequence	1	0	/storage9920/home/tinghao.xia/Data_FM/RNA_FM_embeddings/7A9S/rnafm_t12_residue_embeddings.pt
7A9S	2	M	C	3	8	7105b796103ce9b418783d61f397dea1182e29260803c1220c0fca7830cb1223	0	0	full_sequence	1	0	/storage9920/home/tinghao.xia/Data_FM/RNA_FM_embeddings/7A9S/rnafm_t12_residue_embeddings.pt
7A9S	3	N	D	4	8	c436a8b480d440fd32b7040fa6ac7e7693aa503ef65cfd457de46f7f71fd6583	0	0	full_sequence	1	0	/storage9920/home/tinghao.xia/Data_FM/RNA_FM_embeddings/7A9S/rnafm_t12_residue_embeddings.pt
7A9T	0	K	A	1	8	7105b796103ce9b418783d61f397dea1182e29260803c1220c0fca7830cb1223	0	0	full_sequence	1	0	/storage9920/home/tinghao.xia/Data_FM/RNA_FM_embeddings/7A9T/rnafm_t12_residue_embeddings.pt
7A9T	1	L	B	2	8	c436a8b480d440fd32b7040fa6ac7e7693aa503ef65cfd457de46f7f71fd6583	0	0	full_sequence	1	0	/storage9920/home/tinghao.xia/Data_FM/RNA_FM_embeddings/7A9T/rnafm_t12_residue_embeddings.pt
7A9T	2	M	C	3	8	7105b796103ce9b418783d61f397dea1182e29260803c1220c0fca7830cb1223	0	0	full_sequence	1	0	/storage9920/home/tinghao.xia/Data_FM/RNA_FM_embeddings/7A9T/rnafm_t12_residue_embeddings.pt
7A9T	3	N	D	4	8	c436a8b480d440fd32b7040fa6ac7e7693aa503ef65cfd457de46f7f71fd6583	0	0	full_sequence	1	0	/storage9920/home/tinghao.xia/Data_FM/RNA_FM_embeddings/7A9T/rnafm_t12_residue_embeddings.pt
7D12	0	A	A	1	20	ca6c11af8ac202e19c9e62f071afffdbc9d69812d7033897ad560afc6807bba9	0	0	full_sequence	1	0	/storage9920/home/tinghao.xia/Data_FM/RNA_FM_embeddings/7D12/rnafm_t12_residue_embeddings.pt
7D7W	0	A	A	1	51	1cb24eda5096a47801e2f9ab075e3abe73d95d656080488231e63eef3a2c9e67	0	0	full_sequence	1	0	/storage9920/home/tinghao.xia/Data_FM/RNA_FM_embeddings/7D7W/rnafm_t12_residue_embeddings.pt
7D7X	0	A	A	1	51	1cb24eda5096a47801e2f9ab075e3abe73d95d656080488231e63eef3a2c9e67	0	0	full_sequence	1	0	/storage9920/home/tinghao.xia/Data_FM/RNA_FM_embeddings/7D7X/rnafm_t12_residue_embeddings.pt
7D7Y	0	A	A	1	51	1cb24eda5096a47801e2f9ab075e3abe73d95d656080488231e63eef3a2c9e67	0	0	full_sequence	1	0	/storage9920/home/tinghao.xia/Data_FM/RNA_FM_embeddings/7D7Y/rnafm_t12_residue_embeddings.pt
7D7Z	0	A	A	1	51	1cb24eda5096a47801e2f9ab075e3abe73d95d656080488231e63eef3a2c9e67	0	0	full_sequence	1	0	/storage9920/home/tinghao.xia/Data_FM/RNA_FM_embeddings/7D7Z/rnafm_t12_residue_embeddings.pt
7D81	0	A	A	1	50	0220156db9de808ac264827acbcfdfc3e5f57740b7ea6ac6be5e513af0363b16	0	0	full_sequence	1	0	/storage9920/home/tinghao.xia/Data_FM/RNA_FM_embeddings/7D81/rnafm_t12_residue_embeddings.pt
7D82	0	A	A	1	50	0220156db9de808ac264827acbcfdfc3e5f57740b7ea6ac6be5e513af0363b16	0	0	full_sequence	1	0	/storage9920/home/tinghao.xia/Data_FM/RNA_FM_embeddings/7D82/rnafm_t12_residue_embeddings.pt
7DD4	0	A	A	1	36	9d2c068784c1f1ee3cfe43222b3509e1062649e79c97f22a4709227f0423e96c	0	0	full_sequence	1	0	/storage9920/home/tinghao.xia/Data_FM/RNA_FM_embeddings/7DD4/rnafm_t12_residue_embeddings.pt
7E9E	0	A	A	1	33	21341924bf704a981332111d4119ab9b864465528bfa42dc0d5d1d73790adbcd	2	0	full_sequence	1	0	/storage9920/home/tinghao.xia/Data_FM/RNA_FM_embeddings/7E9E/rnafm_t12_residue_embeddings.pt
7E9I	0	A	A	1	33	74587d4e5f92cb8e93340faef67356fa1592fa31850000046a6554e92de644d8	0	0	full_sequence	1	0	/storage9920/home/tinghao.xia/Data_FM/RNA_FM_embeddings/7E9I/rnafm_t12_residue_embeddings.pt
7EAF	0	A	A	1	94	3748b8b80faf2c036fd33683ee60ceea57078bf54a8bf19c22f20de6c606f460	0	0	full_sequence	1	0	/storage9920/home/tinghao.xia/Data_FM/RNA_FM_embeddings/7EAF/rnafm_t12_residue_embeddings.pt
7EAG	0	C	A	1	19	603fddab5b9cab1a237bf3fa6269fad24a2a174934339e82622ede2671bfe7a8	0	0	full_sequence	1	0	/storage9920/home/tinghao.xia/Data_FM/RNA_FM_embeddings/7EAG/rnafm_t12_residue_embeddings.pt
7EAG	1	D	B	1	19	603fddab5b9cab1a237bf3fa6269fad24a2a174934339e82622ede2671bfe7a8	0	0	full_sequence	1	0	/storage9920/home/tinghao.xia/Data_FM/RNA_FM_embeddings/7EAG/rnafm_t12_residue_embeddings.pt
7EAG	2	A	C	1	19	603fddab5b9cab1a237bf3fa6269fad24a2a174934339e82622ede2671bfe7a8	0	0	full_sequence	1	0	/storage9920/home/tinghao.xia/Data_FM/RNA_FM_embeddings/7EAG/rnafm_t12_residue_embeddings.pt
7EAG	3	B	D	1	19	603fddab5b9cab1a237bf3fa6269fad24a2a174934339e82622ede2671bfe7a8	0	0	full_sequence	1	0	/storage9920/home/tinghao.xia/Data_FM/RNA_FM_embeddings/7EAG/rnafm_t12_residue_embeddings.pt
7EAG	4	E	E	1	19	603fddab5b9cab1a237bf3fa6269fad24a2a174934339e82622ede2671bfe7a8	0	0	full_sequence	1	0	/storage9920/home/tinghao.xia/Data_FM/RNA_FM_embeddings/7EAG/rnafm_t12_residue_embeddings.pt
7EAG	5	F	F	1	19	603fddab5b9cab1a237bf3fa6269fad24a2a174934339e82622ede2671bfe7a8	0	0	full_sequence	1	0	/storage9920/home/tinghao.xia/Data_FM/RNA_FM_embeddings/7EAG/rnafm_t12_residue_embeddings.pt
7ECJ	0	A	A	1	12	e9f04d323a331fd684246020ecbafdf6d4b7b0eefe8494909f867d3531ab2383	0	0	full_sequence	1	0	/storage9920/home/tinghao.xia/Data_FM/RNA_FM_embeddings/7ECJ/rnafm_t12_residue_embeddings.pt
7ECJ	1	B	B	1	12	e9f04d323a331fd684246020ecbafdf6d4b7b0eefe8494909f867d3531ab2383	0	0	full_sequence	1	0	/storage9920/home/tinghao.xia/Data_FM/RNA_FM_embeddings/7ECJ/rnafm_t12_residue_embeddings.pt
7ECJ	2	C	C	1	12	e9f04d323a331fd684246020ecbafdf6d4b7b0eefe8494909f867d3531ab2383	0	0	full_sequence	1	0	/storage9920/home/tinghao.xia/Data_FM/RNA_FM_embeddings/7ECJ/rnafm_t12_residue_embeddings.pt
7ECK	0	A	A	1	12	e9f04d323a331fd684246020ecbafdf6d4b7b0eefe8494909f867d3531ab2383	0	0	full_sequence	1	0	/storage9920/home/tinghao.xia/Data_FM/RNA_FM_embeddings/7ECK/rnafm_t12_residue_embeddings.pt
7ECK	1	B	B	1	12	e9f04d323a331fd684246020ecbafdf6d4b7b0eefe8494909f867d3531ab2383	0	0	full_sequence	1	0	/storage9920/home/tinghao.xia/Data_FM/RNA_FM_embeddings/7ECK/rnafm_t12_residue_embeddings.pt
7ECK	2	C	C	1	12	e9f04d323a331fd684246020ecbafdf6d4b7b0eefe8494909f867d3531ab2383	0	0	full_sequence	1	0	/storage9920/home/tinghao.xia/Data_FM/RNA_FM_embeddings/7ECK/rnafm_t12_residue_embeddings.pt
7ECK	3	D	D	1	12	e9f04d323a331fd684246020ecbafdf6d4b7b0eefe8494909f867d3531ab2383	0	0	full_sequence	1	0	/storage9920/home/tinghao.xia/Data_FM/RNA_FM_embeddings/7ECK/rnafm_t12_residue_embeddings.pt
7ECK	4	E	E	1	12	e9f04d323a331fd684246020ecbafdf6d4b7b0eefe8494909f867d3531ab2383	0	0	full_sequence	1	0	/storage9920/home/tinghao.xia/Data_FM/RNA_FM_embeddings/7ECK/rnafm_t12_residue_embeddings.pt
7ECK	5	F	F	1	12	e9f04d323a331fd684246020ecbafdf6d4b7b0eefe8494909f867d3531ab2383	0	0	full_sequence	1	0	/storage9920/home/tinghao.xia/Data_FM/RNA_FM_embeddings/7ECK/rnafm_t12_residue_embeddings.pt
7ECK	6	G	G	1	12	e9f04d323a331fd684246020ecbafdf6d4b7b0eefe8494909f867d3531ab2383	0	0	full_sequence	1	0	/storage9920/home/tinghao.xia/Data_FM/RNA_FM_embeddings/7ECK/rnafm_t12_residue_embeddings.pt
7ECK	7	H	H	1	12	e9f04d323a331fd684246020ecbafdf6d4b7b0eefe8494909f867d3531ab2383	0	0	full_sequence	1	0	/storage9920/home/tinghao.xia/Data_FM/RNA_FM_embeddings/7ECK/rnafm_t12_residue_embeddings.pt
7ECK	8	I	I	1	12	e9f04d323a331fd684246020ecbafdf6d4b7b0eefe8494909f867d3531ab2383	0	0	full_sequence	1	0	/storage9920/home/tinghao.xia/Data_FM/RNA_FM_embeddings/7ECK/rnafm_t12_residue_embeddings.pt
7ECK	9	J	J	1	12	e9f04d323a331fd684246020ecbafdf6d4b7b0eefe8494909f867d3531ab2383	0	0	full_sequence	1	0	/storage9920/home/tinghao.xia/Data_FM/RNA_FM_embeddings/7ECK/rnafm_t12_residue_embeddings.pt
7ECK	10	K	K	1	12	e9f04d323a331fd684246020ecbafdf6d4b7b0eefe8494909f867d3531ab2383	0	0	full_sequence	1	0	/storage9920/home/tinghao.xia/Data_FM/RNA_FM_embeddings/7ECK/rnafm_t12_residue_embeddings.pt
7ECK	11	L	L	1	12	e9f04d323a331fd684246020ecbafdf6d4b7b0eefe8494909f867d3531ab2383	0	0	full_sequence	1	0	/storage9920/home/tinghao.xia/Data_FM/RNA_FM_embeddings/7ECK/rnafm_t12_residue_embeddings.pt
7ECL	0	A	A	1	12	e9f04d323a331fd684246020ecbafdf6d4b7b0eefe8494909f867d3531ab2383	0	0	full_sequence	1	0	/storage9920/home/tinghao.xia/Data_FM/RNA_FM_embeddings/7ECL/rnafm_t12_residue_embeddings.pt
7ECL	1	B	B	1	12	e9f04d323a331fd684246020ecbafdf6d4b7b0eefe8494909f867d3531ab2383	0	0	full_sequence	1	0	/storage9920/home/tinghao.xia/Data_FM/RNA_FM_embeddings/7ECL/rnafm_t12_residue_embeddings.pt
7ECL	2	C	C	1	12	e9f04d323a331fd684246020ecbafdf6d4b7b0eefe8494909f867d3531ab2383	0	0	full_sequence	1	0	/storage9920/home/tinghao.xia/Data_FM/RNA_FM_embeddings/7ECL/rnafm_t12_residue_embeddings.pt
7ECL	3	D	D	1	12	e9f04d323a331fd684246020ecbafdf6d4b7b0eefe8494909f867d3531ab2383	0	0	full_sequence	1	0	/storage9920/home/tinghao.xia/Data_FM/RNA_FM_embeddings/7ECL/rnafm_t12_residue_embeddings.pt
7ECL	4	E	E	1	12	e9f04d323a331fd684246020ecbafdf6d4b7b0eefe8494909f867d3531ab2383	0	0	full_sequence	1	0	/storage9920/home/tinghao.xia/Data_FM/RNA_FM_embeddings/7ECL/rnafm_t12_residue_embeddings.pt
7ECL	5	F	F	1	12	e9f04d323a331fd684246020ecbafdf6d4b7b0eefe8494909f867d3531ab2383	0	0	full_sequence	1	0	/storage9920/home/tinghao.xia/Data_FM/RNA_FM_embeddings/7ECL/rnafm_t12_residue_embeddings.pt
7ECL	6	G	G	1	12	e9f04d323a331fd684246020ecbafdf6d4b7b0eefe8494909f867d3531ab2383	0	0	full_sequence	1	0	/storage9920/home/tinghao.xia/Data_FM/RNA_FM_embeddings/7ECL/rnafm_t12_residue_embeddings.pt
7ECL	7	H	H	1	12	e9f04d323a331fd684246020ecbafdf6d4b7b0eefe8494909f867d3531ab2383	0	0	full_sequence	1	0	/storage9920/home/tinghao.xia/Data_FM/RNA_FM_embeddings/7ECL/rnafm_t12_residue_embeddings.pt
7ECL	8	I	I	1	12	e9f04d323a331fd684246020ecbafdf6d4b7b0eefe8494909f867d3531ab2383	0	0	full_sequence	1	0	/storage9920/home/tinghao.xia/Data_FM/RNA_FM_embeddings/7ECL/rnafm_t12_residue_embeddings.pt
7ECL	9	J	J	1	12	e9f04d323a331fd684246020ecbafdf6d4b7b0eefe8494909f867d3531ab2383	0	0	full_sequence	1	0	/storage9920/home/tinghao.xia/Data_FM/RNA_FM_embeddings/7ECL/rnafm_t12_residue_embeddings.pt
7ECL	10	K	K	1	12	e9f04d323a331fd684246020ecbafdf6d4b7b0eefe8494909f867d3531ab2383	0	0	full_sequence	1	0	/storage9920/home/tinghao.xia/Data_FM/RNA_FM_embeddings/7ECL/rnafm_t12_residue_embeddings.pt
7ECL	11	L	L	1	12	e9f04d323a331fd684246020ecbafdf6d4b7b0eefe8494909f867d3531ab2383	0	0	full_sequence	1	0	/storage9920/home/tinghao.xia/Data_FM/RNA_FM_embeddings/7ECL/rnafm_t12_residue_embeddings.pt
7ECM	0	A	A	1	12	4cdff007c04096b5da3c3bde5dfc9b6ed25210c3f0374b6e3d3a98dbfbfb72e2	0	0	full_sequence	1	0	/storage9920/home/tinghao.xia/Data_FM/RNA_FM_embeddings/7ECM/rnafm_t12_residue_embeddings.pt
7ECM	1	B	B	1	12	4cdff007c04096b5da3c3bde5dfc9b6ed25210c3f0374b6e3d3a98dbfbfb72e2	0	0	full_sequence	1	0	/storage9920/home/tinghao.xia/Data_FM/RNA_FM_embeddings/7ECM/rnafm_t12_residue_embeddings.pt
7ECM	2	C	C	1	12	4cdff007c04096b5da3c3bde5dfc9b6ed25210c3f0374b6e3d3a98dbfbfb72e2	0	0	full_sequence	1	0	/storage9920/home/tinghao.xia/Data_FM/RNA_FM_embeddings/7ECM/rnafm_t12_residue_embeddings.pt
7ECM	3	D	D	1	12	4cdff007c04096b5da3c3bde5dfc9b6ed25210c3f0374b6e3d3a98dbfbfb72e2	0	0	full_sequence	1	0	/storage9920/home/tinghao.xia/Data_FM/RNA_FM_embeddings/7ECM/rnafm_t12_residue_embeddings.pt
7ECN	0	A	A	1	12	4cdff007c04096b5da3c3bde5dfc9b6ed25210c3f0374b6e3d3a98dbfbfb72e2	0	0	full_sequence	1	0	/storage9920/home/tinghao.xia/Data_FM/RNA_FM_embeddings/7ECN/rnafm_t12_residue_embeddings.pt
7ECN	1	B	B	1	12	4cdff007c04096b5da3c3bde5dfc9b6ed25210c3f0374b6e3d3a98dbfbfb72e2	0	0	full_sequence	1	0	/storage9920/home/tinghao.xia/Data_FM/RNA_FM_embeddings/7ECN/rnafm_t12_residue_embeddings.pt
7ECN	2	C	C	1	12	4cdff007c04096b5da3c3bde5dfc9b6ed25210c3f0374b6e3d3a98dbfbfb72e2	0	0	full_sequence	1	0	/storage9920/home/tinghao.xia/Data_FM/RNA_FM_embeddings/7ECN/rnafm_t12_residue_embeddings.pt
7ECN	3	D	D	1	12	4cdff007c04096b5da3c3bde5dfc9b6ed25210c3f0374b6e3d3a98dbfbfb72e2	0	0	full_sequence	1	0	/storage9920/home/tinghao.xia/Data_FM/RNA_FM_embeddings/7ECN/rnafm_t12_residue_embeddings.pt
7ECO	0	E	A	1	12	800b09a7f218d538447dd3ef48abb8f0f37eb9d46131935b8ec9fef74441bdae	0	0	full_sequence	1	0	/storage9920/home/tinghao.xia/Data_FM/RNA_FM_embeddings/7ECO/rnafm_t12_residue_embeddings.pt
7ECO	1	F	B	1	12	800b09a7f218d538447dd3ef48abb8f0f37eb9d46131935b8ec9fef74441bdae	0	0	full_sequence	1	0	/storage9920/home/tinghao.xia/Data_FM/RNA_FM_embeddings/7ECO/rnafm_t12_residue_embeddings.pt
7ECO	2	A	C	1	12	800b09a7f218d538447dd3ef48abb8f0f37eb9d46131935b8ec9fef74441bdae	0	0	full_sequence	1	0	/storage9920/home/tinghao.xia/Data_FM/RNA_FM_embeddings/7ECO/rnafm_t12_residue_embeddings.pt
7ECO	3	B	D	1	12	800b09a7f218d538447dd3ef48abb8f0f37eb9d46131935b8ec9fef74441bdae	0	0	full_sequence	1	0	/storage9920/home/tinghao.xia/Data_FM/RNA_FM_embeddings/7ECO/rnafm_t12_residue_embeddings.pt
7ECO	4	C	E	1	12	800b09a7f218d538447dd3ef48abb8f0f37eb9d46131935b8ec9fef74441bdae	0	0	full_sequence	1	0	/storage9920/home/tinghao.xia/Data_FM/RNA_FM_embeddings/7ECO/rnafm_t12_residue_embeddings.pt
7ECO	5	D	F	1	12	800b09a7f218d538447dd3ef48abb8f0f37eb9d46131935b8ec9fef74441bdae	0	0	full_sequence	1	0	/storage9920/home/tinghao.xia/Data_FM/RNA_FM_embeddings/7ECO/rnafm_t12_residue_embeddings.pt
7ECP	0	A	A	1	12	8ce020cb13ed1fa703b20641a7d4acca818fb43cd9d6d4e2e5ddf475f2dd29f4	0	0	full_sequence	1	0	/storage9920/home/tinghao.xia/Data_FM/RNA_FM_embeddings/7ECP/rnafm_t12_residue_embeddings.pt
7ECP	1	B	B	1	12	8ce020cb13ed1fa703b20641a7d4acca818fb43cd9d6d4e2e5ddf475f2dd29f4	0	0	full_sequence	1	0	/storage9920/home/tinghao.xia/Data_FM/RNA_FM_embeddings/7ECP/rnafm_t12_residue_embeddings.pt
7ECP	2	C	C	1	12	8ce020cb13ed1fa703b20641a7d4acca818fb43cd9d6d4e2e5ddf475f2dd29f4	0	0	full_sequence	1	0	/storage9920/home/tinghao.xia/Data_FM/RNA_FM_embeddings/7ECP/rnafm_t12_residue_embeddings.pt
7ECP	3	D	D	1	12	8ce020cb13ed1fa703b20641a7d4acca818fb43cd9d6d4e2e5ddf475f2dd29f4	0	0	full_sequence	1	0	/storage9920/home/tinghao.xia/Data_FM/RNA_FM_embeddings/7ECP/rnafm_t12_residue_embeddings.pt
7EDL	0	A	A	1	23	276dd8b0fd20fac93c6978666a2dd21c1bba8c8389fe28667f1ceb7851755f62	0	0	full_sequence	1	0	/storage9920/home/tinghao.xia/Data_FM/RNA_FM_embeddings/7EDL/rnafm_t12_residue_embeddings.pt
7EDL	1	B	B	1	23	276dd8b0fd20fac93c6978666a2dd21c1bba8c8389fe28667f1ceb7851755f62	0	0	full_sequence	1	0	/storage9920/home/tinghao.xia/Data_FM/RNA_FM_embeddings/7EDL/rnafm_t12_residue_embeddings.pt
7EDM	0	A	A	1	23	fcd00a72c8af8f1d4065b08c1029924a10ee2632db99d2951c6e870283caaf50	0	0	full_sequence	1	0	/storage9920/home/tinghao.xia/Data_FM/RNA_FM_embeddings/7EDM/rnafm_t12_residue_embeddings.pt
7EDM	1	B	B	1	23	fcd00a72c8af8f1d4065b08c1029924a10ee2632db99d2951c6e870283caaf50	0	0	full_sequence	1	0	/storage9920/home/tinghao.xia/Data_FM/RNA_FM_embeddings/7EDM/rnafm_t12_residue_embeddings.pt
7EDN	0	A	A	1	23	fcd00a72c8af8f1d4065b08c1029924a10ee2632db99d2951c6e870283caaf50	0	0	full_sequence	1	0	/storage9920/home/tinghao.xia/Data_FM/RNA_FM_embeddings/7EDN/rnafm_t12_residue_embeddings.pt
7EDT	0	A	A	1	12	0a6468be61dbe6d02db2662f2f91c782e36104cd76af265ac5ff8db02c270d50	0	0	full_sequence	1	0	/storage9920/home/tinghao.xia/Data_FM/RNA_FM_embeddings/7EDT/rnafm_t12_residue_embeddings.pt
7EDT	1	B	B	1	12	0a6468be61dbe6d02db2662f2f91c782e36104cd76af265ac5ff8db02c270d50	0	0	full_sequence	1	0	/storage9920/home/tinghao.xia/Data_FM/RNA_FM_embeddings/7EDT/rnafm_t12_residue_embeddings.pt
7EDU	0	A	A	1	12	3aa6f97f785e72329962d151225d40844dcfffef040ae6500ca5046959072c56	0	0	full_sequence	1	0	/storage9920/home/tinghao.xia/Data_FM/RNA_FM_embeddings/7EDU/rnafm_t12_residue_embeddings.pt
7EDU	1	B	B	1	12	3aa6f97f785e72329962d151225d40844dcfffef040ae6500ca5046959072c56	0	0	full_sequence	1	0	/storage9920/home/tinghao.xia/Data_FM/RNA_FM_embeddings/7EDU/rnafm_t12_residue_embeddings.pt
7EDU	2	C	C	1	12	3aa6f97f785e72329962d151225d40844dcfffef040ae6500ca5046959072c56	0	0	full_sequence	1	0	/storage9920/home/tinghao.xia/Data_FM/RNA_FM_embeddings/7EDU/rnafm_t12_residue_embeddings.pt
7EDU	3	D	D	1	12	3aa6f97f785e72329962d151225d40844dcfffef040ae6500ca5046959072c56	0	0	full_sequence	1	0	/storage9920/home/tinghao.xia/Data_FM/RNA_FM_embeddings/7EDU/rnafm_t12_residue_embeddings.pt
7EEM	0	A	A	1	27	ef84716ab732e929d6b5daa79f8adf9bb4d157a50f3f8afa7abbf35283f18da8	0	0	full_sequence	1	0	/storage9920/home/tinghao.xia/Data_FM/RNA_FM_embeddings/7EEM/rnafm_t12_residue_embeddings.pt
7EFG	0	A	A	1	19	ce7e8b6688ff49624f8d1150e45ae4e9bb7b168bc3eadf30b997f63866697e5c	0	0	full_sequence	1	0	/storage9920/home/tinghao.xia/Data_FM/RNA_FM_embeddings/7EFG/rnafm_t12_residue_embeddings.pt
7EFH	0	A	A	1	19	ce7e8b6688ff49624f8d1150e45ae4e9bb7b168bc3eadf30b997f63866697e5c	0	0	full_sequence	1	0	/storage9920/home/tinghao.xia/Data_FM/RNA_FM_embeddings/7EFH/rnafm_t12_residue_embeddings.pt
7EI7	0	A	A	1	19	7fe4a41b1cc01a6d79c6e005895c53643b563c385fca78f31950eb623a859c81	0	0	full_sequence	1	0	/storage9920/home/tinghao.xia/Data_FM/RNA_FM_embeddings/7EI7/rnafm_t12_residue_embeddings.pt
7EI7	1	B	B	1	19	7fe4a41b1cc01a6d79c6e005895c53643b563c385fca78f31950eb623a859c81	0	0	full_sequence	1	0	/storage9920/home/tinghao.xia/Data_FM/RNA_FM_embeddings/7EI7/rnafm_t12_residue_embeddings.pt
7EI8	0	A	A	1	19	f9fdba999fa16f8ff865835972c484605852a6ea510816d63f81c5c7869a47c1	0	0	full_sequence	1	0	/storage9920/home/tinghao.xia/Data_FM/RNA_FM_embeddings/7EI8/rnafm_t12_residue_embeddings.pt
7EI8	1	B	B	1	19	f9fdba999fa16f8ff865835972c484605852a6ea510816d63f81c5c7869a47c1	0	0	full_sequence	1	0	/storage9920/home/tinghao.xia/Data_FM/RNA_FM_embeddings/7EI8/rnafm_t12_residue_embeddings.pt
7EI8	2	C	C	1	19	f9fdba999fa16f8ff865835972c484605852a6ea510816d63f81c5c7869a47c1	0	0	full_sequence	1	0	/storage9920/home/tinghao.xia/Data_FM/RNA_FM_embeddings/7EI8/rnafm_t12_residue_embeddings.pt
7EI8	3	D	D	1	19	f9fdba999fa16f8ff865835972c484605852a6ea510816d63f81c5c7869a47c1	0	0	full_sequence	1	0	/storage9920/home/tinghao.xia/Data_FM/RNA_FM_embeddings/7EI8/rnafm_t12_residue_embeddings.pt
7EI9	0	A	A	1	19	bd4ddab84bb2432035fa630c06243240fbc499a7137bd52211b1f35e5cbf50e8	0	0	full_sequence	1	0	/storage9920/home/tinghao.xia/Data_FM/RNA_FM_embeddings/7EI9/rnafm_t12_residue_embeddings.pt
7EI9	1	B	B	1	19	bd4ddab84bb2432035fa630c06243240fbc499a7137bd52211b1f35e5cbf50e8	0	0	full_sequence	1	0	/storage9920/home/tinghao.xia/Data_FM/RNA_FM_embeddings/7EI9/rnafm_t12_residue_embeddings.pt
7EIA	0	A	A	1	19	bd4ddab84bb2432035fa630c06243240fbc499a7137bd52211b1f35e5cbf50e8	0	0	full_sequence	1	0	/storage9920/home/tinghao.xia/Data_FM/RNA_FM_embeddings/7EIA/rnafm_t12_residue_embeddings.pt
7EIA	1	B	B	1	19	bd4ddab84bb2432035fa630c06243240fbc499a7137bd52211b1f35e5cbf50e8	0	0	full_sequence	1	0	/storage9920/home/tinghao.xia/Data_FM/RNA_FM_embeddings/7EIA/rnafm_t12_residue_embeddings.pt
7EIA	2	C	C	1	19	bd4ddab84bb2432035fa630c06243240fbc499a7137bd52211b1f35e5cbf50e8	0	0	full_sequence	1	0	/storage9920/home/tinghao.xia/Data_FM/RNA_FM_embeddings/7EIA/rnafm_t12_residue_embeddings.pt
7EIA	3	D	D	1	19	bd4ddab84bb2432035fa630c06243240fbc499a7137bd52211b1f35e5cbf50e8	0	0	full_sequence	1	0	/storage9920/home/tinghao.xia/Data_FM/RNA_FM_embeddings/7EIA/rnafm_t12_residue_embeddings.pt
7EIA	4	E	E	1	19	bd4ddab84bb2432035fa630c06243240fbc499a7137bd52211b1f35e5cbf50e8	0	0	full_sequence	1	0	/storage9920/home/tinghao.xia/Data_FM/RNA_FM_embeddings/7EIA/rnafm_t12_residue_embeddings.pt
7EIA	5	F	F	1	19	bd4ddab84bb2432035fa630c06243240fbc499a7137bd52211b1f35e5cbf50e8	0	0	full_sequence	1	0	/storage9920/home/tinghao.xia/Data_FM/RNA_FM_embeddings/7EIA/rnafm_t12_residue_embeddings.pt
7EIA	6	G	G	1	19	bd4ddab84bb2432035fa630c06243240fbc499a7137bd52211b1f35e5cbf50e8	0	0	full_sequence	1	0	/storage9920/home/tinghao.xia/Data_FM/RNA_FM_embeddings/7EIA/rnafm_t12_residue_embeddings.pt
7EIA	7	H	H	1	19	bd4ddab84bb2432035fa630c06243240fbc499a7137bd52211b1f35e5cbf50e8	0	0	full_sequence	1	0	/storage9920/home/tinghao.xia/Data_FM/RNA_FM_embeddings/7EIA/rnafm_t12_residue_embeddings.pt
7ELP	0	A	A	1	45	e8adc295467371b31fd46cc1fbff0ead4ebab1908e76d34cb6cd1841f7a44b18	0	0	full_sequence	1	0	/storage9920/home/tinghao.xia/Data_FM/RNA_FM_embeddings/7ELP/rnafm_t12_residue_embeddings.pt
7ELP	1	B	B	1	45	e8adc295467371b31fd46cc1fbff0ead4ebab1908e76d34cb6cd1841f7a44b18	0	0	full_sequence	1	0	/storage9920/home/tinghao.xia/Data_FM/RNA_FM_embeddings/7ELP/rnafm_t12_residue_embeddings.pt
7ELQ	0	A	A	1	45	e8adc295467371b31fd46cc1fbff0ead4ebab1908e76d34cb6cd1841f7a44b18	0	0	full_sequence	1	0	/storage9920/home/tinghao.xia/Data_FM/RNA_FM_embeddings/7ELQ/rnafm_t12_residue_embeddings.pt
7ELQ	1	B	B	1	45	e8adc295467371b31fd46cc1fbff0ead4ebab1908e76d34cb6cd1841f7a44b18	0	0	full_sequence	1	0	/storage9920/home/tinghao.xia/Data_FM/RNA_FM_embeddings/7ELQ/rnafm_t12_residue_embeddings.pt
7ELR	0	A	A	1	45	e8adc295467371b31fd46cc1fbff0ead4ebab1908e76d34cb6cd1841f7a44b18	0	0	full_sequence	1	0	/storage9920/home/tinghao.xia/Data_FM/RNA_FM_embeddings/7ELR/rnafm_t12_residue_embeddings.pt
7ELR	1	B	B	1	45	e8adc295467371b31fd46cc1fbff0ead4ebab1908e76d34cb6cd1841f7a44b18	0	0	full_sequence	1	0	/storage9920/home/tinghao.xia/Data_FM/RNA_FM_embeddings/7ELR/rnafm_t12_residue_embeddings.pt
7ELS	0	A	A	1	45	e8adc295467371b31fd46cc1fbff0ead4ebab1908e76d34cb6cd1841f7a44b18	0	0	full_sequence	1	0	/storage9920/home/tinghao.xia/Data_FM/RNA_FM_embeddings/7ELS/rnafm_t12_residue_embeddings.pt
7ELS	1	B	B	1	45	e8adc295467371b31fd46cc1fbff0ead4ebab1908e76d34cb6cd1841f7a44b18	0	0	full_sequence	1	0	/storage9920/home/tinghao.xia/Data_FM/RNA_FM_embeddings/7ELS/rnafm_t12_residue_embeddings.pt
7EOG	0	A	A	1	48	ebfd097b6621dc065e521c831618574d7db2bb6f33f95334153c82bdaba4f77b	0	0	full_sequence	1	0	/storage9920/home/tinghao.xia/Data_FM/RNA_FM_embeddings/7EOG/rnafm_t12_residue_embeddings.pt
7EOH	0	A	A	1	49	ceb7d1956a0ec65eb5b80b0a322f671d289082f5a5fe2d0b1c1b1f8cda61cd71	0	0	full_sequence	1	0	/storage9920/home/tinghao.xia/Data_FM/RNA_FM_embeddings/7EOH/rnafm_t12_residue_embeddings.pt
7EOI	0	A	A	1	49	ceb7d1956a0ec65eb5b80b0a322f671d289082f5a5fe2d0b1c1b1f8cda61cd71	0	0	full_sequence	1	0	/storage9920/home/tinghao.xia/Data_FM/RNA_FM_embeddings/7EOI/rnafm_t12_residue_embeddings.pt
7EOJ	0	A	A	1	49	ceb7d1956a0ec65eb5b80b0a322f671d289082f5a5fe2d0b1c1b1f8cda61cd71	0	0	full_sequence	1	0	/storage9920/home/tinghao.xia/Data_FM/RNA_FM_embeddings/7EOJ/rnafm_t12_residue_embeddings.pt
7EOK	0	A	A	1	48	ebfd097b6621dc065e521c831618574d7db2bb6f33f95334153c82bdaba4f77b	0	0	full_sequence	1	0	/storage9920/home/tinghao.xia/Data_FM/RNA_FM_embeddings/7EOK/rnafm_t12_residue_embeddings.pt
7EOL	0	A	A	1	48	ebfd097b6621dc065e521c831618574d7db2bb6f33f95334153c82bdaba4f77b	0	0	full_sequence	1	0	/storage9920/home/tinghao.xia/Data_FM/RNA_FM_embeddings/7EOL/rnafm_t12_residue_embeddings.pt
7EOM	0	A	A	1	48	ebfd097b6621dc065e521c831618574d7db2bb6f33f95334153c82bdaba4f77b	0	0	full_sequence	1	0	/storage9920/home/tinghao.xia/Data_FM/RNA_FM_embeddings/7EOM/rnafm_t12_residue_embeddings.pt
7EON	0	A	A	1	48	ebfd097b6621dc065e521c831618574d7db2bb6f33f95334153c82bdaba4f77b	0	0	full_sequence	1	0	/storage9920/home/tinghao.xia/Data_FM/RNA_FM_embeddings/7EON/rnafm_t12_residue_embeddings.pt
7EOO	0	A	A	1	48	ebfd097b6621dc065e521c831618574d7db2bb6f33f95334153c82bdaba4f77b	0	0	full_sequence	1	0	/storage9920/home/tinghao.xia/Data_FM/RNA_FM_embeddings/7EOO/rnafm_t12_residue_embeddings.pt
7EOP	0	A	A	1	48	ebfd097b6621dc065e521c831618574d7db2bb6f33f95334153c82bdaba4f77b	0	0	full_sequence	1	0	/storage9920/home/tinghao.xia/Data_FM/RNA_FM_embeddings/7EOP/rnafm_t12_residue_embeddings.pt
7EQJ	0	A	A	1	76	305b03a9cec4400a09c73a28c0d73097761974fe0fab1aa16eac7e2b7b7f1f3d	0	0	full_sequence	1	0	/storage9920/home/tinghao.xia/Data_FM/RNA_FM_embeddings/7EQJ/rnafm_t12_residue_embeddings.pt
7EQJ	1	B	B	1	76	305b03a9cec4400a09c73a28c0d73097761974fe0fab1aa16eac7e2b7b7f1f3d	0	0	full_sequence	1	0	/storage9920/home/tinghao.xia/Data_FM/RNA_FM_embeddings/7EQJ/rnafm_t12_residue_embeddings.pt
7EXY	0	A	A	1	16	64e13621ed4bf63c23106cf29fdba01c53aa17f4b2f076358865041dc3fabb59	0	0	full_sequence	1	0	/storage9920/home/tinghao.xia/Data_FM/RNA_FM_embeddings/7EXY/rnafm_t12_residue_embeddings.pt
7EZ0	0	N	A	1	387	5a05b6394fd7b5393bda84484f1a428b1d7b73fba965d17c727fc4b52c0c868c	0	0	full_sequence	1	0	/storage9920/home/tinghao.xia/Data_FM/RNA_FM_embeddings/7EZ0/rnafm_t12_residue_embeddings.pt
7EZ2	0	A	A	1	8	af25c525ca446cae3dc98bfa8813edf85cf270c0e6415041da893a7d7df3524a	0	0	full_sequence	1	0	/storage9920/home/tinghao.xia/Data_FM/RNA_FM_embeddings/7EZ2/rnafm_t12_residue_embeddings.pt
7EZ2	1	B	B	2	6	ad708c034a57bf986d1e92b4408854077c3c9f353a424926dab5134f047b64cf	0	0	full_sequence	1	0	/storage9920/home/tinghao.xia/Data_FM/RNA_FM_embeddings/7EZ2/rnafm_t12_residue_embeddings.pt
7EZ2	2	N	C	3	392	e6eda6290139297f01080c9107b120aaaacdabd985643baf40ee206efba7bd66	0	0	full_sequence	1	0	/storage9920/home/tinghao.xia/Data_FM/RNA_FM_embeddings/7EZ2/rnafm_t12_residue_embeddings.pt
7F8Z	0	A	A	1	19	7fe4a41b1cc01a6d79c6e005895c53643b563c385fca78f31950eb623a859c81	0	0	full_sequence	1	0	/storage9920/home/tinghao.xia/Data_FM/RNA_FM_embeddings/7F8Z/rnafm_t12_residue_embeddings.pt
7F8Z	1	B	B	1	19	7fe4a41b1cc01a6d79c6e005895c53643b563c385fca78f31950eb623a859c81	0	0	full_sequence	1	0	/storage9920/home/tinghao.xia/Data_FM/RNA_FM_embeddings/7F8Z/rnafm_t12_residue_embeddings.pt
7F8Z	2	C	C	1	19	7fe4a41b1cc01a6d79c6e005895c53643b563c385fca78f31950eb623a859c81	0	0	full_sequence	1	0	/storage9920/home/tinghao.xia/Data_FM/RNA_FM_embeddings/7F8Z/rnafm_t12_residue_embeddings.pt
7F8Z	3	D	D	1	19	7fe4a41b1cc01a6d79c6e005895c53643b563c385fca78f31950eb623a859c81	0	0	full_sequence	1	0	/storage9920/home/tinghao.xia/Data_FM/RNA_FM_embeddings/7F8Z/rnafm_t12_residue_embeddings.pt
7F8Z	4	E	E	1	19	7fe4a41b1cc01a6d79c6e005895c53643b563c385fca78f31950eb623a859c81	0	0	full_sequence	1	0	/storage9920/home/tinghao.xia/Data_FM/RNA_FM_embeddings/7F8Z/rnafm_t12_residue_embeddings.pt
7F8Z	5	F	F	1	19	7fe4a41b1cc01a6d79c6e005895c53643b563c385fca78f31950eb623a859c81	0	0	full_sequence	1	0	/storage9920/home/tinghao.xia/Data_FM/RNA_FM_embeddings/7F8Z/rnafm_t12_residue_embeddings.pt
7F8Z	6	G	G	1	19	7fe4a41b1cc01a6d79c6e005895c53643b563c385fca78f31950eb623a859c81	0	0	full_sequence	1	0	/storage9920/home/tinghao.xia/Data_FM/RNA_FM_embeddings/7F8Z/rnafm_t12_residue_embeddings.pt
7F8Z	7	H	H	1	19	7fe4a41b1cc01a6d79c6e005895c53643b563c385fca78f31950eb623a859c81	0	0	full_sequence	1	0	/storage9920/home/tinghao.xia/Data_FM/RNA_FM_embeddings/7F8Z/rnafm_t12_residue_embeddings.pt
7F8Z	8	I	I	1	19	7fe4a41b1cc01a6d79c6e005895c53643b563c385fca78f31950eb623a859c81	0	0	full_sequence	1	0	/storage9920/home/tinghao.xia/Data_FM/RNA_FM_embeddings/7F8Z/rnafm_t12_residue_embeddings.pt
7F8Z	9	J	J	1	19	7fe4a41b1cc01a6d79c6e005895c53643b563c385fca78f31950eb623a859c81	0	0	full_sequence	1	0	/storage9920/home/tinghao.xia/Data_FM/RNA_FM_embeddings/7F8Z/rnafm_t12_residue_embeddings.pt
7FHI	0	A	A	1	20	fcb765b9f5a354ae024360cb8f2e1bea28025bb870fb6a0ea6647374baa6d0e2	0	0	full_sequence	1	0	/storage9920/home/tinghao.xia/Data_FM/RNA_FM_embeddings/7FHI/rnafm_t12_residue_embeddings.pt
7FJ0	0	A	A	1	20	77bd209f05d27b6e5dbce594cbcda4039a5931a8c3ea865c066508eb71e7663a	0	0	full_sequence	1	0	/storage9920/home/tinghao.xia/Data_FM/RNA_FM_embeddings/7FJ0/rnafm_t12_residue_embeddings.pt
7JJD	0	A	A	1	27	ef84716ab732e929d6b5daa79f8adf9bb4d157a50f3f8afa7abbf35283f18da8	0	0	full_sequence	1	0	/storage9920/home/tinghao.xia/Data_FM/RNA_FM_embeddings/7JJD/rnafm_t12_residue_embeddings.pt
7JJE	0	A	A	1	27	a55e27362061b817d08e7e4cbf3f7af52e878470bc81c468527c4aa2cb0b3c73	1	1	full_sequence	1	0	/storage9920/home/tinghao.xia/Data_FM/RNA_FM_embeddings/7JJE/rnafm_t12_residue_embeddings.pt
7JJF	0	A	A	1	27	a55e27362061b817d08e7e4cbf3f7af52e878470bc81c468527c4aa2cb0b3c73	1	1	full_sequence	1	0	/storage9920/home/tinghao.xia/Data_FM/RNA_FM_embeddings/7JJF/rnafm_t12_residue_embeddings.pt
7JJU	0	A	A	1	51	cb106becd2f8e6a844d57c11476f40f7967f8426f1c01e0eedb05907adbc1df8	0	0	full_sequence	1	0	/storage9920/home/tinghao.xia/Data_FM/RNA_FM_embeddings/7JJU/rnafm_t12_residue_embeddings.pt
7JJU	1	B	B	1	51	cb106becd2f8e6a844d57c11476f40f7967f8426f1c01e0eedb05907adbc1df8	0	0	full_sequence	1	0	/storage9920/home/tinghao.xia/Data_FM/RNA_FM_embeddings/7JJU/rnafm_t12_residue_embeddings.pt
7JNH	0	A	A	1	28	c84f7630cbe823fc4d80f605b98294592f15b14db1f78d6f18e686c1f8cb5ded	0	0	full_sequence	1	0	/storage9920/home/tinghao.xia/Data_FM/RNA_FM_embeddings/7JNH/rnafm_t12_residue_embeddings.pt
7JNH	1	B	B	2	86	4754f0c7327d5d224d5f1f1a944933eedf2fe99a40278c9d33b83f16a7da2e46	0	0	full_sequence	1	0	/storage9920/home/tinghao.xia/Data_FM/RNA_FM_embeddings/7JNH/rnafm_t12_residue_embeddings.pt
7JRR	0	A	A	1	51	90fdd37cdd2d201ccc9af19ae5e945d6d6d19b1d66ea4acd10ea590be0374127	0	0	full_sequence	1	0	/storage9920/home/tinghao.xia/Data_FM/RNA_FM_embeddings/7JRR/rnafm_t12_residue_embeddings.pt
7JRS	0	A	A	1	129	cb244636e7a4ddf61e5718e944425aa5204991e75ad79c0c0e4971748efe8ad9	0	0	full_sequence	1	0	/storage9920/home/tinghao.xia/Data_FM/RNA_FM_embeddings/7JRS/rnafm_t12_residue_embeddings.pt
7JRS	1	B	B	1	129	cb244636e7a4ddf61e5718e944425aa5204991e75ad79c0c0e4971748efe8ad9	0	0	full_sequence	1	0	/storage9920/home/tinghao.xia/Data_FM/RNA_FM_embeddings/7JRS/rnafm_t12_residue_embeddings.pt
7JRT	0	A	A	1	134	93070d99649f50f3ac6a5c7453fe66c287704c5b78dec4ea63d3017283601e7b	0	0	full_sequence	1	0	/storage9920/home/tinghao.xia/Data_FM/RNA_FM_embeddings/7JRT/rnafm_t12_residue_embeddings.pt
7JRT	1	B	B	1	134	93070d99649f50f3ac6a5c7453fe66c287704c5b78dec4ea63d3017283601e7b	0	0	full_sequence	1	0	/storage9920/home/tinghao.xia/Data_FM/RNA_FM_embeddings/7JRT/rnafm_t12_residue_embeddings.pt
7JU1	0	X	A	1	29	009a3155c2070b7e2bc7fe4b01041587c3baab2a9836a546f93403572b2f4f52	0	0	full_sequence	1	0	/storage9920/home/tinghao.xia/Data_FM/RNA_FM_embeddings/7JU1/rnafm_t12_residue_embeddings.pt
7K16	0	P	A	1	51	1f7b617218358af9959cfff590aa0a8468f033244cc98d03275a0b3766a7b960	0	0	full_sequence	1	0	/storage9920/home/tinghao.xia/Data_FM/RNA_FM_embeddings/7K16/rnafm_t12_residue_embeddings.pt
7K4L	0	A	A	1	36	74332a48f3e07de617bab7ec809152cf6d5d57c7ad8b0f367cb8f9d5b313abee	0	0	full_sequence	1	0	/storage9920/home/tinghao.xia/Data_FM/RNA_FM_embeddings/7K4L/rnafm_t12_residue_embeddings.pt
7KD1	0	A	A	1	89	974f51da94729865209d77ea0328a5f6d9dcd2d165363cd1e56bbc9c795d2214	0	0	full_sequence	1	0	/storage9920/home/tinghao.xia/Data_FM/RNA_FM_embeddings/7KD1/rnafm_t12_residue_embeddings.pt
7KGA	0	A	A	1	90	9ebaffc4d790a159dbc702e19d158b5a99086b641bafe3a7f4435aa112dcfcd7	0	0	full_sequence	1	0	/storage9920/home/tinghao.xia/Data_FM/RNA_FM_embeddings/7KGA/rnafm_t12_residue_embeddings.pt
7KGA	1	B	B	1	90	9ebaffc4d790a159dbc702e19d158b5a99086b641bafe3a7f4435aa112dcfcd7	0	0	full_sequence	1	0	/storage9920/home/tinghao.xia/Data_FM/RNA_FM_embeddings/7KGA/rnafm_t12_residue_embeddings.pt
7KJU	0	A	A	1	77	866655b53d37252e03dbc744e6e5020d00ed540e55278ef603df58d2a9621030	0	0	full_sequence	1	0	/storage9920/home/tinghao.xia/Data_FM/RNA_FM_embeddings/7KJU/rnafm_t12_residue_embeddings.pt
7KUB	0	A	A	1	60	942a444a14cd907ee3173f3e2d047c5e5a8c94ecd38b4fb8ab74e32ee0c755f3	0	0	full_sequence	1	0	/storage9920/home/tinghao.xia/Data_FM/RNA_FM_embeddings/7KUB/rnafm_t12_residue_embeddings.pt
7KUC	0	A	A	1	16	7ab448d205726b25e7d89a5b4f309c823a35036390766c4512117d07c6a3a51a	0	0	full_sequence	1	0	/storage9920/home/tinghao.xia/Data_FM/RNA_FM_embeddings/7KUC/rnafm_t12_residue_embeddings.pt
7KUD	0	A	A	1	13	bb14ca9b1a1e40256c36f289acde0796d45b294f396e42401eac4f17a2f9e1ad	0	0	full_sequence	1	0	/storage9920/home/tinghao.xia/Data_FM/RNA_FM_embeddings/7KUD/rnafm_t12_residue_embeddings.pt
7KUK	0	A	A	1	14	f2dad839faf84c5d59c7498d1b40eef836703e1f5648b7580ad75970940a46c2	3	0	full_sequence	1	0	/storage9920/home/tinghao.xia/Data_FM/RNA_FM_embeddings/7KUK/rnafm_t12_residue_embeddings.pt
7KUK	1	B	B	1	14	f2dad839faf84c5d59c7498d1b40eef836703e1f5648b7580ad75970940a46c2	3	0	full_sequence	1	0	/storage9920/home/tinghao.xia/Data_FM/RNA_FM_embeddings/7KUK/rnafm_t12_residue_embeddings.pt
7KUM	0	A	A	1	14	f2dad839faf84c5d59c7498d1b40eef836703e1f5648b7580ad75970940a46c2	3	0	full_sequence	1	0	/storage9920/home/tinghao.xia/Data_FM/RNA_FM_embeddings/7KUM/rnafm_t12_residue_embeddings.pt
7KUM	1	B	B	1	14	f2dad839faf84c5d59c7498d1b40eef836703e1f5648b7580ad75970940a46c2	3	0	full_sequence	1	0	/storage9920/home/tinghao.xia/Data_FM/RNA_FM_embeddings/7KUM/rnafm_t12_residue_embeddings.pt
7KUN	0	A	A	1	14	4fb2c4cc29ea04c152e8228fb941e8263a8c1a6a3d1d8107d08d169639c4a91f	4	1	full_sequence	1	0	/storage9920/home/tinghao.xia/Data_FM/RNA_FM_embeddings/7KUN/rnafm_t12_residue_embeddings.pt
7KUN	1	B	B	1	14	4fb2c4cc29ea04c152e8228fb941e8263a8c1a6a3d1d8107d08d169639c4a91f	4	1	full_sequence	1	0	/storage9920/home/tinghao.xia/Data_FM/RNA_FM_embeddings/7KUN/rnafm_t12_residue_embeddings.pt
7KUO	0	A	A	1	14	f2dad839faf84c5d59c7498d1b40eef836703e1f5648b7580ad75970940a46c2	3	0	full_sequence	1	0	/storage9920/home/tinghao.xia/Data_FM/RNA_FM_embeddings/7KUO/rnafm_t12_residue_embeddings.pt
7KUO	1	B	B	1	14	f2dad839faf84c5d59c7498d1b40eef836703e1f5648b7580ad75970940a46c2	3	0	full_sequence	1	0	/storage9920/home/tinghao.xia/Data_FM/RNA_FM_embeddings/7KUO/rnafm_t12_residue_embeddings.pt
7KUP	0	A	A	1	14	f2dad839faf84c5d59c7498d1b40eef836703e1f5648b7580ad75970940a46c2	3	0	full_sequence	1	0	/storage9920/home/tinghao.xia/Data_FM/RNA_FM_embeddings/7KUP/rnafm_t12_residue_embeddings.pt
7KUP	1	B	B	1	14	f2dad839faf84c5d59c7498d1b40eef836703e1f5648b7580ad75970940a46c2	3	0	full_sequence	1	0	/storage9920/home/tinghao.xia/Data_FM/RNA_FM_embeddings/7KUP/rnafm_t12_residue_embeddings.pt
7KVT	0	B	A	1	83	a2ecf0ca5108803afff611f8bbc2733f76d6420cd4db1e4bdab72297abc3c0d2	0	0	full_sequence	1	0	/storage9920/home/tinghao.xia/Data_FM/RNA_FM_embeddings/7KVT/rnafm_t12_residue_embeddings.pt
7KVU	0	G	A	1	83	a2ecf0ca5108803afff611f8bbc2733f76d6420cd4db1e4bdab72297abc3c0d2	0	0	full_sequence	1	0	/storage9920/home/tinghao.xia/Data_FM/RNA_FM_embeddings/7KVU/rnafm_t12_residue_embeddings.pt
7KVV	0	D	A	1	83	a2ecf0ca5108803afff611f8bbc2733f76d6420cd4db1e4bdab72297abc3c0d2	0	0	full_sequence	1	0	/storage9920/home/tinghao.xia/Data_FM/RNA_FM_embeddings/7KVV/rnafm_t12_residue_embeddings.pt
7L0Z	0	G	A	1	69	dd915b70e493f3491bc3735c1713fdb9f888d01a3e3428bed6e1897d764a1bba	0	0	full_sequence	1	0	/storage9920/home/tinghao.xia/Data_FM/RNA_FM_embeddings/7L0Z/rnafm_t12_residue_embeddings.pt
7L3R	0	A	A	1	27	c6c82109cb1f7e311a94a80afa0a541adba083b13fb2c59a4e9fc0db5d765afc	1	1	full_sequence	1	0	/storage9920/home/tinghao.xia/Data_FM/RNA_FM_embeddings/7L3R/rnafm_t12_residue_embeddings.pt
7LJY	0	B	A	1	76	1063d61170d22b4faba12ea34075d0365772f59398a3ee38cdda478b8587f845	0	0	full_sequence	1	0	/storage9920/home/tinghao.xia/Data_FM/RNA_FM_embeddings/7LJY/rnafm_t12_residue_embeddings.pt
7LJY	1	A	B	2	28	c84f7630cbe823fc4d80f605b98294592f15b14db1f78d6f18e686c1f8cb5ded	0	0	full_sequence	1	0	/storage9920/home/tinghao.xia/Data_FM/RNA_FM_embeddings/7LJY/rnafm_t12_residue_embeddings.pt
7LNE	0	A	A	1	14	5cf7f7900772daa4c5bb7a020acdfef2e1aa3cd4433e3398fef8dbf6cb4dd08f	0	0	full_sequence	1	0	/storage9920/home/tinghao.xia/Data_FM/RNA_FM_embeddings/7LNE/rnafm_t12_residue_embeddings.pt
7LNE	1	B	B	1	14	5cf7f7900772daa4c5bb7a020acdfef2e1aa3cd4433e3398fef8dbf6cb4dd08f	0	0	full_sequence	1	0	/storage9920/home/tinghao.xia/Data_FM/RNA_FM_embeddings/7LNE/rnafm_t12_residue_embeddings.pt
7LNF	0	A	A	1	14	5cf7f7900772daa4c5bb7a020acdfef2e1aa3cd4433e3398fef8dbf6cb4dd08f	0	0	full_sequence	1	0	/storage9920/home/tinghao.xia/Data_FM/RNA_FM_embeddings/7LNF/rnafm_t12_residue_embeddings.pt
7LNF	1	B	B	1	14	5cf7f7900772daa4c5bb7a020acdfef2e1aa3cd4433e3398fef8dbf6cb4dd08f	0	0	full_sequence	1	0	/storage9920/home/tinghao.xia/Data_FM/RNA_FM_embeddings/7LNF/rnafm_t12_residue_embeddings.pt
7LNG	0	A	A	1	14	5cf7f7900772daa4c5bb7a020acdfef2e1aa3cd4433e3398fef8dbf6cb4dd08f	0	0	full_sequence	1	0	/storage9920/home/tinghao.xia/Data_FM/RNA_FM_embeddings/7LNG/rnafm_t12_residue_embeddings.pt
7LNG	1	B	B	1	14	5cf7f7900772daa4c5bb7a020acdfef2e1aa3cd4433e3398fef8dbf6cb4dd08f	0	0	full_sequence	1	0	/storage9920/home/tinghao.xia/Data_FM/RNA_FM_embeddings/7LNG/rnafm_t12_residue_embeddings.pt
7LO9	0	A	A	1	12	1ebf43bc82c9eaa5e9b2f361bc75b00cdcba058aeeca434f19fdd2661c498c6c	0	0	full_sequence	1	0	/storage9920/home/tinghao.xia/Data_FM/RNA_FM_embeddings/7LO9/rnafm_t12_residue_embeddings.pt
7LO9	1	B	B	1	12	1ebf43bc82c9eaa5e9b2f361bc75b00cdcba058aeeca434f19fdd2661c498c6c	0	0	full_sequence	1	0	/storage9920/home/tinghao.xia/Data_FM/RNA_FM_embeddings/7LO9/rnafm_t12_residue_embeddings.pt
7LO9	2	C	C	1	12	1ebf43bc82c9eaa5e9b2f361bc75b00cdcba058aeeca434f19fdd2661c498c6c	0	0	full_sequence	1	0	/storage9920/home/tinghao.xia/Data_FM/RNA_FM_embeddings/7LO9/rnafm_t12_residue_embeddings.pt
7LO9	3	D	D	1	12	1ebf43bc82c9eaa5e9b2f361bc75b00cdcba058aeeca434f19fdd2661c498c6c	0	0	full_sequence	1	0	/storage9920/home/tinghao.xia/Data_FM/RNA_FM_embeddings/7LO9/rnafm_t12_residue_embeddings.pt
7LVA	0	A	A	1	103	479a449aafe8c0f6b17bd5cf3639e32eaf1a79574d7331785905f3e86b9e90b6	0	0	full_sequence	1	0	/storage9920/home/tinghao.xia/Data_FM/RNA_FM_embeddings/7LVA/rnafm_t12_residue_embeddings.pt
7LYF	0	A	A	1	139	d6734b7729aee5c26073e9c3ab3386053dcefb1cb47bbb975e4097292adafc9f	0	0	full_sequence	1	0	/storage9920/home/tinghao.xia/Data_FM/RNA_FM_embeddings/7LYF/rnafm_t12_residue_embeddings.pt
7LYG	0	A	A	1	142	c25b5f9d01f523503883471172a554e0ad7c252b3bc80d1c735365adda7f4b93	0	0	full_sequence	1	0	/storage9920/home/tinghao.xia/Data_FM/RNA_FM_embeddings/7LYG/rnafm_t12_residue_embeddings.pt
7LYJ	0	A	A	1	66	09d05c6bf4d626f21ae0f452f100ae3e8919e8049bd73bc2bdf40fa1423a83ef	0	0	full_sequence	1	0	/storage9920/home/tinghao.xia/Data_FM/RNA_FM_embeddings/7LYJ/rnafm_t12_residue_embeddings.pt
7M3V	0	A	A	1	27	ef84716ab732e929d6b5daa79f8adf9bb4d157a50f3f8afa7abbf35283f18da8	0	0	full_sequence	1	0	/storage9920/home/tinghao.xia/Data_FM/RNA_FM_embeddings/7M3V/rnafm_t12_residue_embeddings.pt
7MKT	0	A	A	1	23	5e06dad6955ba91dd70bf786cbe216fc60b9bf677138fbca8ee2fc3d1aeaae93	0	0	full_sequence	1	0	/storage9920/home/tinghao.xia/Data_FM/RNA_FM_embeddings/7MKT/rnafm_t12_residue_embeddings.pt
7MKY	0	A	A	1	66	09d05c6bf4d626f21ae0f452f100ae3e8919e8049bd73bc2bdf40fa1423a83ef	0	0	full_sequence	1	0	/storage9920/home/tinghao.xia/Data_FM/RNA_FM_embeddings/7MKY/rnafm_t12_residue_embeddings.pt
7MLW	0	F	A	1	128	4d2620b5a067356fce892b330e551eeda9931f75fb7b6cd3956bb753c88ef810	0	0	full_sequence	1	0	/storage9920/home/tinghao.xia/Data_FM/RNA_FM_embeddings/7MLW/rnafm_t12_residue_embeddings.pt
7OA3	0	A	A	1	52	54116690e728ed5718dff978ab5490d3be69e0fe1cc557b84ad39848c3840942	0	0	full_sequence	1	0	/storage9920/home/tinghao.xia/Data_FM/RNA_FM_embeddings/7OA3/rnafm_t12_residue_embeddings.pt
7OA3	1	B	B	1	52	54116690e728ed5718dff978ab5490d3be69e0fe1cc557b84ad39848c3840942	0	0	full_sequence	1	0	/storage9920/home/tinghao.xia/Data_FM/RNA_FM_embeddings/7OA3/rnafm_t12_residue_embeddings.pt
7OAV	0	A	A	1	52	54116690e728ed5718dff978ab5490d3be69e0fe1cc557b84ad39848c3840942	0	0	full_sequence	1	0	/storage9920/home/tinghao.xia/Data_FM/RNA_FM_embeddings/7OAV/rnafm_t12_residue_embeddings.pt
7OAV	1	B	B	1	52	54116690e728ed5718dff978ab5490d3be69e0fe1cc557b84ad39848c3840942	0	0	full_sequence	1	0	/storage9920/home/tinghao.xia/Data_FM/RNA_FM_embeddings/7OAV/rnafm_t12_residue_embeddings.pt
7OAV	2	C	C	1	52	54116690e728ed5718dff978ab5490d3be69e0fe1cc557b84ad39848c3840942	0	0	full_sequence	1	0	/storage9920/home/tinghao.xia/Data_FM/RNA_FM_embeddings/7OAV/rnafm_t12_residue_embeddings.pt
7OAV	3	D	D	1	52	54116690e728ed5718dff978ab5490d3be69e0fe1cc557b84ad39848c3840942	0	0	full_sequence	1	0	/storage9920/home/tinghao.xia/Data_FM/RNA_FM_embeddings/7OAV/rnafm_t12_residue_embeddings.pt
7OAW	0	A	A	1	52	54116690e728ed5718dff978ab5490d3be69e0fe1cc557b84ad39848c3840942	0	0	full_sequence	1	0	/storage9920/home/tinghao.xia/Data_FM/RNA_FM_embeddings/7OAW/rnafm_t12_residue_embeddings.pt
7OAW	1	B	B	1	52	54116690e728ed5718dff978ab5490d3be69e0fe1cc557b84ad39848c3840942	0	0	full_sequence	1	0	/storage9920/home/tinghao.xia/Data_FM/RNA_FM_embeddings/7OAW/rnafm_t12_residue_embeddings.pt
7OAW	2	C	C	1	52	54116690e728ed5718dff978ab5490d3be69e0fe1cc557b84ad39848c3840942	0	0	full_sequence	1	0	/storage9920/home/tinghao.xia/Data_FM/RNA_FM_embeddings/7OAW/rnafm_t12_residue_embeddings.pt
7OAW	3	D	D	1	52	54116690e728ed5718dff978ab5490d3be69e0fe1cc557b84ad39848c3840942	0	0	full_sequence	1	0	/storage9920/home/tinghao.xia/Data_FM/RNA_FM_embeddings/7OAW/rnafm_t12_residue_embeddings.pt
7OAX	0	A	A	1	52	54116690e728ed5718dff978ab5490d3be69e0fe1cc557b84ad39848c3840942	0	0	full_sequence	1	0	/storage9920/home/tinghao.xia/Data_FM/RNA_FM_embeddings/7OAX/rnafm_t12_residue_embeddings.pt
7OAX	1	B	B	1	52	54116690e728ed5718dff978ab5490d3be69e0fe1cc557b84ad39848c3840942	0	0	full_sequence	1	0	/storage9920/home/tinghao.xia/Data_FM/RNA_FM_embeddings/7OAX/rnafm_t12_residue_embeddings.pt
7OAX	2	C	C	1	52	54116690e728ed5718dff978ab5490d3be69e0fe1cc557b84ad39848c3840942	0	0	full_sequence	1	0	/storage9920/home/tinghao.xia/Data_FM/RNA_FM_embeddings/7OAX/rnafm_t12_residue_embeddings.pt
7OAX	3	D	D	1	52	54116690e728ed5718dff978ab5490d3be69e0fe1cc557b84ad39848c3840942	0	0	full_sequence	1	0	/storage9920/home/tinghao.xia/Data_FM/RNA_FM_embeddings/7OAX/rnafm_t12_residue_embeddings.pt
7OUO	0	AAA	A	1	8	0f47384862208a450e8e9a4677b3b608347f9cebc0d3647ae18f2d9474d68e3b	0	0	full_sequence	1	0	/storage9920/home/tinghao.xia/Data_FM/RNA_FM_embeddings/7OUO/rnafm_t12_residue_embeddings.pt
7OUO	1	BBB	B	1	8	0f47384862208a450e8e9a4677b3b608347f9cebc0d3647ae18f2d9474d68e3b	0	0	full_sequence	1	0	/storage9920/home/tinghao.xia/Data_FM/RNA_FM_embeddings/7OUO/rnafm_t12_residue_embeddings.pt
7POF	0	A	A	1	14	4cac05a20bca3f9be28b449912df9cd5811fdadfb9b9dd26f4476feb679408d5	0	0	full_sequence	1	0	/storage9920/home/tinghao.xia/Data_FM/RNA_FM_embeddings/7POF/rnafm_t12_residue_embeddings.pt
7PS8	0	A	A	1	23	b7138c94ec61f0b377c271665edc52606d674f2b44adbc4205b22ac6a30007dd	0	0	full_sequence	1	0	/storage9920/home/tinghao.xia/Data_FM/RNA_FM_embeddings/7PS8/rnafm_t12_residue_embeddings.pt
7PTK	0	B	A	1	720	10df3cf7b85527617fee78f754249006488008e41331c5349512e02d8475aa48	0	0	full_sequence	1	0	/storage9920/home/tinghao.xia/Data_FM/RNA_FM_embeddings/7PTK/rnafm_t12_residue_embeddings.pt
7PTL	0	B	A	1	720	10df3cf7b85527617fee78f754249006488008e41331c5349512e02d8475aa48	0	0	full_sequence	1	0	/storage9920/home/tinghao.xia/Data_FM/RNA_FM_embeddings/7PTL/rnafm_t12_residue_embeddings.pt
7PTQ	0	C	A	1	544	265f9af80558e251ca20015794760b5986b443707e6a34acd6efadbe124c4816	0	0	full_sequence	1	0	/storage9920/home/tinghao.xia/Data_FM/RNA_FM_embeddings/7PTQ/rnafm_t12_residue_embeddings.pt
7PTS	0	A	A	1	558	d1ce91fb3cee9670690f3a601a7d38c8ea1b58aad0ebce743669e2e7daf8ca3a	0	0	full_sequence	1	0	/storage9920/home/tinghao.xia/Data_FM/RNA_FM_embeddings/7PTS/rnafm_t12_residue_embeddings.pt
7Q48	0	A	A	1	22	0dcf8385308811717fa3533a973064dbd3854b8a8fea4b9de93aa03eb6a95915	0	0	full_sequence	1	0	/storage9920/home/tinghao.xia/Data_FM/RNA_FM_embeddings/7Q48/rnafm_t12_residue_embeddings.pt
7Q6L	0	A	A	1	22	16db8e20d2527fcaec4061018db4085e0c2fa8f1fef1aea60638680cbaebde9b	0	0	full_sequence	1	0	/storage9920/home/tinghao.xia/Data_FM/RNA_FM_embeddings/7Q6L/rnafm_t12_residue_embeddings.pt
7Q7X	0	A	A	1	14	acc3cb82596e0e2e7604f253f2aa8986b599003a6294659c6916ea2dbae38fc5	0	0	full_sequence	1	0	/storage9920/home/tinghao.xia/Data_FM/RNA_FM_embeddings/7Q7X/rnafm_t12_residue_embeddings.pt
7Q7X	1	B	B	2	24	625f1372ae4a012cef6c3c71be9211c33297e53c5e4a68f8c5d5af71127b0b45	0	0	full_sequence	1	0	/storage9920/home/tinghao.xia/Data_FM/RNA_FM_embeddings/7Q7X/rnafm_t12_residue_embeddings.pt
7Q7X	2	C	C	3	24	60b4651fb1fb6c4141d81dd7f5454835af69e3b222d8b038040e05e0c25027d1	0	0	full_sequence	1	0	/storage9920/home/tinghao.xia/Data_FM/RNA_FM_embeddings/7Q7X/rnafm_t12_residue_embeddings.pt
7Q7Y	0	A	A	1	14	6107c251f5dbc0ab8407a8895ca1ac242b25f68a0f9feb16c729dda9e6344234	0	0	full_sequence	1	0	/storage9920/home/tinghao.xia/Data_FM/RNA_FM_embeddings/7Q7Y/rnafm_t12_residue_embeddings.pt
7Q7Y	1	B	B	2	24	625f1372ae4a012cef6c3c71be9211c33297e53c5e4a68f8c5d5af71127b0b45	0	0	full_sequence	1	0	/storage9920/home/tinghao.xia/Data_FM/RNA_FM_embeddings/7Q7Y/rnafm_t12_residue_embeddings.pt
7Q7Y	2	C	C	3	24	60b4651fb1fb6c4141d81dd7f5454835af69e3b222d8b038040e05e0c25027d1	0	0	full_sequence	1	0	/storage9920/home/tinghao.xia/Data_FM/RNA_FM_embeddings/7Q7Y/rnafm_t12_residue_embeddings.pt
7Q7Z	0	A	A	1	14	59c48f1c4270e265b8231e692a26c2c8f3b98e2accdec1f9df13d44542c77267	1	1	full_sequence	1	0	/storage9920/home/tinghao.xia/Data_FM/RNA_FM_embeddings/7Q7Z/rnafm_t12_residue_embeddings.pt
7Q7Z	1	D	B	1	14	59c48f1c4270e265b8231e692a26c2c8f3b98e2accdec1f9df13d44542c77267	1	1	full_sequence	1	0	/storage9920/home/tinghao.xia/Data_FM/RNA_FM_embeddings/7Q7Z/rnafm_t12_residue_embeddings.pt
7Q7Z	2	B	C	2	24	625f1372ae4a012cef6c3c71be9211c33297e53c5e4a68f8c5d5af71127b0b45	0	0	full_sequence	1	0	/storage9920/home/tinghao.xia/Data_FM/RNA_FM_embeddings/7Q7Z/rnafm_t12_residue_embeddings.pt
7Q7Z	3	E	D	2	24	625f1372ae4a012cef6c3c71be9211c33297e53c5e4a68f8c5d5af71127b0b45	0	0	full_sequence	1	0	/storage9920/home/tinghao.xia/Data_FM/RNA_FM_embeddings/7Q7Z/rnafm_t12_residue_embeddings.pt
7Q7Z	4	C	E	3	24	60b4651fb1fb6c4141d81dd7f5454835af69e3b222d8b038040e05e0c25027d1	0	0	full_sequence	1	0	/storage9920/home/tinghao.xia/Data_FM/RNA_FM_embeddings/7Q7Z/rnafm_t12_residue_embeddings.pt
7Q7Z	5	F	F	3	24	60b4651fb1fb6c4141d81dd7f5454835af69e3b222d8b038040e05e0c25027d1	0	0	full_sequence	1	0	/storage9920/home/tinghao.xia/Data_FM/RNA_FM_embeddings/7Q7Z/rnafm_t12_residue_embeddings.pt
7Q80	0	A	A	1	14	acc3cb82596e0e2e7604f253f2aa8986b599003a6294659c6916ea2dbae38fc5	0	0	full_sequence	1	0	/storage9920/home/tinghao.xia/Data_FM/RNA_FM_embeddings/7Q80/rnafm_t12_residue_embeddings.pt
7Q80	1	D	B	1	14	acc3cb82596e0e2e7604f253f2aa8986b599003a6294659c6916ea2dbae38fc5	0	0	full_sequence	1	0	/storage9920/home/tinghao.xia/Data_FM/RNA_FM_embeddings/7Q80/rnafm_t12_residue_embeddings.pt
7Q80	2	B	C	2	24	625f1372ae4a012cef6c3c71be9211c33297e53c5e4a68f8c5d5af71127b0b45	0	0	full_sequence	1	0	/storage9920/home/tinghao.xia/Data_FM/RNA_FM_embeddings/7Q80/rnafm_t12_residue_embeddings.pt
7Q80	3	E	D	2	24	625f1372ae4a012cef6c3c71be9211c33297e53c5e4a68f8c5d5af71127b0b45	0	0	full_sequence	1	0	/storage9920/home/tinghao.xia/Data_FM/RNA_FM_embeddings/7Q80/rnafm_t12_residue_embeddings.pt
7Q80	4	C	E	3	24	60b4651fb1fb6c4141d81dd7f5454835af69e3b222d8b038040e05e0c25027d1	0	0	full_sequence	1	0	/storage9920/home/tinghao.xia/Data_FM/RNA_FM_embeddings/7Q80/rnafm_t12_residue_embeddings.pt
7Q80	5	F	F	3	24	60b4651fb1fb6c4141d81dd7f5454835af69e3b222d8b038040e05e0c25027d1	0	0	full_sequence	1	0	/storage9920/home/tinghao.xia/Data_FM/RNA_FM_embeddings/7Q80/rnafm_t12_residue_embeddings.pt
7Q81	0	A	A	1	14	6107c251f5dbc0ab8407a8895ca1ac242b25f68a0f9feb16c729dda9e6344234	0	0	full_sequence	1	0	/storage9920/home/tinghao.xia/Data_FM/RNA_FM_embeddings/7Q81/rnafm_t12_residue_embeddings.pt
7Q81	1	B	B	2	24	625f1372ae4a012cef6c3c71be9211c33297e53c5e4a68f8c5d5af71127b0b45	0	0	full_sequence	1	0	/storage9920/home/tinghao.xia/Data_FM/RNA_FM_embeddings/7Q81/rnafm_t12_residue_embeddings.pt
7Q81	2	C	C	3	24	60b4651fb1fb6c4141d81dd7f5454835af69e3b222d8b038040e05e0c25027d1	0	0	full_sequence	1	0	/storage9920/home/tinghao.xia/Data_FM/RNA_FM_embeddings/7Q81/rnafm_t12_residue_embeddings.pt
7Q82	0	A	A	1	14	acc3cb82596e0e2e7604f253f2aa8986b599003a6294659c6916ea2dbae38fc5	0	0	full_sequence	1	0	/storage9920/home/tinghao.xia/Data_FM/RNA_FM_embeddings/7Q82/rnafm_t12_residue_embeddings.pt
7Q82	1	B	B	2	24	625f1372ae4a012cef6c3c71be9211c33297e53c5e4a68f8c5d5af71127b0b45	0	0	full_sequence	1	0	/storage9920/home/tinghao.xia/Data_FM/RNA_FM_embeddings/7Q82/rnafm_t12_residue_embeddings.pt
7Q82	2	C	C	3	24	60b4651fb1fb6c4141d81dd7f5454835af69e3b222d8b038040e05e0c25027d1	0	0	full_sequence	1	0	/storage9920/home/tinghao.xia/Data_FM/RNA_FM_embeddings/7Q82/rnafm_t12_residue_embeddings.pt
7QA2	0	A	A	1	22	8d1ac097d2cf91b7f8a5a2036b4f1bae2e14b74398151027ce0e9282ff95cf1c	0	0	full_sequence	1	0	/storage9920/home/tinghao.xia/Data_FM/RNA_FM_embeddings/7QA2/rnafm_t12_residue_embeddings.pt
7QDU	0	Q	A	1	552	9e2dfba5100031624abc3a017e0d2ec0e5653c5583d6c0f7087b49366460e420	0	0	full_sequence	1	0	/storage9920/home/tinghao.xia/Data_FM/RNA_FM_embeddings/7QDU/rnafm_t12_residue_embeddings.pt
7QP2	0	A	A	1	27	ef84716ab732e929d6b5daa79f8adf9bb4d157a50f3f8afa7abbf35283f18da8	0	0	full_sequence	1	0	/storage9920/home/tinghao.xia/Data_FM/RNA_FM_embeddings/7QP2/rnafm_t12_residue_embeddings.pt
7QSH	0	A	A	1	27	b62aa550e729c5c95e6dccb39d865253957ddf9d9991095ec8cb83b3fef6f05e	1	1	full_sequence	1	0	/storage9920/home/tinghao.xia/Data_FM/RNA_FM_embeddings/7QSH/rnafm_t12_residue_embeddings.pt
7QTN	0	A	A	1	14	4f655d0c17cb58281ca738e086d1198bd8eefecd9966ef5f95b52995b383b0b6	1	1	full_sequence	1	0	/storage9920/home/tinghao.xia/Data_FM/RNA_FM_embeddings/7QTN/rnafm_t12_residue_embeddings.pt
7QTN	1	B	B	2	14	aefce25cebde503b0b3b103ade87a1b7ceb1c8430557538b5ce107106e4094b9	1	1	full_sequence	1	0	/storage9920/home/tinghao.xia/Data_FM/RNA_FM_embeddings/7QTN/rnafm_t12_residue_embeddings.pt
7QUA	0	A	A	1	12	9386970cdef8b3ec708065a62f9466ca9a9ebda4c6b6a08db98bdc835d50953c	1	1	full_sequence	1	0	/storage9920/home/tinghao.xia/Data_FM/RNA_FM_embeddings/7QUA/rnafm_t12_residue_embeddings.pt
7R6N	0	A	A	1	393	06415abb6ae4c2a975b1ffa878891834b2da49ab65172dc0bd58fd91c115fa8d	0	0	full_sequence	1	0	/storage9920/home/tinghao.xia/Data_FM/RNA_FM_embeddings/7R6N/rnafm_t12_residue_embeddings.pt
7REX	0	A	A	1	34	ece479b524f9463b6ee1e753cf3ec8aa50c27ce239fff6dc8bafcd8099a0c440	0	0	full_sequence	1	0	/storage9920/home/tinghao.xia/Data_FM/RNA_FM_embeddings/7REX/rnafm_t12_residue_embeddings.pt
7REX	1	B	B	1	34	ece479b524f9463b6ee1e753cf3ec8aa50c27ce239fff6dc8bafcd8099a0c440	0	0	full_sequence	1	0	/storage9920/home/tinghao.xia/Data_FM/RNA_FM_embeddings/7REX/rnafm_t12_residue_embeddings.pt
7REX	2	C	C	1	34	ece479b524f9463b6ee1e753cf3ec8aa50c27ce239fff6dc8bafcd8099a0c440	0	0	full_sequence	1	0	/storage9920/home/tinghao.xia/Data_FM/RNA_FM_embeddings/7REX/rnafm_t12_residue_embeddings.pt
7RWR	0	A	A	1	38	2731eab1dda3784b8b455d35b11249467f2a415f8a5d08fb314d506449b5a067	0	0	full_sequence	1	0	/storage9920/home/tinghao.xia/Data_FM/RNA_FM_embeddings/7RWR/rnafm_t12_residue_embeddings.pt
7SAM	0	A	A	1	171	7cbd40078b94385e38c88963502ec84e12b0f85e55fa29fa8d5f33c7e4a76746	0	0	full_sequence	1	0	/storage9920/home/tinghao.xia/Data_FM/RNA_FM_embeddings/7SAM/rnafm_t12_residue_embeddings.pt
7SHX	0	A	A	1	94	9f168f22a751ce228b1d3defb0f0364c468b460c25a8591b4ea7b542fcf44235	0	0	full_sequence	1	0	/storage9920/home/tinghao.xia/Data_FM/RNA_FM_embeddings/7SHX/rnafm_t12_residue_embeddings.pt
7SXP	0	A	A	1	22	0b1b0f03622c79c2f34180de5bf1a15748807831e159e03662ecde670d0af38f	0	0	full_sequence	1	0	/storage9920/home/tinghao.xia/Data_FM/RNA_FM_embeddings/7SXP/rnafm_t12_residue_embeddings.pt
7TD7	0	A	A	1	83	79dc9078a98d9e05e7a644ce8cd19e5a54fe597adc0f6f83a7cd865a4dbfab21	0	0	full_sequence	1	0	/storage9920/home/tinghao.xia/Data_FM/RNA_FM_embeddings/7TD7/rnafm_t12_residue_embeddings.pt
7TDA	0	A	A	1	83	79dc9078a98d9e05e7a644ce8cd19e5a54fe597adc0f6f83a7cd865a4dbfab21	0	0	full_sequence	1	0	/storage9920/home/tinghao.xia/Data_FM/RNA_FM_embeddings/7TDA/rnafm_t12_residue_embeddings.pt
7TDB	0	A	A	1	83	79dc9078a98d9e05e7a644ce8cd19e5a54fe597adc0f6f83a7cd865a4dbfab21	0	0	full_sequence	1	0	/storage9920/home/tinghao.xia/Data_FM/RNA_FM_embeddings/7TDB/rnafm_t12_residue_embeddings.pt
7TDC	0	A	A	1	83	79dc9078a98d9e05e7a644ce8cd19e5a54fe597adc0f6f83a7cd865a4dbfab21	0	0	full_sequence	1	0	/storage9920/home/tinghao.xia/Data_FM/RNA_FM_embeddings/7TDC/rnafm_t12_residue_embeddings.pt
7TZR	0	X	A	1	80	f4d7e73ea2ea7690455566e1bdc377ee2212b8b4d218fa3a39b4cc6676202a59	0	0	full_sequence	1	0	/storage9920/home/tinghao.xia/Data_FM/RNA_FM_embeddings/7TZR/rnafm_t12_residue_embeddings.pt
7TZR	1	Y	B	1	80	f4d7e73ea2ea7690455566e1bdc377ee2212b8b4d218fa3a39b4cc6676202a59	0	0	full_sequence	1	0	/storage9920/home/tinghao.xia/Data_FM/RNA_FM_embeddings/7TZR/rnafm_t12_residue_embeddings.pt
7TZS	0	X	A	1	80	f4d7e73ea2ea7690455566e1bdc377ee2212b8b4d218fa3a39b4cc6676202a59	0	0	full_sequence	1	0	/storage9920/home/tinghao.xia/Data_FM/RNA_FM_embeddings/7TZS/rnafm_t12_residue_embeddings.pt
7TZS	1	Y	B	1	80	f4d7e73ea2ea7690455566e1bdc377ee2212b8b4d218fa3a39b4cc6676202a59	0	0	full_sequence	1	0	/storage9920/home/tinghao.xia/Data_FM/RNA_FM_embeddings/7TZS/rnafm_t12_residue_embeddings.pt
7TZT	0	A	A	1	83	79dc9078a98d9e05e7a644ce8cd19e5a54fe597adc0f6f83a7cd865a4dbfab21	0	0	full_sequence	1	0	/storage9920/home/tinghao.xia/Data_FM/RNA_FM_embeddings/7TZT/rnafm_t12_residue_embeddings.pt
7TZU	0	A	A	1	83	79dc9078a98d9e05e7a644ce8cd19e5a54fe597adc0f6f83a7cd865a4dbfab21	0	0	full_sequence	1	0	/storage9920/home/tinghao.xia/Data_FM/RNA_FM_embeddings/7TZU/rnafm_t12_residue_embeddings.pt
7U4A	0	A	A	1	72	e739e1426a61fd847153e41c8354f0eff05035a78c7a54d987ef3d23f7ebd184	0	0	full_sequence	1	0	/storage9920/home/tinghao.xia/Data_FM/RNA_FM_embeddings/7U4A/rnafm_t12_residue_embeddings.pt
7U87	0	A	A	1	15	94cc75a911a8c354f7181903d71a3565048d2ecc63248f9e1e5a7db1acc89394	3	0	full_sequence	1	0	/storage9920/home/tinghao.xia/Data_FM/RNA_FM_embeddings/7U87/rnafm_t12_residue_embeddings.pt
7U87	1	B	B	1	15	94cc75a911a8c354f7181903d71a3565048d2ecc63248f9e1e5a7db1acc89394	3	0	full_sequence	1	0	/storage9920/home/tinghao.xia/Data_FM/RNA_FM_embeddings/7U87/rnafm_t12_residue_embeddings.pt
7U88	0	A	A	1	15	94cc75a911a8c354f7181903d71a3565048d2ecc63248f9e1e5a7db1acc89394	3	0	full_sequence	1	0	/storage9920/home/tinghao.xia/Data_FM/RNA_FM_embeddings/7U88/rnafm_t12_residue_embeddings.pt
7U88	1	B	B	1	15	94cc75a911a8c354f7181903d71a3565048d2ecc63248f9e1e5a7db1acc89394	3	0	full_sequence	1	0	/storage9920/home/tinghao.xia/Data_FM/RNA_FM_embeddings/7U88/rnafm_t12_residue_embeddings.pt
7U89	0	A	A	1	15	94cc75a911a8c354f7181903d71a3565048d2ecc63248f9e1e5a7db1acc89394	3	0	full_sequence	1	0	/storage9920/home/tinghao.xia/Data_FM/RNA_FM_embeddings/7U89/rnafm_t12_residue_embeddings.pt
7U89	1	B	B	1	15	94cc75a911a8c354f7181903d71a3565048d2ecc63248f9e1e5a7db1acc89394	3	0	full_sequence	1	0	/storage9920/home/tinghao.xia/Data_FM/RNA_FM_embeddings/7U89/rnafm_t12_residue_embeddings.pt
7U8A	0	A	A	1	15	94cc75a911a8c354f7181903d71a3565048d2ecc63248f9e1e5a7db1acc89394	3	0	full_sequence	1	0	/storage9920/home/tinghao.xia/Data_FM/RNA_FM_embeddings/7U8A/rnafm_t12_residue_embeddings.pt
7U8A	1	B	B	1	15	94cc75a911a8c354f7181903d71a3565048d2ecc63248f9e1e5a7db1acc89394	3	0	full_sequence	1	0	/storage9920/home/tinghao.xia/Data_FM/RNA_FM_embeddings/7U8A/rnafm_t12_residue_embeddings.pt
7U8B	0	A	A	1	15	5b36f3894365953eeb762aec45834850b99ac568b74668708ca190126bb6dd97	2	0	full_sequence	1	0	/storage9920/home/tinghao.xia/Data_FM/RNA_FM_embeddings/7U8B/rnafm_t12_residue_embeddings.pt
7U8B	1	B	B	1	15	5b36f3894365953eeb762aec45834850b99ac568b74668708ca190126bb6dd97	2	0	full_sequence	1	0	/storage9920/home/tinghao.xia/Data_FM/RNA_FM_embeddings/7U8B/rnafm_t12_residue_embeddings.pt
7UCR	0	A	A	1	27	ef84716ab732e929d6b5daa79f8adf9bb4d157a50f3f8afa7abbf35283f18da8	0	0	full_sequence	1	0	/storage9920/home/tinghao.xia/Data_FM/RNA_FM_embeddings/7UCR/rnafm_t12_residue_embeddings.pt
7UGA	0	A	A	1	43	e683113e7d6a7cdefe317d45efc021498f5119f75d9b9f2c0a109bc4cd80afda	0	0	full_sequence	1	0	/storage9920/home/tinghao.xia/Data_FM/RNA_FM_embeddings/7UGA/rnafm_t12_residue_embeddings.pt
7UMC	0	A	A	1	70	b8c2058a61024b26cfd19e103e7d4da414aa6839654ec7a5e103bc5f1072a15a	0	0	full_sequence	1	0	/storage9920/home/tinghao.xia/Data_FM/RNA_FM_embeddings/7UMC/rnafm_t12_residue_embeddings.pt
7UMD	0	A	A	1	40	16644b076912951ee1b0f9dd10f1531da1fd44baafc29ecd2a431107a45e0467	0	0	full_sequence	1	0	/storage9920/home/tinghao.xia/Data_FM/RNA_FM_embeddings/7UMD/rnafm_t12_residue_embeddings.pt
7UME	0	A	A	1	28	8e487e86688e51412137e08347794e3bf8290556559282272cadfd707149366f	0	0	full_sequence	1	0	/storage9920/home/tinghao.xia/Data_FM/RNA_FM_embeddings/7UME/rnafm_t12_residue_embeddings.pt
7UQ6	0	B	A	1	86	10263f52803929670aa7759959b760f176e8f6fdc40e38e6562858c3544447ef	0	0	full_sequence	1	0	/storage9920/home/tinghao.xia/Data_FM/RNA_FM_embeddings/7UQ6/rnafm_t12_residue_embeddings.pt
7UR5	0	v	A	1	90	419ef6a41c2ce833c8813853f22d7f21b8bf1837e6e996b49b9e0c406de8eb54	0	0	full_sequence	1	0	/storage9920/home/tinghao.xia/Data_FM/RNA_FM_embeddings/7UR5/rnafm_t12_residue_embeddings.pt
7UR5	1	y	B	1	90	419ef6a41c2ce833c8813853f22d7f21b8bf1837e6e996b49b9e0c406de8eb54	0	0	full_sequence	1	0	/storage9920/home/tinghao.xia/Data_FM/RNA_FM_embeddings/7UR5/rnafm_t12_residue_embeddings.pt
7UR5	2	w	C	1	90	419ef6a41c2ce833c8813853f22d7f21b8bf1837e6e996b49b9e0c406de8eb54	0	0	full_sequence	1	0	/storage9920/home/tinghao.xia/Data_FM/RNA_FM_embeddings/7UR5/rnafm_t12_residue_embeddings.pt
7URI	0	y	A	1	90	a108a76c80b7961e671bc451131ef3eb3f60240562182cd2c4027d963fc5a4b6	0	0	full_sequence	1	0	/storage9920/home/tinghao.xia/Data_FM/RNA_FM_embeddings/7URI/rnafm_t12_residue_embeddings.pt
7URM	0	v	A	1	90	a108a76c80b7961e671bc451131ef3eb3f60240562182cd2c4027d963fc5a4b6	0	0	full_sequence	1	0	/storage9920/home/tinghao.xia/Data_FM/RNA_FM_embeddings/7URM/rnafm_t12_residue_embeddings.pt
7UVT	0	A	A	1	387	5a05b6394fd7b5393bda84484f1a428b1d7b73fba965d17c727fc4b52c0c868c	0	0	full_sequence	1	0	/storage9920/home/tinghao.xia/Data_FM/RNA_FM_embeddings/7UVT/rnafm_t12_residue_embeddings.pt
7UZ0	0	A	A	1	87	7e0e8b4edc15ff82496a10d88748af1cefcc5141e918322ab9c57dc2ee801da6	0	0	full_sequence	1	0	/storage9920/home/tinghao.xia/Data_FM/RNA_FM_embeddings/7UZ0/rnafm_t12_residue_embeddings.pt
7V06	0	A	A	1	43	698702b27cff094811be90c08c694beb6dd88430690da02fb7b13a2e01a129e5	0	0	full_sequence	1	0	/storage9920/home/tinghao.xia/Data_FM/RNA_FM_embeddings/7V06/rnafm_t12_residue_embeddings.pt
7V9E	0	A	A	1	68	f6f351151670bbd54c3ba9a03be1252e76a576500489b8063f7a231edfc7195c	0	0	full_sequence	1	0	/storage9920/home/tinghao.xia/Data_FM/RNA_FM_embeddings/7V9E/rnafm_t12_residue_embeddings.pt
7VFT	0	A	A	1	23	9731c6a3e81237838c68b08de85d4984ed0029263a26eb648626f78bcfa41501	0	0	full_sequence	1	0	/storage9920/home/tinghao.xia/Data_FM/RNA_FM_embeddings/7VFT/rnafm_t12_residue_embeddings.pt
7VNV	0	A	A	1	78	660c0d8e2b6a1f9adb3f56c4da5e1f808132924a4abd112cf26d0f5a7d33410a	3	2	full_sequence	1	0	/storage9920/home/tinghao.xia/Data_FM/RNA_FM_embeddings/7VNV/rnafm_t12_residue_embeddings.pt
7VNV	1	B	B	1	78	660c0d8e2b6a1f9adb3f56c4da5e1f808132924a4abd112cf26d0f5a7d33410a	3	2	full_sequence	1	0	/storage9920/home/tinghao.xia/Data_FM/RNA_FM_embeddings/7VNV/rnafm_t12_residue_embeddings.pt
7VNW	0	A	A	1	78	ace01d49cdffb93568aecbd5731e0619899d8299e83381b66831be389931be49	2	1	full_sequence	1	0	/storage9920/home/tinghao.xia/Data_FM/RNA_FM_embeddings/7VNW/rnafm_t12_residue_embeddings.pt
7VNW	1	B	B	1	78	ace01d49cdffb93568aecbd5731e0619899d8299e83381b66831be389931be49	2	1	full_sequence	1	0	/storage9920/home/tinghao.xia/Data_FM/RNA_FM_embeddings/7VNW/rnafm_t12_residue_embeddings.pt
7WI9	0	V	A	1	50	ca847a6a8e2aa4765dd48ce06162df88694a7f46c77d07685985d57f7b3906ff	0	0	full_sequence	1	0	/storage9920/home/tinghao.xia/Data_FM/RNA_FM_embeddings/7WI9/rnafm_t12_residue_embeddings.pt
7WIA	0	V	A	1	50	3fa16491fada84922bb631948352454c191d0c67cf2e4369fc41bdf9720a276a	0	0	full_sequence	1	0	/storage9920/home/tinghao.xia/Data_FM/RNA_FM_embeddings/7WIA/rnafm_t12_residue_embeddings.pt
7WIB	0	V	A	1	50	ca847a6a8e2aa4765dd48ce06162df88694a7f46c77d07685985d57f7b3906ff	0	0	full_sequence	1	0	/storage9920/home/tinghao.xia/Data_FM/RNA_FM_embeddings/7WIB/rnafm_t12_residue_embeddings.pt
7WIE	0	V	A	1	50	ca847a6a8e2aa4765dd48ce06162df88694a7f46c77d07685985d57f7b3906ff	0	0	full_sequence	1	0	/storage9920/home/tinghao.xia/Data_FM/RNA_FM_embeddings/7WIE/rnafm_t12_residue_embeddings.pt
7WIF	0	V	A	1	50	ca847a6a8e2aa4765dd48ce06162df88694a7f46c77d07685985d57f7b3906ff	0	0	full_sequence	1	0	/storage9920/home/tinghao.xia/Data_FM/RNA_FM_embeddings/7WIF/rnafm_t12_residue_embeddings.pt
7WII	0	V	A	1	50	ca847a6a8e2aa4765dd48ce06162df88694a7f46c77d07685985d57f7b3906ff	0	0	full_sequence	1	0	/storage9920/home/tinghao.xia/Data_FM/RNA_FM_embeddings/7WII/rnafm_t12_residue_embeddings.pt
7XD3	0	N	A	1	426	1a749004d18c94e5da112955af398ebb41a1e3e56e415e039a7c3470d7f82eba	0	0	full_sequence	1	0	/storage9920/home/tinghao.xia/Data_FM/RNA_FM_embeddings/7XD3/rnafm_t12_residue_embeddings.pt
7XD4	0	N	A	1	423	04355bf841bd087c94aaaef5013dfd4c96a78a2cd5fc6cc171ea6a8d18998cd8	0	0	full_sequence	1	0	/storage9920/home/tinghao.xia/Data_FM/RNA_FM_embeddings/7XD4/rnafm_t12_residue_embeddings.pt
7XD5	0	N	A	1	400	ae52e7e1bf2bc54c5a2df7efb4376cae422ddf535d7f82519bdcc2ac75e942bc	0	0	full_sequence	1	0	/storage9920/home/tinghao.xia/Data_FM/RNA_FM_embeddings/7XD5/rnafm_t12_residue_embeddings.pt
7XD5	1	A	B	2	6	1deecd12bdbc42d7848f769b5d73d2a7ce1ec7a867a79c9649407b632c8b12e1	0	0	full_sequence	1	0	/storage9920/home/tinghao.xia/Data_FM/RNA_FM_embeddings/7XD5/rnafm_t12_residue_embeddings.pt
7XD6	0	N	A	1	434	20ef0c9f1a29e02bbf56e16fff8b4ea7c52a88ad4339bba582115add3383335e	0	0	full_sequence	1	0	/storage9920/home/tinghao.xia/Data_FM/RNA_FM_embeddings/7XD6/rnafm_t12_residue_embeddings.pt
7XD6	1	A	B	2	25	352f4572287fbffb4e041e778c934c1ddbb9f8dc64083dc980907651770bccf2	0	0	full_sequence	1	0	/storage9920/home/tinghao.xia/Data_FM/RNA_FM_embeddings/7XD6/rnafm_t12_residue_embeddings.pt
7XD7	0	N	A	1	405	bd564e8426f1b5e12afee8aad99ec3760a588accb54b28903b60cbd22f69a0b7	0	0	full_sequence	1	0	/storage9920/home/tinghao.xia/Data_FM/RNA_FM_embeddings/7XD7/rnafm_t12_residue_embeddings.pt
7XSK	0	N	A	1	388	e4745529b919b4b6e7dfc9c651ebdf2ad076b2424f21e1324e9a6a41e1a57069	0	0	full_sequence	1	0	/storage9920/home/tinghao.xia/Data_FM/RNA_FM_embeddings/7XSK/rnafm_t12_residue_embeddings.pt
7XSL	0	N	A	1	388	e4745529b919b4b6e7dfc9c651ebdf2ad076b2424f21e1324e9a6a41e1a57069	0	0	full_sequence	1	0	/storage9920/home/tinghao.xia/Data_FM/RNA_FM_embeddings/7XSL/rnafm_t12_residue_embeddings.pt
7XSM	0	N	A	1	388	e4745529b919b4b6e7dfc9c651ebdf2ad076b2424f21e1324e9a6a41e1a57069	0	0	full_sequence	1	0	/storage9920/home/tinghao.xia/Data_FM/RNA_FM_embeddings/7XSM/rnafm_t12_residue_embeddings.pt
7XSN	0	N	A	1	388	e4745529b919b4b6e7dfc9c651ebdf2ad076b2424f21e1324e9a6a41e1a57069	0	0	full_sequence	1	0	/storage9920/home/tinghao.xia/Data_FM/RNA_FM_embeddings/7XSN/rnafm_t12_residue_embeddings.pt
7Y2B	0	S	A	1	13	6d13d8cbfe94d0380b6234b755ba85e47268a6bd879eea5dd2fffd013d0dcfa5	0	0	full_sequence	1	0	/storage9920/home/tinghao.xia/Data_FM/RNA_FM_embeddings/7Y2B/rnafm_t12_residue_embeddings.pt
7Y2P	0	A	A	1	13	6d13d8cbfe94d0380b6234b755ba85e47268a6bd879eea5dd2fffd013d0dcfa5	0	0	full_sequence	1	0	/storage9920/home/tinghao.xia/Data_FM/RNA_FM_embeddings/7Y2P/rnafm_t12_residue_embeddings.pt
7Y2P	1	B	B	2	13	d76969f8757b932c802ac5e77b4b722a2c34adf5db74f4c2c595d245dbb1ea8a	0	0	full_sequence	1	0	/storage9920/home/tinghao.xia/Data_FM/RNA_FM_embeddings/7Y2P/rnafm_t12_residue_embeddings.pt
7Y8P	0	A	A	1	12	7bd690e24d40cc2c291c3469d30dd8b2f204b53e0e19196cb532e7de83c6196d	3	3	full_sequence	1	0	/storage9920/home/tinghao.xia/Data_FM/RNA_FM_embeddings/7Y8P/rnafm_t12_residue_embeddings.pt
7Y8P	1	B	B	1	12	7bd690e24d40cc2c291c3469d30dd8b2f204b53e0e19196cb532e7de83c6196d	3	3	full_sequence	1	0	/storage9920/home/tinghao.xia/Data_FM/RNA_FM_embeddings/7Y8P/rnafm_t12_residue_embeddings.pt
7YC8	0	N	A	1	393	4e87233dbe313110e2dd6d82cfef0412bd46109f7f9af33f752c0449d01246a6	0	0	full_sequence	1	0	/storage9920/home/tinghao.xia/Data_FM/RNA_FM_embeddings/7YC8/rnafm_t12_residue_embeddings.pt
7YCG	0	B	A	1	11	6c8296846392cd3157954e6aa86d8327497a6718e06f022e29fff2b6d906434e	0	0	full_sequence	1	0	/storage9920/home/tinghao.xia/Data_FM/RNA_FM_embeddings/7YCG/rnafm_t12_residue_embeddings.pt
7YCG	1	N	B	2	393	4e87233dbe313110e2dd6d82cfef0412bd46109f7f9af33f752c0449d01246a6	0	0	full_sequence	1	0	/storage9920/home/tinghao.xia/Data_FM/RNA_FM_embeddings/7YCG/rnafm_t12_residue_embeddings.pt
7YCH	0	B	A	1	11	6c8296846392cd3157954e6aa86d8327497a6718e06f022e29fff2b6d906434e	0	0	full_sequence	1	0	/storage9920/home/tinghao.xia/Data_FM/RNA_FM_embeddings/7YCH/rnafm_t12_residue_embeddings.pt
7YCH	1	N	B	2	393	4e87233dbe313110e2dd6d82cfef0412bd46109f7f9af33f752c0449d01246a6	0	0	full_sequence	1	0	/storage9920/home/tinghao.xia/Data_FM/RNA_FM_embeddings/7YCH/rnafm_t12_residue_embeddings.pt
7YCI	0	B	A	1	6	ad708c034a57bf986d1e92b4408854077c3c9f353a424926dab5134f047b64cf	0	0	full_sequence	1	0	/storage9920/home/tinghao.xia/Data_FM/RNA_FM_embeddings/7YCI/rnafm_t12_residue_embeddings.pt
7YCI	1	N	B	2	393	4e87233dbe313110e2dd6d82cfef0412bd46109f7f9af33f752c0449d01246a6	0	0	full_sequence	1	0	/storage9920/home/tinghao.xia/Data_FM/RNA_FM_embeddings/7YCI/rnafm_t12_residue_embeddings.pt
7YG8	0	A	A	1	3	d6781df4d555c380f4340fb0b62e6fb0058d27e65391d0b5b622d4a308f5801f	0	0	full_sequence	1	0	/storage9920/home/tinghao.xia/Data_FM/RNA_FM_embeddings/7YG8/rnafm_t12_residue_embeddings.pt
7YG8	1	B	B	2	6	ad708c034a57bf986d1e92b4408854077c3c9f353a424926dab5134f047b64cf	0	0	full_sequence	1	0	/storage9920/home/tinghao.xia/Data_FM/RNA_FM_embeddings/7YG8/rnafm_t12_residue_embeddings.pt
7YG8	2	N	C	3	393	4e87233dbe313110e2dd6d82cfef0412bd46109f7f9af33f752c0449d01246a6	0	0	full_sequence	1	0	/storage9920/home/tinghao.xia/Data_FM/RNA_FM_embeddings/7YG8/rnafm_t12_residue_embeddings.pt
7YG9	0	A	A	1	8	af25c525ca446cae3dc98bfa8813edf85cf270c0e6415041da893a7d7df3524a	0	0	full_sequence	1	0	/storage9920/home/tinghao.xia/Data_FM/RNA_FM_embeddings/7YG9/rnafm_t12_residue_embeddings.pt
7YG9	1	B	B	2	6	ad708c034a57bf986d1e92b4408854077c3c9f353a424926dab5134f047b64cf	0	0	full_sequence	1	0	/storage9920/home/tinghao.xia/Data_FM/RNA_FM_embeddings/7YG9/rnafm_t12_residue_embeddings.pt
7YG9	2	N	C	3	393	4e87233dbe313110e2dd6d82cfef0412bd46109f7f9af33f752c0449d01246a6	0	0	full_sequence	1	0	/storage9920/home/tinghao.xia/Data_FM/RNA_FM_embeddings/7YG9/rnafm_t12_residue_embeddings.pt
7YGA	0	A	A	1	8	af25c525ca446cae3dc98bfa8813edf85cf270c0e6415041da893a7d7df3524a	0	0	full_sequence	1	0	/storage9920/home/tinghao.xia/Data_FM/RNA_FM_embeddings/7YGA/rnafm_t12_residue_embeddings.pt
7YGA	1	B	B	2	6	ad708c034a57bf986d1e92b4408854077c3c9f353a424926dab5134f047b64cf	0	0	full_sequence	1	0	/storage9920/home/tinghao.xia/Data_FM/RNA_FM_embeddings/7YGA/rnafm_t12_residue_embeddings.pt
7YGA	2	N	C	3	393	4e87233dbe313110e2dd6d82cfef0412bd46109f7f9af33f752c0449d01246a6	0	0	full_sequence	1	0	/storage9920/home/tinghao.xia/Data_FM/RNA_FM_embeddings/7YGA/rnafm_t12_residue_embeddings.pt
7YGB	0	B	A	1	11	88815980114b66c96e902b6c15318c75ffcdd4990bf09493526ba6b3441e7e20	0	0	full_sequence	1	0	/storage9920/home/tinghao.xia/Data_FM/RNA_FM_embeddings/7YGB/rnafm_t12_residue_embeddings.pt
7YGB	1	N	B	2	393	4e87233dbe313110e2dd6d82cfef0412bd46109f7f9af33f752c0449d01246a6	0	0	full_sequence	1	0	/storage9920/home/tinghao.xia/Data_FM/RNA_FM_embeddings/7YGB/rnafm_t12_residue_embeddings.pt
7YGB	2	A	C	3	3	d6781df4d555c380f4340fb0b62e6fb0058d27e65391d0b5b622d4a308f5801f	0	0	full_sequence	1	0	/storage9920/home/tinghao.xia/Data_FM/RNA_FM_embeddings/7YGB/rnafm_t12_residue_embeddings.pt
7YGC	0	A	A	1	3	d6781df4d555c380f4340fb0b62e6fb0058d27e65391d0b5b622d4a308f5801f	0	0	full_sequence	1	0	/storage9920/home/tinghao.xia/Data_FM/RNA_FM_embeddings/7YGC/rnafm_t12_residue_embeddings.pt
7YGC	1	B	B	2	11	88815980114b66c96e902b6c15318c75ffcdd4990bf09493526ba6b3441e7e20	0	0	full_sequence	1	0	/storage9920/home/tinghao.xia/Data_FM/RNA_FM_embeddings/7YGC/rnafm_t12_residue_embeddings.pt
7YGC	2	N	C	3	393	4e87233dbe313110e2dd6d82cfef0412bd46109f7f9af33f752c0449d01246a6	0	0	full_sequence	1	0	/storage9920/home/tinghao.xia/Data_FM/RNA_FM_embeddings/7YGC/rnafm_t12_residue_embeddings.pt
7YGD	0	A	A	1	3	d6781df4d555c380f4340fb0b62e6fb0058d27e65391d0b5b622d4a308f5801f	0	0	full_sequence	1	0	/storage9920/home/tinghao.xia/Data_FM/RNA_FM_embeddings/7YGD/rnafm_t12_residue_embeddings.pt
7YGD	1	B	B	2	6	ad708c034a57bf986d1e92b4408854077c3c9f353a424926dab5134f047b64cf	0	0	full_sequence	1	0	/storage9920/home/tinghao.xia/Data_FM/RNA_FM_embeddings/7YGD/rnafm_t12_residue_embeddings.pt
7YGD	2	N	C	3	393	4e87233dbe313110e2dd6d82cfef0412bd46109f7f9af33f752c0449d01246a6	0	0	full_sequence	1	0	/storage9920/home/tinghao.xia/Data_FM/RNA_FM_embeddings/7YGD/rnafm_t12_residue_embeddings.pt
7ZFW	0	L5	A	1	3774	5b83e295907a5a17ec97f03c9217e92a5370e140886814d8caf8c94dbbbef596	0	0	sliding_window_uniform_mean	5	0,766,1532,2298,2752	/storage9920/home/tinghao.xia/Data_FM/RNA_FM_embeddings/7ZFW/rnafm_t12_residue_embeddings.pt
7ZJ4	0	E	A	1	374	e113e5b915f73e777dc958ab552a355d8fa3f7efcffd0e7fb7b990fe0ba8d1ed	0	0	full_sequence	1	0	/storage9920/home/tinghao.xia/Data_FM/RNA_FM_embeddings/7ZJ4/rnafm_t12_residue_embeddings.pt
7ZJ5	0	E	A	1	374	e113e5b915f73e777dc958ab552a355d8fa3f7efcffd0e7fb7b990fe0ba8d1ed	0	0	full_sequence	1	0	/storage9920/home/tinghao.xia/Data_FM/RNA_FM_embeddings/7ZJ5/rnafm_t12_residue_embeddings.pt
8AMG	0	A	A	1	9	f5c005dbc9421e9e20741dbd79a9ec6fee3bfbe26329d278c4dc4db143c02d17	0	0	full_sequence	1	0	/storage9920/home/tinghao.xia/Data_FM/RNA_FM_embeddings/8AMG/rnafm_t12_residue_embeddings.pt
8AMG	1	B	B	1	9	f5c005dbc9421e9e20741dbd79a9ec6fee3bfbe26329d278c4dc4db143c02d17	0	0	full_sequence	1	0	/storage9920/home/tinghao.xia/Data_FM/RNA_FM_embeddings/8AMG/rnafm_t12_residue_embeddings.pt
8AMG	2	C	C	1	9	f5c005dbc9421e9e20741dbd79a9ec6fee3bfbe26329d278c4dc4db143c02d17	0	0	full_sequence	1	0	/storage9920/home/tinghao.xia/Data_FM/RNA_FM_embeddings/8AMG/rnafm_t12_residue_embeddings.pt
8AMG	3	D	D	1	9	f5c005dbc9421e9e20741dbd79a9ec6fee3bfbe26329d278c4dc4db143c02d17	0	0	full_sequence	1	0	/storage9920/home/tinghao.xia/Data_FM/RNA_FM_embeddings/8AMG/rnafm_t12_residue_embeddings.pt
8AMG	4	E	E	1	9	f5c005dbc9421e9e20741dbd79a9ec6fee3bfbe26329d278c4dc4db143c02d17	0	0	full_sequence	1	0	/storage9920/home/tinghao.xia/Data_FM/RNA_FM_embeddings/8AMG/rnafm_t12_residue_embeddings.pt
8AMG	5	F	F	1	9	f5c005dbc9421e9e20741dbd79a9ec6fee3bfbe26329d278c4dc4db143c02d17	0	0	full_sequence	1	0	/storage9920/home/tinghao.xia/Data_FM/RNA_FM_embeddings/8AMG/rnafm_t12_residue_embeddings.pt
8AMG	6	G	G	1	9	f5c005dbc9421e9e20741dbd79a9ec6fee3bfbe26329d278c4dc4db143c02d17	0	0	full_sequence	1	0	/storage9920/home/tinghao.xia/Data_FM/RNA_FM_embeddings/8AMG/rnafm_t12_residue_embeddings.pt
8AMG	7	H	H	1	9	f5c005dbc9421e9e20741dbd79a9ec6fee3bfbe26329d278c4dc4db143c02d17	0	0	full_sequence	1	0	/storage9920/home/tinghao.xia/Data_FM/RNA_FM_embeddings/8AMG/rnafm_t12_residue_embeddings.pt
8AMG	8	I	I	1	9	f5c005dbc9421e9e20741dbd79a9ec6fee3bfbe26329d278c4dc4db143c02d17	0	0	full_sequence	1	0	/storage9920/home/tinghao.xia/Data_FM/RNA_FM_embeddings/8AMG/rnafm_t12_residue_embeddings.pt
8AMG	9	J	J	1	9	f5c005dbc9421e9e20741dbd79a9ec6fee3bfbe26329d278c4dc4db143c02d17	0	0	full_sequence	1	0	/storage9920/home/tinghao.xia/Data_FM/RNA_FM_embeddings/8AMG/rnafm_t12_residue_embeddings.pt
8AMG	10	K	K	1	9	f5c005dbc9421e9e20741dbd79a9ec6fee3bfbe26329d278c4dc4db143c02d17	0	0	full_sequence	1	0	/storage9920/home/tinghao.xia/Data_FM/RNA_FM_embeddings/8AMG/rnafm_t12_residue_embeddings.pt
8AMG	11	L	L	1	9	f5c005dbc9421e9e20741dbd79a9ec6fee3bfbe26329d278c4dc4db143c02d17	0	0	full_sequence	1	0	/storage9920/home/tinghao.xia/Data_FM/RNA_FM_embeddings/8AMG/rnafm_t12_residue_embeddings.pt
8AMI	0	A	A	1	9	f5c005dbc9421e9e20741dbd79a9ec6fee3bfbe26329d278c4dc4db143c02d17	0	0	full_sequence	1	0	/storage9920/home/tinghao.xia/Data_FM/RNA_FM_embeddings/8AMI/rnafm_t12_residue_embeddings.pt
8AMI	1	B	B	1	9	f5c005dbc9421e9e20741dbd79a9ec6fee3bfbe26329d278c4dc4db143c02d17	0	0	full_sequence	1	0	/storage9920/home/tinghao.xia/Data_FM/RNA_FM_embeddings/8AMI/rnafm_t12_residue_embeddings.pt
8AMJ	0	A	A	1	9	f5c005dbc9421e9e20741dbd79a9ec6fee3bfbe26329d278c4dc4db143c02d17	0	0	full_sequence	1	0	/storage9920/home/tinghao.xia/Data_FM/RNA_FM_embeddings/8AMJ/rnafm_t12_residue_embeddings.pt
8AMJ	1	B	B	1	9	f5c005dbc9421e9e20741dbd79a9ec6fee3bfbe26329d278c4dc4db143c02d17	0	0	full_sequence	1	0	/storage9920/home/tinghao.xia/Data_FM/RNA_FM_embeddings/8AMJ/rnafm_t12_residue_embeddings.pt
8AMK	0	A	A	1	9	f5c005dbc9421e9e20741dbd79a9ec6fee3bfbe26329d278c4dc4db143c02d17	0	0	full_sequence	1	0	/storage9920/home/tinghao.xia/Data_FM/RNA_FM_embeddings/8AMK/rnafm_t12_residue_embeddings.pt
8AMK	1	B	B	1	9	f5c005dbc9421e9e20741dbd79a9ec6fee3bfbe26329d278c4dc4db143c02d17	0	0	full_sequence	1	0	/storage9920/home/tinghao.xia/Data_FM/RNA_FM_embeddings/8AMK/rnafm_t12_residue_embeddings.pt
8AMK	2	C	C	1	9	f5c005dbc9421e9e20741dbd79a9ec6fee3bfbe26329d278c4dc4db143c02d17	0	0	full_sequence	1	0	/storage9920/home/tinghao.xia/Data_FM/RNA_FM_embeddings/8AMK/rnafm_t12_residue_embeddings.pt
8AMK	3	D	D	1	9	f5c005dbc9421e9e20741dbd79a9ec6fee3bfbe26329d278c4dc4db143c02d17	0	0	full_sequence	1	0	/storage9920/home/tinghao.xia/Data_FM/RNA_FM_embeddings/8AMK/rnafm_t12_residue_embeddings.pt
8AMK	4	E	E	1	9	f5c005dbc9421e9e20741dbd79a9ec6fee3bfbe26329d278c4dc4db143c02d17	0	0	full_sequence	1	0	/storage9920/home/tinghao.xia/Data_FM/RNA_FM_embeddings/8AMK/rnafm_t12_residue_embeddings.pt
8AMK	5	F	F	1	9	f5c005dbc9421e9e20741dbd79a9ec6fee3bfbe26329d278c4dc4db143c02d17	0	0	full_sequence	1	0	/storage9920/home/tinghao.xia/Data_FM/RNA_FM_embeddings/8AMK/rnafm_t12_residue_embeddings.pt
8AMK	6	G	G	1	9	f5c005dbc9421e9e20741dbd79a9ec6fee3bfbe26329d278c4dc4db143c02d17	0	0	full_sequence	1	0	/storage9920/home/tinghao.xia/Data_FM/RNA_FM_embeddings/8AMK/rnafm_t12_residue_embeddings.pt
8AMK	7	H	H	1	9	f5c005dbc9421e9e20741dbd79a9ec6fee3bfbe26329d278c4dc4db143c02d17	0	0	full_sequence	1	0	/storage9920/home/tinghao.xia/Data_FM/RNA_FM_embeddings/8AMK/rnafm_t12_residue_embeddings.pt
8AMK	8	I	I	1	9	f5c005dbc9421e9e20741dbd79a9ec6fee3bfbe26329d278c4dc4db143c02d17	0	0	full_sequence	1	0	/storage9920/home/tinghao.xia/Data_FM/RNA_FM_embeddings/8AMK/rnafm_t12_residue_embeddings.pt
8AMK	9	J	J	1	9	f5c005dbc9421e9e20741dbd79a9ec6fee3bfbe26329d278c4dc4db143c02d17	0	0	full_sequence	1	0	/storage9920/home/tinghao.xia/Data_FM/RNA_FM_embeddings/8AMK/rnafm_t12_residue_embeddings.pt
8AMK	10	K	K	1	9	f5c005dbc9421e9e20741dbd79a9ec6fee3bfbe26329d278c4dc4db143c02d17	0	0	full_sequence	1	0	/storage9920/home/tinghao.xia/Data_FM/RNA_FM_embeddings/8AMK/rnafm_t12_residue_embeddings.pt
8AMK	11	L	L	1	9	f5c005dbc9421e9e20741dbd79a9ec6fee3bfbe26329d278c4dc4db143c02d17	0	0	full_sequence	1	0	/storage9920/home/tinghao.xia/Data_FM/RNA_FM_embeddings/8AMK/rnafm_t12_residue_embeddings.pt
8AMK	12	M	M	1	9	f5c005dbc9421e9e20741dbd79a9ec6fee3bfbe26329d278c4dc4db143c02d17	0	0	full_sequence	1	0	/storage9920/home/tinghao.xia/Data_FM/RNA_FM_embeddings/8AMK/rnafm_t12_residue_embeddings.pt
8AMK	13	N	N	1	9	f5c005dbc9421e9e20741dbd79a9ec6fee3bfbe26329d278c4dc4db143c02d17	0	0	full_sequence	1	0	/storage9920/home/tinghao.xia/Data_FM/RNA_FM_embeddings/8AMK/rnafm_t12_residue_embeddings.pt
8AMK	14	O	O	1	9	f5c005dbc9421e9e20741dbd79a9ec6fee3bfbe26329d278c4dc4db143c02d17	0	0	full_sequence	1	0	/storage9920/home/tinghao.xia/Data_FM/RNA_FM_embeddings/8AMK/rnafm_t12_residue_embeddings.pt
8AMK	15	P	P	1	9	f5c005dbc9421e9e20741dbd79a9ec6fee3bfbe26329d278c4dc4db143c02d17	0	0	full_sequence	1	0	/storage9920/home/tinghao.xia/Data_FM/RNA_FM_embeddings/8AMK/rnafm_t12_residue_embeddings.pt
8AMK	16	Q	Q	1	9	f5c005dbc9421e9e20741dbd79a9ec6fee3bfbe26329d278c4dc4db143c02d17	0	0	full_sequence	1	0	/storage9920/home/tinghao.xia/Data_FM/RNA_FM_embeddings/8AMK/rnafm_t12_residue_embeddings.pt
8AMK	17	R	R	1	9	f5c005dbc9421e9e20741dbd79a9ec6fee3bfbe26329d278c4dc4db143c02d17	0	0	full_sequence	1	0	/storage9920/home/tinghao.xia/Data_FM/RNA_FM_embeddings/8AMK/rnafm_t12_residue_embeddings.pt
8AMK	18	S	S	1	9	f5c005dbc9421e9e20741dbd79a9ec6fee3bfbe26329d278c4dc4db143c02d17	0	0	full_sequence	1	0	/storage9920/home/tinghao.xia/Data_FM/RNA_FM_embeddings/8AMK/rnafm_t12_residue_embeddings.pt
8AMK	19	T	T	1	9	f5c005dbc9421e9e20741dbd79a9ec6fee3bfbe26329d278c4dc4db143c02d17	0	0	full_sequence	1	0	/storage9920/home/tinghao.xia/Data_FM/RNA_FM_embeddings/8AMK/rnafm_t12_residue_embeddings.pt
8AMK	20	U	U	1	9	f5c005dbc9421e9e20741dbd79a9ec6fee3bfbe26329d278c4dc4db143c02d17	0	0	full_sequence	1	0	/storage9920/home/tinghao.xia/Data_FM/RNA_FM_embeddings/8AMK/rnafm_t12_residue_embeddings.pt
8AMK	21	V	V	1	9	f5c005dbc9421e9e20741dbd79a9ec6fee3bfbe26329d278c4dc4db143c02d17	0	0	full_sequence	1	0	/storage9920/home/tinghao.xia/Data_FM/RNA_FM_embeddings/8AMK/rnafm_t12_residue_embeddings.pt
8AMK	22	Y	W	1	9	f5c005dbc9421e9e20741dbd79a9ec6fee3bfbe26329d278c4dc4db143c02d17	0	0	full_sequence	1	0	/storage9920/home/tinghao.xia/Data_FM/RNA_FM_embeddings/8AMK/rnafm_t12_residue_embeddings.pt
8AMK	23	Z	X	1	9	f5c005dbc9421e9e20741dbd79a9ec6fee3bfbe26329d278c4dc4db143c02d17	0	0	full_sequence	1	0	/storage9920/home/tinghao.xia/Data_FM/RNA_FM_embeddings/8AMK/rnafm_t12_residue_embeddings.pt
8AMK	24	a	Y	1	9	f5c005dbc9421e9e20741dbd79a9ec6fee3bfbe26329d278c4dc4db143c02d17	0	0	full_sequence	1	0	/storage9920/home/tinghao.xia/Data_FM/RNA_FM_embeddings/8AMK/rnafm_t12_residue_embeddings.pt
8AMK	25	b	Z	1	9	f5c005dbc9421e9e20741dbd79a9ec6fee3bfbe26329d278c4dc4db143c02d17	0	0	full_sequence	1	0	/storage9920/home/tinghao.xia/Data_FM/RNA_FM_embeddings/8AMK/rnafm_t12_residue_embeddings.pt
8AMK	26	c	AA	1	9	f5c005dbc9421e9e20741dbd79a9ec6fee3bfbe26329d278c4dc4db143c02d17	0	0	full_sequence	1	0	/storage9920/home/tinghao.xia/Data_FM/RNA_FM_embeddings/8AMK/rnafm_t12_residue_embeddings.pt
8AMK	27	d	AB	1	9	f5c005dbc9421e9e20741dbd79a9ec6fee3bfbe26329d278c4dc4db143c02d17	0	0	full_sequence	1	0	/storage9920/home/tinghao.xia/Data_FM/RNA_FM_embeddings/8AMK/rnafm_t12_residue_embeddings.pt
8AML	0	A	A	1	9	f5c005dbc9421e9e20741dbd79a9ec6fee3bfbe26329d278c4dc4db143c02d17	0	0	full_sequence	1	0	/storage9920/home/tinghao.xia/Data_FM/RNA_FM_embeddings/8AML/rnafm_t12_residue_embeddings.pt
8AML	1	B	B	1	9	f5c005dbc9421e9e20741dbd79a9ec6fee3bfbe26329d278c4dc4db143c02d17	0	0	full_sequence	1	0	/storage9920/home/tinghao.xia/Data_FM/RNA_FM_embeddings/8AML/rnafm_t12_residue_embeddings.pt
8AML	2	C	C	1	9	f5c005dbc9421e9e20741dbd79a9ec6fee3bfbe26329d278c4dc4db143c02d17	0	0	full_sequence	1	0	/storage9920/home/tinghao.xia/Data_FM/RNA_FM_embeddings/8AML/rnafm_t12_residue_embeddings.pt
8AML	3	D	D	1	9	f5c005dbc9421e9e20741dbd79a9ec6fee3bfbe26329d278c4dc4db143c02d17	0	0	full_sequence	1	0	/storage9920/home/tinghao.xia/Data_FM/RNA_FM_embeddings/8AML/rnafm_t12_residue_embeddings.pt
8AML	4	E	E	1	9	f5c005dbc9421e9e20741dbd79a9ec6fee3bfbe26329d278c4dc4db143c02d17	0	0	full_sequence	1	0	/storage9920/home/tinghao.xia/Data_FM/RNA_FM_embeddings/8AML/rnafm_t12_residue_embeddings.pt
8AML	5	F	F	1	9	f5c005dbc9421e9e20741dbd79a9ec6fee3bfbe26329d278c4dc4db143c02d17	0	0	full_sequence	1	0	/storage9920/home/tinghao.xia/Data_FM/RNA_FM_embeddings/8AML/rnafm_t12_residue_embeddings.pt
8AML	6	G	G	1	9	f5c005dbc9421e9e20741dbd79a9ec6fee3bfbe26329d278c4dc4db143c02d17	0	0	full_sequence	1	0	/storage9920/home/tinghao.xia/Data_FM/RNA_FM_embeddings/8AML/rnafm_t12_residue_embeddings.pt
8AML	7	H	H	1	9	f5c005dbc9421e9e20741dbd79a9ec6fee3bfbe26329d278c4dc4db143c02d17	0	0	full_sequence	1	0	/storage9920/home/tinghao.xia/Data_FM/RNA_FM_embeddings/8AML/rnafm_t12_residue_embeddings.pt
8AML	8	I	I	1	9	f5c005dbc9421e9e20741dbd79a9ec6fee3bfbe26329d278c4dc4db143c02d17	0	0	full_sequence	1	0	/storage9920/home/tinghao.xia/Data_FM/RNA_FM_embeddings/8AML/rnafm_t12_residue_embeddings.pt
8AML	9	J	J	1	9	f5c005dbc9421e9e20741dbd79a9ec6fee3bfbe26329d278c4dc4db143c02d17	0	0	full_sequence	1	0	/storage9920/home/tinghao.xia/Data_FM/RNA_FM_embeddings/8AML/rnafm_t12_residue_embeddings.pt
8AML	10	K	K	1	9	f5c005dbc9421e9e20741dbd79a9ec6fee3bfbe26329d278c4dc4db143c02d17	0	0	full_sequence	1	0	/storage9920/home/tinghao.xia/Data_FM/RNA_FM_embeddings/8AML/rnafm_t12_residue_embeddings.pt
8AML	11	L	L	1	9	f5c005dbc9421e9e20741dbd79a9ec6fee3bfbe26329d278c4dc4db143c02d17	0	0	full_sequence	1	0	/storage9920/home/tinghao.xia/Data_FM/RNA_FM_embeddings/8AML/rnafm_t12_residue_embeddings.pt
8AML	12	M	M	1	9	f5c005dbc9421e9e20741dbd79a9ec6fee3bfbe26329d278c4dc4db143c02d17	0	0	full_sequence	1	0	/storage9920/home/tinghao.xia/Data_FM/RNA_FM_embeddings/8AML/rnafm_t12_residue_embeddings.pt
8AML	13	N	N	1	9	f5c005dbc9421e9e20741dbd79a9ec6fee3bfbe26329d278c4dc4db143c02d17	0	0	full_sequence	1	0	/storage9920/home/tinghao.xia/Data_FM/RNA_FM_embeddings/8AML/rnafm_t12_residue_embeddings.pt
8AML	14	O	O	1	9	f5c005dbc9421e9e20741dbd79a9ec6fee3bfbe26329d278c4dc4db143c02d17	0	0	full_sequence	1	0	/storage9920/home/tinghao.xia/Data_FM/RNA_FM_embeddings/8AML/rnafm_t12_residue_embeddings.pt
8AML	15	P	P	1	9	f5c005dbc9421e9e20741dbd79a9ec6fee3bfbe26329d278c4dc4db143c02d17	0	0	full_sequence	1	0	/storage9920/home/tinghao.xia/Data_FM/RNA_FM_embeddings/8AML/rnafm_t12_residue_embeddings.pt
8AML	16	Q	Q	1	9	f5c005dbc9421e9e20741dbd79a9ec6fee3bfbe26329d278c4dc4db143c02d17	0	0	full_sequence	1	0	/storage9920/home/tinghao.xia/Data_FM/RNA_FM_embeddings/8AML/rnafm_t12_residue_embeddings.pt
8AML	17	R	R	1	9	f5c005dbc9421e9e20741dbd79a9ec6fee3bfbe26329d278c4dc4db143c02d17	0	0	full_sequence	1	0	/storage9920/home/tinghao.xia/Data_FM/RNA_FM_embeddings/8AML/rnafm_t12_residue_embeddings.pt
8AML	18	S	S	1	9	f5c005dbc9421e9e20741dbd79a9ec6fee3bfbe26329d278c4dc4db143c02d17	0	0	full_sequence	1	0	/storage9920/home/tinghao.xia/Data_FM/RNA_FM_embeddings/8AML/rnafm_t12_residue_embeddings.pt
8AML	19	T	T	1	9	f5c005dbc9421e9e20741dbd79a9ec6fee3bfbe26329d278c4dc4db143c02d17	0	0	full_sequence	1	0	/storage9920/home/tinghao.xia/Data_FM/RNA_FM_embeddings/8AML/rnafm_t12_residue_embeddings.pt
8AML	20	U	U	1	9	f5c005dbc9421e9e20741dbd79a9ec6fee3bfbe26329d278c4dc4db143c02d17	0	0	full_sequence	1	0	/storage9920/home/tinghao.xia/Data_FM/RNA_FM_embeddings/8AML/rnafm_t12_residue_embeddings.pt
8AML	21	V	V	1	9	f5c005dbc9421e9e20741dbd79a9ec6fee3bfbe26329d278c4dc4db143c02d17	0	0	full_sequence	1	0	/storage9920/home/tinghao.xia/Data_FM/RNA_FM_embeddings/8AML/rnafm_t12_residue_embeddings.pt
8AML	22	Y	W	1	9	f5c005dbc9421e9e20741dbd79a9ec6fee3bfbe26329d278c4dc4db143c02d17	0	0	full_sequence	1	0	/storage9920/home/tinghao.xia/Data_FM/RNA_FM_embeddings/8AML/rnafm_t12_residue_embeddings.pt
8AML	23	Z	X	1	9	f5c005dbc9421e9e20741dbd79a9ec6fee3bfbe26329d278c4dc4db143c02d17	0	0	full_sequence	1	0	/storage9920/home/tinghao.xia/Data_FM/RNA_FM_embeddings/8AML/rnafm_t12_residue_embeddings.pt
8AML	24	a	Y	1	9	f5c005dbc9421e9e20741dbd79a9ec6fee3bfbe26329d278c4dc4db143c02d17	0	0	full_sequence	1	0	/storage9920/home/tinghao.xia/Data_FM/RNA_FM_embeddings/8AML/rnafm_t12_residue_embeddings.pt
8AML	25	b	Z	1	9	f5c005dbc9421e9e20741dbd79a9ec6fee3bfbe26329d278c4dc4db143c02d17	0	0	full_sequence	1	0	/storage9920/home/tinghao.xia/Data_FM/RNA_FM_embeddings/8AML/rnafm_t12_residue_embeddings.pt
8AML	26	c	AA	1	9	f5c005dbc9421e9e20741dbd79a9ec6fee3bfbe26329d278c4dc4db143c02d17	0	0	full_sequence	1	0	/storage9920/home/tinghao.xia/Data_FM/RNA_FM_embeddings/8AML/rnafm_t12_residue_embeddings.pt
8AML	27	d	AB	1	9	f5c005dbc9421e9e20741dbd79a9ec6fee3bfbe26329d278c4dc4db143c02d17	0	0	full_sequence	1	0	/storage9920/home/tinghao.xia/Data_FM/RNA_FM_embeddings/8AML/rnafm_t12_residue_embeddings.pt
8AMM	0	A	A	1	9	f5c005dbc9421e9e20741dbd79a9ec6fee3bfbe26329d278c4dc4db143c02d17	0	0	full_sequence	1	0	/storage9920/home/tinghao.xia/Data_FM/RNA_FM_embeddings/8AMM/rnafm_t12_residue_embeddings.pt
8AMM	1	B	B	1	9	f5c005dbc9421e9e20741dbd79a9ec6fee3bfbe26329d278c4dc4db143c02d17	0	0	full_sequence	1	0	/storage9920/home/tinghao.xia/Data_FM/RNA_FM_embeddings/8AMM/rnafm_t12_residue_embeddings.pt
8AMM	2	C	C	1	9	f5c005dbc9421e9e20741dbd79a9ec6fee3bfbe26329d278c4dc4db143c02d17	0	0	full_sequence	1	0	/storage9920/home/tinghao.xia/Data_FM/RNA_FM_embeddings/8AMM/rnafm_t12_residue_embeddings.pt
8AMM	3	D	D	1	9	f5c005dbc9421e9e20741dbd79a9ec6fee3bfbe26329d278c4dc4db143c02d17	0	0	full_sequence	1	0	/storage9920/home/tinghao.xia/Data_FM/RNA_FM_embeddings/8AMM/rnafm_t12_residue_embeddings.pt
8AMM	4	E	E	1	9	f5c005dbc9421e9e20741dbd79a9ec6fee3bfbe26329d278c4dc4db143c02d17	0	0	full_sequence	1	0	/storage9920/home/tinghao.xia/Data_FM/RNA_FM_embeddings/8AMM/rnafm_t12_residue_embeddings.pt
8AMM	5	F	F	1	9	f5c005dbc9421e9e20741dbd79a9ec6fee3bfbe26329d278c4dc4db143c02d17	0	0	full_sequence	1	0	/storage9920/home/tinghao.xia/Data_FM/RNA_FM_embeddings/8AMM/rnafm_t12_residue_embeddings.pt
8AMM	6	G	G	1	9	f5c005dbc9421e9e20741dbd79a9ec6fee3bfbe26329d278c4dc4db143c02d17	0	0	full_sequence	1	0	/storage9920/home/tinghao.xia/Data_FM/RNA_FM_embeddings/8AMM/rnafm_t12_residue_embeddings.pt
8AMM	7	H	H	1	9	f5c005dbc9421e9e20741dbd79a9ec6fee3bfbe26329d278c4dc4db143c02d17	0	0	full_sequence	1	0	/storage9920/home/tinghao.xia/Data_FM/RNA_FM_embeddings/8AMM/rnafm_t12_residue_embeddings.pt
8AMM	8	I	I	1	9	f5c005dbc9421e9e20741dbd79a9ec6fee3bfbe26329d278c4dc4db143c02d17	0	0	full_sequence	1	0	/storage9920/home/tinghao.xia/Data_FM/RNA_FM_embeddings/8AMM/rnafm_t12_residue_embeddings.pt
8AMM	9	J	J	1	9	f5c005dbc9421e9e20741dbd79a9ec6fee3bfbe26329d278c4dc4db143c02d17	0	0	full_sequence	1	0	/storage9920/home/tinghao.xia/Data_FM/RNA_FM_embeddings/8AMM/rnafm_t12_residue_embeddings.pt
8AMM	10	K	K	1	9	f5c005dbc9421e9e20741dbd79a9ec6fee3bfbe26329d278c4dc4db143c02d17	0	0	full_sequence	1	0	/storage9920/home/tinghao.xia/Data_FM/RNA_FM_embeddings/8AMM/rnafm_t12_residue_embeddings.pt
8AMM	11	L	L	1	9	f5c005dbc9421e9e20741dbd79a9ec6fee3bfbe26329d278c4dc4db143c02d17	0	0	full_sequence	1	0	/storage9920/home/tinghao.xia/Data_FM/RNA_FM_embeddings/8AMM/rnafm_t12_residue_embeddings.pt
8AMM	12	M	M	1	9	f5c005dbc9421e9e20741dbd79a9ec6fee3bfbe26329d278c4dc4db143c02d17	0	0	full_sequence	1	0	/storage9920/home/tinghao.xia/Data_FM/RNA_FM_embeddings/8AMM/rnafm_t12_residue_embeddings.pt
8AMM	13	N	N	1	9	f5c005dbc9421e9e20741dbd79a9ec6fee3bfbe26329d278c4dc4db143c02d17	0	0	full_sequence	1	0	/storage9920/home/tinghao.xia/Data_FM/RNA_FM_embeddings/8AMM/rnafm_t12_residue_embeddings.pt
8AMM	14	O	O	1	9	f5c005dbc9421e9e20741dbd79a9ec6fee3bfbe26329d278c4dc4db143c02d17	0	0	full_sequence	1	0	/storage9920/home/tinghao.xia/Data_FM/RNA_FM_embeddings/8AMM/rnafm_t12_residue_embeddings.pt
8AMM	15	P	P	1	9	f5c005dbc9421e9e20741dbd79a9ec6fee3bfbe26329d278c4dc4db143c02d17	0	0	full_sequence	1	0	/storage9920/home/tinghao.xia/Data_FM/RNA_FM_embeddings/8AMM/rnafm_t12_residue_embeddings.pt
8AMM	16	Q	Q	1	9	f5c005dbc9421e9e20741dbd79a9ec6fee3bfbe26329d278c4dc4db143c02d17	0	0	full_sequence	1	0	/storage9920/home/tinghao.xia/Data_FM/RNA_FM_embeddings/8AMM/rnafm_t12_residue_embeddings.pt
8AMM	17	R	R	1	9	f5c005dbc9421e9e20741dbd79a9ec6fee3bfbe26329d278c4dc4db143c02d17	0	0	full_sequence	1	0	/storage9920/home/tinghao.xia/Data_FM/RNA_FM_embeddings/8AMM/rnafm_t12_residue_embeddings.pt
8AMM	18	S	S	1	9	f5c005dbc9421e9e20741dbd79a9ec6fee3bfbe26329d278c4dc4db143c02d17	0	0	full_sequence	1	0	/storage9920/home/tinghao.xia/Data_FM/RNA_FM_embeddings/8AMM/rnafm_t12_residue_embeddings.pt
8AMM	19	T	T	1	9	f5c005dbc9421e9e20741dbd79a9ec6fee3bfbe26329d278c4dc4db143c02d17	0	0	full_sequence	1	0	/storage9920/home/tinghao.xia/Data_FM/RNA_FM_embeddings/8AMM/rnafm_t12_residue_embeddings.pt
8AMM	20	U	U	1	9	f5c005dbc9421e9e20741dbd79a9ec6fee3bfbe26329d278c4dc4db143c02d17	0	0	full_sequence	1	0	/storage9920/home/tinghao.xia/Data_FM/RNA_FM_embeddings/8AMM/rnafm_t12_residue_embeddings.pt
8AMM	21	V	V	1	9	f5c005dbc9421e9e20741dbd79a9ec6fee3bfbe26329d278c4dc4db143c02d17	0	0	full_sequence	1	0	/storage9920/home/tinghao.xia/Data_FM/RNA_FM_embeddings/8AMM/rnafm_t12_residue_embeddings.pt
8AMM	22	Y	W	1	9	f5c005dbc9421e9e20741dbd79a9ec6fee3bfbe26329d278c4dc4db143c02d17	0	0	full_sequence	1	0	/storage9920/home/tinghao.xia/Data_FM/RNA_FM_embeddings/8AMM/rnafm_t12_residue_embeddings.pt
8AMM	23	Z	X	1	9	f5c005dbc9421e9e20741dbd79a9ec6fee3bfbe26329d278c4dc4db143c02d17	0	0	full_sequence	1	0	/storage9920/home/tinghao.xia/Data_FM/RNA_FM_embeddings/8AMM/rnafm_t12_residue_embeddings.pt
8AMM	24	a	Y	1	9	f5c005dbc9421e9e20741dbd79a9ec6fee3bfbe26329d278c4dc4db143c02d17	0	0	full_sequence	1	0	/storage9920/home/tinghao.xia/Data_FM/RNA_FM_embeddings/8AMM/rnafm_t12_residue_embeddings.pt
8AMM	25	b	Z	1	9	f5c005dbc9421e9e20741dbd79a9ec6fee3bfbe26329d278c4dc4db143c02d17	0	0	full_sequence	1	0	/storage9920/home/tinghao.xia/Data_FM/RNA_FM_embeddings/8AMM/rnafm_t12_residue_embeddings.pt
8AMM	26	c	AA	1	9	f5c005dbc9421e9e20741dbd79a9ec6fee3bfbe26329d278c4dc4db143c02d17	0	0	full_sequence	1	0	/storage9920/home/tinghao.xia/Data_FM/RNA_FM_embeddings/8AMM/rnafm_t12_residue_embeddings.pt
8AMM	27	d	AB	1	9	f5c005dbc9421e9e20741dbd79a9ec6fee3bfbe26329d278c4dc4db143c02d17	0	0	full_sequence	1	0	/storage9920/home/tinghao.xia/Data_FM/RNA_FM_embeddings/8AMM/rnafm_t12_residue_embeddings.pt
8AMN	0	A	A	1	9	f5c005dbc9421e9e20741dbd79a9ec6fee3bfbe26329d278c4dc4db143c02d17	0	0	full_sequence	1	0	/storage9920/home/tinghao.xia/Data_FM/RNA_FM_embeddings/8AMN/rnafm_t12_residue_embeddings.pt
8AMN	1	B	B	1	9	f5c005dbc9421e9e20741dbd79a9ec6fee3bfbe26329d278c4dc4db143c02d17	0	0	full_sequence	1	0	/storage9920/home/tinghao.xia/Data_FM/RNA_FM_embeddings/8AMN/rnafm_t12_residue_embeddings.pt
8AMN	2	C	C	1	9	f5c005dbc9421e9e20741dbd79a9ec6fee3bfbe26329d278c4dc4db143c02d17	0	0	full_sequence	1	0	/storage9920/home/tinghao.xia/Data_FM/RNA_FM_embeddings/8AMN/rnafm_t12_residue_embeddings.pt
8AMN	3	D	D	1	9	f5c005dbc9421e9e20741dbd79a9ec6fee3bfbe26329d278c4dc4db143c02d17	0	0	full_sequence	1	0	/storage9920/home/tinghao.xia/Data_FM/RNA_FM_embeddings/8AMN/rnafm_t12_residue_embeddings.pt
8AMN	4	E	E	1	9	f5c005dbc9421e9e20741dbd79a9ec6fee3bfbe26329d278c4dc4db143c02d17	0	0	full_sequence	1	0	/storage9920/home/tinghao.xia/Data_FM/RNA_FM_embeddings/8AMN/rnafm_t12_residue_embeddings.pt
8AMN	5	F	F	1	9	f5c005dbc9421e9e20741dbd79a9ec6fee3bfbe26329d278c4dc4db143c02d17	0	0	full_sequence	1	0	/storage9920/home/tinghao.xia/Data_FM/RNA_FM_embeddings/8AMN/rnafm_t12_residue_embeddings.pt
8AMN	6	G	G	1	9	f5c005dbc9421e9e20741dbd79a9ec6fee3bfbe26329d278c4dc4db143c02d17	0	0	full_sequence	1	0	/storage9920/home/tinghao.xia/Data_FM/RNA_FM_embeddings/8AMN/rnafm_t12_residue_embeddings.pt
8AMN	7	H	H	1	9	f5c005dbc9421e9e20741dbd79a9ec6fee3bfbe26329d278c4dc4db143c02d17	0	0	full_sequence	1	0	/storage9920/home/tinghao.xia/Data_FM/RNA_FM_embeddings/8AMN/rnafm_t12_residue_embeddings.pt
8AMN	8	I	I	1	9	f5c005dbc9421e9e20741dbd79a9ec6fee3bfbe26329d278c4dc4db143c02d17	0	0	full_sequence	1	0	/storage9920/home/tinghao.xia/Data_FM/RNA_FM_embeddings/8AMN/rnafm_t12_residue_embeddings.pt
8AMN	9	J	J	1	9	f5c005dbc9421e9e20741dbd79a9ec6fee3bfbe26329d278c4dc4db143c02d17	0	0	full_sequence	1	0	/storage9920/home/tinghao.xia/Data_FM/RNA_FM_embeddings/8AMN/rnafm_t12_residue_embeddings.pt
8AMN	10	K	K	1	9	f5c005dbc9421e9e20741dbd79a9ec6fee3bfbe26329d278c4dc4db143c02d17	0	0	full_sequence	1	0	/storage9920/home/tinghao.xia/Data_FM/RNA_FM_embeddings/8AMN/rnafm_t12_residue_embeddings.pt
8AMN	11	L	L	1	9	f5c005dbc9421e9e20741dbd79a9ec6fee3bfbe26329d278c4dc4db143c02d17	0	0	full_sequence	1	0	/storage9920/home/tinghao.xia/Data_FM/RNA_FM_embeddings/8AMN/rnafm_t12_residue_embeddings.pt
8AMN	12	M	M	1	9	f5c005dbc9421e9e20741dbd79a9ec6fee3bfbe26329d278c4dc4db143c02d17	0	0	full_sequence	1	0	/storage9920/home/tinghao.xia/Data_FM/RNA_FM_embeddings/8AMN/rnafm_t12_residue_embeddings.pt
8AMN	13	N	N	1	9	f5c005dbc9421e9e20741dbd79a9ec6fee3bfbe26329d278c4dc4db143c02d17	0	0	full_sequence	1	0	/storage9920/home/tinghao.xia/Data_FM/RNA_FM_embeddings/8AMN/rnafm_t12_residue_embeddings.pt
8AMN	14	O	O	1	9	f5c005dbc9421e9e20741dbd79a9ec6fee3bfbe26329d278c4dc4db143c02d17	0	0	full_sequence	1	0	/storage9920/home/tinghao.xia/Data_FM/RNA_FM_embeddings/8AMN/rnafm_t12_residue_embeddings.pt
8AMN	15	P	P	1	9	f5c005dbc9421e9e20741dbd79a9ec6fee3bfbe26329d278c4dc4db143c02d17	0	0	full_sequence	1	0	/storage9920/home/tinghao.xia/Data_FM/RNA_FM_embeddings/8AMN/rnafm_t12_residue_embeddings.pt
8AMN	16	Q	Q	1	9	f5c005dbc9421e9e20741dbd79a9ec6fee3bfbe26329d278c4dc4db143c02d17	0	0	full_sequence	1	0	/storage9920/home/tinghao.xia/Data_FM/RNA_FM_embeddings/8AMN/rnafm_t12_residue_embeddings.pt
8AMN	17	R	R	1	9	f5c005dbc9421e9e20741dbd79a9ec6fee3bfbe26329d278c4dc4db143c02d17	0	0	full_sequence	1	0	/storage9920/home/tinghao.xia/Data_FM/RNA_FM_embeddings/8AMN/rnafm_t12_residue_embeddings.pt
8AMN	18	S	S	1	9	f5c005dbc9421e9e20741dbd79a9ec6fee3bfbe26329d278c4dc4db143c02d17	0	0	full_sequence	1	0	/storage9920/home/tinghao.xia/Data_FM/RNA_FM_embeddings/8AMN/rnafm_t12_residue_embeddings.pt
8AMN	19	T	T	1	9	f5c005dbc9421e9e20741dbd79a9ec6fee3bfbe26329d278c4dc4db143c02d17	0	0	full_sequence	1	0	/storage9920/home/tinghao.xia/Data_FM/RNA_FM_embeddings/8AMN/rnafm_t12_residue_embeddings.pt
8AMN	20	U	U	1	9	f5c005dbc9421e9e20741dbd79a9ec6fee3bfbe26329d278c4dc4db143c02d17	0	0	full_sequence	1	0	/storage9920/home/tinghao.xia/Data_FM/RNA_FM_embeddings/8AMN/rnafm_t12_residue_embeddings.pt
8AMN	21	V	V	1	9	f5c005dbc9421e9e20741dbd79a9ec6fee3bfbe26329d278c4dc4db143c02d17	0	0	full_sequence	1	0	/storage9920/home/tinghao.xia/Data_FM/RNA_FM_embeddings/8AMN/rnafm_t12_residue_embeddings.pt
8AMN	22	Y	W	1	9	f5c005dbc9421e9e20741dbd79a9ec6fee3bfbe26329d278c4dc4db143c02d17	0	0	full_sequence	1	0	/storage9920/home/tinghao.xia/Data_FM/RNA_FM_embeddings/8AMN/rnafm_t12_residue_embeddings.pt
8AMN	23	Z	X	1	9	f5c005dbc9421e9e20741dbd79a9ec6fee3bfbe26329d278c4dc4db143c02d17	0	0	full_sequence	1	0	/storage9920/home/tinghao.xia/Data_FM/RNA_FM_embeddings/8AMN/rnafm_t12_residue_embeddings.pt
8AMN	24	a	Y	1	9	f5c005dbc9421e9e20741dbd79a9ec6fee3bfbe26329d278c4dc4db143c02d17	0	0	full_sequence	1	0	/storage9920/home/tinghao.xia/Data_FM/RNA_FM_embeddings/8AMN/rnafm_t12_residue_embeddings.pt
8AMN	25	b	Z	1	9	f5c005dbc9421e9e20741dbd79a9ec6fee3bfbe26329d278c4dc4db143c02d17	0	0	full_sequence	1	0	/storage9920/home/tinghao.xia/Data_FM/RNA_FM_embeddings/8AMN/rnafm_t12_residue_embeddings.pt
8AMN	26	c	AA	1	9	f5c005dbc9421e9e20741dbd79a9ec6fee3bfbe26329d278c4dc4db143c02d17	0	0	full_sequence	1	0	/storage9920/home/tinghao.xia/Data_FM/RNA_FM_embeddings/8AMN/rnafm_t12_residue_embeddings.pt
8AMN	27	d	AB	1	9	f5c005dbc9421e9e20741dbd79a9ec6fee3bfbe26329d278c4dc4db143c02d17	0	0	full_sequence	1	0	/storage9920/home/tinghao.xia/Data_FM/RNA_FM_embeddings/8AMN/rnafm_t12_residue_embeddings.pt
8BTZ	0	A	A	1	238	f3159d2df289b0126f2c5b9b3f42cd6c02dfc14bdc31868eacc2e597143113b3	0	0	full_sequence	1	0	/storage9920/home/tinghao.xia/Data_FM/RNA_FM_embeddings/8BTZ/rnafm_t12_residue_embeddings.pt
8BU8	0	A	A	1	354	570db9e84db458c876def1ce6073a28b2b4ae0e82d2360838710648c8f12cea6	0	0	full_sequence	1	0	/storage9920/home/tinghao.xia/Data_FM/RNA_FM_embeddings/8BU8/rnafm_t12_residue_embeddings.pt
8BWT	0	A	A	1	26	d15d5f26d1ba7ab848808a6bc49428212a2b485e529f545360de2d5a133420de	0	0	full_sequence	1	0	/storage9920/home/tinghao.xia/Data_FM/RNA_FM_embeddings/8BWT/rnafm_t12_residue_embeddings.pt
8CF2	0	A	A	1	11	1e353a747e2f935727857e03a4706442912960da101740c556b84de0c5ce9f9a	0	0	full_sequence	1	0	/storage9920/home/tinghao.xia/Data_FM/RNA_FM_embeddings/8CF2/rnafm_t12_residue_embeddings.pt
8CF2	1	B	B	2	11	6d5b297bd26aef09eee09777cc39292dadf594f447809a7503cf4925aaa5c493	0	0	full_sequence	1	0	/storage9920/home/tinghao.xia/Data_FM/RNA_FM_embeddings/8CF2/rnafm_t12_residue_embeddings.pt
8CLM	0	A	A	1	9	13033ab414f1dfea4765c010253db4372aea765458f7069ec962d898a45e1e33	0	0	full_sequence	1	0	/storage9920/home/tinghao.xia/Data_FM/RNA_FM_embeddings/8CLM/rnafm_t12_residue_embeddings.pt
8CLM	1	B	B	1	9	13033ab414f1dfea4765c010253db4372aea765458f7069ec962d898a45e1e33	0	0	full_sequence	1	0	/storage9920/home/tinghao.xia/Data_FM/RNA_FM_embeddings/8CLM/rnafm_t12_residue_embeddings.pt
8CLM	2	C	C	1	9	13033ab414f1dfea4765c010253db4372aea765458f7069ec962d898a45e1e33	0	0	full_sequence	1	0	/storage9920/home/tinghao.xia/Data_FM/RNA_FM_embeddings/8CLM/rnafm_t12_residue_embeddings.pt
8CLM	3	D	D	2	9	9dbd03d87416267759d7368bc596c4c15aab031b0037d6b66afc34e614931f8e	0	0	full_sequence	1	0	/storage9920/home/tinghao.xia/Data_FM/RNA_FM_embeddings/8CLM/rnafm_t12_residue_embeddings.pt
8CLM	4	E	E	2	9	9dbd03d87416267759d7368bc596c4c15aab031b0037d6b66afc34e614931f8e	0	0	full_sequence	1	0	/storage9920/home/tinghao.xia/Data_FM/RNA_FM_embeddings/8CLM/rnafm_t12_residue_embeddings.pt
8CLM	5	F	F	2	9	9dbd03d87416267759d7368bc596c4c15aab031b0037d6b66afc34e614931f8e	0	0	full_sequence	1	0	/storage9920/home/tinghao.xia/Data_FM/RNA_FM_embeddings/8CLM/rnafm_t12_residue_embeddings.pt
8CLR	0	A	A	1	14	291e893894b982c064fa968ffdea5700336b54975c614f0795bf8c7723de9414	0	0	full_sequence	1	0	/storage9920/home/tinghao.xia/Data_FM/RNA_FM_embeddings/8CLR/rnafm_t12_residue_embeddings.pt
8CQ1	0	A	A	1	44	f73cf127f6e354a78ca4aebafa1980301829163d766dc1930a4323d6bff35dca	0	0	full_sequence	1	0	/storage9920/home/tinghao.xia/Data_FM/RNA_FM_embeddings/8CQ1/rnafm_t12_residue_embeddings.pt
8D28	0	B	A	1	33	cce6037d72c1a636fbaf380994331f10bd891279a175bb459f511b088cafd889	0	0	full_sequence	1	0	/storage9920/home/tinghao.xia/Data_FM/RNA_FM_embeddings/8D28/rnafm_t12_residue_embeddings.pt
8D28	1	A	B	1	33	cce6037d72c1a636fbaf380994331f10bd891279a175bb459f511b088cafd889	0	0	full_sequence	1	0	/storage9920/home/tinghao.xia/Data_FM/RNA_FM_embeddings/8D28/rnafm_t12_residue_embeddings.pt
8D2A	0	A	A	1	33	cce6037d72c1a636fbaf380994331f10bd891279a175bb459f511b088cafd889	0	0	full_sequence	1	0	/storage9920/home/tinghao.xia/Data_FM/RNA_FM_embeddings/8D2A/rnafm_t12_residue_embeddings.pt
8D2A	1	B	B	1	33	cce6037d72c1a636fbaf380994331f10bd891279a175bb459f511b088cafd889	0	0	full_sequence	1	0	/storage9920/home/tinghao.xia/Data_FM/RNA_FM_embeddings/8D2A/rnafm_t12_residue_embeddings.pt
8D2B	0	A	A	1	33	cce6037d72c1a636fbaf380994331f10bd891279a175bb459f511b088cafd889	0	0	full_sequence	1	0	/storage9920/home/tinghao.xia/Data_FM/RNA_FM_embeddings/8D2B/rnafm_t12_residue_embeddings.pt
8D2B	1	B	B	1	33	cce6037d72c1a636fbaf380994331f10bd891279a175bb459f511b088cafd889	0	0	full_sequence	1	0	/storage9920/home/tinghao.xia/Data_FM/RNA_FM_embeddings/8D2B/rnafm_t12_residue_embeddings.pt
8D5L	0	A	A	1	33	cce6037d72c1a636fbaf380994331f10bd891279a175bb459f511b088cafd889	0	0	full_sequence	1	0	/storage9920/home/tinghao.xia/Data_FM/RNA_FM_embeddings/8D5L/rnafm_t12_residue_embeddings.pt
8D5L	1	B	B	1	33	cce6037d72c1a636fbaf380994331f10bd891279a175bb459f511b088cafd889	0	0	full_sequence	1	0	/storage9920/home/tinghao.xia/Data_FM/RNA_FM_embeddings/8D5L/rnafm_t12_residue_embeddings.pt
8D5L	2	C	C	1	33	cce6037d72c1a636fbaf380994331f10bd891279a175bb459f511b088cafd889	0	0	full_sequence	1	0	/storage9920/home/tinghao.xia/Data_FM/RNA_FM_embeddings/8D5L/rnafm_t12_residue_embeddings.pt
8D5L	3	D	D	1	33	cce6037d72c1a636fbaf380994331f10bd891279a175bb459f511b088cafd889	0	0	full_sequence	1	0	/storage9920/home/tinghao.xia/Data_FM/RNA_FM_embeddings/8D5L/rnafm_t12_residue_embeddings.pt
8D5O	0	A	A	1	33	cce6037d72c1a636fbaf380994331f10bd891279a175bb459f511b088cafd889	0	0	full_sequence	1	0	/storage9920/home/tinghao.xia/Data_FM/RNA_FM_embeddings/8D5O/rnafm_t12_residue_embeddings.pt
8D5O	1	B	B	1	33	cce6037d72c1a636fbaf380994331f10bd891279a175bb459f511b088cafd889	0	0	full_sequence	1	0	/storage9920/home/tinghao.xia/Data_FM/RNA_FM_embeddings/8D5O/rnafm_t12_residue_embeddings.pt
8EYU	0	B	A	1	49	5041001965e82af44a7332f155e11a287d3da527e13f5dc0b125bc0ff9e744db	0	0	full_sequence	1	0	/storage9920/home/tinghao.xia/Data_FM/RNA_FM_embeddings/8EYU/rnafm_t12_residue_embeddings.pt
8EYU	1	A	B	1	49	5041001965e82af44a7332f155e11a287d3da527e13f5dc0b125bc0ff9e744db	0	0	full_sequence	1	0	/storage9920/home/tinghao.xia/Data_FM/RNA_FM_embeddings/8EYU/rnafm_t12_residue_embeddings.pt
8EYV	0	A	A	1	49	5041001965e82af44a7332f155e11a287d3da527e13f5dc0b125bc0ff9e744db	0	0	full_sequence	1	0	/storage9920/home/tinghao.xia/Data_FM/RNA_FM_embeddings/8EYV/rnafm_t12_residue_embeddings.pt
8EYV	1	B	B	1	49	5041001965e82af44a7332f155e11a287d3da527e13f5dc0b125bc0ff9e744db	0	0	full_sequence	1	0	/storage9920/home/tinghao.xia/Data_FM/RNA_FM_embeddings/8EYV/rnafm_t12_residue_embeddings.pt
8EYW	0	B	A	1	49	5041001965e82af44a7332f155e11a287d3da527e13f5dc0b125bc0ff9e744db	0	0	full_sequence	1	0	/storage9920/home/tinghao.xia/Data_FM/RNA_FM_embeddings/8EYW/rnafm_t12_residue_embeddings.pt
8EYW	1	A	B	1	49	5041001965e82af44a7332f155e11a287d3da527e13f5dc0b125bc0ff9e744db	0	0	full_sequence	1	0	/storage9920/home/tinghao.xia/Data_FM/RNA_FM_embeddings/8EYW/rnafm_t12_residue_embeddings.pt
8F0N	0	B	A	1	49	8f659fd3a180d514305b03cac40b1ea9e8082280169c7af1e9bf9952d9b45676	0	0	full_sequence	1	0	/storage9920/home/tinghao.xia/Data_FM/RNA_FM_embeddings/8F0N/rnafm_t12_residue_embeddings.pt
8F0N	1	A	B	1	49	8f659fd3a180d514305b03cac40b1ea9e8082280169c7af1e9bf9952d9b45676	0	0	full_sequence	1	0	/storage9920/home/tinghao.xia/Data_FM/RNA_FM_embeddings/8F0N/rnafm_t12_residue_embeddings.pt
8F24	0	C	A	1	8	67bc0210ee21bfd35477f1f5ae78307e0006f457356c2f4c0eb67d54a2dbae19	3	3	full_sequence	1	0	/storage9920/home/tinghao.xia/Data_FM/RNA_FM_embeddings/8F24/rnafm_t12_residue_embeddings.pt
8F24	1	A	B	1	8	67bc0210ee21bfd35477f1f5ae78307e0006f457356c2f4c0eb67d54a2dbae19	3	3	full_sequence	1	0	/storage9920/home/tinghao.xia/Data_FM/RNA_FM_embeddings/8F24/rnafm_t12_residue_embeddings.pt
8F24	2	E	C	1	8	67bc0210ee21bfd35477f1f5ae78307e0006f457356c2f4c0eb67d54a2dbae19	3	3	full_sequence	1	0	/storage9920/home/tinghao.xia/Data_FM/RNA_FM_embeddings/8F24/rnafm_t12_residue_embeddings.pt
8F24	3	D	D	1	8	67bc0210ee21bfd35477f1f5ae78307e0006f457356c2f4c0eb67d54a2dbae19	3	3	full_sequence	1	0	/storage9920/home/tinghao.xia/Data_FM/RNA_FM_embeddings/8F24/rnafm_t12_residue_embeddings.pt
8F24	4	B	E	1	8	67bc0210ee21bfd35477f1f5ae78307e0006f457356c2f4c0eb67d54a2dbae19	3	3	full_sequence	1	0	/storage9920/home/tinghao.xia/Data_FM/RNA_FM_embeddings/8F24/rnafm_t12_residue_embeddings.pt
8F24	5	F	F	1	8	67bc0210ee21bfd35477f1f5ae78307e0006f457356c2f4c0eb67d54a2dbae19	3	3	full_sequence	1	0	/storage9920/home/tinghao.xia/Data_FM/RNA_FM_embeddings/8F24/rnafm_t12_residue_embeddings.pt
8F4O	0	A	A	1	83	79dc9078a98d9e05e7a644ce8cd19e5a54fe597adc0f6f83a7cd865a4dbfab21	0	0	full_sequence	1	0	/storage9920/home/tinghao.xia/Data_FM/RNA_FM_embeddings/8F4O/rnafm_t12_residue_embeddings.pt
8F4O	1	B	B	1	83	79dc9078a98d9e05e7a644ce8cd19e5a54fe597adc0f6f83a7cd865a4dbfab21	0	0	full_sequence	1	0	/storage9920/home/tinghao.xia/Data_FM/RNA_FM_embeddings/8F4O/rnafm_t12_residue_embeddings.pt
8FB3	0	A	A	1	34	ece479b524f9463b6ee1e753cf3ec8aa50c27ce239fff6dc8bafcd8099a0c440	0	0	full_sequence	1	0	/storage9920/home/tinghao.xia/Data_FM/RNA_FM_embeddings/8FB3/rnafm_t12_residue_embeddings.pt
8FB3	1	B	B	1	34	ece479b524f9463b6ee1e753cf3ec8aa50c27ce239fff6dc8bafcd8099a0c440	0	0	full_sequence	1	0	/storage9920/home/tinghao.xia/Data_FM/RNA_FM_embeddings/8FB3/rnafm_t12_residue_embeddings.pt
8FB3	2	C	C	1	34	ece479b524f9463b6ee1e753cf3ec8aa50c27ce239fff6dc8bafcd8099a0c440	0	0	full_sequence	1	0	/storage9920/home/tinghao.xia/Data_FM/RNA_FM_embeddings/8FB3/rnafm_t12_residue_embeddings.pt
8FCS	0	A	A	1	71	028ddf57aa8e21ab9db096bb02474d096990a4a6dbe6ea9c3fa6a155ab0b2d53	0	0	full_sequence	1	0	/storage9920/home/tinghao.xia/Data_FM/RNA_FM_embeddings/8FCS/rnafm_t12_residue_embeddings.pt
8FEO	0	AAA	A	1	16	6db8fb0d682bce63fd97163f29da5ed27d1cd11da362a98b9c9c68dd9a7a0f3c	0	0	full_sequence	1	0	/storage9920/home/tinghao.xia/Data_FM/RNA_FM_embeddings/8FEO/rnafm_t12_residue_embeddings.pt
8FEP	0	AAA	A	1	16	4fcb8dad856021287f3be1f7bc20cb3feb72c5c3202427db87682a54daea4e66	0	0	full_sequence	1	0	/storage9920/home/tinghao.xia/Data_FM/RNA_FM_embeddings/8FEP/rnafm_t12_residue_embeddings.pt
8FEQ	0	AAA	A	1	16	6db8fb0d682bce63fd97163f29da5ed27d1cd11da362a98b9c9c68dd9a7a0f3c	0	0	full_sequence	1	0	/storage9920/home/tinghao.xia/Data_FM/RNA_FM_embeddings/8FEQ/rnafm_t12_residue_embeddings.pt
8FER	0	AAA	A	1	16	4fcb8dad856021287f3be1f7bc20cb3feb72c5c3202427db87682a54daea4e66	0	0	full_sequence	1	0	/storage9920/home/tinghao.xia/Data_FM/RNA_FM_embeddings/8FER/rnafm_t12_residue_embeddings.pt
8FER	1	BBB	B	1	16	4fcb8dad856021287f3be1f7bc20cb3feb72c5c3202427db87682a54daea4e66	0	0	full_sequence	1	0	/storage9920/home/tinghao.xia/Data_FM/RNA_FM_embeddings/8FER/rnafm_t12_residue_embeddings.pt
8FW4	0	Z	A	1	210	7fcabf4e0778e8e9d5501c0d332743cbe04d32585cc56cf137bb1e38f3e34b5f	0	0	full_sequence	1	0	/storage9920/home/tinghao.xia/Data_FM/RNA_FM_embeddings/8FW4/rnafm_t12_residue_embeddings.pt
8FZA	0	A	A	1	30	d00cb7b2e16a570477d441b3bb85b36a502e359045975a95a5367d5c2b061505	0	0	full_sequence	1	0	/storage9920/home/tinghao.xia/Data_FM/RNA_FM_embeddings/8FZA/rnafm_t12_residue_embeddings.pt
8FZA	1	B	B	1	30	d00cb7b2e16a570477d441b3bb85b36a502e359045975a95a5367d5c2b061505	0	0	full_sequence	1	0	/storage9920/home/tinghao.xia/Data_FM/RNA_FM_embeddings/8FZA/rnafm_t12_residue_embeddings.pt
8HB1	0	A	A	1	24	6047e33f7d041def46e16b21b29d8577e7a9aef5fb51e53ac76e49ee1e50cdf6	0	0	full_sequence	1	0	/storage9920/home/tinghao.xia/Data_FM/RNA_FM_embeddings/8HB1/rnafm_t12_residue_embeddings.pt
8HB1	1	B	B	2	30	97d16303e8088c7902be7d18a7ea6497f7e5b1198def0a79c59194fc15b04f23	0	0	full_sequence	1	0	/storage9920/home/tinghao.xia/Data_FM/RNA_FM_embeddings/8HB1/rnafm_t12_residue_embeddings.pt
8HB3	0	A	A	1	24	6047e33f7d041def46e16b21b29d8577e7a9aef5fb51e53ac76e49ee1e50cdf6	0	0	full_sequence	1	0	/storage9920/home/tinghao.xia/Data_FM/RNA_FM_embeddings/8HB3/rnafm_t12_residue_embeddings.pt
8HB3	1	B	B	2	31	16edbdb64fce98d03db670c328a0db783b75d35fda3460744d9475524472d879	0	0	full_sequence	1	0	/storage9920/home/tinghao.xia/Data_FM/RNA_FM_embeddings/8HB3/rnafm_t12_residue_embeddings.pt
8HB8	0	A	A	1	55	a6def9ff247c0f890bd37fff65d42decb9852d429928b7f08b91605f22be432a	0	0	full_sequence	1	0	/storage9920/home/tinghao.xia/Data_FM/RNA_FM_embeddings/8HB8/rnafm_t12_residue_embeddings.pt
8HBA	0	A	A	1	56	cb0a16964cc7b9068c53df96fa8fc730e2bcfeaac508e8e402a293b23f3c8796	0	0	full_sequence	1	0	/storage9920/home/tinghao.xia/Data_FM/RNA_FM_embeddings/8HBA/rnafm_t12_residue_embeddings.pt
8HBA	1	B	B	1	56	cb0a16964cc7b9068c53df96fa8fc730e2bcfeaac508e8e402a293b23f3c8796	0	0	full_sequence	1	0	/storage9920/home/tinghao.xia/Data_FM/RNA_FM_embeddings/8HBA/rnafm_t12_residue_embeddings.pt
8HD6	0	N	A	1	419	2783db690610635dff6cbeb08f160ff942e8b51e20a2f2bbf3af240091f6ec5e	0	0	full_sequence	1	0	/storage9920/home/tinghao.xia/Data_FM/RNA_FM_embeddings/8HD6/rnafm_t12_residue_embeddings.pt
8HD7	0	N	A	1	419	2783db690610635dff6cbeb08f160ff942e8b51e20a2f2bbf3af240091f6ec5e	0	0	full_sequence	1	0	/storage9920/home/tinghao.xia/Data_FM/RNA_FM_embeddings/8HD7/rnafm_t12_residue_embeddings.pt
8HZD	0	A	A	1	36	a5a0f9f40c128d46be8d446bb8b5312b3d661627118eedf70a431eb605938d8e	0	0	full_sequence	1	0	/storage9920/home/tinghao.xia/Data_FM/RNA_FM_embeddings/8HZD/rnafm_t12_residue_embeddings.pt
8HZD	1	B	B	2	36	a5a0f9f40c128d46be8d446bb8b5312b3d661627118eedf70a431eb605938d8e	0	0	full_sequence	1	0	/storage9920/home/tinghao.xia/Data_FM/RNA_FM_embeddings/8HZD/rnafm_t12_residue_embeddings.pt
8HZE	0	A	A	1	35	dae8b248b98373a49aee2054f35495e5d201cb1dbea8c6c91c3bfc196389654a	0	0	full_sequence	1	0	/storage9920/home/tinghao.xia/Data_FM/RNA_FM_embeddings/8HZE/rnafm_t12_residue_embeddings.pt
8HZE	1	B	B	1	35	dae8b248b98373a49aee2054f35495e5d201cb1dbea8c6c91c3bfc196389654a	0	0	full_sequence	1	0	/storage9920/home/tinghao.xia/Data_FM/RNA_FM_embeddings/8HZE/rnafm_t12_residue_embeddings.pt
8HZF	0	A	A	1	35	dae8b248b98373a49aee2054f35495e5d201cb1dbea8c6c91c3bfc196389654a	0	0	full_sequence	1	0	/storage9920/home/tinghao.xia/Data_FM/RNA_FM_embeddings/8HZF/rnafm_t12_residue_embeddings.pt
8HZF	1	B	B	1	35	dae8b248b98373a49aee2054f35495e5d201cb1dbea8c6c91c3bfc196389654a	0	0	full_sequence	1	0	/storage9920/home/tinghao.xia/Data_FM/RNA_FM_embeddings/8HZF/rnafm_t12_residue_embeddings.pt
8HZJ	0	A	A	1	35	dae8b248b98373a49aee2054f35495e5d201cb1dbea8c6c91c3bfc196389654a	0	0	full_sequence	1	0	/storage9920/home/tinghao.xia/Data_FM/RNA_FM_embeddings/8HZJ/rnafm_t12_residue_embeddings.pt
8HZJ	1	B	B	1	35	dae8b248b98373a49aee2054f35495e5d201cb1dbea8c6c91c3bfc196389654a	0	0	full_sequence	1	0	/storage9920/home/tinghao.xia/Data_FM/RNA_FM_embeddings/8HZJ/rnafm_t12_residue_embeddings.pt
8HZK	0	A	A	1	36	a5a0f9f40c128d46be8d446bb8b5312b3d661627118eedf70a431eb605938d8e	0	0	full_sequence	1	0	/storage9920/home/tinghao.xia/Data_FM/RNA_FM_embeddings/8HZK/rnafm_t12_residue_embeddings.pt
8HZK	1	B	B	1	36	a5a0f9f40c128d46be8d446bb8b5312b3d661627118eedf70a431eb605938d8e	0	0	full_sequence	1	0	/storage9920/home/tinghao.xia/Data_FM/RNA_FM_embeddings/8HZK/rnafm_t12_residue_embeddings.pt
8HZL	0	A	A	1	84	217ce689883834b65bb4dea2b39ef12a4f2c01a3b7d8ed32325be6fd4084a15d	0	0	full_sequence	1	0	/storage9920/home/tinghao.xia/Data_FM/RNA_FM_embeddings/8HZL/rnafm_t12_residue_embeddings.pt
8HZL	1	B	B	1	84	217ce689883834b65bb4dea2b39ef12a4f2c01a3b7d8ed32325be6fd4084a15d	0	0	full_sequence	1	0	/storage9920/home/tinghao.xia/Data_FM/RNA_FM_embeddings/8HZL/rnafm_t12_residue_embeddings.pt
8HZM	0	A	A	1	35	dae8b248b98373a49aee2054f35495e5d201cb1dbea8c6c91c3bfc196389654a	0	0	full_sequence	1	0	/storage9920/home/tinghao.xia/Data_FM/RNA_FM_embeddings/8HZM/rnafm_t12_residue_embeddings.pt
8HZM	1	B	B	1	35	dae8b248b98373a49aee2054f35495e5d201cb1dbea8c6c91c3bfc196389654a	0	0	full_sequence	1	0	/storage9920/home/tinghao.xia/Data_FM/RNA_FM_embeddings/8HZM/rnafm_t12_residue_embeddings.pt
8I3Z	0	A	A	1	24	6047e33f7d041def46e16b21b29d8577e7a9aef5fb51e53ac76e49ee1e50cdf6	0	0	full_sequence	1	0	/storage9920/home/tinghao.xia/Data_FM/RNA_FM_embeddings/8I3Z/rnafm_t12_residue_embeddings.pt
8I3Z	1	B	B	2	31	16edbdb64fce98d03db670c328a0db783b75d35fda3460744d9475524472d879	0	0	full_sequence	1	0	/storage9920/home/tinghao.xia/Data_FM/RNA_FM_embeddings/8I3Z/rnafm_t12_residue_embeddings.pt
8I43	0	A	A	1	19	fb42eb2fef3f3efb9c5e4074fdd516447361cf01ebe2a852377b8aa31d8e0f66	0	0	full_sequence	1	0	/storage9920/home/tinghao.xia/Data_FM/RNA_FM_embeddings/8I43/rnafm_t12_residue_embeddings.pt
8I44	0	A	A	1	19	c03484e1f75bd939c540e672af9277473e74cb897c59e8c21184c3d8f0dc0f04	0	0	full_sequence	1	0	/storage9920/home/tinghao.xia/Data_FM/RNA_FM_embeddings/8I44/rnafm_t12_residue_embeddings.pt
8I45	0	A	A	1	19	5a88240bb45351aee4531e9f1627899012822836ace2845faef21ffb936e08ad	0	0	full_sequence	1	0	/storage9920/home/tinghao.xia/Data_FM/RNA_FM_embeddings/8I45/rnafm_t12_residue_embeddings.pt
8I46	0	A	A	1	19	8766212704fa9a8a30427a6c40839345ee1e4e1790e6d300cbed4cc4585343ac	0	0	full_sequence	1	0	/storage9920/home/tinghao.xia/Data_FM/RNA_FM_embeddings/8I46/rnafm_t12_residue_embeddings.pt
8I7N	0	N	A	1	418	05e2217aec4d6a60c421eded7fb46f969befa93be553c3cdc273b27871c041ab	0	0	full_sequence	1	0	/storage9920/home/tinghao.xia/Data_FM/RNA_FM_embeddings/8I7N/rnafm_t12_residue_embeddings.pt
8ITS	0	A	A	1	46	48cd52dbd438a168776de99b7119de9617aeceba81b57f1ad4ef70dfd7ff9f5b	0	0	full_sequence	1	0	/storage9920/home/tinghao.xia/Data_FM/RNA_FM_embeddings/8ITS/rnafm_t12_residue_embeddings.pt
8JHP	0	A	A	1	27	e6aabe084feff1704e589a3f8152d82dd4b4369bcd8840be7031d73e41604516	0	0	full_sequence	1	0	/storage9920/home/tinghao.xia/Data_FM/RNA_FM_embeddings/8JHP/rnafm_t12_residue_embeddings.pt
8K0P	0	A	A	1	633	98dab1ec55ed5b539e3c47942ae12a77b6d859b1dfa052975935b178a9391629	0	0	full_sequence	1	0	/storage9920/home/tinghao.xia/Data_FM/RNA_FM_embeddings/8K0P/rnafm_t12_residue_embeddings.pt
8K0P	1	C	B	1	633	98dab1ec55ed5b539e3c47942ae12a77b6d859b1dfa052975935b178a9391629	0	0	full_sequence	1	0	/storage9920/home/tinghao.xia/Data_FM/RNA_FM_embeddings/8K0P/rnafm_t12_residue_embeddings.pt
8K0S	0	A	A	1	637	60243604887e870b842e0b90d2e40fa69bb780446ff581b841bd7a73c5f8443f	0	0	full_sequence	1	0	/storage9920/home/tinghao.xia/Data_FM/RNA_FM_embeddings/8K0S/rnafm_t12_residue_embeddings.pt
8K0S	1	C	B	1	637	60243604887e870b842e0b90d2e40fa69bb780446ff581b841bd7a73c5f8443f	0	0	full_sequence	1	0	/storage9920/home/tinghao.xia/Data_FM/RNA_FM_embeddings/8K0S/rnafm_t12_residue_embeddings.pt
8K0Y	0	A	A	1	56	85289a6307f4924e4c11ef93bea0b0afab33af446453cba0da054ba938437524	0	0	full_sequence	1	0	/storage9920/home/tinghao.xia/Data_FM/RNA_FM_embeddings/8K0Y/rnafm_t12_residue_embeddings.pt
8K0Y	1	B	B	1	56	85289a6307f4924e4c11ef93bea0b0afab33af446453cba0da054ba938437524	0	0	full_sequence	1	0	/storage9920/home/tinghao.xia/Data_FM/RNA_FM_embeddings/8K0Y/rnafm_t12_residue_embeddings.pt
8K15	0	C	A	1	621	6bf1a158c5ed812542fc129df438a0d797f5c828e357b416e0e05bb6c1da71b1	0	0	full_sequence	1	0	/storage9920/home/tinghao.xia/Data_FM/RNA_FM_embeddings/8K15/rnafm_t12_residue_embeddings.pt
8K1E	0	A	A	1	58	706c3c812c5125db355f2b063a9762afc5c5c05fc2701dfe589bd571884b8210	0	0	full_sequence	1	0	/storage9920/home/tinghao.xia/Data_FM/RNA_FM_embeddings/8K1E/rnafm_t12_residue_embeddings.pt
8K1E	1	B	B	1	58	706c3c812c5125db355f2b063a9762afc5c5c05fc2701dfe589bd571884b8210	0	0	full_sequence	1	0	/storage9920/home/tinghao.xia/Data_FM/RNA_FM_embeddings/8K1E/rnafm_t12_residue_embeddings.pt
8K2Z	0	A	A	1	57	42a763d29a32343895283148199e046894a14dd04921e443637dfedb6096b594	0	0	full_sequence	1	0	/storage9920/home/tinghao.xia/Data_FM/RNA_FM_embeddings/8K2Z/rnafm_t12_residue_embeddings.pt
8K2Z	1	B	B	1	57	42a763d29a32343895283148199e046894a14dd04921e443637dfedb6096b594	0	0	full_sequence	1	0	/storage9920/home/tinghao.xia/Data_FM/RNA_FM_embeddings/8K2Z/rnafm_t12_residue_embeddings.pt
8K30	0	A	A	1	56	85289a6307f4924e4c11ef93bea0b0afab33af446453cba0da054ba938437524	0	0	full_sequence	1	0	/storage9920/home/tinghao.xia/Data_FM/RNA_FM_embeddings/8K30/rnafm_t12_residue_embeddings.pt
8K30	1	B	B	1	56	85289a6307f4924e4c11ef93bea0b0afab33af446453cba0da054ba938437524	0	0	full_sequence	1	0	/storage9920/home/tinghao.xia/Data_FM/RNA_FM_embeddings/8K30/rnafm_t12_residue_embeddings.pt
8K7W	0	A	A	1	49	6b3b899417810af16de61b8a4b43d36b32486be3c09ec2ebd90714f1d8c66477	0	0	full_sequence	1	0	/storage9920/home/tinghao.xia/Data_FM/RNA_FM_embeddings/8K7W/rnafm_t12_residue_embeddings.pt
8K85	0	A	A	1	56	a8705d6a4d60bb9ec168ce7faf7f23f483b6ce69ffa6862b55740d1fcb5e2cdf	0	0	full_sequence	1	0	/storage9920/home/tinghao.xia/Data_FM/RNA_FM_embeddings/8K85/rnafm_t12_residue_embeddings.pt
8K85	1	B	B	1	56	a8705d6a4d60bb9ec168ce7faf7f23f483b6ce69ffa6862b55740d1fcb5e2cdf	0	0	full_sequence	1	0	/storage9920/home/tinghao.xia/Data_FM/RNA_FM_embeddings/8K85/rnafm_t12_residue_embeddings.pt
8K8B	0	A	A	1	19	0579e43d4f1fbcbcb73e66d8c3859b65fecc5c47bbb5dae3814161ee7be52596	0	0	full_sequence	1	0	/storage9920/home/tinghao.xia/Data_FM/RNA_FM_embeddings/8K8B/rnafm_t12_residue_embeddings.pt
8KEB	0	A	A	1	72	b0eff653848cb64a636129368dbf876edd3fbea3bf3ced615e579f4e4100912e	0	0	full_sequence	1	0	/storage9920/home/tinghao.xia/Data_FM/RNA_FM_embeddings/8KEB/rnafm_t12_residue_embeddings.pt
8KED	0	A	A	1	72	b0eff653848cb64a636129368dbf876edd3fbea3bf3ced615e579f4e4100912e	0	0	full_sequence	1	0	/storage9920/home/tinghao.xia/Data_FM/RNA_FM_embeddings/8KED/rnafm_t12_residue_embeddings.pt
8KHH	0	A	A	1	71	d0407b0bb2c2f0b89ae4eb71bc8a216ef170b32300a8c3f2d129b31b1d2593cb	0	0	full_sequence	1	0	/storage9920/home/tinghao.xia/Data_FM/RNA_FM_embeddings/8KHH/rnafm_t12_residue_embeddings.pt
8KHH	1	B	B	1	71	d0407b0bb2c2f0b89ae4eb71bc8a216ef170b32300a8c3f2d129b31b1d2593cb	0	0	full_sequence	1	0	/storage9920/home/tinghao.xia/Data_FM/RNA_FM_embeddings/8KHH/rnafm_t12_residue_embeddings.pt
8OLS	0	A	A	1	394	78abda676da8c1c253d77d4090da8bcb1e70c512cae5196e9d914b9c8245bef6	0	0	full_sequence	1	0	/storage9920/home/tinghao.xia/Data_FM/RNA_FM_embeddings/8OLS/rnafm_t12_residue_embeddings.pt
8OLV	0	A	A	1	394	78abda676da8c1c253d77d4090da8bcb1e70c512cae5196e9d914b9c8245bef6	0	0	full_sequence	1	0	/storage9920/home/tinghao.xia/Data_FM/RNA_FM_embeddings/8OLV/rnafm_t12_residue_embeddings.pt
8OLW	0	A	A	1	396	d7aa2361c35c33aadcdf196ec1e255a385e956b3c82ea078eda4ea87cb3e3bfa	0	0	full_sequence	1	0	/storage9920/home/tinghao.xia/Data_FM/RNA_FM_embeddings/8OLW/rnafm_t12_residue_embeddings.pt
8OLY	0	A	A	1	391	025eac5f839dd5489bb256851cb2f9b9ff818795cacee31023aa82f3ebc469c9	0	0	full_sequence	1	0	/storage9920/home/tinghao.xia/Data_FM/RNA_FM_embeddings/8OLY/rnafm_t12_residue_embeddings.pt
8OLY	1	B	B	2	5	d381fd08ddb35e2a3128c315609e7ee8a20828080159d0ed5a23402ca8e6cb98	0	0	full_sequence	1	0	/storage9920/home/tinghao.xia/Data_FM/RNA_FM_embeddings/8OLY/rnafm_t12_residue_embeddings.pt
8OLZ	0	A	A	1	391	025eac5f839dd5489bb256851cb2f9b9ff818795cacee31023aa82f3ebc469c9	0	0	full_sequence	1	0	/storage9920/home/tinghao.xia/Data_FM/RNA_FM_embeddings/8OLZ/rnafm_t12_residue_embeddings.pt
8OLZ	1	B	B	2	6	75b84b33c4044a471d047b5610219955d178afded19579aaffd62579b56625ca	0	0	full_sequence	1	0	/storage9920/home/tinghao.xia/Data_FM/RNA_FM_embeddings/8OLZ/rnafm_t12_residue_embeddings.pt
8OM0	0	A	A	1	394	78abda676da8c1c253d77d4090da8bcb1e70c512cae5196e9d914b9c8245bef6	0	0	full_sequence	1	0	/storage9920/home/tinghao.xia/Data_FM/RNA_FM_embeddings/8OM0/rnafm_t12_residue_embeddings.pt
8PFK	0	A	A	1	12	1ebf43bc82c9eaa5e9b2f361bc75b00cdcba058aeeca434f19fdd2661c498c6c	0	0	full_sequence	1	0	/storage9920/home/tinghao.xia/Data_FM/RNA_FM_embeddings/8PFK/rnafm_t12_residue_embeddings.pt
8PFQ	0	A	A	1	12	1ebf43bc82c9eaa5e9b2f361bc75b00cdcba058aeeca434f19fdd2661c498c6c	0	0	full_sequence	1	0	/storage9920/home/tinghao.xia/Data_FM/RNA_FM_embeddings/8PFQ/rnafm_t12_residue_embeddings.pt
8PFQ	1	B	B	1	12	1ebf43bc82c9eaa5e9b2f361bc75b00cdcba058aeeca434f19fdd2661c498c6c	0	0	full_sequence	1	0	/storage9920/home/tinghao.xia/Data_FM/RNA_FM_embeddings/8PFQ/rnafm_t12_residue_embeddings.pt
8Q4O	0	A	A	1	23	b1f5df0e0da759bed7d90a92179f655cb6a2dad6a80c4aed45f84f1601e2e314	0	0	full_sequence	1	0	/storage9920/home/tinghao.xia/Data_FM/RNA_FM_embeddings/8Q4O/rnafm_t12_residue_embeddings.pt
8Q6N	0	A	A	1	46	a3c3b833524a2c9ab737d3fb0383f36e7cec99ae38d82664ae7c46058a1bab37	0	0	full_sequence	1	0	/storage9920/home/tinghao.xia/Data_FM/RNA_FM_embeddings/8Q6N/rnafm_t12_residue_embeddings.pt
8QMH	0	A	A	1	6	f57fdf741c7e86012d01c2707d5088c7568937a704ac65ab10d663952381cf85	0	0	full_sequence	1	0	/storage9920/home/tinghao.xia/Data_FM/RNA_FM_embeddings/8QMH/rnafm_t12_residue_embeddings.pt
8QMH	1	B	B	1	6	f57fdf741c7e86012d01c2707d5088c7568937a704ac65ab10d663952381cf85	0	0	full_sequence	1	0	/storage9920/home/tinghao.xia/Data_FM/RNA_FM_embeddings/8QMH/rnafm_t12_residue_embeddings.pt
8QMH	2	C	C	1	6	f57fdf741c7e86012d01c2707d5088c7568937a704ac65ab10d663952381cf85	0	0	full_sequence	1	0	/storage9920/home/tinghao.xia/Data_FM/RNA_FM_embeddings/8QMH/rnafm_t12_residue_embeddings.pt
8QMH	3	D	D	1	6	f57fdf741c7e86012d01c2707d5088c7568937a704ac65ab10d663952381cf85	0	0	full_sequence	1	0	/storage9920/home/tinghao.xia/Data_FM/RNA_FM_embeddings/8QMH/rnafm_t12_residue_embeddings.pt
8QMI	0	A	A	1	6	f57fdf741c7e86012d01c2707d5088c7568937a704ac65ab10d663952381cf85	0	0	full_sequence	1	0	/storage9920/home/tinghao.xia/Data_FM/RNA_FM_embeddings/8QMI/rnafm_t12_residue_embeddings.pt
8QMI	1	B	B	1	6	f57fdf741c7e86012d01c2707d5088c7568937a704ac65ab10d663952381cf85	0	0	full_sequence	1	0	/storage9920/home/tinghao.xia/Data_FM/RNA_FM_embeddings/8QMI/rnafm_t12_residue_embeddings.pt
8QMI	2	C	C	1	6	f57fdf741c7e86012d01c2707d5088c7568937a704ac65ab10d663952381cf85	0	0	full_sequence	1	0	/storage9920/home/tinghao.xia/Data_FM/RNA_FM_embeddings/8QMI/rnafm_t12_residue_embeddings.pt
8QMI	3	D	D	1	6	f57fdf741c7e86012d01c2707d5088c7568937a704ac65ab10d663952381cf85	0	0	full_sequence	1	0	/storage9920/home/tinghao.xia/Data_FM/RNA_FM_embeddings/8QMI/rnafm_t12_residue_embeddings.pt
8QO2	0	A	A	1	222	67ec77ec1927e46a8f974b0841914ea085854eadc2249fea7b229de9e6f9963d	0	0	full_sequence	1	0	/storage9920/home/tinghao.xia/Data_FM/RNA_FM_embeddings/8QO2/rnafm_t12_residue_embeddings.pt
8QO3	0	A	A	1	118	fcea9d760c226670f460f03ff4f7ea9b383a9426a41617908e3f0725dfbfb914	0	0	full_sequence	1	0	/storage9920/home/tinghao.xia/Data_FM/RNA_FM_embeddings/8QO3/rnafm_t12_residue_embeddings.pt
8QO4	0	A	A	1	156	94a1afecd82fb169d4283a4b98e4bc8c94870aa50cbf4a51f392b6e2be088c67	0	0	full_sequence	1	0	/storage9920/home/tinghao.xia/Data_FM/RNA_FM_embeddings/8QO4/rnafm_t12_residue_embeddings.pt
8QO5	0	A	A	1	145	f7099ec5737cf8828fe06ba601794052855f5689e5337c67cb29c90de83133c3	0	0	full_sequence	1	0	/storage9920/home/tinghao.xia/Data_FM/RNA_FM_embeddings/8QO5/rnafm_t12_residue_embeddings.pt
8R62	0	A	A	1	11	1e353a747e2f935727857e03a4706442912960da101740c556b84de0c5ce9f9a	0	0	full_sequence	1	0	/storage9920/home/tinghao.xia/Data_FM/RNA_FM_embeddings/8R62/rnafm_t12_residue_embeddings.pt
8R62	1	B	B	2	11	6d5b297bd26aef09eee09777cc39292dadf594f447809a7503cf4925aaa5c493	0	0	full_sequence	1	0	/storage9920/home/tinghao.xia/Data_FM/RNA_FM_embeddings/8R62/rnafm_t12_residue_embeddings.pt
8R63	0	A	A	1	11	1e353a747e2f935727857e03a4706442912960da101740c556b84de0c5ce9f9a	0	0	full_sequence	1	0	/storage9920/home/tinghao.xia/Data_FM/RNA_FM_embeddings/8R63/rnafm_t12_residue_embeddings.pt
8R63	1	B	B	2	11	6d5b297bd26aef09eee09777cc39292dadf594f447809a7503cf4925aaa5c493	0	0	full_sequence	1	0	/storage9920/home/tinghao.xia/Data_FM/RNA_FM_embeddings/8R63/rnafm_t12_residue_embeddings.pt
8R8P	0	A	A	1	11	1e353a747e2f935727857e03a4706442912960da101740c556b84de0c5ce9f9a	0	0	full_sequence	1	0	/storage9920/home/tinghao.xia/Data_FM/RNA_FM_embeddings/8R8P/rnafm_t12_residue_embeddings.pt
8R8P	1	B	B	2	11	6d5b297bd26aef09eee09777cc39292dadf594f447809a7503cf4925aaa5c493	0	0	full_sequence	1	0	/storage9920/home/tinghao.xia/Data_FM/RNA_FM_embeddings/8R8P/rnafm_t12_residue_embeddings.pt
8RUH	0	A	A	1	391	025eac5f839dd5489bb256851cb2f9b9ff818795cacee31023aa82f3ebc469c9	0	0	full_sequence	1	0	/storage9920/home/tinghao.xia/Data_FM/RNA_FM_embeddings/8RUH/rnafm_t12_residue_embeddings.pt
8RUH	1	B	B	2	6	75b84b33c4044a471d047b5610219955d178afded19579aaffd62579b56625ca	0	0	full_sequence	1	0	/storage9920/home/tinghao.xia/Data_FM/RNA_FM_embeddings/8RUH/rnafm_t12_residue_embeddings.pt
8RUI	0	A	A	1	391	025eac5f839dd5489bb256851cb2f9b9ff818795cacee31023aa82f3ebc469c9	0	0	full_sequence	1	0	/storage9920/home/tinghao.xia/Data_FM/RNA_FM_embeddings/8RUI/rnafm_t12_residue_embeddings.pt
8RUJ	0	A	A	1	391	025eac5f839dd5489bb256851cb2f9b9ff818795cacee31023aa82f3ebc469c9	0	0	full_sequence	1	0	/storage9920/home/tinghao.xia/Data_FM/RNA_FM_embeddings/8RUJ/rnafm_t12_residue_embeddings.pt
8RUK	0	A	A	1	394	78abda676da8c1c253d77d4090da8bcb1e70c512cae5196e9d914b9c8245bef6	0	0	full_sequence	1	0	/storage9920/home/tinghao.xia/Data_FM/RNA_FM_embeddings/8RUK/rnafm_t12_residue_embeddings.pt
8RUL	0	A	A	1	394	78abda676da8c1c253d77d4090da8bcb1e70c512cae5196e9d914b9c8245bef6	0	0	full_sequence	1	0	/storage9920/home/tinghao.xia/Data_FM/RNA_FM_embeddings/8RUL/rnafm_t12_residue_embeddings.pt
8RUM	0	A	A	1	394	78abda676da8c1c253d77d4090da8bcb1e70c512cae5196e9d914b9c8245bef6	0	0	full_sequence	1	0	/storage9920/home/tinghao.xia/Data_FM/RNA_FM_embeddings/8RUM/rnafm_t12_residue_embeddings.pt
8RUN	0	A	A	1	394	78abda676da8c1c253d77d4090da8bcb1e70c512cae5196e9d914b9c8245bef6	0	0	full_sequence	1	0	/storage9920/home/tinghao.xia/Data_FM/RNA_FM_embeddings/8RUN/rnafm_t12_residue_embeddings.pt
8S6W	0	A	A	1	36	ed174daa8acad9ffc7dc92eb337d1b1e5d4d35864464cb0696c16a8242307e23	0	0	full_sequence	1	0	/storage9920/home/tinghao.xia/Data_FM/RNA_FM_embeddings/8S6W/rnafm_t12_residue_embeddings.pt
8S6W	1	B	B	1	36	ed174daa8acad9ffc7dc92eb337d1b1e5d4d35864464cb0696c16a8242307e23	0	0	full_sequence	1	0	/storage9920/home/tinghao.xia/Data_FM/RNA_FM_embeddings/8S6W/rnafm_t12_residue_embeddings.pt
8S6W	2	C	C	2	36	852f8b5a193b6e1bd3efbf322278adff06a76e2520674b1b1e4dc7ee2760b5c8	0	0	full_sequence	1	0	/storage9920/home/tinghao.xia/Data_FM/RNA_FM_embeddings/8S6W/rnafm_t12_residue_embeddings.pt
8S6W	3	D	D	2	36	852f8b5a193b6e1bd3efbf322278adff06a76e2520674b1b1e4dc7ee2760b5c8	0	0	full_sequence	1	0	/storage9920/home/tinghao.xia/Data_FM/RNA_FM_embeddings/8S6W/rnafm_t12_residue_embeddings.pt
8S95	0	C	A	1	157	ab902745838f97e51552d25b317123ccb1ead0b52c0555e3187a87dd3b0d2ed4	0	0	full_sequence	1	0	/storage9920/home/tinghao.xia/Data_FM/RNA_FM_embeddings/8S95/rnafm_t12_residue_embeddings.pt
8SA2	0	A	A	1	210	7fcabf4e0778e8e9d5501c0d332743cbe04d32585cc56cf137bb1e38f3e34b5f	0	0	full_sequence	1	0	/storage9920/home/tinghao.xia/Data_FM/RNA_FM_embeddings/8SA2/rnafm_t12_residue_embeddings.pt
8SA2	1	B	B	1	210	7fcabf4e0778e8e9d5501c0d332743cbe04d32585cc56cf137bb1e38f3e34b5f	0	0	full_sequence	1	0	/storage9920/home/tinghao.xia/Data_FM/RNA_FM_embeddings/8SA2/rnafm_t12_residue_embeddings.pt
8SA3	0	A	A	1	210	7fcabf4e0778e8e9d5501c0d332743cbe04d32585cc56cf137bb1e38f3e34b5f	0	0	full_sequence	1	0	/storage9920/home/tinghao.xia/Data_FM/RNA_FM_embeddings/8SA3/rnafm_t12_residue_embeddings.pt
8SA3	1	B	B	1	210	7fcabf4e0778e8e9d5501c0d332743cbe04d32585cc56cf137bb1e38f3e34b5f	0	0	full_sequence	1	0	/storage9920/home/tinghao.xia/Data_FM/RNA_FM_embeddings/8SA3/rnafm_t12_residue_embeddings.pt
8SA4	0	A	A	1	210	7fcabf4e0778e8e9d5501c0d332743cbe04d32585cc56cf137bb1e38f3e34b5f	0	0	full_sequence	1	0	/storage9920/home/tinghao.xia/Data_FM/RNA_FM_embeddings/8SA4/rnafm_t12_residue_embeddings.pt
8SA4	1	B	B	1	210	7fcabf4e0778e8e9d5501c0d332743cbe04d32585cc56cf137bb1e38f3e34b5f	0	0	full_sequence	1	0	/storage9920/home/tinghao.xia/Data_FM/RNA_FM_embeddings/8SA4/rnafm_t12_residue_embeddings.pt
8SA5	0	A	A	1	210	7fcabf4e0778e8e9d5501c0d332743cbe04d32585cc56cf137bb1e38f3e34b5f	0	0	full_sequence	1	0	/storage9920/home/tinghao.xia/Data_FM/RNA_FM_embeddings/8SA5/rnafm_t12_residue_embeddings.pt
8SA5	1	B	B	1	210	7fcabf4e0778e8e9d5501c0d332743cbe04d32585cc56cf137bb1e38f3e34b5f	0	0	full_sequence	1	0	/storage9920/home/tinghao.xia/Data_FM/RNA_FM_embeddings/8SA5/rnafm_t12_residue_embeddings.pt
8SA6	0	A	A	1	210	7fcabf4e0778e8e9d5501c0d332743cbe04d32585cc56cf137bb1e38f3e34b5f	0	0	full_sequence	1	0	/storage9920/home/tinghao.xia/Data_FM/RNA_FM_embeddings/8SA6/rnafm_t12_residue_embeddings.pt
8SA6	1	B	B	1	210	7fcabf4e0778e8e9d5501c0d332743cbe04d32585cc56cf137bb1e38f3e34b5f	0	0	full_sequence	1	0	/storage9920/home/tinghao.xia/Data_FM/RNA_FM_embeddings/8SA6/rnafm_t12_residue_embeddings.pt
8SCF	0	A	A	1	30	5136634f9b402cf6afd191c4b8919c8e1304264ed5cd8155ca919bb62113b9c1	0	0	full_sequence	1	0	/storage9920/home/tinghao.xia/Data_FM/RNA_FM_embeddings/8SCF/rnafm_t12_residue_embeddings.pt
8SCH	0	A	A	1	68	1a7c1337e32e20e5960f53f1131dee9bf4e3d23ca3ed42a09ad1ad43091890ac	0	0	full_sequence	1	0	/storage9920/home/tinghao.xia/Data_FM/RNA_FM_embeddings/8SCH/rnafm_t12_residue_embeddings.pt
8SKQ	0	A	A	1	12	6a9dec7bc62fad16dd126781330574b6f57e731143047314daf1eb7d53ff1897	1	1	full_sequence	1	0	/storage9920/home/tinghao.xia/Data_FM/RNA_FM_embeddings/8SKQ/rnafm_t12_residue_embeddings.pt
8SP9	0	C	A	1	153	2f4c7bceb2b7bbae797cb1376141e6aae8ebc1ab9ae63e7cf34f9c6a008fabd3	0	0	full_sequence	1	0	/storage9920/home/tinghao.xia/Data_FM/RNA_FM_embeddings/8SP9/rnafm_t12_residue_embeddings.pt
8SWG	0	A	A	1	14	f2dad839faf84c5d59c7498d1b40eef836703e1f5648b7580ad75970940a46c2	3	0	full_sequence	1	0	/storage9920/home/tinghao.xia/Data_FM/RNA_FM_embeddings/8SWG/rnafm_t12_residue_embeddings.pt
8SWG	1	B	B	1	14	f2dad839faf84c5d59c7498d1b40eef836703e1f5648b7580ad75970940a46c2	3	0	full_sequence	1	0	/storage9920/home/tinghao.xia/Data_FM/RNA_FM_embeddings/8SWG/rnafm_t12_residue_embeddings.pt
8SWO	0	A	A	1	14	cb45a5e5b86e482e71b26e13395126c1a83a12fec7760d9ed6bb136a41356bf9	2	0	full_sequence	1	0	/storage9920/home/tinghao.xia/Data_FM/RNA_FM_embeddings/8SWO/rnafm_t12_residue_embeddings.pt
8SWO	1	B	B	1	14	cb45a5e5b86e482e71b26e13395126c1a83a12fec7760d9ed6bb136a41356bf9	2	0	full_sequence	1	0	/storage9920/home/tinghao.xia/Data_FM/RNA_FM_embeddings/8SWO/rnafm_t12_residue_embeddings.pt
8SX5	0	A	A	1	14	1f7be34f84884e4cc90c681875a321a441f5d8463d2169d03077d4c7d7acfd48	2	0	full_sequence	1	0	/storage9920/home/tinghao.xia/Data_FM/RNA_FM_embeddings/8SX5/rnafm_t12_residue_embeddings.pt
8SX5	1	B	B	1	14	1f7be34f84884e4cc90c681875a321a441f5d8463d2169d03077d4c7d7acfd48	2	0	full_sequence	1	0	/storage9920/home/tinghao.xia/Data_FM/RNA_FM_embeddings/8SX5/rnafm_t12_residue_embeddings.pt
8SX6	0	A	A	1	14	cb45a5e5b86e482e71b26e13395126c1a83a12fec7760d9ed6bb136a41356bf9	2	0	full_sequence	1	0	/storage9920/home/tinghao.xia/Data_FM/RNA_FM_embeddings/8SX6/rnafm_t12_residue_embeddings.pt
8SX6	1	B	B	1	14	cb45a5e5b86e482e71b26e13395126c1a83a12fec7760d9ed6bb136a41356bf9	2	0	full_sequence	1	0	/storage9920/home/tinghao.xia/Data_FM/RNA_FM_embeddings/8SX6/rnafm_t12_residue_embeddings.pt
8SXL	0	A	A	1	14	8d7d7c34a40a894f2176f126b78cd8c83c93da8e464a49d1afc51974684d077f	0	0	full_sequence	1	0	/storage9920/home/tinghao.xia/Data_FM/RNA_FM_embeddings/8SXL/rnafm_t12_residue_embeddings.pt
8SXL	1	B	B	1	14	8d7d7c34a40a894f2176f126b78cd8c83c93da8e464a49d1afc51974684d077f	0	0	full_sequence	1	0	/storage9920/home/tinghao.xia/Data_FM/RNA_FM_embeddings/8SXL/rnafm_t12_residue_embeddings.pt
8SY1	0	A	A	1	14	cb45a5e5b86e482e71b26e13395126c1a83a12fec7760d9ed6bb136a41356bf9	2	0	full_sequence	1	0	/storage9920/home/tinghao.xia/Data_FM/RNA_FM_embeddings/8SY1/rnafm_t12_residue_embeddings.pt
8SY1	1	B	B	1	14	cb45a5e5b86e482e71b26e13395126c1a83a12fec7760d9ed6bb136a41356bf9	2	0	full_sequence	1	0	/storage9920/home/tinghao.xia/Data_FM/RNA_FM_embeddings/8SY1/rnafm_t12_residue_embeddings.pt
8SY1	2	C	C	1	14	cb45a5e5b86e482e71b26e13395126c1a83a12fec7760d9ed6bb136a41356bf9	2	0	full_sequence	1	0	/storage9920/home/tinghao.xia/Data_FM/RNA_FM_embeddings/8SY1/rnafm_t12_residue_embeddings.pt
8SY1	3	D	D	1	14	cb45a5e5b86e482e71b26e13395126c1a83a12fec7760d9ed6bb136a41356bf9	2	0	full_sequence	1	0	/storage9920/home/tinghao.xia/Data_FM/RNA_FM_embeddings/8SY1/rnafm_t12_residue_embeddings.pt
8SYK	0	A	A	1	107	c17c3e7517cc047ba3fe6c99113bc6563219880674dfc1213ca2c686b0b3fc0f	0	0	full_sequence	1	0	/storage9920/home/tinghao.xia/Data_FM/RNA_FM_embeddings/8SYK/rnafm_t12_residue_embeddings.pt
8SYK	1	B	B	1	107	c17c3e7517cc047ba3fe6c99113bc6563219880674dfc1213ca2c686b0b3fc0f	0	0	full_sequence	1	0	/storage9920/home/tinghao.xia/Data_FM/RNA_FM_embeddings/8SYK/rnafm_t12_residue_embeddings.pt
8SYK	2	C	C	1	107	c17c3e7517cc047ba3fe6c99113bc6563219880674dfc1213ca2c686b0b3fc0f	0	0	full_sequence	1	0	/storage9920/home/tinghao.xia/Data_FM/RNA_FM_embeddings/8SYK/rnafm_t12_residue_embeddings.pt
8SYK	3	D	D	1	107	c17c3e7517cc047ba3fe6c99113bc6563219880674dfc1213ca2c686b0b3fc0f	0	0	full_sequence	1	0	/storage9920/home/tinghao.xia/Data_FM/RNA_FM_embeddings/8SYK/rnafm_t12_residue_embeddings.pt
8T2P	0	A	A	1	135	99d00c6a438f2cd738b402ed8814ccff008b04fb1b809d3b7cccba5e22899b95	0	0	full_sequence	1	0	/storage9920/home/tinghao.xia/Data_FM/RNA_FM_embeddings/8T2P/rnafm_t12_residue_embeddings.pt
8T2P	1	B	B	2	152	9a8ec8d9ccf833a185b157ec7e96c9e69fa9ca451a5c2db79c9709ff3872527b	0	0	full_sequence	1	0	/storage9920/home/tinghao.xia/Data_FM/RNA_FM_embeddings/8T2P/rnafm_t12_residue_embeddings.pt
8T5O	0	A	A	1	124	1f554ce9c1b0dcd834abc06a59962f31704958f38e195b700bba611df93f8f50	0	0	full_sequence	1	0	/storage9920/home/tinghao.xia/Data_FM/RNA_FM_embeddings/8T5O/rnafm_t12_residue_embeddings.pt
8TDY	0	A	A	1	16	8c7001acb69b5295dbea5ddf3cc10fe434cfc7537722ef2dc303f08f07f8f8eb	0	0	full_sequence	1	0	/storage9920/home/tinghao.xia/Data_FM/RNA_FM_embeddings/8TDY/rnafm_t12_residue_embeddings.pt
8TDZ	0	A	A	1	16	72a986d1a2b451ab1d41476f78b6fe58eb8b4828c88269d889c1fcb3d676f875	0	0	full_sequence	1	0	/storage9920/home/tinghao.xia/Data_FM/RNA_FM_embeddings/8TDZ/rnafm_t12_residue_embeddings.pt
8TE0	0	A	A	1	16	fc347b9e46350d43d5b8a8ae959098a2aab6dc2493085ee56f42b23da1a69de2	0	0	full_sequence	1	0	/storage9920/home/tinghao.xia/Data_FM/RNA_FM_embeddings/8TE0/rnafm_t12_residue_embeddings.pt
8TE2	0	A	A	1	16	47056c6e5fe065c122dcd4caa2feaa3ca8c37ddec9fd6b66aae46e41723b8ef8	0	0	full_sequence	1	0	/storage9920/home/tinghao.xia/Data_FM/RNA_FM_embeddings/8TE2/rnafm_t12_residue_embeddings.pt
8THV	0	A	A	1	29	009a3155c2070b7e2bc7fe4b01041587c3baab2a9836a546f93403572b2f4f52	0	0	full_sequence	1	0	/storage9920/home/tinghao.xia/Data_FM/RNA_FM_embeddings/8THV/rnafm_t12_residue_embeddings.pt
8TJQ	0	N	A	1	440	52d69eac261422fea3a334ea7eb552215ecc33cdc4d1a8b7733bca4f93d0d78a	0	0	full_sequence	1	0	/storage9920/home/tinghao.xia/Data_FM/RNA_FM_embeddings/8TJQ/rnafm_t12_residue_embeddings.pt
8TJV	0	A	A	1	417	81ab027bd630ba078448f6a5cab47755a3ab77b137174fd4d02c4bfb5bdf9ff2	0	0	full_sequence	1	0	/storage9920/home/tinghao.xia/Data_FM/RNA_FM_embeddings/8TJV/rnafm_t12_residue_embeddings.pt
8TJX	0	N	A	1	440	52d69eac261422fea3a334ea7eb552215ecc33cdc4d1a8b7733bca4f93d0d78a	0	0	full_sequence	1	0	/storage9920/home/tinghao.xia/Data_FM/RNA_FM_embeddings/8TJX/rnafm_t12_residue_embeddings.pt
8TKJ	0	A	A	1	124	1f554ce9c1b0dcd834abc06a59962f31704958f38e195b700bba611df93f8f50	0	0	full_sequence	1	0	/storage9920/home/tinghao.xia/Data_FM/RNA_FM_embeddings/8TKJ/rnafm_t12_residue_embeddings.pt
8TKK	0	A	A	1	107	c17c3e7517cc047ba3fe6c99113bc6563219880674dfc1213ca2c686b0b3fc0f	0	0	full_sequence	1	0	/storage9920/home/tinghao.xia/Data_FM/RNA_FM_embeddings/8TKK/rnafm_t12_residue_embeddings.pt
8TNS	0	A	A	1	24	8edc6cc98a842817a86217aae041ffa420854cf81a7e3c31c5d3286578b7434e	0	0	full_sequence	1	0	/storage9920/home/tinghao.xia/Data_FM/RNA_FM_embeddings/8TNS/rnafm_t12_residue_embeddings.pt
8TOZ	0	A	A	1	101	8db1d75e5d25c37b9dc1cbfd4c8bb70e2764599d34b6b6b4a58dad5241139307	0	0	full_sequence	1	0	/storage9920/home/tinghao.xia/Data_FM/RNA_FM_embeddings/8TOZ/rnafm_t12_residue_embeddings.pt
8TQX	0	A	A	1	19	3f8c305329e6e5957ee938f9a71d6d468d5357d74c7d6bbecb271b3920ac4d9a	0	0	full_sequence	1	0	/storage9920/home/tinghao.xia/Data_FM/RNA_FM_embeddings/8TQX/rnafm_t12_residue_embeddings.pt
8TQX	1	D	B	1	19	3f8c305329e6e5957ee938f9a71d6d468d5357d74c7d6bbecb271b3920ac4d9a	0	0	full_sequence	1	0	/storage9920/home/tinghao.xia/Data_FM/RNA_FM_embeddings/8TQX/rnafm_t12_residue_embeddings.pt
8TSV	0	A	A	1	25	33fa98b146bbc584d24ea026ed75bbee30302b902227bd02fe76419fe4b73117	0	0	full_sequence	1	0	/storage9920/home/tinghao.xia/Data_FM/RNA_FM_embeddings/8TSV/rnafm_t12_residue_embeddings.pt
8TSV	1	B	B	1	25	33fa98b146bbc584d24ea026ed75bbee30302b902227bd02fe76419fe4b73117	0	0	full_sequence	1	0	/storage9920/home/tinghao.xia/Data_FM/RNA_FM_embeddings/8TSV/rnafm_t12_residue_embeddings.pt
8TSV	2	C	C	1	25	33fa98b146bbc584d24ea026ed75bbee30302b902227bd02fe76419fe4b73117	0	0	full_sequence	1	0	/storage9920/home/tinghao.xia/Data_FM/RNA_FM_embeddings/8TSV/rnafm_t12_residue_embeddings.pt
8TSV	3	D	D	1	25	33fa98b146bbc584d24ea026ed75bbee30302b902227bd02fe76419fe4b73117	0	0	full_sequence	1	0	/storage9920/home/tinghao.xia/Data_FM/RNA_FM_embeddings/8TSV/rnafm_t12_residue_embeddings.pt
8TVZ	0	C	A	1	363	c8464c14b2e8bee2b2a44991545f12bbc60ba9dc0138d2002755ddf5154972f7	0	0	full_sequence	1	0	/storage9920/home/tinghao.xia/Data_FM/RNA_FM_embeddings/8TVZ/rnafm_t12_residue_embeddings.pt
8U3M	0	A	A	1	31	05ebaf97483edbd2c33761512590f2a806aa70b8c2ecad78863e0bcc708d9772	0	0	full_sequence	1	0	/storage9920/home/tinghao.xia/Data_FM/RNA_FM_embeddings/8U3M/rnafm_t12_residue_embeddings.pt
8U5J	0	A	A	1	36	0a2cb0b2f60f091d0ee22294e844ef442cbd0229339c290bb4df4c2c8e7eac9e	0	0	full_sequence	1	0	/storage9920/home/tinghao.xia/Data_FM/RNA_FM_embeddings/8U5J/rnafm_t12_residue_embeddings.pt
8U5K	0	A	A	1	36	0bdbf96ead2bceb94db9fe5b026b7364b70e5559c92c1e3704226d6567c1b1da	0	0	full_sequence	1	0	/storage9920/home/tinghao.xia/Data_FM/RNA_FM_embeddings/8U5K/rnafm_t12_residue_embeddings.pt
8U5K	1	B	B	1	36	0bdbf96ead2bceb94db9fe5b026b7364b70e5559c92c1e3704226d6567c1b1da	0	0	full_sequence	1	0	/storage9920/home/tinghao.xia/Data_FM/RNA_FM_embeddings/8U5K/rnafm_t12_residue_embeddings.pt
8U5K	2	C	C	1	36	0bdbf96ead2bceb94db9fe5b026b7364b70e5559c92c1e3704226d6567c1b1da	0	0	full_sequence	1	0	/storage9920/home/tinghao.xia/Data_FM/RNA_FM_embeddings/8U5K/rnafm_t12_residue_embeddings.pt
8U5P	0	A	A	1	36	0bdbf96ead2bceb94db9fe5b026b7364b70e5559c92c1e3704226d6567c1b1da	0	0	full_sequence	1	0	/storage9920/home/tinghao.xia/Data_FM/RNA_FM_embeddings/8U5P/rnafm_t12_residue_embeddings.pt
8U5P	1	B	B	1	36	0bdbf96ead2bceb94db9fe5b026b7364b70e5559c92c1e3704226d6567c1b1da	0	0	full_sequence	1	0	/storage9920/home/tinghao.xia/Data_FM/RNA_FM_embeddings/8U5P/rnafm_t12_residue_embeddings.pt
8U5P	2	C	C	1	36	0bdbf96ead2bceb94db9fe5b026b7364b70e5559c92c1e3704226d6567c1b1da	0	0	full_sequence	1	0	/storage9920/home/tinghao.xia/Data_FM/RNA_FM_embeddings/8U5P/rnafm_t12_residue_embeddings.pt
8U5R	0	A	A	1	36	e3351fd63bae44d5bf0c4cfdbab298c4cdbba2e5e90ef917ec43c80e1fcf62a1	0	0	full_sequence	1	0	/storage9920/home/tinghao.xia/Data_FM/RNA_FM_embeddings/8U5R/rnafm_t12_residue_embeddings.pt
8U5R	1	B	B	1	36	e3351fd63bae44d5bf0c4cfdbab298c4cdbba2e5e90ef917ec43c80e1fcf62a1	0	0	full_sequence	1	0	/storage9920/home/tinghao.xia/Data_FM/RNA_FM_embeddings/8U5R/rnafm_t12_residue_embeddings.pt
8U5R	2	C	C	1	36	e3351fd63bae44d5bf0c4cfdbab298c4cdbba2e5e90ef917ec43c80e1fcf62a1	0	0	full_sequence	1	0	/storage9920/home/tinghao.xia/Data_FM/RNA_FM_embeddings/8U5R/rnafm_t12_residue_embeddings.pt
8U5T	0	A	A	1	36	e3351fd63bae44d5bf0c4cfdbab298c4cdbba2e5e90ef917ec43c80e1fcf62a1	0	0	full_sequence	1	0	/storage9920/home/tinghao.xia/Data_FM/RNA_FM_embeddings/8U5T/rnafm_t12_residue_embeddings.pt
8U5T	1	B	B	1	36	e3351fd63bae44d5bf0c4cfdbab298c4cdbba2e5e90ef917ec43c80e1fcf62a1	0	0	full_sequence	1	0	/storage9920/home/tinghao.xia/Data_FM/RNA_FM_embeddings/8U5T/rnafm_t12_residue_embeddings.pt
8U5T	2	C	C	1	36	e3351fd63bae44d5bf0c4cfdbab298c4cdbba2e5e90ef917ec43c80e1fcf62a1	0	0	full_sequence	1	0	/storage9920/home/tinghao.xia/Data_FM/RNA_FM_embeddings/8U5T/rnafm_t12_residue_embeddings.pt
8U5Z	0	A	A	1	36	e3351fd63bae44d5bf0c4cfdbab298c4cdbba2e5e90ef917ec43c80e1fcf62a1	0	0	full_sequence	1	0	/storage9920/home/tinghao.xia/Data_FM/RNA_FM_embeddings/8U5Z/rnafm_t12_residue_embeddings.pt
8U5Z	1	B	B	1	36	e3351fd63bae44d5bf0c4cfdbab298c4cdbba2e5e90ef917ec43c80e1fcf62a1	0	0	full_sequence	1	0	/storage9920/home/tinghao.xia/Data_FM/RNA_FM_embeddings/8U5Z/rnafm_t12_residue_embeddings.pt
8U5Z	2	C	C	1	36	e3351fd63bae44d5bf0c4cfdbab298c4cdbba2e5e90ef917ec43c80e1fcf62a1	0	0	full_sequence	1	0	/storage9920/home/tinghao.xia/Data_FM/RNA_FM_embeddings/8U5Z/rnafm_t12_residue_embeddings.pt
8U60	0	A	A	1	36	42dfab4478418623b48bc70aa0d2c8705547271eb102e24d6e06166722b0c3f6	0	0	full_sequence	1	0	/storage9920/home/tinghao.xia/Data_FM/RNA_FM_embeddings/8U60/rnafm_t12_residue_embeddings.pt
8U60	1	B	B	1	36	42dfab4478418623b48bc70aa0d2c8705547271eb102e24d6e06166722b0c3f6	0	0	full_sequence	1	0	/storage9920/home/tinghao.xia/Data_FM/RNA_FM_embeddings/8U60/rnafm_t12_residue_embeddings.pt
8U60	2	C	C	1	36	42dfab4478418623b48bc70aa0d2c8705547271eb102e24d6e06166722b0c3f6	0	0	full_sequence	1	0	/storage9920/home/tinghao.xia/Data_FM/RNA_FM_embeddings/8U60/rnafm_t12_residue_embeddings.pt
8UO6	0	A	A	1	134	d1ac730351b9ab59b39b71809efdc4b7fd9dc0b6a04ecb770bd79a9ca2e6234f	0	0	full_sequence	1	0	/storage9920/home/tinghao.xia/Data_FM/RNA_FM_embeddings/8UO6/rnafm_t12_residue_embeddings.pt
8UO6	1	B	B	1	134	d1ac730351b9ab59b39b71809efdc4b7fd9dc0b6a04ecb770bd79a9ca2e6234f	0	0	full_sequence	1	0	/storage9920/home/tinghao.xia/Data_FM/RNA_FM_embeddings/8UO6/rnafm_t12_residue_embeddings.pt
8UPT	0	A	A	1	71	353d60f7a9c83d2b7538eb55343fc3edc45715e24360df12aab8385ccc070c7f	0	0	full_sequence	1	0	/storage9920/home/tinghao.xia/Data_FM/RNA_FM_embeddings/8UPT/rnafm_t12_residue_embeddings.pt
8UPY	0	C	A	1	72	06baa57c0720aa5af629e4d3ffd1c8157857c1bb94a3674c5032ed00e7336c55	0	0	full_sequence	1	0	/storage9920/home/tinghao.xia/Data_FM/RNA_FM_embeddings/8UPY/rnafm_t12_residue_embeddings.pt
8UTG	0	A	A	1	21	d93d46fbe9b75709aa9d802fb548ce196352c981afc33e61c217b80f9bc9e2ab	0	0	full_sequence	1	0	/storage9920/home/tinghao.xia/Data_FM/RNA_FM_embeddings/8UTG/rnafm_t12_residue_embeddings.pt
8UTG	1	B	B	1	21	d93d46fbe9b75709aa9d802fb548ce196352c981afc33e61c217b80f9bc9e2ab	0	0	full_sequence	1	0	/storage9920/home/tinghao.xia/Data_FM/RNA_FM_embeddings/8UTG/rnafm_t12_residue_embeddings.pt
8UYE	0	A	A	1	135	43da3c4c1f178763f844d9b156ef97529ff692701574b9a480a01f1479b3f4fb	0	0	full_sequence	1	0	/storage9920/home/tinghao.xia/Data_FM/RNA_FM_embeddings/8UYE/rnafm_t12_residue_embeddings.pt
8UYG	0	A	A	1	135	43da3c4c1f178763f844d9b156ef97529ff692701574b9a480a01f1479b3f4fb	0	0	full_sequence	1	0	/storage9920/home/tinghao.xia/Data_FM/RNA_FM_embeddings/8UYG/rnafm_t12_residue_embeddings.pt
8UYJ	0	A	A	1	135	43da3c4c1f178763f844d9b156ef97529ff692701574b9a480a01f1479b3f4fb	0	0	full_sequence	1	0	/storage9920/home/tinghao.xia/Data_FM/RNA_FM_embeddings/8UYJ/rnafm_t12_residue_embeddings.pt
8UYK	0	A	A	1	135	a772450b7f006659fb5b3aedacfd1c03fc82356e62c5d9f331ee0afbf353974a	0	0	full_sequence	1	0	/storage9920/home/tinghao.xia/Data_FM/RNA_FM_embeddings/8UYK/rnafm_t12_residue_embeddings.pt
8UYL	0	A	A	1	135	a772450b7f006659fb5b3aedacfd1c03fc82356e62c5d9f331ee0afbf353974a	0	0	full_sequence	1	0	/storage9920/home/tinghao.xia/Data_FM/RNA_FM_embeddings/8UYL/rnafm_t12_residue_embeddings.pt
8UYM	0	A	A	1	135	a772450b7f006659fb5b3aedacfd1c03fc82356e62c5d9f331ee0afbf353974a	0	0	full_sequence	1	0	/storage9920/home/tinghao.xia/Data_FM/RNA_FM_embeddings/8UYM/rnafm_t12_residue_embeddings.pt
8UYP	0	A	A	1	143	c17bbd2f0b9c57b0dd3c09595a5f45db1c0dc5b9f3f46219e0bae87903bcb7aa	0	0	full_sequence	1	0	/storage9920/home/tinghao.xia/Data_FM/RNA_FM_embeddings/8UYP/rnafm_t12_residue_embeddings.pt
8UYS	0	A	A	1	124	6157861c4fd04fcfaa37bd03d64bb7fac04c878cf80f3327311dd077f8c6f949	0	0	full_sequence	1	0	/storage9920/home/tinghao.xia/Data_FM/RNA_FM_embeddings/8UYS/rnafm_t12_residue_embeddings.pt
8V1H	0	A	A	1	75	2239b0f716e64e57eddfb223bf899ae436aa0db2a0215367240c02ec99a2dc1e	0	0	full_sequence	1	0	/storage9920/home/tinghao.xia/Data_FM/RNA_FM_embeddings/8V1H/rnafm_t12_residue_embeddings.pt
8V1I	0	B	A	1	57	1ecaa762bf6d8d8503c784f1d92ef858881e8baf8e3363d7f92a324b2525cec9	0	0	full_sequence	1	0	/storage9920/home/tinghao.xia/Data_FM/RNA_FM_embeddings/8V1I/rnafm_t12_residue_embeddings.pt
8V1I	1	A	B	1	57	1ecaa762bf6d8d8503c784f1d92ef858881e8baf8e3363d7f92a324b2525cec9	0	0	full_sequence	1	0	/storage9920/home/tinghao.xia/Data_FM/RNA_FM_embeddings/8V1I/rnafm_t12_residue_embeddings.pt
8VAW	0	A	A	1	15	94cc75a911a8c354f7181903d71a3565048d2ecc63248f9e1e5a7db1acc89394	3	0	full_sequence	1	0	/storage9920/home/tinghao.xia/Data_FM/RNA_FM_embeddings/8VAW/rnafm_t12_residue_embeddings.pt
8VAW	1	B	B	1	15	94cc75a911a8c354f7181903d71a3565048d2ecc63248f9e1e5a7db1acc89394	3	0	full_sequence	1	0	/storage9920/home/tinghao.xia/Data_FM/RNA_FM_embeddings/8VAW/rnafm_t12_residue_embeddings.pt
8VAX	0	AAA	A	1	15	94cc75a911a8c354f7181903d71a3565048d2ecc63248f9e1e5a7db1acc89394	3	0	full_sequence	1	0	/storage9920/home/tinghao.xia/Data_FM/RNA_FM_embeddings/8VAX/rnafm_t12_residue_embeddings.pt
8VAX	1	BBB	B	1	15	94cc75a911a8c354f7181903d71a3565048d2ecc63248f9e1e5a7db1acc89394	3	0	full_sequence	1	0	/storage9920/home/tinghao.xia/Data_FM/RNA_FM_embeddings/8VAX/rnafm_t12_residue_embeddings.pt
8VCI	0	A	A	1	118	302cc3c5ac00051f040bab38a7c46589cdc77028d805ca8c5b38e71e472c5dc2	0	0	full_sequence	1	0	/storage9920/home/tinghao.xia/Data_FM/RNA_FM_embeddings/8VCI/rnafm_t12_residue_embeddings.pt
8VFS	0	A	A	1	27	7cc67bfce7709d3ea3736806b964290498a9d6f9b6ce1b8acf1494cae4791fbf	0	0	full_sequence	1	0	/storage9920/home/tinghao.xia/Data_FM/RNA_FM_embeddings/8VFS/rnafm_t12_residue_embeddings.pt
8VFS	1	B	B	1	27	7cc67bfce7709d3ea3736806b964290498a9d6f9b6ce1b8acf1494cae4791fbf	0	0	full_sequence	1	0	/storage9920/home/tinghao.xia/Data_FM/RNA_FM_embeddings/8VFS/rnafm_t12_residue_embeddings.pt
8VJT	0	A	A	1	6	f453bad2966d5cc820706234fbd7f678f329f59171286c838f87a8d6008e06f6	0	0	full_sequence	1	0	/storage9920/home/tinghao.xia/Data_FM/RNA_FM_embeddings/8VJT/rnafm_t12_residue_embeddings.pt
8VJT	1	B	B	1	6	f453bad2966d5cc820706234fbd7f678f329f59171286c838f87a8d6008e06f6	0	0	full_sequence	1	0	/storage9920/home/tinghao.xia/Data_FM/RNA_FM_embeddings/8VJT/rnafm_t12_residue_embeddings.pt
8VPV	0	A	A	1	100	4e126c94cbfdb893542f381d92e176584ffa019393c15e25ea20e72e04b858fd	0	0	full_sequence	1	0	/storage9920/home/tinghao.xia/Data_FM/RNA_FM_embeddings/8VPV/rnafm_t12_residue_embeddings.pt
8VQV	0	A	A	1	64	3ad45f7bed06509243666efc1d024abcdd667571c8febcd440940b404741f822	0	0	full_sequence	1	0	/storage9920/home/tinghao.xia/Data_FM/RNA_FM_embeddings/8VQV/rnafm_t12_residue_embeddings.pt
8VT5	0	A	A	1	60	de556885b5496d0cfe0df9ccd9553a68360da6d2ad7409b250da557c9f399103	0	0	full_sequence	1	0	/storage9920/home/tinghao.xia/Data_FM/RNA_FM_embeddings/8VT5/rnafm_t12_residue_embeddings.pt
8VVJ	0	A	A	1	64	3ad45f7bed06509243666efc1d024abcdd667571c8febcd440940b404741f822	0	0	full_sequence	1	0	/storage9920/home/tinghao.xia/Data_FM/RNA_FM_embeddings/8VVJ/rnafm_t12_residue_embeddings.pt
8VXX	0	A	A	1	36	0bdbf96ead2bceb94db9fe5b026b7364b70e5559c92c1e3704226d6567c1b1da	0	0	full_sequence	1	0	/storage9920/home/tinghao.xia/Data_FM/RNA_FM_embeddings/8VXX/rnafm_t12_residue_embeddings.pt
8VXX	1	B	B	1	36	0bdbf96ead2bceb94db9fe5b026b7364b70e5559c92c1e3704226d6567c1b1da	0	0	full_sequence	1	0	/storage9920/home/tinghao.xia/Data_FM/RNA_FM_embeddings/8VXX/rnafm_t12_residue_embeddings.pt
8VXX	2	C	C	1	36	0bdbf96ead2bceb94db9fe5b026b7364b70e5559c92c1e3704226d6567c1b1da	0	0	full_sequence	1	0	/storage9920/home/tinghao.xia/Data_FM/RNA_FM_embeddings/8VXX/rnafm_t12_residue_embeddings.pt
8VXZ	0	A	A	1	36	0bdbf96ead2bceb94db9fe5b026b7364b70e5559c92c1e3704226d6567c1b1da	0	0	full_sequence	1	0	/storage9920/home/tinghao.xia/Data_FM/RNA_FM_embeddings/8VXZ/rnafm_t12_residue_embeddings.pt
8VXZ	1	B	B	1	36	0bdbf96ead2bceb94db9fe5b026b7364b70e5559c92c1e3704226d6567c1b1da	0	0	full_sequence	1	0	/storage9920/home/tinghao.xia/Data_FM/RNA_FM_embeddings/8VXZ/rnafm_t12_residue_embeddings.pt
8VXZ	2	C	C	1	36	0bdbf96ead2bceb94db9fe5b026b7364b70e5559c92c1e3704226d6567c1b1da	0	0	full_sequence	1	0	/storage9920/home/tinghao.xia/Data_FM/RNA_FM_embeddings/8VXZ/rnafm_t12_residue_embeddings.pt
8VY0	0	A	A	1	36	0bdbf96ead2bceb94db9fe5b026b7364b70e5559c92c1e3704226d6567c1b1da	0	0	full_sequence	1	0	/storage9920/home/tinghao.xia/Data_FM/RNA_FM_embeddings/8VY0/rnafm_t12_residue_embeddings.pt
8VY0	1	B	B	1	36	0bdbf96ead2bceb94db9fe5b026b7364b70e5559c92c1e3704226d6567c1b1da	0	0	full_sequence	1	0	/storage9920/home/tinghao.xia/Data_FM/RNA_FM_embeddings/8VY0/rnafm_t12_residue_embeddings.pt
8VY0	2	C	C	1	36	0bdbf96ead2bceb94db9fe5b026b7364b70e5559c92c1e3704226d6567c1b1da	0	0	full_sequence	1	0	/storage9920/home/tinghao.xia/Data_FM/RNA_FM_embeddings/8VY0/rnafm_t12_residue_embeddings.pt
8VY1	0	A	A	1	36	0bdbf96ead2bceb94db9fe5b026b7364b70e5559c92c1e3704226d6567c1b1da	0	0	full_sequence	1	0	/storage9920/home/tinghao.xia/Data_FM/RNA_FM_embeddings/8VY1/rnafm_t12_residue_embeddings.pt
8VY1	1	B	B	1	36	0bdbf96ead2bceb94db9fe5b026b7364b70e5559c92c1e3704226d6567c1b1da	0	0	full_sequence	1	0	/storage9920/home/tinghao.xia/Data_FM/RNA_FM_embeddings/8VY1/rnafm_t12_residue_embeddings.pt
8VY1	2	C	C	1	36	0bdbf96ead2bceb94db9fe5b026b7364b70e5559c92c1e3704226d6567c1b1da	0	0	full_sequence	1	0	/storage9920/home/tinghao.xia/Data_FM/RNA_FM_embeddings/8VY1/rnafm_t12_residue_embeddings.pt
8X0S	0	A	A	1	12	ca4d3397598a520b8635f16e7a0fcda27c1dd4f51ef9c557a20270dd724ce17c	0	0	full_sequence	1	0	/storage9920/home/tinghao.xia/Data_FM/RNA_FM_embeddings/8X0S/rnafm_t12_residue_embeddings.pt
8X0S	1	B	B	1	12	ca4d3397598a520b8635f16e7a0fcda27c1dd4f51ef9c557a20270dd724ce17c	0	0	full_sequence	1	0	/storage9920/home/tinghao.xia/Data_FM/RNA_FM_embeddings/8X0S/rnafm_t12_residue_embeddings.pt
8X9K	0	A	A	1	808	0042b5f6d848775c4c2a5502e023e24a77cb5d7d688402e9ff7ed0f332cb762d	0	0	full_sequence	1	0	/storage9920/home/tinghao.xia/Data_FM/RNA_FM_embeddings/8X9K/rnafm_t12_residue_embeddings.pt
8X9L	0	E	A	1	219	69b71a59c7f217dd30ab70cc5b639661a5f8ec5c93519ca66487f9e5ead76997	0	0	full_sequence	1	0	/storage9920/home/tinghao.xia/Data_FM/RNA_FM_embeddings/8X9L/rnafm_t12_residue_embeddings.pt
8X9L	1	A	B	2	590	fb166da0b924a82b6a92acee2e056c76aeca417060ae0e1f7cb48e5cb31a8ac0	0	0	full_sequence	1	0	/storage9920/home/tinghao.xia/Data_FM/RNA_FM_embeddings/8X9L/rnafm_t12_residue_embeddings.pt
8X9M	0	A	A	1	808	0042b5f6d848775c4c2a5502e023e24a77cb5d7d688402e9ff7ed0f332cb762d	0	0	full_sequence	1	0	/storage9920/home/tinghao.xia/Data_FM/RNA_FM_embeddings/8X9M/rnafm_t12_residue_embeddings.pt
8X9N	0	E	A	1	219	afd3bc90d100fdfb7610072975fe8a077adfbdb0f1f80624a5c69c41c0271b8b	0	0	full_sequence	1	0	/storage9920/home/tinghao.xia/Data_FM/RNA_FM_embeddings/8X9N/rnafm_t12_residue_embeddings.pt
8X9N	1	A	B	2	589	055e6d724312a05d8bbb62e719d3ea3d9b3250af04ee2742074751307938bddc	0	0	full_sequence	1	0	/storage9920/home/tinghao.xia/Data_FM/RNA_FM_embeddings/8X9N/rnafm_t12_residue_embeddings.pt
8X9O	0	A	A	1	811	09ee533aca2f1085ae86c1751f01efbee60c9896cbb88d64aeb782dbd37965f9	0	0	full_sequence	1	0	/storage9920/home/tinghao.xia/Data_FM/RNA_FM_embeddings/8X9O/rnafm_t12_residue_embeddings.pt
8X9Q	0	A	A	1	809	a3e559701ad54ca11f98fd327622b3ea1f0c7e52779736129cccb4981cbaef1a	0	0	full_sequence	1	0	/storage9920/home/tinghao.xia/Data_FM/RNA_FM_embeddings/8X9Q/rnafm_t12_residue_embeddings.pt
8XTP	0	B	A	1	595	e8933e78935746597b0d190a13f17202f55d8850049c7afcbf2b7b1dddeb8a2a	0	0	full_sequence	1	0	/storage9920/home/tinghao.xia/Data_FM/RNA_FM_embeddings/8XTP/rnafm_t12_residue_embeddings.pt
8XTP	1	A	B	2	133	eb52c3ad8310e53bcc4d981db70814a53ff40285a94d50985ccf907441962390	0	0	full_sequence	1	0	/storage9920/home/tinghao.xia/Data_FM/RNA_FM_embeddings/8XTP/rnafm_t12_residue_embeddings.pt
8XTQ	0	A	A	1	808	963113eba324a4999cc1917b78b4a6d0210092c77b63b06a0cb2d8213f2a6043	0	0	full_sequence	1	0	/storage9920/home/tinghao.xia/Data_FM/RNA_FM_embeddings/8XTQ/rnafm_t12_residue_embeddings.pt
8XTR	0	A	A	1	219	18749dc10d41861ac4219a8a2b64c30b2638fa22cf8995fd280fea6bf30588a0	0	0	full_sequence	1	0	/storage9920/home/tinghao.xia/Data_FM/RNA_FM_embeddings/8XTR/rnafm_t12_residue_embeddings.pt
8XTR	1	B	B	2	595	e8933e78935746597b0d190a13f17202f55d8850049c7afcbf2b7b1dddeb8a2a	0	0	full_sequence	1	0	/storage9920/home/tinghao.xia/Data_FM/RNA_FM_embeddings/8XTR/rnafm_t12_residue_embeddings.pt
8XTS	0	A	A	1	814	c74194534a33d04612eb84bcae00ae08c2a298f56074871581f7af9153995f92	0	0	full_sequence	1	0	/storage9920/home/tinghao.xia/Data_FM/RNA_FM_embeddings/8XTS/rnafm_t12_residue_embeddings.pt
8XZE	0	A	A	1	53	e1b1bd4543f5f81a3275559c12ab8477ae0e42ecc3b659cee8b4a93d4a7b02ea	0	0	full_sequence	1	0	/storage9920/home/tinghao.xia/Data_FM/RNA_FM_embeddings/8XZE/rnafm_t12_residue_embeddings.pt
8XZK	0	A	A	1	53	e1b1bd4543f5f81a3275559c12ab8477ae0e42ecc3b659cee8b4a93d4a7b02ea	0	0	full_sequence	1	0	/storage9920/home/tinghao.xia/Data_FM/RNA_FM_embeddings/8XZK/rnafm_t12_residue_embeddings.pt
8XZL	0	A	A	1	53	e1b1bd4543f5f81a3275559c12ab8477ae0e42ecc3b659cee8b4a93d4a7b02ea	0	0	full_sequence	1	0	/storage9920/home/tinghao.xia/Data_FM/RNA_FM_embeddings/8XZL/rnafm_t12_residue_embeddings.pt
8XZM	0	A	A	1	53	e1b1bd4543f5f81a3275559c12ab8477ae0e42ecc3b659cee8b4a93d4a7b02ea	0	0	full_sequence	1	0	/storage9920/home/tinghao.xia/Data_FM/RNA_FM_embeddings/8XZM/rnafm_t12_residue_embeddings.pt
8XZN	0	A	A	1	53	e1b1bd4543f5f81a3275559c12ab8477ae0e42ecc3b659cee8b4a93d4a7b02ea	0	0	full_sequence	1	0	/storage9920/home/tinghao.xia/Data_FM/RNA_FM_embeddings/8XZN/rnafm_t12_residue_embeddings.pt
8XZO	0	A	A	1	53	e1b1bd4543f5f81a3275559c12ab8477ae0e42ecc3b659cee8b4a93d4a7b02ea	0	0	full_sequence	1	0	/storage9920/home/tinghao.xia/Data_FM/RNA_FM_embeddings/8XZO/rnafm_t12_residue_embeddings.pt
8XZP	0	A	A	1	53	e1b1bd4543f5f81a3275559c12ab8477ae0e42ecc3b659cee8b4a93d4a7b02ea	0	0	full_sequence	1	0	/storage9920/home/tinghao.xia/Data_FM/RNA_FM_embeddings/8XZP/rnafm_t12_residue_embeddings.pt
8XZQ	0	A	A	1	53	e1b1bd4543f5f81a3275559c12ab8477ae0e42ecc3b659cee8b4a93d4a7b02ea	0	0	full_sequence	1	0	/storage9920/home/tinghao.xia/Data_FM/RNA_FM_embeddings/8XZQ/rnafm_t12_residue_embeddings.pt
8XZR	0	A	A	1	53	e1b1bd4543f5f81a3275559c12ab8477ae0e42ecc3b659cee8b4a93d4a7b02ea	0	0	full_sequence	1	0	/storage9920/home/tinghao.xia/Data_FM/RNA_FM_embeddings/8XZR/rnafm_t12_residue_embeddings.pt
8XZW	0	A	A	1	53	e1b1bd4543f5f81a3275559c12ab8477ae0e42ecc3b659cee8b4a93d4a7b02ea	0	0	full_sequence	1	0	/storage9920/home/tinghao.xia/Data_FM/RNA_FM_embeddings/8XZW/rnafm_t12_residue_embeddings.pt
8YAM	0	A	A	1	33	e8971621bf24939647d17b453d2977bc4ea9e6e90cc31f5d879555ea4b83bd86	3	0	full_sequence	1	0	/storage9920/home/tinghao.xia/Data_FM/RNA_FM_embeddings/8YAM/rnafm_t12_residue_embeddings.pt
8YAN	0	A	A	1	33	e8971621bf24939647d17b453d2977bc4ea9e6e90cc31f5d879555ea4b83bd86	3	0	full_sequence	1	0	/storage9920/home/tinghao.xia/Data_FM/RNA_FM_embeddings/8YAN/rnafm_t12_residue_embeddings.pt
8YNO	0	A	A	1	12	8f2cbde3c3c706ec1c490b5f57f83abc610c6d97314a1b7846c85e5516377a65	1	1	full_sequence	1	0	/storage9920/home/tinghao.xia/Data_FM/RNA_FM_embeddings/8YNO/rnafm_t12_residue_embeddings.pt
8YNO	1	B	B	1	12	8f2cbde3c3c706ec1c490b5f57f83abc610c6d97314a1b7846c85e5516377a65	1	1	full_sequence	1	0	/storage9920/home/tinghao.xia/Data_FM/RNA_FM_embeddings/8YNO/rnafm_t12_residue_embeddings.pt
8YNP	0	A	A	1	12	8f2cbde3c3c706ec1c490b5f57f83abc610c6d97314a1b7846c85e5516377a65	1	1	full_sequence	1	0	/storage9920/home/tinghao.xia/Data_FM/RNA_FM_embeddings/8YNP/rnafm_t12_residue_embeddings.pt
8YNP	1	B	B	1	12	8f2cbde3c3c706ec1c490b5f57f83abc610c6d97314a1b7846c85e5516377a65	1	1	full_sequence	1	0	/storage9920/home/tinghao.xia/Data_FM/RNA_FM_embeddings/8YNP/rnafm_t12_residue_embeddings.pt
8YZL	0	A	A	1	10	85c6cf7be22e88007eb17bc7bef1fdc8466a32e6c45f6cc6f57d2ba7ffbaefed	0	0	full_sequence	1	0	/storage9920/home/tinghao.xia/Data_FM/RNA_FM_embeddings/8YZL/rnafm_t12_residue_embeddings.pt
8YZL	1	B	B	1	10	85c6cf7be22e88007eb17bc7bef1fdc8466a32e6c45f6cc6f57d2ba7ffbaefed	0	0	full_sequence	1	0	/storage9920/home/tinghao.xia/Data_FM/RNA_FM_embeddings/8YZL/rnafm_t12_residue_embeddings.pt
8Z8Q	0	A	A	1	71	61c544d346ab26b6571d57e16ba3bb506698170a960e9a54638432a1a93f6c16	0	0	full_sequence	1	0	/storage9920/home/tinghao.xia/Data_FM/RNA_FM_embeddings/8Z8Q/rnafm_t12_residue_embeddings.pt
8Z8Q	1	B	B	1	71	61c544d346ab26b6571d57e16ba3bb506698170a960e9a54638432a1a93f6c16	0	0	full_sequence	1	0	/storage9920/home/tinghao.xia/Data_FM/RNA_FM_embeddings/8Z8Q/rnafm_t12_residue_embeddings.pt
8Z8U	0	A	A	1	41	6975e72fcdf8014293b88984a9bbc8345fa6843a5cd8a8d6f9a2e8473caa5e2d	0	0	full_sequence	1	0	/storage9920/home/tinghao.xia/Data_FM/RNA_FM_embeddings/8Z8U/rnafm_t12_residue_embeddings.pt
8Z8U	1	B	B	1	41	6975e72fcdf8014293b88984a9bbc8345fa6843a5cd8a8d6f9a2e8473caa5e2d	0	0	full_sequence	1	0	/storage9920/home/tinghao.xia/Data_FM/RNA_FM_embeddings/8Z8U/rnafm_t12_residue_embeddings.pt
8Z9K	0	A	A	1	41	f9ff426f7c4d448c87f9096f76aab0e1126b80d3e5be6141fb36af5b9b39fbdb	0	0	full_sequence	1	0	/storage9920/home/tinghao.xia/Data_FM/RNA_FM_embeddings/8Z9K/rnafm_t12_residue_embeddings.pt
8Z9K	1	B	B	1	41	f9ff426f7c4d448c87f9096f76aab0e1126b80d3e5be6141fb36af5b9b39fbdb	0	0	full_sequence	1	0	/storage9920/home/tinghao.xia/Data_FM/RNA_FM_embeddings/8Z9K/rnafm_t12_residue_embeddings.pt
8ZA0	0	A	A	1	15	fa1c020829fc67bc213bef56d01e9939e66b0fdea94d204170a3c8fc4a260318	0	0	full_sequence	1	0	/storage9920/home/tinghao.xia/Data_FM/RNA_FM_embeddings/8ZA0/rnafm_t12_residue_embeddings.pt
8ZA0	1	C	B	1	15	fa1c020829fc67bc213bef56d01e9939e66b0fdea94d204170a3c8fc4a260318	0	0	full_sequence	1	0	/storage9920/home/tinghao.xia/Data_FM/RNA_FM_embeddings/8ZA0/rnafm_t12_residue_embeddings.pt
8ZA0	2	E	C	1	15	fa1c020829fc67bc213bef56d01e9939e66b0fdea94d204170a3c8fc4a260318	0	0	full_sequence	1	0	/storage9920/home/tinghao.xia/Data_FM/RNA_FM_embeddings/8ZA0/rnafm_t12_residue_embeddings.pt
8ZA0	3	B	D	2	16	b6e72a967ca6f9f485d0787438189d162de120842976440f05cdcc51b92ab5cc	0	0	full_sequence	1	0	/storage9920/home/tinghao.xia/Data_FM/RNA_FM_embeddings/8ZA0/rnafm_t12_residue_embeddings.pt
8ZA0	4	D	E	2	16	b6e72a967ca6f9f485d0787438189d162de120842976440f05cdcc51b92ab5cc	0	0	full_sequence	1	0	/storage9920/home/tinghao.xia/Data_FM/RNA_FM_embeddings/8ZA0/rnafm_t12_residue_embeddings.pt
8ZA0	5	F	F	2	16	b6e72a967ca6f9f485d0787438189d162de120842976440f05cdcc51b92ab5cc	0	0	full_sequence	1	0	/storage9920/home/tinghao.xia/Data_FM/RNA_FM_embeddings/8ZA0/rnafm_t12_residue_embeddings.pt
8ZA4	0	A	A	1	15	fa1c020829fc67bc213bef56d01e9939e66b0fdea94d204170a3c8fc4a260318	0	0	full_sequence	1	0	/storage9920/home/tinghao.xia/Data_FM/RNA_FM_embeddings/8ZA4/rnafm_t12_residue_embeddings.pt
8ZA4	1	C	B	1	15	fa1c020829fc67bc213bef56d01e9939e66b0fdea94d204170a3c8fc4a260318	0	0	full_sequence	1	0	/storage9920/home/tinghao.xia/Data_FM/RNA_FM_embeddings/8ZA4/rnafm_t12_residue_embeddings.pt
8ZA4	2	E	C	1	15	fa1c020829fc67bc213bef56d01e9939e66b0fdea94d204170a3c8fc4a260318	0	0	full_sequence	1	0	/storage9920/home/tinghao.xia/Data_FM/RNA_FM_embeddings/8ZA4/rnafm_t12_residue_embeddings.pt
8ZA4	3	B	D	2	16	74366bd39bad7defc8b942fc9dfa87feb226806593cf3f080f2873e053974ace	0	0	full_sequence	1	0	/storage9920/home/tinghao.xia/Data_FM/RNA_FM_embeddings/8ZA4/rnafm_t12_residue_embeddings.pt
8ZA4	4	D	E	2	16	74366bd39bad7defc8b942fc9dfa87feb226806593cf3f080f2873e053974ace	0	0	full_sequence	1	0	/storage9920/home/tinghao.xia/Data_FM/RNA_FM_embeddings/8ZA4/rnafm_t12_residue_embeddings.pt
8ZA4	5	F	F	2	16	74366bd39bad7defc8b942fc9dfa87feb226806593cf3f080f2873e053974ace	0	0	full_sequence	1	0	/storage9920/home/tinghao.xia/Data_FM/RNA_FM_embeddings/8ZA4/rnafm_t12_residue_embeddings.pt
8ZAU	0	A	A	1	69	2a4d6fbf03e8d1306c893ceade93e00fde5c3c8ac05268ee63a11a5423432fc1	0	0	full_sequence	1	0	/storage9920/home/tinghao.xia/Data_FM/RNA_FM_embeddings/8ZAU/rnafm_t12_residue_embeddings.pt
8ZMH	0	A	A	1	169	a37bdbef25fbe06bdd491a07b0de3218ff3054b37d65f66ce25a007c25cbd680	0	0	full_sequence	1	0	/storage9920/home/tinghao.xia/Data_FM/RNA_FM_embeddings/8ZMH/rnafm_t12_residue_embeddings.pt
8ZNQ	0	A	A	1	30	0c02e3020a45ed3709f969a678b5d8615809e736b95ca2eb38e2116fc1375aea	0	0	full_sequence	1	0	/storage9920/home/tinghao.xia/Data_FM/RNA_FM_embeddings/8ZNQ/rnafm_t12_residue_embeddings.pt
9BCI	0	A	A	1	50	05133b057c1e8e691cfb4f0e318c709b1e7a677f1293a03f770641cdaa4401e4	0	0	full_sequence	1	0	/storage9920/home/tinghao.xia/Data_FM/RNA_FM_embeddings/9BCI/rnafm_t12_residue_embeddings.pt
9BLM	0	A	A	1	68	85dc6215ba951adf8d1c27b7ae94f6deff1c4c7e56dde90bdf83ef22020add38	0	0	full_sequence	1	0	/storage9920/home/tinghao.xia/Data_FM/RNA_FM_embeddings/9BLM/rnafm_t12_residue_embeddings.pt
9BUN	0	A	A	1	48	1658e749d2ea067b6918b6eaeed6444ad4c2aaa1ea688f6de45e90e2eecab298	0	0	full_sequence	1	0	/storage9920/home/tinghao.xia/Data_FM/RNA_FM_embeddings/9BUN/rnafm_t12_residue_embeddings.pt
9BUN	1	B	B	1	48	1658e749d2ea067b6918b6eaeed6444ad4c2aaa1ea688f6de45e90e2eecab298	0	0	full_sequence	1	0	/storage9920/home/tinghao.xia/Data_FM/RNA_FM_embeddings/9BUN/rnafm_t12_residue_embeddings.pt
9BUN	2	C	C	1	48	1658e749d2ea067b6918b6eaeed6444ad4c2aaa1ea688f6de45e90e2eecab298	0	0	full_sequence	1	0	/storage9920/home/tinghao.xia/Data_FM/RNA_FM_embeddings/9BUN/rnafm_t12_residue_embeddings.pt
9BUN	3	D	D	1	48	1658e749d2ea067b6918b6eaeed6444ad4c2aaa1ea688f6de45e90e2eecab298	0	0	full_sequence	1	0	/storage9920/home/tinghao.xia/Data_FM/RNA_FM_embeddings/9BUN/rnafm_t12_residue_embeddings.pt
9BXE	0	A	A	1	11	62b034d8b72b411eae46d16b66c2b360362f79256e6890ae8f5e84ebd593ab0e	0	0	full_sequence	1	0	/storage9920/home/tinghao.xia/Data_FM/RNA_FM_embeddings/9BXE/rnafm_t12_residue_embeddings.pt
9BXE	1	B	B	1	11	62b034d8b72b411eae46d16b66c2b360362f79256e6890ae8f5e84ebd593ab0e	0	0	full_sequence	1	0	/storage9920/home/tinghao.xia/Data_FM/RNA_FM_embeddings/9BXE/rnafm_t12_residue_embeddings.pt
9BZ1	0	A	A	1	89	89c9e8e851cfecdd4ecce0534d41b1e5217abca4779bb88899c54136776166ff	0	0	full_sequence	1	0	/storage9920/home/tinghao.xia/Data_FM/RNA_FM_embeddings/9BZ1/rnafm_t12_residue_embeddings.pt
9BZ1	1	B	B	1	89	89c9e8e851cfecdd4ecce0534d41b1e5217abca4779bb88899c54136776166ff	0	0	full_sequence	1	0	/storage9920/home/tinghao.xia/Data_FM/RNA_FM_embeddings/9BZ1/rnafm_t12_residue_embeddings.pt
9BZC	0	A	A	1	89	89c9e8e851cfecdd4ecce0534d41b1e5217abca4779bb88899c54136776166ff	0	0	full_sequence	1	0	/storage9920/home/tinghao.xia/Data_FM/RNA_FM_embeddings/9BZC/rnafm_t12_residue_embeddings.pt
9C6I	0	A	A	1	417	543fe737b6e7f43b6f2b55ae8a9db0382973b04ffd992df311a62c6b4c74d9c7	0	0	full_sequence	1	0	/storage9920/home/tinghao.xia/Data_FM/RNA_FM_embeddings/9C6I/rnafm_t12_residue_embeddings.pt
9C6J	0	A	A	1	495	f164e35a615beab624b3d496c83d162498f7509495596c15f9f815ff182d6bbc	0	0	full_sequence	1	0	/storage9920/home/tinghao.xia/Data_FM/RNA_FM_embeddings/9C6J/rnafm_t12_residue_embeddings.pt
9C6K	0	X	A	1	497	a7169cf812b2071d75b20f2bbde914ba73a47c63da135e0f7d83ed9349a1e394	0	0	full_sequence	1	0	/storage9920/home/tinghao.xia/Data_FM/RNA_FM_embeddings/9C6K/rnafm_t12_residue_embeddings.pt
9CBU	0	N	A	1	387	5a05b6394fd7b5393bda84484f1a428b1d7b73fba965d17c727fc4b52c0c868c	0	0	full_sequence	1	0	/storage9920/home/tinghao.xia/Data_FM/RNA_FM_embeddings/9CBU/rnafm_t12_residue_embeddings.pt
9CBW	0	N	A	1	387	5a05b6394fd7b5393bda84484f1a428b1d7b73fba965d17c727fc4b52c0c868c	0	0	full_sequence	1	0	/storage9920/home/tinghao.xia/Data_FM/RNA_FM_embeddings/9CBW/rnafm_t12_residue_embeddings.pt
9CBX	0	N	A	1	387	5a05b6394fd7b5393bda84484f1a428b1d7b73fba965d17c727fc4b52c0c868c	0	0	full_sequence	1	0	/storage9920/home/tinghao.xia/Data_FM/RNA_FM_embeddings/9CBX/rnafm_t12_residue_embeddings.pt
9CBY	0	N	A	1	387	5a05b6394fd7b5393bda84484f1a428b1d7b73fba965d17c727fc4b52c0c868c	0	0	full_sequence	1	0	/storage9920/home/tinghao.xia/Data_FM/RNA_FM_embeddings/9CBY/rnafm_t12_residue_embeddings.pt
9CFN	0	A	A	1	59	78ffc1ca98a06222ce6d96dd1ab0b47d98d863db151651d54d880ddb19606ca6	0	0	full_sequence	1	0	/storage9920/home/tinghao.xia/Data_FM/RNA_FM_embeddings/9CFN/rnafm_t12_residue_embeddings.pt
9CFN	1	B	B	1	59	78ffc1ca98a06222ce6d96dd1ab0b47d98d863db151651d54d880ddb19606ca6	0	0	full_sequence	1	0	/storage9920/home/tinghao.xia/Data_FM/RNA_FM_embeddings/9CFN/rnafm_t12_residue_embeddings.pt
9CPD	0	A	A	1	13	e12f1e9e60ee630e0b98f00c99596b01c349da1acecba51594c107d8c408a577	0	0	full_sequence	1	0	/storage9920/home/tinghao.xia/Data_FM/RNA_FM_embeddings/9CPD/rnafm_t12_residue_embeddings.pt
9CPD	1	B	B	1	13	e12f1e9e60ee630e0b98f00c99596b01c349da1acecba51594c107d8c408a577	0	0	full_sequence	1	0	/storage9920/home/tinghao.xia/Data_FM/RNA_FM_embeddings/9CPD/rnafm_t12_residue_embeddings.pt
9CPG	0	A	A	1	13	e12f1e9e60ee630e0b98f00c99596b01c349da1acecba51594c107d8c408a577	0	0	full_sequence	1	0	/storage9920/home/tinghao.xia/Data_FM/RNA_FM_embeddings/9CPG/rnafm_t12_residue_embeddings.pt
9CPG	1	B	B	1	13	e12f1e9e60ee630e0b98f00c99596b01c349da1acecba51594c107d8c408a577	0	0	full_sequence	1	0	/storage9920/home/tinghao.xia/Data_FM/RNA_FM_embeddings/9CPG/rnafm_t12_residue_embeddings.pt
9CPI	0	A	A	1	13	e12f1e9e60ee630e0b98f00c99596b01c349da1acecba51594c107d8c408a577	0	0	full_sequence	1	0	/storage9920/home/tinghao.xia/Data_FM/RNA_FM_embeddings/9CPI/rnafm_t12_residue_embeddings.pt
9CPI	1	B	B	1	13	e12f1e9e60ee630e0b98f00c99596b01c349da1acecba51594c107d8c408a577	0	0	full_sequence	1	0	/storage9920/home/tinghao.xia/Data_FM/RNA_FM_embeddings/9CPI/rnafm_t12_residue_embeddings.pt
9CPJ	0	A	A	1	13	e12f1e9e60ee630e0b98f00c99596b01c349da1acecba51594c107d8c408a577	0	0	full_sequence	1	0	/storage9920/home/tinghao.xia/Data_FM/RNA_FM_embeddings/9CPJ/rnafm_t12_residue_embeddings.pt
9CPJ	1	B	B	1	13	e12f1e9e60ee630e0b98f00c99596b01c349da1acecba51594c107d8c408a577	0	0	full_sequence	1	0	/storage9920/home/tinghao.xia/Data_FM/RNA_FM_embeddings/9CPJ/rnafm_t12_residue_embeddings.pt
9CSO	0	A	A	1	16	4ff54e0fc2225eacc15f37baeb0d89d6dd646d416bf0ec7125ba2e54f04929e9	0	0	full_sequence	1	0	/storage9920/home/tinghao.xia/Data_FM/RNA_FM_embeddings/9CSO/rnafm_t12_residue_embeddings.pt
9CSP	0	A	A	1	16	4ff54e0fc2225eacc15f37baeb0d89d6dd646d416bf0ec7125ba2e54f04929e9	0	0	full_sequence	1	0	/storage9920/home/tinghao.xia/Data_FM/RNA_FM_embeddings/9CSP/rnafm_t12_residue_embeddings.pt
9CSQ	0	A	A	1	16	b19084863611f628b4dc88807631c4d7d473732cc75918ad121686d4ea518a30	1	1	full_sequence	1	0	/storage9920/home/tinghao.xia/Data_FM/RNA_FM_embeddings/9CSQ/rnafm_t12_residue_embeddings.pt
9CSR	0	A	A	1	16	caaa63756b98c42213536269454ddfc9db114646d3b03c543d03617eed5049d9	1	1	full_sequence	1	0	/storage9920/home/tinghao.xia/Data_FM/RNA_FM_embeddings/9CSR/rnafm_t12_residue_embeddings.pt
9CXF	0	A	A	1	592	10cc536e8f2e266ad28689dda2fdb74ae6b1536d61db99ba2abda48ec39ef741	0	0	full_sequence	1	0	/storage9920/home/tinghao.xia/Data_FM/RNA_FM_embeddings/9CXF/rnafm_t12_residue_embeddings.pt
9DE6	0	A	A	1	57	7db912d49df54acfefa79d30074200bd7187ba3c224b1ef94383c2fbe9c2e0ee	0	0	full_sequence	1	0	/storage9920/home/tinghao.xia/Data_FM/RNA_FM_embeddings/9DE6/rnafm_t12_residue_embeddings.pt
9DE6	1	B	B	1	57	7db912d49df54acfefa79d30074200bd7187ba3c224b1ef94383c2fbe9c2e0ee	0	0	full_sequence	1	0	/storage9920/home/tinghao.xia/Data_FM/RNA_FM_embeddings/9DE6/rnafm_t12_residue_embeddings.pt
9DE7	0	A	A	1	58	368ba6807e79e6c55103101474c27638d35fd7cf5bbed8f710a925b0e121a8ea	0	0	full_sequence	1	0	/storage9920/home/tinghao.xia/Data_FM/RNA_FM_embeddings/9DE7/rnafm_t12_residue_embeddings.pt
9DE8	0	A	A	1	57	0f163e707a83dbb327f1a523590336d1cde976f93d4038179d9b51213f92b9b4	0	0	full_sequence	1	0	/storage9920/home/tinghao.xia/Data_FM/RNA_FM_embeddings/9DE8/rnafm_t12_residue_embeddings.pt
9DIB	0	A	A	1	111	460814424ffca796da40e842a200ba8a89854838f0e20c6fedfdc6dcc42168cc	0	0	full_sequence	1	0	/storage9920/home/tinghao.xia/Data_FM/RNA_FM_embeddings/9DIB/rnafm_t12_residue_embeddings.pt
9DIB	1	B	B	1	111	460814424ffca796da40e842a200ba8a89854838f0e20c6fedfdc6dcc42168cc	0	0	full_sequence	1	0	/storage9920/home/tinghao.xia/Data_FM/RNA_FM_embeddings/9DIB/rnafm_t12_residue_embeddings.pt
9DID	0	A	A	1	111	460814424ffca796da40e842a200ba8a89854838f0e20c6fedfdc6dcc42168cc	0	0	full_sequence	1	0	/storage9920/home/tinghao.xia/Data_FM/RNA_FM_embeddings/9DID/rnafm_t12_residue_embeddings.pt
9DID	1	B	B	1	111	460814424ffca796da40e842a200ba8a89854838f0e20c6fedfdc6dcc42168cc	0	0	full_sequence	1	0	/storage9920/home/tinghao.xia/Data_FM/RNA_FM_embeddings/9DID/rnafm_t12_residue_embeddings.pt
9DIG	0	A	A	1	111	77ef2e555ebc19a38abfcb2b9fadd448b7fc200159904e5c5186c2315f084c21	0	0	full_sequence	1	0	/storage9920/home/tinghao.xia/Data_FM/RNA_FM_embeddings/9DIG/rnafm_t12_residue_embeddings.pt
9DIG	1	B	B	1	111	77ef2e555ebc19a38abfcb2b9fadd448b7fc200159904e5c5186c2315f084c21	0	0	full_sequence	1	0	/storage9920/home/tinghao.xia/Data_FM/RNA_FM_embeddings/9DIG/rnafm_t12_residue_embeddings.pt
9DII	0	A	A	1	111	460814424ffca796da40e842a200ba8a89854838f0e20c6fedfdc6dcc42168cc	0	0	full_sequence	1	0	/storage9920/home/tinghao.xia/Data_FM/RNA_FM_embeddings/9DII/rnafm_t12_residue_embeddings.pt
9DII	1	B	B	1	111	460814424ffca796da40e842a200ba8a89854838f0e20c6fedfdc6dcc42168cc	0	0	full_sequence	1	0	/storage9920/home/tinghao.xia/Data_FM/RNA_FM_embeddings/9DII/rnafm_t12_residue_embeddings.pt
9DKG	0	A	A	1	13	9eab7afa12d148a54a7be3b2754c489f79c830a3a7509d438f58cca87dd89919	0	0	full_sequence	1	0	/storage9920/home/tinghao.xia/Data_FM/RNA_FM_embeddings/9DKG/rnafm_t12_residue_embeddings.pt
9DKG	1	B	B	1	13	9eab7afa12d148a54a7be3b2754c489f79c830a3a7509d438f58cca87dd89919	0	0	full_sequence	1	0	/storage9920/home/tinghao.xia/Data_FM/RNA_FM_embeddings/9DKG/rnafm_t12_residue_embeddings.pt
9DLL	0	A	A	1	13	9eab7afa12d148a54a7be3b2754c489f79c830a3a7509d438f58cca87dd89919	0	0	full_sequence	1	0	/storage9920/home/tinghao.xia/Data_FM/RNA_FM_embeddings/9DLL/rnafm_t12_residue_embeddings.pt
9DLL	1	B	B	1	13	9eab7afa12d148a54a7be3b2754c489f79c830a3a7509d438f58cca87dd89919	0	0	full_sequence	1	0	/storage9920/home/tinghao.xia/Data_FM/RNA_FM_embeddings/9DLL/rnafm_t12_residue_embeddings.pt
9DLM	0	A	A	1	13	9eab7afa12d148a54a7be3b2754c489f79c830a3a7509d438f58cca87dd89919	0	0	full_sequence	1	0	/storage9920/home/tinghao.xia/Data_FM/RNA_FM_embeddings/9DLM/rnafm_t12_residue_embeddings.pt
9DLM	1	B	B	1	13	9eab7afa12d148a54a7be3b2754c489f79c830a3a7509d438f58cca87dd89919	0	0	full_sequence	1	0	/storage9920/home/tinghao.xia/Data_FM/RNA_FM_embeddings/9DLM/rnafm_t12_residue_embeddings.pt
9DLN	0	A	A	1	13	9eab7afa12d148a54a7be3b2754c489f79c830a3a7509d438f58cca87dd89919	0	0	full_sequence	1	0	/storage9920/home/tinghao.xia/Data_FM/RNA_FM_embeddings/9DLN/rnafm_t12_residue_embeddings.pt
9DLN	1	B	B	1	13	9eab7afa12d148a54a7be3b2754c489f79c830a3a7509d438f58cca87dd89919	0	0	full_sequence	1	0	/storage9920/home/tinghao.xia/Data_FM/RNA_FM_embeddings/9DLN/rnafm_t12_residue_embeddings.pt
9DP9	0	A	A	1	440	0b1b4d2e9af6f471cf5397406736f28f40e0621ee04314548cdc5c1e7d93ea19	0	0	full_sequence	1	0	/storage9920/home/tinghao.xia/Data_FM/RNA_FM_embeddings/9DP9/rnafm_t12_residue_embeddings.pt
9DXL	0	A	A	1	48	1658e749d2ea067b6918b6eaeed6444ad4c2aaa1ea688f6de45e90e2eecab298	0	0	full_sequence	1	0	/storage9920/home/tinghao.xia/Data_FM/RNA_FM_embeddings/9DXL/rnafm_t12_residue_embeddings.pt
9DXL	1	B	B	1	48	1658e749d2ea067b6918b6eaeed6444ad4c2aaa1ea688f6de45e90e2eecab298	0	0	full_sequence	1	0	/storage9920/home/tinghao.xia/Data_FM/RNA_FM_embeddings/9DXL/rnafm_t12_residue_embeddings.pt
9E5H	0	A	A	1	76	84c3cc19e37ec1d15350f8783bcab6671c9c97b24dcc677f6264e397c92b8adb	0	0	full_sequence	1	0	/storage9920/home/tinghao.xia/Data_FM/RNA_FM_embeddings/9E5H/rnafm_t12_residue_embeddings.pt
9E5H	1	B	B	1	76	84c3cc19e37ec1d15350f8783bcab6671c9c97b24dcc677f6264e397c92b8adb	0	0	full_sequence	1	0	/storage9920/home/tinghao.xia/Data_FM/RNA_FM_embeddings/9E5H/rnafm_t12_residue_embeddings.pt
9E5I	0	A	A	1	76	84c3cc19e37ec1d15350f8783bcab6671c9c97b24dcc677f6264e397c92b8adb	0	0	full_sequence	1	0	/storage9920/home/tinghao.xia/Data_FM/RNA_FM_embeddings/9E5I/rnafm_t12_residue_embeddings.pt
9E5I	1	B	B	1	76	84c3cc19e37ec1d15350f8783bcab6671c9c97b24dcc677f6264e397c92b8adb	0	0	full_sequence	1	0	/storage9920/home/tinghao.xia/Data_FM/RNA_FM_embeddings/9E5I/rnafm_t12_residue_embeddings.pt
9E5J	0	A	A	1	76	84c3cc19e37ec1d15350f8783bcab6671c9c97b24dcc677f6264e397c92b8adb	0	0	full_sequence	1	0	/storage9920/home/tinghao.xia/Data_FM/RNA_FM_embeddings/9E5J/rnafm_t12_residue_embeddings.pt
9E5J	1	B	B	1	76	84c3cc19e37ec1d15350f8783bcab6671c9c97b24dcc677f6264e397c92b8adb	0	0	full_sequence	1	0	/storage9920/home/tinghao.xia/Data_FM/RNA_FM_embeddings/9E5J/rnafm_t12_residue_embeddings.pt
9E5K	0	A	A	1	76	84c3cc19e37ec1d15350f8783bcab6671c9c97b24dcc677f6264e397c92b8adb	0	0	full_sequence	1	0	/storage9920/home/tinghao.xia/Data_FM/RNA_FM_embeddings/9E5K/rnafm_t12_residue_embeddings.pt
9E5K	1	B	B	1	76	84c3cc19e37ec1d15350f8783bcab6671c9c97b24dcc677f6264e397c92b8adb	0	0	full_sequence	1	0	/storage9920/home/tinghao.xia/Data_FM/RNA_FM_embeddings/9E5K/rnafm_t12_residue_embeddings.pt
9E5K	2	C	C	1	76	84c3cc19e37ec1d15350f8783bcab6671c9c97b24dcc677f6264e397c92b8adb	0	0	full_sequence	1	0	/storage9920/home/tinghao.xia/Data_FM/RNA_FM_embeddings/9E5K/rnafm_t12_residue_embeddings.pt
9E5K	3	D	D	1	76	84c3cc19e37ec1d15350f8783bcab6671c9c97b24dcc677f6264e397c92b8adb	0	0	full_sequence	1	0	/storage9920/home/tinghao.xia/Data_FM/RNA_FM_embeddings/9E5K/rnafm_t12_residue_embeddings.pt
9E5L	0	A	A	1	76	84c3cc19e37ec1d15350f8783bcab6671c9c97b24dcc677f6264e397c92b8adb	0	0	full_sequence	1	0	/storage9920/home/tinghao.xia/Data_FM/RNA_FM_embeddings/9E5L/rnafm_t12_residue_embeddings.pt
9E5L	1	B	B	1	76	84c3cc19e37ec1d15350f8783bcab6671c9c97b24dcc677f6264e397c92b8adb	0	0	full_sequence	1	0	/storage9920/home/tinghao.xia/Data_FM/RNA_FM_embeddings/9E5L/rnafm_t12_residue_embeddings.pt
9E5M	0	A	A	1	76	84c3cc19e37ec1d15350f8783bcab6671c9c97b24dcc677f6264e397c92b8adb	0	0	full_sequence	1	0	/storage9920/home/tinghao.xia/Data_FM/RNA_FM_embeddings/9E5M/rnafm_t12_residue_embeddings.pt
9E5M	1	B	B	1	76	84c3cc19e37ec1d15350f8783bcab6671c9c97b24dcc677f6264e397c92b8adb	0	0	full_sequence	1	0	/storage9920/home/tinghao.xia/Data_FM/RNA_FM_embeddings/9E5M/rnafm_t12_residue_embeddings.pt
9E5O	0	A	A	1	76	84c3cc19e37ec1d15350f8783bcab6671c9c97b24dcc677f6264e397c92b8adb	0	0	full_sequence	1	0	/storage9920/home/tinghao.xia/Data_FM/RNA_FM_embeddings/9E5O/rnafm_t12_residue_embeddings.pt
9E5O	1	B	B	1	76	84c3cc19e37ec1d15350f8783bcab6671c9c97b24dcc677f6264e397c92b8adb	0	0	full_sequence	1	0	/storage9920/home/tinghao.xia/Data_FM/RNA_FM_embeddings/9E5O/rnafm_t12_residue_embeddings.pt
9E5P	0	A	A	1	76	84c3cc19e37ec1d15350f8783bcab6671c9c97b24dcc677f6264e397c92b8adb	0	0	full_sequence	1	0	/storage9920/home/tinghao.xia/Data_FM/RNA_FM_embeddings/9E5P/rnafm_t12_residue_embeddings.pt
9E5P	1	B	B	1	76	84c3cc19e37ec1d15350f8783bcab6671c9c97b24dcc677f6264e397c92b8adb	0	0	full_sequence	1	0	/storage9920/home/tinghao.xia/Data_FM/RNA_FM_embeddings/9E5P/rnafm_t12_residue_embeddings.pt
9E5Q	0	A	A	1	76	84c3cc19e37ec1d15350f8783bcab6671c9c97b24dcc677f6264e397c92b8adb	0	0	full_sequence	1	0	/storage9920/home/tinghao.xia/Data_FM/RNA_FM_embeddings/9E5Q/rnafm_t12_residue_embeddings.pt
9E5Q	1	B	B	1	76	84c3cc19e37ec1d15350f8783bcab6671c9c97b24dcc677f6264e397c92b8adb	0	0	full_sequence	1	0	/storage9920/home/tinghao.xia/Data_FM/RNA_FM_embeddings/9E5Q/rnafm_t12_residue_embeddings.pt
9E5R	0	A	A	1	76	84c3cc19e37ec1d15350f8783bcab6671c9c97b24dcc677f6264e397c92b8adb	0	0	full_sequence	1	0	/storage9920/home/tinghao.xia/Data_FM/RNA_FM_embeddings/9E5R/rnafm_t12_residue_embeddings.pt
9E5R	1	B	B	1	76	84c3cc19e37ec1d15350f8783bcab6671c9c97b24dcc677f6264e397c92b8adb	0	0	full_sequence	1	0	/storage9920/home/tinghao.xia/Data_FM/RNA_FM_embeddings/9E5R/rnafm_t12_residue_embeddings.pt
9E5S	0	A	A	1	76	84c3cc19e37ec1d15350f8783bcab6671c9c97b24dcc677f6264e397c92b8adb	0	0	full_sequence	1	0	/storage9920/home/tinghao.xia/Data_FM/RNA_FM_embeddings/9E5S/rnafm_t12_residue_embeddings.pt
9E5S	1	B	B	1	76	84c3cc19e37ec1d15350f8783bcab6671c9c97b24dcc677f6264e397c92b8adb	0	0	full_sequence	1	0	/storage9920/home/tinghao.xia/Data_FM/RNA_FM_embeddings/9E5S/rnafm_t12_residue_embeddings.pt
9E5T	0	A	A	1	76	84c3cc19e37ec1d15350f8783bcab6671c9c97b24dcc677f6264e397c92b8adb	0	0	full_sequence	1	0	/storage9920/home/tinghao.xia/Data_FM/RNA_FM_embeddings/9E5T/rnafm_t12_residue_embeddings.pt
9E5T	1	B	B	1	76	84c3cc19e37ec1d15350f8783bcab6671c9c97b24dcc677f6264e397c92b8adb	0	0	full_sequence	1	0	/storage9920/home/tinghao.xia/Data_FM/RNA_FM_embeddings/9E5T/rnafm_t12_residue_embeddings.pt
9E73	0	A	A	1	204	5fe81c6fb85770489ca0ace0aaa93f9ba44c10cc103d86c6691e1c9989cd0e50	0	0	full_sequence	1	0	/storage9920/home/tinghao.xia/Data_FM/RNA_FM_embeddings/9E73/rnafm_t12_residue_embeddings.pt
9E74	0	A	A	1	255	309f27ec31338e28671089ae3159a99b04994d332a71a02080aaeaec255dff18	0	0	full_sequence	1	0	/storage9920/home/tinghao.xia/Data_FM/RNA_FM_embeddings/9E74/rnafm_t12_residue_embeddings.pt
9E75	0	A	A	1	165	914617f9b2d70b63a28abf3ea2b9692e4488c1c2ec8775f589a4a4b714e318a2	0	0	full_sequence	1	0	/storage9920/home/tinghao.xia/Data_FM/RNA_FM_embeddings/9E75/rnafm_t12_residue_embeddings.pt
9E9O	0	A	A	1	101	c05159efa23d47e5eac4ee4e212ea15426f27b1b2450d2a596878d6dc0345746	0	0	full_sequence	1	0	/storage9920/home/tinghao.xia/Data_FM/RNA_FM_embeddings/9E9O/rnafm_t12_residue_embeddings.pt
9E9Q	0	A	A	1	101	c05159efa23d47e5eac4ee4e212ea15426f27b1b2450d2a596878d6dc0345746	0	0	full_sequence	1	0	/storage9920/home/tinghao.xia/Data_FM/RNA_FM_embeddings/9E9Q/rnafm_t12_residue_embeddings.pt
9EBP	0	A	A	1	81	b11622fa5ee73088d38c18e9b8574edbb89a3adaebc27bf770d51ef83fc987cf	0	0	full_sequence	1	0	/storage9920/home/tinghao.xia/Data_FM/RNA_FM_embeddings/9EBP/rnafm_t12_residue_embeddings.pt
9EBP	1	M	B	1	81	b11622fa5ee73088d38c18e9b8574edbb89a3adaebc27bf770d51ef83fc987cf	0	0	full_sequence	1	0	/storage9920/home/tinghao.xia/Data_FM/RNA_FM_embeddings/9EBP/rnafm_t12_residue_embeddings.pt
9EBV	0	A	A	1	81	b11622fa5ee73088d38c18e9b8574edbb89a3adaebc27bf770d51ef83fc987cf	0	0	full_sequence	1	0	/storage9920/home/tinghao.xia/Data_FM/RNA_FM_embeddings/9EBV/rnafm_t12_residue_embeddings.pt
9EBV	1	M	B	1	81	b11622fa5ee73088d38c18e9b8574edbb89a3adaebc27bf770d51ef83fc987cf	0	0	full_sequence	1	0	/storage9920/home/tinghao.xia/Data_FM/RNA_FM_embeddings/9EBV/rnafm_t12_residue_embeddings.pt
9EC4	0	M	A	1	81	b11622fa5ee73088d38c18e9b8574edbb89a3adaebc27bf770d51ef83fc987cf	0	0	full_sequence	1	0	/storage9920/home/tinghao.xia/Data_FM/RNA_FM_embeddings/9EC4/rnafm_t12_residue_embeddings.pt
9EC4	1	A	B	1	81	b11622fa5ee73088d38c18e9b8574edbb89a3adaebc27bf770d51ef83fc987cf	0	0	full_sequence	1	0	/storage9920/home/tinghao.xia/Data_FM/RNA_FM_embeddings/9EC4/rnafm_t12_residue_embeddings.pt
9ECQ	0	A	A	1	17	374f5f5065b96a298b851b19a3a8871dfb9b7e0f4032733269dd28e0848556f6	0	0	full_sequence	1	0	/storage9920/home/tinghao.xia/Data_FM/RNA_FM_embeddings/9ECQ/rnafm_t12_residue_embeddings.pt
9ECR	0	A	A	1	17	374f5f5065b96a298b851b19a3a8871dfb9b7e0f4032733269dd28e0848556f6	0	0	full_sequence	1	0	/storage9920/home/tinghao.xia/Data_FM/RNA_FM_embeddings/9ECR/rnafm_t12_residue_embeddings.pt
9ELR	0	A	A	1	76	84c3cc19e37ec1d15350f8783bcab6671c9c97b24dcc677f6264e397c92b8adb	0	0	full_sequence	1	0	/storage9920/home/tinghao.xia/Data_FM/RNA_FM_embeddings/9ELR/rnafm_t12_residue_embeddings.pt
9ELR	1	B	B	1	76	84c3cc19e37ec1d15350f8783bcab6671c9c97b24dcc677f6264e397c92b8adb	0	0	full_sequence	1	0	/storage9920/home/tinghao.xia/Data_FM/RNA_FM_embeddings/9ELR/rnafm_t12_residue_embeddings.pt
9ELY	0	A	A	1	205	2ca7143d87a1b60cef4fd9dc850ceb3914a70682b0cd2a4d2afbb6bd0be669db	0	0	full_sequence	1	0	/storage9920/home/tinghao.xia/Data_FM/RNA_FM_embeddings/9ELY/rnafm_t12_residue_embeddings.pt
9EN6	0	AAA	A	1	6	f57fdf741c7e86012d01c2707d5088c7568937a704ac65ab10d663952381cf85	0	0	full_sequence	1	0	/storage9920/home/tinghao.xia/Data_FM/RNA_FM_embeddings/9EN6/rnafm_t12_residue_embeddings.pt
9EN6	1	BBB	B	1	6	f57fdf741c7e86012d01c2707d5088c7568937a704ac65ab10d663952381cf85	0	0	full_sequence	1	0	/storage9920/home/tinghao.xia/Data_FM/RNA_FM_embeddings/9EN6/rnafm_t12_residue_embeddings.pt
9EN6	2	CCC	C	1	6	f57fdf741c7e86012d01c2707d5088c7568937a704ac65ab10d663952381cf85	0	0	full_sequence	1	0	/storage9920/home/tinghao.xia/Data_FM/RNA_FM_embeddings/9EN6/rnafm_t12_residue_embeddings.pt
9EN6	3	DDD	D	1	6	f57fdf741c7e86012d01c2707d5088c7568937a704ac65ab10d663952381cf85	0	0	full_sequence	1	0	/storage9920/home/tinghao.xia/Data_FM/RNA_FM_embeddings/9EN6/rnafm_t12_residue_embeddings.pt
9EOW	0	A	A	1	29	068b76ba6ac9cea9a703ffd90984bbd639cdb2f6d94daa58f900552064cb0219	0	0	full_sequence	1	0	/storage9920/home/tinghao.xia/Data_FM/RNA_FM_embeddings/9EOW/rnafm_t12_residue_embeddings.pt
9EWW	0	A	A	1	120	aff9ded9f3f1662b6a1e1c1011dcb744f507a6802264a29a17aefede17cb59c9	0	0	full_sequence	1	0	/storage9920/home/tinghao.xia/Data_FM/RNA_FM_embeddings/9EWW/rnafm_t12_residue_embeddings.pt
9FM4	0	A	A	1	25	af75727d231c5a4211bc59832691fcb4e6eec69c619311e2cf785d2a731e2eb2	0	0	full_sequence	1	0	/storage9920/home/tinghao.xia/Data_FM/RNA_FM_embeddings/9FM4/rnafm_t12_residue_embeddings.pt
9FN2	0	A	A	1	58	7e2ae0d1b212460970ca10ab5992665d7dc0a77dd78cd330cc8f0b003128da21	1	1	full_sequence	1	0	/storage9920/home/tinghao.xia/Data_FM/RNA_FM_embeddings/9FN2/rnafm_t12_residue_embeddings.pt
9FN2	1	B	B	1	58	7e2ae0d1b212460970ca10ab5992665d7dc0a77dd78cd330cc8f0b003128da21	1	1	full_sequence	1	0	/storage9920/home/tinghao.xia/Data_FM/RNA_FM_embeddings/9FN2/rnafm_t12_residue_embeddings.pt
9FN3	0	A	A	1	58	7e2ae0d1b212460970ca10ab5992665d7dc0a77dd78cd330cc8f0b003128da21	1	1	full_sequence	1	0	/storage9920/home/tinghao.xia/Data_FM/RNA_FM_embeddings/9FN3/rnafm_t12_residue_embeddings.pt
9FN3	1	B	B	1	58	7e2ae0d1b212460970ca10ab5992665d7dc0a77dd78cd330cc8f0b003128da21	1	1	full_sequence	1	0	/storage9920/home/tinghao.xia/Data_FM/RNA_FM_embeddings/9FN3/rnafm_t12_residue_embeddings.pt
9FO8	0	A	A	1	29	990eaae662506b0ffc3223a0b085186079e0c0f78b6056a774a8265b46cea4f0	0	0	full_sequence	1	0	/storage9920/home/tinghao.xia/Data_FM/RNA_FM_embeddings/9FO8/rnafm_t12_residue_embeddings.pt
9FO9	0	A	A	1	33	a50c1413a9b7c17b0a04cf91fdf093fbb8f3a5653d0e978a84b49c27a7dc4a37	0	0	full_sequence	1	0	/storage9920/home/tinghao.xia/Data_FM/RNA_FM_embeddings/9FO9/rnafm_t12_residue_embeddings.pt
9G4I	0	A	A	1	296	c34ae2f3f82282a4eda9e9c9d6663327f8e3186ddbc7c15498a514037e6a0ec1	0	0	full_sequence	1	0	/storage9920/home/tinghao.xia/Data_FM/RNA_FM_embeddings/9G4I/rnafm_t12_residue_embeddings.pt
9G4J	0	A	A	1	334	6e25d1476b7170901c6a535f0eef9bf313e52522178e751ee76c3bcb0024da2f	0	0	full_sequence	1	0	/storage9920/home/tinghao.xia/Data_FM/RNA_FM_embeddings/9G4J/rnafm_t12_residue_embeddings.pt
9G4L	0	A	A	1	334	6e25d1476b7170901c6a535f0eef9bf313e52522178e751ee76c3bcb0024da2f	0	0	full_sequence	1	0	/storage9920/home/tinghao.xia/Data_FM/RNA_FM_embeddings/9G4L/rnafm_t12_residue_embeddings.pt
9G4P	0	A	A	1	35	c24c1733331ccd5f16b10f798b7ce9dd441f0527c15fab9c947fc1fcdc8c73b0	0	0	full_sequence	1	0	/storage9920/home/tinghao.xia/Data_FM/RNA_FM_embeddings/9G4P/rnafm_t12_residue_embeddings.pt
9G4P	1	B	B	2	33	3a47bde2cea697422794d115fed2c77b4cece93bf2b92435183272c574d04746	0	0	full_sequence	1	0	/storage9920/home/tinghao.xia/Data_FM/RNA_FM_embeddings/9G4P/rnafm_t12_residue_embeddings.pt
9G4Q	0	A	A	1	52	c3768b1091e51cb1b473e49258d2ce07220ed5ef6741f75bcf75f2aee6d95fd0	0	0	full_sequence	1	0	/storage9920/home/tinghao.xia/Data_FM/RNA_FM_embeddings/9G4Q/rnafm_t12_residue_embeddings.pt
9G4Q	1	B	B	1	52	c3768b1091e51cb1b473e49258d2ce07220ed5ef6741f75bcf75f2aee6d95fd0	0	0	full_sequence	1	0	/storage9920/home/tinghao.xia/Data_FM/RNA_FM_embeddings/9G4Q/rnafm_t12_residue_embeddings.pt
9G4R	0	A	A	1	47	80eaf3bc84549f100bb040428ce67e5ca22c54171d4e48902b6a6bab94954ead	0	0	full_sequence	1	0	/storage9920/home/tinghao.xia/Data_FM/RNA_FM_embeddings/9G4R/rnafm_t12_residue_embeddings.pt
9G4V	0	A	A	1	296	c34ae2f3f82282a4eda9e9c9d6663327f8e3186ddbc7c15498a514037e6a0ec1	0	0	full_sequence	1	0	/storage9920/home/tinghao.xia/Data_FM/RNA_FM_embeddings/9G4V/rnafm_t12_residue_embeddings.pt
9G54	0	A	A	1	362	489f1f4f6458a4251445fbf881362c6841b9d5819b6ea3fc8a4666fdcab8384d	0	0	full_sequence	1	0	/storage9920/home/tinghao.xia/Data_FM/RNA_FM_embeddings/9G54/rnafm_t12_residue_embeddings.pt
9G56	0	A	A	1	294	8e4cfeb5880e425f5e9ab8248da8d5cb2261b2ce467e83c638ab4961430d3f84	0	0	full_sequence	1	0	/storage9920/home/tinghao.xia/Data_FM/RNA_FM_embeddings/9G56/rnafm_t12_residue_embeddings.pt
9G7C	0	A	A	1	224	1a53087c5d64502ead3a4fef7f51b00aef25588afa54668c2bcd678f2e02fab7	0	0	full_sequence	1	0	/storage9920/home/tinghao.xia/Data_FM/RNA_FM_embeddings/9G7C/rnafm_t12_residue_embeddings.pt
9H82	0	E	A	1	36	852f8b5a193b6e1bd3efbf322278adff06a76e2520674b1b1e4dc7ee2760b5c8	0	0	full_sequence	1	0	/storage9920/home/tinghao.xia/Data_FM/RNA_FM_embeddings/9H82/rnafm_t12_residue_embeddings.pt
9H82	1	B	B	2	36	ed174daa8acad9ffc7dc92eb337d1b1e5d4d35864464cb0696c16a8242307e23	0	0	full_sequence	1	0	/storage9920/home/tinghao.xia/Data_FM/RNA_FM_embeddings/9H82/rnafm_t12_residue_embeddings.pt
9H83	0	A	A	1	36	ed174daa8acad9ffc7dc92eb337d1b1e5d4d35864464cb0696c16a8242307e23	0	0	full_sequence	1	0	/storage9920/home/tinghao.xia/Data_FM/RNA_FM_embeddings/9H83/rnafm_t12_residue_embeddings.pt
9H83	1	B	B	1	36	ed174daa8acad9ffc7dc92eb337d1b1e5d4d35864464cb0696c16a8242307e23	0	0	full_sequence	1	0	/storage9920/home/tinghao.xia/Data_FM/RNA_FM_embeddings/9H83/rnafm_t12_residue_embeddings.pt
9H83	2	D	C	2	36	852f8b5a193b6e1bd3efbf322278adff06a76e2520674b1b1e4dc7ee2760b5c8	0	0	full_sequence	1	0	/storage9920/home/tinghao.xia/Data_FM/RNA_FM_embeddings/9H83/rnafm_t12_residue_embeddings.pt
9H83	3	C	D	2	36	852f8b5a193b6e1bd3efbf322278adff06a76e2520674b1b1e4dc7ee2760b5c8	0	0	full_sequence	1	0	/storage9920/home/tinghao.xia/Data_FM/RNA_FM_embeddings/9H83/rnafm_t12_residue_embeddings.pt
9H86	0	A	A	1	36	ed174daa8acad9ffc7dc92eb337d1b1e5d4d35864464cb0696c16a8242307e23	0	0	full_sequence	1	0	/storage9920/home/tinghao.xia/Data_FM/RNA_FM_embeddings/9H86/rnafm_t12_residue_embeddings.pt
9H86	1	B	B	1	36	ed174daa8acad9ffc7dc92eb337d1b1e5d4d35864464cb0696c16a8242307e23	0	0	full_sequence	1	0	/storage9920/home/tinghao.xia/Data_FM/RNA_FM_embeddings/9H86/rnafm_t12_residue_embeddings.pt
9H86	2	E	C	1	36	ed174daa8acad9ffc7dc92eb337d1b1e5d4d35864464cb0696c16a8242307e23	0	0	full_sequence	1	0	/storage9920/home/tinghao.xia/Data_FM/RNA_FM_embeddings/9H86/rnafm_t12_residue_embeddings.pt
9H86	3	F	D	1	36	ed174daa8acad9ffc7dc92eb337d1b1e5d4d35864464cb0696c16a8242307e23	0	0	full_sequence	1	0	/storage9920/home/tinghao.xia/Data_FM/RNA_FM_embeddings/9H86/rnafm_t12_residue_embeddings.pt
9H86	4	D	E	2	36	852f8b5a193b6e1bd3efbf322278adff06a76e2520674b1b1e4dc7ee2760b5c8	0	0	full_sequence	1	0	/storage9920/home/tinghao.xia/Data_FM/RNA_FM_embeddings/9H86/rnafm_t12_residue_embeddings.pt
9H86	5	C	F	2	36	852f8b5a193b6e1bd3efbf322278adff06a76e2520674b1b1e4dc7ee2760b5c8	0	0	full_sequence	1	0	/storage9920/home/tinghao.xia/Data_FM/RNA_FM_embeddings/9H86/rnafm_t12_residue_embeddings.pt
9H86	6	H	G	2	36	852f8b5a193b6e1bd3efbf322278adff06a76e2520674b1b1e4dc7ee2760b5c8	0	0	full_sequence	1	0	/storage9920/home/tinghao.xia/Data_FM/RNA_FM_embeddings/9H86/rnafm_t12_residue_embeddings.pt
9H86	7	G	H	2	36	852f8b5a193b6e1bd3efbf322278adff06a76e2520674b1b1e4dc7ee2760b5c8	0	0	full_sequence	1	0	/storage9920/home/tinghao.xia/Data_FM/RNA_FM_embeddings/9H86/rnafm_t12_residue_embeddings.pt
9H8A	0	A	A	1	36	ed174daa8acad9ffc7dc92eb337d1b1e5d4d35864464cb0696c16a8242307e23	0	0	full_sequence	1	0	/storage9920/home/tinghao.xia/Data_FM/RNA_FM_embeddings/9H8A/rnafm_t12_residue_embeddings.pt
9H8A	1	B	B	1	36	ed174daa8acad9ffc7dc92eb337d1b1e5d4d35864464cb0696c16a8242307e23	0	0	full_sequence	1	0	/storage9920/home/tinghao.xia/Data_FM/RNA_FM_embeddings/9H8A/rnafm_t12_residue_embeddings.pt
9H8A	2	E	C	1	36	ed174daa8acad9ffc7dc92eb337d1b1e5d4d35864464cb0696c16a8242307e23	0	0	full_sequence	1	0	/storage9920/home/tinghao.xia/Data_FM/RNA_FM_embeddings/9H8A/rnafm_t12_residue_embeddings.pt
9H8A	3	F	D	1	36	ed174daa8acad9ffc7dc92eb337d1b1e5d4d35864464cb0696c16a8242307e23	0	0	full_sequence	1	0	/storage9920/home/tinghao.xia/Data_FM/RNA_FM_embeddings/9H8A/rnafm_t12_residue_embeddings.pt
9H8A	4	D	E	2	36	852f8b5a193b6e1bd3efbf322278adff06a76e2520674b1b1e4dc7ee2760b5c8	0	0	full_sequence	1	0	/storage9920/home/tinghao.xia/Data_FM/RNA_FM_embeddings/9H8A/rnafm_t12_residue_embeddings.pt
9H8A	5	C	F	2	36	852f8b5a193b6e1bd3efbf322278adff06a76e2520674b1b1e4dc7ee2760b5c8	0	0	full_sequence	1	0	/storage9920/home/tinghao.xia/Data_FM/RNA_FM_embeddings/9H8A/rnafm_t12_residue_embeddings.pt
9H8A	6	H	G	2	36	852f8b5a193b6e1bd3efbf322278adff06a76e2520674b1b1e4dc7ee2760b5c8	0	0	full_sequence	1	0	/storage9920/home/tinghao.xia/Data_FM/RNA_FM_embeddings/9H8A/rnafm_t12_residue_embeddings.pt
9H8A	7	G	H	2	36	852f8b5a193b6e1bd3efbf322278adff06a76e2520674b1b1e4dc7ee2760b5c8	0	0	full_sequence	1	0	/storage9920/home/tinghao.xia/Data_FM/RNA_FM_embeddings/9H8A/rnafm_t12_residue_embeddings.pt
9HRD	0	A	A	1	68	c23b3e77f41fc574a0b17329535280e4c1d83ae54aef79860362773489ecf3e5	0	0	full_sequence	1	0	/storage9920/home/tinghao.xia/Data_FM/RNA_FM_embeddings/9HRD/rnafm_t12_residue_embeddings.pt
9HRD	1	B	B	1	68	c23b3e77f41fc574a0b17329535280e4c1d83ae54aef79860362773489ecf3e5	0	0	full_sequence	1	0	/storage9920/home/tinghao.xia/Data_FM/RNA_FM_embeddings/9HRD/rnafm_t12_residue_embeddings.pt
9HRD	2	C	C	1	68	c23b3e77f41fc574a0b17329535280e4c1d83ae54aef79860362773489ecf3e5	0	0	full_sequence	1	0	/storage9920/home/tinghao.xia/Data_FM/RNA_FM_embeddings/9HRD/rnafm_t12_residue_embeddings.pt
9HRD	3	D	D	1	68	c23b3e77f41fc574a0b17329535280e4c1d83ae54aef79860362773489ecf3e5	0	0	full_sequence	1	0	/storage9920/home/tinghao.xia/Data_FM/RNA_FM_embeddings/9HRD/rnafm_t12_residue_embeddings.pt
9HRF	0	A	A	1	70	40c4686dbb125156cd07802c606b0c904258c36902990f278a8e5ed5f8785932	0	0	full_sequence	1	0	/storage9920/home/tinghao.xia/Data_FM/RNA_FM_embeddings/9HRF/rnafm_t12_residue_embeddings.pt
9HRG	0	A	A	1	68	03e1021c622cb6cd80405507842cf68c80bc4d169dbb0144a7db3c4f19a0e65b	0	0	full_sequence	1	0	/storage9920/home/tinghao.xia/Data_FM/RNA_FM_embeddings/9HRG/rnafm_t12_residue_embeddings.pt
9HRG	1	B	B	1	68	03e1021c622cb6cd80405507842cf68c80bc4d169dbb0144a7db3c4f19a0e65b	0	0	full_sequence	1	0	/storage9920/home/tinghao.xia/Data_FM/RNA_FM_embeddings/9HRG/rnafm_t12_residue_embeddings.pt
9HRG	2	C	C	1	68	03e1021c622cb6cd80405507842cf68c80bc4d169dbb0144a7db3c4f19a0e65b	0	0	full_sequence	1	0	/storage9920/home/tinghao.xia/Data_FM/RNA_FM_embeddings/9HRG/rnafm_t12_residue_embeddings.pt
9HRG	3	D	D	1	68	03e1021c622cb6cd80405507842cf68c80bc4d169dbb0144a7db3c4f19a0e65b	0	0	full_sequence	1	0	/storage9920/home/tinghao.xia/Data_FM/RNA_FM_embeddings/9HRG/rnafm_t12_residue_embeddings.pt
9HRO	0	A	A	1	35	7e660e3583142e1f2bc5ab1508381854b0c8eb830c8dd69f1523b687ccbee127	0	0	full_sequence	1	0	/storage9920/home/tinghao.xia/Data_FM/RNA_FM_embeddings/9HRO/rnafm_t12_residue_embeddings.pt
9I8B	0	A	A	1	20	23853a8836d8632e5cbca6d1da1ec7b0c09307f7dbd4dd9342439ef7c3ee77df	0	0	full_sequence	1	0	/storage9920/home/tinghao.xia/Data_FM/RNA_FM_embeddings/9I8B/rnafm_t12_residue_embeddings.pt
9I8B	1	B	B	2	20	2aa9f5876be40794080e603fc27f134a6127a0f648cf6cb0fee9b77580443c9e	0	0	full_sequence	1	0	/storage9920/home/tinghao.xia/Data_FM/RNA_FM_embeddings/9I8B/rnafm_t12_residue_embeddings.pt
9I9W	0	AAA	A	1	14	4fa2881385c085c9a8fc76603975178b415c1c5097ae995fbf649ec4437c37df	0	0	full_sequence	1	0	/storage9920/home/tinghao.xia/Data_FM/RNA_FM_embeddings/9I9W/rnafm_t12_residue_embeddings.pt
9I9W	1	BBB	B	1	14	4fa2881385c085c9a8fc76603975178b415c1c5097ae995fbf649ec4437c37df	0	0	full_sequence	1	0	/storage9920/home/tinghao.xia/Data_FM/RNA_FM_embeddings/9I9W/rnafm_t12_residue_embeddings.pt
9IF0	0	AAA	A	1	15	54ba9c9b3b19b7959c103f239614760e6f6ac9fb30f057984c3212e7692db41f	0	0	full_sequence	1	0	/storage9920/home/tinghao.xia/Data_FM/RNA_FM_embeddings/9IF0/rnafm_t12_residue_embeddings.pt
9IF0	1	BBB	B	1	15	54ba9c9b3b19b7959c103f239614760e6f6ac9fb30f057984c3212e7692db41f	0	0	full_sequence	1	0	/storage9920/home/tinghao.xia/Data_FM/RNA_FM_embeddings/9IF0/rnafm_t12_residue_embeddings.pt
9IF1	0	AAA	A	1	15	54ba9c9b3b19b7959c103f239614760e6f6ac9fb30f057984c3212e7692db41f	0	0	full_sequence	1	0	/storage9920/home/tinghao.xia/Data_FM/RNA_FM_embeddings/9IF1/rnafm_t12_residue_embeddings.pt
9IF1	1	BBB	B	1	15	54ba9c9b3b19b7959c103f239614760e6f6ac9fb30f057984c3212e7692db41f	0	0	full_sequence	1	0	/storage9920/home/tinghao.xia/Data_FM/RNA_FM_embeddings/9IF1/rnafm_t12_residue_embeddings.pt
9IO0	0	A	A	1	19	077e028e046cdd7e1f3590d923b9e5599bd8bd7b8f165a266d136dfcea57994e	0	0	full_sequence	1	0	/storage9920/home/tinghao.xia/Data_FM/RNA_FM_embeddings/9IO0/rnafm_t12_residue_embeddings.pt
9IO1	0	A	A	1	19	2f59e484ef805b45b9e3b5d04b0c705c98e70d4f373ddbbd2f9520e4fd306ec2	0	0	full_sequence	1	0	/storage9920/home/tinghao.xia/Data_FM/RNA_FM_embeddings/9IO1/rnafm_t12_residue_embeddings.pt
9IOR	0	A	A	1	19	675cb3006e15964260d039c90b3bb666eb6053bff6d83dcc08176466d7893027	0	0	full_sequence	1	0	/storage9920/home/tinghao.xia/Data_FM/RNA_FM_embeddings/9IOR/rnafm_t12_residue_embeddings.pt
9IOS	0	A	A	1	19	3876c3367093ecf15ea95d5a03004d8b4bed6fdeb46012eb66e23273579b1658	0	0	full_sequence	1	0	/storage9920/home/tinghao.xia/Data_FM/RNA_FM_embeddings/9IOS/rnafm_t12_residue_embeddings.pt
9IOU	0	A	A	1	19	53033124122cceaceca4239de5521429f6b36f1c76a1539a9bceacf88971bc52	0	0	full_sequence	1	0	/storage9920/home/tinghao.xia/Data_FM/RNA_FM_embeddings/9IOU/rnafm_t12_residue_embeddings.pt
9IS7	0	A	A	1	153	eec39ccf13d07fb285ed48417620f58cffa52f5629c458b57d0cb2801075a7ff	0	0	full_sequence	1	0	/storage9920/home/tinghao.xia/Data_FM/RNA_FM_embeddings/9IS7/rnafm_t12_residue_embeddings.pt
9IS7	1	B	B	2	582	cfe67b49b14310e28686a29462a6125bb1f272c7591c4a41386a6ca2bd3206aa	0	0	full_sequence	1	0	/storage9920/home/tinghao.xia/Data_FM/RNA_FM_embeddings/9IS7/rnafm_t12_residue_embeddings.pt
9ISV	0	A	A	1	580	b86b4265a36d73156e86a1571742a8bf5fab1d80f1fd719772ffd476797e6a94	0	0	full_sequence	1	0	/storage9920/home/tinghao.xia/Data_FM/RNA_FM_embeddings/9ISV/rnafm_t12_residue_embeddings.pt
9IWF	0	A	A	1	69	db6afd57809b243961e8942bc92075bd3d58733ffb9a3103fd38d55ddca18f47	0	0	full_sequence	1	0	/storage9920/home/tinghao.xia/Data_FM/RNA_FM_embeddings/9IWF/rnafm_t12_residue_embeddings.pt
9IWF	1	B	B	1	69	db6afd57809b243961e8942bc92075bd3d58733ffb9a3103fd38d55ddca18f47	0	0	full_sequence	1	0	/storage9920/home/tinghao.xia/Data_FM/RNA_FM_embeddings/9IWF/rnafm_t12_residue_embeddings.pt
9IWG	0	A	A	1	69	cc1a6c36f86d84216c4ae245e5a5fbff823a55297067ab942d960fa4a98c1e65	0	0	full_sequence	1	0	/storage9920/home/tinghao.xia/Data_FM/RNA_FM_embeddings/9IWG/rnafm_t12_residue_embeddings.pt
9IWG	1	B	B	1	69	cc1a6c36f86d84216c4ae245e5a5fbff823a55297067ab942d960fa4a98c1e65	0	0	full_sequence	1	0	/storage9920/home/tinghao.xia/Data_FM/RNA_FM_embeddings/9IWG/rnafm_t12_residue_embeddings.pt
9J3R	0	B	A	1	580	b86b4265a36d73156e86a1571742a8bf5fab1d80f1fd719772ffd476797e6a94	0	0	full_sequence	1	0	/storage9920/home/tinghao.xia/Data_FM/RNA_FM_embeddings/9J3R/rnafm_t12_residue_embeddings.pt
9J3R	1	A	B	1	580	b86b4265a36d73156e86a1571742a8bf5fab1d80f1fd719772ffd476797e6a94	0	0	full_sequence	1	0	/storage9920/home/tinghao.xia/Data_FM/RNA_FM_embeddings/9J3R/rnafm_t12_residue_embeddings.pt
9J3R	2	D	C	1	580	b86b4265a36d73156e86a1571742a8bf5fab1d80f1fd719772ffd476797e6a94	0	0	full_sequence	1	0	/storage9920/home/tinghao.xia/Data_FM/RNA_FM_embeddings/9J3R/rnafm_t12_residue_embeddings.pt
9J3R	3	C	D	1	580	b86b4265a36d73156e86a1571742a8bf5fab1d80f1fd719772ffd476797e6a94	0	0	full_sequence	1	0	/storage9920/home/tinghao.xia/Data_FM/RNA_FM_embeddings/9J3R/rnafm_t12_residue_embeddings.pt
9J3T	0	B	A	1	580	b86b4265a36d73156e86a1571742a8bf5fab1d80f1fd719772ffd476797e6a94	0	0	full_sequence	1	0	/storage9920/home/tinghao.xia/Data_FM/RNA_FM_embeddings/9J3T/rnafm_t12_residue_embeddings.pt
9J3T	1	A	B	1	580	b86b4265a36d73156e86a1571742a8bf5fab1d80f1fd719772ffd476797e6a94	0	0	full_sequence	1	0	/storage9920/home/tinghao.xia/Data_FM/RNA_FM_embeddings/9J3T/rnafm_t12_residue_embeddings.pt
9J3T	2	D	C	1	580	b86b4265a36d73156e86a1571742a8bf5fab1d80f1fd719772ffd476797e6a94	0	0	full_sequence	1	0	/storage9920/home/tinghao.xia/Data_FM/RNA_FM_embeddings/9J3T/rnafm_t12_residue_embeddings.pt
9J3T	3	C	D	1	580	b86b4265a36d73156e86a1571742a8bf5fab1d80f1fd719772ffd476797e6a94	0	0	full_sequence	1	0	/storage9920/home/tinghao.xia/Data_FM/RNA_FM_embeddings/9J3T/rnafm_t12_residue_embeddings.pt
9J3T	4	E	E	1	580	b86b4265a36d73156e86a1571742a8bf5fab1d80f1fd719772ffd476797e6a94	0	0	full_sequence	1	0	/storage9920/home/tinghao.xia/Data_FM/RNA_FM_embeddings/9J3T/rnafm_t12_residue_embeddings.pt
9J3T	5	F	F	1	580	b86b4265a36d73156e86a1571742a8bf5fab1d80f1fd719772ffd476797e6a94	0	0	full_sequence	1	0	/storage9920/home/tinghao.xia/Data_FM/RNA_FM_embeddings/9J3T/rnafm_t12_residue_embeddings.pt
9J3T	6	G	G	1	580	b86b4265a36d73156e86a1571742a8bf5fab1d80f1fd719772ffd476797e6a94	0	0	full_sequence	1	0	/storage9920/home/tinghao.xia/Data_FM/RNA_FM_embeddings/9J3T/rnafm_t12_residue_embeddings.pt
9J3T	7	H	H	1	580	b86b4265a36d73156e86a1571742a8bf5fab1d80f1fd719772ffd476797e6a94	0	0	full_sequence	1	0	/storage9920/home/tinghao.xia/Data_FM/RNA_FM_embeddings/9J3T/rnafm_t12_residue_embeddings.pt
9J4N	0	A	A	1	85	528398141a57c1fca2ca40dd88734e7e6efc5d7f63c7b63130eb5a2ba7fa374c	0	0	full_sequence	1	0	/storage9920/home/tinghao.xia/Data_FM/RNA_FM_embeddings/9J4N/rnafm_t12_residue_embeddings.pt
9J4O	0	A	A	1	89	fdb2050163e80ccb93ea0b8674c97f7bb3e9666e1bfb06148a3deda288c90fd1	0	0	full_sequence	1	0	/storage9920/home/tinghao.xia/Data_FM/RNA_FM_embeddings/9J4O/rnafm_t12_residue_embeddings.pt
9J6P	0	A	A	1	22	ec49c1a7b8d6df1c54174f4091a04e1990a1b92915c35ab80801e2d2b2088164	0	0	full_sequence	1	0	/storage9920/home/tinghao.xia/Data_FM/RNA_FM_embeddings/9J6P/rnafm_t12_residue_embeddings.pt
9J6P	1	B	B	1	22	ec49c1a7b8d6df1c54174f4091a04e1990a1b92915c35ab80801e2d2b2088164	0	0	full_sequence	1	0	/storage9920/home/tinghao.xia/Data_FM/RNA_FM_embeddings/9J6P/rnafm_t12_residue_embeddings.pt
9J6Y	0	C	A	1	550	5134e58b450d3ade791eaf6d4094d2961e37bbb4b8633d85c2c8d9b9cafced6c	0	0	full_sequence	1	0	/storage9920/home/tinghao.xia/Data_FM/RNA_FM_embeddings/9J6Y/rnafm_t12_residue_embeddings.pt
9J6Y	1	F	B	1	550	5134e58b450d3ade791eaf6d4094d2961e37bbb4b8633d85c2c8d9b9cafced6c	0	0	full_sequence	1	0	/storage9920/home/tinghao.xia/Data_FM/RNA_FM_embeddings/9J6Y/rnafm_t12_residue_embeddings.pt
9J6Y	2	B	C	1	550	5134e58b450d3ade791eaf6d4094d2961e37bbb4b8633d85c2c8d9b9cafced6c	0	0	full_sequence	1	0	/storage9920/home/tinghao.xia/Data_FM/RNA_FM_embeddings/9J6Y/rnafm_t12_residue_embeddings.pt
9J6Y	3	E	D	1	550	5134e58b450d3ade791eaf6d4094d2961e37bbb4b8633d85c2c8d9b9cafced6c	0	0	full_sequence	1	0	/storage9920/home/tinghao.xia/Data_FM/RNA_FM_embeddings/9J6Y/rnafm_t12_residue_embeddings.pt
9J6Y	4	A	E	1	550	5134e58b450d3ade791eaf6d4094d2961e37bbb4b8633d85c2c8d9b9cafced6c	0	0	full_sequence	1	0	/storage9920/home/tinghao.xia/Data_FM/RNA_FM_embeddings/9J6Y/rnafm_t12_residue_embeddings.pt
9J6Y	5	D	F	1	550	5134e58b450d3ade791eaf6d4094d2961e37bbb4b8633d85c2c8d9b9cafced6c	0	0	full_sequence	1	0	/storage9920/home/tinghao.xia/Data_FM/RNA_FM_embeddings/9J6Y/rnafm_t12_residue_embeddings.pt
9J9X	0	N	A	1	382	af07007d9acc04ad7dba723f6fbbfe56e067b73d60b78488b78f6245968e97ab	0	0	full_sequence	1	0	/storage9920/home/tinghao.xia/Data_FM/RNA_FM_embeddings/9J9X/rnafm_t12_residue_embeddings.pt
9JA7	0	A	A	1	33	cce6037d72c1a636fbaf380994331f10bd891279a175bb459f511b088cafd889	0	0	full_sequence	1	0	/storage9920/home/tinghao.xia/Data_FM/RNA_FM_embeddings/9JA7/rnafm_t12_residue_embeddings.pt
9JA9	0	A	A	1	33	cce6037d72c1a636fbaf380994331f10bd891279a175bb459f511b088cafd889	0	0	full_sequence	1	0	/storage9920/home/tinghao.xia/Data_FM/RNA_FM_embeddings/9JA9/rnafm_t12_residue_embeddings.pt
9JC8	0	N	A	1	382	af07007d9acc04ad7dba723f6fbbfe56e067b73d60b78488b78f6245968e97ab	0	0	full_sequence	1	0	/storage9920/home/tinghao.xia/Data_FM/RNA_FM_embeddings/9JC8/rnafm_t12_residue_embeddings.pt
9JGM	0	C	A	1	105	f7b989f4d0f6f43d12637ea84efeed56f61fbebe38964ce180ee33906404a4ab	0	0	full_sequence	1	0	/storage9920/home/tinghao.xia/Data_FM/RNA_FM_embeddings/9JGM/rnafm_t12_residue_embeddings.pt
9JGM	1	A	B	1	105	f7b989f4d0f6f43d12637ea84efeed56f61fbebe38964ce180ee33906404a4ab	0	0	full_sequence	1	0	/storage9920/home/tinghao.xia/Data_FM/RNA_FM_embeddings/9JGM/rnafm_t12_residue_embeddings.pt
9JGM	2	D	C	1	105	f7b989f4d0f6f43d12637ea84efeed56f61fbebe38964ce180ee33906404a4ab	0	0	full_sequence	1	0	/storage9920/home/tinghao.xia/Data_FM/RNA_FM_embeddings/9JGM/rnafm_t12_residue_embeddings.pt
9JGM	3	B	D	1	105	f7b989f4d0f6f43d12637ea84efeed56f61fbebe38964ce180ee33906404a4ab	0	0	full_sequence	1	0	/storage9920/home/tinghao.xia/Data_FM/RNA_FM_embeddings/9JGM/rnafm_t12_residue_embeddings.pt
9K9G	0	A	A	1	334	72884085cc25d5d6f727c994ccaf27269084b5b7394235f13f8adf0d55d45464	0	0	full_sequence	1	0	/storage9920/home/tinghao.xia/Data_FM/RNA_FM_embeddings/9K9G/rnafm_t12_residue_embeddings.pt
9K9H	0	A	A	1	334	72884085cc25d5d6f727c994ccaf27269084b5b7394235f13f8adf0d55d45464	0	0	full_sequence	1	0	/storage9920/home/tinghao.xia/Data_FM/RNA_FM_embeddings/9K9H/rnafm_t12_residue_embeddings.pt
9K9J	0	A	A	1	251	44dd704f38bd296812485f6ea2bbafb545f1d012e5ffbec0d4e2e1741bdbabb4	0	0	full_sequence	1	0	/storage9920/home/tinghao.xia/Data_FM/RNA_FM_embeddings/9K9J/rnafm_t12_residue_embeddings.pt
9K9K	0	A	A	1	249	dd51a7cc026780f5b4535324587c9b4f81f366341d7adbeae9f57341b87ce726	0	0	full_sequence	1	0	/storage9920/home/tinghao.xia/Data_FM/RNA_FM_embeddings/9K9K/rnafm_t12_residue_embeddings.pt
9KAD	0	A	A	1	14	d06d652a19ec625a69ed751bbaf92ce7789a24571470448dfd4e5e2ae6008278	0	0	full_sequence	1	0	/storage9920/home/tinghao.xia/Data_FM/RNA_FM_embeddings/9KAD/rnafm_t12_residue_embeddings.pt
9KAD	1	B	B	1	14	d06d652a19ec625a69ed751bbaf92ce7789a24571470448dfd4e5e2ae6008278	0	0	full_sequence	1	0	/storage9920/home/tinghao.xia/Data_FM/RNA_FM_embeddings/9KAD/rnafm_t12_residue_embeddings.pt
9KGG	0	U	A	1	267	19036a2901accda31c341211374f2767bf533f89a3208ffb8d4a1f196e63293d	0	0	full_sequence	1	0	/storage9920/home/tinghao.xia/Data_FM/RNA_FM_embeddings/9KGG/rnafm_t12_residue_embeddings.pt
9KGH	0	U	A	1	264	ef1a2fc087b2c4087f7d9d9f3a377570f989cc6ea7d3b01c81211b63b3010528	0	0	full_sequence	1	0	/storage9920/home/tinghao.xia/Data_FM/RNA_FM_embeddings/9KGH/rnafm_t12_residue_embeddings.pt
9KPH	0	A	A	1	255	4b5c50427e71a8c21c636fd5e039bb87e9c2c715ed9a3870fd41b6960ab317b7	0	0	full_sequence	1	0	/storage9920/home/tinghao.xia/Data_FM/RNA_FM_embeddings/9KPH/rnafm_t12_residue_embeddings.pt
9KPH	1	B	B	1	255	4b5c50427e71a8c21c636fd5e039bb87e9c2c715ed9a3870fd41b6960ab317b7	0	0	full_sequence	1	0	/storage9920/home/tinghao.xia/Data_FM/RNA_FM_embeddings/9KPH/rnafm_t12_residue_embeddings.pt
9KPO	0	B	A	1	255	4b5c50427e71a8c21c636fd5e039bb87e9c2c715ed9a3870fd41b6960ab317b7	0	0	full_sequence	1	0	/storage9920/home/tinghao.xia/Data_FM/RNA_FM_embeddings/9KPO/rnafm_t12_residue_embeddings.pt
9KPO	1	A	B	1	255	4b5c50427e71a8c21c636fd5e039bb87e9c2c715ed9a3870fd41b6960ab317b7	0	0	full_sequence	1	0	/storage9920/home/tinghao.xia/Data_FM/RNA_FM_embeddings/9KPO/rnafm_t12_residue_embeddings.pt
9L0R	0	A	A	1	700	547af12043f93a52ca30084b61de77df689b54793f036b04f6dd5f6a3298712b	0	0	full_sequence	1	0	/storage9920/home/tinghao.xia/Data_FM/RNA_FM_embeddings/9L0R/rnafm_t12_residue_embeddings.pt
9L0R	1	B	B	1	700	547af12043f93a52ca30084b61de77df689b54793f036b04f6dd5f6a3298712b	0	0	full_sequence	1	0	/storage9920/home/tinghao.xia/Data_FM/RNA_FM_embeddings/9L0R/rnafm_t12_residue_embeddings.pt
9L0R	2	C	C	1	700	547af12043f93a52ca30084b61de77df689b54793f036b04f6dd5f6a3298712b	0	0	full_sequence	1	0	/storage9920/home/tinghao.xia/Data_FM/RNA_FM_embeddings/9L0R/rnafm_t12_residue_embeddings.pt
9L0R	3	D	D	1	700	547af12043f93a52ca30084b61de77df689b54793f036b04f6dd5f6a3298712b	0	0	full_sequence	1	0	/storage9920/home/tinghao.xia/Data_FM/RNA_FM_embeddings/9L0R/rnafm_t12_residue_embeddings.pt
9L0R	4	E	E	1	700	547af12043f93a52ca30084b61de77df689b54793f036b04f6dd5f6a3298712b	0	0	full_sequence	1	0	/storage9920/home/tinghao.xia/Data_FM/RNA_FM_embeddings/9L0R/rnafm_t12_residue_embeddings.pt
9L0R	5	F	F	1	700	547af12043f93a52ca30084b61de77df689b54793f036b04f6dd5f6a3298712b	0	0	full_sequence	1	0	/storage9920/home/tinghao.xia/Data_FM/RNA_FM_embeddings/9L0R/rnafm_t12_residue_embeddings.pt
9L0R	6	G	G	1	700	547af12043f93a52ca30084b61de77df689b54793f036b04f6dd5f6a3298712b	0	0	full_sequence	1	0	/storage9920/home/tinghao.xia/Data_FM/RNA_FM_embeddings/9L0R/rnafm_t12_residue_embeddings.pt
9L0R	7	H	H	1	700	547af12043f93a52ca30084b61de77df689b54793f036b04f6dd5f6a3298712b	0	0	full_sequence	1	0	/storage9920/home/tinghao.xia/Data_FM/RNA_FM_embeddings/9L0R/rnafm_t12_residue_embeddings.pt
9L0R	8	I	I	1	700	547af12043f93a52ca30084b61de77df689b54793f036b04f6dd5f6a3298712b	0	0	full_sequence	1	0	/storage9920/home/tinghao.xia/Data_FM/RNA_FM_embeddings/9L0R/rnafm_t12_residue_embeddings.pt
9L0R	9	J	J	1	700	547af12043f93a52ca30084b61de77df689b54793f036b04f6dd5f6a3298712b	0	0	full_sequence	1	0	/storage9920/home/tinghao.xia/Data_FM/RNA_FM_embeddings/9L0R/rnafm_t12_residue_embeddings.pt
9L0R	10	K	K	1	700	547af12043f93a52ca30084b61de77df689b54793f036b04f6dd5f6a3298712b	0	0	full_sequence	1	0	/storage9920/home/tinghao.xia/Data_FM/RNA_FM_embeddings/9L0R/rnafm_t12_residue_embeddings.pt
9L0R	11	L	L	1	700	547af12043f93a52ca30084b61de77df689b54793f036b04f6dd5f6a3298712b	0	0	full_sequence	1	0	/storage9920/home/tinghao.xia/Data_FM/RNA_FM_embeddings/9L0R/rnafm_t12_residue_embeddings.pt
9L8F	0	U	A	1	57	1bfd2e1c9c8a7c0a3bc6f314994275c971e48da602792f6d15b30cb07a9cd1ca	0	0	full_sequence	1	0	/storage9920/home/tinghao.xia/Data_FM/RNA_FM_embeddings/9L8F/rnafm_t12_residue_embeddings.pt
9LCR	0	A	A	1	578	dc13a75ba728d0fa4ab87733fbbb1d321a37271206cea82f384a5efa4d99f8aa	0	0	full_sequence	1	0	/storage9920/home/tinghao.xia/Data_FM/RNA_FM_embeddings/9LCR/rnafm_t12_residue_embeddings.pt
9LCR	1	B	B	1	578	dc13a75ba728d0fa4ab87733fbbb1d321a37271206cea82f384a5efa4d99f8aa	0	0	full_sequence	1	0	/storage9920/home/tinghao.xia/Data_FM/RNA_FM_embeddings/9LCR/rnafm_t12_residue_embeddings.pt
9LE3	0	A	A	1	520	7347128ae16a7ac7598c222ccd829e050494acaf6a2fc810309aa4839efaf7d8	0	0	full_sequence	1	0	/storage9920/home/tinghao.xia/Data_FM/RNA_FM_embeddings/9LE3/rnafm_t12_residue_embeddings.pt
9LE3	1	B	B	1	520	7347128ae16a7ac7598c222ccd829e050494acaf6a2fc810309aa4839efaf7d8	0	0	full_sequence	1	0	/storage9920/home/tinghao.xia/Data_FM/RNA_FM_embeddings/9LE3/rnafm_t12_residue_embeddings.pt
9LE3	2	C	C	1	520	7347128ae16a7ac7598c222ccd829e050494acaf6a2fc810309aa4839efaf7d8	0	0	full_sequence	1	0	/storage9920/home/tinghao.xia/Data_FM/RNA_FM_embeddings/9LE3/rnafm_t12_residue_embeddings.pt
9LE3	3	D	D	1	520	7347128ae16a7ac7598c222ccd829e050494acaf6a2fc810309aa4839efaf7d8	0	0	full_sequence	1	0	/storage9920/home/tinghao.xia/Data_FM/RNA_FM_embeddings/9LE3/rnafm_t12_residue_embeddings.pt
9LE3	4	E	E	1	520	7347128ae16a7ac7598c222ccd829e050494acaf6a2fc810309aa4839efaf7d8	0	0	full_sequence	1	0	/storage9920/home/tinghao.xia/Data_FM/RNA_FM_embeddings/9LE3/rnafm_t12_residue_embeddings.pt
9LE3	5	F	F	1	520	7347128ae16a7ac7598c222ccd829e050494acaf6a2fc810309aa4839efaf7d8	0	0	full_sequence	1	0	/storage9920/home/tinghao.xia/Data_FM/RNA_FM_embeddings/9LE3/rnafm_t12_residue_embeddings.pt
9LE5	0	A	A	1	520	7347128ae16a7ac7598c222ccd829e050494acaf6a2fc810309aa4839efaf7d8	0	0	full_sequence	1	0	/storage9920/home/tinghao.xia/Data_FM/RNA_FM_embeddings/9LE5/rnafm_t12_residue_embeddings.pt
9LE6	0	A	A	1	520	7347128ae16a7ac7598c222ccd829e050494acaf6a2fc810309aa4839efaf7d8	0	0	full_sequence	1	0	/storage9920/home/tinghao.xia/Data_FM/RNA_FM_embeddings/9LE6/rnafm_t12_residue_embeddings.pt
9LE6	1	B	B	1	520	7347128ae16a7ac7598c222ccd829e050494acaf6a2fc810309aa4839efaf7d8	0	0	full_sequence	1	0	/storage9920/home/tinghao.xia/Data_FM/RNA_FM_embeddings/9LE6/rnafm_t12_residue_embeddings.pt
9LE6	2	C	C	1	520	7347128ae16a7ac7598c222ccd829e050494acaf6a2fc810309aa4839efaf7d8	0	0	full_sequence	1	0	/storage9920/home/tinghao.xia/Data_FM/RNA_FM_embeddings/9LE6/rnafm_t12_residue_embeddings.pt
9LE6	3	D	D	1	520	7347128ae16a7ac7598c222ccd829e050494acaf6a2fc810309aa4839efaf7d8	0	0	full_sequence	1	0	/storage9920/home/tinghao.xia/Data_FM/RNA_FM_embeddings/9LE6/rnafm_t12_residue_embeddings.pt
9LE6	4	E	E	1	520	7347128ae16a7ac7598c222ccd829e050494acaf6a2fc810309aa4839efaf7d8	0	0	full_sequence	1	0	/storage9920/home/tinghao.xia/Data_FM/RNA_FM_embeddings/9LE6/rnafm_t12_residue_embeddings.pt
9LE6	5	F	F	1	520	7347128ae16a7ac7598c222ccd829e050494acaf6a2fc810309aa4839efaf7d8	0	0	full_sequence	1	0	/storage9920/home/tinghao.xia/Data_FM/RNA_FM_embeddings/9LE6/rnafm_t12_residue_embeddings.pt
9LEC	0	J	A	1	378	99e7905ad9abd2da6394ed433f83cab156ddc35c189445dcafd0f2437b8abba5	0	0	full_sequence	1	0	/storage9920/home/tinghao.xia/Data_FM/RNA_FM_embeddings/9LEC/rnafm_t12_residue_embeddings.pt
9LEE	0	J	A	1	378	99e7905ad9abd2da6394ed433f83cab156ddc35c189445dcafd0f2437b8abba5	0	0	full_sequence	1	0	/storage9920/home/tinghao.xia/Data_FM/RNA_FM_embeddings/9LEE/rnafm_t12_residue_embeddings.pt
9LEE	1	A	B	1	378	99e7905ad9abd2da6394ed433f83cab156ddc35c189445dcafd0f2437b8abba5	0	0	full_sequence	1	0	/storage9920/home/tinghao.xia/Data_FM/RNA_FM_embeddings/9LEE/rnafm_t12_residue_embeddings.pt
9LEE	2	B	C	1	378	99e7905ad9abd2da6394ed433f83cab156ddc35c189445dcafd0f2437b8abba5	0	0	full_sequence	1	0	/storage9920/home/tinghao.xia/Data_FM/RNA_FM_embeddings/9LEE/rnafm_t12_residue_embeddings.pt
9LEE	3	C	D	1	378	99e7905ad9abd2da6394ed433f83cab156ddc35c189445dcafd0f2437b8abba5	0	0	full_sequence	1	0	/storage9920/home/tinghao.xia/Data_FM/RNA_FM_embeddings/9LEE/rnafm_t12_residue_embeddings.pt
9LEE	4	D	E	1	378	99e7905ad9abd2da6394ed433f83cab156ddc35c189445dcafd0f2437b8abba5	0	0	full_sequence	1	0	/storage9920/home/tinghao.xia/Data_FM/RNA_FM_embeddings/9LEE/rnafm_t12_residue_embeddings.pt
9LEE	5	E	F	1	378	99e7905ad9abd2da6394ed433f83cab156ddc35c189445dcafd0f2437b8abba5	0	0	full_sequence	1	0	/storage9920/home/tinghao.xia/Data_FM/RNA_FM_embeddings/9LEE/rnafm_t12_residue_embeddings.pt
9LEE	6	F	G	1	378	99e7905ad9abd2da6394ed433f83cab156ddc35c189445dcafd0f2437b8abba5	0	0	full_sequence	1	0	/storage9920/home/tinghao.xia/Data_FM/RNA_FM_embeddings/9LEE/rnafm_t12_residue_embeddings.pt
9LEE	7	G	H	1	378	99e7905ad9abd2da6394ed433f83cab156ddc35c189445dcafd0f2437b8abba5	0	0	full_sequence	1	0	/storage9920/home/tinghao.xia/Data_FM/RNA_FM_embeddings/9LEE/rnafm_t12_residue_embeddings.pt
9LEE	8	H	I	1	378	99e7905ad9abd2da6394ed433f83cab156ddc35c189445dcafd0f2437b8abba5	0	0	full_sequence	1	0	/storage9920/home/tinghao.xia/Data_FM/RNA_FM_embeddings/9LEE/rnafm_t12_residue_embeddings.pt
9LEE	9	I	J	1	378	99e7905ad9abd2da6394ed433f83cab156ddc35c189445dcafd0f2437b8abba5	0	0	full_sequence	1	0	/storage9920/home/tinghao.xia/Data_FM/RNA_FM_embeddings/9LEE/rnafm_t12_residue_embeddings.pt
9LEL	0	J	A	1	476	e2584cd4f2b7672790ea69d2c12cb3f6e6646bac002e9cb26948eb638e5f247d	0	0	full_sequence	1	0	/storage9920/home/tinghao.xia/Data_FM/RNA_FM_embeddings/9LEL/rnafm_t12_residue_embeddings.pt
9LEM	0	J	A	1	476	e2584cd4f2b7672790ea69d2c12cb3f6e6646bac002e9cb26948eb638e5f247d	0	0	full_sequence	1	0	/storage9920/home/tinghao.xia/Data_FM/RNA_FM_embeddings/9LEM/rnafm_t12_residue_embeddings.pt
9LEM	1	A	B	1	476	e2584cd4f2b7672790ea69d2c12cb3f6e6646bac002e9cb26948eb638e5f247d	0	0	full_sequence	1	0	/storage9920/home/tinghao.xia/Data_FM/RNA_FM_embeddings/9LEM/rnafm_t12_residue_embeddings.pt
9LEM	2	B	C	1	476	e2584cd4f2b7672790ea69d2c12cb3f6e6646bac002e9cb26948eb638e5f247d	0	0	full_sequence	1	0	/storage9920/home/tinghao.xia/Data_FM/RNA_FM_embeddings/9LEM/rnafm_t12_residue_embeddings.pt
9LEM	3	C	D	1	476	e2584cd4f2b7672790ea69d2c12cb3f6e6646bac002e9cb26948eb638e5f247d	0	0	full_sequence	1	0	/storage9920/home/tinghao.xia/Data_FM/RNA_FM_embeddings/9LEM/rnafm_t12_residue_embeddings.pt
9LEM	4	D	E	1	476	e2584cd4f2b7672790ea69d2c12cb3f6e6646bac002e9cb26948eb638e5f247d	0	0	full_sequence	1	0	/storage9920/home/tinghao.xia/Data_FM/RNA_FM_embeddings/9LEM/rnafm_t12_residue_embeddings.pt
9LEM	5	E	F	1	476	e2584cd4f2b7672790ea69d2c12cb3f6e6646bac002e9cb26948eb638e5f247d	0	0	full_sequence	1	0	/storage9920/home/tinghao.xia/Data_FM/RNA_FM_embeddings/9LEM/rnafm_t12_residue_embeddings.pt
9LEM	6	F	G	1	476	e2584cd4f2b7672790ea69d2c12cb3f6e6646bac002e9cb26948eb638e5f247d	0	0	full_sequence	1	0	/storage9920/home/tinghao.xia/Data_FM/RNA_FM_embeddings/9LEM/rnafm_t12_residue_embeddings.pt
9LEM	7	G	H	1	476	e2584cd4f2b7672790ea69d2c12cb3f6e6646bac002e9cb26948eb638e5f247d	0	0	full_sequence	1	0	/storage9920/home/tinghao.xia/Data_FM/RNA_FM_embeddings/9LEM/rnafm_t12_residue_embeddings.pt
9LEM	8	H	I	1	476	e2584cd4f2b7672790ea69d2c12cb3f6e6646bac002e9cb26948eb638e5f247d	0	0	full_sequence	1	0	/storage9920/home/tinghao.xia/Data_FM/RNA_FM_embeddings/9LEM/rnafm_t12_residue_embeddings.pt
9LEM	9	I	J	1	476	e2584cd4f2b7672790ea69d2c12cb3f6e6646bac002e9cb26948eb638e5f247d	0	0	full_sequence	1	0	/storage9920/home/tinghao.xia/Data_FM/RNA_FM_embeddings/9LEM/rnafm_t12_residue_embeddings.pt
9LHK	0	G	A	1	833	c84439fb127487af9930ee1e66cc037ce95613f54cc6751f0c9bb7d7d25df24e	0	0	full_sequence	1	0	/storage9920/home/tinghao.xia/Data_FM/RNA_FM_embeddings/9LHK/rnafm_t12_residue_embeddings.pt
9LHL	0	G	A	1	833	c84439fb127487af9930ee1e66cc037ce95613f54cc6751f0c9bb7d7d25df24e	0	0	full_sequence	1	0	/storage9920/home/tinghao.xia/Data_FM/RNA_FM_embeddings/9LHL/rnafm_t12_residue_embeddings.pt
9LHL	1	A	B	1	833	c84439fb127487af9930ee1e66cc037ce95613f54cc6751f0c9bb7d7d25df24e	0	0	full_sequence	1	0	/storage9920/home/tinghao.xia/Data_FM/RNA_FM_embeddings/9LHL/rnafm_t12_residue_embeddings.pt
9LHL	2	B	C	1	833	c84439fb127487af9930ee1e66cc037ce95613f54cc6751f0c9bb7d7d25df24e	0	0	full_sequence	1	0	/storage9920/home/tinghao.xia/Data_FM/RNA_FM_embeddings/9LHL/rnafm_t12_residue_embeddings.pt
9LHL	3	C	D	1	833	c84439fb127487af9930ee1e66cc037ce95613f54cc6751f0c9bb7d7d25df24e	0	0	full_sequence	1	0	/storage9920/home/tinghao.xia/Data_FM/RNA_FM_embeddings/9LHL/rnafm_t12_residue_embeddings.pt
9LHL	4	D	E	1	833	c84439fb127487af9930ee1e66cc037ce95613f54cc6751f0c9bb7d7d25df24e	0	0	full_sequence	1	0	/storage9920/home/tinghao.xia/Data_FM/RNA_FM_embeddings/9LHL/rnafm_t12_residue_embeddings.pt
9LHL	5	E	F	1	833	c84439fb127487af9930ee1e66cc037ce95613f54cc6751f0c9bb7d7d25df24e	0	0	full_sequence	1	0	/storage9920/home/tinghao.xia/Data_FM/RNA_FM_embeddings/9LHL/rnafm_t12_residue_embeddings.pt
9LHL	6	F	G	1	833	c84439fb127487af9930ee1e66cc037ce95613f54cc6751f0c9bb7d7d25df24e	0	0	full_sequence	1	0	/storage9920/home/tinghao.xia/Data_FM/RNA_FM_embeddings/9LHL/rnafm_t12_residue_embeddings.pt
9LHL	7	H	H	1	833	c84439fb127487af9930ee1e66cc037ce95613f54cc6751f0c9bb7d7d25df24e	0	0	full_sequence	1	0	/storage9920/home/tinghao.xia/Data_FM/RNA_FM_embeddings/9LHL/rnafm_t12_residue_embeddings.pt
9LHL	8	I	I	1	833	c84439fb127487af9930ee1e66cc037ce95613f54cc6751f0c9bb7d7d25df24e	0	0	full_sequence	1	0	/storage9920/home/tinghao.xia/Data_FM/RNA_FM_embeddings/9LHL/rnafm_t12_residue_embeddings.pt
9LHL	9	J	J	1	833	c84439fb127487af9930ee1e66cc037ce95613f54cc6751f0c9bb7d7d25df24e	0	0	full_sequence	1	0	/storage9920/home/tinghao.xia/Data_FM/RNA_FM_embeddings/9LHL/rnafm_t12_residue_embeddings.pt
9LHL	10	K	K	1	833	c84439fb127487af9930ee1e66cc037ce95613f54cc6751f0c9bb7d7d25df24e	0	0	full_sequence	1	0	/storage9920/home/tinghao.xia/Data_FM/RNA_FM_embeddings/9LHL/rnafm_t12_residue_embeddings.pt
9LHL	11	L	L	1	833	c84439fb127487af9930ee1e66cc037ce95613f54cc6751f0c9bb7d7d25df24e	0	0	full_sequence	1	0	/storage9920/home/tinghao.xia/Data_FM/RNA_FM_embeddings/9LHL/rnafm_t12_residue_embeddings.pt
9LHL	12	M	M	1	833	c84439fb127487af9930ee1e66cc037ce95613f54cc6751f0c9bb7d7d25df24e	0	0	full_sequence	1	0	/storage9920/home/tinghao.xia/Data_FM/RNA_FM_embeddings/9LHL/rnafm_t12_residue_embeddings.pt
9LHL	13	N	N	1	833	c84439fb127487af9930ee1e66cc037ce95613f54cc6751f0c9bb7d7d25df24e	0	0	full_sequence	1	0	/storage9920/home/tinghao.xia/Data_FM/RNA_FM_embeddings/9LHL/rnafm_t12_residue_embeddings.pt
9LJN	0	A	A	1	71	63717d775dc6eaab9ee747e0fd9736d348719a9ff2ca494059623f4ee44ba2d9	0	0	full_sequence	1	0	/storage9920/home/tinghao.xia/Data_FM/RNA_FM_embeddings/9LJN/rnafm_t12_residue_embeddings.pt
9LKC	0	A	A	1	71	63717d775dc6eaab9ee747e0fd9736d348719a9ff2ca494059623f4ee44ba2d9	0	0	full_sequence	1	0	/storage9920/home/tinghao.xia/Data_FM/RNA_FM_embeddings/9LKC/rnafm_t12_residue_embeddings.pt
9LKE	0	A	A	1	70	3227cfe2782f324fd5789001ceb883e17ead6fa66eca680a8d801e0e4cffdcc8	0	0	full_sequence	1	0	/storage9920/home/tinghao.xia/Data_FM/RNA_FM_embeddings/9LKE/rnafm_t12_residue_embeddings.pt
9LKF	0	A	A	1	71	63717d775dc6eaab9ee747e0fd9736d348719a9ff2ca494059623f4ee44ba2d9	0	0	full_sequence	1	0	/storage9920/home/tinghao.xia/Data_FM/RNA_FM_embeddings/9LKF/rnafm_t12_residue_embeddings.pt
9LKU	0	X	A	1	65	1dc6159721dc2736abe8c395677c2050d8af1ae3452300d036b669189099702e	0	0	full_sequence	1	0	/storage9920/home/tinghao.xia/Data_FM/RNA_FM_embeddings/9LKU/rnafm_t12_residue_embeddings.pt
9LKV	0	X	A	1	73	327e3d2496a4ea2dbbabbfb89713ddb4efc3ddbcf9887f30ab52d5fba18d49e4	0	0	full_sequence	1	0	/storage9920/home/tinghao.xia/Data_FM/RNA_FM_embeddings/9LKV/rnafm_t12_residue_embeddings.pt
9LKW	0	X	A	1	65	1dc6159721dc2736abe8c395677c2050d8af1ae3452300d036b669189099702e	0	0	full_sequence	1	0	/storage9920/home/tinghao.xia/Data_FM/RNA_FM_embeddings/9LKW/rnafm_t12_residue_embeddings.pt
9LMC	0	A	A	1	71	63717d775dc6eaab9ee747e0fd9736d348719a9ff2ca494059623f4ee44ba2d9	0	0	full_sequence	1	0	/storage9920/home/tinghao.xia/Data_FM/RNA_FM_embeddings/9LMC/rnafm_t12_residue_embeddings.pt
9LMC	1	B	B	1	71	63717d775dc6eaab9ee747e0fd9736d348719a9ff2ca494059623f4ee44ba2d9	0	0	full_sequence	1	0	/storage9920/home/tinghao.xia/Data_FM/RNA_FM_embeddings/9LMC/rnafm_t12_residue_embeddings.pt
9LMF	0	A	A	1	700	547af12043f93a52ca30084b61de77df689b54793f036b04f6dd5f6a3298712b	0	0	full_sequence	1	0	/storage9920/home/tinghao.xia/Data_FM/RNA_FM_embeddings/9LMF/rnafm_t12_residue_embeddings.pt
9LMF	1	B	B	1	700	547af12043f93a52ca30084b61de77df689b54793f036b04f6dd5f6a3298712b	0	0	full_sequence	1	0	/storage9920/home/tinghao.xia/Data_FM/RNA_FM_embeddings/9LMF/rnafm_t12_residue_embeddings.pt
9LMF	2	C	C	1	700	547af12043f93a52ca30084b61de77df689b54793f036b04f6dd5f6a3298712b	0	0	full_sequence	1	0	/storage9920/home/tinghao.xia/Data_FM/RNA_FM_embeddings/9LMF/rnafm_t12_residue_embeddings.pt
9LMF	3	D	D	1	700	547af12043f93a52ca30084b61de77df689b54793f036b04f6dd5f6a3298712b	0	0	full_sequence	1	0	/storage9920/home/tinghao.xia/Data_FM/RNA_FM_embeddings/9LMF/rnafm_t12_residue_embeddings.pt
9LMF	4	E	E	1	700	547af12043f93a52ca30084b61de77df689b54793f036b04f6dd5f6a3298712b	0	0	full_sequence	1	0	/storage9920/home/tinghao.xia/Data_FM/RNA_FM_embeddings/9LMF/rnafm_t12_residue_embeddings.pt
9LMF	5	F	F	1	700	547af12043f93a52ca30084b61de77df689b54793f036b04f6dd5f6a3298712b	0	0	full_sequence	1	0	/storage9920/home/tinghao.xia/Data_FM/RNA_FM_embeddings/9LMF/rnafm_t12_residue_embeddings.pt
9LMF	6	G	G	1	700	547af12043f93a52ca30084b61de77df689b54793f036b04f6dd5f6a3298712b	0	0	full_sequence	1	0	/storage9920/home/tinghao.xia/Data_FM/RNA_FM_embeddings/9LMF/rnafm_t12_residue_embeddings.pt
9LMF	7	H	H	1	700	547af12043f93a52ca30084b61de77df689b54793f036b04f6dd5f6a3298712b	0	0	full_sequence	1	0	/storage9920/home/tinghao.xia/Data_FM/RNA_FM_embeddings/9LMF/rnafm_t12_residue_embeddings.pt
9LMF	8	I	I	1	700	547af12043f93a52ca30084b61de77df689b54793f036b04f6dd5f6a3298712b	0	0	full_sequence	1	0	/storage9920/home/tinghao.xia/Data_FM/RNA_FM_embeddings/9LMF/rnafm_t12_residue_embeddings.pt
9LMF	9	J	J	1	700	547af12043f93a52ca30084b61de77df689b54793f036b04f6dd5f6a3298712b	0	0	full_sequence	1	0	/storage9920/home/tinghao.xia/Data_FM/RNA_FM_embeddings/9LMF/rnafm_t12_residue_embeddings.pt
9M78	0	A	A	1	520	7347128ae16a7ac7598c222ccd829e050494acaf6a2fc810309aa4839efaf7d8	0	0	full_sequence	1	0	/storage9920/home/tinghao.xia/Data_FM/RNA_FM_embeddings/9M78/rnafm_t12_residue_embeddings.pt
9M78	1	B	B	1	520	7347128ae16a7ac7598c222ccd829e050494acaf6a2fc810309aa4839efaf7d8	0	0	full_sequence	1	0	/storage9920/home/tinghao.xia/Data_FM/RNA_FM_embeddings/9M78/rnafm_t12_residue_embeddings.pt
9M78	2	C	C	1	520	7347128ae16a7ac7598c222ccd829e050494acaf6a2fc810309aa4839efaf7d8	0	0	full_sequence	1	0	/storage9920/home/tinghao.xia/Data_FM/RNA_FM_embeddings/9M78/rnafm_t12_residue_embeddings.pt
9M78	3	D	D	1	520	7347128ae16a7ac7598c222ccd829e050494acaf6a2fc810309aa4839efaf7d8	0	0	full_sequence	1	0	/storage9920/home/tinghao.xia/Data_FM/RNA_FM_embeddings/9M78/rnafm_t12_residue_embeddings.pt
9M78	4	E	E	1	520	7347128ae16a7ac7598c222ccd829e050494acaf6a2fc810309aa4839efaf7d8	0	0	full_sequence	1	0	/storage9920/home/tinghao.xia/Data_FM/RNA_FM_embeddings/9M78/rnafm_t12_residue_embeddings.pt
9M78	5	F	F	1	520	7347128ae16a7ac7598c222ccd829e050494acaf6a2fc810309aa4839efaf7d8	0	0	full_sequence	1	0	/storage9920/home/tinghao.xia/Data_FM/RNA_FM_embeddings/9M78/rnafm_t12_residue_embeddings.pt
9M79	0	A	A	1	520	7347128ae16a7ac7598c222ccd829e050494acaf6a2fc810309aa4839efaf7d8	0	0	full_sequence	1	0	/storage9920/home/tinghao.xia/Data_FM/RNA_FM_embeddings/9M79/rnafm_t12_residue_embeddings.pt
9MCW	0	A	A	1	577	89c5f9f542ecd8d91c2a01cfa985fce29062679a8c52c156534ebe95c462aef5	0	0	full_sequence	1	0	/storage9920/home/tinghao.xia/Data_FM/RNA_FM_embeddings/9MCW/rnafm_t12_residue_embeddings.pt
9MCW	1	B	B	1	577	89c5f9f542ecd8d91c2a01cfa985fce29062679a8c52c156534ebe95c462aef5	0	0	full_sequence	1	0	/storage9920/home/tinghao.xia/Data_FM/RNA_FM_embeddings/9MCW/rnafm_t12_residue_embeddings.pt
9MDS	0	A	A	1	650	0ea74afdb8e1706b757d68fa345c61e3948b2b2f41b24b44616d10f5ffe23900	52	1	full_sequence	1	0	/storage9920/home/tinghao.xia/Data_FM/RNA_FM_embeddings/9MDS/rnafm_t12_residue_embeddings.pt
9MDS	1	B	B	1	650	0ea74afdb8e1706b757d68fa345c61e3948b2b2f41b24b44616d10f5ffe23900	52	1	full_sequence	1	0	/storage9920/home/tinghao.xia/Data_FM/RNA_FM_embeddings/9MDS/rnafm_t12_residue_embeddings.pt
9MDS	2	C	C	1	650	0ea74afdb8e1706b757d68fa345c61e3948b2b2f41b24b44616d10f5ffe23900	52	1	full_sequence	1	0	/storage9920/home/tinghao.xia/Data_FM/RNA_FM_embeddings/9MDS/rnafm_t12_residue_embeddings.pt
9MDS	3	D	D	1	650	0ea74afdb8e1706b757d68fa345c61e3948b2b2f41b24b44616d10f5ffe23900	52	1	full_sequence	1	0	/storage9920/home/tinghao.xia/Data_FM/RNA_FM_embeddings/9MDS/rnafm_t12_residue_embeddings.pt
9MDS	4	E	E	1	650	0ea74afdb8e1706b757d68fa345c61e3948b2b2f41b24b44616d10f5ffe23900	52	1	full_sequence	1	0	/storage9920/home/tinghao.xia/Data_FM/RNA_FM_embeddings/9MDS/rnafm_t12_residue_embeddings.pt
9MDS	5	F	F	1	650	0ea74afdb8e1706b757d68fa345c61e3948b2b2f41b24b44616d10f5ffe23900	52	1	full_sequence	1	0	/storage9920/home/tinghao.xia/Data_FM/RNA_FM_embeddings/9MDS/rnafm_t12_residue_embeddings.pt
9MDS	6	G	G	1	650	0ea74afdb8e1706b757d68fa345c61e3948b2b2f41b24b44616d10f5ffe23900	52	1	full_sequence	1	0	/storage9920/home/tinghao.xia/Data_FM/RNA_FM_embeddings/9MDS/rnafm_t12_residue_embeddings.pt
9MDS	7	H	H	1	650	0ea74afdb8e1706b757d68fa345c61e3948b2b2f41b24b44616d10f5ffe23900	52	1	full_sequence	1	0	/storage9920/home/tinghao.xia/Data_FM/RNA_FM_embeddings/9MDS/rnafm_t12_residue_embeddings.pt
9MDW	0	A	A	1	16	4ff54e0fc2225eacc15f37baeb0d89d6dd646d416bf0ec7125ba2e54f04929e9	0	0	full_sequence	1	0	/storage9920/home/tinghao.xia/Data_FM/RNA_FM_embeddings/9MDW/rnafm_t12_residue_embeddings.pt
9MDX	0	A	A	1	16	4ff54e0fc2225eacc15f37baeb0d89d6dd646d416bf0ec7125ba2e54f04929e9	0	0	full_sequence	1	0	/storage9920/home/tinghao.xia/Data_FM/RNA_FM_embeddings/9MDX/rnafm_t12_residue_embeddings.pt
9MDY	0	A	A	1	16	4ff54e0fc2225eacc15f37baeb0d89d6dd646d416bf0ec7125ba2e54f04929e9	0	0	full_sequence	1	0	/storage9920/home/tinghao.xia/Data_FM/RNA_FM_embeddings/9MDY/rnafm_t12_residue_embeddings.pt
9MEE	0	A	A	1	833	c84439fb127487af9930ee1e66cc037ce95613f54cc6751f0c9bb7d7d25df24e	0	0	full_sequence	1	0	/storage9920/home/tinghao.xia/Data_FM/RNA_FM_embeddings/9MEE/rnafm_t12_residue_embeddings.pt
9MEE	1	B	B	1	833	c84439fb127487af9930ee1e66cc037ce95613f54cc6751f0c9bb7d7d25df24e	0	0	full_sequence	1	0	/storage9920/home/tinghao.xia/Data_FM/RNA_FM_embeddings/9MEE/rnafm_t12_residue_embeddings.pt
9MEE	2	C	C	1	833	c84439fb127487af9930ee1e66cc037ce95613f54cc6751f0c9bb7d7d25df24e	0	0	full_sequence	1	0	/storage9920/home/tinghao.xia/Data_FM/RNA_FM_embeddings/9MEE/rnafm_t12_residue_embeddings.pt
9MEE	3	D	D	1	833	c84439fb127487af9930ee1e66cc037ce95613f54cc6751f0c9bb7d7d25df24e	0	0	full_sequence	1	0	/storage9920/home/tinghao.xia/Data_FM/RNA_FM_embeddings/9MEE/rnafm_t12_residue_embeddings.pt
9MEE	4	E	E	1	833	c84439fb127487af9930ee1e66cc037ce95613f54cc6751f0c9bb7d7d25df24e	0	0	full_sequence	1	0	/storage9920/home/tinghao.xia/Data_FM/RNA_FM_embeddings/9MEE/rnafm_t12_residue_embeddings.pt
9MEE	5	F	F	1	833	c84439fb127487af9930ee1e66cc037ce95613f54cc6751f0c9bb7d7d25df24e	0	0	full_sequence	1	0	/storage9920/home/tinghao.xia/Data_FM/RNA_FM_embeddings/9MEE/rnafm_t12_residue_embeddings.pt
9MEE	6	G	G	1	833	c84439fb127487af9930ee1e66cc037ce95613f54cc6751f0c9bb7d7d25df24e	0	0	full_sequence	1	0	/storage9920/home/tinghao.xia/Data_FM/RNA_FM_embeddings/9MEE/rnafm_t12_residue_embeddings.pt
9MEE	7	H	H	1	833	c84439fb127487af9930ee1e66cc037ce95613f54cc6751f0c9bb7d7d25df24e	0	0	full_sequence	1	0	/storage9920/home/tinghao.xia/Data_FM/RNA_FM_embeddings/9MEE/rnafm_t12_residue_embeddings.pt
9MEE	8	I	I	1	833	c84439fb127487af9930ee1e66cc037ce95613f54cc6751f0c9bb7d7d25df24e	0	0	full_sequence	1	0	/storage9920/home/tinghao.xia/Data_FM/RNA_FM_embeddings/9MEE/rnafm_t12_residue_embeddings.pt
9MEE	9	J	J	1	833	c84439fb127487af9930ee1e66cc037ce95613f54cc6751f0c9bb7d7d25df24e	0	0	full_sequence	1	0	/storage9920/home/tinghao.xia/Data_FM/RNA_FM_embeddings/9MEE/rnafm_t12_residue_embeddings.pt
9MEE	10	K	K	1	833	c84439fb127487af9930ee1e66cc037ce95613f54cc6751f0c9bb7d7d25df24e	0	0	full_sequence	1	0	/storage9920/home/tinghao.xia/Data_FM/RNA_FM_embeddings/9MEE/rnafm_t12_residue_embeddings.pt
9MEE	11	L	L	1	833	c84439fb127487af9930ee1e66cc037ce95613f54cc6751f0c9bb7d7d25df24e	0	0	full_sequence	1	0	/storage9920/home/tinghao.xia/Data_FM/RNA_FM_embeddings/9MEE/rnafm_t12_residue_embeddings.pt
9MEE	12	M	M	1	833	c84439fb127487af9930ee1e66cc037ce95613f54cc6751f0c9bb7d7d25df24e	0	0	full_sequence	1	0	/storage9920/home/tinghao.xia/Data_FM/RNA_FM_embeddings/9MEE/rnafm_t12_residue_embeddings.pt
9MEE	13	N	N	1	833	c84439fb127487af9930ee1e66cc037ce95613f54cc6751f0c9bb7d7d25df24e	0	0	full_sequence	1	0	/storage9920/home/tinghao.xia/Data_FM/RNA_FM_embeddings/9MEE/rnafm_t12_residue_embeddings.pt
9MFH	0	A	A	1	76	84c3cc19e37ec1d15350f8783bcab6671c9c97b24dcc677f6264e397c92b8adb	0	0	full_sequence	1	0	/storage9920/home/tinghao.xia/Data_FM/RNA_FM_embeddings/9MFH/rnafm_t12_residue_embeddings.pt
9MM6	0	A	A	1	580	b86b4265a36d73156e86a1571742a8bf5fab1d80f1fd719772ffd476797e6a94	0	0	full_sequence	1	0	/storage9920/home/tinghao.xia/Data_FM/RNA_FM_embeddings/9MM6/rnafm_t12_residue_embeddings.pt
9MM6	1	E	B	1	580	b86b4265a36d73156e86a1571742a8bf5fab1d80f1fd719772ffd476797e6a94	0	0	full_sequence	1	0	/storage9920/home/tinghao.xia/Data_FM/RNA_FM_embeddings/9MM6/rnafm_t12_residue_embeddings.pt
9MM6	2	I	C	1	580	b86b4265a36d73156e86a1571742a8bf5fab1d80f1fd719772ffd476797e6a94	0	0	full_sequence	1	0	/storage9920/home/tinghao.xia/Data_FM/RNA_FM_embeddings/9MM6/rnafm_t12_residue_embeddings.pt
9MM6	3	M	D	1	580	b86b4265a36d73156e86a1571742a8bf5fab1d80f1fd719772ffd476797e6a94	0	0	full_sequence	1	0	/storage9920/home/tinghao.xia/Data_FM/RNA_FM_embeddings/9MM6/rnafm_t12_residue_embeddings.pt
9MM6	4	Q	E	1	580	b86b4265a36d73156e86a1571742a8bf5fab1d80f1fd719772ffd476797e6a94	0	0	full_sequence	1	0	/storage9920/home/tinghao.xia/Data_FM/RNA_FM_embeddings/9MM6/rnafm_t12_residue_embeddings.pt
9MM6	5	U	F	1	580	b86b4265a36d73156e86a1571742a8bf5fab1d80f1fd719772ffd476797e6a94	0	0	full_sequence	1	0	/storage9920/home/tinghao.xia/Data_FM/RNA_FM_embeddings/9MM6/rnafm_t12_residue_embeddings.pt
9MM6	6	Y	G	1	580	b86b4265a36d73156e86a1571742a8bf5fab1d80f1fd719772ffd476797e6a94	0	0	full_sequence	1	0	/storage9920/home/tinghao.xia/Data_FM/RNA_FM_embeddings/9MM6/rnafm_t12_residue_embeddings.pt
9MM6	7	c	H	1	580	b86b4265a36d73156e86a1571742a8bf5fab1d80f1fd719772ffd476797e6a94	0	0	full_sequence	1	0	/storage9920/home/tinghao.xia/Data_FM/RNA_FM_embeddings/9MM6/rnafm_t12_residue_embeddings.pt
9MME	0	U	A	1	580	df855243c8b7f2bc41aebddcb6150e46341c8a06bf1202ac29de081cf729e8f1	0	0	full_sequence	1	0	/storage9920/home/tinghao.xia/Data_FM/RNA_FM_embeddings/9MME/rnafm_t12_residue_embeddings.pt
9MME	1	Y	B	1	580	df855243c8b7f2bc41aebddcb6150e46341c8a06bf1202ac29de081cf729e8f1	0	0	full_sequence	1	0	/storage9920/home/tinghao.xia/Data_FM/RNA_FM_embeddings/9MME/rnafm_t12_residue_embeddings.pt
9MME	2	c	C	1	580	df855243c8b7f2bc41aebddcb6150e46341c8a06bf1202ac29de081cf729e8f1	0	0	full_sequence	1	0	/storage9920/home/tinghao.xia/Data_FM/RNA_FM_embeddings/9MME/rnafm_t12_residue_embeddings.pt
9MME	3	g	D	1	580	df855243c8b7f2bc41aebddcb6150e46341c8a06bf1202ac29de081cf729e8f1	0	0	full_sequence	1	0	/storage9920/home/tinghao.xia/Data_FM/RNA_FM_embeddings/9MME/rnafm_t12_residue_embeddings.pt
9MME	4	k	E	1	580	df855243c8b7f2bc41aebddcb6150e46341c8a06bf1202ac29de081cf729e8f1	0	0	full_sequence	1	0	/storage9920/home/tinghao.xia/Data_FM/RNA_FM_embeddings/9MME/rnafm_t12_residue_embeddings.pt
9MME	5	o	F	1	580	df855243c8b7f2bc41aebddcb6150e46341c8a06bf1202ac29de081cf729e8f1	0	0	full_sequence	1	0	/storage9920/home/tinghao.xia/Data_FM/RNA_FM_embeddings/9MME/rnafm_t12_residue_embeddings.pt
9MME	6	s	G	1	580	df855243c8b7f2bc41aebddcb6150e46341c8a06bf1202ac29de081cf729e8f1	0	0	full_sequence	1	0	/storage9920/home/tinghao.xia/Data_FM/RNA_FM_embeddings/9MME/rnafm_t12_residue_embeddings.pt
9MME	7	w	H	1	580	df855243c8b7f2bc41aebddcb6150e46341c8a06bf1202ac29de081cf729e8f1	0	0	full_sequence	1	0	/storage9920/home/tinghao.xia/Data_FM/RNA_FM_embeddings/9MME/rnafm_t12_residue_embeddings.pt
9MMG	0	c	A	1	580	b86b4265a36d73156e86a1571742a8bf5fab1d80f1fd719772ffd476797e6a94	0	0	full_sequence	1	0	/storage9920/home/tinghao.xia/Data_FM/RNA_FM_embeddings/9MMG/rnafm_t12_residue_embeddings.pt
9MQS	0	A	A	1	332	575bd4389811070edc0f28632a78277a2aab99f3ab710b1fbd751325ab70b16b	0	0	full_sequence	1	0	/storage9920/home/tinghao.xia/Data_FM/RNA_FM_embeddings/9MQS/rnafm_t12_residue_embeddings.pt
9MQT	0	A	A	1	332	575bd4389811070edc0f28632a78277a2aab99f3ab710b1fbd751325ab70b16b	0	0	full_sequence	1	0	/storage9920/home/tinghao.xia/Data_FM/RNA_FM_embeddings/9MQT/rnafm_t12_residue_embeddings.pt
9MQU	0	A	A	1	332	575bd4389811070edc0f28632a78277a2aab99f3ab710b1fbd751325ab70b16b	0	0	full_sequence	1	0	/storage9920/home/tinghao.xia/Data_FM/RNA_FM_embeddings/9MQU/rnafm_t12_residue_embeddings.pt
9NA1	0	A	A	1	99	db388f51b0e89abb91cf21c97aaebb40219c61a7ec727ebb0edb7368abf3b46b	0	0	full_sequence	1	0	/storage9920/home/tinghao.xia/Data_FM/RNA_FM_embeddings/9NA1/rnafm_t12_residue_embeddings.pt
9NA1	1	B	B	1	99	db388f51b0e89abb91cf21c97aaebb40219c61a7ec727ebb0edb7368abf3b46b	0	0	full_sequence	1	0	/storage9920/home/tinghao.xia/Data_FM/RNA_FM_embeddings/9NA1/rnafm_t12_residue_embeddings.pt
9NA7	0	A	A	1	99	6a766fed0d4fa6c783a0f46a211601335198e3cef21c05a64d8b4ca02122cbd0	0	0	full_sequence	1	0	/storage9920/home/tinghao.xia/Data_FM/RNA_FM_embeddings/9NA7/rnafm_t12_residue_embeddings.pt
9NA7	1	B	B	1	99	6a766fed0d4fa6c783a0f46a211601335198e3cef21c05a64d8b4ca02122cbd0	0	0	full_sequence	1	0	/storage9920/home/tinghao.xia/Data_FM/RNA_FM_embeddings/9NA7/rnafm_t12_residue_embeddings.pt
9NAK	0	A	A	1	168	f860cdcf65669e09d3ee43694d038978fcb888c66e18a2e73dd538d595cf4a3b	0	0	full_sequence	1	0	/storage9920/home/tinghao.xia/Data_FM/RNA_FM_embeddings/9NAK/rnafm_t12_residue_embeddings.pt
9NAK	1	C	B	1	168	f860cdcf65669e09d3ee43694d038978fcb888c66e18a2e73dd538d595cf4a3b	0	0	full_sequence	1	0	/storage9920/home/tinghao.xia/Data_FM/RNA_FM_embeddings/9NAK/rnafm_t12_residue_embeddings.pt
9NAM	0	A	A	1	129	c269287a7b8e88e8fc0aed9a1e9d5584c8df2870e1fc25eb2c9f0d4792674360	0	0	full_sequence	1	0	/storage9920/home/tinghao.xia/Data_FM/RNA_FM_embeddings/9NAM/rnafm_t12_residue_embeddings.pt
9NAP	0	A	A	1	129	c269287a7b8e88e8fc0aed9a1e9d5584c8df2870e1fc25eb2c9f0d4792674360	0	0	full_sequence	1	0	/storage9920/home/tinghao.xia/Data_FM/RNA_FM_embeddings/9NAP/rnafm_t12_residue_embeddings.pt
9NAS	0	A	A	1	113	3b2fd6f13fb3e75183d62dc6542fd343a90f1abab4084bdf8bf1ae6d9bc34707	0	0	full_sequence	1	0	/storage9920/home/tinghao.xia/Data_FM/RNA_FM_embeddings/9NAS/rnafm_t12_residue_embeddings.pt
9NAS	1	B	B	1	113	3b2fd6f13fb3e75183d62dc6542fd343a90f1abab4084bdf8bf1ae6d9bc34707	0	0	full_sequence	1	0	/storage9920/home/tinghao.xia/Data_FM/RNA_FM_embeddings/9NAS/rnafm_t12_residue_embeddings.pt
9NAS	2	C	C	1	113	3b2fd6f13fb3e75183d62dc6542fd343a90f1abab4084bdf8bf1ae6d9bc34707	0	0	full_sequence	1	0	/storage9920/home/tinghao.xia/Data_FM/RNA_FM_embeddings/9NAS/rnafm_t12_residue_embeddings.pt
9NAS	3	D	D	1	113	3b2fd6f13fb3e75183d62dc6542fd343a90f1abab4084bdf8bf1ae6d9bc34707	0	0	full_sequence	1	0	/storage9920/home/tinghao.xia/Data_FM/RNA_FM_embeddings/9NAS/rnafm_t12_residue_embeddings.pt
9NBC	0	A	A	1	160	cd020c20dfee363390831133b4512d91c594573b7c0e2454002ab3192685d0c3	0	0	full_sequence	1	0	/storage9920/home/tinghao.xia/Data_FM/RNA_FM_embeddings/9NBC/rnafm_t12_residue_embeddings.pt
9NBH	0	A	A	1	160	cd020c20dfee363390831133b4512d91c594573b7c0e2454002ab3192685d0c3	0	0	full_sequence	1	0	/storage9920/home/tinghao.xia/Data_FM/RNA_FM_embeddings/9NBH/rnafm_t12_residue_embeddings.pt
9NBH	1	B	B	1	160	cd020c20dfee363390831133b4512d91c594573b7c0e2454002ab3192685d0c3	0	0	full_sequence	1	0	/storage9920/home/tinghao.xia/Data_FM/RNA_FM_embeddings/9NBH/rnafm_t12_residue_embeddings.pt
9NBH	2	C	C	1	160	cd020c20dfee363390831133b4512d91c594573b7c0e2454002ab3192685d0c3	0	0	full_sequence	1	0	/storage9920/home/tinghao.xia/Data_FM/RNA_FM_embeddings/9NBH/rnafm_t12_residue_embeddings.pt
9NBH	3	D	D	1	160	cd020c20dfee363390831133b4512d91c594573b7c0e2454002ab3192685d0c3	0	0	full_sequence	1	0	/storage9920/home/tinghao.xia/Data_FM/RNA_FM_embeddings/9NBH/rnafm_t12_residue_embeddings.pt
9NDD	0	A	A	1	160	cd020c20dfee363390831133b4512d91c594573b7c0e2454002ab3192685d0c3	0	0	full_sequence	1	0	/storage9920/home/tinghao.xia/Data_FM/RNA_FM_embeddings/9NDD/rnafm_t12_residue_embeddings.pt
9NDD	1	B	B	1	160	cd020c20dfee363390831133b4512d91c594573b7c0e2454002ab3192685d0c3	0	0	full_sequence	1	0	/storage9920/home/tinghao.xia/Data_FM/RNA_FM_embeddings/9NDD/rnafm_t12_residue_embeddings.pt
9NDD	2	C	C	1	160	cd020c20dfee363390831133b4512d91c594573b7c0e2454002ab3192685d0c3	0	0	full_sequence	1	0	/storage9920/home/tinghao.xia/Data_FM/RNA_FM_embeddings/9NDD/rnafm_t12_residue_embeddings.pt
9NDD	3	D	D	1	160	cd020c20dfee363390831133b4512d91c594573b7c0e2454002ab3192685d0c3	0	0	full_sequence	1	0	/storage9920/home/tinghao.xia/Data_FM/RNA_FM_embeddings/9NDD/rnafm_t12_residue_embeddings.pt
9NDV	0	A	A	1	166	f16b248efc57ce6df92114ee803bd5b59b7309e6f46bc4979c6c13bb2204ef93	0	0	full_sequence	1	0	/storage9920/home/tinghao.xia/Data_FM/RNA_FM_embeddings/9NDV/rnafm_t12_residue_embeddings.pt
9NDW	0	A	A	1	166	f16b248efc57ce6df92114ee803bd5b59b7309e6f46bc4979c6c13bb2204ef93	0	0	full_sequence	1	0	/storage9920/home/tinghao.xia/Data_FM/RNA_FM_embeddings/9NDW/rnafm_t12_residue_embeddings.pt
9NDW	1	B	B	1	166	f16b248efc57ce6df92114ee803bd5b59b7309e6f46bc4979c6c13bb2204ef93	0	0	full_sequence	1	0	/storage9920/home/tinghao.xia/Data_FM/RNA_FM_embeddings/9NDW/rnafm_t12_residue_embeddings.pt
9NDX	0	A	A	1	166	f16b248efc57ce6df92114ee803bd5b59b7309e6f46bc4979c6c13bb2204ef93	0	0	full_sequence	1	0	/storage9920/home/tinghao.xia/Data_FM/RNA_FM_embeddings/9NDX/rnafm_t12_residue_embeddings.pt
9NDX	1	B	B	1	166	f16b248efc57ce6df92114ee803bd5b59b7309e6f46bc4979c6c13bb2204ef93	0	0	full_sequence	1	0	/storage9920/home/tinghao.xia/Data_FM/RNA_FM_embeddings/9NDX/rnafm_t12_residue_embeddings.pt
9O47	0	A	A	1	12	9eda9eaa186438b7a4490c34da3f395912ce654236b0c0671421319cf4925188	1	1	full_sequence	1	0	/storage9920/home/tinghao.xia/Data_FM/RNA_FM_embeddings/9O47/rnafm_t12_residue_embeddings.pt
9O47	1	B	B	1	12	9eda9eaa186438b7a4490c34da3f395912ce654236b0c0671421319cf4925188	1	1	full_sequence	1	0	/storage9920/home/tinghao.xia/Data_FM/RNA_FM_embeddings/9O47/rnafm_t12_residue_embeddings.pt
9OBM	0	A	A	1	73	5dca349e0691661a9a45744bd445ff06a38d87e82a14cbbb8ffc7857a58025c2	0	0	full_sequence	1	0	/storage9920/home/tinghao.xia/Data_FM/RNA_FM_embeddings/9OBM/rnafm_t12_residue_embeddings.pt
9OD4	0	A	A	1	23	067ed8cfa56b2e59e44b7b153600a1f1fc2f8474735b17eb85e3778b77fba9a2	0	0	full_sequence	1	0	/storage9920/home/tinghao.xia/Data_FM/RNA_FM_embeddings/9OD4/rnafm_t12_residue_embeddings.pt
9OD5	0	A	A	1	23	067ed8cfa56b2e59e44b7b153600a1f1fc2f8474735b17eb85e3778b77fba9a2	0	0	full_sequence	1	0	/storage9920/home/tinghao.xia/Data_FM/RNA_FM_embeddings/9OD5/rnafm_t12_residue_embeddings.pt
9OL2	0	A	A	1	14	f2dad839faf84c5d59c7498d1b40eef836703e1f5648b7580ad75970940a46c2	3	0	full_sequence	1	0	/storage9920/home/tinghao.xia/Data_FM/RNA_FM_embeddings/9OL2/rnafm_t12_residue_embeddings.pt
9OL2	1	B	B	1	14	f2dad839faf84c5d59c7498d1b40eef836703e1f5648b7580ad75970940a46c2	3	0	full_sequence	1	0	/storage9920/home/tinghao.xia/Data_FM/RNA_FM_embeddings/9OL2/rnafm_t12_residue_embeddings.pt
9OL3	0	A	A	1	14	f2dad839faf84c5d59c7498d1b40eef836703e1f5648b7580ad75970940a46c2	3	0	full_sequence	1	0	/storage9920/home/tinghao.xia/Data_FM/RNA_FM_embeddings/9OL3/rnafm_t12_residue_embeddings.pt
9OL3	1	B	B	1	14	f2dad839faf84c5d59c7498d1b40eef836703e1f5648b7580ad75970940a46c2	3	0	full_sequence	1	0	/storage9920/home/tinghao.xia/Data_FM/RNA_FM_embeddings/9OL3/rnafm_t12_residue_embeddings.pt
9OV3	0	A	A	1	417	797c801250f75755a6125f914f0833bc757e8d95ebdcecd7448808f3a198eba9	0	0	full_sequence	1	0	/storage9920/home/tinghao.xia/Data_FM/RNA_FM_embeddings/9OV3/rnafm_t12_residue_embeddings.pt
9OV6	0	A	A	1	417	797c801250f75755a6125f914f0833bc757e8d95ebdcecd7448808f3a198eba9	0	0	full_sequence	1	0	/storage9920/home/tinghao.xia/Data_FM/RNA_FM_embeddings/9OV6/rnafm_t12_residue_embeddings.pt
9OV7	0	A	A	1	417	797c801250f75755a6125f914f0833bc757e8d95ebdcecd7448808f3a198eba9	0	0	full_sequence	1	0	/storage9920/home/tinghao.xia/Data_FM/RNA_FM_embeddings/9OV7/rnafm_t12_residue_embeddings.pt
9OV8	0	A	A	1	417	797c801250f75755a6125f914f0833bc757e8d95ebdcecd7448808f3a198eba9	0	0	full_sequence	1	0	/storage9920/home/tinghao.xia/Data_FM/RNA_FM_embeddings/9OV8/rnafm_t12_residue_embeddings.pt
9OVB	0	A	A	1	417	797c801250f75755a6125f914f0833bc757e8d95ebdcecd7448808f3a198eba9	0	0	full_sequence	1	0	/storage9920/home/tinghao.xia/Data_FM/RNA_FM_embeddings/9OVB/rnafm_t12_residue_embeddings.pt
9OVC	0	A	A	1	417	797c801250f75755a6125f914f0833bc757e8d95ebdcecd7448808f3a198eba9	0	0	full_sequence	1	0	/storage9920/home/tinghao.xia/Data_FM/RNA_FM_embeddings/9OVC/rnafm_t12_residue_embeddings.pt
9OWJ	0	A	A	1	417	797c801250f75755a6125f914f0833bc757e8d95ebdcecd7448808f3a198eba9	0	0	full_sequence	1	0	/storage9920/home/tinghao.xia/Data_FM/RNA_FM_embeddings/9OWJ/rnafm_t12_residue_embeddings.pt
9OWJ	1	C	B	2	92	b10f5cc2029e485256c9eae859523e7a01958ea80d4c1fced691f04ac94a2ed7	0	0	full_sequence	1	0	/storage9920/home/tinghao.xia/Data_FM/RNA_FM_embeddings/9OWJ/rnafm_t12_residue_embeddings.pt
9OWJ	2	E	C	2	92	b10f5cc2029e485256c9eae859523e7a01958ea80d4c1fced691f04ac94a2ed7	0	0	full_sequence	1	0	/storage9920/home/tinghao.xia/Data_FM/RNA_FM_embeddings/9OWJ/rnafm_t12_residue_embeddings.pt
9OWK	0	A	A	1	417	797c801250f75755a6125f914f0833bc757e8d95ebdcecd7448808f3a198eba9	0	0	full_sequence	1	0	/storage9920/home/tinghao.xia/Data_FM/RNA_FM_embeddings/9OWK/rnafm_t12_residue_embeddings.pt
9OWK	1	C	B	2	92	b10f5cc2029e485256c9eae859523e7a01958ea80d4c1fced691f04ac94a2ed7	0	0	full_sequence	1	0	/storage9920/home/tinghao.xia/Data_FM/RNA_FM_embeddings/9OWK/rnafm_t12_residue_embeddings.pt
9OWK	2	E	C	2	92	b10f5cc2029e485256c9eae859523e7a01958ea80d4c1fced691f04ac94a2ed7	0	0	full_sequence	1	0	/storage9920/home/tinghao.xia/Data_FM/RNA_FM_embeddings/9OWK/rnafm_t12_residue_embeddings.pt
9OWL	0	A	A	1	417	797c801250f75755a6125f914f0833bc757e8d95ebdcecd7448808f3a198eba9	0	0	full_sequence	1	0	/storage9920/home/tinghao.xia/Data_FM/RNA_FM_embeddings/9OWL/rnafm_t12_residue_embeddings.pt
9OWL	1	C	B	2	75	8a2ad8e183b1b564eaf1d3c67486082413c09009f9775b781b7d8c3ea48ce7ee	0	0	full_sequence	1	0	/storage9920/home/tinghao.xia/Data_FM/RNA_FM_embeddings/9OWL/rnafm_t12_residue_embeddings.pt
9OWM	0	A	A	1	417	797c801250f75755a6125f914f0833bc757e8d95ebdcecd7448808f3a198eba9	0	0	full_sequence	1	0	/storage9920/home/tinghao.xia/Data_FM/RNA_FM_embeddings/9OWM/rnafm_t12_residue_embeddings.pt
9OWM	1	C	B	2	75	8a2ad8e183b1b564eaf1d3c67486082413c09009f9775b781b7d8c3ea48ce7ee	0	0	full_sequence	1	0	/storage9920/home/tinghao.xia/Data_FM/RNA_FM_embeddings/9OWM/rnafm_t12_residue_embeddings.pt
9OWN	0	A	A	1	417	797c801250f75755a6125f914f0833bc757e8d95ebdcecd7448808f3a198eba9	0	0	full_sequence	1	0	/storage9920/home/tinghao.xia/Data_FM/RNA_FM_embeddings/9OWN/rnafm_t12_residue_embeddings.pt
9OWN	1	C	B	2	92	05873b1ecfa35a0d57fcc5ca5511c73480a00e8b35aa13ca334aeff38357e8ed	0	0	full_sequence	1	0	/storage9920/home/tinghao.xia/Data_FM/RNA_FM_embeddings/9OWN/rnafm_t12_residue_embeddings.pt
9OWO	0	A	A	1	417	426faa79f76f3831a12197d1f537f3610be8b5813983811c72a7bcf8bd0e893a	0	0	full_sequence	1	0	/storage9920/home/tinghao.xia/Data_FM/RNA_FM_embeddings/9OWO/rnafm_t12_residue_embeddings.pt
9OWO	1	C	B	2	92	05873b1ecfa35a0d57fcc5ca5511c73480a00e8b35aa13ca334aeff38357e8ed	0	0	full_sequence	1	0	/storage9920/home/tinghao.xia/Data_FM/RNA_FM_embeddings/9OWO/rnafm_t12_residue_embeddings.pt
9OWP	0	A	A	1	417	426faa79f76f3831a12197d1f537f3610be8b5813983811c72a7bcf8bd0e893a	0	0	full_sequence	1	0	/storage9920/home/tinghao.xia/Data_FM/RNA_FM_embeddings/9OWP/rnafm_t12_residue_embeddings.pt
9OWP	1	C	B	2	92	05873b1ecfa35a0d57fcc5ca5511c73480a00e8b35aa13ca334aeff38357e8ed	0	0	full_sequence	1	0	/storage9920/home/tinghao.xia/Data_FM/RNA_FM_embeddings/9OWP/rnafm_t12_residue_embeddings.pt
9OWQ	0	A	A	1	417	797c801250f75755a6125f914f0833bc757e8d95ebdcecd7448808f3a198eba9	0	0	full_sequence	1	0	/storage9920/home/tinghao.xia/Data_FM/RNA_FM_embeddings/9OWQ/rnafm_t12_residue_embeddings.pt
9OWQ	1	C	B	2	112	79bf8a9c77afcc6f4e6432a636d7116e487c2798a73573a82a9e2e9c227615bf	0	0	full_sequence	1	0	/storage9920/home/tinghao.xia/Data_FM/RNA_FM_embeddings/9OWQ/rnafm_t12_residue_embeddings.pt
9OY2	0	A	A	1	417	be3d53183ade2fb617e2a410748eafbe051f0752c896767052fce840d4b7ec0e	0	0	full_sequence	1	0	/storage9920/home/tinghao.xia/Data_FM/RNA_FM_embeddings/9OY2/rnafm_t12_residue_embeddings.pt
9OY3	0	A	A	1	417	be3d53183ade2fb617e2a410748eafbe051f0752c896767052fce840d4b7ec0e	0	0	full_sequence	1	0	/storage9920/home/tinghao.xia/Data_FM/RNA_FM_embeddings/9OY3/rnafm_t12_residue_embeddings.pt
9OY4	0	A	A	1	417	70e3f14e8e83bb517970847b40168106b8355f9789f259eecf49b20b8bff0735	0	0	full_sequence	1	0	/storage9920/home/tinghao.xia/Data_FM/RNA_FM_embeddings/9OY4/rnafm_t12_residue_embeddings.pt
9PDE	0	A	A	1	29	ad906f470726526fec124d0b7b5d1b72754da0f7e926f946b4910ce5414e5882	0	0	full_sequence	1	0	/storage9920/home/tinghao.xia/Data_FM/RNA_FM_embeddings/9PDE/rnafm_t12_residue_embeddings.pt
9PDF	0	A	A	1	29	819d8819a3fedb5ac6928192b7bc6a4bfb9ed9cad1e1cda5679b8d91fc0274ae	0	0	full_sequence	1	0	/storage9920/home/tinghao.xia/Data_FM/RNA_FM_embeddings/9PDF/rnafm_t12_residue_embeddings.pt
9PDG	0	A	A	1	29	009a3155c2070b7e2bc7fe4b01041587c3baab2a9836a546f93403572b2f4f52	0	0	full_sequence	1	0	/storage9920/home/tinghao.xia/Data_FM/RNA_FM_embeddings/9PDG/rnafm_t12_residue_embeddings.pt
9Q0I	0	A	A	1	16	c07a83da27661fd31c29473895b8f810bd883e98b384caad828349106c14f9e6	1	1	full_sequence	1	0	/storage9920/home/tinghao.xia/Data_FM/RNA_FM_embeddings/9Q0I/rnafm_t12_residue_embeddings.pt
9Q0I	1	B	B	1	16	c07a83da27661fd31c29473895b8f810bd883e98b384caad828349106c14f9e6	1	1	full_sequence	1	0	/storage9920/home/tinghao.xia/Data_FM/RNA_FM_embeddings/9Q0I/rnafm_t12_residue_embeddings.pt
9Q0I	2	C	C	1	16	c07a83da27661fd31c29473895b8f810bd883e98b384caad828349106c14f9e6	1	1	full_sequence	1	0	/storage9920/home/tinghao.xia/Data_FM/RNA_FM_embeddings/9Q0I/rnafm_t12_residue_embeddings.pt
9Q0I	3	D	D	1	16	c07a83da27661fd31c29473895b8f810bd883e98b384caad828349106c14f9e6	1	1	full_sequence	1	0	/storage9920/home/tinghao.xia/Data_FM/RNA_FM_embeddings/9Q0I/rnafm_t12_residue_embeddings.pt
9Q0I	4	E	E	1	16	c07a83da27661fd31c29473895b8f810bd883e98b384caad828349106c14f9e6	1	1	full_sequence	1	0	/storage9920/home/tinghao.xia/Data_FM/RNA_FM_embeddings/9Q0I/rnafm_t12_residue_embeddings.pt
9Q0I	5	F	F	1	16	c07a83da27661fd31c29473895b8f810bd883e98b384caad828349106c14f9e6	1	1	full_sequence	1	0	/storage9920/home/tinghao.xia/Data_FM/RNA_FM_embeddings/9Q0I/rnafm_t12_residue_embeddings.pt
9Q0J	0	A	A	1	16	b972e9143800039e1ea7ff6f9cb2cb5f95fec411cc2f0df09a3e0f9a572b635f	1	1	full_sequence	1	0	/storage9920/home/tinghao.xia/Data_FM/RNA_FM_embeddings/9Q0J/rnafm_t12_residue_embeddings.pt
9Q0J	1	B	B	1	16	b972e9143800039e1ea7ff6f9cb2cb5f95fec411cc2f0df09a3e0f9a572b635f	1	1	full_sequence	1	0	/storage9920/home/tinghao.xia/Data_FM/RNA_FM_embeddings/9Q0J/rnafm_t12_residue_embeddings.pt
9Q0J	2	C	C	1	16	b972e9143800039e1ea7ff6f9cb2cb5f95fec411cc2f0df09a3e0f9a572b635f	1	1	full_sequence	1	0	/storage9920/home/tinghao.xia/Data_FM/RNA_FM_embeddings/9Q0J/rnafm_t12_residue_embeddings.pt
9Q3C	0	A	A	1	8	7cd4ec652c446989566d8c87510ea77dc21e72b17b24fd140e4720412cde2282	1	1	full_sequence	1	0	/storage9920/home/tinghao.xia/Data_FM/RNA_FM_embeddings/9Q3C/rnafm_t12_residue_embeddings.pt
9Q3C	1	B	B	1	8	7cd4ec652c446989566d8c87510ea77dc21e72b17b24fd140e4720412cde2282	1	1	full_sequence	1	0	/storage9920/home/tinghao.xia/Data_FM/RNA_FM_embeddings/9Q3C/rnafm_t12_residue_embeddings.pt
9Q3C	2	C	C	1	8	7cd4ec652c446989566d8c87510ea77dc21e72b17b24fd140e4720412cde2282	1	1	full_sequence	1	0	/storage9920/home/tinghao.xia/Data_FM/RNA_FM_embeddings/9Q3C/rnafm_t12_residue_embeddings.pt
9Q3C	3	D	D	1	8	7cd4ec652c446989566d8c87510ea77dc21e72b17b24fd140e4720412cde2282	1	1	full_sequence	1	0	/storage9920/home/tinghao.xia/Data_FM/RNA_FM_embeddings/9Q3C/rnafm_t12_residue_embeddings.pt
9Q3C	4	E	E	1	8	7cd4ec652c446989566d8c87510ea77dc21e72b17b24fd140e4720412cde2282	1	1	full_sequence	1	0	/storage9920/home/tinghao.xia/Data_FM/RNA_FM_embeddings/9Q3C/rnafm_t12_residue_embeddings.pt
9Q3C	5	F	F	1	8	7cd4ec652c446989566d8c87510ea77dc21e72b17b24fd140e4720412cde2282	1	1	full_sequence	1	0	/storage9920/home/tinghao.xia/Data_FM/RNA_FM_embeddings/9Q3C/rnafm_t12_residue_embeddings.pt
9Q3C	6	G	G	1	8	7cd4ec652c446989566d8c87510ea77dc21e72b17b24fd140e4720412cde2282	1	1	full_sequence	1	0	/storage9920/home/tinghao.xia/Data_FM/RNA_FM_embeddings/9Q3C/rnafm_t12_residue_embeddings.pt
9Q3C	7	H	H	1	8	7cd4ec652c446989566d8c87510ea77dc21e72b17b24fd140e4720412cde2282	1	1	full_sequence	1	0	/storage9920/home/tinghao.xia/Data_FM/RNA_FM_embeddings/9Q3C/rnafm_t12_residue_embeddings.pt
9Q3C	8	I	I	1	8	7cd4ec652c446989566d8c87510ea77dc21e72b17b24fd140e4720412cde2282	1	1	full_sequence	1	0	/storage9920/home/tinghao.xia/Data_FM/RNA_FM_embeddings/9Q3C/rnafm_t12_residue_embeddings.pt
9Q3C	9	J	J	1	8	7cd4ec652c446989566d8c87510ea77dc21e72b17b24fd140e4720412cde2282	1	1	full_sequence	1	0	/storage9920/home/tinghao.xia/Data_FM/RNA_FM_embeddings/9Q3C/rnafm_t12_residue_embeddings.pt
9Q3C	10	K	K	1	8	7cd4ec652c446989566d8c87510ea77dc21e72b17b24fd140e4720412cde2282	1	1	full_sequence	1	0	/storage9920/home/tinghao.xia/Data_FM/RNA_FM_embeddings/9Q3C/rnafm_t12_residue_embeddings.pt
9Q3C	11	L	L	1	8	7cd4ec652c446989566d8c87510ea77dc21e72b17b24fd140e4720412cde2282	1	1	full_sequence	1	0	/storage9920/home/tinghao.xia/Data_FM/RNA_FM_embeddings/9Q3C/rnafm_t12_residue_embeddings.pt
9Q3C	12	M	M	1	8	7cd4ec652c446989566d8c87510ea77dc21e72b17b24fd140e4720412cde2282	1	1	full_sequence	1	0	/storage9920/home/tinghao.xia/Data_FM/RNA_FM_embeddings/9Q3C/rnafm_t12_residue_embeddings.pt
9Q3C	13	N	N	1	8	7cd4ec652c446989566d8c87510ea77dc21e72b17b24fd140e4720412cde2282	1	1	full_sequence	1	0	/storage9920/home/tinghao.xia/Data_FM/RNA_FM_embeddings/9Q3C/rnafm_t12_residue_embeddings.pt
9QTJ	0	1	A	1	481	71f6193777fbce5665619adb5c37d767735cfe28137cc3e75fad1b0a88d50500	0	0	full_sequence	1	0	/storage9920/home/tinghao.xia/Data_FM/RNA_FM_embeddings/9QTJ/rnafm_t12_residue_embeddings.pt
9QU6	0	A	A	1	396	d7aa2361c35c33aadcdf196ec1e255a385e956b3c82ea078eda4ea87cb3e3bfa	0	0	full_sequence	1	0	/storage9920/home/tinghao.xia/Data_FM/RNA_FM_embeddings/9QU6/rnafm_t12_residue_embeddings.pt
9QU6	1	B	B	2	5	d381fd08ddb35e2a3128c315609e7ee8a20828080159d0ed5a23402ca8e6cb98	0	0	full_sequence	1	0	/storage9920/home/tinghao.xia/Data_FM/RNA_FM_embeddings/9QU6/rnafm_t12_residue_embeddings.pt
9QU7	0	A	A	1	396	d7aa2361c35c33aadcdf196ec1e255a385e956b3c82ea078eda4ea87cb3e3bfa	0	0	full_sequence	1	0	/storage9920/home/tinghao.xia/Data_FM/RNA_FM_embeddings/9QU7/rnafm_t12_residue_embeddings.pt
9QU7	1	B	B	1	396	d7aa2361c35c33aadcdf196ec1e255a385e956b3c82ea078eda4ea87cb3e3bfa	0	0	full_sequence	1	0	/storage9920/home/tinghao.xia/Data_FM/RNA_FM_embeddings/9QU7/rnafm_t12_residue_embeddings.pt
9QZJ	0	A	A	1	19	7e1793276faf862ee53093637b0a2e927ff80c9ae918286e89c052169048a94b	0	0	full_sequence	1	0	/storage9920/home/tinghao.xia/Data_FM/RNA_FM_embeddings/9QZJ/rnafm_t12_residue_embeddings.pt
9R7Q	0	A	A	1	238	fee337cf46f2d00ec93beb15376bc73ad38569727de42b5e6ae557c9a50a2581	57	57	full_sequence	1	0	/storage9920/home/tinghao.xia/Data_FM/RNA_FM_embeddings/9R7Q/rnafm_t12_residue_embeddings.pt
9R7W	0	A	A	1	552	b911dd39722cd7b10bcfec27c406dcf303f6d14119b391f1b8c1d0cdffcc2106	142	142	full_sequence	1	0	/storage9920/home/tinghao.xia/Data_FM/RNA_FM_embeddings/9R7W/rnafm_t12_residue_embeddings.pt
9R82	0	A	A	1	728	61e64602d1b85b2b4344934102a19d7149456da11a6e2b33b2564aa9a723b6e1	201	201	full_sequence	1	0	/storage9920/home/tinghao.xia/Data_FM/RNA_FM_embeddings/9R82/rnafm_t12_residue_embeddings.pt
9RB4	0	A	A	1	27	e8af011d39ad7bc70784aea41c0bee267f230424287d5318650eb4fae6856aba	1	1	full_sequence	1	0	/storage9920/home/tinghao.xia/Data_FM/RNA_FM_embeddings/9RB4/rnafm_t12_residue_embeddings.pt
9S1D	0	A	A	1	14	acc3cb82596e0e2e7604f253f2aa8986b599003a6294659c6916ea2dbae38fc5	0	0	full_sequence	1	0	/storage9920/home/tinghao.xia/Data_FM/RNA_FM_embeddings/9S1D/rnafm_t12_residue_embeddings.pt
9S1D	1	B	B	2	24	625f1372ae4a012cef6c3c71be9211c33297e53c5e4a68f8c5d5af71127b0b45	0	0	full_sequence	1	0	/storage9920/home/tinghao.xia/Data_FM/RNA_FM_embeddings/9S1D/rnafm_t12_residue_embeddings.pt
9S1D	2	C	C	3	24	60b4651fb1fb6c4141d81dd7f5454835af69e3b222d8b038040e05e0c25027d1	0	0	full_sequence	1	0	/storage9920/home/tinghao.xia/Data_FM/RNA_FM_embeddings/9S1D/rnafm_t12_residue_embeddings.pt
9SD9	0	A	A	1	720	a3fd6b27ee60d18ffb5999928c0dc63aa9808e3ed6038d82081fa0b012f726a0	179	179	full_sequence	1	0	/storage9920/home/tinghao.xia/Data_FM/RNA_FM_embeddings/9SD9/rnafm_t12_residue_embeddings.pt
9SD9	1	B	B	1	720	a3fd6b27ee60d18ffb5999928c0dc63aa9808e3ed6038d82081fa0b012f726a0	179	179	full_sequence	1	0	/storage9920/home/tinghao.xia/Data_FM/RNA_FM_embeddings/9SD9/rnafm_t12_residue_embeddings.pt
9SXV	0	A	A	1	14	291e893894b982c064fa968ffdea5700336b54975c614f0795bf8c7723de9414	0	0	full_sequence	1	0	/storage9920/home/tinghao.xia/Data_FM/RNA_FM_embeddings/9SXV/rnafm_t12_residue_embeddings.pt
9SY4	0	A	A	1	14	291e893894b982c064fa968ffdea5700336b54975c614f0795bf8c7723de9414	0	0	full_sequence	1	0	/storage9920/home/tinghao.xia/Data_FM/RNA_FM_embeddings/9SY4/rnafm_t12_residue_embeddings.pt
9SY8	0	A	A	1	14	8f65f88eb1c54584532c723bdf497da1096d54354278f346b6962f06901f773f	0	0	full_sequence	1	0	/storage9920/home/tinghao.xia/Data_FM/RNA_FM_embeddings/9SY8/rnafm_t12_residue_embeddings.pt
9SYC	0	A	A	1	14	8f65f88eb1c54584532c723bdf497da1096d54354278f346b6962f06901f773f	0	0	full_sequence	1	0	/storage9920/home/tinghao.xia/Data_FM/RNA_FM_embeddings/9SYC/rnafm_t12_residue_embeddings.pt
9SYD	0	A	A	1	14	f573979a10bd37dfa52837a5fd461723e063509c9f8090aceaa9bc3164ad3800	0	0	full_sequence	1	0	/storage9920/home/tinghao.xia/Data_FM/RNA_FM_embeddings/9SYD/rnafm_t12_residue_embeddings.pt
9SYE	0	A	A	1	14	f573979a10bd37dfa52837a5fd461723e063509c9f8090aceaa9bc3164ad3800	0	0	full_sequence	1	0	/storage9920/home/tinghao.xia/Data_FM/RNA_FM_embeddings/9SYE/rnafm_t12_residue_embeddings.pt
9SYF	0	A	A	1	14	f573979a10bd37dfa52837a5fd461723e063509c9f8090aceaa9bc3164ad3800	0	0	full_sequence	1	0	/storage9920/home/tinghao.xia/Data_FM/RNA_FM_embeddings/9SYF/rnafm_t12_residue_embeddings.pt
9TCA	0	A	A	1	5	62ee6008cbb48c45db2a227d007f4c5c984e795afc03beda5ce0b33d33f65989	0	0	full_sequence	1	0	/storage9920/home/tinghao.xia/Data_FM/RNA_FM_embeddings/9TCA/rnafm_t12_residue_embeddings.pt
9TCA	1	C	B	1	5	62ee6008cbb48c45db2a227d007f4c5c984e795afc03beda5ce0b33d33f65989	0	0	full_sequence	1	0	/storage9920/home/tinghao.xia/Data_FM/RNA_FM_embeddings/9TCA/rnafm_t12_residue_embeddings.pt
9TCA	2	B	C	2	10	611f0af0dfd48c12b7aed44e4fdd72d1141e37b12cb6ece3f11e63b991b207be	0	0	full_sequence	1	0	/storage9920/home/tinghao.xia/Data_FM/RNA_FM_embeddings/9TCA/rnafm_t12_residue_embeddings.pt
9TCA	3	D	D	2	10	611f0af0dfd48c12b7aed44e4fdd72d1141e37b12cb6ece3f11e63b991b207be	0	0	full_sequence	1	0	/storage9920/home/tinghao.xia/Data_FM/RNA_FM_embeddings/9TCA/rnafm_t12_residue_embeddings.pt
9TCG	0	A	A	1	5	62ee6008cbb48c45db2a227d007f4c5c984e795afc03beda5ce0b33d33f65989	0	0	full_sequence	1	0	/storage9920/home/tinghao.xia/Data_FM/RNA_FM_embeddings/9TCG/rnafm_t12_residue_embeddings.pt
9TCG	1	C	B	1	5	62ee6008cbb48c45db2a227d007f4c5c984e795afc03beda5ce0b33d33f65989	0	0	full_sequence	1	0	/storage9920/home/tinghao.xia/Data_FM/RNA_FM_embeddings/9TCG/rnafm_t12_residue_embeddings.pt
9TCG	2	B	C	2	10	611f0af0dfd48c12b7aed44e4fdd72d1141e37b12cb6ece3f11e63b991b207be	0	0	full_sequence	1	0	/storage9920/home/tinghao.xia/Data_FM/RNA_FM_embeddings/9TCG/rnafm_t12_residue_embeddings.pt
9TCG	3	D	D	2	10	611f0af0dfd48c12b7aed44e4fdd72d1141e37b12cb6ece3f11e63b991b207be	0	0	full_sequence	1	0	/storage9920/home/tinghao.xia/Data_FM/RNA_FM_embeddings/9TCG/rnafm_t12_residue_embeddings.pt
9UUG	0	A	A	1	59	e5488e3a60556e81bdb8ea71c7f537aa528cdbaaaf5c442908c61d9fa90670c3	0	0	full_sequence	1	0	/storage9920/home/tinghao.xia/Data_FM/RNA_FM_embeddings/9UUG/rnafm_t12_residue_embeddings.pt
9UW0	0	X	A	1	65	1dc6159721dc2736abe8c395677c2050d8af1ae3452300d036b669189099702e	0	0	full_sequence	1	0	/storage9920/home/tinghao.xia/Data_FM/RNA_FM_embeddings/9UW0/rnafm_t12_residue_embeddings.pt
9V4U	0	A	A	1	71	63717d775dc6eaab9ee747e0fd9736d348719a9ff2ca494059623f4ee44ba2d9	0	0	full_sequence	1	0	/storage9920/home/tinghao.xia/Data_FM/RNA_FM_embeddings/9V4U/rnafm_t12_residue_embeddings.pt
9V4V	0	A	A	1	71	63717d775dc6eaab9ee747e0fd9736d348719a9ff2ca494059623f4ee44ba2d9	0	0	full_sequence	1	0	/storage9920/home/tinghao.xia/Data_FM/RNA_FM_embeddings/9V4V/rnafm_t12_residue_embeddings.pt
9V4X	0	A	A	1	71	63717d775dc6eaab9ee747e0fd9736d348719a9ff2ca494059623f4ee44ba2d9	0	0	full_sequence	1	0	/storage9920/home/tinghao.xia/Data_FM/RNA_FM_embeddings/9V4X/rnafm_t12_residue_embeddings.pt
9V4Y	0	A	A	1	71	63717d775dc6eaab9ee747e0fd9736d348719a9ff2ca494059623f4ee44ba2d9	0	0	full_sequence	1	0	/storage9920/home/tinghao.xia/Data_FM/RNA_FM_embeddings/9V4Y/rnafm_t12_residue_embeddings.pt
9V4Z	0	A	A	1	71	63717d775dc6eaab9ee747e0fd9736d348719a9ff2ca494059623f4ee44ba2d9	0	0	full_sequence	1	0	/storage9920/home/tinghao.xia/Data_FM/RNA_FM_embeddings/9V4Z/rnafm_t12_residue_embeddings.pt
9V50	0	A	A	1	71	63717d775dc6eaab9ee747e0fd9736d348719a9ff2ca494059623f4ee44ba2d9	0	0	full_sequence	1	0	/storage9920/home/tinghao.xia/Data_FM/RNA_FM_embeddings/9V50/rnafm_t12_residue_embeddings.pt
9V51	0	A	A	1	71	63717d775dc6eaab9ee747e0fd9736d348719a9ff2ca494059623f4ee44ba2d9	0	0	full_sequence	1	0	/storage9920/home/tinghao.xia/Data_FM/RNA_FM_embeddings/9V51/rnafm_t12_residue_embeddings.pt
9V7N	0	B	A	1	284	4ce94303e126852266ebfc441044b3164553927350add0a15f6da075394cdb06	0	0	full_sequence	1	0	/storage9920/home/tinghao.xia/Data_FM/RNA_FM_embeddings/9V7N/rnafm_t12_residue_embeddings.pt
9V7N	1	D	B	1	284	4ce94303e126852266ebfc441044b3164553927350add0a15f6da075394cdb06	0	0	full_sequence	1	0	/storage9920/home/tinghao.xia/Data_FM/RNA_FM_embeddings/9V7N/rnafm_t12_residue_embeddings.pt
9V7N	2	E	C	1	284	4ce94303e126852266ebfc441044b3164553927350add0a15f6da075394cdb06	0	0	full_sequence	1	0	/storage9920/home/tinghao.xia/Data_FM/RNA_FM_embeddings/9V7N/rnafm_t12_residue_embeddings.pt
9V7O	0	B	A	1	284	4ce94303e126852266ebfc441044b3164553927350add0a15f6da075394cdb06	0	0	full_sequence	1	0	/storage9920/home/tinghao.xia/Data_FM/RNA_FM_embeddings/9V7O/rnafm_t12_residue_embeddings.pt
9V7O	1	D	B	1	284	4ce94303e126852266ebfc441044b3164553927350add0a15f6da075394cdb06	0	0	full_sequence	1	0	/storage9920/home/tinghao.xia/Data_FM/RNA_FM_embeddings/9V7O/rnafm_t12_residue_embeddings.pt
9V7O	2	E	C	1	284	4ce94303e126852266ebfc441044b3164553927350add0a15f6da075394cdb06	0	0	full_sequence	1	0	/storage9920/home/tinghao.xia/Data_FM/RNA_FM_embeddings/9V7O/rnafm_t12_residue_embeddings.pt
9V7P	0	B	A	1	207	cae1561cf4f4fa107977f48ccc1243c477878e6c40d5b654d74b2672accba255	0	0	full_sequence	1	0	/storage9920/home/tinghao.xia/Data_FM/RNA_FM_embeddings/9V7P/rnafm_t12_residue_embeddings.pt
9V7Q	0	B	A	1	203	5286bc557b53f6d03a75bc02be12b84d9ca9e1f1519d4a1c9a563c0e71a17f07	0	0	full_sequence	1	0	/storage9920/home/tinghao.xia/Data_FM/RNA_FM_embeddings/9V7Q/rnafm_t12_residue_embeddings.pt
9VMZ	0	A	A	1	49	6b3b899417810af16de61b8a4b43d36b32486be3c09ec2ebd90714f1d8c66477	0	0	full_sequence	1	0	/storage9920/home/tinghao.xia/Data_FM/RNA_FM_embeddings/9VMZ/rnafm_t12_residue_embeddings.pt
9VSN	0	A	A	1	23	66b21b34416abb233ccf5bda49c97fb37638fce99f5847929202546f143b7ede	0	0	full_sequence	1	0	/storage9920/home/tinghao.xia/Data_FM/RNA_FM_embeddings/9VSN/rnafm_t12_residue_embeddings.pt
9VSN	1	B	B	1	23	66b21b34416abb233ccf5bda49c97fb37638fce99f5847929202546f143b7ede	0	0	full_sequence	1	0	/storage9920/home/tinghao.xia/Data_FM/RNA_FM_embeddings/9VSN/rnafm_t12_residue_embeddings.pt
9W1L	0	A	A	1	26	c2a2e8fda1aaafb34f3e0c562739849553eca48cb258c8abad4ab66c64f201cb	0	0	full_sequence	1	0	/storage9920/home/tinghao.xia/Data_FM/RNA_FM_embeddings/9W1L/rnafm_t12_residue_embeddings.pt
9WHV	0	A	A	1	10	b53e139fff2c5118c2e28dd712a262ee34e1f23738417b7fad8189856b9cefcf	0	0	full_sequence	1	0	/storage9920/home/tinghao.xia/Data_FM/RNA_FM_embeddings/9WHV/rnafm_t12_residue_embeddings.pt
9WHV	1	B	B	1	10	b53e139fff2c5118c2e28dd712a262ee34e1f23738417b7fad8189856b9cefcf	0	0	full_sequence	1	0	/storage9920/home/tinghao.xia/Data_FM/RNA_FM_embeddings/9WHV/rnafm_t12_residue_embeddings.pt
9WHV	2	C	C	1	10	b53e139fff2c5118c2e28dd712a262ee34e1f23738417b7fad8189856b9cefcf	0	0	full_sequence	1	0	/storage9920/home/tinghao.xia/Data_FM/RNA_FM_embeddings/9WHV/rnafm_t12_residue_embeddings.pt
9WHV	3	D	D	1	10	b53e139fff2c5118c2e28dd712a262ee34e1f23738417b7fad8189856b9cefcf	0	0	full_sequence	1	0	/storage9920/home/tinghao.xia/Data_FM/RNA_FM_embeddings/9WHV/rnafm_t12_residue_embeddings.pt
9WHV	4	E	E	1	10	b53e139fff2c5118c2e28dd712a262ee34e1f23738417b7fad8189856b9cefcf	0	0	full_sequence	1	0	/storage9920/home/tinghao.xia/Data_FM/RNA_FM_embeddings/9WHV/rnafm_t12_residue_embeddings.pt
9WHV	5	F	F	1	10	b53e139fff2c5118c2e28dd712a262ee34e1f23738417b7fad8189856b9cefcf	0	0	full_sequence	1	0	/storage9920/home/tinghao.xia/Data_FM/RNA_FM_embeddings/9WHV/rnafm_t12_residue_embeddings.pt
9WHV	6	G	G	1	10	b53e139fff2c5118c2e28dd712a262ee34e1f23738417b7fad8189856b9cefcf	0	0	full_sequence	1	0	/storage9920/home/tinghao.xia/Data_FM/RNA_FM_embeddings/9WHV/rnafm_t12_residue_embeddings.pt
9WHV	7	H	H	1	10	b53e139fff2c5118c2e28dd712a262ee34e1f23738417b7fad8189856b9cefcf	0	0	full_sequence	1	0	/storage9920/home/tinghao.xia/Data_FM/RNA_FM_embeddings/9WHV/rnafm_t12_residue_embeddings.pt
9X6B	0	B	A	1	201	ba17cbb724b5e089b3f17e8f8012b48e7b621fa55591f46f4d6b88c0ff081ccb	0	0	full_sequence	1	0	/storage9920/home/tinghao.xia/Data_FM/RNA_FM_embeddings/9X6B/rnafm_t12_residue_embeddings.pt
9YD3	0	A	A	1	15	94cc75a911a8c354f7181903d71a3565048d2ecc63248f9e1e5a7db1acc89394	3	0	full_sequence	1	0	/storage9920/home/tinghao.xia/Data_FM/RNA_FM_embeddings/9YD3/rnafm_t12_residue_embeddings.pt
9YD3	1	B	B	1	15	94cc75a911a8c354f7181903d71a3565048d2ecc63248f9e1e5a7db1acc89394	3	0	full_sequence	1	0	/storage9920/home/tinghao.xia/Data_FM/RNA_FM_embeddings/9YD3/rnafm_t12_residue_embeddings.pt
9Z6I	0	A	A	1	155	13381e98d739196ed2ce9dfc87753e5ea74922da13ed9556b0c99cc313f331c7	0	0	full_sequence	1	0	/storage9920/home/tinghao.xia/Data_FM/RNA_FM_embeddings/9Z6I/rnafm_t12_residue_embeddings.pt
9ZBQ	0	A	A	1	388	e4745529b919b4b6e7dfc9c651ebdf2ad076b2424f21e1324e9a6a41e1a57069	0	0	full_sequence	1	0	/storage9920/home/tinghao.xia/Data_FM/RNA_FM_embeddings/9ZBQ/rnafm_t12_residue_embeddings.pt
9ZBR	0	A	A	1	387	5a05b6394fd7b5393bda84484f1a428b1d7b73fba965d17c727fc4b52c0c868c	0	0	full_sequence	1	0	/storage9920/home/tinghao.xia/Data_FM/RNA_FM_embeddings/9ZBR/rnafm_t12_residue_embeddings.pt
9ZC6	0	A	A	1	388	e4745529b919b4b6e7dfc9c651ebdf2ad076b2424f21e1324e9a6a41e1a57069	0	0	full_sequence	1	0	/storage9920/home/tinghao.xia/Data_FM/RNA_FM_embeddings/9ZC6/rnafm_t12_residue_embeddings.pt
9ZC7	0	B	A	1	720	10df3cf7b85527617fee78f754249006488008e41331c5349512e02d8475aa48	0	0	full_sequence	1	0	/storage9920/home/tinghao.xia/Data_FM/RNA_FM_embeddings/9ZC7/rnafm_t12_residue_embeddings.pt
9ZC8	0	B	A	1	720	10df3cf7b85527617fee78f754249006488008e41331c5349512e02d8475aa48	0	0	full_sequence	1	0	/storage9920/home/tinghao.xia/Data_FM/RNA_FM_embeddings/9ZC8/rnafm_t12_residue_embeddings.pt
9ZC8	1	A	B	1	720	10df3cf7b85527617fee78f754249006488008e41331c5349512e02d8475aa48	0	0	full_sequence	1	0	/storage9920/home/tinghao.xia/Data_FM/RNA_FM_embeddings/9ZC8/rnafm_t12_residue_embeddings.pt
9ZC9	0	A	A	1	730	aac7bb0fe3669e41456eaad168aaba94ea6909c564635b985b968a39c40ed8f2	0	0	full_sequence	1	0	/storage9920/home/tinghao.xia/Data_FM/RNA_FM_embeddings/9ZC9/rnafm_t12_residue_embeddings.pt
9ZCA	0	A	A	1	730	aac7bb0fe3669e41456eaad168aaba94ea6909c564635b985b968a39c40ed8f2	0	0	full_sequence	1	0	/storage9920/home/tinghao.xia/Data_FM/RNA_FM_embeddings/9ZCA/rnafm_t12_residue_embeddings.pt
9ZCA	1	B	B	1	730	aac7bb0fe3669e41456eaad168aaba94ea6909c564635b985b968a39c40ed8f2	0	0	full_sequence	1	0	/storage9920/home/tinghao.xia/Data_FM/RNA_FM_embeddings/9ZCA/rnafm_t12_residue_embeddings.pt
9ZCB	0	A	A	1	730	aac7bb0fe3669e41456eaad168aaba94ea6909c564635b985b968a39c40ed8f2	0	0	full_sequence	1	0	/storage9920/home/tinghao.xia/Data_FM/RNA_FM_embeddings/9ZCB/rnafm_t12_residue_embeddings.pt
9ZCB	1	B	B	1	730	aac7bb0fe3669e41456eaad168aaba94ea6909c564635b985b968a39c40ed8f2	0	0	full_sequence	1	0	/storage9920/home/tinghao.xia/Data_FM/RNA_FM_embeddings/9ZCB/rnafm_t12_residue_embeddings.pt
9ZCC	0	B	A	1	730	aac7bb0fe3669e41456eaad168aaba94ea6909c564635b985b968a39c40ed8f2	0	0	full_sequence	1	0	/storage9920/home/tinghao.xia/Data_FM/RNA_FM_embeddings/9ZCC/rnafm_t12_residue_embeddings.pt
9ZCC	1	A	B	1	730	aac7bb0fe3669e41456eaad168aaba94ea6909c564635b985b968a39c40ed8f2	0	0	full_sequence	1	0	/storage9920/home/tinghao.xia/Data_FM/RNA_FM_embeddings/9ZCC/rnafm_t12_residue_embeddings.pt
9ZDV	0	A	A	1	417	426faa79f76f3831a12197d1f537f3610be8b5813983811c72a7bcf8bd0e893a	0	0	full_sequence	1	0	/storage9920/home/tinghao.xia/Data_FM/RNA_FM_embeddings/9ZDV/rnafm_t12_residue_embeddings.pt
9ZF2	0	A	A	1	417	797c801250f75755a6125f914f0833bc757e8d95ebdcecd7448808f3a198eba9	0	0	full_sequence	1	0	/storage9920/home/tinghao.xia/Data_FM/RNA_FM_embeddings/9ZF2/rnafm_t12_residue_embeddings.pt
9ZF3	0	A	A	1	417	797c801250f75755a6125f914f0833bc757e8d95ebdcecd7448808f3a198eba9	0	0	full_sequence	1	0	/storage9920/home/tinghao.xia/Data_FM/RNA_FM_embeddings/9ZF3/rnafm_t12_residue_embeddings.pt
9ZF5	0	A	A	1	417	797c801250f75755a6125f914f0833bc757e8d95ebdcecd7448808f3a198eba9	0	0	full_sequence	1	0	/storage9920/home/tinghao.xia/Data_FM/RNA_FM_embeddings/9ZF5/rnafm_t12_residue_embeddings.pt
9ZF9	0	A	A	1	417	426faa79f76f3831a12197d1f537f3610be8b5813983811c72a7bcf8bd0e893a	0	0	full_sequence	1	0	/storage9920/home/tinghao.xia/Data_FM/RNA_FM_embeddings/9ZF9/rnafm_t12_residue_embeddings.pt
9ZFC	0	A	A	1	417	797c801250f75755a6125f914f0833bc757e8d95ebdcecd7448808f3a198eba9	0	0	full_sequence	1	0	/storage9920/home/tinghao.xia/Data_FM/RNA_FM_embeddings/9ZFC/rnafm_t12_residue_embeddings.pt
9ZFD	0	A	A	1	417	797c801250f75755a6125f914f0833bc757e8d95ebdcecd7448808f3a198eba9	0	0	full_sequence	1	0	/storage9920/home/tinghao.xia/Data_FM/RNA_FM_embeddings/9ZFD/rnafm_t12_residue_embeddings.pt
9ZGM	0	A	A	1	417	797c801250f75755a6125f914f0833bc757e8d95ebdcecd7448808f3a198eba9	0	0	full_sequence	1	0	/storage9920/home/tinghao.xia/Data_FM/RNA_FM_embeddings/9ZGM/rnafm_t12_residue_embeddings.pt
9ZGN	0	A	A	1	417	797c801250f75755a6125f914f0833bc757e8d95ebdcecd7448808f3a198eba9	0	0	full_sequence	1	0	/storage9920/home/tinghao.xia/Data_FM/RNA_FM_embeddings/9ZGN/rnafm_t12_residue_embeddings.pt
9ZGO	0	A	A	1	417	797c801250f75755a6125f914f0833bc757e8d95ebdcecd7448808f3a198eba9	0	0	full_sequence	1	0	/storage9920/home/tinghao.xia/Data_FM/RNA_FM_embeddings/9ZGO/rnafm_t12_residue_embeddings.pt
9ZGP	0	A	A	1	417	797c801250f75755a6125f914f0833bc757e8d95ebdcecd7448808f3a198eba9	0	0	full_sequence	1	0	/storage9920/home/tinghao.xia/Data_FM/RNA_FM_embeddings/9ZGP/rnafm_t12_residue_embeddings.pt
9ZGQ	0	A	A	1	417	426faa79f76f3831a12197d1f537f3610be8b5813983811c72a7bcf8bd0e893a	0	0	full_sequence	1	0	/storage9920/home/tinghao.xia/Data_FM/RNA_FM_embeddings/9ZGQ/rnafm_t12_residue_embeddings.pt
9ZGR	0	A	A	1	417	797c801250f75755a6125f914f0833bc757e8d95ebdcecd7448808f3a198eba9	0	0	full_sequence	1	0	/storage9920/home/tinghao.xia/Data_FM/RNA_FM_embeddings/9ZGR/rnafm_t12_residue_embeddings.pt
9ZGS	0	A	A	1	417	797c801250f75755a6125f914f0833bc757e8d95ebdcecd7448808f3a198eba9	0	0	full_sequence	1	0	/storage9920/home/tinghao.xia/Data_FM/RNA_FM_embeddings/9ZGS/rnafm_t12_residue_embeddings.pt
9ZGT	0	A	A	1	417	426faa79f76f3831a12197d1f537f3610be8b5813983811c72a7bcf8bd0e893a	0	0	full_sequence	1	0	/storage9920/home/tinghao.xia/Data_FM/RNA_FM_embeddings/9ZGT/rnafm_t12_residue_embeddings.pt
9ZGU	0	A	A	1	417	797c801250f75755a6125f914f0833bc757e8d95ebdcecd7448808f3a198eba9	0	0	full_sequence	1	0	/storage9920/home/tinghao.xia/Data_FM/RNA_FM_embeddings/9ZGU/rnafm_t12_residue_embeddings.pt
9ZGV	0	A	A	1	417	797c801250f75755a6125f914f0833bc757e8d95ebdcecd7448808f3a198eba9	0	0	full_sequence	1	0	/storage9920/home/tinghao.xia/Data_FM/RNA_FM_embeddings/9ZGV/rnafm_t12_residue_embeddings.pt
9ZGW	0	A	A	1	417	797c801250f75755a6125f914f0833bc757e8d95ebdcecd7448808f3a198eba9	0	0	full_sequence	1	0	/storage9920/home/tinghao.xia/Data_FM/RNA_FM_embeddings/9ZGW/rnafm_t12_residue_embeddings.pt
9ZGX	0	A	A	1	417	426faa79f76f3831a12197d1f537f3610be8b5813983811c72a7bcf8bd0e893a	0	0	full_sequence	1	0	/storage9920/home/tinghao.xia/Data_FM/RNA_FM_embeddings/9ZGX/rnafm_t12_residue_embeddings.pt
9ZGY	0	A	A	1	417	797c801250f75755a6125f914f0833bc757e8d95ebdcecd7448808f3a198eba9	0	0	full_sequence	1	0	/storage9920/home/tinghao.xia/Data_FM/RNA_FM_embeddings/9ZGY/rnafm_t12_residue_embeddings.pt
9ZGZ	0	A	A	1	417	426faa79f76f3831a12197d1f537f3610be8b5813983811c72a7bcf8bd0e893a	0	0	full_sequence	1	0	/storage9920/home/tinghao.xia/Data_FM/RNA_FM_embeddings/9ZGZ/rnafm_t12_residue_embeddings.pt
9ZH0	0	A	A	1	417	426faa79f76f3831a12197d1f537f3610be8b5813983811c72a7bcf8bd0e893a	0	0	full_sequence	1	0	/storage9920/home/tinghao.xia/Data_FM/RNA_FM_embeddings/9ZH0/rnafm_t12_residue_embeddings.pt
9ZH1	0	A	A	1	417	426faa79f76f3831a12197d1f537f3610be8b5813983811c72a7bcf8bd0e893a	0	0	full_sequence	1	0	/storage9920/home/tinghao.xia/Data_FM/RNA_FM_embeddings/9ZH1/rnafm_t12_residue_embeddings.pt
9ZH2	0	A	A	1	417	426faa79f76f3831a12197d1f537f3610be8b5813983811c72a7bcf8bd0e893a	0	0	full_sequence	1	0	/storage9920/home/tinghao.xia/Data_FM/RNA_FM_embeddings/9ZH2/rnafm_t12_residue_embeddings.pt
9ZH5	0	A	A	1	417	426faa79f76f3831a12197d1f537f3610be8b5813983811c72a7bcf8bd0e893a	0	0	full_sequence	1	0	/storage9920/home/tinghao.xia/Data_FM/RNA_FM_embeddings/9ZH5/rnafm_t12_residue_embeddings.pt
9ZH7	0	A	A	1	417	797c801250f75755a6125f914f0833bc757e8d95ebdcecd7448808f3a198eba9	0	0	full_sequence	1	0	/storage9920/home/tinghao.xia/Data_FM/RNA_FM_embeddings/9ZH7/rnafm_t12_residue_embeddings.pt
9ZH9	0	A	A	1	417	426faa79f76f3831a12197d1f537f3610be8b5813983811c72a7bcf8bd0e893a	0	0	full_sequence	1	0	/storage9920/home/tinghao.xia/Data_FM/RNA_FM_embeddings/9ZH9/rnafm_t12_residue_embeddings.pt
9ZHA	0	A	A	1	417	426faa79f76f3831a12197d1f537f3610be8b5813983811c72a7bcf8bd0e893a	0	0	full_sequence	1	0	/storage9920/home/tinghao.xia/Data_FM/RNA_FM_embeddings/9ZHA/rnafm_t12_residue_embeddings.pt
9ZHB	0	A	A	1	417	426faa79f76f3831a12197d1f537f3610be8b5813983811c72a7bcf8bd0e893a	0	0	full_sequence	1	0	/storage9920/home/tinghao.xia/Data_FM/RNA_FM_embeddings/9ZHB/rnafm_t12_residue_embeddings.pt
9ZHC	0	A	A	1	417	797c801250f75755a6125f914f0833bc757e8d95ebdcecd7448808f3a198eba9	0	0	full_sequence	1	0	/storage9920/home/tinghao.xia/Data_FM/RNA_FM_embeddings/9ZHC/rnafm_t12_residue_embeddings.pt
9ZHD	0	A	A	1	417	797c801250f75755a6125f914f0833bc757e8d95ebdcecd7448808f3a198eba9	0	0	full_sequence	1	0	/storage9920/home/tinghao.xia/Data_FM/RNA_FM_embeddings/9ZHD/rnafm_t12_residue_embeddings.pt
9ZHE	0	A	A	1	417	797c801250f75755a6125f914f0833bc757e8d95ebdcecd7448808f3a198eba9	0	0	full_sequence	1	0	/storage9920/home/tinghao.xia/Data_FM/RNA_FM_embeddings/9ZHE/rnafm_t12_residue_embeddings.pt
9ZHF	0	A	A	1	417	797c801250f75755a6125f914f0833bc757e8d95ebdcecd7448808f3a198eba9	0	0	full_sequence	1	0	/storage9920/home/tinghao.xia/Data_FM/RNA_FM_embeddings/9ZHF/rnafm_t12_residue_embeddings.pt
9ZHG	0	A	A	1	417	426faa79f76f3831a12197d1f537f3610be8b5813983811c72a7bcf8bd0e893a	0	0	full_sequence	1	0	/storage9920/home/tinghao.xia/Data_FM/RNA_FM_embeddings/9ZHG/rnafm_t12_residue_embeddings.pt
9ZHI	0	A	A	1	417	426faa79f76f3831a12197d1f537f3610be8b5813983811c72a7bcf8bd0e893a	0	0	full_sequence	1	0	/storage9920/home/tinghao.xia/Data_FM/RNA_FM_embeddings/9ZHI/rnafm_t12_residue_embeddings.pt
9ZHJ	0	A	A	1	417	797c801250f75755a6125f914f0833bc757e8d95ebdcecd7448808f3a198eba9	0	0	full_sequence	1	0	/storage9920/home/tinghao.xia/Data_FM/RNA_FM_embeddings/9ZHJ/rnafm_t12_residue_embeddings.pt
9ZHK	0	A	A	1	417	797c801250f75755a6125f914f0833bc757e8d95ebdcecd7448808f3a198eba9	0	0	full_sequence	1	0	/storage9920/home/tinghao.xia/Data_FM/RNA_FM_embeddings/9ZHK/rnafm_t12_residue_embeddings.pt
9ZHL	0	A	A	1	417	797c801250f75755a6125f914f0833bc757e8d95ebdcecd7448808f3a198eba9	0	0	full_sequence	1	0	/storage9920/home/tinghao.xia/Data_FM/RNA_FM_embeddings/9ZHL/rnafm_t12_residue_embeddings.pt
9ZHO	0	A	A	1	417	426faa79f76f3831a12197d1f537f3610be8b5813983811c72a7bcf8bd0e893a	0	0	full_sequence	1	0	/storage9920/home/tinghao.xia/Data_FM/RNA_FM_embeddings/9ZHO/rnafm_t12_residue_embeddings.pt
9ZHP	0	A	A	1	417	797c801250f75755a6125f914f0833bc757e8d95ebdcecd7448808f3a198eba9	0	0	full_sequence	1	0	/storage9920/home/tinghao.xia/Data_FM/RNA_FM_embeddings/9ZHP/rnafm_t12_residue_embeddings.pt
9ZHR	0	A	A	1	417	797c801250f75755a6125f914f0833bc757e8d95ebdcecd7448808f3a198eba9	0	0	full_sequence	1	0	/storage9920/home/tinghao.xia/Data_FM/RNA_FM_embeddings/9ZHR/rnafm_t12_residue_embeddings.pt
9ZHS	0	A	A	1	417	797c801250f75755a6125f914f0833bc757e8d95ebdcecd7448808f3a198eba9	0	0	full_sequence	1	0	/storage9920/home/tinghao.xia/Data_FM/RNA_FM_embeddings/9ZHS/rnafm_t12_residue_embeddings.pt
9ZHT	0	A	A	1	417	797c801250f75755a6125f914f0833bc757e8d95ebdcecd7448808f3a198eba9	0	0	full_sequence	1	0	/storage9920/home/tinghao.xia/Data_FM/RNA_FM_embeddings/9ZHT/rnafm_t12_residue_embeddings.pt
9ZHU	0	A	A	1	417	797c801250f75755a6125f914f0833bc757e8d95ebdcecd7448808f3a198eba9	0	0	full_sequence	1	0	/storage9920/home/tinghao.xia/Data_FM/RNA_FM_embeddings/9ZHU/rnafm_t12_residue_embeddings.pt
9ZHV	0	A	A	1	417	426faa79f76f3831a12197d1f537f3610be8b5813983811c72a7bcf8bd0e893a	0	0	full_sequence	1	0	/storage9920/home/tinghao.xia/Data_FM/RNA_FM_embeddings/9ZHV/rnafm_t12_residue_embeddings.pt
9ZHW	0	A	A	1	417	426faa79f76f3831a12197d1f537f3610be8b5813983811c72a7bcf8bd0e893a	0	0	full_sequence	1	0	/storage9920/home/tinghao.xia/Data_FM/RNA_FM_embeddings/9ZHW/rnafm_t12_residue_embeddings.pt
9ZHX	0	A	A	1	417	797c801250f75755a6125f914f0833bc757e8d95ebdcecd7448808f3a198eba9	0	0	full_sequence	1	0	/storage9920/home/tinghao.xia/Data_FM/RNA_FM_embeddings/9ZHX/rnafm_t12_residue_embeddings.pt
9ZHZ	0	A	A	1	417	797c801250f75755a6125f914f0833bc757e8d95ebdcecd7448808f3a198eba9	0	0	full_sequence	1	0	/storage9920/home/tinghao.xia/Data_FM/RNA_FM_embeddings/9ZHZ/rnafm_t12_residue_embeddings.pt
9ZI0	0	A	A	1	417	797c801250f75755a6125f914f0833bc757e8d95ebdcecd7448808f3a198eba9	0	0	full_sequence	1	0	/storage9920/home/tinghao.xia/Data_FM/RNA_FM_embeddings/9ZI0/rnafm_t12_residue_embeddings.pt
9ZI2	0	A	A	1	417	426faa79f76f3831a12197d1f537f3610be8b5813983811c72a7bcf8bd0e893a	0	0	full_sequence	1	0	/storage9920/home/tinghao.xia/Data_FM/RNA_FM_embeddings/9ZI2/rnafm_t12_residue_embeddings.pt
9ZI3	0	A	A	1	417	426faa79f76f3831a12197d1f537f3610be8b5813983811c72a7bcf8bd0e893a	0	0	full_sequence	1	0	/storage9920/home/tinghao.xia/Data_FM/RNA_FM_embeddings/9ZI3/rnafm_t12_residue_embeddings.pt
9ZI4	0	A	A	1	417	426faa79f76f3831a12197d1f537f3610be8b5813983811c72a7bcf8bd0e893a	0	0	full_sequence	1	0	/storage9920/home/tinghao.xia/Data_FM/RNA_FM_embeddings/9ZI4/rnafm_t12_residue_embeddings.pt
9ZI5	0	A	A	1	417	797c801250f75755a6125f914f0833bc757e8d95ebdcecd7448808f3a198eba9	0	0	full_sequence	1	0	/storage9920/home/tinghao.xia/Data_FM/RNA_FM_embeddings/9ZI5/rnafm_t12_residue_embeddings.pt
9ZI6	0	A	A	1	417	797c801250f75755a6125f914f0833bc757e8d95ebdcecd7448808f3a198eba9	0	0	full_sequence	1	0	/storage9920/home/tinghao.xia/Data_FM/RNA_FM_embeddings/9ZI6/rnafm_t12_residue_embeddings.pt
9ZI7	0	A	A	1	417	426faa79f76f3831a12197d1f537f3610be8b5813983811c72a7bcf8bd0e893a	0	0	full_sequence	1	0	/storage9920/home/tinghao.xia/Data_FM/RNA_FM_embeddings/9ZI7/rnafm_t12_residue_embeddings.pt
