PDB_ID	STATUS	SPLIT	SPLIT_STATUS	CHAIN_COUNT	RESIDUE_COUNT	OUTPUT_PATH	METHODS	DETAIL
10ZT	GENERATED	test	KEEP_ALL_CHAINS	1	519	/storage9920/home/tinghao.xia/Data_FM/RNA_FM_embeddings/10ZT/rnafm_t12_residue_embeddings.pt	full_sequence	VALID
10ZU	GENERATED		DROP_NO_EVALUABLE_CHAINS	1	518	/storage9920/home/tinghao.xia/Data_FM/RNA_FM_embeddings/10ZU/rnafm_t12_residue_embeddings.pt	full_sequence	VALID
11AG	GENERATED		DROP_NO_EVALUABLE_CHAINS	2	1036	/storage9920/home/tinghao.xia/Data_FM/RNA_FM_embeddings/11AG/rnafm_t12_residue_embeddings.pt	full_sequence	VALID
11EH	GENERATED		DROP_NO_EVALUABLE_CHAINS	1	519	/storage9920/home/tinghao.xia/Data_FM/RNA_FM_embeddings/11EH/rnafm_t12_residue_embeddings.pt	full_sequence	VALID
12CI	GENERATED	test	KEEP_ALL_CHAINS	2	164	/storage9920/home/tinghao.xia/Data_FM/RNA_FM_embeddings/12CI/rnafm_t12_residue_embeddings.pt	full_sequence	VALID
12CJ	GENERATED	test	KEEP_ALL_CHAINS	2	154	/storage9920/home/tinghao.xia/Data_FM/RNA_FM_embeddings/12CJ/rnafm_t12_residue_embeddings.pt	full_sequence	VALID
157D	GENERATED	train	KEPT	2	24	/storage9920/home/tinghao.xia/Data_FM/RNA_FM_embeddings/157D/rnafm_t12_residue_embeddings.pt	full_sequence	VALID
165D	GENERATED	train	KEPT	2	18	/storage9920/home/tinghao.xia/Data_FM/RNA_FM_embeddings/165D/rnafm_t12_residue_embeddings.pt	full_sequence	VALID
17RA	GENERATED	train	KEPT	1	21	/storage9920/home/tinghao.xia/Data_FM/RNA_FM_embeddings/17RA/rnafm_t12_residue_embeddings.pt	full_sequence	VALID
1A3M	GENERATED	train	KEPT	2	27	/storage9920/home/tinghao.xia/Data_FM/RNA_FM_embeddings/1A3M/rnafm_t12_residue_embeddings.pt	full_sequence	VALID
1A4D	GENERATED	train	KEPT	2	41	/storage9920/home/tinghao.xia/Data_FM/RNA_FM_embeddings/1A4D/rnafm_t12_residue_embeddings.pt	full_sequence	VALID
1A51	GENERATED	train	KEPT	1	41	/storage9920/home/tinghao.xia/Data_FM/RNA_FM_embeddings/1A51/rnafm_t12_residue_embeddings.pt	full_sequence	VALID
1A60	GENERATED	train	KEPT	1	44	/storage9920/home/tinghao.xia/Data_FM/RNA_FM_embeddings/1A60/rnafm_t12_residue_embeddings.pt	full_sequence	VALID
1A9L	GENERATED	train	KEPT	1	38	/storage9920/home/tinghao.xia/Data_FM/RNA_FM_embeddings/1A9L/rnafm_t12_residue_embeddings.pt	full_sequence	VALID
1AFX	GENERATED	train	KEPT	1	12	/storage9920/home/tinghao.xia/Data_FM/RNA_FM_embeddings/1AFX/rnafm_t12_residue_embeddings.pt	full_sequence	VALID
1AJF	GENERATED	train	KEPT	1	18	/storage9920/home/tinghao.xia/Data_FM/RNA_FM_embeddings/1AJF/rnafm_t12_residue_embeddings.pt	full_sequence	VALID
1AJL	GENERATED	train	KEPT	2	19	/storage9920/home/tinghao.xia/Data_FM/RNA_FM_embeddings/1AJL/rnafm_t12_residue_embeddings.pt	full_sequence	VALID
1AJT	GENERATED	train	KEPT	2	19	/storage9920/home/tinghao.xia/Data_FM/RNA_FM_embeddings/1AJT/rnafm_t12_residue_embeddings.pt	full_sequence	VALID
1AJU	GENERATED	train	KEPT	1	30	/storage9920/home/tinghao.xia/Data_FM/RNA_FM_embeddings/1AJU/rnafm_t12_residue_embeddings.pt	full_sequence	VALID
1AKX	GENERATED	train	KEPT	1	30	/storage9920/home/tinghao.xia/Data_FM/RNA_FM_embeddings/1AKX/rnafm_t12_residue_embeddings.pt	full_sequence	VALID
1AL5	GENERATED	train	KEPT	2	24	/storage9920/home/tinghao.xia/Data_FM/RNA_FM_embeddings/1AL5/rnafm_t12_residue_embeddings.pt	full_sequence	VALID
1AM0	GENERATED	train	KEPT	1	40	/storage9920/home/tinghao.xia/Data_FM/RNA_FM_embeddings/1AM0/rnafm_t12_residue_embeddings.pt	full_sequence	VALID
1ANR	GENERATED	train	KEPT	1	29	/storage9920/home/tinghao.xia/Data_FM/RNA_FM_embeddings/1ANR/rnafm_t12_residue_embeddings.pt	full_sequence	VALID
1AQO	GENERATED	train	KEPT	1	29	/storage9920/home/tinghao.xia/Data_FM/RNA_FM_embeddings/1AQO/rnafm_t12_residue_embeddings.pt	full_sequence	VALID
1ARJ	GENERATED	train	KEPT	1	29	/storage9920/home/tinghao.xia/Data_FM/RNA_FM_embeddings/1ARJ/rnafm_t12_residue_embeddings.pt	full_sequence	VALID
1ATO	GENERATED	train	KEPT	1	19	/storage9920/home/tinghao.xia/Data_FM/RNA_FM_embeddings/1ATO/rnafm_t12_residue_embeddings.pt	full_sequence	VALID
1ATV	GENERATED	train	KEPT	1	17	/storage9920/home/tinghao.xia/Data_FM/RNA_FM_embeddings/1ATV/rnafm_t12_residue_embeddings.pt	full_sequence	VALID
1ATW	GENERATED	train	KEPT	1	15	/storage9920/home/tinghao.xia/Data_FM/RNA_FM_embeddings/1ATW/rnafm_t12_residue_embeddings.pt	full_sequence	VALID
1B36	GENERATED	train	KEPT	1	38	/storage9920/home/tinghao.xia/Data_FM/RNA_FM_embeddings/1B36/rnafm_t12_residue_embeddings.pt	full_sequence	VALID
1BAU	GENERATED	train	KEPT	2	46	/storage9920/home/tinghao.xia/Data_FM/RNA_FM_embeddings/1BAU/rnafm_t12_residue_embeddings.pt	full_sequence	VALID
1BGZ	GENERATED	train	KEPT	1	23	/storage9920/home/tinghao.xia/Data_FM/RNA_FM_embeddings/1BGZ/rnafm_t12_residue_embeddings.pt	full_sequence	VALID
1BJ2	GENERATED	train	KEPT	2	40	/storage9920/home/tinghao.xia/Data_FM/RNA_FM_embeddings/1BJ2/rnafm_t12_residue_embeddings.pt	full_sequence	VALID
1BN0	GENERATED	train	KEPT	1	20	/storage9920/home/tinghao.xia/Data_FM/RNA_FM_embeddings/1BN0/rnafm_t12_residue_embeddings.pt	full_sequence	VALID
1BVJ	GENERATED	train	KEPT	1	23	/storage9920/home/tinghao.xia/Data_FM/RNA_FM_embeddings/1BVJ/rnafm_t12_residue_embeddings.pt	full_sequence	VALID
1BYJ	GENERATED	train	KEPT	1	27	/storage9920/home/tinghao.xia/Data_FM/RNA_FM_embeddings/1BYJ/rnafm_t12_residue_embeddings.pt	full_sequence	VALID
1BZ2	GENERATED	train	KEPT	1	17	/storage9920/home/tinghao.xia/Data_FM/RNA_FM_embeddings/1BZ2/rnafm_t12_residue_embeddings.pt	full_sequence	VALID
1BZ3	GENERATED	train	KEPT	1	17	/storage9920/home/tinghao.xia/Data_FM/RNA_FM_embeddings/1BZ3/rnafm_t12_residue_embeddings.pt	full_sequence	VALID
1BZT	GENERATED	train	KEPT	1	17	/storage9920/home/tinghao.xia/Data_FM/RNA_FM_embeddings/1BZT/rnafm_t12_residue_embeddings.pt	full_sequence	VALID
1BZU	GENERATED	train	KEPT	1	17	/storage9920/home/tinghao.xia/Data_FM/RNA_FM_embeddings/1BZU/rnafm_t12_residue_embeddings.pt	full_sequence	VALID
1C0O	GENERATED	train	KEPT	1	14	/storage9920/home/tinghao.xia/Data_FM/RNA_FM_embeddings/1C0O/rnafm_t12_residue_embeddings.pt	full_sequence	VALID
1C2W	GENERATED	train	KEPT	1	2904	/storage9920/home/tinghao.xia/Data_FM/RNA_FM_embeddings/1C2W/rnafm_t12_residue_embeddings.pt	sliding_window_uniform_mean	VALID
1C2X	GENERATED	train	KEPT	1	120	/storage9920/home/tinghao.xia/Data_FM/RNA_FM_embeddings/1C2X/rnafm_t12_residue_embeddings.pt	full_sequence	VALID
1C4L	GENERATED	train	KEPT	2	18	/storage9920/home/tinghao.xia/Data_FM/RNA_FM_embeddings/1C4L/rnafm_t12_residue_embeddings.pt	full_sequence	VALID
1CQ5	GENERATED	train	KEPT	1	43	/storage9920/home/tinghao.xia/Data_FM/RNA_FM_embeddings/1CQ5/rnafm_t12_residue_embeddings.pt	full_sequence	VALID
1CQL	GENERATED	train	KEPT	1	43	/storage9920/home/tinghao.xia/Data_FM/RNA_FM_embeddings/1CQL/rnafm_t12_residue_embeddings.pt	full_sequence	VALID
1CSL	GENERATED	train	KEPT	2	28	/storage9920/home/tinghao.xia/Data_FM/RNA_FM_embeddings/1CSL/rnafm_t12_residue_embeddings.pt	full_sequence	VALID
1D0T	GENERATED	train	KEPT	1	21	/storage9920/home/tinghao.xia/Data_FM/RNA_FM_embeddings/1D0T/rnafm_t12_residue_embeddings.pt	full_sequence	VALID
1D0U	GENERATED	train	KEPT	1	21	/storage9920/home/tinghao.xia/Data_FM/RNA_FM_embeddings/1D0U/rnafm_t12_residue_embeddings.pt	full_sequence	VALID
1D4R	GENERATED	train	KEPT	3	87	/storage9920/home/tinghao.xia/Data_FM/RNA_FM_embeddings/1D4R/rnafm_t12_residue_embeddings.pt	full_sequence	VALID
1DDY	GENERATED	train	KEPT	4	140	/storage9920/home/tinghao.xia/Data_FM/RNA_FM_embeddings/1DDY/rnafm_t12_residue_embeddings.pt	full_sequence	VALID
1DQF	GENERATED	train	KEPT	2	19	/storage9920/home/tinghao.xia/Data_FM/RNA_FM_embeddings/1DQF/rnafm_t12_residue_embeddings.pt	full_sequence	VALID
1DQH	GENERATED	train	KEPT	2	19	/storage9920/home/tinghao.xia/Data_FM/RNA_FM_embeddings/1DQH/rnafm_t12_residue_embeddings.pt	full_sequence	VALID
1DUH	GENERATED	train	KEPT	1	45	/storage9920/home/tinghao.xia/Data_FM/RNA_FM_embeddings/1DUH/rnafm_t12_residue_embeddings.pt	full_sequence	VALID
1DUQ	GENERATED	train	KEPT	8	104	/storage9920/home/tinghao.xia/Data_FM/RNA_FM_embeddings/1DUQ/rnafm_t12_residue_embeddings.pt	full_sequence	VALID
1E4P	GENERATED	train	KEPT	1	24	/storage9920/home/tinghao.xia/Data_FM/RNA_FM_embeddings/1E4P/rnafm_t12_residue_embeddings.pt	full_sequence	VALID
1E95	GENERATED	train	KEPT	1	36	/storage9920/home/tinghao.xia/Data_FM/RNA_FM_embeddings/1E95/rnafm_t12_residue_embeddings.pt	full_sequence	VALID
1EBQ	GENERATED	train	KEPT	1	29	/storage9920/home/tinghao.xia/Data_FM/RNA_FM_embeddings/1EBQ/rnafm_t12_residue_embeddings.pt	full_sequence	VALID
1EBR	GENERATED	train	KEPT	1	30	/storage9920/home/tinghao.xia/Data_FM/RNA_FM_embeddings/1EBR/rnafm_t12_residue_embeddings.pt	full_sequence	VALID
1EBS	GENERATED	train	KEPT	1	29	/storage9920/home/tinghao.xia/Data_FM/RNA_FM_embeddings/1EBS/rnafm_t12_residue_embeddings.pt	full_sequence	VALID
1EHT	GENERATED	train	KEPT	1	33	/storage9920/home/tinghao.xia/Data_FM/RNA_FM_embeddings/1EHT/rnafm_t12_residue_embeddings.pt	full_sequence	VALID
1EHZ	GENERATED	train	KEPT	1	76	/storage9920/home/tinghao.xia/Data_FM/RNA_FM_embeddings/1EHZ/rnafm_t12_residue_embeddings.pt	full_sequence	VALID
1EI2	GENERATED	train	KEPT	1	25	/storage9920/home/tinghao.xia/Data_FM/RNA_FM_embeddings/1EI2/rnafm_t12_residue_embeddings.pt	full_sequence	VALID
1EKA	GENERATED	train	KEPT	2	16	/storage9920/home/tinghao.xia/Data_FM/RNA_FM_embeddings/1EKA/rnafm_t12_residue_embeddings.pt	full_sequence	VALID
1EKD	GENERATED	train	KEPT	2	16	/storage9920/home/tinghao.xia/Data_FM/RNA_FM_embeddings/1EKD/rnafm_t12_residue_embeddings.pt	full_sequence	VALID
1ELH	GENERATED	train	KEPT	2	25	/storage9920/home/tinghao.xia/Data_FM/RNA_FM_embeddings/1ELH/rnafm_t12_residue_embeddings.pt	full_sequence	VALID
1ESH	GENERATED	train	KEPT	1	13	/storage9920/home/tinghao.xia/Data_FM/RNA_FM_embeddings/1ESH/rnafm_t12_residue_embeddings.pt	full_sequence	VALID
1ESY	GENERATED	train	KEPT	1	19	/storage9920/home/tinghao.xia/Data_FM/RNA_FM_embeddings/1ESY/rnafm_t12_residue_embeddings.pt	full_sequence	VALID
1ET4	GENERATED	train	KEPT	5	175	/storage9920/home/tinghao.xia/Data_FM/RNA_FM_embeddings/1ET4/rnafm_t12_residue_embeddings.pt	full_sequence	VALID
1EVV	GENERATED	train	KEPT	1	76	/storage9920/home/tinghao.xia/Data_FM/RNA_FM_embeddings/1EVV/rnafm_t12_residue_embeddings.pt	full_sequence	VALID
1F1T	GENERATED	train	KEPT	1	38	/storage9920/home/tinghao.xia/Data_FM/RNA_FM_embeddings/1F1T/rnafm_t12_residue_embeddings.pt	full_sequence	VALID
1F27	GENERATED	train	KEPT	2	30	/storage9920/home/tinghao.xia/Data_FM/RNA_FM_embeddings/1F27/rnafm_t12_residue_embeddings.pt	full_sequence	VALID
1F5G	GENERATED	train	KEPT	2	20	/storage9920/home/tinghao.xia/Data_FM/RNA_FM_embeddings/1F5G/rnafm_t12_residue_embeddings.pt	full_sequence	VALID
1F5H	GENERATED	train	KEPT	2	20	/storage9920/home/tinghao.xia/Data_FM/RNA_FM_embeddings/1F5H/rnafm_t12_residue_embeddings.pt	full_sequence	VALID
1F5U	GENERATED	train	KEPT	2	36	/storage9920/home/tinghao.xia/Data_FM/RNA_FM_embeddings/1F5U/rnafm_t12_residue_embeddings.pt	full_sequence	VALID
1F6X	GENERATED	train	KEPT	1	27	/storage9920/home/tinghao.xia/Data_FM/RNA_FM_embeddings/1F6X/rnafm_t12_residue_embeddings.pt	full_sequence	VALID
1F6Z	GENERATED	train	KEPT	1	27	/storage9920/home/tinghao.xia/Data_FM/RNA_FM_embeddings/1F6Z/rnafm_t12_residue_embeddings.pt	full_sequence	VALID
1F78	GENERATED	train	KEPT	1	27	/storage9920/home/tinghao.xia/Data_FM/RNA_FM_embeddings/1F78/rnafm_t12_residue_embeddings.pt	full_sequence	VALID
1F79	GENERATED	train	KEPT	1	27	/storage9920/home/tinghao.xia/Data_FM/RNA_FM_embeddings/1F79/rnafm_t12_residue_embeddings.pt	full_sequence	VALID
1F7F	GENERATED	train	KEPT	1	27	/storage9920/home/tinghao.xia/Data_FM/RNA_FM_embeddings/1F7F/rnafm_t12_residue_embeddings.pt	full_sequence	VALID
1F7G	GENERATED	train	KEPT	1	27	/storage9920/home/tinghao.xia/Data_FM/RNA_FM_embeddings/1F7G/rnafm_t12_residue_embeddings.pt	full_sequence	VALID
1F7H	GENERATED	train	KEPT	1	27	/storage9920/home/tinghao.xia/Data_FM/RNA_FM_embeddings/1F7H/rnafm_t12_residue_embeddings.pt	full_sequence	VALID
1F7I	GENERATED	train	KEPT	1	27	/storage9920/home/tinghao.xia/Data_FM/RNA_FM_embeddings/1F7I/rnafm_t12_residue_embeddings.pt	full_sequence	VALID
1F84	GENERATED	train	KEPT	1	29	/storage9920/home/tinghao.xia/Data_FM/RNA_FM_embeddings/1F84/rnafm_t12_residue_embeddings.pt	full_sequence	VALID
1F85	GENERATED	train	KEPT	1	14	/storage9920/home/tinghao.xia/Data_FM/RNA_FM_embeddings/1F85/rnafm_t12_residue_embeddings.pt	full_sequence	VALID
1F9L	GENERATED	train	KEPT	1	22	/storage9920/home/tinghao.xia/Data_FM/RNA_FM_embeddings/1F9L/rnafm_t12_residue_embeddings.pt	full_sequence	VALID
1FCW	GENERATED	train	KEPT	5	380	/storage9920/home/tinghao.xia/Data_FM/RNA_FM_embeddings/1FCW/rnafm_t12_residue_embeddings.pt	full_sequence	VALID
1FEQ	GENERATED	train	KEPT	1	17	/storage9920/home/tinghao.xia/Data_FM/RNA_FM_embeddings/1FEQ/rnafm_t12_residue_embeddings.pt	full_sequence	VALID
1FG0	GENERATED	train	KEPT	2	636	/storage9920/home/tinghao.xia/Data_FM/RNA_FM_embeddings/1FG0/rnafm_t12_residue_embeddings.pt	full_sequence	VALID
1FHK	GENERATED	train	KEPT	1	14	/storage9920/home/tinghao.xia/Data_FM/RNA_FM_embeddings/1FHK/rnafm_t12_residue_embeddings.pt	full_sequence	VALID
1FIR	GENERATED	train	KEPT	1	76	/storage9920/home/tinghao.xia/Data_FM/RNA_FM_embeddings/1FIR/rnafm_t12_residue_embeddings.pt	full_sequence	VALID
1FL8	GENERATED	train	KEPT	1	17	/storage9920/home/tinghao.xia/Data_FM/RNA_FM_embeddings/1FL8/rnafm_t12_residue_embeddings.pt	full_sequence	VALID
1FMN	GENERATED	train	KEPT	1	35	/storage9920/home/tinghao.xia/Data_FM/RNA_FM_embeddings/1FMN/rnafm_t12_residue_embeddings.pt	full_sequence	VALID
1FOQ	GENERATED	train	KEPT	5	600	/storage9920/home/tinghao.xia/Data_FM/RNA_FM_embeddings/1FOQ/rnafm_t12_residue_embeddings.pt	full_sequence	VALID
1FQZ	GENERATED	train	KEPT	1	27	/storage9920/home/tinghao.xia/Data_FM/RNA_FM_embeddings/1FQZ/rnafm_t12_residue_embeddings.pt	full_sequence	VALID
1FUF	GENERATED	train	KEPT	2	28	/storage9920/home/tinghao.xia/Data_FM/RNA_FM_embeddings/1FUF/rnafm_t12_residue_embeddings.pt	full_sequence	VALID
1FYO	GENERATED	train	KEPT	1	27	/storage9920/home/tinghao.xia/Data_FM/RNA_FM_embeddings/1FYO/rnafm_t12_residue_embeddings.pt	full_sequence	VALID
1FYP	GENERATED	train	KEPT	1	27	/storage9920/home/tinghao.xia/Data_FM/RNA_FM_embeddings/1FYP/rnafm_t12_residue_embeddings.pt	full_sequence	VALID
1G2J	SKIPPED_VALID	train	KEPT	1	8	/storage9920/home/tinghao.xia/Data_FM/RNA_FM_embeddings/1G2J/rnafm_t12_residue_embeddings.pt	full_sequence	VALID
1G3A	GENERATED	train	KEPT	2	12	/storage9920/home/tinghao.xia/Data_FM/RNA_FM_embeddings/1G3A/rnafm_t12_residue_embeddings.pt	full_sequence	VALID
1GID	GENERATED	train	KEPT	2	316	/storage9920/home/tinghao.xia/Data_FM/RNA_FM_embeddings/1GID/rnafm_t12_residue_embeddings.pt	full_sequence	VALID
1GRZ	GENERATED	train	KEPT	2	494	/storage9920/home/tinghao.xia/Data_FM/RNA_FM_embeddings/1GRZ/rnafm_t12_residue_embeddings.pt	full_sequence	VALID
1GUC	GENERATED	train	KEPT	2	16	/storage9920/home/tinghao.xia/Data_FM/RNA_FM_embeddings/1GUC/rnafm_t12_residue_embeddings.pt	full_sequence	VALID
1H0Q	GENERATED	train	KEPT	2	18	/storage9920/home/tinghao.xia/Data_FM/RNA_FM_embeddings/1H0Q/rnafm_t12_residue_embeddings.pt	full_sequence	VALID
1H1K	GENERATED	train	KEPT	6	1906	/storage9920/home/tinghao.xia/Data_FM/RNA_FM_embeddings/1H1K/rnafm_t12_residue_embeddings.pt	full_sequence	VALID
1HLX	GENERATED	train	KEPT	1	20	/storage9920/home/tinghao.xia/Data_FM/RNA_FM_embeddings/1HLX/rnafm_t12_residue_embeddings.pt	full_sequence	VALID
1HR2	GENERATED	train	KEPT	2	316	/storage9920/home/tinghao.xia/Data_FM/RNA_FM_embeddings/1HR2/rnafm_t12_residue_embeddings.pt	full_sequence	VALID
1HS1	GENERATED	train	KEPT	1	13	/storage9920/home/tinghao.xia/Data_FM/RNA_FM_embeddings/1HS1/rnafm_t12_residue_embeddings.pt	full_sequence	VALID
1HS2	GENERATED	train	KEPT	1	13	/storage9920/home/tinghao.xia/Data_FM/RNA_FM_embeddings/1HS2/rnafm_t12_residue_embeddings.pt	full_sequence	VALID
1HS3	GENERATED	train	KEPT	1	13	/storage9920/home/tinghao.xia/Data_FM/RNA_FM_embeddings/1HS3/rnafm_t12_residue_embeddings.pt	full_sequence	VALID
1HS4	GENERATED	train	KEPT	1	13	/storage9920/home/tinghao.xia/Data_FM/RNA_FM_embeddings/1HS4/rnafm_t12_residue_embeddings.pt	full_sequence	VALID
1HS8	GENERATED	train	KEPT	1	13	/storage9920/home/tinghao.xia/Data_FM/RNA_FM_embeddings/1HS8/rnafm_t12_residue_embeddings.pt	full_sequence	VALID
1HWQ	GENERATED	train	KEPT	1	30	/storage9920/home/tinghao.xia/Data_FM/RNA_FM_embeddings/1HWQ/rnafm_t12_residue_embeddings.pt	full_sequence	VALID
1I3X	GENERATED	train	KEPT	1	19	/storage9920/home/tinghao.xia/Data_FM/RNA_FM_embeddings/1I3X/rnafm_t12_residue_embeddings.pt	full_sequence	VALID
1I3Y	GENERATED	train	KEPT	1	19	/storage9920/home/tinghao.xia/Data_FM/RNA_FM_embeddings/1I3Y/rnafm_t12_residue_embeddings.pt	full_sequence	VALID
1I46	GENERATED	train	KEPT	1	13	/storage9920/home/tinghao.xia/Data_FM/RNA_FM_embeddings/1I46/rnafm_t12_residue_embeddings.pt	full_sequence	VALID
1I4B	GENERATED	train	KEPT	1	13	/storage9920/home/tinghao.xia/Data_FM/RNA_FM_embeddings/1I4B/rnafm_t12_residue_embeddings.pt	full_sequence	VALID
1I4C	GENERATED	train	KEPT	1	13	/storage9920/home/tinghao.xia/Data_FM/RNA_FM_embeddings/1I4C/rnafm_t12_residue_embeddings.pt	full_sequence	VALID
1I7J	GENERATED	train	KEPT	2	12	/storage9920/home/tinghao.xia/Data_FM/RNA_FM_embeddings/1I7J/rnafm_t12_residue_embeddings.pt	full_sequence	VALID
1I9K	GENERATED	train	KEPT	4	24	/storage9920/home/tinghao.xia/Data_FM/RNA_FM_embeddings/1I9K/rnafm_t12_residue_embeddings.pt	full_sequence	VALID
1I9V	GENERATED	train	KEPT	1	76	/storage9920/home/tinghao.xia/Data_FM/RNA_FM_embeddings/1I9V/rnafm_t12_residue_embeddings.pt	full_sequence	VALID
1I9X	GENERATED	train	KEPT	2	26	/storage9920/home/tinghao.xia/Data_FM/RNA_FM_embeddings/1I9X/rnafm_t12_residue_embeddings.pt	full_sequence	VALID
1IDV	GENERATED	train	KEPT	1	10	/storage9920/home/tinghao.xia/Data_FM/RNA_FM_embeddings/1IDV/rnafm_t12_residue_embeddings.pt	full_sequence	VALID
1IE1	GENERATED	train	KEPT	1	22	/storage9920/home/tinghao.xia/Data_FM/RNA_FM_embeddings/1IE1/rnafm_t12_residue_embeddings.pt	full_sequence	VALID
1IE2	GENERATED	train	KEPT	1	22	/storage9920/home/tinghao.xia/Data_FM/RNA_FM_embeddings/1IE2/rnafm_t12_residue_embeddings.pt	full_sequence	VALID
1IK1	GENERATED	train	KEPT	1	14	/storage9920/home/tinghao.xia/Data_FM/RNA_FM_embeddings/1IK1/rnafm_t12_residue_embeddings.pt	full_sequence	VALID
1IK5	GENERATED	train	KEPT	2	28	/storage9920/home/tinghao.xia/Data_FM/RNA_FM_embeddings/1IK5/rnafm_t12_residue_embeddings.pt	full_sequence	VALID
1IKD	GENERATED	train	KEPT	1	22	/storage9920/home/tinghao.xia/Data_FM/RNA_FM_embeddings/1IKD/rnafm_t12_residue_embeddings.pt	full_sequence	VALID
1J4Y	GENERATED	train	KEPT	1	17	/storage9920/home/tinghao.xia/Data_FM/RNA_FM_embeddings/1J4Y/rnafm_t12_residue_embeddings.pt	full_sequence	VALID
1J6S	GENERATED	train	KEPT	4	24	/storage9920/home/tinghao.xia/Data_FM/RNA_FM_embeddings/1J6S/rnafm_t12_residue_embeddings.pt	full_sequence	VALID
1J7T	GENERATED	train	KEPT	2	44	/storage9920/home/tinghao.xia/Data_FM/RNA_FM_embeddings/1J7T/rnafm_t12_residue_embeddings.pt	full_sequence	VALID
1J8G	GENERATED	train	KEPT	4	24	/storage9920/home/tinghao.xia/Data_FM/RNA_FM_embeddings/1J8G/rnafm_t12_residue_embeddings.pt	full_sequence	VALID
1J9H	GENERATED	train	KEPT	4	36	/storage9920/home/tinghao.xia/Data_FM/RNA_FM_embeddings/1J9H/rnafm_t12_residue_embeddings.pt	full_sequence	VALID
1JO7	GENERATED	train	KEPT	1	31	/storage9920/home/tinghao.xia/Data_FM/RNA_FM_embeddings/1JO7/rnafm_t12_residue_embeddings.pt	full_sequence	VALID
1JOX	GENERATED	train	KEPT	1	21	/storage9920/home/tinghao.xia/Data_FM/RNA_FM_embeddings/1JOX/rnafm_t12_residue_embeddings.pt	full_sequence	VALID
1JP0	GENERATED	train	KEPT	1	21	/storage9920/home/tinghao.xia/Data_FM/RNA_FM_embeddings/1JP0/rnafm_t12_residue_embeddings.pt	full_sequence	VALID
1JTJ	GENERATED	train	KEPT	1	23	/storage9920/home/tinghao.xia/Data_FM/RNA_FM_embeddings/1JTJ/rnafm_t12_residue_embeddings.pt	full_sequence	VALID
1JTW	GENERATED	train	KEPT	1	16	/storage9920/home/tinghao.xia/Data_FM/RNA_FM_embeddings/1JTW/rnafm_t12_residue_embeddings.pt	full_sequence	VALID
1JU1	GENERATED	train	KEPT	2	46	/storage9920/home/tinghao.xia/Data_FM/RNA_FM_embeddings/1JU1/rnafm_t12_residue_embeddings.pt	full_sequence	VALID
1JU7	GENERATED	train	KEPT	1	28	/storage9920/home/tinghao.xia/Data_FM/RNA_FM_embeddings/1JU7/rnafm_t12_residue_embeddings.pt	full_sequence	VALID
1JUR	GENERATED	train	KEPT	1	22	/storage9920/home/tinghao.xia/Data_FM/RNA_FM_embeddings/1JUR/rnafm_t12_residue_embeddings.pt	full_sequence	VALID
1JWC	GENERATED	train	KEPT	1	28	/storage9920/home/tinghao.xia/Data_FM/RNA_FM_embeddings/1JWC/rnafm_t12_residue_embeddings.pt	full_sequence	VALID
1JZC	GENERATED	train	KEPT	1	13	/storage9920/home/tinghao.xia/Data_FM/RNA_FM_embeddings/1JZC/rnafm_t12_residue_embeddings.pt	full_sequence	VALID
1JZV	GENERATED	train	KEPT	4	34	/storage9920/home/tinghao.xia/Data_FM/RNA_FM_embeddings/1JZV/rnafm_t12_residue_embeddings.pt	full_sequence	VALID
1K2G	GENERATED	train	KEPT	1	22	/storage9920/home/tinghao.xia/Data_FM/RNA_FM_embeddings/1K2G/rnafm_t12_residue_embeddings.pt	full_sequence	VALID
1K4A	GENERATED	train	KEPT	1	14	/storage9920/home/tinghao.xia/Data_FM/RNA_FM_embeddings/1K4A/rnafm_t12_residue_embeddings.pt	full_sequence	VALID
1K4B	GENERATED	train	KEPT	1	14	/storage9920/home/tinghao.xia/Data_FM/RNA_FM_embeddings/1K4B/rnafm_t12_residue_embeddings.pt	full_sequence	VALID
1K5I	GENERATED	train	KEPT	1	23	/storage9920/home/tinghao.xia/Data_FM/RNA_FM_embeddings/1K5I/rnafm_t12_residue_embeddings.pt	full_sequence	VALID
1K6G	GENERATED	train	KEPT	1	22	/storage9920/home/tinghao.xia/Data_FM/RNA_FM_embeddings/1K6G/rnafm_t12_residue_embeddings.pt	full_sequence	VALID
1K6H	GENERATED	train	KEPT	1	22	/storage9920/home/tinghao.xia/Data_FM/RNA_FM_embeddings/1K6H/rnafm_t12_residue_embeddings.pt	full_sequence	VALID
1K8S	GENERATED	train	KEPT	2	25	/storage9920/home/tinghao.xia/Data_FM/RNA_FM_embeddings/1K8S/rnafm_t12_residue_embeddings.pt	full_sequence	VALID
1K9W	GENERATED	train	KEPT	4	92	/storage9920/home/tinghao.xia/Data_FM/RNA_FM_embeddings/1K9W/rnafm_t12_residue_embeddings.pt	full_sequence	VALID
1KAJ	GENERATED	train	KEPT	1	32	/storage9920/home/tinghao.xia/Data_FM/RNA_FM_embeddings/1KAJ/rnafm_t12_residue_embeddings.pt	full_sequence	VALID
1KD3	GENERATED	train	KEPT	2	22	/storage9920/home/tinghao.xia/Data_FM/RNA_FM_embeddings/1KD3/rnafm_t12_residue_embeddings.pt	full_sequence	VALID
1KD4	GENERATED	train	KEPT	2	22	/storage9920/home/tinghao.xia/Data_FM/RNA_FM_embeddings/1KD4/rnafm_t12_residue_embeddings.pt	full_sequence	VALID
1KD5	GENERATED	train	KEPT	2	22	/storage9920/home/tinghao.xia/Data_FM/RNA_FM_embeddings/1KD5/rnafm_t12_residue_embeddings.pt	full_sequence	VALID
1KFO	GENERATED	train	KEPT	1	19	/storage9920/home/tinghao.xia/Data_FM/RNA_FM_embeddings/1KFO/rnafm_t12_residue_embeddings.pt	full_sequence	VALID
1KH6	GENERATED	train	KEPT	1	53	/storage9920/home/tinghao.xia/Data_FM/RNA_FM_embeddings/1KH6/rnafm_t12_residue_embeddings.pt	full_sequence	VALID
1KIS	GENERATED	train	KEPT	2	32	/storage9920/home/tinghao.xia/Data_FM/RNA_FM_embeddings/1KIS/rnafm_t12_residue_embeddings.pt	full_sequence	VALID
1KKA	GENERATED	train	KEPT	1	17	/storage9920/home/tinghao.xia/Data_FM/RNA_FM_embeddings/1KKA/rnafm_t12_residue_embeddings.pt	full_sequence	VALID
1KKS	GENERATED	train	KEPT	1	24	/storage9920/home/tinghao.xia/Data_FM/RNA_FM_embeddings/1KKS/rnafm_t12_residue_embeddings.pt	full_sequence	VALID
1KOC	GENERATED	train	KEPT	2	25	/storage9920/home/tinghao.xia/Data_FM/RNA_FM_embeddings/1KOC/rnafm_t12_residue_embeddings.pt	full_sequence	VALID
1KOD	GENERATED	train	KEPT	2	25	/storage9920/home/tinghao.xia/Data_FM/RNA_FM_embeddings/1KOD/rnafm_t12_residue_embeddings.pt	full_sequence	VALID
1KOS	GENERATED	train	KEPT	1	17	/storage9920/home/tinghao.xia/Data_FM/RNA_FM_embeddings/1KOS/rnafm_t12_residue_embeddings.pt	full_sequence	VALID
1KP7	GENERATED	train	KEPT	1	30	/storage9920/home/tinghao.xia/Data_FM/RNA_FM_embeddings/1KP7/rnafm_t12_residue_embeddings.pt	full_sequence	VALID
1KPD	GENERATED	train	KEPT	1	32	/storage9920/home/tinghao.xia/Data_FM/RNA_FM_embeddings/1KPD/rnafm_t12_residue_embeddings.pt	full_sequence	VALID
1KPY	GENERATED	train	KEPT	1	33	/storage9920/home/tinghao.xia/Data_FM/RNA_FM_embeddings/1KPY/rnafm_t12_residue_embeddings.pt	full_sequence	VALID
1KPZ	GENERATED	train	KEPT	1	33	/storage9920/home/tinghao.xia/Data_FM/RNA_FM_embeddings/1KPZ/rnafm_t12_residue_embeddings.pt	full_sequence	VALID
1KXK	GENERATED	train	KEPT	1	70	/storage9920/home/tinghao.xia/Data_FM/RNA_FM_embeddings/1KXK/rnafm_t12_residue_embeddings.pt	full_sequence	VALID
1L1W	GENERATED	train	KEPT	1	29	/storage9920/home/tinghao.xia/Data_FM/RNA_FM_embeddings/1L1W/rnafm_t12_residue_embeddings.pt	full_sequence	VALID
1L2X	GENERATED	train	KEPT	1	28	/storage9920/home/tinghao.xia/Data_FM/RNA_FM_embeddings/1L2X/rnafm_t12_residue_embeddings.pt	full_sequence	VALID
1L3D	GENERATED	train	KEPT	1	28	/storage9920/home/tinghao.xia/Data_FM/RNA_FM_embeddings/1L3D/rnafm_t12_residue_embeddings.pt	full_sequence	VALID
1L3Z	GENERATED	train	KEPT	2	14	/storage9920/home/tinghao.xia/Data_FM/RNA_FM_embeddings/1L3Z/rnafm_t12_residue_embeddings.pt	full_sequence	VALID
1L8V	GENERATED	train	KEPT	2	314	/storage9920/home/tinghao.xia/Data_FM/RNA_FM_embeddings/1L8V/rnafm_t12_residue_embeddings.pt	full_sequence	VALID
1LC4	GENERATED	train	KEPT	2	46	/storage9920/home/tinghao.xia/Data_FM/RNA_FM_embeddings/1LC4/rnafm_t12_residue_embeddings.pt	full_sequence	VALID
1LC6	GENERATED	train	KEPT	1	24	/storage9920/home/tinghao.xia/Data_FM/RNA_FM_embeddings/1LC6/rnafm_t12_residue_embeddings.pt	full_sequence	VALID
1LDZ	GENERATED	train	KEPT	1	30	/storage9920/home/tinghao.xia/Data_FM/RNA_FM_embeddings/1LDZ/rnafm_t12_residue_embeddings.pt	full_sequence	VALID
1LMV	GENERATED	train	KEPT	2	19	/storage9920/home/tinghao.xia/Data_FM/RNA_FM_embeddings/1LMV/rnafm_t12_residue_embeddings.pt	full_sequence	VALID
1LNT	GENERATED	train	KEPT	2	24	/storage9920/home/tinghao.xia/Data_FM/RNA_FM_embeddings/1LNT/rnafm_t12_residue_embeddings.pt	full_sequence	VALID
1LPW	GENERATED	train	KEPT	2	19	/storage9920/home/tinghao.xia/Data_FM/RNA_FM_embeddings/1LPW/rnafm_t12_residue_embeddings.pt	full_sequence	VALID
1LU3	GENERATED	train	KEPT	1	17	/storage9920/home/tinghao.xia/Data_FM/RNA_FM_embeddings/1LU3/rnafm_t12_residue_embeddings.pt	full_sequence	VALID
1LUU	GENERATED	train	KEPT	1	17	/storage9920/home/tinghao.xia/Data_FM/RNA_FM_embeddings/1LUU/rnafm_t12_residue_embeddings.pt	full_sequence	VALID
1LUX	GENERATED	train	KEPT	1	17	/storage9920/home/tinghao.xia/Data_FM/RNA_FM_embeddings/1LUX/rnafm_t12_residue_embeddings.pt	full_sequence	VALID
1LVJ	GENERATED	train	KEPT	1	31	/storage9920/home/tinghao.xia/Data_FM/RNA_FM_embeddings/1LVJ/rnafm_t12_residue_embeddings.pt	full_sequence	VALID
1M5L	GENERATED	train	KEPT	1	38	/storage9920/home/tinghao.xia/Data_FM/RNA_FM_embeddings/1M5L/rnafm_t12_residue_embeddings.pt	full_sequence	VALID
1M82	GENERATED	train	KEPT	1	25	/storage9920/home/tinghao.xia/Data_FM/RNA_FM_embeddings/1M82/rnafm_t12_residue_embeddings.pt	full_sequence	VALID
1MDG	GENERATED	train	KEPT	1	6	/storage9920/home/tinghao.xia/Data_FM/RNA_FM_embeddings/1MDG/rnafm_t12_residue_embeddings.pt	full_sequence	VALID
1ME1	GENERATED	train	KEPT	1	12	/storage9920/home/tinghao.xia/Data_FM/RNA_FM_embeddings/1ME1/rnafm_t12_residue_embeddings.pt	full_sequence	VALID
1MFJ	GENERATED	train	KEPT	1	20	/storage9920/home/tinghao.xia/Data_FM/RNA_FM_embeddings/1MFJ/rnafm_t12_residue_embeddings.pt	full_sequence	VALID
1MFK	GENERATED	train	KEPT	1	23	/storage9920/home/tinghao.xia/Data_FM/RNA_FM_embeddings/1MFK/rnafm_t12_residue_embeddings.pt	full_sequence	VALID
1MFY	GENERATED	train	KEPT	1	31	/storage9920/home/tinghao.xia/Data_FM/RNA_FM_embeddings/1MFY/rnafm_t12_residue_embeddings.pt	full_sequence	VALID
1MHK	GENERATED	train	KEPT	2	26	/storage9920/home/tinghao.xia/Data_FM/RNA_FM_embeddings/1MHK/rnafm_t12_residue_embeddings.pt	full_sequence	VALID
1MIS	GENERATED	train	KEPT	2	16	/storage9920/home/tinghao.xia/Data_FM/RNA_FM_embeddings/1MIS/rnafm_t12_residue_embeddings.pt	full_sequence	VALID
1MME	GENERATED	train	KEPT	4	82	/storage9920/home/tinghao.xia/Data_FM/RNA_FM_embeddings/1MME/rnafm_t12_residue_embeddings.pt	full_sequence	VALID
1MNX	GENERATED	train	KEPT	1	42	/storage9920/home/tinghao.xia/Data_FM/RNA_FM_embeddings/1MNX/rnafm_t12_residue_embeddings.pt	full_sequence	VALID
1MSY	GENERATED	train	KEPT	1	27	/storage9920/home/tinghao.xia/Data_FM/RNA_FM_embeddings/1MSY/rnafm_t12_residue_embeddings.pt	full_sequence	VALID
1MT4	GENERATED	train	KEPT	1	24	/storage9920/home/tinghao.xia/Data_FM/RNA_FM_embeddings/1MT4/rnafm_t12_residue_embeddings.pt	full_sequence	VALID
1MUV	GENERATED	train	KEPT	2	18	/storage9920/home/tinghao.xia/Data_FM/RNA_FM_embeddings/1MUV/rnafm_t12_residue_embeddings.pt	full_sequence	VALID
1MV1	GENERATED	train	KEPT	2	18	/storage9920/home/tinghao.xia/Data_FM/RNA_FM_embeddings/1MV1/rnafm_t12_residue_embeddings.pt	full_sequence	VALID
1MV2	GENERATED	train	KEPT	2	18	/storage9920/home/tinghao.xia/Data_FM/RNA_FM_embeddings/1MV2/rnafm_t12_residue_embeddings.pt	full_sequence	VALID
1MV6	GENERATED	train	KEPT	2	18	/storage9920/home/tinghao.xia/Data_FM/RNA_FM_embeddings/1MV6/rnafm_t12_residue_embeddings.pt	full_sequence	VALID
1MWG	GENERATED	train	KEPT	2	16	/storage9920/home/tinghao.xia/Data_FM/RNA_FM_embeddings/1MWG/rnafm_t12_residue_embeddings.pt	full_sequence	VALID
1MWL	GENERATED	train	KEPT	2	44	/storage9920/home/tinghao.xia/Data_FM/RNA_FM_embeddings/1MWL/rnafm_t12_residue_embeddings.pt	full_sequence	VALID
1MY9	GENERATED	train	KEPT	2	28	/storage9920/home/tinghao.xia/Data_FM/RNA_FM_embeddings/1MY9/rnafm_t12_residue_embeddings.pt	full_sequence	VALID
1N53	GENERATED	train	KEPT	2	25	/storage9920/home/tinghao.xia/Data_FM/RNA_FM_embeddings/1N53/rnafm_t12_residue_embeddings.pt	full_sequence	VALID
1N66	GENERATED	train	KEPT	1	22	/storage9920/home/tinghao.xia/Data_FM/RNA_FM_embeddings/1N66/rnafm_t12_residue_embeddings.pt	full_sequence	VALID
1N8X	GENERATED	train	KEPT	1	36	/storage9920/home/tinghao.xia/Data_FM/RNA_FM_embeddings/1N8X/rnafm_t12_residue_embeddings.pt	full_sequence	VALID
1NA2	GENERATED	train	KEPT	1	30	/storage9920/home/tinghao.xia/Data_FM/RNA_FM_embeddings/1NA2/rnafm_t12_residue_embeddings.pt	full_sequence	VALID
1NBK	GENERATED	train	KEPT	1	34	/storage9920/home/tinghao.xia/Data_FM/RNA_FM_embeddings/1NBK/rnafm_t12_residue_embeddings.pt	full_sequence	VALID
1NBR	GENERATED	train	KEPT	1	29	/storage9920/home/tinghao.xia/Data_FM/RNA_FM_embeddings/1NBR/rnafm_t12_residue_embeddings.pt	full_sequence	VALID
1NBS	GENERATED	train	KEPT	2	310	/storage9920/home/tinghao.xia/Data_FM/RNA_FM_embeddings/1NBS/rnafm_t12_residue_embeddings.pt	full_sequence	VALID
1NC0	GENERATED	train	KEPT	1	24	/storage9920/home/tinghao.xia/Data_FM/RNA_FM_embeddings/1NC0/rnafm_t12_residue_embeddings.pt	full_sequence	VALID
1NEM	GENERATED	train	KEPT	1	23	/storage9920/home/tinghao.xia/Data_FM/RNA_FM_embeddings/1NEM/rnafm_t12_residue_embeddings.pt	full_sequence	VALID
1NJN	GENERATED	train	KEPT	1	2880	/storage9920/home/tinghao.xia/Data_FM/RNA_FM_embeddings/1NJN/rnafm_t12_residue_embeddings.pt	sliding_window_uniform_mean	VALID
1NJO	GENERATED	train	KEPT	2	2884	/storage9920/home/tinghao.xia/Data_FM/RNA_FM_embeddings/1NJO/rnafm_t12_residue_embeddings.pt	full_sequence,sliding_window_uniform_mean	VALID
1NLC	GENERATED	train	KEPT	2	46	/storage9920/home/tinghao.xia/Data_FM/RNA_FM_embeddings/1NLC/rnafm_t12_residue_embeddings.pt	full_sequence	VALID
1NTA	GENERATED	train	KEPT	2	40	/storage9920/home/tinghao.xia/Data_FM/RNA_FM_embeddings/1NTA/rnafm_t12_residue_embeddings.pt	full_sequence	VALID
1NTB	GENERATED	train	KEPT	2	40	/storage9920/home/tinghao.xia/Data_FM/RNA_FM_embeddings/1NTB/rnafm_t12_residue_embeddings.pt	full_sequence	VALID
1NUJ	GENERATED	train	KEPT	8	96	/storage9920/home/tinghao.xia/Data_FM/RNA_FM_embeddings/1NUJ/rnafm_t12_residue_embeddings.pt	full_sequence	VALID
1NUV	GENERATED	train	KEPT	8	96	/storage9920/home/tinghao.xia/Data_FM/RNA_FM_embeddings/1NUV/rnafm_t12_residue_embeddings.pt	full_sequence	VALID
1NYI	GENERATED	train	KEPT	2	40	/storage9920/home/tinghao.xia/Data_FM/RNA_FM_embeddings/1NYI/rnafm_t12_residue_embeddings.pt	full_sequence	VALID
1NZ1	GENERATED	train	KEPT	1	24	/storage9920/home/tinghao.xia/Data_FM/RNA_FM_embeddings/1NZ1/rnafm_t12_residue_embeddings.pt	full_sequence	VALID
1O15	GENERATED	train	KEPT	1	33	/storage9920/home/tinghao.xia/Data_FM/RNA_FM_embeddings/1O15/rnafm_t12_residue_embeddings.pt	full_sequence	VALID
1O3Z	GENERATED	train	KEPT	2	46	/storage9920/home/tinghao.xia/Data_FM/RNA_FM_embeddings/1O3Z/rnafm_t12_residue_embeddings.pt	full_sequence	VALID
1O9M	GENERATED	train	KEPT	2	44	/storage9920/home/tinghao.xia/Data_FM/RNA_FM_embeddings/1O9M/rnafm_t12_residue_embeddings.pt	full_sequence	VALID
1OQ0	GENERATED	train	KEPT	1	15	/storage9920/home/tinghao.xia/Data_FM/RNA_FM_embeddings/1OQ0/rnafm_t12_residue_embeddings.pt	full_sequence	VALID
1OSU	GENERATED	train	KEPT	1	6	/storage9920/home/tinghao.xia/Data_FM/RNA_FM_embeddings/1OSU/rnafm_t12_residue_embeddings.pt	full_sequence	VALID
1OSW	GENERATED	train	KEPT	1	23	/storage9920/home/tinghao.xia/Data_FM/RNA_FM_embeddings/1OSW/rnafm_t12_residue_embeddings.pt	full_sequence	VALID
1OW9	GENERATED	train	KEPT	1	23	/storage9920/home/tinghao.xia/Data_FM/RNA_FM_embeddings/1OW9/rnafm_t12_residue_embeddings.pt	full_sequence	VALID
1P5M	GENERATED	train	KEPT	1	55	/storage9920/home/tinghao.xia/Data_FM/RNA_FM_embeddings/1P5M/rnafm_t12_residue_embeddings.pt	full_sequence	VALID
1P5N	GENERATED	train	KEPT	1	34	/storage9920/home/tinghao.xia/Data_FM/RNA_FM_embeddings/1P5N/rnafm_t12_residue_embeddings.pt	full_sequence	VALID
1P5O	GENERATED	train	KEPT	1	77	/storage9920/home/tinghao.xia/Data_FM/RNA_FM_embeddings/1P5O/rnafm_t12_residue_embeddings.pt	full_sequence	VALID
1P5P	GENERATED	train	KEPT	1	77	/storage9920/home/tinghao.xia/Data_FM/RNA_FM_embeddings/1P5P/rnafm_t12_residue_embeddings.pt	full_sequence	VALID
1P79	GENERATED	train	KEPT	1	6	/storage9920/home/tinghao.xia/Data_FM/RNA_FM_embeddings/1P79/rnafm_t12_residue_embeddings.pt	full_sequence	VALID
1P9X	GENERATED	train	KEPT	1	2880	/storage9920/home/tinghao.xia/Data_FM/RNA_FM_embeddings/1P9X/rnafm_t12_residue_embeddings.pt	sliding_window_uniform_mean	VALID
1PBL	GENERATED	train	KEPT	2	12	/storage9920/home/tinghao.xia/Data_FM/RNA_FM_embeddings/1PBL/rnafm_t12_residue_embeddings.pt	full_sequence	VALID
1PBM	GENERATED	train	KEPT	2	12	/storage9920/home/tinghao.xia/Data_FM/RNA_FM_embeddings/1PBM/rnafm_t12_residue_embeddings.pt	full_sequence	VALID
1PBR	GENERATED	train	KEPT	1	27	/storage9920/home/tinghao.xia/Data_FM/RNA_FM_embeddings/1PBR/rnafm_t12_residue_embeddings.pt	full_sequence	VALID
1PJY	GENERATED	train	KEPT	1	22	/storage9920/home/tinghao.xia/Data_FM/RNA_FM_embeddings/1PJY/rnafm_t12_residue_embeddings.pt	full_sequence	VALID
1Q29	GENERATED	train	KEPT	2	41	/storage9920/home/tinghao.xia/Data_FM/RNA_FM_embeddings/1Q29/rnafm_t12_residue_embeddings.pt	full_sequence	VALID
1Q75	GENERATED	train	KEPT	1	15	/storage9920/home/tinghao.xia/Data_FM/RNA_FM_embeddings/1Q75/rnafm_t12_residue_embeddings.pt	full_sequence	VALID
1Q8N	GENERATED	train	KEPT	1	38	/storage9920/home/tinghao.xia/Data_FM/RNA_FM_embeddings/1Q8N/rnafm_t12_residue_embeddings.pt	full_sequence	VALID
1Q93	GENERATED	train	KEPT	3	81	/storage9920/home/tinghao.xia/Data_FM/RNA_FM_embeddings/1Q93/rnafm_t12_residue_embeddings.pt	full_sequence	VALID
1Q96	GENERATED	train	KEPT	3	81	/storage9920/home/tinghao.xia/Data_FM/RNA_FM_embeddings/1Q96/rnafm_t12_residue_embeddings.pt	full_sequence	VALID
1Q9A	GENERATED	train	KEPT	1	27	/storage9920/home/tinghao.xia/Data_FM/RNA_FM_embeddings/1Q9A/rnafm_t12_residue_embeddings.pt	full_sequence	VALID
1QBP	GENERATED	train	KEPT	6	90	/storage9920/home/tinghao.xia/Data_FM/RNA_FM_embeddings/1QBP/rnafm_t12_residue_embeddings.pt	full_sequence	VALID
1QC0	GENERATED	train	KEPT	4	57	/storage9920/home/tinghao.xia/Data_FM/RNA_FM_embeddings/1QC0/rnafm_t12_residue_embeddings.pt	full_sequence	VALID
1QC8	GENERATED	train	KEPT	1	25	/storage9920/home/tinghao.xia/Data_FM/RNA_FM_embeddings/1QC8/rnafm_t12_residue_embeddings.pt	full_sequence	VALID
1QCU	GENERATED	train	KEPT	4	44	/storage9920/home/tinghao.xia/Data_FM/RNA_FM_embeddings/1QCU/rnafm_t12_residue_embeddings.pt	full_sequence	VALID
1QD3	GENERATED	train	KEPT	1	29	/storage9920/home/tinghao.xia/Data_FM/RNA_FM_embeddings/1QD3/rnafm_t12_residue_embeddings.pt	full_sequence	VALID
1QES	GENERATED	train	KEPT	2	16	/storage9920/home/tinghao.xia/Data_FM/RNA_FM_embeddings/1QES/rnafm_t12_residue_embeddings.pt	full_sequence	VALID
1QET	GENERATED	train	KEPT	2	16	/storage9920/home/tinghao.xia/Data_FM/RNA_FM_embeddings/1QET/rnafm_t12_residue_embeddings.pt	full_sequence	VALID
1QWA	GENERATED	train	KEPT	1	21	/storage9920/home/tinghao.xia/Data_FM/RNA_FM_embeddings/1QWA/rnafm_t12_residue_embeddings.pt	full_sequence	VALID
1QWB	GENERATED	train	KEPT	1	26	/storage9920/home/tinghao.xia/Data_FM/RNA_FM_embeddings/1QWB/rnafm_t12_residue_embeddings.pt	full_sequence	VALID
1QZA	GENERATED	train	KEPT	1	75	/storage9920/home/tinghao.xia/Data_FM/RNA_FM_embeddings/1QZA/rnafm_t12_residue_embeddings.pt	full_sequence	VALID
1QZB	GENERATED	train	KEPT	1	76	/storage9920/home/tinghao.xia/Data_FM/RNA_FM_embeddings/1QZB/rnafm_t12_residue_embeddings.pt	full_sequence	VALID
1R2P	GENERATED	train	KEPT	1	34	/storage9920/home/tinghao.xia/Data_FM/RNA_FM_embeddings/1R2P/rnafm_t12_residue_embeddings.pt	full_sequence	VALID
1R3O	GENERATED	train	KEPT	4	32	/storage9920/home/tinghao.xia/Data_FM/RNA_FM_embeddings/1R3O/rnafm_t12_residue_embeddings.pt	full_sequence	VALID
1R4H	GENERATED	train	KEPT	1	10	/storage9920/home/tinghao.xia/Data_FM/RNA_FM_embeddings/1R4H/rnafm_t12_residue_embeddings.pt	full_sequence	VALID
1R7W	GENERATED	train	KEPT	1	34	/storage9920/home/tinghao.xia/Data_FM/RNA_FM_embeddings/1R7W/rnafm_t12_residue_embeddings.pt	full_sequence	VALID
1R7Z	GENERATED	train	KEPT	1	34	/storage9920/home/tinghao.xia/Data_FM/RNA_FM_embeddings/1R7Z/rnafm_t12_residue_embeddings.pt	full_sequence	VALID
1RAU	GENERATED	train	KEPT	4	24	/storage9920/home/tinghao.xia/Data_FM/RNA_FM_embeddings/1RAU/rnafm_t12_residue_embeddings.pt	full_sequence	VALID
1RAW	GENERATED	train	KEPT	1	36	/storage9920/home/tinghao.xia/Data_FM/RNA_FM_embeddings/1RAW/rnafm_t12_residue_embeddings.pt	full_sequence	VALID
1RFR	GENERATED	train	KEPT	1	30	/storage9920/home/tinghao.xia/Data_FM/RNA_FM_embeddings/1RFR/rnafm_t12_residue_embeddings.pt	full_sequence	VALID
1RHT	GENERATED	train	KEPT	1	24	/storage9920/home/tinghao.xia/Data_FM/RNA_FM_embeddings/1RHT/rnafm_t12_residue_embeddings.pt	full_sequence	VALID
1RMN	GENERATED	train	KEPT	1	49	/storage9920/home/tinghao.xia/Data_FM/RNA_FM_embeddings/1RMN/rnafm_t12_residue_embeddings.pt	full_sequence	VALID
1RNA	GENERATED	train	KEPT	2	28	/storage9920/home/tinghao.xia/Data_FM/RNA_FM_embeddings/1RNA/rnafm_t12_residue_embeddings.pt	full_sequence	VALID
1RNG	GENERATED	train	KEPT	1	12	/storage9920/home/tinghao.xia/Data_FM/RNA_FM_embeddings/1RNG/rnafm_t12_residue_embeddings.pt	full_sequence	VALID
1RNK	GENERATED	train	KEPT	1	34	/storage9920/home/tinghao.xia/Data_FM/RNA_FM_embeddings/1RNK/rnafm_t12_residue_embeddings.pt	full_sequence	VALID
1ROQ	GENERATED	train	KEPT	1	14	/storage9920/home/tinghao.xia/Data_FM/RNA_FM_embeddings/1ROQ/rnafm_t12_residue_embeddings.pt	full_sequence	VALID
1RRR	GENERATED	train	KEPT	2	20	/storage9920/home/tinghao.xia/Data_FM/RNA_FM_embeddings/1RRR/rnafm_t12_residue_embeddings.pt	full_sequence	VALID
1RXA	GENERATED	train	KEPT	1	8	/storage9920/home/tinghao.xia/Data_FM/RNA_FM_embeddings/1RXA/rnafm_t12_residue_embeddings.pt	full_sequence	VALID
1RXB	GENERATED	train	KEPT	2	16	/storage9920/home/tinghao.xia/Data_FM/RNA_FM_embeddings/1RXB/rnafm_t12_residue_embeddings.pt	full_sequence	VALID
1S2F	GENERATED	train	KEPT	1	23	/storage9920/home/tinghao.xia/Data_FM/RNA_FM_embeddings/1S2F/rnafm_t12_residue_embeddings.pt	full_sequence	VALID
1S34	GENERATED	train	KEPT	1	23	/storage9920/home/tinghao.xia/Data_FM/RNA_FM_embeddings/1S34/rnafm_t12_residue_embeddings.pt	full_sequence	VALID
1S9L	GENERATED	train	KEPT	4	20	/storage9920/home/tinghao.xia/Data_FM/RNA_FM_embeddings/1S9L/rnafm_t12_residue_embeddings.pt	full_sequence	VALID
1S9S	GENERATED	train	KEPT	1	101	/storage9920/home/tinghao.xia/Data_FM/RNA_FM_embeddings/1S9S/rnafm_t12_residue_embeddings.pt	full_sequence	VALID
1SA9	GENERATED	train	KEPT	5	40	/storage9920/home/tinghao.xia/Data_FM/RNA_FM_embeddings/1SA9/rnafm_t12_residue_embeddings.pt	full_sequence	VALID
1SAQ	SKIPPED_VALID	train	KEPT	5	40	/storage9920/home/tinghao.xia/Data_FM/RNA_FM_embeddings/1SAQ/rnafm_t12_residue_embeddings.pt	full_sequence	VALID
1SCL	GENERATED	train	KEPT	1	29	/storage9920/home/tinghao.xia/Data_FM/RNA_FM_embeddings/1SCL/rnafm_t12_residue_embeddings.pt	full_sequence	VALID
1SDR	GENERATED	train	KEPT	4	48	/storage9920/home/tinghao.xia/Data_FM/RNA_FM_embeddings/1SDR/rnafm_t12_residue_embeddings.pt	full_sequence	VALID
1SLO	GENERATED	train	KEPT	1	19	/storage9920/home/tinghao.xia/Data_FM/RNA_FM_embeddings/1SLO/rnafm_t12_residue_embeddings.pt	full_sequence	VALID
1SLP	GENERATED	train	KEPT	1	19	/storage9920/home/tinghao.xia/Data_FM/RNA_FM_embeddings/1SLP/rnafm_t12_residue_embeddings.pt	full_sequence	VALID
1SY4	GENERATED	train	KEPT	1	24	/storage9920/home/tinghao.xia/Data_FM/RNA_FM_embeddings/1SY4/rnafm_t12_residue_embeddings.pt	full_sequence	VALID
1SYZ	GENERATED	train	KEPT	1	24	/storage9920/home/tinghao.xia/Data_FM/RNA_FM_embeddings/1SYZ/rnafm_t12_residue_embeddings.pt	full_sequence	VALID
1SZY	GENERATED	train	KEPT	1	21	/storage9920/home/tinghao.xia/Data_FM/RNA_FM_embeddings/1SZY/rnafm_t12_residue_embeddings.pt	full_sequence	VALID
1T0D	GENERATED	train	KEPT	4	66	/storage9920/home/tinghao.xia/Data_FM/RNA_FM_embeddings/1T0D/rnafm_t12_residue_embeddings.pt	full_sequence	VALID
1T0E	GENERATED	train	KEPT	2	35	/storage9920/home/tinghao.xia/Data_FM/RNA_FM_embeddings/1T0E/rnafm_t12_residue_embeddings.pt	full_sequence	VALID
1T1O	GENERATED	train	KEPT	3	73	/storage9920/home/tinghao.xia/Data_FM/RNA_FM_embeddings/1T1O/rnafm_t12_residue_embeddings.pt	full_sequence	VALID
1T28	GENERATED	train	KEPT	1	34	/storage9920/home/tinghao.xia/Data_FM/RNA_FM_embeddings/1T28/rnafm_t12_residue_embeddings.pt	full_sequence	VALID
1T4X	GENERATED	train	KEPT	2	12	/storage9920/home/tinghao.xia/Data_FM/RNA_FM_embeddings/1T4X/rnafm_t12_residue_embeddings.pt	full_sequence	VALID
1TBK	GENERATED	train	KEPT	1	17	/storage9920/home/tinghao.xia/Data_FM/RNA_FM_embeddings/1TBK/rnafm_t12_residue_embeddings.pt	full_sequence	VALID
1TFN	GENERATED	train	KEPT	1	24	/storage9920/home/tinghao.xia/Data_FM/RNA_FM_embeddings/1TFN/rnafm_t12_residue_embeddings.pt	full_sequence	VALID
1TJZ	GENERATED	train	KEPT	1	22	/storage9920/home/tinghao.xia/Data_FM/RNA_FM_embeddings/1TJZ/rnafm_t12_residue_embeddings.pt	full_sequence	VALID
1TLR	GENERATED	train	KEPT	1	23	/storage9920/home/tinghao.xia/Data_FM/RNA_FM_embeddings/1TLR/rnafm_t12_residue_embeddings.pt	full_sequence	VALID
1TN1	GENERATED	train	KEPT	1	76	/storage9920/home/tinghao.xia/Data_FM/RNA_FM_embeddings/1TN1/rnafm_t12_residue_embeddings.pt	full_sequence	VALID
1TN2	GENERATED	train	KEPT	1	76	/storage9920/home/tinghao.xia/Data_FM/RNA_FM_embeddings/1TN2/rnafm_t12_residue_embeddings.pt	full_sequence	VALID
1TOB	GENERATED	train	KEPT	1	27	/storage9920/home/tinghao.xia/Data_FM/RNA_FM_embeddings/1TOB/rnafm_t12_residue_embeddings.pt	full_sequence	VALID
1TRA	GENERATED	train	KEPT	1	76	/storage9920/home/tinghao.xia/Data_FM/RNA_FM_embeddings/1TRA/rnafm_t12_residue_embeddings.pt	full_sequence	VALID
1TUT	GENERATED	train	KEPT	2	22	/storage9920/home/tinghao.xia/Data_FM/RNA_FM_embeddings/1TUT/rnafm_t12_residue_embeddings.pt	full_sequence	VALID
1TXS	GENERATED	train	KEPT	1	38	/storage9920/home/tinghao.xia/Data_FM/RNA_FM_embeddings/1TXS/rnafm_t12_residue_embeddings.pt	full_sequence	VALID
1U2A	GENERATED	train	KEPT	1	20	/storage9920/home/tinghao.xia/Data_FM/RNA_FM_embeddings/1U2A/rnafm_t12_residue_embeddings.pt	full_sequence	VALID
1U3K	GENERATED	train	KEPT	1	38	/storage9920/home/tinghao.xia/Data_FM/RNA_FM_embeddings/1U3K/rnafm_t12_residue_embeddings.pt	full_sequence	VALID
1U9S	GENERATED	train	KEPT	1	161	/storage9920/home/tinghao.xia/Data_FM/RNA_FM_embeddings/1U9S/rnafm_t12_residue_embeddings.pt	full_sequence	VALID
1UTS	GENERATED	train	KEPT	1	29	/storage9920/home/tinghao.xia/Data_FM/RNA_FM_embeddings/1UTS/rnafm_t12_residue_embeddings.pt	full_sequence	VALID
1UUD	GENERATED	train	KEPT	1	29	/storage9920/home/tinghao.xia/Data_FM/RNA_FM_embeddings/1UUD/rnafm_t12_residue_embeddings.pt	full_sequence	VALID
1UUI	GENERATED	train	KEPT	1	29	/storage9920/home/tinghao.xia/Data_FM/RNA_FM_embeddings/1UUI/rnafm_t12_residue_embeddings.pt	full_sequence	VALID
1UUU	GENERATED	train	KEPT	1	19	/storage9920/home/tinghao.xia/Data_FM/RNA_FM_embeddings/1UUU/rnafm_t12_residue_embeddings.pt	full_sequence	VALID
1VOP	GENERATED	train	KEPT	1	13	/storage9920/home/tinghao.xia/Data_FM/RNA_FM_embeddings/1VOP/rnafm_t12_residue_embeddings.pt	full_sequence	VALID
1VTQ	GENERATED	train	KEPT	1	75	/storage9920/home/tinghao.xia/Data_FM/RNA_FM_embeddings/1VTQ/rnafm_t12_residue_embeddings.pt	full_sequence	VALID
1WKS	GENERATED	train	KEPT	1	17	/storage9920/home/tinghao.xia/Data_FM/RNA_FM_embeddings/1WKS/rnafm_t12_residue_embeddings.pt	full_sequence	VALID
1WTS	GENERATED	train	KEPT	1	14	/storage9920/home/tinghao.xia/Data_FM/RNA_FM_embeddings/1WTS/rnafm_t12_residue_embeddings.pt	full_sequence	VALID
1WTT	GENERATED	train	KEPT	1	14	/storage9920/home/tinghao.xia/Data_FM/RNA_FM_embeddings/1WTT/rnafm_t12_residue_embeddings.pt	full_sequence	VALID
1WVD	GENERATED	train	KEPT	2	46	/storage9920/home/tinghao.xia/Data_FM/RNA_FM_embeddings/1WVD/rnafm_t12_residue_embeddings.pt	full_sequence	VALID
1X8W	GENERATED	train	KEPT	4	988	/storage9920/home/tinghao.xia/Data_FM/RNA_FM_embeddings/1X8W/rnafm_t12_residue_embeddings.pt	full_sequence	VALID
1X9C	GENERATED	train	KEPT	4	61	/storage9920/home/tinghao.xia/Data_FM/RNA_FM_embeddings/1X9C/rnafm_t12_residue_embeddings.pt	full_sequence	VALID
1X9K	GENERATED	train	KEPT	4	62	/storage9920/home/tinghao.xia/Data_FM/RNA_FM_embeddings/1X9K/rnafm_t12_residue_embeddings.pt	full_sequence	VALID
1XHP	GENERATED	train	KEPT	1	32	/storage9920/home/tinghao.xia/Data_FM/RNA_FM_embeddings/1XHP/rnafm_t12_residue_embeddings.pt	full_sequence	VALID
1XJR	GENERATED	train	KEPT	1	47	/storage9920/home/tinghao.xia/Data_FM/RNA_FM_embeddings/1XJR/rnafm_t12_residue_embeddings.pt	full_sequence	VALID
1XP7	GENERATED	train	KEPT	2	46	/storage9920/home/tinghao.xia/Data_FM/RNA_FM_embeddings/1XP7/rnafm_t12_residue_embeddings.pt	full_sequence	VALID
1XPE	GENERATED	train	KEPT	2	46	/storage9920/home/tinghao.xia/Data_FM/RNA_FM_embeddings/1XPE/rnafm_t12_residue_embeddings.pt	full_sequence	VALID
1XPF	GENERATED	train	KEPT	2	46	/storage9920/home/tinghao.xia/Data_FM/RNA_FM_embeddings/1XPF/rnafm_t12_residue_embeddings.pt	full_sequence	VALID
1XSG	GENERATED	train	KEPT	1	27	/storage9920/home/tinghao.xia/Data_FM/RNA_FM_embeddings/1XSG/rnafm_t12_residue_embeddings.pt	full_sequence	VALID
1XSH	GENERATED	train	KEPT	1	27	/storage9920/home/tinghao.xia/Data_FM/RNA_FM_embeddings/1XSH/rnafm_t12_residue_embeddings.pt	full_sequence	VALID
1XST	GENERATED	train	KEPT	1	27	/storage9920/home/tinghao.xia/Data_FM/RNA_FM_embeddings/1XST/rnafm_t12_residue_embeddings.pt	full_sequence	VALID
1XSU	GENERATED	train	KEPT	1	27	/storage9920/home/tinghao.xia/Data_FM/RNA_FM_embeddings/1XSU/rnafm_t12_residue_embeddings.pt	full_sequence	VALID
1XV0	GENERATED	train	KEPT	2	20	/storage9920/home/tinghao.xia/Data_FM/RNA_FM_embeddings/1XV0/rnafm_t12_residue_embeddings.pt	full_sequence	VALID
1XV6	GENERATED	train	KEPT	1	12	/storage9920/home/tinghao.xia/Data_FM/RNA_FM_embeddings/1XV6/rnafm_t12_residue_embeddings.pt	full_sequence	VALID
1XWP	GENERATED	train	KEPT	1	15	/storage9920/home/tinghao.xia/Data_FM/RNA_FM_embeddings/1XWP/rnafm_t12_residue_embeddings.pt	full_sequence	VALID
1XWU	GENERATED	train	KEPT	1	16	/storage9920/home/tinghao.xia/Data_FM/RNA_FM_embeddings/1XWU/rnafm_t12_residue_embeddings.pt	full_sequence	VALID
1Y0Q	GENERATED	train	KEPT	2	233	/storage9920/home/tinghao.xia/Data_FM/RNA_FM_embeddings/1Y0Q/rnafm_t12_residue_embeddings.pt	full_sequence	VALID
1Y26	GENERATED	train	KEPT	1	71	/storage9920/home/tinghao.xia/Data_FM/RNA_FM_embeddings/1Y26/rnafm_t12_residue_embeddings.pt	full_sequence	VALID
1Y27	GENERATED	train	KEPT	1	68	/storage9920/home/tinghao.xia/Data_FM/RNA_FM_embeddings/1Y27/rnafm_t12_residue_embeddings.pt	full_sequence	VALID
1Y3O	GENERATED	train	KEPT	2	46	/storage9920/home/tinghao.xia/Data_FM/RNA_FM_embeddings/1Y3O/rnafm_t12_residue_embeddings.pt	full_sequence	VALID
1Y3S	GENERATED	train	KEPT	2	46	/storage9920/home/tinghao.xia/Data_FM/RNA_FM_embeddings/1Y3S/rnafm_t12_residue_embeddings.pt	full_sequence	VALID
1Y6S	GENERATED	train	KEPT	2	46	/storage9920/home/tinghao.xia/Data_FM/RNA_FM_embeddings/1Y6S/rnafm_t12_residue_embeddings.pt	full_sequence	VALID
1Y6T	GENERATED	train	KEPT	2	46	/storage9920/home/tinghao.xia/Data_FM/RNA_FM_embeddings/1Y6T/rnafm_t12_residue_embeddings.pt	full_sequence	VALID
1Y73	GENERATED	train	KEPT	2	46	/storage9920/home/tinghao.xia/Data_FM/RNA_FM_embeddings/1Y73/rnafm_t12_residue_embeddings.pt	full_sequence	VALID
1Y90	GENERATED	train	KEPT	2	46	/storage9920/home/tinghao.xia/Data_FM/RNA_FM_embeddings/1Y90/rnafm_t12_residue_embeddings.pt	full_sequence	VALID
1Y95	GENERATED	train	KEPT	2	46	/storage9920/home/tinghao.xia/Data_FM/RNA_FM_embeddings/1Y95/rnafm_t12_residue_embeddings.pt	full_sequence	VALID
1Y99	GENERATED	train	KEPT	2	46	/storage9920/home/tinghao.xia/Data_FM/RNA_FM_embeddings/1Y99/rnafm_t12_residue_embeddings.pt	full_sequence	VALID
1YFG	GENERATED	train	KEPT	1	75	/storage9920/home/tinghao.xia/Data_FM/RNA_FM_embeddings/1YFG/rnafm_t12_residue_embeddings.pt	full_sequence	VALID
1YFV	GENERATED	train	KEPT	2	16	/storage9920/home/tinghao.xia/Data_FM/RNA_FM_embeddings/1YFV/rnafm_t12_residue_embeddings.pt	full_sequence	VALID
1YG3	GENERATED	train	KEPT	1	28	/storage9920/home/tinghao.xia/Data_FM/RNA_FM_embeddings/1YG3/rnafm_t12_residue_embeddings.pt	full_sequence	VALID
1YG4	GENERATED	train	KEPT	1	28	/storage9920/home/tinghao.xia/Data_FM/RNA_FM_embeddings/1YG4/rnafm_t12_residue_embeddings.pt	full_sequence	VALID
1YKQ	GENERATED	train	KEPT	4	98	/storage9920/home/tinghao.xia/Data_FM/RNA_FM_embeddings/1YKQ/rnafm_t12_residue_embeddings.pt	full_sequence	VALID
1YKV	GENERATED	train	KEPT	4	98	/storage9920/home/tinghao.xia/Data_FM/RNA_FM_embeddings/1YKV/rnafm_t12_residue_embeddings.pt	full_sequence	VALID
1YLG	GENERATED	train	KEPT	1	31	/storage9920/home/tinghao.xia/Data_FM/RNA_FM_embeddings/1YLG/rnafm_t12_residue_embeddings.pt	full_sequence	VALID
1YLS	GENERATED	train	KEPT	4	98	/storage9920/home/tinghao.xia/Data_FM/RNA_FM_embeddings/1YLS/rnafm_t12_residue_embeddings.pt	full_sequence	VALID
1YMO	GENERATED	train	KEPT	1	47	/storage9920/home/tinghao.xia/Data_FM/RNA_FM_embeddings/1YMO/rnafm_t12_residue_embeddings.pt	full_sequence	VALID
1YN1	GENERATED	train	KEPT	1	17	/storage9920/home/tinghao.xia/Data_FM/RNA_FM_embeddings/1YN1/rnafm_t12_residue_embeddings.pt	full_sequence	VALID
1YN2	GENERATED	train	KEPT	1	17	/storage9920/home/tinghao.xia/Data_FM/RNA_FM_embeddings/1YN2/rnafm_t12_residue_embeddings.pt	full_sequence	VALID
1YNC	GENERATED	train	KEPT	1	31	/storage9920/home/tinghao.xia/Data_FM/RNA_FM_embeddings/1YNC/rnafm_t12_residue_embeddings.pt	full_sequence	VALID
1YNE	GENERATED	train	KEPT	1	31	/storage9920/home/tinghao.xia/Data_FM/RNA_FM_embeddings/1YNE/rnafm_t12_residue_embeddings.pt	full_sequence	VALID
1YNG	GENERATED	train	KEPT	1	31	/storage9920/home/tinghao.xia/Data_FM/RNA_FM_embeddings/1YNG/rnafm_t12_residue_embeddings.pt	full_sequence	VALID
1YRJ	GENERATED	train	KEPT	2	46	/storage9920/home/tinghao.xia/Data_FM/RNA_FM_embeddings/1YRJ/rnafm_t12_residue_embeddings.pt	full_sequence	VALID
1YSV	GENERATED	train	KEPT	1	27	/storage9920/home/tinghao.xia/Data_FM/RNA_FM_embeddings/1YSV/rnafm_t12_residue_embeddings.pt	full_sequence	VALID
1YXP	GENERATED	train	KEPT	2	46	/storage9920/home/tinghao.xia/Data_FM/RNA_FM_embeddings/1YXP/rnafm_t12_residue_embeddings.pt	full_sequence	VALID
1YY0	GENERATED	train	KEPT	3	48	/storage9920/home/tinghao.xia/Data_FM/RNA_FM_embeddings/1YY0/rnafm_t12_residue_embeddings.pt	full_sequence	VALID
1YZD	GENERATED	train	KEPT	3	48	/storage9920/home/tinghao.xia/Data_FM/RNA_FM_embeddings/1YZD/rnafm_t12_residue_embeddings.pt	full_sequence	VALID
1Z2J	GENERATED	train	KEPT	1	45	/storage9920/home/tinghao.xia/Data_FM/RNA_FM_embeddings/1Z2J/rnafm_t12_residue_embeddings.pt	full_sequence	VALID
1Z30	GENERATED	train	KEPT	1	18	/storage9920/home/tinghao.xia/Data_FM/RNA_FM_embeddings/1Z30/rnafm_t12_residue_embeddings.pt	full_sequence	VALID
1Z31	GENERATED	train	KEPT	1	32	/storage9920/home/tinghao.xia/Data_FM/RNA_FM_embeddings/1Z31/rnafm_t12_residue_embeddings.pt	full_sequence	VALID
1Z43	GENERATED	train	KEPT	1	101	/storage9920/home/tinghao.xia/Data_FM/RNA_FM_embeddings/1Z43/rnafm_t12_residue_embeddings.pt	full_sequence	VALID
1Z58	GENERATED	train	KEPT	1	2880	/storage9920/home/tinghao.xia/Data_FM/RNA_FM_embeddings/1Z58/rnafm_t12_residue_embeddings.pt	sliding_window_uniform_mean	VALID
1Z79	GENERATED	train	KEPT	3	48	/storage9920/home/tinghao.xia/Data_FM/RNA_FM_embeddings/1Z79/rnafm_t12_residue_embeddings.pt	full_sequence	VALID
1Z7F	GENERATED	train	KEPT	3	48	/storage9920/home/tinghao.xia/Data_FM/RNA_FM_embeddings/1Z7F/rnafm_t12_residue_embeddings.pt	full_sequence	VALID
1ZC5	GENERATED	train	KEPT	1	41	/storage9920/home/tinghao.xia/Data_FM/RNA_FM_embeddings/1ZC5/rnafm_t12_residue_embeddings.pt	full_sequence	VALID
1ZCI	GENERATED	train	KEPT	4	92	/storage9920/home/tinghao.xia/Data_FM/RNA_FM_embeddings/1ZCI/rnafm_t12_residue_embeddings.pt	full_sequence	VALID
1ZEV	GENERATED	train	KEPT	2	36	/storage9920/home/tinghao.xia/Data_FM/RNA_FM_embeddings/1ZEV/rnafm_t12_residue_embeddings.pt	full_sequence	VALID
1ZFT	GENERATED	train	KEPT	4	61	/storage9920/home/tinghao.xia/Data_FM/RNA_FM_embeddings/1ZFT/rnafm_t12_residue_embeddings.pt	full_sequence	VALID
1ZFV	GENERATED	train	KEPT	4	61	/storage9920/home/tinghao.xia/Data_FM/RNA_FM_embeddings/1ZFV/rnafm_t12_residue_embeddings.pt	full_sequence	VALID
1ZFX	GENERATED	train	KEPT	4	61	/storage9920/home/tinghao.xia/Data_FM/RNA_FM_embeddings/1ZFX/rnafm_t12_residue_embeddings.pt	full_sequence	VALID
1ZIF	GENERATED	train	KEPT	1	12	/storage9920/home/tinghao.xia/Data_FM/RNA_FM_embeddings/1ZIF/rnafm_t12_residue_embeddings.pt	full_sequence	VALID
1ZIG	GENERATED	train	KEPT	1	12	/storage9920/home/tinghao.xia/Data_FM/RNA_FM_embeddings/1ZIG/rnafm_t12_residue_embeddings.pt	full_sequence	VALID
1ZIH	GENERATED	train	KEPT	1	12	/storage9920/home/tinghao.xia/Data_FM/RNA_FM_embeddings/1ZIH/rnafm_t12_residue_embeddings.pt	full_sequence	VALID
1ZO3	GENERATED	train	KEPT	2	152	/storage9920/home/tinghao.xia/Data_FM/RNA_FM_embeddings/1ZO3/rnafm_t12_residue_embeddings.pt	full_sequence	VALID
1ZX7	GENERATED	train	KEPT	8	116	/storage9920/home/tinghao.xia/Data_FM/RNA_FM_embeddings/1ZX7/rnafm_t12_residue_embeddings.pt	full_sequence	VALID
1ZZ5	GENERATED	train	KEPT	4	58	/storage9920/home/tinghao.xia/Data_FM/RNA_FM_embeddings/1ZZ5/rnafm_t12_residue_embeddings.pt	full_sequence	VALID
205D	GENERATED	train	KEPT	2	24	/storage9920/home/tinghao.xia/Data_FM/RNA_FM_embeddings/205D/rnafm_t12_residue_embeddings.pt	full_sequence	VALID
21CC	GENERATED		DROP_NO_EVALUABLE_CHAINS	2	24	/storage9920/home/tinghao.xia/Data_FM/RNA_FM_embeddings/21CC/rnafm_t12_residue_embeddings.pt	full_sequence	VALID
21ET	SKIPPED_VALID		DROP_NO_EVALUABLE_CHAINS	6	78	/storage9920/home/tinghao.xia/Data_FM/RNA_FM_embeddings/21ET/rnafm_t12_residue_embeddings.pt	full_sequence	VALID
23JY	GENERATED	test	KEEP_ALL_CHAINS	2	44	/storage9920/home/tinghao.xia/Data_FM/RNA_FM_embeddings/23JY/rnafm_t12_residue_embeddings.pt	full_sequence	VALID
23JZ	GENERATED		DROP_NO_EVALUABLE_CHAINS	1	35	/storage9920/home/tinghao.xia/Data_FM/RNA_FM_embeddings/23JZ/rnafm_t12_residue_embeddings.pt	full_sequence	VALID
23KA	GENERATED	test	KEEP_ALL_CHAINS	3	105	/storage9920/home/tinghao.xia/Data_FM/RNA_FM_embeddings/23KA/rnafm_t12_residue_embeddings.pt	full_sequence	VALID
255D	GENERATED	train	KEPT	1	12	/storage9920/home/tinghao.xia/Data_FM/RNA_FM_embeddings/255D/rnafm_t12_residue_embeddings.pt	full_sequence	VALID
259D	GENERATED	train	KEPT	2	16	/storage9920/home/tinghao.xia/Data_FM/RNA_FM_embeddings/259D/rnafm_t12_residue_embeddings.pt	full_sequence	VALID
25SJ	GENERATED	test	KEEP_ALL_CHAINS	2	16	/storage9920/home/tinghao.xia/Data_FM/RNA_FM_embeddings/25SJ/rnafm_t12_residue_embeddings.pt	full_sequence	VALID
25SM	GENERATED		DROP_NO_EVALUABLE_CHAINS	2	16	/storage9920/home/tinghao.xia/Data_FM/RNA_FM_embeddings/25SM/rnafm_t12_residue_embeddings.pt	full_sequence	VALID
280D	GENERATED	train	KEPT	4	48	/storage9920/home/tinghao.xia/Data_FM/RNA_FM_embeddings/280D/rnafm_t12_residue_embeddings.pt	full_sequence	VALID
283D	GENERATED	train	KEPT	1	12	/storage9920/home/tinghao.xia/Data_FM/RNA_FM_embeddings/283D/rnafm_t12_residue_embeddings.pt	full_sequence	VALID
28SP	GENERATED	train	KEPT	1	28	/storage9920/home/tinghao.xia/Data_FM/RNA_FM_embeddings/28SP/rnafm_t12_residue_embeddings.pt	full_sequence	VALID
28SR	GENERATED	train	KEPT	1	28	/storage9920/home/tinghao.xia/Data_FM/RNA_FM_embeddings/28SR/rnafm_t12_residue_embeddings.pt	full_sequence	VALID
299D	GENERATED	train	KEPT	2	41	/storage9920/home/tinghao.xia/Data_FM/RNA_FM_embeddings/299D/rnafm_t12_residue_embeddings.pt	full_sequence	VALID
2A04	GENERATED	train	KEPT	4	58	/storage9920/home/tinghao.xia/Data_FM/RNA_FM_embeddings/2A04/rnafm_t12_residue_embeddings.pt	full_sequence	VALID
2A0P	GENERATED	train	KEPT	2	16	/storage9920/home/tinghao.xia/Data_FM/RNA_FM_embeddings/2A0P/rnafm_t12_residue_embeddings.pt	full_sequence	VALID
2A2E	GENERATED	train	KEPT	1	338	/storage9920/home/tinghao.xia/Data_FM/RNA_FM_embeddings/2A2E/rnafm_t12_residue_embeddings.pt	full_sequence	VALID
2A43	GENERATED	train	KEPT	1	26	/storage9920/home/tinghao.xia/Data_FM/RNA_FM_embeddings/2A43/rnafm_t12_residue_embeddings.pt	full_sequence	VALID
2A64	GENERATED	train	KEPT	1	417	/storage9920/home/tinghao.xia/Data_FM/RNA_FM_embeddings/2A64/rnafm_t12_residue_embeddings.pt	full_sequence	VALID
2A9L	GENERATED	train	KEPT	1	38	/storage9920/home/tinghao.xia/Data_FM/RNA_FM_embeddings/2A9L/rnafm_t12_residue_embeddings.pt	full_sequence	VALID
2ADT	GENERATED	train	KEPT	2	86	/storage9920/home/tinghao.xia/Data_FM/RNA_FM_embeddings/2ADT/rnafm_t12_residue_embeddings.pt	full_sequence	VALID
2AGN	GENERATED	train	KEPT	5	203	/storage9920/home/tinghao.xia/Data_FM/RNA_FM_embeddings/2AGN/rnafm_t12_residue_embeddings.pt	full_sequence	VALID
2AHT	GENERATED	train	KEPT	1	27	/storage9920/home/tinghao.xia/Data_FM/RNA_FM_embeddings/2AHT/rnafm_t12_residue_embeddings.pt	full_sequence	VALID
2AO5	GENERATED	train	KEPT	4	40	/storage9920/home/tinghao.xia/Data_FM/RNA_FM_embeddings/2AO5/rnafm_t12_residue_embeddings.pt	full_sequence	VALID
2AP0	GENERATED	train	KEPT	1	28	/storage9920/home/tinghao.xia/Data_FM/RNA_FM_embeddings/2AP0/rnafm_t12_residue_embeddings.pt	full_sequence	VALID
2AP5	GENERATED	train	KEPT	1	28	/storage9920/home/tinghao.xia/Data_FM/RNA_FM_embeddings/2AP5/rnafm_t12_residue_embeddings.pt	full_sequence	VALID
2AU4	GENERATED	train	KEPT	1	41	/storage9920/home/tinghao.xia/Data_FM/RNA_FM_embeddings/2AU4/rnafm_t12_residue_embeddings.pt	full_sequence	VALID
2AWE	GENERATED	train	KEPT	8	48	/storage9920/home/tinghao.xia/Data_FM/RNA_FM_embeddings/2AWE/rnafm_t12_residue_embeddings.pt	full_sequence	VALID
2AWQ	GENERATED	train	KEPT	1	17	/storage9920/home/tinghao.xia/Data_FM/RNA_FM_embeddings/2AWQ/rnafm_t12_residue_embeddings.pt	full_sequence	VALID
2B57	GENERATED	train	KEPT	1	65	/storage9920/home/tinghao.xia/Data_FM/RNA_FM_embeddings/2B57/rnafm_t12_residue_embeddings.pt	full_sequence	VALID
2B7G	GENERATED	train	KEPT	1	19	/storage9920/home/tinghao.xia/Data_FM/RNA_FM_embeddings/2B7G/rnafm_t12_residue_embeddings.pt	full_sequence	VALID
2B8R	GENERATED	train	KEPT	2	46	/storage9920/home/tinghao.xia/Data_FM/RNA_FM_embeddings/2B8R/rnafm_t12_residue_embeddings.pt	full_sequence	VALID
2B8S	GENERATED	train	KEPT	2	46	/storage9920/home/tinghao.xia/Data_FM/RNA_FM_embeddings/2B8S/rnafm_t12_residue_embeddings.pt	full_sequence	VALID
2BCY	GENERATED	train	KEPT	4	61	/storage9920/home/tinghao.xia/Data_FM/RNA_FM_embeddings/2BCY/rnafm_t12_residue_embeddings.pt	full_sequence	VALID
2BCZ	GENERATED	train	KEPT	4	61	/storage9920/home/tinghao.xia/Data_FM/RNA_FM_embeddings/2BCZ/rnafm_t12_residue_embeddings.pt	full_sequence	VALID
2BE0	GENERATED	train	KEPT	2	44	/storage9920/home/tinghao.xia/Data_FM/RNA_FM_embeddings/2BE0/rnafm_t12_residue_embeddings.pt	full_sequence	VALID
2BEE	GENERATED	train	KEPT	2	44	/storage9920/home/tinghao.xia/Data_FM/RNA_FM_embeddings/2BEE/rnafm_t12_residue_embeddings.pt	full_sequence	VALID
2BJ2	GENERATED	train	KEPT	2	40	/storage9920/home/tinghao.xia/Data_FM/RNA_FM_embeddings/2BJ2/rnafm_t12_residue_embeddings.pt	full_sequence	VALID
2CD1	GENERATED	train	KEPT	1	27	/storage9920/home/tinghao.xia/Data_FM/RNA_FM_embeddings/2CD1/rnafm_t12_residue_embeddings.pt	full_sequence	VALID
2CD3	GENERATED	train	KEPT	1	27	/storage9920/home/tinghao.xia/Data_FM/RNA_FM_embeddings/2CD3/rnafm_t12_residue_embeddings.pt	full_sequence	VALID
2CD5	GENERATED	train	KEPT	1	27	/storage9920/home/tinghao.xia/Data_FM/RNA_FM_embeddings/2CD5/rnafm_t12_residue_embeddings.pt	full_sequence	VALID
2CD6	GENERATED	train	KEPT	1	27	/storage9920/home/tinghao.xia/Data_FM/RNA_FM_embeddings/2CD6/rnafm_t12_residue_embeddings.pt	full_sequence	VALID
2CKY	GENERATED	train	KEPT	2	154	/storage9920/home/tinghao.xia/Data_FM/RNA_FM_embeddings/2CKY/rnafm_t12_residue_embeddings.pt	full_sequence	VALID
2D17	GENERATED	train	KEPT	2	30	/storage9920/home/tinghao.xia/Data_FM/RNA_FM_embeddings/2D17/rnafm_t12_residue_embeddings.pt	full_sequence	VALID
2D18	GENERATED	train	KEPT	2	34	/storage9920/home/tinghao.xia/Data_FM/RNA_FM_embeddings/2D18/rnafm_t12_residue_embeddings.pt	full_sequence	VALID
2D19	GENERATED	train	KEPT	2	34	/storage9920/home/tinghao.xia/Data_FM/RNA_FM_embeddings/2D19/rnafm_t12_residue_embeddings.pt	full_sequence	VALID
2D1A	GENERATED	train	KEPT	2	78	/storage9920/home/tinghao.xia/Data_FM/RNA_FM_embeddings/2D1A/rnafm_t12_residue_embeddings.pt	full_sequence	VALID
2D1B	GENERATED	train	KEPT	2	78	/storage9920/home/tinghao.xia/Data_FM/RNA_FM_embeddings/2D1B/rnafm_t12_residue_embeddings.pt	full_sequence	VALID
2D2K	GENERATED	train	KEPT	4	61	/storage9920/home/tinghao.xia/Data_FM/RNA_FM_embeddings/2D2K/rnafm_t12_residue_embeddings.pt	full_sequence	VALID
2D2L	GENERATED	train	KEPT	4	61	/storage9920/home/tinghao.xia/Data_FM/RNA_FM_embeddings/2D2L/rnafm_t12_residue_embeddings.pt	full_sequence	VALID
2DD1	GENERATED	train	KEPT	2	20	/storage9920/home/tinghao.xia/Data_FM/RNA_FM_embeddings/2DD1/rnafm_t12_residue_embeddings.pt	full_sequence	VALID
2DD2	GENERATED	train	KEPT	2	20	/storage9920/home/tinghao.xia/Data_FM/RNA_FM_embeddings/2DD2/rnafm_t12_residue_embeddings.pt	full_sequence	VALID
2DD3	GENERATED	train	KEPT	2	20	/storage9920/home/tinghao.xia/Data_FM/RNA_FM_embeddings/2DD3/rnafm_t12_residue_embeddings.pt	full_sequence	VALID
2EES	GENERATED	train	KEPT	1	67	/storage9920/home/tinghao.xia/Data_FM/RNA_FM_embeddings/2EES/rnafm_t12_residue_embeddings.pt	full_sequence	VALID
2EET	GENERATED	train	KEPT	1	67	/storage9920/home/tinghao.xia/Data_FM/RNA_FM_embeddings/2EET/rnafm_t12_residue_embeddings.pt	full_sequence	VALID
2EEU	GENERATED	train	KEPT	1	67	/storage9920/home/tinghao.xia/Data_FM/RNA_FM_embeddings/2EEU/rnafm_t12_residue_embeddings.pt	full_sequence	VALID
2EEV	GENERATED	train	KEPT	1	67	/storage9920/home/tinghao.xia/Data_FM/RNA_FM_embeddings/2EEV/rnafm_t12_residue_embeddings.pt	full_sequence	VALID
2EEW	GENERATED	train	KEPT	1	67	/storage9920/home/tinghao.xia/Data_FM/RNA_FM_embeddings/2EEW/rnafm_t12_residue_embeddings.pt	full_sequence	VALID
2ES5	GENERATED	train	KEPT	1	23	/storage9920/home/tinghao.xia/Data_FM/RNA_FM_embeddings/2ES5/rnafm_t12_residue_embeddings.pt	full_sequence	VALID
2ESI	GENERATED	train	KEPT	2	46	/storage9920/home/tinghao.xia/Data_FM/RNA_FM_embeddings/2ESI/rnafm_t12_residue_embeddings.pt	full_sequence	VALID
2ESJ	GENERATED	train	KEPT	2	44	/storage9920/home/tinghao.xia/Data_FM/RNA_FM_embeddings/2ESJ/rnafm_t12_residue_embeddings.pt	full_sequence	VALID
2ET3	GENERATED	train	KEPT	2	44	/storage9920/home/tinghao.xia/Data_FM/RNA_FM_embeddings/2ET3/rnafm_t12_residue_embeddings.pt	full_sequence	VALID
2ET4	GENERATED	train	KEPT	2	44	/storage9920/home/tinghao.xia/Data_FM/RNA_FM_embeddings/2ET4/rnafm_t12_residue_embeddings.pt	full_sequence	VALID
2ET5	GENERATED	train	KEPT	2	44	/storage9920/home/tinghao.xia/Data_FM/RNA_FM_embeddings/2ET5/rnafm_t12_residue_embeddings.pt	full_sequence	VALID
2ET8	GENERATED	train	KEPT	2	44	/storage9920/home/tinghao.xia/Data_FM/RNA_FM_embeddings/2ET8/rnafm_t12_residue_embeddings.pt	full_sequence	VALID
2EUY	GENERATED	train	KEPT	1	34	/storage9920/home/tinghao.xia/Data_FM/RNA_FM_embeddings/2EUY/rnafm_t12_residue_embeddings.pt	full_sequence	VALID
2EVY	GENERATED	train	KEPT	1	14	/storage9920/home/tinghao.xia/Data_FM/RNA_FM_embeddings/2EVY/rnafm_t12_residue_embeddings.pt	full_sequence	VALID
2F4S	GENERATED	train	KEPT	2	42	/storage9920/home/tinghao.xia/Data_FM/RNA_FM_embeddings/2F4S/rnafm_t12_residue_embeddings.pt	full_sequence	VALID
2F4T	GENERATED	train	KEPT	2	44	/storage9920/home/tinghao.xia/Data_FM/RNA_FM_embeddings/2F4T/rnafm_t12_residue_embeddings.pt	full_sequence	VALID
2F4U	GENERATED	train	KEPT	2	42	/storage9920/home/tinghao.xia/Data_FM/RNA_FM_embeddings/2F4U/rnafm_t12_residue_embeddings.pt	full_sequence	VALID
2F4X	GENERATED	train	KEPT	2	48	/storage9920/home/tinghao.xia/Data_FM/RNA_FM_embeddings/2F4X/rnafm_t12_residue_embeddings.pt	full_sequence	VALID
2F87	GENERATED	train	KEPT	1	12	/storage9920/home/tinghao.xia/Data_FM/RNA_FM_embeddings/2F87/rnafm_t12_residue_embeddings.pt	full_sequence	VALID
2F88	GENERATED	train	KEPT	1	34	/storage9920/home/tinghao.xia/Data_FM/RNA_FM_embeddings/2F88/rnafm_t12_residue_embeddings.pt	full_sequence	VALID
2FCX	GENERATED	train	KEPT	2	46	/storage9920/home/tinghao.xia/Data_FM/RNA_FM_embeddings/2FCX/rnafm_t12_residue_embeddings.pt	full_sequence	VALID
2FCY	GENERATED	train	KEPT	2	46	/storage9920/home/tinghao.xia/Data_FM/RNA_FM_embeddings/2FCY/rnafm_t12_residue_embeddings.pt	full_sequence	VALID
2FCZ	GENERATED	train	KEPT	4	92	/storage9920/home/tinghao.xia/Data_FM/RNA_FM_embeddings/2FCZ/rnafm_t12_residue_embeddings.pt	full_sequence	VALID
2FD0	GENERATED	train	KEPT	2	46	/storage9920/home/tinghao.xia/Data_FM/RNA_FM_embeddings/2FD0/rnafm_t12_residue_embeddings.pt	full_sequence	VALID
2FDT	GENERATED	train	KEPT	1	36	/storage9920/home/tinghao.xia/Data_FM/RNA_FM_embeddings/2FDT/rnafm_t12_residue_embeddings.pt	full_sequence	VALID
2FEY	GENERATED	train	KEPT	1	43	/storage9920/home/tinghao.xia/Data_FM/RNA_FM_embeddings/2FEY/rnafm_t12_residue_embeddings.pt	full_sequence	VALID
2FGP	GENERATED	train	KEPT	4	61	/storage9920/home/tinghao.xia/Data_FM/RNA_FM_embeddings/2FGP/rnafm_t12_residue_embeddings.pt	full_sequence	VALID
2FQN	GENERATED	train	KEPT	2	46	/storage9920/home/tinghao.xia/Data_FM/RNA_FM_embeddings/2FQN/rnafm_t12_residue_embeddings.pt	full_sequence	VALID
2G1G	GENERATED	train	KEPT	1	17	/storage9920/home/tinghao.xia/Data_FM/RNA_FM_embeddings/2G1G/rnafm_t12_residue_embeddings.pt	full_sequence	VALID
2G1W	GENERATED	train	KEPT	1	22	/storage9920/home/tinghao.xia/Data_FM/RNA_FM_embeddings/2G1W/rnafm_t12_residue_embeddings.pt	full_sequence	VALID
2G32	GENERATED	train	KEPT	4	32	/storage9920/home/tinghao.xia/Data_FM/RNA_FM_embeddings/2G32/rnafm_t12_residue_embeddings.pt	full_sequence	VALID
2G3S	GENERATED	train	KEPT	10	80	/storage9920/home/tinghao.xia/Data_FM/RNA_FM_embeddings/2G3S/rnafm_t12_residue_embeddings.pt	full_sequence	VALID
2G5K	GENERATED	train	KEPT	2	46	/storage9920/home/tinghao.xia/Data_FM/RNA_FM_embeddings/2G5K/rnafm_t12_residue_embeddings.pt	full_sequence	VALID
2G91	GENERATED	train	KEPT	2	18	/storage9920/home/tinghao.xia/Data_FM/RNA_FM_embeddings/2G91/rnafm_t12_residue_embeddings.pt	full_sequence	VALID
2G92	GENERATED	train	KEPT	2	24	/storage9920/home/tinghao.xia/Data_FM/RNA_FM_embeddings/2G92/rnafm_t12_residue_embeddings.pt	full_sequence	VALID
2G9C	GENERATED	train	KEPT	1	67	/storage9920/home/tinghao.xia/Data_FM/RNA_FM_embeddings/2G9C/rnafm_t12_residue_embeddings.pt	full_sequence	VALID
2GBH	GENERATED	train	KEPT	1	24	/storage9920/home/tinghao.xia/Data_FM/RNA_FM_embeddings/2GBH/rnafm_t12_residue_embeddings.pt	full_sequence	VALID
2GCS	GENERATED	train	KEPT	2	152	/storage9920/home/tinghao.xia/Data_FM/RNA_FM_embeddings/2GCS/rnafm_t12_residue_embeddings.pt	full_sequence	VALID
2GCV	GENERATED	train	KEPT	2	151	/storage9920/home/tinghao.xia/Data_FM/RNA_FM_embeddings/2GCV/rnafm_t12_residue_embeddings.pt	full_sequence	VALID
2GDI	GENERATED	train	KEPT	2	160	/storage9920/home/tinghao.xia/Data_FM/RNA_FM_embeddings/2GDI/rnafm_t12_residue_embeddings.pt	full_sequence	VALID
2GIO	GENERATED	train	KEPT	1	29	/storage9920/home/tinghao.xia/Data_FM/RNA_FM_embeddings/2GIO/rnafm_t12_residue_embeddings.pt	full_sequence	VALID
2GIP	GENERATED	train	KEPT	1	28	/storage9920/home/tinghao.xia/Data_FM/RNA_FM_embeddings/2GIP/rnafm_t12_residue_embeddings.pt	full_sequence	VALID
2GIS	GENERATED	train	KEPT	1	94	/storage9920/home/tinghao.xia/Data_FM/RNA_FM_embeddings/2GIS/rnafm_t12_residue_embeddings.pt	full_sequence	VALID
2GM0	GENERATED	train	KEPT	2	70	/storage9920/home/tinghao.xia/Data_FM/RNA_FM_embeddings/2GM0/rnafm_t12_residue_embeddings.pt	full_sequence	VALID
2GPM	GENERATED	train	KEPT	4	32	/storage9920/home/tinghao.xia/Data_FM/RNA_FM_embeddings/2GPM/rnafm_t12_residue_embeddings.pt	full_sequence	VALID
2GQ4	GENERATED	train	KEPT	4	32	/storage9920/home/tinghao.xia/Data_FM/RNA_FM_embeddings/2GQ4/rnafm_t12_residue_embeddings.pt	full_sequence	VALID
2GQ5	GENERATED	train	KEPT	4	32	/storage9920/home/tinghao.xia/Data_FM/RNA_FM_embeddings/2GQ5/rnafm_t12_residue_embeddings.pt	full_sequence	VALID
2GQ6	GENERATED	train	KEPT	4	32	/storage9920/home/tinghao.xia/Data_FM/RNA_FM_embeddings/2GQ6/rnafm_t12_residue_embeddings.pt	full_sequence	VALID
2GQ7	GENERATED	train	KEPT	4	32	/storage9920/home/tinghao.xia/Data_FM/RNA_FM_embeddings/2GQ7/rnafm_t12_residue_embeddings.pt	full_sequence	VALID
2GRB	GENERATED	train	KEPT	8	48	/storage9920/home/tinghao.xia/Data_FM/RNA_FM_embeddings/2GRB/rnafm_t12_residue_embeddings.pt	full_sequence	VALID
2GRW	GENERATED	train	KEPT	1	22	/storage9920/home/tinghao.xia/Data_FM/RNA_FM_embeddings/2GRW/rnafm_t12_residue_embeddings.pt	full_sequence	VALID
2GV3	GENERATED	train	KEPT	1	22	/storage9920/home/tinghao.xia/Data_FM/RNA_FM_embeddings/2GV3/rnafm_t12_residue_embeddings.pt	full_sequence	VALID
2GV4	GENERATED	train	KEPT	1	22	/storage9920/home/tinghao.xia/Data_FM/RNA_FM_embeddings/2GV4/rnafm_t12_residue_embeddings.pt	full_sequence	VALID
2GVO	GENERATED	train	KEPT	1	18	/storage9920/home/tinghao.xia/Data_FM/RNA_FM_embeddings/2GVO/rnafm_t12_residue_embeddings.pt	full_sequence	VALID
2H0W	GENERATED	train	KEPT	2	151	/storage9920/home/tinghao.xia/Data_FM/RNA_FM_embeddings/2H0W/rnafm_t12_residue_embeddings.pt	full_sequence	VALID
2H0X	GENERATED	train	KEPT	2	152	/storage9920/home/tinghao.xia/Data_FM/RNA_FM_embeddings/2H0X/rnafm_t12_residue_embeddings.pt	full_sequence	VALID
2H1M	GENERATED	train	KEPT	2	32	/storage9920/home/tinghao.xia/Data_FM/RNA_FM_embeddings/2H1M/rnafm_t12_residue_embeddings.pt	full_sequence	VALID
2H49	GENERATED	train	KEPT	2	18	/storage9920/home/tinghao.xia/Data_FM/RNA_FM_embeddings/2H49/rnafm_t12_residue_embeddings.pt	full_sequence	VALID
2HEM	GENERATED	train	KEPT	1	24	/storage9920/home/tinghao.xia/Data_FM/RNA_FM_embeddings/2HEM/rnafm_t12_residue_embeddings.pt	full_sequence	VALID
2HNS	GENERATED	train	KEPT	1	22	/storage9920/home/tinghao.xia/Data_FM/RNA_FM_embeddings/2HNS/rnafm_t12_residue_embeddings.pt	full_sequence	VALID
2HO6	GENERATED	train	KEPT	2	152	/storage9920/home/tinghao.xia/Data_FM/RNA_FM_embeddings/2HO6/rnafm_t12_residue_embeddings.pt	full_sequence	VALID
2HO7	GENERATED	train	KEPT	2	152	/storage9920/home/tinghao.xia/Data_FM/RNA_FM_embeddings/2HO7/rnafm_t12_residue_embeddings.pt	full_sequence	VALID
2HOJ	GENERATED	train	KEPT	1	83	/storage9920/home/tinghao.xia/Data_FM/RNA_FM_embeddings/2HOJ/rnafm_t12_residue_embeddings.pt	full_sequence	VALID
2HOK	GENERATED	train	KEPT	1	83	/storage9920/home/tinghao.xia/Data_FM/RNA_FM_embeddings/2HOK/rnafm_t12_residue_embeddings.pt	full_sequence	VALID
2HOL	GENERATED	train	KEPT	1	83	/storage9920/home/tinghao.xia/Data_FM/RNA_FM_embeddings/2HOL/rnafm_t12_residue_embeddings.pt	full_sequence	VALID
2HOM	GENERATED	train	KEPT	1	83	/storage9920/home/tinghao.xia/Data_FM/RNA_FM_embeddings/2HOM/rnafm_t12_residue_embeddings.pt	full_sequence	VALID
2HOO	GENERATED	train	KEPT	1	83	/storage9920/home/tinghao.xia/Data_FM/RNA_FM_embeddings/2HOO/rnafm_t12_residue_embeddings.pt	full_sequence	VALID
2HOP	GENERATED	train	KEPT	1	83	/storage9920/home/tinghao.xia/Data_FM/RNA_FM_embeddings/2HOP/rnafm_t12_residue_embeddings.pt	full_sequence	VALID
2HUA	GENERATED	train	KEPT	1	40	/storage9920/home/tinghao.xia/Data_FM/RNA_FM_embeddings/2HUA/rnafm_t12_residue_embeddings.pt	full_sequence	VALID
2I7E	GENERATED	train	KEPT	2	86	/storage9920/home/tinghao.xia/Data_FM/RNA_FM_embeddings/2I7E/rnafm_t12_residue_embeddings.pt	full_sequence	VALID
2I7Z	GENERATED	train	KEPT	2	86	/storage9920/home/tinghao.xia/Data_FM/RNA_FM_embeddings/2I7Z/rnafm_t12_residue_embeddings.pt	full_sequence	VALID
2IL9	GENERATED	train	KEPT	2	284	/storage9920/home/tinghao.xia/Data_FM/RNA_FM_embeddings/2IL9/rnafm_t12_residue_embeddings.pt	full_sequence	VALID
2IRN	GENERATED	train	KEPT	2	18	/storage9920/home/tinghao.xia/Data_FM/RNA_FM_embeddings/2IRN/rnafm_t12_residue_embeddings.pt	full_sequence	VALID
2IRO	GENERATED	train	KEPT	2	18	/storage9920/home/tinghao.xia/Data_FM/RNA_FM_embeddings/2IRO/rnafm_t12_residue_embeddings.pt	full_sequence	VALID
2IXY	GENERATED	train	KEPT	1	27	/storage9920/home/tinghao.xia/Data_FM/RNA_FM_embeddings/2IXY/rnafm_t12_residue_embeddings.pt	full_sequence	VALID
2IXZ	GENERATED	train	KEPT	1	8	/storage9920/home/tinghao.xia/Data_FM/RNA_FM_embeddings/2IXZ/rnafm_t12_residue_embeddings.pt	full_sequence	VALID
2JJA	GENERATED	train	KEPT	1	8	/storage9920/home/tinghao.xia/Data_FM/RNA_FM_embeddings/2JJA/rnafm_t12_residue_embeddings.pt	full_sequence	VALID
2JLT	GENERATED	train	KEPT	2	34	/storage9920/home/tinghao.xia/Data_FM/RNA_FM_embeddings/2JLT/rnafm_t12_residue_embeddings.pt	full_sequence	VALID
2JR4	GENERATED	train	KEPT	1	17	/storage9920/home/tinghao.xia/Data_FM/RNA_FM_embeddings/2JR4/rnafm_t12_residue_embeddings.pt	full_sequence	VALID
2JRG	GENERATED	train	KEPT	1	17	/storage9920/home/tinghao.xia/Data_FM/RNA_FM_embeddings/2JRG/rnafm_t12_residue_embeddings.pt	full_sequence	VALID
2JRQ	GENERATED	train	KEPT	1	17	/storage9920/home/tinghao.xia/Data_FM/RNA_FM_embeddings/2JRQ/rnafm_t12_residue_embeddings.pt	full_sequence	VALID
2JSE	GENERATED	train	KEPT	1	22	/storage9920/home/tinghao.xia/Data_FM/RNA_FM_embeddings/2JSE/rnafm_t12_residue_embeddings.pt	full_sequence	VALID
2JSG	GENERATED	train	KEPT	1	17	/storage9920/home/tinghao.xia/Data_FM/RNA_FM_embeddings/2JSG/rnafm_t12_residue_embeddings.pt	full_sequence	VALID
2JTP	GENERATED	train	KEPT	1	34	/storage9920/home/tinghao.xia/Data_FM/RNA_FM_embeddings/2JTP/rnafm_t12_residue_embeddings.pt	full_sequence	VALID
2JUK	GENERATED	train	KEPT	1	22	/storage9920/home/tinghao.xia/Data_FM/RNA_FM_embeddings/2JUK/rnafm_t12_residue_embeddings.pt	full_sequence	VALID
2JWV	GENERATED	train	KEPT	1	29	/storage9920/home/tinghao.xia/Data_FM/RNA_FM_embeddings/2JWV/rnafm_t12_residue_embeddings.pt	full_sequence	VALID
2JXQ	GENERATED	train	KEPT	2	20	/storage9920/home/tinghao.xia/Data_FM/RNA_FM_embeddings/2JXQ/rnafm_t12_residue_embeddings.pt	full_sequence	VALID
2JXS	GENERATED	train	KEPT	2	21	/storage9920/home/tinghao.xia/Data_FM/RNA_FM_embeddings/2JXS/rnafm_t12_residue_embeddings.pt	full_sequence	VALID
2JXV	GENERATED	train	KEPT	1	33	/storage9920/home/tinghao.xia/Data_FM/RNA_FM_embeddings/2JXV/rnafm_t12_residue_embeddings.pt	full_sequence	VALID
2JYF	GENERATED	train	KEPT	2	86	/storage9920/home/tinghao.xia/Data_FM/RNA_FM_embeddings/2JYF/rnafm_t12_residue_embeddings.pt	full_sequence	VALID
2JYH	GENERATED	train	KEPT	2	86	/storage9920/home/tinghao.xia/Data_FM/RNA_FM_embeddings/2JYH/rnafm_t12_residue_embeddings.pt	full_sequence	VALID
2JYJ	GENERATED	train	KEPT	2	86	/storage9920/home/tinghao.xia/Data_FM/RNA_FM_embeddings/2JYJ/rnafm_t12_residue_embeddings.pt	full_sequence	VALID
2JYM	GENERATED	train	KEPT	1	22	/storage9920/home/tinghao.xia/Data_FM/RNA_FM_embeddings/2JYM/rnafm_t12_residue_embeddings.pt	full_sequence	VALID
2K3Z	GENERATED	train	KEPT	2	17	/storage9920/home/tinghao.xia/Data_FM/RNA_FM_embeddings/2K3Z/rnafm_t12_residue_embeddings.pt	full_sequence	VALID
2K41	GENERATED	train	KEPT	2	17	/storage9920/home/tinghao.xia/Data_FM/RNA_FM_embeddings/2K41/rnafm_t12_residue_embeddings.pt	full_sequence	VALID
2K4C	GENERATED	train	KEPT	1	76	/storage9920/home/tinghao.xia/Data_FM/RNA_FM_embeddings/2K4C/rnafm_t12_residue_embeddings.pt	full_sequence	VALID
2K5Z	GENERATED	train	KEPT	1	29	/storage9920/home/tinghao.xia/Data_FM/RNA_FM_embeddings/2K5Z/rnafm_t12_residue_embeddings.pt	full_sequence	VALID
2K65	GENERATED	train	KEPT	2	14	/storage9920/home/tinghao.xia/Data_FM/RNA_FM_embeddings/2K65/rnafm_t12_residue_embeddings.pt	full_sequence	VALID
2K66	GENERATED	train	KEPT	1	22	/storage9920/home/tinghao.xia/Data_FM/RNA_FM_embeddings/2K66/rnafm_t12_residue_embeddings.pt	full_sequence	VALID
2K7E	GENERATED	train	KEPT	2	24	/storage9920/home/tinghao.xia/Data_FM/RNA_FM_embeddings/2K7E/rnafm_t12_residue_embeddings.pt	full_sequence	VALID
2K95	GENERATED	train	KEPT	1	48	/storage9920/home/tinghao.xia/Data_FM/RNA_FM_embeddings/2K95/rnafm_t12_residue_embeddings.pt	full_sequence	VALID
2K96	GENERATED	train	KEPT	1	47	/storage9920/home/tinghao.xia/Data_FM/RNA_FM_embeddings/2K96/rnafm_t12_residue_embeddings.pt	full_sequence	VALID
2KBP	GENERATED	train	KEPT	2	24	/storage9920/home/tinghao.xia/Data_FM/RNA_FM_embeddings/2KBP/rnafm_t12_residue_embeddings.pt	full_sequence	VALID
2KD4	GENERATED	train	KEPT	2	16	/storage9920/home/tinghao.xia/Data_FM/RNA_FM_embeddings/2KD4/rnafm_t12_residue_embeddings.pt	full_sequence	VALID
2KD8	GENERATED	train	KEPT	1	22	/storage9920/home/tinghao.xia/Data_FM/RNA_FM_embeddings/2KD8/rnafm_t12_residue_embeddings.pt	full_sequence	VALID
2KE6	GENERATED	train	KEPT	1	48	/storage9920/home/tinghao.xia/Data_FM/RNA_FM_embeddings/2KE6/rnafm_t12_residue_embeddings.pt	full_sequence	VALID
2KEZ	GENERATED	train	KEPT	1	24	/storage9920/home/tinghao.xia/Data_FM/RNA_FM_embeddings/2KEZ/rnafm_t12_residue_embeddings.pt	full_sequence	VALID
2KF0	GENERATED	train	KEPT	1	24	/storage9920/home/tinghao.xia/Data_FM/RNA_FM_embeddings/2KF0/rnafm_t12_residue_embeddings.pt	full_sequence	VALID
2KGP	GENERATED	train	KEPT	1	25	/storage9920/home/tinghao.xia/Data_FM/RNA_FM_embeddings/2KGP/rnafm_t12_residue_embeddings.pt	full_sequence	VALID
2KHY	GENERATED	train	KEPT	1	38	/storage9920/home/tinghao.xia/Data_FM/RNA_FM_embeddings/2KHY/rnafm_t12_residue_embeddings.pt	full_sequence	VALID
2KOC	GENERATED	train	KEPT	1	14	/storage9920/home/tinghao.xia/Data_FM/RNA_FM_embeddings/2KOC/rnafm_t12_residue_embeddings.pt	full_sequence	VALID
2KP3	GENERATED	train	KEPT	2	20	/storage9920/home/tinghao.xia/Data_FM/RNA_FM_embeddings/2KP3/rnafm_t12_residue_embeddings.pt	full_sequence	VALID
2KPC	GENERATED	train	KEPT	1	17	/storage9920/home/tinghao.xia/Data_FM/RNA_FM_embeddings/2KPC/rnafm_t12_residue_embeddings.pt	full_sequence	VALID
2KPD	GENERATED	train	KEPT	1	17	/storage9920/home/tinghao.xia/Data_FM/RNA_FM_embeddings/2KPD/rnafm_t12_residue_embeddings.pt	full_sequence	VALID
2KPV	GENERATED	train	KEPT	1	34	/storage9920/home/tinghao.xia/Data_FM/RNA_FM_embeddings/2KPV/rnafm_t12_residue_embeddings.pt	full_sequence	VALID
2KRL	GENERATED	train	KEPT	1	102	/storage9920/home/tinghao.xia/Data_FM/RNA_FM_embeddings/2KRL/rnafm_t12_residue_embeddings.pt	full_sequence	VALID
2KRP	GENERATED	train	KEPT	1	17	/storage9920/home/tinghao.xia/Data_FM/RNA_FM_embeddings/2KRP/rnafm_t12_residue_embeddings.pt	full_sequence	VALID
2KRQ	GENERATED	train	KEPT	1	17	/storage9920/home/tinghao.xia/Data_FM/RNA_FM_embeddings/2KRQ/rnafm_t12_residue_embeddings.pt	full_sequence	VALID
2KRV	GENERATED	train	KEPT	1	17	/storage9920/home/tinghao.xia/Data_FM/RNA_FM_embeddings/2KRV/rnafm_t12_residue_embeddings.pt	full_sequence	VALID
2KRW	GENERATED	train	KEPT	1	17	/storage9920/home/tinghao.xia/Data_FM/RNA_FM_embeddings/2KRW/rnafm_t12_residue_embeddings.pt	full_sequence	VALID
2KRY	GENERATED	train	KEPT	1	17	/storage9920/home/tinghao.xia/Data_FM/RNA_FM_embeddings/2KRY/rnafm_t12_residue_embeddings.pt	full_sequence	VALID
2KRZ	GENERATED	train	KEPT	1	17	/storage9920/home/tinghao.xia/Data_FM/RNA_FM_embeddings/2KRZ/rnafm_t12_residue_embeddings.pt	full_sequence	VALID
2KTZ	GENERATED	train	KEPT	1	38	/storage9920/home/tinghao.xia/Data_FM/RNA_FM_embeddings/2KTZ/rnafm_t12_residue_embeddings.pt	full_sequence	VALID
2KU0	GENERATED	train	KEPT	1	38	/storage9920/home/tinghao.xia/Data_FM/RNA_FM_embeddings/2KU0/rnafm_t12_residue_embeddings.pt	full_sequence	VALID
2KUR	GENERATED	train	KEPT	1	48	/storage9920/home/tinghao.xia/Data_FM/RNA_FM_embeddings/2KUR/rnafm_t12_residue_embeddings.pt	full_sequence	VALID
2KUU	GENERATED	train	KEPT	1	48	/storage9920/home/tinghao.xia/Data_FM/RNA_FM_embeddings/2KUU/rnafm_t12_residue_embeddings.pt	full_sequence	VALID
2KUV	GENERATED	train	KEPT	1	48	/storage9920/home/tinghao.xia/Data_FM/RNA_FM_embeddings/2KUV/rnafm_t12_residue_embeddings.pt	full_sequence	VALID
2KUW	GENERATED	train	KEPT	1	48	/storage9920/home/tinghao.xia/Data_FM/RNA_FM_embeddings/2KUW/rnafm_t12_residue_embeddings.pt	full_sequence	VALID
2KVN	GENERATED	train	KEPT	1	17	/storage9920/home/tinghao.xia/Data_FM/RNA_FM_embeddings/2KVN/rnafm_t12_residue_embeddings.pt	full_sequence	VALID
2KWG	GENERATED	train	KEPT	2	42	/storage9920/home/tinghao.xia/Data_FM/RNA_FM_embeddings/2KWG/rnafm_t12_residue_embeddings.pt	full_sequence	VALID
2KX8	GENERATED	train	KEPT	1	42	/storage9920/home/tinghao.xia/Data_FM/RNA_FM_embeddings/2KX8/rnafm_t12_residue_embeddings.pt	full_sequence	VALID
2KXM	GENERATED	train	KEPT	1	27	/storage9920/home/tinghao.xia/Data_FM/RNA_FM_embeddings/2KXM/rnafm_t12_residue_embeddings.pt	full_sequence	VALID
2KXZ	GENERATED	train	KEPT	2	22	/storage9920/home/tinghao.xia/Data_FM/RNA_FM_embeddings/2KXZ/rnafm_t12_residue_embeddings.pt	full_sequence	VALID
2KY0	GENERATED	train	KEPT	2	22	/storage9920/home/tinghao.xia/Data_FM/RNA_FM_embeddings/2KY0/rnafm_t12_residue_embeddings.pt	full_sequence	VALID
2KY1	GENERATED	train	KEPT	2	22	/storage9920/home/tinghao.xia/Data_FM/RNA_FM_embeddings/2KY1/rnafm_t12_residue_embeddings.pt	full_sequence	VALID
2KY2	GENERATED	train	KEPT	2	18	/storage9920/home/tinghao.xia/Data_FM/RNA_FM_embeddings/2KY2/rnafm_t12_residue_embeddings.pt	full_sequence	VALID
2KYD	GENERATED	train	KEPT	2	32	/storage9920/home/tinghao.xia/Data_FM/RNA_FM_embeddings/2KYD/rnafm_t12_residue_embeddings.pt	full_sequence	VALID
2KYE	GENERATED	train	KEPT	1	15	/storage9920/home/tinghao.xia/Data_FM/RNA_FM_embeddings/2KYE/rnafm_t12_residue_embeddings.pt	full_sequence	VALID
2KZL	GENERATED	train	KEPT	1	55	/storage9920/home/tinghao.xia/Data_FM/RNA_FM_embeddings/2KZL/rnafm_t12_residue_embeddings.pt	full_sequence	VALID
2L1F	GENERATED	train	KEPT	2	131	/storage9920/home/tinghao.xia/Data_FM/RNA_FM_embeddings/2L1F/rnafm_t12_residue_embeddings.pt	full_sequence	VALID
2L1V	GENERATED	train	KEPT	1	36	/storage9920/home/tinghao.xia/Data_FM/RNA_FM_embeddings/2L1V/rnafm_t12_residue_embeddings.pt	full_sequence	VALID
2L2J	GENERATED	train	KEPT	1	42	/storage9920/home/tinghao.xia/Data_FM/RNA_FM_embeddings/2L2J/rnafm_t12_residue_embeddings.pt	full_sequence	VALID
2L3E	GENERATED	train	KEPT	1	35	/storage9920/home/tinghao.xia/Data_FM/RNA_FM_embeddings/2L3E/rnafm_t12_residue_embeddings.pt	full_sequence	VALID
2L5Z	GENERATED	train	KEPT	1	26	/storage9920/home/tinghao.xia/Data_FM/RNA_FM_embeddings/2L5Z/rnafm_t12_residue_embeddings.pt	full_sequence	VALID
2L6I	GENERATED	train	KEPT	1	16	/storage9920/home/tinghao.xia/Data_FM/RNA_FM_embeddings/2L6I/rnafm_t12_residue_embeddings.pt	full_sequence	VALID
2L8C	GENERATED	train	KEPT	2	18	/storage9920/home/tinghao.xia/Data_FM/RNA_FM_embeddings/2L8C/rnafm_t12_residue_embeddings.pt	full_sequence	VALID
2L8F	GENERATED	train	KEPT	2	22	/storage9920/home/tinghao.xia/Data_FM/RNA_FM_embeddings/2L8F/rnafm_t12_residue_embeddings.pt	full_sequence	VALID
2L8H	GENERATED	train	KEPT	1	29	/storage9920/home/tinghao.xia/Data_FM/RNA_FM_embeddings/2L8H/rnafm_t12_residue_embeddings.pt	full_sequence	VALID
2L8U	GENERATED	train	KEPT	2	18	/storage9920/home/tinghao.xia/Data_FM/RNA_FM_embeddings/2L8U/rnafm_t12_residue_embeddings.pt	full_sequence	VALID
2L8W	GENERATED	train	KEPT	2	18	/storage9920/home/tinghao.xia/Data_FM/RNA_FM_embeddings/2L8W/rnafm_t12_residue_embeddings.pt	full_sequence	VALID
2L94	GENERATED	train	KEPT	1	45	/storage9920/home/tinghao.xia/Data_FM/RNA_FM_embeddings/2L94/rnafm_t12_residue_embeddings.pt	full_sequence	VALID
2L9E	GENERATED	train	KEPT	1	17	/storage9920/home/tinghao.xia/Data_FM/RNA_FM_embeddings/2L9E/rnafm_t12_residue_embeddings.pt	full_sequence	VALID
2LA9	GENERATED	train	KEPT	1	17	/storage9920/home/tinghao.xia/Data_FM/RNA_FM_embeddings/2LA9/rnafm_t12_residue_embeddings.pt	full_sequence	VALID
2LAC	GENERATED	train	KEPT	1	17	/storage9920/home/tinghao.xia/Data_FM/RNA_FM_embeddings/2LAC/rnafm_t12_residue_embeddings.pt	full_sequence	VALID
2LBJ	GENERATED	train	KEPT	1	17	/storage9920/home/tinghao.xia/Data_FM/RNA_FM_embeddings/2LBJ/rnafm_t12_residue_embeddings.pt	full_sequence	VALID
2LBK	GENERATED	train	KEPT	1	17	/storage9920/home/tinghao.xia/Data_FM/RNA_FM_embeddings/2LBK/rnafm_t12_residue_embeddings.pt	full_sequence	VALID
2LBL	GENERATED	train	KEPT	1	17	/storage9920/home/tinghao.xia/Data_FM/RNA_FM_embeddings/2LBL/rnafm_t12_residue_embeddings.pt	full_sequence	VALID
2LBQ	GENERATED	train	KEPT	1	17	/storage9920/home/tinghao.xia/Data_FM/RNA_FM_embeddings/2LBQ/rnafm_t12_residue_embeddings.pt	full_sequence	VALID
2LBR	GENERATED	train	KEPT	1	17	/storage9920/home/tinghao.xia/Data_FM/RNA_FM_embeddings/2LBR/rnafm_t12_residue_embeddings.pt	full_sequence	VALID
2LC8	GENERATED	train	KEPT	1	63	/storage9920/home/tinghao.xia/Data_FM/RNA_FM_embeddings/2LC8/rnafm_t12_residue_embeddings.pt	full_sequence	VALID
2LDL	GENERATED	train	KEPT	1	27	/storage9920/home/tinghao.xia/Data_FM/RNA_FM_embeddings/2LDL/rnafm_t12_residue_embeddings.pt	full_sequence	VALID
2LDT	GENERATED	train	KEPT	1	31	/storage9920/home/tinghao.xia/Data_FM/RNA_FM_embeddings/2LDT/rnafm_t12_residue_embeddings.pt	full_sequence	VALID
2LDZ	GENERATED	train	KEPT	1	30	/storage9920/home/tinghao.xia/Data_FM/RNA_FM_embeddings/2LDZ/rnafm_t12_residue_embeddings.pt	full_sequence	VALID
2LHP	GENERATED	train	KEPT	1	37	/storage9920/home/tinghao.xia/Data_FM/RNA_FM_embeddings/2LHP/rnafm_t12_residue_embeddings.pt	full_sequence	VALID
2LI4	GENERATED	train	KEPT	1	32	/storage9920/home/tinghao.xia/Data_FM/RNA_FM_embeddings/2LI4/rnafm_t12_residue_embeddings.pt	full_sequence	VALID
2LJJ	GENERATED	train	KEPT	1	27	/storage9920/home/tinghao.xia/Data_FM/RNA_FM_embeddings/2LJJ/rnafm_t12_residue_embeddings.pt	full_sequence	VALID
2LK3	GENERATED	train	KEPT	1	24	/storage9920/home/tinghao.xia/Data_FM/RNA_FM_embeddings/2LK3/rnafm_t12_residue_embeddings.pt	full_sequence	VALID
2LKR	GENERATED	train	KEPT	1	111	/storage9920/home/tinghao.xia/Data_FM/RNA_FM_embeddings/2LKR/rnafm_t12_residue_embeddings.pt	full_sequence	VALID
2LP9	GENERATED	train	KEPT	1	16	/storage9920/home/tinghao.xia/Data_FM/RNA_FM_embeddings/2LP9/rnafm_t12_residue_embeddings.pt	full_sequence	VALID
2LPA	GENERATED	train	KEPT	1	15	/storage9920/home/tinghao.xia/Data_FM/RNA_FM_embeddings/2LPA/rnafm_t12_residue_embeddings.pt	full_sequence	VALID
2LPS	GENERATED	train	KEPT	1	34	/storage9920/home/tinghao.xia/Data_FM/RNA_FM_embeddings/2LPS/rnafm_t12_residue_embeddings.pt	full_sequence	VALID
2LPT	GENERATED	train	KEPT	1	34	/storage9920/home/tinghao.xia/Data_FM/RNA_FM_embeddings/2LPT/rnafm_t12_residue_embeddings.pt	full_sequence	VALID
2LQZ	GENERATED	train	KEPT	1	27	/storage9920/home/tinghao.xia/Data_FM/RNA_FM_embeddings/2LQZ/rnafm_t12_residue_embeddings.pt	full_sequence	VALID
2LU0	GENERATED	train	KEPT	1	49	/storage9920/home/tinghao.xia/Data_FM/RNA_FM_embeddings/2LU0/rnafm_t12_residue_embeddings.pt	full_sequence	VALID
2LUB	GENERATED	train	KEPT	1	37	/storage9920/home/tinghao.xia/Data_FM/RNA_FM_embeddings/2LUB/rnafm_t12_residue_embeddings.pt	full_sequence	VALID
2LUN	GENERATED	train	KEPT	1	28	/storage9920/home/tinghao.xia/Data_FM/RNA_FM_embeddings/2LUN/rnafm_t12_residue_embeddings.pt	full_sequence	VALID
2LV0	GENERATED	train	KEPT	1	24	/storage9920/home/tinghao.xia/Data_FM/RNA_FM_embeddings/2LV0/rnafm_t12_residue_embeddings.pt	full_sequence	VALID
2LVY	SKIPPED_VALID	train	KEPT	2	18	/storage9920/home/tinghao.xia/Data_FM/RNA_FM_embeddings/2LVY/rnafm_t12_residue_embeddings.pt	full_sequence	VALID
2LWK	GENERATED	train	KEPT	1	32	/storage9920/home/tinghao.xia/Data_FM/RNA_FM_embeddings/2LWK/rnafm_t12_residue_embeddings.pt	full_sequence	VALID
2LX1	GENERATED	train	KEPT	2	22	/storage9920/home/tinghao.xia/Data_FM/RNA_FM_embeddings/2LX1/rnafm_t12_residue_embeddings.pt	full_sequence	VALID
2M12	GENERATED	train	KEPT	1	23	/storage9920/home/tinghao.xia/Data_FM/RNA_FM_embeddings/2M12/rnafm_t12_residue_embeddings.pt	full_sequence	VALID
2M18	GENERATED	train	KEPT	4	40	/storage9920/home/tinghao.xia/Data_FM/RNA_FM_embeddings/2M18/rnafm_t12_residue_embeddings.pt	full_sequence	VALID
2M1O	GENERATED	train	KEPT	2	14	/storage9920/home/tinghao.xia/Data_FM/RNA_FM_embeddings/2M1O/rnafm_t12_residue_embeddings.pt	full_sequence	VALID
2M21	GENERATED	train	KEPT	1	21	/storage9920/home/tinghao.xia/Data_FM/RNA_FM_embeddings/2M21/rnafm_t12_residue_embeddings.pt	full_sequence	VALID
2M22	GENERATED	train	KEPT	1	23	/storage9920/home/tinghao.xia/Data_FM/RNA_FM_embeddings/2M22/rnafm_t12_residue_embeddings.pt	full_sequence	VALID
2M23	GENERATED	train	KEPT	2	36	/storage9920/home/tinghao.xia/Data_FM/RNA_FM_embeddings/2M23/rnafm_t12_residue_embeddings.pt	full_sequence	VALID
2M24	GENERATED	train	KEPT	1	29	/storage9920/home/tinghao.xia/Data_FM/RNA_FM_embeddings/2M24/rnafm_t12_residue_embeddings.pt	full_sequence	VALID
2M39	GENERATED	train	KEPT	2	24	/storage9920/home/tinghao.xia/Data_FM/RNA_FM_embeddings/2M39/rnafm_t12_residue_embeddings.pt	full_sequence	VALID
2M4Q	GENERATED	train	KEPT	1	27	/storage9920/home/tinghao.xia/Data_FM/RNA_FM_embeddings/2M4Q/rnafm_t12_residue_embeddings.pt	full_sequence	VALID
2M4W	GENERATED	train	KEPT	1	17	/storage9920/home/tinghao.xia/Data_FM/RNA_FM_embeddings/2M4W/rnafm_t12_residue_embeddings.pt	full_sequence	VALID
2M57	GENERATED	train	KEPT	1	35	/storage9920/home/tinghao.xia/Data_FM/RNA_FM_embeddings/2M57/rnafm_t12_residue_embeddings.pt	full_sequence	VALID
2M58	GENERATED	train	KEPT	1	59	/storage9920/home/tinghao.xia/Data_FM/RNA_FM_embeddings/2M58/rnafm_t12_residue_embeddings.pt	full_sequence	VALID
2M5U	GENERATED	train	KEPT	1	22	/storage9920/home/tinghao.xia/Data_FM/RNA_FM_embeddings/2M5U/rnafm_t12_residue_embeddings.pt	full_sequence	VALID
2M8K	GENERATED	train	KEPT	1	48	/storage9920/home/tinghao.xia/Data_FM/RNA_FM_embeddings/2M8K/rnafm_t12_residue_embeddings.pt	full_sequence	VALID
2MEQ	GENERATED	train	KEPT	1	19	/storage9920/home/tinghao.xia/Data_FM/RNA_FM_embeddings/2MEQ/rnafm_t12_residue_embeddings.pt	full_sequence	VALID
2MER	GENERATED	train	KEPT	1	19	/storage9920/home/tinghao.xia/Data_FM/RNA_FM_embeddings/2MER/rnafm_t12_residue_embeddings.pt	full_sequence	VALID
2MFD	GENERATED	train	KEPT	1	19	/storage9920/home/tinghao.xia/Data_FM/RNA_FM_embeddings/2MFD/rnafm_t12_residue_embeddings.pt	full_sequence	VALID
2MHI	GENERATED	train	KEPT	1	53	/storage9920/home/tinghao.xia/Data_FM/RNA_FM_embeddings/2MHI/rnafm_t12_residue_embeddings.pt	full_sequence	VALID
2MI0	GENERATED	train	KEPT	2	43	/storage9920/home/tinghao.xia/Data_FM/RNA_FM_embeddings/2MI0/rnafm_t12_residue_embeddings.pt	full_sequence	VALID
2MIS	GENERATED	train	KEPT	1	26	/storage9920/home/tinghao.xia/Data_FM/RNA_FM_embeddings/2MIS/rnafm_t12_residue_embeddings.pt	full_sequence	VALID
2MIY	GENERATED	train	KEPT	1	59	/storage9920/home/tinghao.xia/Data_FM/RNA_FM_embeddings/2MIY/rnafm_t12_residue_embeddings.pt	full_sequence	VALID
2MN0	GENERATED	train	KEPT	1	15	/storage9920/home/tinghao.xia/Data_FM/RNA_FM_embeddings/2MN0/rnafm_t12_residue_embeddings.pt	full_sequence	VALID
2MNC	GENERATED	train	KEPT	1	29	/storage9920/home/tinghao.xia/Data_FM/RNA_FM_embeddings/2MNC/rnafm_t12_residue_embeddings.pt	full_sequence	VALID
2MQT	GENERATED	train	KEPT	1	68	/storage9920/home/tinghao.xia/Data_FM/RNA_FM_embeddings/2MQT/rnafm_t12_residue_embeddings.pt	full_sequence	VALID
2MS5	GENERATED	train	KEPT	2	18	/storage9920/home/tinghao.xia/Data_FM/RNA_FM_embeddings/2MS5/rnafm_t12_residue_embeddings.pt	full_sequence	VALID
2MTJ	GENERATED	train	KEPT	1	47	/storage9920/home/tinghao.xia/Data_FM/RNA_FM_embeddings/2MTJ/rnafm_t12_residue_embeddings.pt	full_sequence	VALID
2MTK	GENERATED	train	KEPT	1	47	/storage9920/home/tinghao.xia/Data_FM/RNA_FM_embeddings/2MTK/rnafm_t12_residue_embeddings.pt	full_sequence	VALID
2MVS	GENERATED	train	KEPT	2	20	/storage9920/home/tinghao.xia/Data_FM/RNA_FM_embeddings/2MVS/rnafm_t12_residue_embeddings.pt	full_sequence	VALID
2MVY	GENERATED	train	KEPT	2	20	/storage9920/home/tinghao.xia/Data_FM/RNA_FM_embeddings/2MVY/rnafm_t12_residue_embeddings.pt	full_sequence	VALID
2MXJ	GENERATED	train	KEPT	1	11	/storage9920/home/tinghao.xia/Data_FM/RNA_FM_embeddings/2MXJ/rnafm_t12_residue_embeddings.pt	full_sequence	VALID
2MXK	GENERATED	train	KEPT	2	19	/storage9920/home/tinghao.xia/Data_FM/RNA_FM_embeddings/2MXK/rnafm_t12_residue_embeddings.pt	full_sequence	VALID
2MXL	GENERATED	train	KEPT	1	39	/storage9920/home/tinghao.xia/Data_FM/RNA_FM_embeddings/2MXL/rnafm_t12_residue_embeddings.pt	full_sequence	VALID
2MXS	GENERATED	train	KEPT	1	27	/storage9920/home/tinghao.xia/Data_FM/RNA_FM_embeddings/2MXS/rnafm_t12_residue_embeddings.pt	full_sequence	VALID
2N0J	GENERATED	train	KEPT	1	27	/storage9920/home/tinghao.xia/Data_FM/RNA_FM_embeddings/2N0J/rnafm_t12_residue_embeddings.pt	full_sequence	VALID
2N0R	GENERATED	train	KEPT	1	26	/storage9920/home/tinghao.xia/Data_FM/RNA_FM_embeddings/2N0R/rnafm_t12_residue_embeddings.pt	full_sequence	VALID
2N1Q	GENERATED	train	KEPT	1	155	/storage9920/home/tinghao.xia/Data_FM/RNA_FM_embeddings/2N1Q/rnafm_t12_residue_embeddings.pt	full_sequence	VALID
2N2O	GENERATED	train	KEPT	1	23	/storage9920/home/tinghao.xia/Data_FM/RNA_FM_embeddings/2N2O/rnafm_t12_residue_embeddings.pt	full_sequence	VALID
2N2P	GENERATED	train	KEPT	1	23	/storage9920/home/tinghao.xia/Data_FM/RNA_FM_embeddings/2N2P/rnafm_t12_residue_embeddings.pt	full_sequence	VALID
2N3Q	GENERATED	train	KEPT	1	62	/storage9920/home/tinghao.xia/Data_FM/RNA_FM_embeddings/2N3Q/rnafm_t12_residue_embeddings.pt	full_sequence	VALID
2N3R	GENERATED	train	KEPT	1	62	/storage9920/home/tinghao.xia/Data_FM/RNA_FM_embeddings/2N3R/rnafm_t12_residue_embeddings.pt	full_sequence	VALID
2N4J	GENERATED	train	KEPT	2	16	/storage9920/home/tinghao.xia/Data_FM/RNA_FM_embeddings/2N4J/rnafm_t12_residue_embeddings.pt	full_sequence	VALID
2N4L	GENERATED	train	KEPT	1	53	/storage9920/home/tinghao.xia/Data_FM/RNA_FM_embeddings/2N4L/rnafm_t12_residue_embeddings.pt	full_sequence	VALID
2N6S	GENERATED	train	KEPT	1	36	/storage9920/home/tinghao.xia/Data_FM/RNA_FM_embeddings/2N6S/rnafm_t12_residue_embeddings.pt	full_sequence	VALID
2N6T	GENERATED	train	KEPT	1	42	/storage9920/home/tinghao.xia/Data_FM/RNA_FM_embeddings/2N6T/rnafm_t12_residue_embeddings.pt	full_sequence	VALID
2N6W	GENERATED	train	KEPT	1	68	/storage9920/home/tinghao.xia/Data_FM/RNA_FM_embeddings/2N6W/rnafm_t12_residue_embeddings.pt	full_sequence	VALID
2N6X	GENERATED	train	KEPT	1	43	/storage9920/home/tinghao.xia/Data_FM/RNA_FM_embeddings/2N6X/rnafm_t12_residue_embeddings.pt	full_sequence	VALID
2N7M	GENERATED	train	KEPT	1	92	/storage9920/home/tinghao.xia/Data_FM/RNA_FM_embeddings/2N7M/rnafm_t12_residue_embeddings.pt	full_sequence	VALID
2N7X	GENERATED	train	KEPT	1	23	/storage9920/home/tinghao.xia/Data_FM/RNA_FM_embeddings/2N7X/rnafm_t12_residue_embeddings.pt	full_sequence	VALID
2N8V	GENERATED	train	KEPT	1	70	/storage9920/home/tinghao.xia/Data_FM/RNA_FM_embeddings/2N8V/rnafm_t12_residue_embeddings.pt	full_sequence	VALID
2NBX	GENERATED	train	KEPT	1	108	/storage9920/home/tinghao.xia/Data_FM/RNA_FM_embeddings/2NBX/rnafm_t12_residue_embeddings.pt	full_sequence	VALID
2NBY	GENERATED	train	KEPT	1	39	/storage9920/home/tinghao.xia/Data_FM/RNA_FM_embeddings/2NBY/rnafm_t12_residue_embeddings.pt	full_sequence	VALID
2NBZ	GENERATED	train	KEPT	1	40	/storage9920/home/tinghao.xia/Data_FM/RNA_FM_embeddings/2NBZ/rnafm_t12_residue_embeddings.pt	full_sequence	VALID
2NC0	GENERATED	train	KEPT	1	28	/storage9920/home/tinghao.xia/Data_FM/RNA_FM_embeddings/2NC0/rnafm_t12_residue_embeddings.pt	full_sequence	VALID
2NC1	GENERATED	train	KEPT	1	67	/storage9920/home/tinghao.xia/Data_FM/RNA_FM_embeddings/2NC1/rnafm_t12_residue_embeddings.pt	full_sequence	VALID
2NCI	GENERATED	train	KEPT	1	28	/storage9920/home/tinghao.xia/Data_FM/RNA_FM_embeddings/2NCI/rnafm_t12_residue_embeddings.pt	full_sequence	VALID
2NCQ	GENERATED	train	KEPT	2	18	/storage9920/home/tinghao.xia/Data_FM/RNA_FM_embeddings/2NCQ/rnafm_t12_residue_embeddings.pt	full_sequence	VALID
2NCR	GENERATED	train	KEPT	2	18	/storage9920/home/tinghao.xia/Data_FM/RNA_FM_embeddings/2NCR/rnafm_t12_residue_embeddings.pt	full_sequence	VALID
2NOK	GENERATED	train	KEPT	4	88	/storage9920/home/tinghao.xia/Data_FM/RNA_FM_embeddings/2NOK/rnafm_t12_residue_embeddings.pt	full_sequence	VALID
2NPY	GENERATED	train	KEPT	4	61	/storage9920/home/tinghao.xia/Data_FM/RNA_FM_embeddings/2NPY/rnafm_t12_residue_embeddings.pt	full_sequence	VALID
2NPZ	GENERATED	train	KEPT	4	61	/storage9920/home/tinghao.xia/Data_FM/RNA_FM_embeddings/2NPZ/rnafm_t12_residue_embeddings.pt	full_sequence	VALID
2O32	GENERATED	train	KEPT	1	20	/storage9920/home/tinghao.xia/Data_FM/RNA_FM_embeddings/2O32/rnafm_t12_residue_embeddings.pt	full_sequence	VALID
2O33	GENERATED	train	KEPT	1	20	/storage9920/home/tinghao.xia/Data_FM/RNA_FM_embeddings/2O33/rnafm_t12_residue_embeddings.pt	full_sequence	VALID
2O3V	GENERATED	train	KEPT	2	46	/storage9920/home/tinghao.xia/Data_FM/RNA_FM_embeddings/2O3V/rnafm_t12_residue_embeddings.pt	full_sequence	VALID
2O3W	GENERATED	train	KEPT	2	46	/storage9920/home/tinghao.xia/Data_FM/RNA_FM_embeddings/2O3W/rnafm_t12_residue_embeddings.pt	full_sequence	VALID
2O3X	GENERATED	train	KEPT	2	46	/storage9920/home/tinghao.xia/Data_FM/RNA_FM_embeddings/2O3X/rnafm_t12_residue_embeddings.pt	full_sequence	VALID
2O3Y	GENERATED	train	KEPT	2	46	/storage9920/home/tinghao.xia/Data_FM/RNA_FM_embeddings/2O3Y/rnafm_t12_residue_embeddings.pt	full_sequence	VALID
2O43	GENERATED	train	KEPT	1	2880	/storage9920/home/tinghao.xia/Data_FM/RNA_FM_embeddings/2O43/rnafm_t12_residue_embeddings.pt	sliding_window_uniform_mean	VALID
2O44	GENERATED	train	KEPT	1	2880	/storage9920/home/tinghao.xia/Data_FM/RNA_FM_embeddings/2O44/rnafm_t12_residue_embeddings.pt	sliding_window_uniform_mean	VALID
2O45	GENERATED	train	KEPT	1	2880	/storage9920/home/tinghao.xia/Data_FM/RNA_FM_embeddings/2O45/rnafm_t12_residue_embeddings.pt	sliding_window_uniform_mean	VALID
2O81	GENERATED	train	KEPT	2	18	/storage9920/home/tinghao.xia/Data_FM/RNA_FM_embeddings/2O81/rnafm_t12_residue_embeddings.pt	full_sequence	VALID
2O83	GENERATED	train	KEPT	2	18	/storage9920/home/tinghao.xia/Data_FM/RNA_FM_embeddings/2O83/rnafm_t12_residue_embeddings.pt	full_sequence	VALID
2OE5	GENERATED	train	KEPT	2	33	/storage9920/home/tinghao.xia/Data_FM/RNA_FM_embeddings/2OE5/rnafm_t12_residue_embeddings.pt	full_sequence	VALID
2OE6	GENERATED	train	KEPT	2	33	/storage9920/home/tinghao.xia/Data_FM/RNA_FM_embeddings/2OE6/rnafm_t12_residue_embeddings.pt	full_sequence	VALID
2OE8	GENERATED	train	KEPT	2	33	/storage9920/home/tinghao.xia/Data_FM/RNA_FM_embeddings/2OE8/rnafm_t12_residue_embeddings.pt	full_sequence	VALID
2OEU	GENERATED	train	KEPT	2	63	/storage9920/home/tinghao.xia/Data_FM/RNA_FM_embeddings/2OEU/rnafm_t12_residue_embeddings.pt	full_sequence	VALID
2OIJ	GENERATED	train	KEPT	2	46	/storage9920/home/tinghao.xia/Data_FM/RNA_FM_embeddings/2OIJ/rnafm_t12_residue_embeddings.pt	full_sequence	VALID
2OIU	GENERATED	train	KEPT	2	142	/storage9920/home/tinghao.xia/Data_FM/RNA_FM_embeddings/2OIU/rnafm_t12_residue_embeddings.pt	full_sequence	VALID
2OIY	GENERATED	train	KEPT	2	46	/storage9920/home/tinghao.xia/Data_FM/RNA_FM_embeddings/2OIY/rnafm_t12_residue_embeddings.pt	full_sequence	VALID
2OJ0	GENERATED	train	KEPT	2	46	/storage9920/home/tinghao.xia/Data_FM/RNA_FM_embeddings/2OJ0/rnafm_t12_residue_embeddings.pt	full_sequence	VALID
2OJ7	GENERATED	train	KEPT	1	8	/storage9920/home/tinghao.xia/Data_FM/RNA_FM_embeddings/2OJ7/rnafm_t12_residue_embeddings.pt	full_sequence	VALID
2OJ8	GENERATED	train	KEPT	1	8	/storage9920/home/tinghao.xia/Data_FM/RNA_FM_embeddings/2OJ8/rnafm_t12_residue_embeddings.pt	full_sequence	VALID
2OOM	GENERATED	train	KEPT	2	32	/storage9920/home/tinghao.xia/Data_FM/RNA_FM_embeddings/2OOM/rnafm_t12_residue_embeddings.pt	full_sequence	VALID
2OUE	GENERATED	train	KEPT	4	61	/storage9920/home/tinghao.xia/Data_FM/RNA_FM_embeddings/2OUE/rnafm_t12_residue_embeddings.pt	full_sequence	VALID
2P7F	GENERATED	train	KEPT	4	61	/storage9920/home/tinghao.xia/Data_FM/RNA_FM_embeddings/2P7F/rnafm_t12_residue_embeddings.pt	full_sequence	VALID
2P89	GENERATED	train	KEPT	2	48	/storage9920/home/tinghao.xia/Data_FM/RNA_FM_embeddings/2P89/rnafm_t12_residue_embeddings.pt	full_sequence	VALID
2PCV	GENERATED	train	KEPT	1	35	/storage9920/home/tinghao.xia/Data_FM/RNA_FM_embeddings/2PCV/rnafm_t12_residue_embeddings.pt	full_sequence	VALID
2PCW	GENERATED	train	KEPT	2	49	/storage9920/home/tinghao.xia/Data_FM/RNA_FM_embeddings/2PCW/rnafm_t12_residue_embeddings.pt	full_sequence	VALID
2PN3	GENERATED	train	KEPT	2	44	/storage9920/home/tinghao.xia/Data_FM/RNA_FM_embeddings/2PN3/rnafm_t12_residue_embeddings.pt	full_sequence	VALID
2PN4	GENERATED	train	KEPT	4	88	/storage9920/home/tinghao.xia/Data_FM/RNA_FM_embeddings/2PN4/rnafm_t12_residue_embeddings.pt	full_sequence	VALID
2PN9	GENERATED	train	KEPT	2	32	/storage9920/home/tinghao.xia/Data_FM/RNA_FM_embeddings/2PN9/rnafm_t12_residue_embeddings.pt	full_sequence	VALID
2PWT	GENERATED	train	KEPT	2	42	/storage9920/home/tinghao.xia/Data_FM/RNA_FM_embeddings/2PWT/rnafm_t12_residue_embeddings.pt	full_sequence	VALID
2Q1O	GENERATED	train	KEPT	4	48	/storage9920/home/tinghao.xia/Data_FM/RNA_FM_embeddings/2Q1O/rnafm_t12_residue_embeddings.pt	full_sequence	VALID
2Q1R	GENERATED	train	KEPT	1	12	/storage9920/home/tinghao.xia/Data_FM/RNA_FM_embeddings/2Q1R/rnafm_t12_residue_embeddings.pt	full_sequence	VALID
2QBZ	GENERATED	train	KEPT	1	161	/storage9920/home/tinghao.xia/Data_FM/RNA_FM_embeddings/2QBZ/rnafm_t12_residue_embeddings.pt	full_sequence	VALID
2QEK	GENERATED	train	KEPT	2	46	/storage9920/home/tinghao.xia/Data_FM/RNA_FM_embeddings/2QEK/rnafm_t12_residue_embeddings.pt	full_sequence	VALID
2QH2	GENERATED	train	KEPT	1	24	/storage9920/home/tinghao.xia/Data_FM/RNA_FM_embeddings/2QH2/rnafm_t12_residue_embeddings.pt	full_sequence	VALID
2QH3	GENERATED	train	KEPT	1	23	/storage9920/home/tinghao.xia/Data_FM/RNA_FM_embeddings/2QH3/rnafm_t12_residue_embeddings.pt	full_sequence	VALID
2QH4	GENERATED	train	KEPT	1	18	/storage9920/home/tinghao.xia/Data_FM/RNA_FM_embeddings/2QH4/rnafm_t12_residue_embeddings.pt	full_sequence	VALID
2QUS	GENERATED	train	KEPT	2	138	/storage9920/home/tinghao.xia/Data_FM/RNA_FM_embeddings/2QUS/rnafm_t12_residue_embeddings.pt	full_sequence	VALID
2QUW	GENERATED	train	KEPT	4	138	/storage9920/home/tinghao.xia/Data_FM/RNA_FM_embeddings/2QUW/rnafm_t12_residue_embeddings.pt	full_sequence	VALID
2QWY	GENERATED	train	KEPT	3	156	/storage9920/home/tinghao.xia/Data_FM/RNA_FM_embeddings/2QWY/rnafm_t12_residue_embeddings.pt	full_sequence	VALID
2R1S	GENERATED	train	KEPT	2	26	/storage9920/home/tinghao.xia/Data_FM/RNA_FM_embeddings/2R1S/rnafm_t12_residue_embeddings.pt	full_sequence	VALID
2R20	GENERATED	train	KEPT	2	26	/storage9920/home/tinghao.xia/Data_FM/RNA_FM_embeddings/2R20/rnafm_t12_residue_embeddings.pt	full_sequence	VALID
2R21	GENERATED	train	KEPT	2	26	/storage9920/home/tinghao.xia/Data_FM/RNA_FM_embeddings/2R21/rnafm_t12_residue_embeddings.pt	full_sequence	VALID
2R22	GENERATED	train	KEPT	2	26	/storage9920/home/tinghao.xia/Data_FM/RNA_FM_embeddings/2R22/rnafm_t12_residue_embeddings.pt	full_sequence	VALID
2RLU	GENERATED	train	KEPT	1	19	/storage9920/home/tinghao.xia/Data_FM/RNA_FM_embeddings/2RLU/rnafm_t12_residue_embeddings.pt	full_sequence	VALID
2RN1	GENERATED	train	KEPT	2	32	/storage9920/home/tinghao.xia/Data_FM/RNA_FM_embeddings/2RN1/rnafm_t12_residue_embeddings.pt	full_sequence	VALID
2RO2	GENERATED	train	KEPT	1	23	/storage9920/home/tinghao.xia/Data_FM/RNA_FM_embeddings/2RO2/rnafm_t12_residue_embeddings.pt	full_sequence	VALID
2RP0	GENERATED	train	KEPT	1	27	/storage9920/home/tinghao.xia/Data_FM/RNA_FM_embeddings/2RP0/rnafm_t12_residue_embeddings.pt	full_sequence	VALID
2RP1	GENERATED	train	KEPT	1	27	/storage9920/home/tinghao.xia/Data_FM/RNA_FM_embeddings/2RP1/rnafm_t12_residue_embeddings.pt	full_sequence	VALID
2RPK	GENERATED	train	KEPT	1	20	/storage9920/home/tinghao.xia/Data_FM/RNA_FM_embeddings/2RPK/rnafm_t12_residue_embeddings.pt	full_sequence	VALID
2RPT	GENERATED	train	KEPT	1	20	/storage9920/home/tinghao.xia/Data_FM/RNA_FM_embeddings/2RPT/rnafm_t12_residue_embeddings.pt	full_sequence	VALID
2RQJ	GENERATED	train	KEPT	2	24	/storage9920/home/tinghao.xia/Data_FM/RNA_FM_embeddings/2RQJ/rnafm_t12_residue_embeddings.pt	full_sequence	VALID
2RRC	GENERATED	train	KEPT	1	22	/storage9920/home/tinghao.xia/Data_FM/RNA_FM_embeddings/2RRC/rnafm_t12_residue_embeddings.pt	full_sequence	VALID
2RVO	GENERATED	train	KEPT	1	34	/storage9920/home/tinghao.xia/Data_FM/RNA_FM_embeddings/2RVO/rnafm_t12_residue_embeddings.pt	full_sequence	VALID
2TOB	GENERATED	train	KEPT	1	20	/storage9920/home/tinghao.xia/Data_FM/RNA_FM_embeddings/2TOB/rnafm_t12_residue_embeddings.pt	full_sequence	VALID
2TPK	GENERATED	train	KEPT	1	36	/storage9920/home/tinghao.xia/Data_FM/RNA_FM_embeddings/2TPK/rnafm_t12_residue_embeddings.pt	full_sequence	VALID
2TRA	GENERATED	train	KEPT	1	75	/storage9920/home/tinghao.xia/Data_FM/RNA_FM_embeddings/2TRA/rnafm_t12_residue_embeddings.pt	full_sequence	VALID
2U2A	GENERATED	train	KEPT	1	20	/storage9920/home/tinghao.xia/Data_FM/RNA_FM_embeddings/2U2A/rnafm_t12_residue_embeddings.pt	full_sequence	VALID
2V6W	GENERATED	train	KEPT	2	14	/storage9920/home/tinghao.xia/Data_FM/RNA_FM_embeddings/2V6W/rnafm_t12_residue_embeddings.pt	full_sequence	VALID
2V7R	GENERATED	train	KEPT	2	14	/storage9920/home/tinghao.xia/Data_FM/RNA_FM_embeddings/2V7R/rnafm_t12_residue_embeddings.pt	full_sequence	VALID
2VAL	GENERATED	train	KEPT	4	28	/storage9920/home/tinghao.xia/Data_FM/RNA_FM_embeddings/2VAL/rnafm_t12_residue_embeddings.pt	full_sequence	VALID
2VUQ	GENERATED	train	KEPT	2	14	/storage9920/home/tinghao.xia/Data_FM/RNA_FM_embeddings/2VUQ/rnafm_t12_residue_embeddings.pt	full_sequence	VALID
2W89	GENERATED	train	KEPT	4	28	/storage9920/home/tinghao.xia/Data_FM/RNA_FM_embeddings/2W89/rnafm_t12_residue_embeddings.pt	full_sequence	VALID
2WNA	GENERATED	train	KEPT	1	6	/storage9920/home/tinghao.xia/Data_FM/RNA_FM_embeddings/2WNA/rnafm_t12_residue_embeddings.pt	full_sequence	VALID
2X2Q	GENERATED	train	KEPT	4	28	/storage9920/home/tinghao.xia/Data_FM/RNA_FM_embeddings/2X2Q/rnafm_t12_residue_embeddings.pt	full_sequence	VALID
2XC6	GENERATED	train	KEPT	1	8	/storage9920/home/tinghao.xia/Data_FM/RNA_FM_embeddings/2XC6/rnafm_t12_residue_embeddings.pt	full_sequence	VALID
2XEB	GENERATED	train	KEPT	2	33	/storage9920/home/tinghao.xia/Data_FM/RNA_FM_embeddings/2XEB/rnafm_t12_residue_embeddings.pt	full_sequence	VALID
2XNW	GENERATED	train	KEPT	1	67	/storage9920/home/tinghao.xia/Data_FM/RNA_FM_embeddings/2XNW/rnafm_t12_residue_embeddings.pt	full_sequence	VALID
2XNZ	GENERATED	train	KEPT	1	67	/storage9920/home/tinghao.xia/Data_FM/RNA_FM_embeddings/2XNZ/rnafm_t12_residue_embeddings.pt	full_sequence	VALID
2XO0	GENERATED	train	KEPT	1	67	/storage9920/home/tinghao.xia/Data_FM/RNA_FM_embeddings/2XO0/rnafm_t12_residue_embeddings.pt	full_sequence	VALID
2XO1	GENERATED	train	KEPT	1	67	/storage9920/home/tinghao.xia/Data_FM/RNA_FM_embeddings/2XO1/rnafm_t12_residue_embeddings.pt	full_sequence	VALID
2XSL	GENERATED	train	KEPT	4	28	/storage9920/home/tinghao.xia/Data_FM/RNA_FM_embeddings/2XSL/rnafm_t12_residue_embeddings.pt	full_sequence	VALID
2Y95	GENERATED	train	KEPT	1	14	/storage9920/home/tinghao.xia/Data_FM/RNA_FM_embeddings/2Y95/rnafm_t12_residue_embeddings.pt	full_sequence	VALID
2YDH	GENERATED	train	KEPT	1	94	/storage9920/home/tinghao.xia/Data_FM/RNA_FM_embeddings/2YDH/rnafm_t12_residue_embeddings.pt	full_sequence	VALID
2YGH	GENERATED	train	KEPT	1	95	/storage9920/home/tinghao.xia/Data_FM/RNA_FM_embeddings/2YGH/rnafm_t12_residue_embeddings.pt	full_sequence	VALID
2YIE	GENERATED	train	KEPT	2	111	/storage9920/home/tinghao.xia/Data_FM/RNA_FM_embeddings/2YIE/rnafm_t12_residue_embeddings.pt	full_sequence	VALID
2YIF	GENERATED	train	KEPT	2	111	/storage9920/home/tinghao.xia/Data_FM/RNA_FM_embeddings/2YIF/rnafm_t12_residue_embeddings.pt	full_sequence	VALID
2Z9Q	GENERATED	train	KEPT	1	75	/storage9920/home/tinghao.xia/Data_FM/RNA_FM_embeddings/2Z9Q/rnafm_t12_residue_embeddings.pt	full_sequence	VALID
2ZY6	GENERATED	train	KEPT	1	39	/storage9920/home/tinghao.xia/Data_FM/RNA_FM_embeddings/2ZY6/rnafm_t12_residue_embeddings.pt	full_sequence	VALID
300D	GENERATED	train	KEPT	2	41	/storage9920/home/tinghao.xia/Data_FM/RNA_FM_embeddings/300D/rnafm_t12_residue_embeddings.pt	full_sequence	VALID
301D	GENERATED	train	KEPT	2	41	/storage9920/home/tinghao.xia/Data_FM/RNA_FM_embeddings/301D/rnafm_t12_residue_embeddings.pt	full_sequence	VALID
30SC	GENERATED	test	KEEP_ALL_CHAINS	1	15	/storage9920/home/tinghao.xia/Data_FM/RNA_FM_embeddings/30SC/rnafm_t12_residue_embeddings.pt	full_sequence	VALID
310D	GENERATED	train	KEPT	2	12	/storage9920/home/tinghao.xia/Data_FM/RNA_FM_embeddings/310D/rnafm_t12_residue_embeddings.pt	full_sequence	VALID
333D	GENERATED	train	KEPT	1	8	/storage9920/home/tinghao.xia/Data_FM/RNA_FM_embeddings/333D/rnafm_t12_residue_embeddings.pt	full_sequence	VALID
353D	GENERATED	train	KEPT	2	24	/storage9920/home/tinghao.xia/Data_FM/RNA_FM_embeddings/353D/rnafm_t12_residue_embeddings.pt	full_sequence	VALID
354D	GENERATED	train	KEPT	2	24	/storage9920/home/tinghao.xia/Data_FM/RNA_FM_embeddings/354D/rnafm_t12_residue_embeddings.pt	full_sequence	VALID
357D	GENERATED	train	KEPT	3	61	/storage9920/home/tinghao.xia/Data_FM/RNA_FM_embeddings/357D/rnafm_t12_residue_embeddings.pt	full_sequence	VALID
359D	GENERATED	train	KEPT	2	41	/storage9920/home/tinghao.xia/Data_FM/RNA_FM_embeddings/359D/rnafm_t12_residue_embeddings.pt	full_sequence	VALID
361D	GENERATED	train	KEPT	2	40	/storage9920/home/tinghao.xia/Data_FM/RNA_FM_embeddings/361D/rnafm_t12_residue_embeddings.pt	full_sequence	VALID
364D	GENERATED	train	KEPT	3	61	/storage9920/home/tinghao.xia/Data_FM/RNA_FM_embeddings/364D/rnafm_t12_residue_embeddings.pt	full_sequence	VALID
36LC	GENERATED		DROP_NO_EVALUABLE_CHAINS	2	28	/storage9920/home/tinghao.xia/Data_FM/RNA_FM_embeddings/36LC/rnafm_t12_residue_embeddings.pt	full_sequence	VALID
36LE	GENERATED		DROP_NO_EVALUABLE_CHAINS	4	56	/storage9920/home/tinghao.xia/Data_FM/RNA_FM_embeddings/36LE/rnafm_t12_residue_embeddings.pt	full_sequence	VALID
36LL	GENERATED	test	KEEP_ALL_CHAINS	1	16	/storage9920/home/tinghao.xia/Data_FM/RNA_FM_embeddings/36LL/rnafm_t12_residue_embeddings.pt	full_sequence	VALID
36LM	GENERATED		DROP_NO_EVALUABLE_CHAINS	2	28	/storage9920/home/tinghao.xia/Data_FM/RNA_FM_embeddings/36LM/rnafm_t12_residue_embeddings.pt	full_sequence	VALID
377D	GENERATED	train	KEPT	4	24	/storage9920/home/tinghao.xia/Data_FM/RNA_FM_embeddings/377D/rnafm_t12_residue_embeddings.pt	full_sequence	VALID
379D	GENERATED	train	KEPT	2	41	/storage9920/home/tinghao.xia/Data_FM/RNA_FM_embeddings/379D/rnafm_t12_residue_embeddings.pt	full_sequence	VALID
387D	GENERATED	train	KEPT	1	26	/storage9920/home/tinghao.xia/Data_FM/RNA_FM_embeddings/387D/rnafm_t12_residue_embeddings.pt	full_sequence	VALID
397D	GENERATED	train	KEPT	2	27	/storage9920/home/tinghao.xia/Data_FM/RNA_FM_embeddings/397D/rnafm_t12_residue_embeddings.pt	full_sequence	VALID
3A3A	GENERATED	train	KEPT	1	90	/storage9920/home/tinghao.xia/Data_FM/RNA_FM_embeddings/3A3A/rnafm_t12_residue_embeddings.pt	full_sequence	VALID
3B31	GENERATED	train	KEPT	2	43	/storage9920/home/tinghao.xia/Data_FM/RNA_FM_embeddings/3B31/rnafm_t12_residue_embeddings.pt	full_sequence	VALID
3B4A	GENERATED	train	KEPT	2	153	/storage9920/home/tinghao.xia/Data_FM/RNA_FM_embeddings/3B4A/rnafm_t12_residue_embeddings.pt	full_sequence	VALID
3B4B	GENERATED	train	KEPT	2	151	/storage9920/home/tinghao.xia/Data_FM/RNA_FM_embeddings/3B4B/rnafm_t12_residue_embeddings.pt	full_sequence	VALID
3B4C	GENERATED	train	KEPT	2	151	/storage9920/home/tinghao.xia/Data_FM/RNA_FM_embeddings/3B4C/rnafm_t12_residue_embeddings.pt	full_sequence	VALID
3B58	GENERATED	train	KEPT	3	62	/storage9920/home/tinghao.xia/Data_FM/RNA_FM_embeddings/3B58/rnafm_t12_residue_embeddings.pt	full_sequence	VALID
3B5A	GENERATED	train	KEPT	3	62	/storage9920/home/tinghao.xia/Data_FM/RNA_FM_embeddings/3B5A/rnafm_t12_residue_embeddings.pt	full_sequence	VALID
3B5F	GENERATED	train	KEPT	3	62	/storage9920/home/tinghao.xia/Data_FM/RNA_FM_embeddings/3B5F/rnafm_t12_residue_embeddings.pt	full_sequence	VALID
3B5S	GENERATED	train	KEPT	3	62	/storage9920/home/tinghao.xia/Data_FM/RNA_FM_embeddings/3B5S/rnafm_t12_residue_embeddings.pt	full_sequence	VALID
3B91	GENERATED	train	KEPT	3	62	/storage9920/home/tinghao.xia/Data_FM/RNA_FM_embeddings/3B91/rnafm_t12_residue_embeddings.pt	full_sequence	VALID
3BBI	GENERATED	train	KEPT	3	62	/storage9920/home/tinghao.xia/Data_FM/RNA_FM_embeddings/3BBI/rnafm_t12_residue_embeddings.pt	full_sequence	VALID
3BBK	GENERATED	train	KEPT	3	62	/storage9920/home/tinghao.xia/Data_FM/RNA_FM_embeddings/3BBK/rnafm_t12_residue_embeddings.pt	full_sequence	VALID
3BBM	GENERATED	train	KEPT	3	62	/storage9920/home/tinghao.xia/Data_FM/RNA_FM_embeddings/3BBM/rnafm_t12_residue_embeddings.pt	full_sequence	VALID
3BBV	GENERATED	train	KEPT	1	76	/storage9920/home/tinghao.xia/Data_FM/RNA_FM_embeddings/3BBV/rnafm_t12_residue_embeddings.pt	full_sequence	VALID
3BNL	GENERATED	train	KEPT	2	44	/storage9920/home/tinghao.xia/Data_FM/RNA_FM_embeddings/3BNL/rnafm_t12_residue_embeddings.pt	full_sequence	VALID
3BNN	GENERATED	train	KEPT	4	84	/storage9920/home/tinghao.xia/Data_FM/RNA_FM_embeddings/3BNN/rnafm_t12_residue_embeddings.pt	full_sequence	VALID
3BNO	GENERATED	train	KEPT	4	84	/storage9920/home/tinghao.xia/Data_FM/RNA_FM_embeddings/3BNO/rnafm_t12_residue_embeddings.pt	full_sequence	VALID
3BNP	GENERATED	train	KEPT	2	43	/storage9920/home/tinghao.xia/Data_FM/RNA_FM_embeddings/3BNP/rnafm_t12_residue_embeddings.pt	full_sequence	VALID
3BNQ	GENERATED	train	KEPT	4	90	/storage9920/home/tinghao.xia/Data_FM/RNA_FM_embeddings/3BNQ/rnafm_t12_residue_embeddings.pt	full_sequence	VALID
3BNR	GENERATED	train	KEPT	4	89	/storage9920/home/tinghao.xia/Data_FM/RNA_FM_embeddings/3BNR/rnafm_t12_residue_embeddings.pt	full_sequence	VALID
3BNS	GENERATED	train	KEPT	4	89	/storage9920/home/tinghao.xia/Data_FM/RNA_FM_embeddings/3BNS/rnafm_t12_residue_embeddings.pt	full_sequence	VALID
3BNT	GENERATED	train	KEPT	1	22	/storage9920/home/tinghao.xia/Data_FM/RNA_FM_embeddings/3BNT/rnafm_t12_residue_embeddings.pt	full_sequence	VALID
3BWP	GENERATED	train	KEPT	1	412	/storage9920/home/tinghao.xia/Data_FM/RNA_FM_embeddings/3BWP/rnafm_t12_residue_embeddings.pt	full_sequence	VALID
3C44	GENERATED	train	KEPT	2	46	/storage9920/home/tinghao.xia/Data_FM/RNA_FM_embeddings/3C44/rnafm_t12_residue_embeddings.pt	full_sequence	VALID
3CGP	GENERATED	train	KEPT	2	25	/storage9920/home/tinghao.xia/Data_FM/RNA_FM_embeddings/3CGP/rnafm_t12_residue_embeddings.pt	full_sequence	VALID
3CGQ	GENERATED	train	KEPT	2	25	/storage9920/home/tinghao.xia/Data_FM/RNA_FM_embeddings/3CGQ/rnafm_t12_residue_embeddings.pt	full_sequence	VALID
3CGR	GENERATED	train	KEPT	2	25	/storage9920/home/tinghao.xia/Data_FM/RNA_FM_embeddings/3CGR/rnafm_t12_residue_embeddings.pt	full_sequence	VALID
3CGS	GENERATED	train	KEPT	2	25	/storage9920/home/tinghao.xia/Data_FM/RNA_FM_embeddings/3CGS/rnafm_t12_residue_embeddings.pt	full_sequence	VALID
3CJZ	GENERATED	train	KEPT	2	26	/storage9920/home/tinghao.xia/Data_FM/RNA_FM_embeddings/3CJZ/rnafm_t12_residue_embeddings.pt	full_sequence	VALID
3CW5	GENERATED	train	KEPT	1	77	/storage9920/home/tinghao.xia/Data_FM/RNA_FM_embeddings/3CW5/rnafm_t12_residue_embeddings.pt	full_sequence	VALID
3CW6	GENERATED	train	KEPT	1	77	/storage9920/home/tinghao.xia/Data_FM/RNA_FM_embeddings/3CW6/rnafm_t12_residue_embeddings.pt	full_sequence	VALID
3CZW	GENERATED	train	KEPT	1	16	/storage9920/home/tinghao.xia/Data_FM/RNA_FM_embeddings/3CZW/rnafm_t12_residue_embeddings.pt	full_sequence	VALID
3D0M	GENERATED	train	KEPT	1	16	/storage9920/home/tinghao.xia/Data_FM/RNA_FM_embeddings/3D0M/rnafm_t12_residue_embeddings.pt	full_sequence	VALID
3D0U	GENERATED	train	KEPT	1	161	/storage9920/home/tinghao.xia/Data_FM/RNA_FM_embeddings/3D0U/rnafm_t12_residue_embeddings.pt	full_sequence	VALID
3D0X	GENERATED	train	KEPT	1	161	/storage9920/home/tinghao.xia/Data_FM/RNA_FM_embeddings/3D0X/rnafm_t12_residue_embeddings.pt	full_sequence	VALID
3D2G	GENERATED	train	KEPT	2	154	/storage9920/home/tinghao.xia/Data_FM/RNA_FM_embeddings/3D2G/rnafm_t12_residue_embeddings.pt	full_sequence	VALID
3D2V	GENERATED	train	KEPT	2	154	/storage9920/home/tinghao.xia/Data_FM/RNA_FM_embeddings/3D2V/rnafm_t12_residue_embeddings.pt	full_sequence	VALID
3D2X	GENERATED	train	KEPT	2	154	/storage9920/home/tinghao.xia/Data_FM/RNA_FM_embeddings/3D2X/rnafm_t12_residue_embeddings.pt	full_sequence	VALID
3DG0	GENERATED	train	KEPT	2	4446	/storage9920/home/tinghao.xia/Data_FM/RNA_FM_embeddings/3DG0/rnafm_t12_residue_embeddings.pt	sliding_window_uniform_mean	VALID
3DG2	GENERATED	train	KEPT	2	4446	/storage9920/home/tinghao.xia/Data_FM/RNA_FM_embeddings/3DG2/rnafm_t12_residue_embeddings.pt	sliding_window_uniform_mean	VALID
3DG4	GENERATED	train	KEPT	2	4446	/storage9920/home/tinghao.xia/Data_FM/RNA_FM_embeddings/3DG4/rnafm_t12_residue_embeddings.pt	sliding_window_uniform_mean	VALID
3DG5	GENERATED	train	KEPT	2	4446	/storage9920/home/tinghao.xia/Data_FM/RNA_FM_embeddings/3DG5/rnafm_t12_residue_embeddings.pt	sliding_window_uniform_mean	VALID
3DHS	GENERATED	train	KEPT	1	268	/storage9920/home/tinghao.xia/Data_FM/RNA_FM_embeddings/3DHS/rnafm_t12_residue_embeddings.pt	full_sequence	VALID
3DIG	GENERATED	train	KEPT	1	174	/storage9920/home/tinghao.xia/Data_FM/RNA_FM_embeddings/3DIG/rnafm_t12_residue_embeddings.pt	full_sequence	VALID
3DIL	GENERATED	train	KEPT	1	174	/storage9920/home/tinghao.xia/Data_FM/RNA_FM_embeddings/3DIL/rnafm_t12_residue_embeddings.pt	full_sequence	VALID
3DIM	GENERATED	train	KEPT	1	174	/storage9920/home/tinghao.xia/Data_FM/RNA_FM_embeddings/3DIM/rnafm_t12_residue_embeddings.pt	full_sequence	VALID
3DIO	GENERATED	train	KEPT	1	174	/storage9920/home/tinghao.xia/Data_FM/RNA_FM_embeddings/3DIO/rnafm_t12_residue_embeddings.pt	full_sequence	VALID
3DIQ	GENERATED	train	KEPT	1	174	/storage9920/home/tinghao.xia/Data_FM/RNA_FM_embeddings/3DIQ/rnafm_t12_residue_embeddings.pt	full_sequence	VALID
3DIR	GENERATED	train	KEPT	1	174	/storage9920/home/tinghao.xia/Data_FM/RNA_FM_embeddings/3DIR/rnafm_t12_residue_embeddings.pt	full_sequence	VALID
3DIS	GENERATED	train	KEPT	1	174	/storage9920/home/tinghao.xia/Data_FM/RNA_FM_embeddings/3DIS/rnafm_t12_residue_embeddings.pt	full_sequence	VALID
3DIX	GENERATED	train	KEPT	1	174	/storage9920/home/tinghao.xia/Data_FM/RNA_FM_embeddings/3DIX/rnafm_t12_residue_embeddings.pt	full_sequence	VALID
3DIY	GENERATED	train	KEPT	1	174	/storage9920/home/tinghao.xia/Data_FM/RNA_FM_embeddings/3DIY/rnafm_t12_residue_embeddings.pt	full_sequence	VALID
3DIZ	GENERATED	train	KEPT	1	174	/storage9920/home/tinghao.xia/Data_FM/RNA_FM_embeddings/3DIZ/rnafm_t12_residue_embeddings.pt	full_sequence	VALID
3DJ0	GENERATED	train	KEPT	1	174	/storage9920/home/tinghao.xia/Data_FM/RNA_FM_embeddings/3DJ0/rnafm_t12_residue_embeddings.pt	full_sequence	VALID
3DJ2	GENERATED	train	KEPT	1	174	/storage9920/home/tinghao.xia/Data_FM/RNA_FM_embeddings/3DJ2/rnafm_t12_residue_embeddings.pt	full_sequence	VALID
3DS7	GENERATED	train	KEPT	2	134	/storage9920/home/tinghao.xia/Data_FM/RNA_FM_embeddings/3DS7/rnafm_t12_residue_embeddings.pt	full_sequence	VALID
3DVV	GENERATED	train	KEPT	2	46	/storage9920/home/tinghao.xia/Data_FM/RNA_FM_embeddings/3DVV/rnafm_t12_residue_embeddings.pt	full_sequence	VALID
3DVZ	GENERATED	train	KEPT	1	27	/storage9920/home/tinghao.xia/Data_FM/RNA_FM_embeddings/3DVZ/rnafm_t12_residue_embeddings.pt	full_sequence	VALID
3DW4	GENERATED	train	KEPT	1	27	/storage9920/home/tinghao.xia/Data_FM/RNA_FM_embeddings/3DW4/rnafm_t12_residue_embeddings.pt	full_sequence	VALID
3DW5	GENERATED	train	KEPT	1	27	/storage9920/home/tinghao.xia/Data_FM/RNA_FM_embeddings/3DW5/rnafm_t12_residue_embeddings.pt	full_sequence	VALID
3DW6	GENERATED	train	KEPT	1	27	/storage9920/home/tinghao.xia/Data_FM/RNA_FM_embeddings/3DW6/rnafm_t12_residue_embeddings.pt	full_sequence	VALID
3DW7	GENERATED	train	KEPT	1	27	/storage9920/home/tinghao.xia/Data_FM/RNA_FM_embeddings/3DW7/rnafm_t12_residue_embeddings.pt	full_sequence	VALID
3E5C	GENERATED	train	KEPT	1	53	/storage9920/home/tinghao.xia/Data_FM/RNA_FM_embeddings/3E5C/rnafm_t12_residue_embeddings.pt	full_sequence	VALID
3E5E	GENERATED	train	KEPT	1	53	/storage9920/home/tinghao.xia/Data_FM/RNA_FM_embeddings/3E5E/rnafm_t12_residue_embeddings.pt	full_sequence	VALID
3E5F	GENERATED	train	KEPT	1	53	/storage9920/home/tinghao.xia/Data_FM/RNA_FM_embeddings/3E5F/rnafm_t12_residue_embeddings.pt	full_sequence	VALID
3EOG	GENERATED	train	KEPT	2	418	/storage9920/home/tinghao.xia/Data_FM/RNA_FM_embeddings/3EOG/rnafm_t12_residue_embeddings.pt	full_sequence	VALID
3EOH	GENERATED	train	KEPT	2	418	/storage9920/home/tinghao.xia/Data_FM/RNA_FM_embeddings/3EOH/rnafm_t12_residue_embeddings.pt	full_sequence	VALID
3F2Q	GENERATED	train	KEPT	1	112	/storage9920/home/tinghao.xia/Data_FM/RNA_FM_embeddings/3F2Q/rnafm_t12_residue_embeddings.pt	full_sequence	VALID
3F2T	GENERATED	train	KEPT	1	112	/storage9920/home/tinghao.xia/Data_FM/RNA_FM_embeddings/3F2T/rnafm_t12_residue_embeddings.pt	full_sequence	VALID
3F2W	GENERATED	train	KEPT	1	112	/storage9920/home/tinghao.xia/Data_FM/RNA_FM_embeddings/3F2W/rnafm_t12_residue_embeddings.pt	full_sequence	VALID
3F2X	GENERATED	train	KEPT	1	112	/storage9920/home/tinghao.xia/Data_FM/RNA_FM_embeddings/3F2X/rnafm_t12_residue_embeddings.pt	full_sequence	VALID
3F2Y	GENERATED	train	KEPT	1	112	/storage9920/home/tinghao.xia/Data_FM/RNA_FM_embeddings/3F2Y/rnafm_t12_residue_embeddings.pt	full_sequence	VALID
3F30	GENERATED	train	KEPT	1	112	/storage9920/home/tinghao.xia/Data_FM/RNA_FM_embeddings/3F30/rnafm_t12_residue_embeddings.pt	full_sequence	VALID
3F4E	GENERATED	train	KEPT	2	110	/storage9920/home/tinghao.xia/Data_FM/RNA_FM_embeddings/3F4E/rnafm_t12_residue_embeddings.pt	full_sequence	VALID
3F4G	GENERATED	train	KEPT	2	110	/storage9920/home/tinghao.xia/Data_FM/RNA_FM_embeddings/3F4G/rnafm_t12_residue_embeddings.pt	full_sequence	VALID
3F4H	GENERATED	train	KEPT	2	110	/storage9920/home/tinghao.xia/Data_FM/RNA_FM_embeddings/3F4H/rnafm_t12_residue_embeddings.pt	full_sequence	VALID
3FAR	GENERATED	train	KEPT	2	46	/storage9920/home/tinghao.xia/Data_FM/RNA_FM_embeddings/3FAR/rnafm_t12_residue_embeddings.pt	full_sequence	VALID
3FO4	GENERATED	train	KEPT	1	68	/storage9920/home/tinghao.xia/Data_FM/RNA_FM_embeddings/3FO4/rnafm_t12_residue_embeddings.pt	full_sequence	VALID
3FO6	GENERATED	train	KEPT	1	68	/storage9920/home/tinghao.xia/Data_FM/RNA_FM_embeddings/3FO6/rnafm_t12_residue_embeddings.pt	full_sequence	VALID
3FS0	GENERATED	train	KEPT	2	21	/storage9920/home/tinghao.xia/Data_FM/RNA_FM_embeddings/3FS0/rnafm_t12_residue_embeddings.pt	full_sequence	VALID
3FTM	GENERATED	train	KEPT	4	46	/storage9920/home/tinghao.xia/Data_FM/RNA_FM_embeddings/3FTM/rnafm_t12_residue_embeddings.pt	full_sequence	VALID
3FU2	GENERATED	train	KEPT	3	102	/storage9920/home/tinghao.xia/Data_FM/RNA_FM_embeddings/3FU2/rnafm_t12_residue_embeddings.pt	full_sequence	VALID
3FWO	GENERATED	train	KEPT	2	2998	/storage9920/home/tinghao.xia/Data_FM/RNA_FM_embeddings/3FWO/rnafm_t12_residue_embeddings.pt	full_sequence,sliding_window_uniform_mean	VALID
3G4M	GENERATED	train	KEPT	1	67	/storage9920/home/tinghao.xia/Data_FM/RNA_FM_embeddings/3G4M/rnafm_t12_residue_embeddings.pt	full_sequence	VALID
3G78	GENERATED	train	KEPT	2	421	/storage9920/home/tinghao.xia/Data_FM/RNA_FM_embeddings/3G78/rnafm_t12_residue_embeddings.pt	full_sequence	VALID
3GAO	GENERATED	train	KEPT	1	67	/storage9920/home/tinghao.xia/Data_FM/RNA_FM_embeddings/3GAO/rnafm_t12_residue_embeddings.pt	full_sequence	VALID
3GCA	GENERATED	train	KEPT	1	33	/storage9920/home/tinghao.xia/Data_FM/RNA_FM_embeddings/3GCA/rnafm_t12_residue_embeddings.pt	full_sequence	VALID
3GER	GENERATED	train	KEPT	1	67	/storage9920/home/tinghao.xia/Data_FM/RNA_FM_embeddings/3GER/rnafm_t12_residue_embeddings.pt	full_sequence	VALID
3GES	GENERATED	train	KEPT	1	67	/storage9920/home/tinghao.xia/Data_FM/RNA_FM_embeddings/3GES/rnafm_t12_residue_embeddings.pt	full_sequence	VALID
3GLP	GENERATED	train	KEPT	5	40	/storage9920/home/tinghao.xia/Data_FM/RNA_FM_embeddings/3GLP/rnafm_t12_residue_embeddings.pt	full_sequence	VALID
3GM7	GENERATED	train	KEPT	2	36	/storage9920/home/tinghao.xia/Data_FM/RNA_FM_embeddings/3GM7/rnafm_t12_residue_embeddings.pt	full_sequence	VALID
3GOG	GENERATED	train	KEPT	1	67	/storage9920/home/tinghao.xia/Data_FM/RNA_FM_embeddings/3GOG/rnafm_t12_residue_embeddings.pt	full_sequence	VALID
3GOT	GENERATED	train	KEPT	1	67	/storage9920/home/tinghao.xia/Data_FM/RNA_FM_embeddings/3GOT/rnafm_t12_residue_embeddings.pt	full_sequence	VALID
3GS1	GENERATED	train	KEPT	4	62	/storage9920/home/tinghao.xia/Data_FM/RNA_FM_embeddings/3GS1/rnafm_t12_residue_embeddings.pt	full_sequence	VALID
3GS5	GENERATED	train	KEPT	2	61	/storage9920/home/tinghao.xia/Data_FM/RNA_FM_embeddings/3GS5/rnafm_t12_residue_embeddings.pt	full_sequence	VALID
3GS8	GENERATED	train	KEPT	4	62	/storage9920/home/tinghao.xia/Data_FM/RNA_FM_embeddings/3GS8/rnafm_t12_residue_embeddings.pt	full_sequence	VALID
3GVN	GENERATED	train	KEPT	2	14	/storage9920/home/tinghao.xia/Data_FM/RNA_FM_embeddings/3GVN/rnafm_t12_residue_embeddings.pt	full_sequence	VALID
3GX2	GENERATED	train	KEPT	1	94	/storage9920/home/tinghao.xia/Data_FM/RNA_FM_embeddings/3GX2/rnafm_t12_residue_embeddings.pt	full_sequence	VALID
3GX3	GENERATED	train	KEPT	1	94	/storage9920/home/tinghao.xia/Data_FM/RNA_FM_embeddings/3GX3/rnafm_t12_residue_embeddings.pt	full_sequence	VALID
3GX5	GENERATED	train	KEPT	1	94	/storage9920/home/tinghao.xia/Data_FM/RNA_FM_embeddings/3GX5/rnafm_t12_residue_embeddings.pt	full_sequence	VALID
3GX6	GENERATED	train	KEPT	1	94	/storage9920/home/tinghao.xia/Data_FM/RNA_FM_embeddings/3GX6/rnafm_t12_residue_embeddings.pt	full_sequence	VALID
3GX7	GENERATED	train	KEPT	1	94	/storage9920/home/tinghao.xia/Data_FM/RNA_FM_embeddings/3GX7/rnafm_t12_residue_embeddings.pt	full_sequence	VALID
3HGA	GENERATED	train	KEPT	1	6	/storage9920/home/tinghao.xia/Data_FM/RNA_FM_embeddings/3HGA/rnafm_t12_residue_embeddings.pt	full_sequence	VALID
3IBK	GENERATED	train	KEPT	2	24	/storage9920/home/tinghao.xia/Data_FM/RNA_FM_embeddings/3IBK/rnafm_t12_residue_embeddings.pt	full_sequence	VALID
3IGI	GENERATED	train	KEPT	2	425	/storage9920/home/tinghao.xia/Data_FM/RNA_FM_embeddings/3IGI/rnafm_t12_residue_embeddings.pt	full_sequence	VALID
3IQN	GENERATED	train	KEPT	1	94	/storage9920/home/tinghao.xia/Data_FM/RNA_FM_embeddings/3IQN/rnafm_t12_residue_embeddings.pt	full_sequence	VALID
3IQP	GENERATED	train	KEPT	1	94	/storage9920/home/tinghao.xia/Data_FM/RNA_FM_embeddings/3IQP/rnafm_t12_residue_embeddings.pt	full_sequence	VALID
3IQR	GENERATED	train	KEPT	1	94	/storage9920/home/tinghao.xia/Data_FM/RNA_FM_embeddings/3IQR/rnafm_t12_residue_embeddings.pt	full_sequence	VALID
3IVN	GENERATED	train	KEPT	2	140	/storage9920/home/tinghao.xia/Data_FM/RNA_FM_embeddings/3IVN/rnafm_t12_residue_embeddings.pt	full_sequence	VALID
3IZD	GENERATED	train	KEPT	1	151	/storage9920/home/tinghao.xia/Data_FM/RNA_FM_embeddings/3IZD/rnafm_t12_residue_embeddings.pt	full_sequence	VALID
3J28	GENERATED	train	KEPT	1	1533	/storage9920/home/tinghao.xia/Data_FM/RNA_FM_embeddings/3J28/rnafm_t12_residue_embeddings.pt	sliding_window_uniform_mean	VALID
3J29	GENERATED	train	KEPT	1	1533	/storage9920/home/tinghao.xia/Data_FM/RNA_FM_embeddings/3J29/rnafm_t12_residue_embeddings.pt	sliding_window_uniform_mean	VALID
3J2A	GENERATED	train	KEPT	1	1533	/storage9920/home/tinghao.xia/Data_FM/RNA_FM_embeddings/3J2A/rnafm_t12_residue_embeddings.pt	sliding_window_uniform_mean	VALID
3J2B	GENERATED	train	KEPT	1	1533	/storage9920/home/tinghao.xia/Data_FM/RNA_FM_embeddings/3J2B/rnafm_t12_residue_embeddings.pt	sliding_window_uniform_mean	VALID
3J2C	GENERATED	train	KEPT	3	1533	/storage9920/home/tinghao.xia/Data_FM/RNA_FM_embeddings/3J2C/rnafm_t12_residue_embeddings.pt	full_sequence	VALID
3J2D	GENERATED	train	KEPT	1	1533	/storage9920/home/tinghao.xia/Data_FM/RNA_FM_embeddings/3J2D/rnafm_t12_residue_embeddings.pt	sliding_window_uniform_mean	VALID
3J2E	GENERATED	train	KEPT	1	1533	/storage9920/home/tinghao.xia/Data_FM/RNA_FM_embeddings/3J2E/rnafm_t12_residue_embeddings.pt	sliding_window_uniform_mean	VALID
3J2F	GENERATED	train	KEPT	1	1533	/storage9920/home/tinghao.xia/Data_FM/RNA_FM_embeddings/3J2F/rnafm_t12_residue_embeddings.pt	sliding_window_uniform_mean	VALID
3J2G	GENERATED	train	KEPT	1	1533	/storage9920/home/tinghao.xia/Data_FM/RNA_FM_embeddings/3J2G/rnafm_t12_residue_embeddings.pt	sliding_window_uniform_mean	VALID
3J2H	GENERATED	train	KEPT	1	1533	/storage9920/home/tinghao.xia/Data_FM/RNA_FM_embeddings/3J2H/rnafm_t12_residue_embeddings.pt	sliding_window_uniform_mean	VALID
3JQ4	GENERATED	train	KEPT	2	2998	/storage9920/home/tinghao.xia/Data_FM/RNA_FM_embeddings/3JQ4/rnafm_t12_residue_embeddings.pt	full_sequence,sliding_window_uniform_mean	VALID
3JXQ	GENERATED	train	KEPT	4	24	/storage9920/home/tinghao.xia/Data_FM/RNA_FM_embeddings/3JXQ/rnafm_t12_residue_embeddings.pt	full_sequence	VALID
3JXR	GENERATED	train	KEPT	3	18	/storage9920/home/tinghao.xia/Data_FM/RNA_FM_embeddings/3JXR/rnafm_t12_residue_embeddings.pt	full_sequence	VALID
3K1V	GENERATED	train	KEPT	1	34	/storage9920/home/tinghao.xia/Data_FM/RNA_FM_embeddings/3K1V/rnafm_t12_residue_embeddings.pt	full_sequence	VALID
3L0U	GENERATED	train	KEPT	1	76	/storage9920/home/tinghao.xia/Data_FM/RNA_FM_embeddings/3L0U/rnafm_t12_residue_embeddings.pt	full_sequence	VALID
3LA5	GENERATED	train	KEPT	1	71	/storage9920/home/tinghao.xia/Data_FM/RNA_FM_embeddings/3LA5/rnafm_t12_residue_embeddings.pt	full_sequence	VALID
3LOA	GENERATED	train	KEPT	2	44	/storage9920/home/tinghao.xia/Data_FM/RNA_FM_embeddings/3LOA/rnafm_t12_residue_embeddings.pt	full_sequence	VALID
3MEI	GENERATED	train	KEPT	2	46	/storage9920/home/tinghao.xia/Data_FM/RNA_FM_embeddings/3MEI/rnafm_t12_residue_embeddings.pt	full_sequence	VALID
3MIJ	GENERATED	train	KEPT	1	12	/storage9920/home/tinghao.xia/Data_FM/RNA_FM_embeddings/3MIJ/rnafm_t12_residue_embeddings.pt	full_sequence	VALID
3MJ3	GENERATED	train	KEPT	2	43	/storage9920/home/tinghao.xia/Data_FM/RNA_FM_embeddings/3MJ3/rnafm_t12_residue_embeddings.pt	full_sequence	VALID
3MJA	GENERATED	train	KEPT	2	43	/storage9920/home/tinghao.xia/Data_FM/RNA_FM_embeddings/3MJA/rnafm_t12_residue_embeddings.pt	full_sequence	VALID
3MJB	GENERATED	train	KEPT	2	43	/storage9920/home/tinghao.xia/Data_FM/RNA_FM_embeddings/3MJB/rnafm_t12_residue_embeddings.pt	full_sequence	VALID
3ND3	GENERATED	train	KEPT	1	16	/storage9920/home/tinghao.xia/Data_FM/RNA_FM_embeddings/3ND3/rnafm_t12_residue_embeddings.pt	full_sequence	VALID
3ND4	GENERATED	train	KEPT	1	16	/storage9920/home/tinghao.xia/Data_FM/RNA_FM_embeddings/3ND4/rnafm_t12_residue_embeddings.pt	full_sequence	VALID
3NJ6	GENERATED	train	KEPT	1	10	/storage9920/home/tinghao.xia/Data_FM/RNA_FM_embeddings/3NJ6/rnafm_t12_residue_embeddings.pt	full_sequence	VALID
3NJ7	GENERATED	train	KEPT	6	60	/storage9920/home/tinghao.xia/Data_FM/RNA_FM_embeddings/3NJ7/rnafm_t12_residue_embeddings.pt	full_sequence	VALID
3NPN	GENERATED	train	KEPT	1	54	/storage9920/home/tinghao.xia/Data_FM/RNA_FM_embeddings/3NPN/rnafm_t12_residue_embeddings.pt	full_sequence	VALID
3NPQ	GENERATED	train	KEPT	3	162	/storage9920/home/tinghao.xia/Data_FM/RNA_FM_embeddings/3NPQ/rnafm_t12_residue_embeddings.pt	full_sequence	VALID
3OWI	GENERATED	train	KEPT	2	176	/storage9920/home/tinghao.xia/Data_FM/RNA_FM_embeddings/3OWI/rnafm_t12_residue_embeddings.pt	full_sequence	VALID
3OWW	GENERATED	train	KEPT	2	176	/storage9920/home/tinghao.xia/Data_FM/RNA_FM_embeddings/3OWW/rnafm_t12_residue_embeddings.pt	full_sequence	VALID
3OWZ	GENERATED	train	KEPT	2	176	/storage9920/home/tinghao.xia/Data_FM/RNA_FM_embeddings/3OWZ/rnafm_t12_residue_embeddings.pt	full_sequence	VALID
3OX0	GENERATED	train	KEPT	2	176	/storage9920/home/tinghao.xia/Data_FM/RNA_FM_embeddings/3OX0/rnafm_t12_residue_embeddings.pt	full_sequence	VALID
3OXB	GENERATED	train	KEPT	2	176	/storage9920/home/tinghao.xia/Data_FM/RNA_FM_embeddings/3OXB/rnafm_t12_residue_embeddings.pt	full_sequence	VALID
3OXD	GENERATED	train	KEPT	2	176	/storage9920/home/tinghao.xia/Data_FM/RNA_FM_embeddings/3OXD/rnafm_t12_residue_embeddings.pt	full_sequence	VALID
3OXE	GENERATED	train	KEPT	2	176	/storage9920/home/tinghao.xia/Data_FM/RNA_FM_embeddings/3OXE/rnafm_t12_residue_embeddings.pt	full_sequence	VALID
3OXJ	GENERATED	train	KEPT	2	176	/storage9920/home/tinghao.xia/Data_FM/RNA_FM_embeddings/3OXJ/rnafm_t12_residue_embeddings.pt	full_sequence	VALID
3OXM	GENERATED	train	KEPT	2	176	/storage9920/home/tinghao.xia/Data_FM/RNA_FM_embeddings/3OXM/rnafm_t12_residue_embeddings.pt	full_sequence	VALID
3P22	GENERATED	train	KEPT	8	196	/storage9920/home/tinghao.xia/Data_FM/RNA_FM_embeddings/3P22/rnafm_t12_residue_embeddings.pt	full_sequence	VALID
3P4A	GENERATED	train	KEPT	6	48	/storage9920/home/tinghao.xia/Data_FM/RNA_FM_embeddings/3P4A/rnafm_t12_residue_embeddings.pt	full_sequence	VALID
3P4B	GENERATED	train	KEPT	6	48	/storage9920/home/tinghao.xia/Data_FM/RNA_FM_embeddings/3P4B/rnafm_t12_residue_embeddings.pt	full_sequence	VALID
3P4C	GENERATED	train	KEPT	2	16	/storage9920/home/tinghao.xia/Data_FM/RNA_FM_embeddings/3P4C/rnafm_t12_residue_embeddings.pt	full_sequence	VALID
3P4D	GENERATED	train	KEPT	2	16	/storage9920/home/tinghao.xia/Data_FM/RNA_FM_embeddings/3P4D/rnafm_t12_residue_embeddings.pt	full_sequence	VALID
3P59	GENERATED	train	KEPT	8	100	/storage9920/home/tinghao.xia/Data_FM/RNA_FM_embeddings/3P59/rnafm_t12_residue_embeddings.pt	full_sequence	VALID
3PDR	GENERATED	train	KEPT	2	322	/storage9920/home/tinghao.xia/Data_FM/RNA_FM_embeddings/3PDR/rnafm_t12_residue_embeddings.pt	full_sequence	VALID
3PHP	GENERATED	train	KEPT	1	23	/storage9920/home/tinghao.xia/Data_FM/RNA_FM_embeddings/3PHP/rnafm_t12_residue_embeddings.pt	full_sequence	VALID
3Q3Z	GENERATED	train	KEPT	2	150	/storage9920/home/tinghao.xia/Data_FM/RNA_FM_embeddings/3Q3Z/rnafm_t12_residue_embeddings.pt	full_sequence	VALID
3Q50	GENERATED	train	KEPT	1	33	/storage9920/home/tinghao.xia/Data_FM/RNA_FM_embeddings/3Q50/rnafm_t12_residue_embeddings.pt	full_sequence	VALID
3Q51	GENERATED	train	KEPT	1	33	/storage9920/home/tinghao.xia/Data_FM/RNA_FM_embeddings/3Q51/rnafm_t12_residue_embeddings.pt	full_sequence	VALID
3R1C	GENERATED	train	KEPT	36	288	/storage9920/home/tinghao.xia/Data_FM/RNA_FM_embeddings/3R1C/rnafm_t12_residue_embeddings.pt	full_sequence	VALID
3R1D	GENERATED	train	KEPT	5	55	/storage9920/home/tinghao.xia/Data_FM/RNA_FM_embeddings/3R1D/rnafm_t12_residue_embeddings.pt	full_sequence	VALID
3R1E	GENERATED	train	KEPT	2	16	/storage9920/home/tinghao.xia/Data_FM/RNA_FM_embeddings/3R1E/rnafm_t12_residue_embeddings.pt	full_sequence	VALID
3R4F	GENERATED	train	KEPT	1	66	/storage9920/home/tinghao.xia/Data_FM/RNA_FM_embeddings/3R4F/rnafm_t12_residue_embeddings.pt	full_sequence	VALID
3RG5	GENERATED	train	KEPT	2	172	/storage9920/home/tinghao.xia/Data_FM/RNA_FM_embeddings/3RG5/rnafm_t12_residue_embeddings.pt	full_sequence	VALID
3RKF	GENERATED	train	KEPT	4	268	/storage9920/home/tinghao.xia/Data_FM/RNA_FM_embeddings/3RKF/rnafm_t12_residue_embeddings.pt	full_sequence	VALID
3S49	GENERATED	train	KEPT	7	56	/storage9920/home/tinghao.xia/Data_FM/RNA_FM_embeddings/3S49/rnafm_t12_residue_embeddings.pt	full_sequence	VALID
3S4P	GENERATED	train	KEPT	2	42	/storage9920/home/tinghao.xia/Data_FM/RNA_FM_embeddings/3S4P/rnafm_t12_residue_embeddings.pt	full_sequence	VALID
3S7C	GENERATED	train	KEPT	1	27	/storage9920/home/tinghao.xia/Data_FM/RNA_FM_embeddings/3S7C/rnafm_t12_residue_embeddings.pt	full_sequence	VALID
3S8U	GENERATED	train	KEPT	1	27	/storage9920/home/tinghao.xia/Data_FM/RNA_FM_embeddings/3S8U/rnafm_t12_residue_embeddings.pt	full_sequence	VALID
3SD3	GENERATED	train	KEPT	1	89	/storage9920/home/tinghao.xia/Data_FM/RNA_FM_embeddings/3SD3/rnafm_t12_residue_embeddings.pt	full_sequence	VALID
3SJ2	GENERATED	train	KEPT	2	36	/storage9920/home/tinghao.xia/Data_FM/RNA_FM_embeddings/3SJ2/rnafm_t12_residue_embeddings.pt	full_sequence	VALID
3SKI	GENERATED	train	KEPT	2	136	/storage9920/home/tinghao.xia/Data_FM/RNA_FM_embeddings/3SKI/rnafm_t12_residue_embeddings.pt	full_sequence	VALID
3SKL	GENERATED	train	KEPT	2	132	/storage9920/home/tinghao.xia/Data_FM/RNA_FM_embeddings/3SKL/rnafm_t12_residue_embeddings.pt	full_sequence	VALID
3SKR	GENERATED	train	KEPT	2	132	/storage9920/home/tinghao.xia/Data_FM/RNA_FM_embeddings/3SKR/rnafm_t12_residue_embeddings.pt	full_sequence	VALID
3SKT	GENERATED	train	KEPT	2	132	/storage9920/home/tinghao.xia/Data_FM/RNA_FM_embeddings/3SKT/rnafm_t12_residue_embeddings.pt	full_sequence	VALID
3SKW	GENERATED	train	KEPT	2	132	/storage9920/home/tinghao.xia/Data_FM/RNA_FM_embeddings/3SKW/rnafm_t12_residue_embeddings.pt	full_sequence	VALID
3SKZ	GENERATED	train	KEPT	2	136	/storage9920/home/tinghao.xia/Data_FM/RNA_FM_embeddings/3SKZ/rnafm_t12_residue_embeddings.pt	full_sequence	VALID
3SLM	GENERATED	train	KEPT	2	136	/storage9920/home/tinghao.xia/Data_FM/RNA_FM_embeddings/3SLM/rnafm_t12_residue_embeddings.pt	full_sequence	VALID
3SLQ	GENERATED	train	KEPT	2	136	/storage9920/home/tinghao.xia/Data_FM/RNA_FM_embeddings/3SLQ/rnafm_t12_residue_embeddings.pt	full_sequence	VALID
3SUH	GENERATED	train	KEPT	1	101	/storage9920/home/tinghao.xia/Data_FM/RNA_FM_embeddings/3SUH/rnafm_t12_residue_embeddings.pt	full_sequence	VALID
3SUX	GENERATED	train	KEPT	1	101	/storage9920/home/tinghao.xia/Data_FM/RNA_FM_embeddings/3SUX/rnafm_t12_residue_embeddings.pt	full_sequence	VALID
3SUY	GENERATED	train	KEPT	1	101	/storage9920/home/tinghao.xia/Data_FM/RNA_FM_embeddings/3SUY/rnafm_t12_residue_embeddings.pt	full_sequence	VALID
3SYW	GENERATED	train	KEPT	2	38	/storage9920/home/tinghao.xia/Data_FM/RNA_FM_embeddings/3SYW/rnafm_t12_residue_embeddings.pt	full_sequence	VALID
3SZX	GENERATED	train	KEPT	2	38	/storage9920/home/tinghao.xia/Data_FM/RNA_FM_embeddings/3SZX/rnafm_t12_residue_embeddings.pt	full_sequence	VALID
3T4B	GENERATED	train	KEPT	1	84	/storage9920/home/tinghao.xia/Data_FM/RNA_FM_embeddings/3T4B/rnafm_t12_residue_embeddings.pt	full_sequence	VALID
3TD0	GENERATED	train	KEPT	2	46	/storage9920/home/tinghao.xia/Data_FM/RNA_FM_embeddings/3TD0/rnafm_t12_residue_embeddings.pt	full_sequence	VALID
3TD1	GENERATED	train	KEPT	2	46	/storage9920/home/tinghao.xia/Data_FM/RNA_FM_embeddings/3TD1/rnafm_t12_residue_embeddings.pt	full_sequence	VALID
3TRA	GENERATED	train	KEPT	1	75	/storage9920/home/tinghao.xia/Data_FM/RNA_FM_embeddings/3TRA/rnafm_t12_residue_embeddings.pt	full_sequence	VALID
3TZR	GENERATED	train	KEPT	2	36	/storage9920/home/tinghao.xia/Data_FM/RNA_FM_embeddings/3TZR/rnafm_t12_residue_embeddings.pt	full_sequence	VALID
3VRS	GENERATED	train	KEPT	1	52	/storage9920/home/tinghao.xia/Data_FM/RNA_FM_embeddings/3VRS/rnafm_t12_residue_embeddings.pt	full_sequence	VALID
3WRU	GENERATED	train	KEPT	2	46	/storage9920/home/tinghao.xia/Data_FM/RNA_FM_embeddings/3WRU/rnafm_t12_residue_embeddings.pt	full_sequence	VALID
3ZD4	GENERATED	train	KEPT	2	63	/storage9920/home/tinghao.xia/Data_FM/RNA_FM_embeddings/3ZD4/rnafm_t12_residue_embeddings.pt	full_sequence	VALID
3ZD5	GENERATED	train	KEPT	2	63	/storage9920/home/tinghao.xia/Data_FM/RNA_FM_embeddings/3ZD5/rnafm_t12_residue_embeddings.pt	full_sequence	VALID
3ZP8	GENERATED	train	KEPT	2	63	/storage9920/home/tinghao.xia/Data_FM/RNA_FM_embeddings/3ZP8/rnafm_t12_residue_embeddings.pt	full_sequence	VALID
402D	GENERATED	train	KEPT	2	16	/storage9920/home/tinghao.xia/Data_FM/RNA_FM_embeddings/402D/rnafm_t12_residue_embeddings.pt	full_sequence	VALID
405D	GENERATED	train	KEPT	2	32	/storage9920/home/tinghao.xia/Data_FM/RNA_FM_embeddings/405D/rnafm_t12_residue_embeddings.pt	full_sequence	VALID
406D	GENERATED	train	KEPT	2	34	/storage9920/home/tinghao.xia/Data_FM/RNA_FM_embeddings/406D/rnafm_t12_residue_embeddings.pt	full_sequence	VALID
409D	GENERATED	train	KEPT	6	48	/storage9920/home/tinghao.xia/Data_FM/RNA_FM_embeddings/409D/rnafm_t12_residue_embeddings.pt	full_sequence	VALID
413D	GENERATED	train	KEPT	1	13	/storage9920/home/tinghao.xia/Data_FM/RNA_FM_embeddings/413D/rnafm_t12_residue_embeddings.pt	full_sequence	VALID
420D	GENERATED	train	KEPT	2	32	/storage9920/home/tinghao.xia/Data_FM/RNA_FM_embeddings/420D/rnafm_t12_residue_embeddings.pt	full_sequence	VALID
422D	GENERATED	train	KEPT	2	24	/storage9920/home/tinghao.xia/Data_FM/RNA_FM_embeddings/422D/rnafm_t12_residue_embeddings.pt	full_sequence	VALID
429D	GENERATED	train	KEPT	4	48	/storage9920/home/tinghao.xia/Data_FM/RNA_FM_embeddings/429D/rnafm_t12_residue_embeddings.pt	full_sequence	VALID
430D	GENERATED	train	KEPT	1	29	/storage9920/home/tinghao.xia/Data_FM/RNA_FM_embeddings/430D/rnafm_t12_residue_embeddings.pt	full_sequence	VALID
433D	GENERATED	train	KEPT	2	28	/storage9920/home/tinghao.xia/Data_FM/RNA_FM_embeddings/433D/rnafm_t12_residue_embeddings.pt	full_sequence	VALID
434D	GENERATED	train	KEPT	4	28	/storage9920/home/tinghao.xia/Data_FM/RNA_FM_embeddings/434D/rnafm_t12_residue_embeddings.pt	full_sequence	VALID
435D	GENERATED	train	KEPT	4	28	/storage9920/home/tinghao.xia/Data_FM/RNA_FM_embeddings/435D/rnafm_t12_residue_embeddings.pt	full_sequence	VALID
437D	GENERATED	train	KEPT	1	28	/storage9920/home/tinghao.xia/Data_FM/RNA_FM_embeddings/437D/rnafm_t12_residue_embeddings.pt	full_sequence	VALID
438D	GENERATED	train	KEPT	2	18	/storage9920/home/tinghao.xia/Data_FM/RNA_FM_embeddings/438D/rnafm_t12_residue_embeddings.pt	full_sequence	VALID
439D	GENERATED	train	KEPT	2	16	/storage9920/home/tinghao.xia/Data_FM/RNA_FM_embeddings/439D/rnafm_t12_residue_embeddings.pt	full_sequence	VALID
462D	GENERATED	train	KEPT	2	46	/storage9920/home/tinghao.xia/Data_FM/RNA_FM_embeddings/462D/rnafm_t12_residue_embeddings.pt	full_sequence	VALID
464D	GENERATED	train	KEPT	4	28	/storage9920/home/tinghao.xia/Data_FM/RNA_FM_embeddings/464D/rnafm_t12_residue_embeddings.pt	full_sequence	VALID
466D	GENERATED	train	KEPT	4	28	/storage9920/home/tinghao.xia/Data_FM/RNA_FM_embeddings/466D/rnafm_t12_residue_embeddings.pt	full_sequence	VALID
468D	GENERATED	train	KEPT	2	24	/storage9920/home/tinghao.xia/Data_FM/RNA_FM_embeddings/468D/rnafm_t12_residue_embeddings.pt	full_sequence	VALID
469D	GENERATED	train	KEPT	2	24	/storage9920/home/tinghao.xia/Data_FM/RNA_FM_embeddings/469D/rnafm_t12_residue_embeddings.pt	full_sequence	VALID
470D	GENERATED	train	KEPT	2	24	/storage9920/home/tinghao.xia/Data_FM/RNA_FM_embeddings/470D/rnafm_t12_residue_embeddings.pt	full_sequence	VALID
471D	GENERATED	train	KEPT	2	24	/storage9920/home/tinghao.xia/Data_FM/RNA_FM_embeddings/471D/rnafm_t12_residue_embeddings.pt	full_sequence	VALID
472D	GENERATED	train	KEPT	2	16	/storage9920/home/tinghao.xia/Data_FM/RNA_FM_embeddings/472D/rnafm_t12_residue_embeddings.pt	full_sequence	VALID
480D	GENERATED	train	KEPT	1	27	/storage9920/home/tinghao.xia/Data_FM/RNA_FM_embeddings/480D/rnafm_t12_residue_embeddings.pt	full_sequence	VALID
483D	GENERATED	train	KEPT	1	27	/storage9920/home/tinghao.xia/Data_FM/RNA_FM_embeddings/483D/rnafm_t12_residue_embeddings.pt	full_sequence	VALID
486D	GENERATED	train	KEPT	7	342	/storage9920/home/tinghao.xia/Data_FM/RNA_FM_embeddings/486D/rnafm_t12_residue_embeddings.pt	full_sequence	VALID
488D	GENERATED	train	KEPT	4	66	/storage9920/home/tinghao.xia/Data_FM/RNA_FM_embeddings/488D/rnafm_t12_residue_embeddings.pt	full_sequence	VALID
4A4R	GENERATED	train	KEPT	1	22	/storage9920/home/tinghao.xia/Data_FM/RNA_FM_embeddings/4A4R/rnafm_t12_residue_embeddings.pt	full_sequence	VALID
4A4S	GENERATED	train	KEPT	1	22	/storage9920/home/tinghao.xia/Data_FM/RNA_FM_embeddings/4A4S/rnafm_t12_residue_embeddings.pt	full_sequence	VALID
4A4T	GENERATED	train	KEPT	1	22	/storage9920/home/tinghao.xia/Data_FM/RNA_FM_embeddings/4A4T/rnafm_t12_residue_embeddings.pt	full_sequence	VALID
4A4U	GENERATED	train	KEPT	1	22	/storage9920/home/tinghao.xia/Data_FM/RNA_FM_embeddings/4A4U/rnafm_t12_residue_embeddings.pt	full_sequence	VALID
4AOB	GENERATED	train	KEPT	1	94	/storage9920/home/tinghao.xia/Data_FM/RNA_FM_embeddings/4AOB/rnafm_t12_residue_embeddings.pt	full_sequence	VALID
4B5R	GENERATED	train	KEPT	1	94	/storage9920/home/tinghao.xia/Data_FM/RNA_FM_embeddings/4B5R/rnafm_t12_residue_embeddings.pt	full_sequence	VALID
4C40	GENERATED	train	KEPT	1	19	/storage9920/home/tinghao.xia/Data_FM/RNA_FM_embeddings/4C40/rnafm_t12_residue_embeddings.pt	full_sequence	VALID
4C4Q	GENERATED	train	KEPT	1	233	/storage9920/home/tinghao.xia/Data_FM/RNA_FM_embeddings/4C4Q/rnafm_t12_residue_embeddings.pt	full_sequence	VALID
4CS1	GENERATED	train	KEPT	1	19	/storage9920/home/tinghao.xia/Data_FM/RNA_FM_embeddings/4CS1/rnafm_t12_residue_embeddings.pt	full_sequence	VALID
4DS6	GENERATED	train	KEPT	1	422	/storage9920/home/tinghao.xia/Data_FM/RNA_FM_embeddings/4DS6/rnafm_t12_residue_embeddings.pt	full_sequence	VALID
4E48	GENERATED	train	KEPT	3	60	/storage9920/home/tinghao.xia/Data_FM/RNA_FM_embeddings/4E48/rnafm_t12_residue_embeddings.pt	full_sequence	VALID
4E58	GENERATED	train	KEPT	3	24	/storage9920/home/tinghao.xia/Data_FM/RNA_FM_embeddings/4E58/rnafm_t12_residue_embeddings.pt	full_sequence	VALID
4E59	GENERATED	train	KEPT	2	16	/storage9920/home/tinghao.xia/Data_FM/RNA_FM_embeddings/4E59/rnafm_t12_residue_embeddings.pt	full_sequence	VALID
4E5C	GENERATED	train	KEPT	2	38	/storage9920/home/tinghao.xia/Data_FM/RNA_FM_embeddings/4E5C/rnafm_t12_residue_embeddings.pt	full_sequence	VALID
4E6B	GENERATED	train	KEPT	4	16	/storage9920/home/tinghao.xia/Data_FM/RNA_FM_embeddings/4E6B/rnafm_t12_residue_embeddings.pt	full_sequence	VALID
4E8K	GENERATED	train	KEPT	2	403	/storage9920/home/tinghao.xia/Data_FM/RNA_FM_embeddings/4E8K/rnafm_t12_residue_embeddings.pt	full_sequence	VALID
4E8M	GENERATED	train	KEPT	1	394	/storage9920/home/tinghao.xia/Data_FM/RNA_FM_embeddings/4E8M/rnafm_t12_residue_embeddings.pt	full_sequence	VALID
4E8N	GENERATED	train	KEPT	1	393	/storage9920/home/tinghao.xia/Data_FM/RNA_FM_embeddings/4E8N/rnafm_t12_residue_embeddings.pt	full_sequence	VALID
4E8P	GENERATED	train	KEPT	1	393	/storage9920/home/tinghao.xia/Data_FM/RNA_FM_embeddings/4E8P/rnafm_t12_residue_embeddings.pt	full_sequence	VALID
4E8Q	GENERATED	train	KEPT	1	393	/storage9920/home/tinghao.xia/Data_FM/RNA_FM_embeddings/4E8Q/rnafm_t12_residue_embeddings.pt	full_sequence	VALID
4E8R	GENERATED	train	KEPT	1	393	/storage9920/home/tinghao.xia/Data_FM/RNA_FM_embeddings/4E8R/rnafm_t12_residue_embeddings.pt	full_sequence	VALID
4E8T	GENERATED	train	KEPT	2	401	/storage9920/home/tinghao.xia/Data_FM/RNA_FM_embeddings/4E8T/rnafm_t12_residue_embeddings.pt	full_sequence	VALID
4E8V	GENERATED	train	KEPT	1	393	/storage9920/home/tinghao.xia/Data_FM/RNA_FM_embeddings/4E8V/rnafm_t12_residue_embeddings.pt	full_sequence	VALID
4EN5	GENERATED	train	KEPT	1	52	/storage9920/home/tinghao.xia/Data_FM/RNA_FM_embeddings/4EN5/rnafm_t12_residue_embeddings.pt	full_sequence	VALID
4ENA	GENERATED	train	KEPT	1	52	/storage9920/home/tinghao.xia/Data_FM/RNA_FM_embeddings/4ENA/rnafm_t12_residue_embeddings.pt	full_sequence	VALID
4ENB	GENERATED	train	KEPT	1	52	/storage9920/home/tinghao.xia/Data_FM/RNA_FM_embeddings/4ENB/rnafm_t12_residue_embeddings.pt	full_sequence	VALID
4ENC	GENERATED	train	KEPT	1	52	/storage9920/home/tinghao.xia/Data_FM/RNA_FM_embeddings/4ENC/rnafm_t12_residue_embeddings.pt	full_sequence	VALID
4ERJ	GENERATED	train	KEPT	1	161	/storage9920/home/tinghao.xia/Data_FM/RNA_FM_embeddings/4ERJ/rnafm_t12_residue_embeddings.pt	full_sequence	VALID
4ERL	GENERATED	train	KEPT	1	161	/storage9920/home/tinghao.xia/Data_FM/RNA_FM_embeddings/4ERL/rnafm_t12_residue_embeddings.pt	full_sequence	VALID
4F8U	GENERATED	train	KEPT	2	43	/storage9920/home/tinghao.xia/Data_FM/RNA_FM_embeddings/4F8U/rnafm_t12_residue_embeddings.pt	full_sequence	VALID
4F8V	GENERATED	train	KEPT	2	42	/storage9920/home/tinghao.xia/Data_FM/RNA_FM_embeddings/4F8V/rnafm_t12_residue_embeddings.pt	full_sequence	VALID
4FAQ	GENERATED	train	KEPT	1	396	/storage9920/home/tinghao.xia/Data_FM/RNA_FM_embeddings/4FAQ/rnafm_t12_residue_embeddings.pt	full_sequence	VALID
4FAR	GENERATED	train	KEPT	2	398	/storage9920/home/tinghao.xia/Data_FM/RNA_FM_embeddings/4FAR/rnafm_t12_residue_embeddings.pt	full_sequence	VALID
4FAU	GENERATED	train	KEPT	1	398	/storage9920/home/tinghao.xia/Data_FM/RNA_FM_embeddings/4FAU/rnafm_t12_residue_embeddings.pt	full_sequence	VALID
4FAW	GENERATED	train	KEPT	2	402	/storage9920/home/tinghao.xia/Data_FM/RNA_FM_embeddings/4FAW/rnafm_t12_residue_embeddings.pt	full_sequence	VALID
4FAX	GENERATED	train	KEPT	1	394	/storage9920/home/tinghao.xia/Data_FM/RNA_FM_embeddings/4FAX/rnafm_t12_residue_embeddings.pt	full_sequence	VALID
4FB0	GENERATED	train	KEPT	1	393	/storage9920/home/tinghao.xia/Data_FM/RNA_FM_embeddings/4FB0/rnafm_t12_residue_embeddings.pt	full_sequence	VALID
4FE5	GENERATED	train	KEPT	1	67	/storage9920/home/tinghao.xia/Data_FM/RNA_FM_embeddings/4FE5/rnafm_t12_residue_embeddings.pt	full_sequence	VALID
4FEJ	GENERATED	train	KEPT	1	67	/storage9920/home/tinghao.xia/Data_FM/RNA_FM_embeddings/4FEJ/rnafm_t12_residue_embeddings.pt	full_sequence	VALID
4FEL	GENERATED	train	KEPT	1	67	/storage9920/home/tinghao.xia/Data_FM/RNA_FM_embeddings/4FEL/rnafm_t12_residue_embeddings.pt	full_sequence	VALID
4FEN	GENERATED	train	KEPT	1	67	/storage9920/home/tinghao.xia/Data_FM/RNA_FM_embeddings/4FEN/rnafm_t12_residue_embeddings.pt	full_sequence	VALID
4FEO	GENERATED	train	KEPT	1	67	/storage9920/home/tinghao.xia/Data_FM/RNA_FM_embeddings/4FEO/rnafm_t12_residue_embeddings.pt	full_sequence	VALID
4FEP	GENERATED	train	KEPT	1	67	/storage9920/home/tinghao.xia/Data_FM/RNA_FM_embeddings/4FEP/rnafm_t12_residue_embeddings.pt	full_sequence	VALID
4FNJ	GENERATED	train	KEPT	1	35	/storage9920/home/tinghao.xia/Data_FM/RNA_FM_embeddings/4FNJ/rnafm_t12_residue_embeddings.pt	full_sequence	VALID
4FRG	GENERATED	train	KEPT	2	168	/storage9920/home/tinghao.xia/Data_FM/RNA_FM_embeddings/4FRG/rnafm_t12_residue_embeddings.pt	full_sequence	VALID
4FRN	GENERATED	train	KEPT	2	204	/storage9920/home/tinghao.xia/Data_FM/RNA_FM_embeddings/4FRN/rnafm_t12_residue_embeddings.pt	full_sequence	VALID
4G6P	GENERATED	train	KEPT	3	62	/storage9920/home/tinghao.xia/Data_FM/RNA_FM_embeddings/4G6P/rnafm_t12_residue_embeddings.pt	full_sequence	VALID
4G6R	GENERATED	train	KEPT	4	61	/storage9920/home/tinghao.xia/Data_FM/RNA_FM_embeddings/4G6R/rnafm_t12_residue_embeddings.pt	full_sequence	VALID
4G6S	GENERATED	train	KEPT	3	62	/storage9920/home/tinghao.xia/Data_FM/RNA_FM_embeddings/4G6S/rnafm_t12_residue_embeddings.pt	full_sequence	VALID
4GMA	GENERATED	train	KEPT	1	210	/storage9920/home/tinghao.xia/Data_FM/RNA_FM_embeddings/4GMA/rnafm_t12_residue_embeddings.pt	full_sequence	VALID
4GPW	GENERATED	train	KEPT	2	46	/storage9920/home/tinghao.xia/Data_FM/RNA_FM_embeddings/4GPW/rnafm_t12_residue_embeddings.pt	full_sequence	VALID
4GPX	GENERATED	train	KEPT	2	46	/storage9920/home/tinghao.xia/Data_FM/RNA_FM_embeddings/4GPX/rnafm_t12_residue_embeddings.pt	full_sequence	VALID
4GPY	GENERATED	train	KEPT	2	46	/storage9920/home/tinghao.xia/Data_FM/RNA_FM_embeddings/4GPY/rnafm_t12_residue_embeddings.pt	full_sequence	VALID
4GXY	GENERATED	train	KEPT	1	172	/storage9920/home/tinghao.xia/Data_FM/RNA_FM_embeddings/4GXY/rnafm_t12_residue_embeddings.pt	full_sequence	VALID
4IQS	GENERATED	train	KEPT	6	48	/storage9920/home/tinghao.xia/Data_FM/RNA_FM_embeddings/4IQS/rnafm_t12_residue_embeddings.pt	full_sequence	VALID
4J50	GENERATED	train	KEPT	2	38	/storage9920/home/tinghao.xia/Data_FM/RNA_FM_embeddings/4J50/rnafm_t12_residue_embeddings.pt	full_sequence	VALID
4JAB	GENERATED	train	KEPT	2	16	/storage9920/home/tinghao.xia/Data_FM/RNA_FM_embeddings/4JAB/rnafm_t12_residue_embeddings.pt	full_sequence	VALID
4JAH	GENERATED	train	KEPT	6	48	/storage9920/home/tinghao.xia/Data_FM/RNA_FM_embeddings/4JAH/rnafm_t12_residue_embeddings.pt	full_sequence	VALID
4JF2	GENERATED	train	KEPT	1	77	/storage9920/home/tinghao.xia/Data_FM/RNA_FM_embeddings/4JF2/rnafm_t12_residue_embeddings.pt	full_sequence	VALID
4JIY	GENERATED	train	KEPT	1	6	/storage9920/home/tinghao.xia/Data_FM/RNA_FM_embeddings/4JIY/rnafm_t12_residue_embeddings.pt	full_sequence	VALID
4JRC	GENERATED	train	KEPT	2	114	/storage9920/home/tinghao.xia/Data_FM/RNA_FM_embeddings/4JRC/rnafm_t12_residue_embeddings.pt	full_sequence	VALID
4JRD	GENERATED	train	KEPT	2	22	/storage9920/home/tinghao.xia/Data_FM/RNA_FM_embeddings/4JRD/rnafm_t12_residue_embeddings.pt	full_sequence	VALID
4JRT	GENERATED	train	KEPT	2	24	/storage9920/home/tinghao.xia/Data_FM/RNA_FM_embeddings/4JRT/rnafm_t12_residue_embeddings.pt	full_sequence	VALID
4K27	GENERATED	train	KEPT	1	55	/storage9920/home/tinghao.xia/Data_FM/RNA_FM_embeddings/4K27/rnafm_t12_residue_embeddings.pt	full_sequence	VALID
4K31	GENERATED	train	KEPT	2	46	/storage9920/home/tinghao.xia/Data_FM/RNA_FM_embeddings/4K31/rnafm_t12_residue_embeddings.pt	full_sequence	VALID
4K32	GENERATED	train	KEPT	2	46	/storage9920/home/tinghao.xia/Data_FM/RNA_FM_embeddings/4K32/rnafm_t12_residue_embeddings.pt	full_sequence	VALID
4KQY	GENERATED	train	KEPT	1	119	/storage9920/home/tinghao.xia/Data_FM/RNA_FM_embeddings/4KQY/rnafm_t12_residue_embeddings.pt	full_sequence	VALID
4KYY	GENERATED	train	KEPT	2	34	/storage9920/home/tinghao.xia/Data_FM/RNA_FM_embeddings/4KYY/rnafm_t12_residue_embeddings.pt	full_sequence	VALID
4KZ2	GENERATED	train	KEPT	3	54	/storage9920/home/tinghao.xia/Data_FM/RNA_FM_embeddings/4KZ2/rnafm_t12_residue_embeddings.pt	full_sequence	VALID
4L81	GENERATED	train	KEPT	1	96	/storage9920/home/tinghao.xia/Data_FM/RNA_FM_embeddings/4L81/rnafm_t12_residue_embeddings.pt	full_sequence	VALID
4LVV	GENERATED	train	KEPT	1	89	/storage9920/home/tinghao.xia/Data_FM/RNA_FM_embeddings/4LVV/rnafm_t12_residue_embeddings.pt	full_sequence	VALID
4LVW	GENERATED	train	KEPT	1	89	/storage9920/home/tinghao.xia/Data_FM/RNA_FM_embeddings/4LVW/rnafm_t12_residue_embeddings.pt	full_sequence	VALID
4LVX	GENERATED	train	KEPT	1	89	/storage9920/home/tinghao.xia/Data_FM/RNA_FM_embeddings/4LVX/rnafm_t12_residue_embeddings.pt	full_sequence	VALID
4LVY	GENERATED	train	KEPT	1	89	/storage9920/home/tinghao.xia/Data_FM/RNA_FM_embeddings/4LVY/rnafm_t12_residue_embeddings.pt	full_sequence	VALID
4LVZ	GENERATED	train	KEPT	1	89	/storage9920/home/tinghao.xia/Data_FM/RNA_FM_embeddings/4LVZ/rnafm_t12_residue_embeddings.pt	full_sequence	VALID
4LW0	GENERATED	train	KEPT	1	89	/storage9920/home/tinghao.xia/Data_FM/RNA_FM_embeddings/4LW0/rnafm_t12_residue_embeddings.pt	full_sequence	VALID
4LX5	GENERATED	train	KEPT	1	71	/storage9920/home/tinghao.xia/Data_FM/RNA_FM_embeddings/4LX5/rnafm_t12_residue_embeddings.pt	full_sequence	VALID
4LX6	GENERATED	train	KEPT	1	71	/storage9920/home/tinghao.xia/Data_FM/RNA_FM_embeddings/4LX6/rnafm_t12_residue_embeddings.pt	full_sequence	VALID
4MCE	GENERATED	train	KEPT	4	42	/storage9920/home/tinghao.xia/Data_FM/RNA_FM_embeddings/4MCE/rnafm_t12_residue_embeddings.pt	full_sequence	VALID
4MCF	GENERATED	train	KEPT	8	84	/storage9920/home/tinghao.xia/Data_FM/RNA_FM_embeddings/4MCF/rnafm_t12_residue_embeddings.pt	full_sequence	VALID
4MEG	GENERATED	train	KEPT	2	153	/storage9920/home/tinghao.xia/Data_FM/RNA_FM_embeddings/4MEG/rnafm_t12_residue_embeddings.pt	full_sequence	VALID
4MEH	GENERATED	train	KEPT	2	153	/storage9920/home/tinghao.xia/Data_FM/RNA_FM_embeddings/4MEH/rnafm_t12_residue_embeddings.pt	full_sequence	VALID
4MGM	GENERATED	train	KEPT	2	150	/storage9920/home/tinghao.xia/Data_FM/RNA_FM_embeddings/4MGM/rnafm_t12_residue_embeddings.pt	full_sequence	VALID
4MGN	GENERATED	train	KEPT	4	322	/storage9920/home/tinghao.xia/Data_FM/RNA_FM_embeddings/4MGN/rnafm_t12_residue_embeddings.pt	full_sequence	VALID
4MS9	GENERATED	train	KEPT	1	10	/storage9920/home/tinghao.xia/Data_FM/RNA_FM_embeddings/4MS9/rnafm_t12_residue_embeddings.pt	full_sequence	VALID
4MSB	GENERATED	train	KEPT	6	60	/storage9920/home/tinghao.xia/Data_FM/RNA_FM_embeddings/4MSB/rnafm_t12_residue_embeddings.pt	full_sequence	VALID
4MSR	GENERATED	train	KEPT	2	20	/storage9920/home/tinghao.xia/Data_FM/RNA_FM_embeddings/4MSR/rnafm_t12_residue_embeddings.pt	full_sequence	VALID
4NFO	GENERATED	train	KEPT	3	48	/storage9920/home/tinghao.xia/Data_FM/RNA_FM_embeddings/4NFO/rnafm_t12_residue_embeddings.pt	full_sequence	VALID
4NFP	GENERATED	train	KEPT	3	48	/storage9920/home/tinghao.xia/Data_FM/RNA_FM_embeddings/4NFP/rnafm_t12_residue_embeddings.pt	full_sequence	VALID
4NFQ	GENERATED	train	KEPT	3	48	/storage9920/home/tinghao.xia/Data_FM/RNA_FM_embeddings/4NFQ/rnafm_t12_residue_embeddings.pt	full_sequence	VALID
4NLF	GENERATED	train	KEPT	1	27	/storage9920/home/tinghao.xia/Data_FM/RNA_FM_embeddings/4NLF/rnafm_t12_residue_embeddings.pt	full_sequence	VALID
4NMG	GENERATED	train	KEPT	1	27	/storage9920/home/tinghao.xia/Data_FM/RNA_FM_embeddings/4NMG/rnafm_t12_residue_embeddings.pt	full_sequence	VALID
4NXH	GENERATED	train	KEPT	1	27	/storage9920/home/tinghao.xia/Data_FM/RNA_FM_embeddings/4NXH/rnafm_t12_residue_embeddings.pt	full_sequence	VALID
4NYA	GENERATED	train	KEPT	2	160	/storage9920/home/tinghao.xia/Data_FM/RNA_FM_embeddings/4NYA/rnafm_t12_residue_embeddings.pt	full_sequence	VALID
4NYB	GENERATED	train	KEPT	1	83	/storage9920/home/tinghao.xia/Data_FM/RNA_FM_embeddings/4NYB/rnafm_t12_residue_embeddings.pt	full_sequence	VALID
4NYC	GENERATED	train	KEPT	1	83	/storage9920/home/tinghao.xia/Data_FM/RNA_FM_embeddings/4NYC/rnafm_t12_residue_embeddings.pt	full_sequence	VALID
4NYD	GENERATED	train	KEPT	1	83	/storage9920/home/tinghao.xia/Data_FM/RNA_FM_embeddings/4NYD/rnafm_t12_residue_embeddings.pt	full_sequence	VALID
4NYG	GENERATED	train	KEPT	1	83	/storage9920/home/tinghao.xia/Data_FM/RNA_FM_embeddings/4NYG/rnafm_t12_residue_embeddings.pt	full_sequence	VALID
4O41	GENERATED	train	KEPT	4	48	/storage9920/home/tinghao.xia/Data_FM/RNA_FM_embeddings/4O41/rnafm_t12_residue_embeddings.pt	full_sequence	VALID
4OJI	GENERATED	train	KEPT	1	54	/storage9920/home/tinghao.xia/Data_FM/RNA_FM_embeddings/4OJI/rnafm_t12_residue_embeddings.pt	full_sequence	VALID
4OQU	GENERATED	train	KEPT	1	97	/storage9920/home/tinghao.xia/Data_FM/RNA_FM_embeddings/4OQU/rnafm_t12_residue_embeddings.pt	full_sequence	VALID
4P20	GENERATED	train	KEPT	2	46	/storage9920/home/tinghao.xia/Data_FM/RNA_FM_embeddings/4P20/rnafm_t12_residue_embeddings.pt	full_sequence	VALID
4P3S	GENERATED	train	KEPT	2	46	/storage9920/home/tinghao.xia/Data_FM/RNA_FM_embeddings/4P3S/rnafm_t12_residue_embeddings.pt	full_sequence	VALID
4P3T	GENERATED	train	KEPT	2	46	/storage9920/home/tinghao.xia/Data_FM/RNA_FM_embeddings/4P3T/rnafm_t12_residue_embeddings.pt	full_sequence	VALID
4P3U	GENERATED	train	KEPT	4	92	/storage9920/home/tinghao.xia/Data_FM/RNA_FM_embeddings/4P3U/rnafm_t12_residue_embeddings.pt	full_sequence	VALID
4P43	GENERATED	train	KEPT	2	46	/storage9920/home/tinghao.xia/Data_FM/RNA_FM_embeddings/4P43/rnafm_t12_residue_embeddings.pt	full_sequence	VALID
4P5J	GENERATED	train	KEPT	1	86	/storage9920/home/tinghao.xia/Data_FM/RNA_FM_embeddings/4P5J/rnafm_t12_residue_embeddings.pt	full_sequence	VALID
4P8Z	GENERATED	train	KEPT	1	188	/storage9920/home/tinghao.xia/Data_FM/RNA_FM_embeddings/4P8Z/rnafm_t12_residue_embeddings.pt	full_sequence	VALID
4P97	GENERATED	train	KEPT	4	54	/storage9920/home/tinghao.xia/Data_FM/RNA_FM_embeddings/4P97/rnafm_t12_residue_embeddings.pt	full_sequence	VALID
4P9R	GENERATED	train	KEPT	1	192	/storage9920/home/tinghao.xia/Data_FM/RNA_FM_embeddings/4P9R/rnafm_t12_residue_embeddings.pt	full_sequence	VALID
4PCJ	GENERATED	train	KEPT	1	35	/storage9920/home/tinghao.xia/Data_FM/RNA_FM_embeddings/4PCJ/rnafm_t12_residue_embeddings.pt	full_sequence	VALID
4PCO	GENERATED	train	KEPT	5	50	/storage9920/home/tinghao.xia/Data_FM/RNA_FM_embeddings/4PCO/rnafm_t12_residue_embeddings.pt	full_sequence	VALID
4PDQ	GENERATED	train	KEPT	2	46	/storage9920/home/tinghao.xia/Data_FM/RNA_FM_embeddings/4PDQ/rnafm_t12_residue_embeddings.pt	full_sequence	VALID
4PHY	GENERATED	train	KEPT	2	46	/storage9920/home/tinghao.xia/Data_FM/RNA_FM_embeddings/4PHY/rnafm_t12_residue_embeddings.pt	full_sequence	VALID
4PLX	GENERATED	train	KEPT	3	228	/storage9920/home/tinghao.xia/Data_FM/RNA_FM_embeddings/4PLX/rnafm_t12_residue_embeddings.pt	full_sequence	VALID
4PQV	GENERATED	train	KEPT	1	68	/storage9920/home/tinghao.xia/Data_FM/RNA_FM_embeddings/4PQV/rnafm_t12_residue_embeddings.pt	full_sequence	VALID
4QJD	GENERATED	train	KEPT	8	292	/storage9920/home/tinghao.xia/Data_FM/RNA_FM_embeddings/4QJD/rnafm_t12_residue_embeddings.pt	full_sequence	VALID
4QJH	GENERATED	train	KEPT	6	222	/storage9920/home/tinghao.xia/Data_FM/RNA_FM_embeddings/4QJH/rnafm_t12_residue_embeddings.pt	full_sequence	VALID
4QK8	GENERATED	train	KEPT	1	122	/storage9920/home/tinghao.xia/Data_FM/RNA_FM_embeddings/4QK8/rnafm_t12_residue_embeddings.pt	full_sequence	VALID
4QK9	GENERATED	train	KEPT	1	124	/storage9920/home/tinghao.xia/Data_FM/RNA_FM_embeddings/4QK9/rnafm_t12_residue_embeddings.pt	full_sequence	VALID
4QKA	GENERATED	train	KEPT	1	122	/storage9920/home/tinghao.xia/Data_FM/RNA_FM_embeddings/4QKA/rnafm_t12_residue_embeddings.pt	full_sequence	VALID
4QLM	GENERATED	train	KEPT	1	125	/storage9920/home/tinghao.xia/Data_FM/RNA_FM_embeddings/4QLM/rnafm_t12_residue_embeddings.pt	full_sequence	VALID
4QLN	GENERATED	train	KEPT	1	125	/storage9920/home/tinghao.xia/Data_FM/RNA_FM_embeddings/4QLN/rnafm_t12_residue_embeddings.pt	full_sequence	VALID
4R0D	GENERATED	train	KEPT	2	642	/storage9920/home/tinghao.xia/Data_FM/RNA_FM_embeddings/4R0D/rnafm_t12_residue_embeddings.pt	full_sequence	VALID
4R4P	GENERATED	train	KEPT	1	186	/storage9920/home/tinghao.xia/Data_FM/RNA_FM_embeddings/4R4P/rnafm_t12_residue_embeddings.pt	full_sequence	VALID
4R4V	GENERATED	train	KEPT	1	186	/storage9920/home/tinghao.xia/Data_FM/RNA_FM_embeddings/4R4V/rnafm_t12_residue_embeddings.pt	full_sequence	VALID
4RBQ	GENERATED	train	KEPT	1	32	/storage9920/home/tinghao.xia/Data_FM/RNA_FM_embeddings/4RBQ/rnafm_t12_residue_embeddings.pt	full_sequence	VALID
4RBY	GENERATED	train	KEPT	1	12	/storage9920/home/tinghao.xia/Data_FM/RNA_FM_embeddings/4RBY/rnafm_t12_residue_embeddings.pt	full_sequence	VALID
4RBZ	GENERATED	train	KEPT	1	12	/storage9920/home/tinghao.xia/Data_FM/RNA_FM_embeddings/4RBZ/rnafm_t12_residue_embeddings.pt	full_sequence	VALID
4RC0	GENERATED	train	KEPT	1	12	/storage9920/home/tinghao.xia/Data_FM/RNA_FM_embeddings/4RC0/rnafm_t12_residue_embeddings.pt	full_sequence	VALID
4RGE	GENERATED	train	KEPT	3	168	/storage9920/home/tinghao.xia/Data_FM/RNA_FM_embeddings/4RGE/rnafm_t12_residue_embeddings.pt	full_sequence	VALID
4RGF	GENERATED	train	KEPT	3	168	/storage9920/home/tinghao.xia/Data_FM/RNA_FM_embeddings/4RGF/rnafm_t12_residue_embeddings.pt	full_sequence	VALID
4RJ1	GENERATED	train	KEPT	2	12	/storage9920/home/tinghao.xia/Data_FM/RNA_FM_embeddings/4RJ1/rnafm_t12_residue_embeddings.pt	full_sequence	VALID
4RKV	GENERATED	train	KEPT	2	12	/storage9920/home/tinghao.xia/Data_FM/RNA_FM_embeddings/4RKV/rnafm_t12_residue_embeddings.pt	full_sequence	VALID
4RNE	GENERATED	train	KEPT	8	48	/storage9920/home/tinghao.xia/Data_FM/RNA_FM_embeddings/4RNE/rnafm_t12_residue_embeddings.pt	full_sequence	VALID
4RUM	GENERATED	train	KEPT	1	94	/storage9920/home/tinghao.xia/Data_FM/RNA_FM_embeddings/4RUM/rnafm_t12_residue_embeddings.pt	full_sequence	VALID
4RZD	GENERATED	train	KEPT	1	101	/storage9920/home/tinghao.xia/Data_FM/RNA_FM_embeddings/4RZD/rnafm_t12_residue_embeddings.pt	full_sequence	VALID
4TNA	GENERATED	train	KEPT	1	76	/storage9920/home/tinghao.xia/Data_FM/RNA_FM_embeddings/4TNA/rnafm_t12_residue_embeddings.pt	full_sequence	VALID
4TRA	GENERATED	train	KEPT	1	76	/storage9920/home/tinghao.xia/Data_FM/RNA_FM_embeddings/4TRA/rnafm_t12_residue_embeddings.pt	full_sequence	VALID
4TS0	GENERATED	train	KEPT	2	91	/storage9920/home/tinghao.xia/Data_FM/RNA_FM_embeddings/4TS0/rnafm_t12_residue_embeddings.pt	full_sequence	VALID
4TS2	GENERATED	train	KEPT	2	91	/storage9920/home/tinghao.xia/Data_FM/RNA_FM_embeddings/4TS2/rnafm_t12_residue_embeddings.pt	full_sequence	VALID
4TZX	GENERATED	train	KEPT	1	71	/storage9920/home/tinghao.xia/Data_FM/RNA_FM_embeddings/4TZX/rnafm_t12_residue_embeddings.pt	full_sequence	VALID
4TZY	GENERATED	train	KEPT	1	71	/storage9920/home/tinghao.xia/Data_FM/RNA_FM_embeddings/4TZY/rnafm_t12_residue_embeddings.pt	full_sequence	VALID
4U34	GENERATED	train	KEPT	2	14	/storage9920/home/tinghao.xia/Data_FM/RNA_FM_embeddings/4U34/rnafm_t12_residue_embeddings.pt	full_sequence	VALID
4U35	GENERATED	train	KEPT	2	14	/storage9920/home/tinghao.xia/Data_FM/RNA_FM_embeddings/4U35/rnafm_t12_residue_embeddings.pt	full_sequence	VALID
4U37	GENERATED	train	KEPT	2	14	/storage9920/home/tinghao.xia/Data_FM/RNA_FM_embeddings/4U37/rnafm_t12_residue_embeddings.pt	full_sequence	VALID
4U38	GENERATED	train	KEPT	8	56	/storage9920/home/tinghao.xia/Data_FM/RNA_FM_embeddings/4U38/rnafm_t12_residue_embeddings.pt	full_sequence	VALID
4U3L	GENERATED	train	KEPT	2	16	/storage9920/home/tinghao.xia/Data_FM/RNA_FM_embeddings/4U3L/rnafm_t12_residue_embeddings.pt	full_sequence	VALID
4U3O	GENERATED	train	KEPT	2	16	/storage9920/home/tinghao.xia/Data_FM/RNA_FM_embeddings/4U3O/rnafm_t12_residue_embeddings.pt	full_sequence	VALID
4U3P	GENERATED	train	KEPT	2	16	/storage9920/home/tinghao.xia/Data_FM/RNA_FM_embeddings/4U3P/rnafm_t12_residue_embeddings.pt	full_sequence	VALID
4U3R	GENERATED	train	KEPT	2	16	/storage9920/home/tinghao.xia/Data_FM/RNA_FM_embeddings/4U3R/rnafm_t12_residue_embeddings.pt	full_sequence	VALID
4U47	GENERATED	train	KEPT	2	16	/storage9920/home/tinghao.xia/Data_FM/RNA_FM_embeddings/4U47/rnafm_t12_residue_embeddings.pt	full_sequence	VALID
4U78	GENERATED	train	KEPT	2	16	/storage9920/home/tinghao.xia/Data_FM/RNA_FM_embeddings/4U78/rnafm_t12_residue_embeddings.pt	full_sequence	VALID
4WFL	GENERATED	train	KEPT	1	107	/storage9920/home/tinghao.xia/Data_FM/RNA_FM_embeddings/4WFL/rnafm_t12_residue_embeddings.pt	full_sequence	VALID
4WFM	GENERATED	train	KEPT	2	206	/storage9920/home/tinghao.xia/Data_FM/RNA_FM_embeddings/4WFM/rnafm_t12_residue_embeddings.pt	full_sequence	VALID
4XK0	GENERATED	train	KEPT	2	12	/storage9920/home/tinghao.xia/Data_FM/RNA_FM_embeddings/4XK0/rnafm_t12_residue_embeddings.pt	full_sequence	VALID
4XNR	GENERATED	train	KEPT	1	71	/storage9920/home/tinghao.xia/Data_FM/RNA_FM_embeddings/4XNR/rnafm_t12_residue_embeddings.pt	full_sequence	VALID
4XW0	GENERATED	train	KEPT	2	20	/storage9920/home/tinghao.xia/Data_FM/RNA_FM_embeddings/4XW0/rnafm_t12_residue_embeddings.pt	full_sequence	VALID
4XW1	GENERATED	train	KEPT	1	9	/storage9920/home/tinghao.xia/Data_FM/RNA_FM_embeddings/4XW1/rnafm_t12_residue_embeddings.pt	full_sequence	VALID
4XW7	GENERATED	train	KEPT	1	64	/storage9920/home/tinghao.xia/Data_FM/RNA_FM_embeddings/4XW7/rnafm_t12_residue_embeddings.pt	full_sequence	VALID
4XWF	GENERATED	train	KEPT	1	64	/storage9920/home/tinghao.xia/Data_FM/RNA_FM_embeddings/4XWF/rnafm_t12_residue_embeddings.pt	full_sequence	VALID
4Y1I	GENERATED	train	KEPT	2	200	/storage9920/home/tinghao.xia/Data_FM/RNA_FM_embeddings/4Y1I/rnafm_t12_residue_embeddings.pt	full_sequence	VALID
4Y1J	GENERATED	train	KEPT	2	200	/storage9920/home/tinghao.xia/Data_FM/RNA_FM_embeddings/4Y1J/rnafm_t12_residue_embeddings.pt	full_sequence	VALID
4Y1M	GENERATED	train	KEPT	2	214	/storage9920/home/tinghao.xia/Data_FM/RNA_FM_embeddings/4Y1M/rnafm_t12_residue_embeddings.pt	full_sequence	VALID
4Y1N	GENERATED	train	KEPT	2	550	/storage9920/home/tinghao.xia/Data_FM/RNA_FM_embeddings/4Y1N/rnafm_t12_residue_embeddings.pt	full_sequence	VALID
4Y1O	GENERATED	train	KEPT	2	550	/storage9920/home/tinghao.xia/Data_FM/RNA_FM_embeddings/4Y1O/rnafm_t12_residue_embeddings.pt	full_sequence	VALID
4Y27	GENERATED	train	KEPT	1	27	/storage9920/home/tinghao.xia/Data_FM/RNA_FM_embeddings/4Y27/rnafm_t12_residue_embeddings.pt	full_sequence	VALID
4YAZ	GENERATED	train	KEPT	2	168	/storage9920/home/tinghao.xia/Data_FM/RNA_FM_embeddings/4YAZ/rnafm_t12_residue_embeddings.pt	full_sequence	VALID
4YB0	GENERATED	train	KEPT	2	166	/storage9920/home/tinghao.xia/Data_FM/RNA_FM_embeddings/4YB0/rnafm_t12_residue_embeddings.pt	full_sequence	VALID
4YN6	GENERATED	train	KEPT	2	38	/storage9920/home/tinghao.xia/Data_FM/RNA_FM_embeddings/4YN6/rnafm_t12_residue_embeddings.pt	full_sequence	VALID
4ZC7	GENERATED	train	KEPT	4	368	/storage9920/home/tinghao.xia/Data_FM/RNA_FM_embeddings/4ZC7/rnafm_t12_residue_embeddings.pt	full_sequence	VALID
4ZNP	GENERATED	train	KEPT	2	146	/storage9920/home/tinghao.xia/Data_FM/RNA_FM_embeddings/4ZNP/rnafm_t12_residue_embeddings.pt	full_sequence	VALID
5A17	GENERATED	train	KEPT	1	32	/storage9920/home/tinghao.xia/Data_FM/RNA_FM_embeddings/5A17/rnafm_t12_residue_embeddings.pt	full_sequence	VALID
5A18	GENERATED	train	KEPT	1	32	/storage9920/home/tinghao.xia/Data_FM/RNA_FM_embeddings/5A18/rnafm_t12_residue_embeddings.pt	full_sequence	VALID
5AY2	GENERATED	train	KEPT	4	48	/storage9920/home/tinghao.xia/Data_FM/RNA_FM_embeddings/5AY2/rnafm_t12_residue_embeddings.pt	full_sequence	VALID
5AY3	GENERATED	train	KEPT	2	24	/storage9920/home/tinghao.xia/Data_FM/RNA_FM_embeddings/5AY3/rnafm_t12_residue_embeddings.pt	full_sequence	VALID
5AY4	GENERATED	train	KEPT	2	24	/storage9920/home/tinghao.xia/Data_FM/RNA_FM_embeddings/5AY4/rnafm_t12_residue_embeddings.pt	full_sequence	VALID
5BJO	GENERATED	train	KEPT	2	72	/storage9920/home/tinghao.xia/Data_FM/RNA_FM_embeddings/5BJO/rnafm_t12_residue_embeddings.pt	full_sequence	VALID
5BJP	GENERATED	train	KEPT	2	72	/storage9920/home/tinghao.xia/Data_FM/RNA_FM_embeddings/5BJP/rnafm_t12_residue_embeddings.pt	full_sequence	VALID
5BTM	GENERATED	train	KEPT	2	110	/storage9920/home/tinghao.xia/Data_FM/RNA_FM_embeddings/5BTM/rnafm_t12_residue_embeddings.pt	full_sequence	VALID
5BTP	GENERATED	train	KEPT	2	150	/storage9920/home/tinghao.xia/Data_FM/RNA_FM_embeddings/5BTP/rnafm_t12_residue_embeddings.pt	full_sequence	VALID
5C45	GENERATED	train	KEPT	2	110	/storage9920/home/tinghao.xia/Data_FM/RNA_FM_embeddings/5C45/rnafm_t12_residue_embeddings.pt	full_sequence	VALID
5C5W	GENERATED	train	KEPT	1	19	/storage9920/home/tinghao.xia/Data_FM/RNA_FM_embeddings/5C5W/rnafm_t12_residue_embeddings.pt	full_sequence	VALID
5C7U	GENERATED	train	KEPT	1	67	/storage9920/home/tinghao.xia/Data_FM/RNA_FM_embeddings/5C7U/rnafm_t12_residue_embeddings.pt	full_sequence	VALID
5C7W	GENERATED	train	KEPT	1	67	/storage9920/home/tinghao.xia/Data_FM/RNA_FM_embeddings/5C7W/rnafm_t12_residue_embeddings.pt	full_sequence	VALID
5CNR	GENERATED	train	KEPT	4	54	/storage9920/home/tinghao.xia/Data_FM/RNA_FM_embeddings/5CNR/rnafm_t12_residue_embeddings.pt	full_sequence	VALID
5D5L	GENERATED	train	KEPT	4	308	/storage9920/home/tinghao.xia/Data_FM/RNA_FM_embeddings/5D5L/rnafm_t12_residue_embeddings.pt	full_sequence	VALID
5D8T	GENERATED	train	KEPT	2	16	/storage9920/home/tinghao.xia/Data_FM/RNA_FM_embeddings/5D8T/rnafm_t12_residue_embeddings.pt	full_sequence	VALID
5D99	GENERATED	train	KEPT	1	27	/storage9920/home/tinghao.xia/Data_FM/RNA_FM_embeddings/5D99/rnafm_t12_residue_embeddings.pt	full_sequence	VALID
5DA6	GENERATED	train	KEPT	1	32	/storage9920/home/tinghao.xia/Data_FM/RNA_FM_embeddings/5DA6/rnafm_t12_residue_embeddings.pt	full_sequence	VALID
5DER	GENERATED	train	KEPT	4	32	/storage9920/home/tinghao.xia/Data_FM/RNA_FM_embeddings/5DER/rnafm_t12_residue_embeddings.pt	full_sequence	VALID
5DH7	GENERATED	train	KEPT	2	68	/storage9920/home/tinghao.xia/Data_FM/RNA_FM_embeddings/5DH7/rnafm_t12_residue_embeddings.pt	full_sequence	VALID
5DHB	GENERATED	train	KEPT	4	28	/storage9920/home/tinghao.xia/Data_FM/RNA_FM_embeddings/5DHB/rnafm_t12_residue_embeddings.pt	full_sequence	VALID
5DHC	GENERATED	train	KEPT	4	56	/storage9920/home/tinghao.xia/Data_FM/RNA_FM_embeddings/5DHC/rnafm_t12_residue_embeddings.pt	full_sequence	VALID
5DO5	GENERATED	train	KEPT	1	12	/storage9920/home/tinghao.xia/Data_FM/RNA_FM_embeddings/5DO5/rnafm_t12_residue_embeddings.pt	full_sequence	VALID
5DUN	GENERATED	train	KEPT	1	54	/storage9920/home/tinghao.xia/Data_FM/RNA_FM_embeddings/5DUN/rnafm_t12_residue_embeddings.pt	full_sequence	VALID
5E54	GENERATED	train	KEPT	2	142	/storage9920/home/tinghao.xia/Data_FM/RNA_FM_embeddings/5E54/rnafm_t12_residue_embeddings.pt	full_sequence	VALID
5EAO	GENERATED	train	KEPT	2	68	/storage9920/home/tinghao.xia/Data_FM/RNA_FM_embeddings/5EAO/rnafm_t12_residue_embeddings.pt	full_sequence	VALID
5EAQ	GENERATED	train	KEPT	2	68	/storage9920/home/tinghao.xia/Data_FM/RNA_FM_embeddings/5EAQ/rnafm_t12_residue_embeddings.pt	full_sequence	VALID
5EW4	GENERATED	train	KEPT	2	44	/storage9920/home/tinghao.xia/Data_FM/RNA_FM_embeddings/5EW4/rnafm_t12_residue_embeddings.pt	full_sequence	VALID
5EW7	GENERATED	train	KEPT	2	44	/storage9920/home/tinghao.xia/Data_FM/RNA_FM_embeddings/5EW7/rnafm_t12_residue_embeddings.pt	full_sequence	VALID
5FJ0	GENERATED	train	KEPT	3	57	/storage9920/home/tinghao.xia/Data_FM/RNA_FM_embeddings/5FJ0/rnafm_t12_residue_embeddings.pt	full_sequence	VALID
5FJ1	GENERATED	train	KEPT	8	192	/storage9920/home/tinghao.xia/Data_FM/RNA_FM_embeddings/5FJ1/rnafm_t12_residue_embeddings.pt	full_sequence	VALID
5FJC	GENERATED	train	KEPT	1	94	/storage9920/home/tinghao.xia/Data_FM/RNA_FM_embeddings/5FJC/rnafm_t12_residue_embeddings.pt	full_sequence	VALID
5FK1	GENERATED	train	KEPT	1	94	/storage9920/home/tinghao.xia/Data_FM/RNA_FM_embeddings/5FK1/rnafm_t12_residue_embeddings.pt	full_sequence	VALID
5FK2	GENERATED	train	KEPT	1	94	/storage9920/home/tinghao.xia/Data_FM/RNA_FM_embeddings/5FK2/rnafm_t12_residue_embeddings.pt	full_sequence	VALID
5FK3	GENERATED	train	KEPT	1	94	/storage9920/home/tinghao.xia/Data_FM/RNA_FM_embeddings/5FK3/rnafm_t12_residue_embeddings.pt	full_sequence	VALID
5FK4	GENERATED	train	KEPT	1	93	/storage9920/home/tinghao.xia/Data_FM/RNA_FM_embeddings/5FK4/rnafm_t12_residue_embeddings.pt	full_sequence	VALID
5FK5	GENERATED	train	KEPT	1	94	/storage9920/home/tinghao.xia/Data_FM/RNA_FM_embeddings/5FK5/rnafm_t12_residue_embeddings.pt	full_sequence	VALID
5FK6	GENERATED	train	KEPT	1	94	/storage9920/home/tinghao.xia/Data_FM/RNA_FM_embeddings/5FK6/rnafm_t12_residue_embeddings.pt	full_sequence	VALID
5FKD	GENERATED	train	KEPT	1	94	/storage9920/home/tinghao.xia/Data_FM/RNA_FM_embeddings/5FKD/rnafm_t12_residue_embeddings.pt	full_sequence	VALID
5FKE	GENERATED	train	KEPT	1	94	/storage9920/home/tinghao.xia/Data_FM/RNA_FM_embeddings/5FKE/rnafm_t12_residue_embeddings.pt	full_sequence	VALID
5FKF	GENERATED	train	KEPT	1	94	/storage9920/home/tinghao.xia/Data_FM/RNA_FM_embeddings/5FKF/rnafm_t12_residue_embeddings.pt	full_sequence	VALID
5FKG	GENERATED	train	KEPT	1	94	/storage9920/home/tinghao.xia/Data_FM/RNA_FM_embeddings/5FKG/rnafm_t12_residue_embeddings.pt	full_sequence	VALID
5FKH	GENERATED	train	KEPT	1	94	/storage9920/home/tinghao.xia/Data_FM/RNA_FM_embeddings/5FKH/rnafm_t12_residue_embeddings.pt	full_sequence	VALID
5G2Y	GENERATED	train	KEPT	1	704	/storage9920/home/tinghao.xia/Data_FM/RNA_FM_embeddings/5G2Y/rnafm_t12_residue_embeddings.pt	full_sequence	VALID
5G4T	GENERATED	train	KEPT	2	19	/storage9920/home/tinghao.xia/Data_FM/RNA_FM_embeddings/5G4T/rnafm_t12_residue_embeddings.pt	full_sequence	VALID
5HBW	GENERATED	train	KEPT	2	14	/storage9920/home/tinghao.xia/Data_FM/RNA_FM_embeddings/5HBW/rnafm_t12_residue_embeddings.pt	full_sequence	VALID
5HBX	GENERATED	train	KEPT	4	56	/storage9920/home/tinghao.xia/Data_FM/RNA_FM_embeddings/5HBX/rnafm_t12_residue_embeddings.pt	full_sequence	VALID
5HBY	GENERATED	train	KEPT	1	13	/storage9920/home/tinghao.xia/Data_FM/RNA_FM_embeddings/5HBY/rnafm_t12_residue_embeddings.pt	full_sequence	VALID
5HN2	GENERATED	train	KEPT	6	48	/storage9920/home/tinghao.xia/Data_FM/RNA_FM_embeddings/5HN2/rnafm_t12_residue_embeddings.pt	full_sequence	VALID
5HNJ	GENERATED	train	KEPT	6	48	/storage9920/home/tinghao.xia/Data_FM/RNA_FM_embeddings/5HNJ/rnafm_t12_residue_embeddings.pt	full_sequence	VALID
5HNQ	GENERATED	train	KEPT	13	104	/storage9920/home/tinghao.xia/Data_FM/RNA_FM_embeddings/5HNQ/rnafm_t12_residue_embeddings.pt	full_sequence	VALID
5IEM	GENERATED	train	KEPT	1	57	/storage9920/home/tinghao.xia/Data_FM/RNA_FM_embeddings/5IEM/rnafm_t12_residue_embeddings.pt	full_sequence	VALID
5J01	GENERATED	train	KEPT	1	418	/storage9920/home/tinghao.xia/Data_FM/RNA_FM_embeddings/5J01/rnafm_t12_residue_embeddings.pt	full_sequence	VALID
5J02	GENERATED	train	KEPT	2	425	/storage9920/home/tinghao.xia/Data_FM/RNA_FM_embeddings/5J02/rnafm_t12_residue_embeddings.pt	full_sequence	VALID
5K8H	GENERATED	train	KEPT	1	7	/storage9920/home/tinghao.xia/Data_FM/RNA_FM_embeddings/5K8H/rnafm_t12_residue_embeddings.pt	full_sequence	VALID
5KH8	GENERATED	train	KEPT	1	47	/storage9920/home/tinghao.xia/Data_FM/RNA_FM_embeddings/5KH8/rnafm_t12_residue_embeddings.pt	full_sequence	VALID
5KMZ	GENERATED	train	KEPT	1	31	/storage9920/home/tinghao.xia/Data_FM/RNA_FM_embeddings/5KMZ/rnafm_t12_residue_embeddings.pt	full_sequence	VALID
5KPY	GENERATED	train	KEPT	1	71	/storage9920/home/tinghao.xia/Data_FM/RNA_FM_embeddings/5KPY/rnafm_t12_residue_embeddings.pt	full_sequence	VALID
5KQE	GENERATED	train	KEPT	1	36	/storage9920/home/tinghao.xia/Data_FM/RNA_FM_embeddings/5KQE/rnafm_t12_residue_embeddings.pt	full_sequence	VALID
5KRG	GENERATED	train	KEPT	4	60	/storage9920/home/tinghao.xia/Data_FM/RNA_FM_embeddings/5KRG/rnafm_t12_residue_embeddings.pt	full_sequence	VALID
5KTJ	GENERATED	train	KEPT	4	130	/storage9920/home/tinghao.xia/Data_FM/RNA_FM_embeddings/5KTJ/rnafm_t12_residue_embeddings.pt	full_sequence	VALID
5KVJ	GENERATED	train	KEPT	2	32	/storage9920/home/tinghao.xia/Data_FM/RNA_FM_embeddings/5KVJ/rnafm_t12_residue_embeddings.pt	full_sequence	VALID
5KX9	GENERATED	train	KEPT	2	110	/storage9920/home/tinghao.xia/Data_FM/RNA_FM_embeddings/5KX9/rnafm_t12_residue_embeddings.pt	full_sequence	VALID
5L00	GENERATED	train	KEPT	4	60	/storage9920/home/tinghao.xia/Data_FM/RNA_FM_embeddings/5L00/rnafm_t12_residue_embeddings.pt	full_sequence	VALID
5L4O	GENERATED	train	KEPT	1	77	/storage9920/home/tinghao.xia/Data_FM/RNA_FM_embeddings/5L4O/rnafm_t12_residue_embeddings.pt	full_sequence	VALID
5LQO	GENERATED	train	KEPT	2	20	/storage9920/home/tinghao.xia/Data_FM/RNA_FM_embeddings/5LQO/rnafm_t12_residue_embeddings.pt	full_sequence	VALID
5LQT	GENERATED	train	KEPT	2	20	/storage9920/home/tinghao.xia/Data_FM/RNA_FM_embeddings/5LQT/rnafm_t12_residue_embeddings.pt	full_sequence	VALID
5LR3	GENERATED	train	KEPT	2	20	/storage9920/home/tinghao.xia/Data_FM/RNA_FM_embeddings/5LR3/rnafm_t12_residue_embeddings.pt	full_sequence	VALID
5LR4	GENERATED	train	KEPT	4	40	/storage9920/home/tinghao.xia/Data_FM/RNA_FM_embeddings/5LR4/rnafm_t12_residue_embeddings.pt	full_sequence	VALID
5LR5	GENERATED	train	KEPT	4	40	/storage9920/home/tinghao.xia/Data_FM/RNA_FM_embeddings/5LR5/rnafm_t12_residue_embeddings.pt	full_sequence	VALID
5LSN	GENERATED	train	KEPT	1	29	/storage9920/home/tinghao.xia/Data_FM/RNA_FM_embeddings/5LSN/rnafm_t12_residue_embeddings.pt	full_sequence	VALID
5LWJ	GENERATED	train	KEPT	1	34	/storage9920/home/tinghao.xia/Data_FM/RNA_FM_embeddings/5LWJ/rnafm_t12_residue_embeddings.pt	full_sequence	VALID
5LYS	GENERATED	train	KEPT	2	114	/storage9920/home/tinghao.xia/Data_FM/RNA_FM_embeddings/5LYS/rnafm_t12_residue_embeddings.pt	full_sequence	VALID
5LYU	GENERATED	train	KEPT	2	116	/storage9920/home/tinghao.xia/Data_FM/RNA_FM_embeddings/5LYU/rnafm_t12_residue_embeddings.pt	full_sequence	VALID
5LYV	GENERATED	train	KEPT	2	114	/storage9920/home/tinghao.xia/Data_FM/RNA_FM_embeddings/5LYV/rnafm_t12_residue_embeddings.pt	full_sequence	VALID
5M0H	GENERATED	train	KEPT	1	42	/storage9920/home/tinghao.xia/Data_FM/RNA_FM_embeddings/5M0H/rnafm_t12_residue_embeddings.pt	full_sequence	VALID
5ML7	GENERATED	train	KEPT	2	192	/storage9920/home/tinghao.xia/Data_FM/RNA_FM_embeddings/5ML7/rnafm_t12_residue_embeddings.pt	full_sequence	VALID
5MRX	GENERATED	train	KEPT	1	27	/storage9920/home/tinghao.xia/Data_FM/RNA_FM_embeddings/5MRX/rnafm_t12_residue_embeddings.pt	full_sequence	VALID
5MWI	GENERATED	train	KEPT	1	26	/storage9920/home/tinghao.xia/Data_FM/RNA_FM_embeddings/5MWI/rnafm_t12_residue_embeddings.pt	full_sequence	VALID
5N5C	GENERATED	train	KEPT	1	19	/storage9920/home/tinghao.xia/Data_FM/RNA_FM_embeddings/5N5C/rnafm_t12_residue_embeddings.pt	full_sequence	VALID
5NDH	GENERATED	train	KEPT	4	64	/storage9920/home/tinghao.xia/Data_FM/RNA_FM_embeddings/5NDH/rnafm_t12_residue_embeddings.pt	full_sequence	VALID
5NDI	GENERATED	train	KEPT	4	80	/storage9920/home/tinghao.xia/Data_FM/RNA_FM_embeddings/5NDI/rnafm_t12_residue_embeddings.pt	full_sequence	VALID
5NEF	GENERATED	train	KEPT	1	18	/storage9920/home/tinghao.xia/Data_FM/RNA_FM_embeddings/5NEF/rnafm_t12_residue_embeddings.pt	full_sequence	VALID
5NEO	GENERATED	train	KEPT	1	18	/storage9920/home/tinghao.xia/Data_FM/RNA_FM_embeddings/5NEO/rnafm_t12_residue_embeddings.pt	full_sequence	VALID
5NEP	GENERATED	train	KEPT	1	18	/storage9920/home/tinghao.xia/Data_FM/RNA_FM_embeddings/5NEP/rnafm_t12_residue_embeddings.pt	full_sequence	VALID
5NEQ	GENERATED	train	KEPT	1	18	/storage9920/home/tinghao.xia/Data_FM/RNA_FM_embeddings/5NEQ/rnafm_t12_residue_embeddings.pt	full_sequence	VALID
5NEX	GENERATED	train	KEPT	1	18	/storage9920/home/tinghao.xia/Data_FM/RNA_FM_embeddings/5NEX/rnafm_t12_residue_embeddings.pt	full_sequence	VALID
5NOM	GENERATED	train	KEPT	1	18	/storage9920/home/tinghao.xia/Data_FM/RNA_FM_embeddings/5NOM/rnafm_t12_residue_embeddings.pt	full_sequence	VALID
5NQI	GENERATED	train	KEPT	1	27	/storage9920/home/tinghao.xia/Data_FM/RNA_FM_embeddings/5NQI/rnafm_t12_residue_embeddings.pt	full_sequence	VALID
5NWQ	GENERATED	train	KEPT	2	82	/storage9920/home/tinghao.xia/Data_FM/RNA_FM_embeddings/5NWQ/rnafm_t12_residue_embeddings.pt	full_sequence	VALID
5NXT	GENERATED	train	KEPT	1	18	/storage9920/home/tinghao.xia/Data_FM/RNA_FM_embeddings/5NXT/rnafm_t12_residue_embeddings.pt	full_sequence	VALID
5NY8	GENERATED	train	KEPT	2	82	/storage9920/home/tinghao.xia/Data_FM/RNA_FM_embeddings/5NY8/rnafm_t12_residue_embeddings.pt	full_sequence	VALID
5NZ3	GENERATED	train	KEPT	2	82	/storage9920/home/tinghao.xia/Data_FM/RNA_FM_embeddings/5NZ3/rnafm_t12_residue_embeddings.pt	full_sequence	VALID
5NZ6	GENERATED	train	KEPT	1	41	/storage9920/home/tinghao.xia/Data_FM/RNA_FM_embeddings/5NZ6/rnafm_t12_residue_embeddings.pt	full_sequence	VALID
5NZD	GENERATED	train	KEPT	2	82	/storage9920/home/tinghao.xia/Data_FM/RNA_FM_embeddings/5NZD/rnafm_t12_residue_embeddings.pt	full_sequence	VALID
5O62	GENERATED	train	KEPT	2	82	/storage9920/home/tinghao.xia/Data_FM/RNA_FM_embeddings/5O62/rnafm_t12_residue_embeddings.pt	full_sequence	VALID
5O69	GENERATED	train	KEPT	2	82	/storage9920/home/tinghao.xia/Data_FM/RNA_FM_embeddings/5O69/rnafm_t12_residue_embeddings.pt	full_sequence	VALID
5OB3	GENERATED	train	KEPT	1	69	/storage9920/home/tinghao.xia/Data_FM/RNA_FM_embeddings/5OB3/rnafm_t12_residue_embeddings.pt	full_sequence	VALID
5OR0	GENERATED	train	KEPT	2	22	/storage9920/home/tinghao.xia/Data_FM/RNA_FM_embeddings/5OR0/rnafm_t12_residue_embeddings.pt	full_sequence	VALID
5SWD	GENERATED	train	KEPT	2	142	/storage9920/home/tinghao.xia/Data_FM/RNA_FM_embeddings/5SWD/rnafm_t12_residue_embeddings.pt	full_sequence	VALID
5SWE	GENERATED	train	KEPT	1	71	/storage9920/home/tinghao.xia/Data_FM/RNA_FM_embeddings/5SWE/rnafm_t12_residue_embeddings.pt	full_sequence	VALID
5T3K	GENERATED	train	KEPT	4	66	/storage9920/home/tinghao.xia/Data_FM/RNA_FM_embeddings/5T3K/rnafm_t12_residue_embeddings.pt	full_sequence	VALID
5T83	GENERATED	train	KEPT	1	95	/storage9920/home/tinghao.xia/Data_FM/RNA_FM_embeddings/5T83/rnafm_t12_residue_embeddings.pt	full_sequence	VALID
5TDJ	GENERATED	train	KEPT	2	20	/storage9920/home/tinghao.xia/Data_FM/RNA_FM_embeddings/5TDJ/rnafm_t12_residue_embeddings.pt	full_sequence	VALID
5TDK	GENERATED	train	KEPT	2	20	/storage9920/home/tinghao.xia/Data_FM/RNA_FM_embeddings/5TDK/rnafm_t12_residue_embeddings.pt	full_sequence	VALID
5TGP	GENERATED	train	KEPT	2	16	/storage9920/home/tinghao.xia/Data_FM/RNA_FM_embeddings/5TGP/rnafm_t12_residue_embeddings.pt	full_sequence	VALID
5TKO	GENERATED	train	KEPT	4	28	/storage9920/home/tinghao.xia/Data_FM/RNA_FM_embeddings/5TKO/rnafm_t12_residue_embeddings.pt	full_sequence	VALID
5TPY	GENERATED	train	KEPT	1	71	/storage9920/home/tinghao.xia/Data_FM/RNA_FM_embeddings/5TPY/rnafm_t12_residue_embeddings.pt	full_sequence	VALID
5U3G	GENERATED	train	KEPT	1	85	/storage9920/home/tinghao.xia/Data_FM/RNA_FM_embeddings/5U3G/rnafm_t12_residue_embeddings.pt	full_sequence	VALID
5UED	GENERATED	train	KEPT	2	28	/storage9920/home/tinghao.xia/Data_FM/RNA_FM_embeddings/5UED/rnafm_t12_residue_embeddings.pt	full_sequence	VALID
5UEE	GENERATED	train	KEPT	2	28	/storage9920/home/tinghao.xia/Data_FM/RNA_FM_embeddings/5UEE/rnafm_t12_residue_embeddings.pt	full_sequence	VALID
5UEF	GENERATED	train	KEPT	4	32	/storage9920/home/tinghao.xia/Data_FM/RNA_FM_embeddings/5UEF/rnafm_t12_residue_embeddings.pt	full_sequence	VALID
5UEG	GENERATED	train	KEPT	4	56	/storage9920/home/tinghao.xia/Data_FM/RNA_FM_embeddings/5UEG/rnafm_t12_residue_embeddings.pt	full_sequence	VALID
5UF3	GENERATED	train	KEPT	1	23	/storage9920/home/tinghao.xia/Data_FM/RNA_FM_embeddings/5UF3/rnafm_t12_residue_embeddings.pt	full_sequence	VALID
5UNE	GENERATED	train	KEPT	2	94	/storage9920/home/tinghao.xia/Data_FM/RNA_FM_embeddings/5UNE/rnafm_t12_residue_embeddings.pt	full_sequence	VALID
5UX3	GENERATED	train	KEPT	2	33	/storage9920/home/tinghao.xia/Data_FM/RNA_FM_embeddings/5UX3/rnafm_t12_residue_embeddings.pt	full_sequence	VALID
5UZ6	GENERATED	train	KEPT	6	99	/storage9920/home/tinghao.xia/Data_FM/RNA_FM_embeddings/5UZ6/rnafm_t12_residue_embeddings.pt	full_sequence	VALID
5UZA	GENERATED	train	KEPT	1	71	/storage9920/home/tinghao.xia/Data_FM/RNA_FM_embeddings/5UZA/rnafm_t12_residue_embeddings.pt	full_sequence	VALID
5UZT	GENERATED	train	KEPT	1	31	/storage9920/home/tinghao.xia/Data_FM/RNA_FM_embeddings/5UZT/rnafm_t12_residue_embeddings.pt	full_sequence	VALID
5V0H	GENERATED	train	KEPT	2	30	/storage9920/home/tinghao.xia/Data_FM/RNA_FM_embeddings/5V0H/rnafm_t12_residue_embeddings.pt	full_sequence	VALID
5V0J	GENERATED	train	KEPT	2	28	/storage9920/home/tinghao.xia/Data_FM/RNA_FM_embeddings/5V0J/rnafm_t12_residue_embeddings.pt	full_sequence	VALID
5V0K	GENERATED	train	KEPT	1	13	/storage9920/home/tinghao.xia/Data_FM/RNA_FM_embeddings/5V0K/rnafm_t12_residue_embeddings.pt	full_sequence	VALID
5V0O	GENERATED	train	KEPT	2	33	/storage9920/home/tinghao.xia/Data_FM/RNA_FM_embeddings/5V0O/rnafm_t12_residue_embeddings.pt	full_sequence	VALID
5V16	GENERATED	train	KEPT	1	41	/storage9920/home/tinghao.xia/Data_FM/RNA_FM_embeddings/5V16/rnafm_t12_residue_embeddings.pt	full_sequence	VALID
5V17	GENERATED	train	KEPT	1	41	/storage9920/home/tinghao.xia/Data_FM/RNA_FM_embeddings/5V17/rnafm_t12_residue_embeddings.pt	full_sequence	VALID
5V1K	GENERATED	train	KEPT	2	24	/storage9920/home/tinghao.xia/Data_FM/RNA_FM_embeddings/5V1K/rnafm_t12_residue_embeddings.pt	full_sequence	VALID
5V1L	GENERATED	train	KEPT	4	48	/storage9920/home/tinghao.xia/Data_FM/RNA_FM_embeddings/5V1L/rnafm_t12_residue_embeddings.pt	full_sequence	VALID
5V2H	GENERATED	train	KEPT	4	32	/storage9920/home/tinghao.xia/Data_FM/RNA_FM_embeddings/5V2H/rnafm_t12_residue_embeddings.pt	full_sequence	VALID
5V2R	GENERATED	train	KEPT	2	30	/storage9920/home/tinghao.xia/Data_FM/RNA_FM_embeddings/5V2R/rnafm_t12_residue_embeddings.pt	full_sequence	VALID
5V3F	GENERATED	train	KEPT	2	62	/storage9920/home/tinghao.xia/Data_FM/RNA_FM_embeddings/5V3F/rnafm_t12_residue_embeddings.pt	full_sequence	VALID
5V3I	GENERATED	train	KEPT	1	186	/storage9920/home/tinghao.xia/Data_FM/RNA_FM_embeddings/5V3I/rnafm_t12_residue_embeddings.pt	full_sequence	VALID
5V9Z	GENERATED	train	KEPT	2	33	/storage9920/home/tinghao.xia/Data_FM/RNA_FM_embeddings/5V9Z/rnafm_t12_residue_embeddings.pt	full_sequence	VALID
5VCF	GENERATED	train	KEPT	2	34	/storage9920/home/tinghao.xia/Data_FM/RNA_FM_embeddings/5VCF/rnafm_t12_residue_embeddings.pt	full_sequence	VALID
5VCI	GENERATED	train	KEPT	2	34	/storage9920/home/tinghao.xia/Data_FM/RNA_FM_embeddings/5VCI/rnafm_t12_residue_embeddings.pt	full_sequence	VALID
5VGW	GENERATED	train	KEPT	2	35	/storage9920/home/tinghao.xia/Data_FM/RNA_FM_embeddings/5VGW/rnafm_t12_residue_embeddings.pt	full_sequence	VALID
5VH7	GENERATED	train	KEPT	2	30	/storage9920/home/tinghao.xia/Data_FM/RNA_FM_embeddings/5VH7/rnafm_t12_residue_embeddings.pt	full_sequence	VALID
5VH8	GENERATED	train	KEPT	2	30	/storage9920/home/tinghao.xia/Data_FM/RNA_FM_embeddings/5VH8/rnafm_t12_residue_embeddings.pt	full_sequence	VALID
5VJ9	GENERATED	train	KEPT	4	64	/storage9920/home/tinghao.xia/Data_FM/RNA_FM_embeddings/5VJ9/rnafm_t12_residue_embeddings.pt	full_sequence	VALID
5VJB	GENERATED	train	KEPT	4	64	/storage9920/home/tinghao.xia/Data_FM/RNA_FM_embeddings/5VJB/rnafm_t12_residue_embeddings.pt	full_sequence	VALID
5VR4	GENERATED	train	KEPT	4	32	/storage9920/home/tinghao.xia/Data_FM/RNA_FM_embeddings/5VR4/rnafm_t12_residue_embeddings.pt	full_sequence	VALID
5WQ1	GENERATED	train	KEPT	1	23	/storage9920/home/tinghao.xia/Data_FM/RNA_FM_embeddings/5WQ1/rnafm_t12_residue_embeddings.pt	full_sequence	VALID
5XI1	GENERATED	train	KEPT	2	18	/storage9920/home/tinghao.xia/Data_FM/RNA_FM_embeddings/5XI1/rnafm_t12_residue_embeddings.pt	full_sequence	VALID
5XWG	GENERATED	train	KEPT	1	15	/storage9920/home/tinghao.xia/Data_FM/RNA_FM_embeddings/5XWG/rnafm_t12_residue_embeddings.pt	full_sequence	VALID
5XZ1	GENERATED	train	KEPT	4	88	/storage9920/home/tinghao.xia/Data_FM/RNA_FM_embeddings/5XZ1/rnafm_t12_residue_embeddings.pt	full_sequence	VALID
5Z1H	GENERATED	train	KEPT	2	46	/storage9920/home/tinghao.xia/Data_FM/RNA_FM_embeddings/5Z1H/rnafm_t12_residue_embeddings.pt	full_sequence	VALID
5Z1I	GENERATED	train	KEPT	1	21	/storage9920/home/tinghao.xia/Data_FM/RNA_FM_embeddings/5Z1I/rnafm_t12_residue_embeddings.pt	full_sequence	VALID
5Z71	GENERATED	train	KEPT	2	44	/storage9920/home/tinghao.xia/Data_FM/RNA_FM_embeddings/5Z71/rnafm_t12_residue_embeddings.pt	full_sequence	VALID
5ZEG	GENERATED	train	KEPT	3	69	/storage9920/home/tinghao.xia/Data_FM/RNA_FM_embeddings/5ZEG/rnafm_t12_residue_embeddings.pt	full_sequence	VALID
5ZEI	GENERATED	train	KEPT	2	43	/storage9920/home/tinghao.xia/Data_FM/RNA_FM_embeddings/5ZEI/rnafm_t12_residue_embeddings.pt	full_sequence	VALID
5ZEJ	GENERATED	train	KEPT	2	44	/storage9920/home/tinghao.xia/Data_FM/RNA_FM_embeddings/5ZEJ/rnafm_t12_residue_embeddings.pt	full_sequence	VALID
5ZEM	GENERATED	train	KEPT	2	44	/storage9920/home/tinghao.xia/Data_FM/RNA_FM_embeddings/5ZEM/rnafm_t12_residue_embeddings.pt	full_sequence	VALID
6AAS	GENERATED	train	KEPT	1	28	/storage9920/home/tinghao.xia/Data_FM/RNA_FM_embeddings/6AAS/rnafm_t12_residue_embeddings.pt	full_sequence	VALID
6AAU	GENERATED	train	KEPT	1	24	/storage9920/home/tinghao.xia/Data_FM/RNA_FM_embeddings/6AAU/rnafm_t12_residue_embeddings.pt	full_sequence	VALID
6AZ4	GENERATED	train	KEPT	2	41	/storage9920/home/tinghao.xia/Data_FM/RNA_FM_embeddings/6AZ4/rnafm_t12_residue_embeddings.pt	full_sequence	VALID
6BFB	GENERATED	train	KEPT	2	110	/storage9920/home/tinghao.xia/Data_FM/RNA_FM_embeddings/6BFB/rnafm_t12_residue_embeddings.pt	full_sequence	VALID
6BG9	GENERATED	train	KEPT	2	94	/storage9920/home/tinghao.xia/Data_FM/RNA_FM_embeddings/6BG9/rnafm_t12_residue_embeddings.pt	full_sequence	VALID
6BGB	GENERATED	train	KEPT	3	48	/storage9920/home/tinghao.xia/Data_FM/RNA_FM_embeddings/6BGB/rnafm_t12_residue_embeddings.pt	full_sequence	VALID
6BJX	GENERATED	train	KEPT	2	316	/storage9920/home/tinghao.xia/Data_FM/RNA_FM_embeddings/6BJX/rnafm_t12_residue_embeddings.pt	full_sequence	VALID
6BMD	GENERATED	train	KEPT	6	96	/storage9920/home/tinghao.xia/Data_FM/RNA_FM_embeddings/6BMD/rnafm_t12_residue_embeddings.pt	full_sequence	VALID
6BY4	GENERATED	train	KEPT	1	14	/storage9920/home/tinghao.xia/Data_FM/RNA_FM_embeddings/6BY4/rnafm_t12_residue_embeddings.pt	full_sequence	VALID
6BY5	GENERATED	train	KEPT	1	14	/storage9920/home/tinghao.xia/Data_FM/RNA_FM_embeddings/6BY5/rnafm_t12_residue_embeddings.pt	full_sequence	VALID
6C27	GENERATED	train	KEPT	2	94	/storage9920/home/tinghao.xia/Data_FM/RNA_FM_embeddings/6C27/rnafm_t12_residue_embeddings.pt	full_sequence	VALID
6C63	GENERATED	train	KEPT	3	104	/storage9920/home/tinghao.xia/Data_FM/RNA_FM_embeddings/6C63/rnafm_t12_residue_embeddings.pt	full_sequence	VALID
6C64	GENERATED	train	KEPT	3	104	/storage9920/home/tinghao.xia/Data_FM/RNA_FM_embeddings/6C64/rnafm_t12_residue_embeddings.pt	full_sequence	VALID
6C65	GENERATED	train	KEPT	3	107	/storage9920/home/tinghao.xia/Data_FM/RNA_FM_embeddings/6C65/rnafm_t12_residue_embeddings.pt	full_sequence	VALID
6C8D	GENERATED	train	KEPT	2	28	/storage9920/home/tinghao.xia/Data_FM/RNA_FM_embeddings/6C8D/rnafm_t12_residue_embeddings.pt	full_sequence	VALID
6C8E	GENERATED	train	KEPT	2	28	/storage9920/home/tinghao.xia/Data_FM/RNA_FM_embeddings/6C8E/rnafm_t12_residue_embeddings.pt	full_sequence	VALID
6C8I	GENERATED	train	KEPT	2	28	/storage9920/home/tinghao.xia/Data_FM/RNA_FM_embeddings/6C8I/rnafm_t12_residue_embeddings.pt	full_sequence	VALID
6C8J	GENERATED	train	KEPT	2	28	/storage9920/home/tinghao.xia/Data_FM/RNA_FM_embeddings/6C8J/rnafm_t12_residue_embeddings.pt	full_sequence	VALID
6C8K	GENERATED	train	KEPT	2	28	/storage9920/home/tinghao.xia/Data_FM/RNA_FM_embeddings/6C8K/rnafm_t12_residue_embeddings.pt	full_sequence	VALID
6C8L	GENERATED	train	KEPT	2	28	/storage9920/home/tinghao.xia/Data_FM/RNA_FM_embeddings/6C8L/rnafm_t12_residue_embeddings.pt	full_sequence	VALID
6C8M	GENERATED	train	KEPT	2	29	/storage9920/home/tinghao.xia/Data_FM/RNA_FM_embeddings/6C8M/rnafm_t12_residue_embeddings.pt	full_sequence	VALID
6C8N	GENERATED	train	KEPT	2	30	/storage9920/home/tinghao.xia/Data_FM/RNA_FM_embeddings/6C8N/rnafm_t12_residue_embeddings.pt	full_sequence	VALID
6C8O	GENERATED	train	KEPT	2	30	/storage9920/home/tinghao.xia/Data_FM/RNA_FM_embeddings/6C8O/rnafm_t12_residue_embeddings.pt	full_sequence	VALID
6CAB	GENERATED	train	KEPT	2	28	/storage9920/home/tinghao.xia/Data_FM/RNA_FM_embeddings/6CAB/rnafm_t12_residue_embeddings.pt	full_sequence	VALID
6CB3	GENERATED	train	KEPT	2	202	/storage9920/home/tinghao.xia/Data_FM/RNA_FM_embeddings/6CB3/rnafm_t12_residue_embeddings.pt	full_sequence	VALID
6CC1	GENERATED	train	KEPT	2	202	/storage9920/home/tinghao.xia/Data_FM/RNA_FM_embeddings/6CC1/rnafm_t12_residue_embeddings.pt	full_sequence	VALID
6CC3	GENERATED	train	KEPT	2	202	/storage9920/home/tinghao.xia/Data_FM/RNA_FM_embeddings/6CC3/rnafm_t12_residue_embeddings.pt	full_sequence	VALID
6CHR	GENERATED	train	KEPT	2	638	/storage9920/home/tinghao.xia/Data_FM/RNA_FM_embeddings/6CHR/rnafm_t12_residue_embeddings.pt	full_sequence	VALID
6CIH	GENERATED	train	KEPT	2	635	/storage9920/home/tinghao.xia/Data_FM/RNA_FM_embeddings/6CIH/rnafm_t12_residue_embeddings.pt	full_sequence	VALID
6CK4	GENERATED	train	KEPT	4	468	/storage9920/home/tinghao.xia/Data_FM/RNA_FM_embeddings/6CK4/rnafm_t12_residue_embeddings.pt	full_sequence	VALID
6CK5	GENERATED	train	KEPT	2	234	/storage9920/home/tinghao.xia/Data_FM/RNA_FM_embeddings/6CK5/rnafm_t12_residue_embeddings.pt	full_sequence	VALID
6CU1	GENERATED	train	KEPT	1	81	/storage9920/home/tinghao.xia/Data_FM/RNA_FM_embeddings/6CU1/rnafm_t12_residue_embeddings.pt	full_sequence	VALID
6CXZ	GENERATED	train	KEPT	2	16	/storage9920/home/tinghao.xia/Data_FM/RNA_FM_embeddings/6CXZ/rnafm_t12_residue_embeddings.pt	full_sequence	VALID
6CY0	GENERATED	train	KEPT	8	64	/storage9920/home/tinghao.xia/Data_FM/RNA_FM_embeddings/6CY0/rnafm_t12_residue_embeddings.pt	full_sequence	VALID
6CY2	GENERATED	train	KEPT	2	16	/storage9920/home/tinghao.xia/Data_FM/RNA_FM_embeddings/6CY2/rnafm_t12_residue_embeddings.pt	full_sequence	VALID
6CY4	GENERATED	train	KEPT	8	64	/storage9920/home/tinghao.xia/Data_FM/RNA_FM_embeddings/6CY4/rnafm_t12_residue_embeddings.pt	full_sequence	VALID
6D3P	GENERATED	train	KEPT	1	45	/storage9920/home/tinghao.xia/Data_FM/RNA_FM_embeddings/6D3P/rnafm_t12_residue_embeddings.pt	full_sequence	VALID
6D8L	GENERATED	train	KEPT	2	316	/storage9920/home/tinghao.xia/Data_FM/RNA_FM_embeddings/6D8L/rnafm_t12_residue_embeddings.pt	full_sequence	VALID
6D8M	GENERATED	train	KEPT	2	318	/storage9920/home/tinghao.xia/Data_FM/RNA_FM_embeddings/6D8M/rnafm_t12_residue_embeddings.pt	full_sequence	VALID
6D8N	GENERATED	train	KEPT	2	318	/storage9920/home/tinghao.xia/Data_FM/RNA_FM_embeddings/6D8N/rnafm_t12_residue_embeddings.pt	full_sequence	VALID
6D8O	GENERATED	train	KEPT	2	316	/storage9920/home/tinghao.xia/Data_FM/RNA_FM_embeddings/6D8O/rnafm_t12_residue_embeddings.pt	full_sequence	VALID
6DLQ	GENERATED	train	KEPT	1	107	/storage9920/home/tinghao.xia/Data_FM/RNA_FM_embeddings/6DLQ/rnafm_t12_residue_embeddings.pt	full_sequence	VALID
6DLR	GENERATED	train	KEPT	1	107	/storage9920/home/tinghao.xia/Data_FM/RNA_FM_embeddings/6DLR/rnafm_t12_residue_embeddings.pt	full_sequence	VALID
6DLS	GENERATED	train	KEPT	1	107	/storage9920/home/tinghao.xia/Data_FM/RNA_FM_embeddings/6DLS/rnafm_t12_residue_embeddings.pt	full_sequence	VALID
6DLT	GENERATED	train	KEPT	1	107	/storage9920/home/tinghao.xia/Data_FM/RNA_FM_embeddings/6DLT/rnafm_t12_residue_embeddings.pt	full_sequence	VALID
6DMC	GENERATED	train	KEPT	2	204	/storage9920/home/tinghao.xia/Data_FM/RNA_FM_embeddings/6DMC/rnafm_t12_residue_embeddings.pt	full_sequence	VALID
6DMD	GENERATED	train	KEPT	2	204	/storage9920/home/tinghao.xia/Data_FM/RNA_FM_embeddings/6DMD/rnafm_t12_residue_embeddings.pt	full_sequence	VALID
6DME	GENERATED	train	KEPT	1	102	/storage9920/home/tinghao.xia/Data_FM/RNA_FM_embeddings/6DME/rnafm_t12_residue_embeddings.pt	full_sequence	VALID
6DN1	GENERATED	train	KEPT	2	111	/storage9920/home/tinghao.xia/Data_FM/RNA_FM_embeddings/6DN1/rnafm_t12_residue_embeddings.pt	full_sequence	VALID
6DN2	GENERATED	train	KEPT	2	110	/storage9920/home/tinghao.xia/Data_FM/RNA_FM_embeddings/6DN2/rnafm_t12_residue_embeddings.pt	full_sequence	VALID
6DN3	GENERATED	train	KEPT	2	110	/storage9920/home/tinghao.xia/Data_FM/RNA_FM_embeddings/6DN3/rnafm_t12_residue_embeddings.pt	full_sequence	VALID
6DNR	GENERATED	train	KEPT	1	107	/storage9920/home/tinghao.xia/Data_FM/RNA_FM_embeddings/6DNR/rnafm_t12_residue_embeddings.pt	full_sequence	VALID
6DVK	GENERATED	train	KEPT	1	95	/storage9920/home/tinghao.xia/Data_FM/RNA_FM_embeddings/6DVK/rnafm_t12_residue_embeddings.pt	full_sequence	VALID
6E1S	GENERATED	train	KEPT	1	33	/storage9920/home/tinghao.xia/Data_FM/RNA_FM_embeddings/6E1S/rnafm_t12_residue_embeddings.pt	full_sequence	VALID
6E1T	GENERATED	train	KEPT	1	33	/storage9920/home/tinghao.xia/Data_FM/RNA_FM_embeddings/6E1T/rnafm_t12_residue_embeddings.pt	full_sequence	VALID
6E1U	GENERATED	train	KEPT	1	33	/storage9920/home/tinghao.xia/Data_FM/RNA_FM_embeddings/6E1U/rnafm_t12_residue_embeddings.pt	full_sequence	VALID
6E1V	GENERATED	train	KEPT	1	33	/storage9920/home/tinghao.xia/Data_FM/RNA_FM_embeddings/6E1V/rnafm_t12_residue_embeddings.pt	full_sequence	VALID
6E1W	GENERATED	train	KEPT	1	33	/storage9920/home/tinghao.xia/Data_FM/RNA_FM_embeddings/6E1W/rnafm_t12_residue_embeddings.pt	full_sequence	VALID
6E7L	GENERATED	train	KEPT	1	22	/storage9920/home/tinghao.xia/Data_FM/RNA_FM_embeddings/6E7L/rnafm_t12_residue_embeddings.pt	full_sequence	VALID
6E80	GENERATED	train	KEPT	1	36	/storage9920/home/tinghao.xia/Data_FM/RNA_FM_embeddings/6E80/rnafm_t12_residue_embeddings.pt	full_sequence	VALID
6E81	GENERATED	train	KEPT	1	36	/storage9920/home/tinghao.xia/Data_FM/RNA_FM_embeddings/6E81/rnafm_t12_residue_embeddings.pt	full_sequence	VALID
6E82	GENERATED	train	KEPT	1	36	/storage9920/home/tinghao.xia/Data_FM/RNA_FM_embeddings/6E82/rnafm_t12_residue_embeddings.pt	full_sequence	VALID
6E84	GENERATED	train	KEPT	1	36	/storage9920/home/tinghao.xia/Data_FM/RNA_FM_embeddings/6E84/rnafm_t12_residue_embeddings.pt	full_sequence	VALID
6E8S	GENERATED	train	KEPT	2	76	/storage9920/home/tinghao.xia/Data_FM/RNA_FM_embeddings/6E8S/rnafm_t12_residue_embeddings.pt	full_sequence	VALID
6E8T	GENERATED	train	KEPT	4	144	/storage9920/home/tinghao.xia/Data_FM/RNA_FM_embeddings/6E8T/rnafm_t12_residue_embeddings.pt	full_sequence	VALID
6E8U	GENERATED	train	KEPT	1	37	/storage9920/home/tinghao.xia/Data_FM/RNA_FM_embeddings/6E8U/rnafm_t12_residue_embeddings.pt	full_sequence	VALID
6EZ0	GENERATED	train	KEPT	1	27	/storage9920/home/tinghao.xia/Data_FM/RNA_FM_embeddings/6EZ0/rnafm_t12_residue_embeddings.pt	full_sequence	VALID
6FZ0	GENERATED	train	KEPT	1	53	/storage9920/home/tinghao.xia/Data_FM/RNA_FM_embeddings/6FZ0/rnafm_t12_residue_embeddings.pt	full_sequence	VALID
6G7Z	GENERATED	train	KEPT	2	186	/storage9920/home/tinghao.xia/Data_FM/RNA_FM_embeddings/6G7Z/rnafm_t12_residue_embeddings.pt	full_sequence	VALID
6GE1	GENERATED	train	KEPT	4	28	/storage9920/home/tinghao.xia/Data_FM/RNA_FM_embeddings/6GE1/rnafm_t12_residue_embeddings.pt	full_sequence	VALID
6GYV	GENERATED	train	KEPT	1	192	/storage9920/home/tinghao.xia/Data_FM/RNA_FM_embeddings/6GYV/rnafm_t12_residue_embeddings.pt	full_sequence	VALID
6GZK	GENERATED	train	KEPT	1	48	/storage9920/home/tinghao.xia/Data_FM/RNA_FM_embeddings/6GZK/rnafm_t12_residue_embeddings.pt	full_sequence	VALID
6GZR	GENERATED	train	KEPT	1	48	/storage9920/home/tinghao.xia/Data_FM/RNA_FM_embeddings/6GZR/rnafm_t12_residue_embeddings.pt	full_sequence	VALID
6H0R	GENERATED	train	KEPT	2	62	/storage9920/home/tinghao.xia/Data_FM/RNA_FM_embeddings/6H0R/rnafm_t12_residue_embeddings.pt	full_sequence	VALID
6HAG	GENERATED	train	KEPT	1	43	/storage9920/home/tinghao.xia/Data_FM/RNA_FM_embeddings/6HAG/rnafm_t12_residue_embeddings.pt	full_sequence	VALID
6HBT	GENERATED	train	KEPT	1	18	/storage9920/home/tinghao.xia/Data_FM/RNA_FM_embeddings/6HBT/rnafm_t12_residue_embeddings.pt	full_sequence	VALID
6HBX	GENERATED	train	KEPT	1	18	/storage9920/home/tinghao.xia/Data_FM/RNA_FM_embeddings/6HBX/rnafm_t12_residue_embeddings.pt	full_sequence	VALID
6HC5	GENERATED	train	KEPT	1	18	/storage9920/home/tinghao.xia/Data_FM/RNA_FM_embeddings/6HC5/rnafm_t12_residue_embeddings.pt	full_sequence	VALID
6HMI	GENERATED	train	KEPT	2	22	/storage9920/home/tinghao.xia/Data_FM/RNA_FM_embeddings/6HMI/rnafm_t12_residue_embeddings.pt	full_sequence	VALID
6HMO	GENERATED	train	KEPT	2	22	/storage9920/home/tinghao.xia/Data_FM/RNA_FM_embeddings/6HMO/rnafm_t12_residue_embeddings.pt	full_sequence	VALID
6HU6	GENERATED	train	KEPT	4	57	/storage9920/home/tinghao.xia/Data_FM/RNA_FM_embeddings/6HU6/rnafm_t12_residue_embeddings.pt	full_sequence	VALID
6HYK	GENERATED	train	KEPT	1	31	/storage9920/home/tinghao.xia/Data_FM/RNA_FM_embeddings/6HYK/rnafm_t12_residue_embeddings.pt	full_sequence	VALID
6I1V	GENERATED	train	KEPT	2	18	/storage9920/home/tinghao.xia/Data_FM/RNA_FM_embeddings/6I1V/rnafm_t12_residue_embeddings.pt	full_sequence	VALID
6I1W	GENERATED	train	KEPT	2	18	/storage9920/home/tinghao.xia/Data_FM/RNA_FM_embeddings/6I1W/rnafm_t12_residue_embeddings.pt	full_sequence	VALID
6IA2	GENERATED	train	KEPT	2	38	/storage9920/home/tinghao.xia/Data_FM/RNA_FM_embeddings/6IA2/rnafm_t12_residue_embeddings.pt	full_sequence	VALID
6IZP	GENERATED	train	KEPT	1	29	/storage9920/home/tinghao.xia/Data_FM/RNA_FM_embeddings/6IZP/rnafm_t12_residue_embeddings.pt	full_sequence	VALID
6JBF	GENERATED	train	KEPT	4	92	/storage9920/home/tinghao.xia/Data_FM/RNA_FM_embeddings/6JBF/rnafm_t12_residue_embeddings.pt	full_sequence	VALID
6JBG	GENERATED	train	KEPT	4	90	/storage9920/home/tinghao.xia/Data_FM/RNA_FM_embeddings/6JBG/rnafm_t12_residue_embeddings.pt	full_sequence	VALID
6JJH	GENERATED	train	KEPT	1	14	/storage9920/home/tinghao.xia/Data_FM/RNA_FM_embeddings/6JJH/rnafm_t12_residue_embeddings.pt	full_sequence	VALID
6JJI	GENERATED	train	KEPT	1	14	/storage9920/home/tinghao.xia/Data_FM/RNA_FM_embeddings/6JJI/rnafm_t12_residue_embeddings.pt	full_sequence	VALID
6JQ5	GENERATED	train	KEPT	2	164	/storage9920/home/tinghao.xia/Data_FM/RNA_FM_embeddings/6JQ5/rnafm_t12_residue_embeddings.pt	full_sequence	VALID
6JQ6	GENERATED	train	KEPT	1	81	/storage9920/home/tinghao.xia/Data_FM/RNA_FM_embeddings/6JQ6/rnafm_t12_residue_embeddings.pt	full_sequence	VALID
6JXM	GENERATED	train	KEPT	1	97	/storage9920/home/tinghao.xia/Data_FM/RNA_FM_embeddings/6JXM/rnafm_t12_residue_embeddings.pt	full_sequence	VALID
6K84	GENERATED	train	KEPT	1	25	/storage9920/home/tinghao.xia/Data_FM/RNA_FM_embeddings/6K84/rnafm_t12_residue_embeddings.pt	full_sequence	VALID
6L0Y	GENERATED	train	KEPT	2	44	/storage9920/home/tinghao.xia/Data_FM/RNA_FM_embeddings/6L0Y/rnafm_t12_residue_embeddings.pt	full_sequence	VALID
6MCI	GENERATED	train	KEPT	1	57	/storage9920/home/tinghao.xia/Data_FM/RNA_FM_embeddings/6MCI/rnafm_t12_residue_embeddings.pt	full_sequence	VALID
6MJ0	GENERATED	train	KEPT	2	208	/storage9920/home/tinghao.xia/Data_FM/RNA_FM_embeddings/6MJ0/rnafm_t12_residue_embeddings.pt	full_sequence	VALID
6MXQ	GENERATED	train	KEPT	1	49	/storage9920/home/tinghao.xia/Data_FM/RNA_FM_embeddings/6MXQ/rnafm_t12_residue_embeddings.pt	full_sequence	VALID
6N2V	GENERATED	train	KEPT	2	198	/storage9920/home/tinghao.xia/Data_FM/RNA_FM_embeddings/6N2V/rnafm_t12_residue_embeddings.pt	full_sequence	VALID
6N5K	GENERATED	train	KEPT	1	125	/storage9920/home/tinghao.xia/Data_FM/RNA_FM_embeddings/6N5K/rnafm_t12_residue_embeddings.pt	full_sequence	VALID
6N5N	GENERATED	train	KEPT	1	125	/storage9920/home/tinghao.xia/Data_FM/RNA_FM_embeddings/6N5N/rnafm_t12_residue_embeddings.pt	full_sequence	VALID
6N5O	GENERATED	train	KEPT	1	126	/storage9920/home/tinghao.xia/Data_FM/RNA_FM_embeddings/6N5O/rnafm_t12_residue_embeddings.pt	full_sequence	VALID
6N5P	GENERATED	train	KEPT	1	127	/storage9920/home/tinghao.xia/Data_FM/RNA_FM_embeddings/6N5P/rnafm_t12_residue_embeddings.pt	full_sequence	VALID
6N5Q	GENERATED	train	KEPT	1	128	/storage9920/home/tinghao.xia/Data_FM/RNA_FM_embeddings/6N5Q/rnafm_t12_residue_embeddings.pt	full_sequence	VALID
6N5S	GENERATED	train	KEPT	1	123	/storage9920/home/tinghao.xia/Data_FM/RNA_FM_embeddings/6N5S/rnafm_t12_residue_embeddings.pt	full_sequence	VALID
6N5T	GENERATED	train	KEPT	1	126	/storage9920/home/tinghao.xia/Data_FM/RNA_FM_embeddings/6N5T/rnafm_t12_residue_embeddings.pt	full_sequence	VALID
6N8F	GENERATED	train	KEPT	2	24	/storage9920/home/tinghao.xia/Data_FM/RNA_FM_embeddings/6N8F/rnafm_t12_residue_embeddings.pt	full_sequence	VALID
6N8H	GENERATED	train	KEPT	2	20	/storage9920/home/tinghao.xia/Data_FM/RNA_FM_embeddings/6N8H/rnafm_t12_residue_embeddings.pt	full_sequence	VALID
6N8I	GENERATED	train	KEPT	2	24	/storage9920/home/tinghao.xia/Data_FM/RNA_FM_embeddings/6N8I/rnafm_t12_residue_embeddings.pt	full_sequence	VALID
6NOA	GENERATED	train	KEPT	1	56	/storage9920/home/tinghao.xia/Data_FM/RNA_FM_embeddings/6NOA/rnafm_t12_residue_embeddings.pt	full_sequence	VALID
6OD9	GENERATED	train	KEPT	2	150	/storage9920/home/tinghao.xia/Data_FM/RNA_FM_embeddings/6OD9/rnafm_t12_residue_embeddings.pt	full_sequence	VALID
6OL3	GENERATED	train	KEPT	1	112	/storage9920/home/tinghao.xia/Data_FM/RNA_FM_embeddings/6OL3/rnafm_t12_residue_embeddings.pt	full_sequence	VALID
6OWL	GENERATED	train	KEPT	3	18	/storage9920/home/tinghao.xia/Data_FM/RNA_FM_embeddings/6OWL/rnafm_t12_residue_embeddings.pt	full_sequence	VALID
6P2H	GENERATED	train	KEPT	1	69	/storage9920/home/tinghao.xia/Data_FM/RNA_FM_embeddings/6P2H/rnafm_t12_residue_embeddings.pt	full_sequence	VALID
6PK9	GENERATED	train	KEPT	1	20	/storage9920/home/tinghao.xia/Data_FM/RNA_FM_embeddings/6PK9/rnafm_t12_residue_embeddings.pt	full_sequence	VALID
6PMO	GENERATED	train	KEPT	2	141	/storage9920/home/tinghao.xia/Data_FM/RNA_FM_embeddings/6PMO/rnafm_t12_residue_embeddings.pt	full_sequence	VALID
6POM	GENERATED	train	KEPT	2	244	/storage9920/home/tinghao.xia/Data_FM/RNA_FM_embeddings/6POM/rnafm_t12_residue_embeddings.pt	full_sequence	VALID
6PQ7	GENERATED	train	KEPT	1	37	/storage9920/home/tinghao.xia/Data_FM/RNA_FM_embeddings/6PQ7/rnafm_t12_residue_embeddings.pt	full_sequence	VALID
6PRV	GENERATED	train	KEPT	4	232	/storage9920/home/tinghao.xia/Data_FM/RNA_FM_embeddings/6PRV/rnafm_t12_residue_embeddings.pt	full_sequence	VALID
6Q57	GENERATED	train	KEPT	1	89	/storage9920/home/tinghao.xia/Data_FM/RNA_FM_embeddings/6Q57/rnafm_t12_residue_embeddings.pt	full_sequence	VALID
6Q8V	GENERATED	train	KEPT	1	19	/storage9920/home/tinghao.xia/Data_FM/RNA_FM_embeddings/6Q8V/rnafm_t12_residue_embeddings.pt	full_sequence	VALID
6QIQ	GENERATED	train	KEPT	2	16	/storage9920/home/tinghao.xia/Data_FM/RNA_FM_embeddings/6QIQ/rnafm_t12_residue_embeddings.pt	full_sequence	VALID
6QIR	GENERATED	train	KEPT	4	32	/storage9920/home/tinghao.xia/Data_FM/RNA_FM_embeddings/6QIR/rnafm_t12_residue_embeddings.pt	full_sequence	VALID
6QIS	GENERATED	train	KEPT	8	64	/storage9920/home/tinghao.xia/Data_FM/RNA_FM_embeddings/6QIS/rnafm_t12_residue_embeddings.pt	full_sequence	VALID
6QIT	GENERATED	train	KEPT	4	32	/storage9920/home/tinghao.xia/Data_FM/RNA_FM_embeddings/6QIT/rnafm_t12_residue_embeddings.pt	full_sequence	VALID
6QIV	GENERATED	train	KEPT	1	8	/storage9920/home/tinghao.xia/Data_FM/RNA_FM_embeddings/6QIV/rnafm_t12_residue_embeddings.pt	full_sequence	VALID
6QN3	GENERATED	train	KEPT	2	100	/storage9920/home/tinghao.xia/Data_FM/RNA_FM_embeddings/6QN3/rnafm_t12_residue_embeddings.pt	full_sequence	VALID
6QYZ	GENERATED	train	KEPT	5	600	/storage9920/home/tinghao.xia/Data_FM/RNA_FM_embeddings/6QYZ/rnafm_t12_residue_embeddings.pt	full_sequence	VALID
6R47	GENERATED	train	KEPT	2	65	/storage9920/home/tinghao.xia/Data_FM/RNA_FM_embeddings/6R47/rnafm_t12_residue_embeddings.pt	full_sequence	VALID
6SVS	GENERATED	train	KEPT	2	154	/storage9920/home/tinghao.xia/Data_FM/RNA_FM_embeddings/6SVS/rnafm_t12_residue_embeddings.pt	full_sequence	VALID
6T3K	GENERATED	train	KEPT	2	398	/storage9920/home/tinghao.xia/Data_FM/RNA_FM_embeddings/6T3K/rnafm_t12_residue_embeddings.pt	full_sequence	VALID
6T3N	GENERATED	train	KEPT	1	398	/storage9920/home/tinghao.xia/Data_FM/RNA_FM_embeddings/6T3N/rnafm_t12_residue_embeddings.pt	full_sequence	VALID
6T3R	GENERATED	train	KEPT	2	398	/storage9920/home/tinghao.xia/Data_FM/RNA_FM_embeddings/6T3R/rnafm_t12_residue_embeddings.pt	full_sequence	VALID
6T3S	GENERATED	train	KEPT	1	398	/storage9920/home/tinghao.xia/Data_FM/RNA_FM_embeddings/6T3S/rnafm_t12_residue_embeddings.pt	full_sequence	VALID
6TB7	GENERATED	train	KEPT	1	52	/storage9920/home/tinghao.xia/Data_FM/RNA_FM_embeddings/6TB7/rnafm_t12_residue_embeddings.pt	full_sequence	VALID
6TF0	GENERATED	train	KEPT	1	52	/storage9920/home/tinghao.xia/Data_FM/RNA_FM_embeddings/6TF0/rnafm_t12_residue_embeddings.pt	full_sequence	VALID
6TF1	GENERATED	train	KEPT	1	52	/storage9920/home/tinghao.xia/Data_FM/RNA_FM_embeddings/6TF1/rnafm_t12_residue_embeddings.pt	full_sequence	VALID
6TF2	GENERATED	train	KEPT	1	52	/storage9920/home/tinghao.xia/Data_FM/RNA_FM_embeddings/6TF2/rnafm_t12_residue_embeddings.pt	full_sequence	VALID
6TF3	GENERATED	train	KEPT	1	52	/storage9920/home/tinghao.xia/Data_FM/RNA_FM_embeddings/6TF3/rnafm_t12_residue_embeddings.pt	full_sequence	VALID
6TFE	GENERATED	train	KEPT	1	52	/storage9920/home/tinghao.xia/Data_FM/RNA_FM_embeddings/6TFE/rnafm_t12_residue_embeddings.pt	full_sequence	VALID
6TFF	GENERATED	train	KEPT	1	52	/storage9920/home/tinghao.xia/Data_FM/RNA_FM_embeddings/6TFF/rnafm_t12_residue_embeddings.pt	full_sequence	VALID
6TFG	GENERATED	train	KEPT	1	52	/storage9920/home/tinghao.xia/Data_FM/RNA_FM_embeddings/6TFG/rnafm_t12_residue_embeddings.pt	full_sequence	VALID
6TFH	GENERATED	train	KEPT	1	52	/storage9920/home/tinghao.xia/Data_FM/RNA_FM_embeddings/6TFH/rnafm_t12_residue_embeddings.pt	full_sequence	VALID
6TNA	GENERATED	train	KEPT	1	76	/storage9920/home/tinghao.xia/Data_FM/RNA_FM_embeddings/6TNA/rnafm_t12_residue_embeddings.pt	full_sequence	VALID
6U6J	GENERATED	train	KEPT	2	30	/storage9920/home/tinghao.xia/Data_FM/RNA_FM_embeddings/6U6J/rnafm_t12_residue_embeddings.pt	full_sequence	VALID
6U79	GENERATED	train	KEPT	1	37	/storage9920/home/tinghao.xia/Data_FM/RNA_FM_embeddings/6U79/rnafm_t12_residue_embeddings.pt	full_sequence	VALID
6U7Y	GENERATED	train	KEPT	2	34	/storage9920/home/tinghao.xia/Data_FM/RNA_FM_embeddings/6U7Y/rnafm_t12_residue_embeddings.pt	full_sequence	VALID
6U7Z	GENERATED	train	KEPT	2	34	/storage9920/home/tinghao.xia/Data_FM/RNA_FM_embeddings/6U7Z/rnafm_t12_residue_embeddings.pt	full_sequence	VALID
6U89	GENERATED	train	KEPT	2	14	/storage9920/home/tinghao.xia/Data_FM/RNA_FM_embeddings/6U89/rnafm_t12_residue_embeddings.pt	full_sequence	VALID
6U8F	GENERATED	train	KEPT	2	34	/storage9920/home/tinghao.xia/Data_FM/RNA_FM_embeddings/6U8F/rnafm_t12_residue_embeddings.pt	full_sequence	VALID
6U8U	GENERATED	train	KEPT	2	28	/storage9920/home/tinghao.xia/Data_FM/RNA_FM_embeddings/6U8U/rnafm_t12_residue_embeddings.pt	full_sequence	VALID
6UBU	GENERATED	train	KEPT	1	67	/storage9920/home/tinghao.xia/Data_FM/RNA_FM_embeddings/6UBU/rnafm_t12_residue_embeddings.pt	full_sequence	VALID
6UC7	GENERATED	train	KEPT	1	67	/storage9920/home/tinghao.xia/Data_FM/RNA_FM_embeddings/6UC7/rnafm_t12_residue_embeddings.pt	full_sequence	VALID
6UC8	GENERATED	train	KEPT	1	67	/storage9920/home/tinghao.xia/Data_FM/RNA_FM_embeddings/6UC8/rnafm_t12_residue_embeddings.pt	full_sequence	VALID
6UC9	GENERATED	train	KEPT	1	67	/storage9920/home/tinghao.xia/Data_FM/RNA_FM_embeddings/6UC9/rnafm_t12_residue_embeddings.pt	full_sequence	VALID
6UES	GENERATED	train	KEPT	1	119	/storage9920/home/tinghao.xia/Data_FM/RNA_FM_embeddings/6UES/rnafm_t12_residue_embeddings.pt	full_sequence	VALID
6UET	GENERATED	train	KEPT	1	119	/storage9920/home/tinghao.xia/Data_FM/RNA_FM_embeddings/6UET/rnafm_t12_residue_embeddings.pt	full_sequence	VALID
6UEY	GENERATED	train	KEPT	4	130	/storage9920/home/tinghao.xia/Data_FM/RNA_FM_embeddings/6UEY/rnafm_t12_residue_embeddings.pt	full_sequence	VALID
6UF1	GENERATED	train	KEPT	4	130	/storage9920/home/tinghao.xia/Data_FM/RNA_FM_embeddings/6UF1/rnafm_t12_residue_embeddings.pt	full_sequence	VALID
6UFG	GENERATED	train	KEPT	2	243	/storage9920/home/tinghao.xia/Data_FM/RNA_FM_embeddings/6UFG/rnafm_t12_residue_embeddings.pt	full_sequence	VALID
6UFH	GENERATED	train	KEPT	2	244	/storage9920/home/tinghao.xia/Data_FM/RNA_FM_embeddings/6UFH/rnafm_t12_residue_embeddings.pt	full_sequence	VALID
6UFJ	GENERATED	train	KEPT	6	132	/storage9920/home/tinghao.xia/Data_FM/RNA_FM_embeddings/6UFJ/rnafm_t12_residue_embeddings.pt	full_sequence	VALID
6UFK	GENERATED	train	KEPT	6	132	/storage9920/home/tinghao.xia/Data_FM/RNA_FM_embeddings/6UFK/rnafm_t12_residue_embeddings.pt	full_sequence	VALID
6UFM	GENERATED	train	KEPT	2	175	/storage9920/home/tinghao.xia/Data_FM/RNA_FM_embeddings/6UFM/rnafm_t12_residue_embeddings.pt	full_sequence	VALID
6UGG	GENERATED	train	KEPT	2	154	/storage9920/home/tinghao.xia/Data_FM/RNA_FM_embeddings/6UGG/rnafm_t12_residue_embeddings.pt	full_sequence	VALID
6UGI	GENERATED	train	KEPT	1	31	/storage9920/home/tinghao.xia/Data_FM/RNA_FM_embeddings/6UGI/rnafm_t12_residue_embeddings.pt	full_sequence	VALID
6UGJ	GENERATED	train	KEPT	1	31	/storage9920/home/tinghao.xia/Data_FM/RNA_FM_embeddings/6UGJ/rnafm_t12_residue_embeddings.pt	full_sequence	VALID
6UP0	GENERATED	train	KEPT	2	76	/storage9920/home/tinghao.xia/Data_FM/RNA_FM_embeddings/6UP0/rnafm_t12_residue_embeddings.pt	full_sequence	VALID
6V9B	GENERATED	train	KEPT	2	56	/storage9920/home/tinghao.xia/Data_FM/RNA_FM_embeddings/6V9B/rnafm_t12_residue_embeddings.pt	full_sequence	VALID
6V9D	GENERATED	train	KEPT	2	56	/storage9920/home/tinghao.xia/Data_FM/RNA_FM_embeddings/6V9D/rnafm_t12_residue_embeddings.pt	full_sequence	VALID
6VA1	GENERATED	train	KEPT	2	21	/storage9920/home/tinghao.xia/Data_FM/RNA_FM_embeddings/6VA1/rnafm_t12_residue_embeddings.pt	full_sequence	VALID
6VA2	GENERATED	train	KEPT	2	21	/storage9920/home/tinghao.xia/Data_FM/RNA_FM_embeddings/6VA2/rnafm_t12_residue_embeddings.pt	full_sequence	VALID
6VA3	GENERATED	train	KEPT	2	21	/storage9920/home/tinghao.xia/Data_FM/RNA_FM_embeddings/6VA3/rnafm_t12_residue_embeddings.pt	full_sequence	VALID
6VA4	GENERATED	train	KEPT	2	21	/storage9920/home/tinghao.xia/Data_FM/RNA_FM_embeddings/6VA4/rnafm_t12_residue_embeddings.pt	full_sequence	VALID
6VAR	GENERATED	train	KEPT	1	61	/storage9920/home/tinghao.xia/Data_FM/RNA_FM_embeddings/6VAR/rnafm_t12_residue_embeddings.pt	full_sequence	VALID
6VEM	GENERATED	train	KEPT	2	16	/storage9920/home/tinghao.xia/Data_FM/RNA_FM_embeddings/6VEM/rnafm_t12_residue_embeddings.pt	full_sequence	VALID
6VMY	GENERATED	train	KEPT	1	148	/storage9920/home/tinghao.xia/Data_FM/RNA_FM_embeddings/6VMY/rnafm_t12_residue_embeddings.pt	full_sequence	VALID
6VU1	GENERATED	train	KEPT	1	34	/storage9920/home/tinghao.xia/Data_FM/RNA_FM_embeddings/6VU1/rnafm_t12_residue_embeddings.pt	full_sequence	VALID
6VUH	GENERATED	train	KEPT	1	33	/storage9920/home/tinghao.xia/Data_FM/RNA_FM_embeddings/6VUH/rnafm_t12_residue_embeddings.pt	full_sequence	VALID
6VUI	GENERATED	train	KEPT	1	33	/storage9920/home/tinghao.xia/Data_FM/RNA_FM_embeddings/6VUI/rnafm_t12_residue_embeddings.pt	full_sequence	VALID
6VVJ	GENERATED	train	KEPT	1	130	/storage9920/home/tinghao.xia/Data_FM/RNA_FM_embeddings/6VVJ/rnafm_t12_residue_embeddings.pt	full_sequence	VALID
6VWT	GENERATED	train	KEPT	2	142	/storage9920/home/tinghao.xia/Data_FM/RNA_FM_embeddings/6VWT/rnafm_t12_residue_embeddings.pt	full_sequence	VALID
6VWV	GENERATED	train	KEPT	2	142	/storage9920/home/tinghao.xia/Data_FM/RNA_FM_embeddings/6VWV/rnafm_t12_residue_embeddings.pt	full_sequence	VALID
6VZC	GENERATED	train	KEPT	1	28	/storage9920/home/tinghao.xia/Data_FM/RNA_FM_embeddings/6VZC/rnafm_t12_residue_embeddings.pt	full_sequence	VALID
6W3M	GENERATED	train	KEPT	1	41	/storage9920/home/tinghao.xia/Data_FM/RNA_FM_embeddings/6W3M/rnafm_t12_residue_embeddings.pt	full_sequence	VALID
6WJR	GENERATED	train	KEPT	1	112	/storage9920/home/tinghao.xia/Data_FM/RNA_FM_embeddings/6WJR/rnafm_t12_residue_embeddings.pt	full_sequence	VALID
6WJS	GENERATED	train	KEPT	1	112	/storage9920/home/tinghao.xia/Data_FM/RNA_FM_embeddings/6WJS/rnafm_t12_residue_embeddings.pt	full_sequence	VALID
6WLJ	GENERATED	train	KEPT	1	130	/storage9920/home/tinghao.xia/Data_FM/RNA_FM_embeddings/6WLJ/rnafm_t12_residue_embeddings.pt	full_sequence	VALID
6WLK	GENERATED	train	KEPT	1	130	/storage9920/home/tinghao.xia/Data_FM/RNA_FM_embeddings/6WLK/rnafm_t12_residue_embeddings.pt	full_sequence	VALID
6WLL	GENERATED	train	KEPT	1	171	/storage9920/home/tinghao.xia/Data_FM/RNA_FM_embeddings/6WLL/rnafm_t12_residue_embeddings.pt	full_sequence	VALID
6WLM	GENERATED	train	KEPT	1	171	/storage9920/home/tinghao.xia/Data_FM/RNA_FM_embeddings/6WLM/rnafm_t12_residue_embeddings.pt	full_sequence	VALID
6WLN	GENERATED	train	KEPT	1	349	/storage9920/home/tinghao.xia/Data_FM/RNA_FM_embeddings/6WLN/rnafm_t12_residue_embeddings.pt	full_sequence	VALID
6WLO	GENERATED	train	KEPT	1	338	/storage9920/home/tinghao.xia/Data_FM/RNA_FM_embeddings/6WLO/rnafm_t12_residue_embeddings.pt	full_sequence	VALID
6WLQ	GENERATED	train	KEPT	1	119	/storage9920/home/tinghao.xia/Data_FM/RNA_FM_embeddings/6WLQ/rnafm_t12_residue_embeddings.pt	full_sequence	VALID
6WLR	GENERATED	train	KEPT	1	119	/storage9920/home/tinghao.xia/Data_FM/RNA_FM_embeddings/6WLR/rnafm_t12_residue_embeddings.pt	full_sequence	VALID
6WLS	GENERATED	train	KEPT	1	388	/storage9920/home/tinghao.xia/Data_FM/RNA_FM_embeddings/6WLS/rnafm_t12_residue_embeddings.pt	full_sequence	VALID
6WLT	GENERATED	train	KEPT	1	231	/storage9920/home/tinghao.xia/Data_FM/RNA_FM_embeddings/6WLT/rnafm_t12_residue_embeddings.pt	full_sequence	VALID
6WLU	GENERATED	train	KEPT	1	231	/storage9920/home/tinghao.xia/Data_FM/RNA_FM_embeddings/6WLU/rnafm_t12_residue_embeddings.pt	full_sequence	VALID
6WTL	GENERATED	train	KEPT	1	124	/storage9920/home/tinghao.xia/Data_FM/RNA_FM_embeddings/6WTL/rnafm_t12_residue_embeddings.pt	full_sequence	VALID
6WTR	GENERATED	train	KEPT	1	125	/storage9920/home/tinghao.xia/Data_FM/RNA_FM_embeddings/6WTR/rnafm_t12_residue_embeddings.pt	full_sequence	VALID
6WY2	GENERATED	train	KEPT	5	50	/storage9920/home/tinghao.xia/Data_FM/RNA_FM_embeddings/6WY2/rnafm_t12_residue_embeddings.pt	full_sequence	VALID
6WY3	GENERATED	train	KEPT	4	40	/storage9920/home/tinghao.xia/Data_FM/RNA_FM_embeddings/6WY3/rnafm_t12_residue_embeddings.pt	full_sequence	VALID
6WZR	GENERATED	train	KEPT	2	150	/storage9920/home/tinghao.xia/Data_FM/RNA_FM_embeddings/6WZR/rnafm_t12_residue_embeddings.pt	full_sequence	VALID
6WZS	GENERATED	train	KEPT	2	150	/storage9920/home/tinghao.xia/Data_FM/RNA_FM_embeddings/6WZS/rnafm_t12_residue_embeddings.pt	full_sequence	VALID
6XB7	GENERATED	train	KEPT	1	41	/storage9920/home/tinghao.xia/Data_FM/RNA_FM_embeddings/6XB7/rnafm_t12_residue_embeddings.pt	full_sequence	VALID
6XKN	GENERATED	train	KEPT	1	101	/storage9920/home/tinghao.xia/Data_FM/RNA_FM_embeddings/6XKN/rnafm_t12_residue_embeddings.pt	full_sequence	VALID
6XKO	GENERATED	train	KEPT	1	101	/storage9920/home/tinghao.xia/Data_FM/RNA_FM_embeddings/6XKO/rnafm_t12_residue_embeddings.pt	full_sequence	VALID
6XRQ	GENERATED	train	KEPT	2	28	/storage9920/home/tinghao.xia/Data_FM/RNA_FM_embeddings/6XRQ/rnafm_t12_residue_embeddings.pt	full_sequence	VALID
6XRZ	GENERATED	train	KEPT	1	88	/storage9920/home/tinghao.xia/Data_FM/RNA_FM_embeddings/6XRZ/rnafm_t12_residue_embeddings.pt	full_sequence	VALID
6XUR	GENERATED	train	KEPT	1	12	/storage9920/home/tinghao.xia/Data_FM/RNA_FM_embeddings/6XUR/rnafm_t12_residue_embeddings.pt	full_sequence	VALID
6XUS	GENERATED	train	KEPT	1	12	/storage9920/home/tinghao.xia/Data_FM/RNA_FM_embeddings/6XUS/rnafm_t12_residue_embeddings.pt	full_sequence	VALID
6XWJ	GENERATED	train	KEPT	1	21	/storage9920/home/tinghao.xia/Data_FM/RNA_FM_embeddings/6XWJ/rnafm_t12_residue_embeddings.pt	full_sequence	VALID
6XWW	GENERATED	train	KEPT	1	19	/storage9920/home/tinghao.xia/Data_FM/RNA_FM_embeddings/6XWW/rnafm_t12_residue_embeddings.pt	full_sequence	VALID
6XXA	GENERATED	train	KEPT	1	21	/storage9920/home/tinghao.xia/Data_FM/RNA_FM_embeddings/6XXA/rnafm_t12_residue_embeddings.pt	full_sequence	VALID
6XXB	GENERATED	train	KEPT	1	19	/storage9920/home/tinghao.xia/Data_FM/RNA_FM_embeddings/6XXB/rnafm_t12_residue_embeddings.pt	full_sequence	VALID
6Y0T	GENERATED	train	KEPT	2	54	/storage9920/home/tinghao.xia/Data_FM/RNA_FM_embeddings/6Y0T/rnafm_t12_residue_embeddings.pt	full_sequence	VALID
6Y0Y	GENERATED	train	KEPT	1	27	/storage9920/home/tinghao.xia/Data_FM/RNA_FM_embeddings/6Y0Y/rnafm_t12_residue_embeddings.pt	full_sequence	VALID
6Y3G	GENERATED	train	KEPT	1	76	/storage9920/home/tinghao.xia/Data_FM/RNA_FM_embeddings/6Y3G/rnafm_t12_residue_embeddings.pt	full_sequence	VALID
6YL5	GENERATED	train	KEPT	12	420	/storage9920/home/tinghao.xia/Data_FM/RNA_FM_embeddings/6YL5/rnafm_t12_residue_embeddings.pt	full_sequence	VALID
6YLB	GENERATED	train	KEPT	12	210	/storage9920/home/tinghao.xia/Data_FM/RNA_FM_embeddings/6YLB/rnafm_t12_residue_embeddings.pt	full_sequence	VALID
6YMC	GENERATED	train	KEPT	2	52	/storage9920/home/tinghao.xia/Data_FM/RNA_FM_embeddings/6YMC/rnafm_t12_residue_embeddings.pt	full_sequence	VALID
6YMI	GENERATED	train	KEPT	12	210	/storage9920/home/tinghao.xia/Data_FM/RNA_FM_embeddings/6YMI/rnafm_t12_residue_embeddings.pt	full_sequence	VALID
6YMJ	GENERATED	train	KEPT	12	210	/storage9920/home/tinghao.xia/Data_FM/RNA_FM_embeddings/6YMJ/rnafm_t12_residue_embeddings.pt	full_sequence	VALID
6YMK	GENERATED	train	KEPT	12	210	/storage9920/home/tinghao.xia/Data_FM/RNA_FM_embeddings/6YMK/rnafm_t12_residue_embeddings.pt	full_sequence	VALID
6YML	GENERATED	train	KEPT	4	70	/storage9920/home/tinghao.xia/Data_FM/RNA_FM_embeddings/6YML/rnafm_t12_residue_embeddings.pt	full_sequence	VALID
6YMM	GENERATED	train	KEPT	4	70	/storage9920/home/tinghao.xia/Data_FM/RNA_FM_embeddings/6YMM/rnafm_t12_residue_embeddings.pt	full_sequence	VALID
6Z18	GENERATED	train	KEPT	2	20	/storage9920/home/tinghao.xia/Data_FM/RNA_FM_embeddings/6Z18/rnafm_t12_residue_embeddings.pt	full_sequence	VALID
6ZPF	GENERATED	train	KEPT	4	32	/storage9920/home/tinghao.xia/Data_FM/RNA_FM_embeddings/6ZPF/rnafm_t12_residue_embeddings.pt	full_sequence	VALID
6ZQ9	GENERATED	train	KEPT	4	32	/storage9920/home/tinghao.xia/Data_FM/RNA_FM_embeddings/6ZQ9/rnafm_t12_residue_embeddings.pt	full_sequence	VALID
6ZR1	GENERATED	train	KEPT	4	32	/storage9920/home/tinghao.xia/Data_FM/RNA_FM_embeddings/6ZR1/rnafm_t12_residue_embeddings.pt	full_sequence	VALID
6ZRL	GENERATED	train	KEPT	4	32	/storage9920/home/tinghao.xia/Data_FM/RNA_FM_embeddings/6ZRL/rnafm_t12_residue_embeddings.pt	full_sequence	VALID
6ZRS	GENERATED	train	KEPT	4	32	/storage9920/home/tinghao.xia/Data_FM/RNA_FM_embeddings/6ZRS/rnafm_t12_residue_embeddings.pt	full_sequence	VALID
6ZW3	GENERATED	train	KEPT	4	32	/storage9920/home/tinghao.xia/Data_FM/RNA_FM_embeddings/6ZW3/rnafm_t12_residue_embeddings.pt	full_sequence	VALID
6ZWU	GENERATED	train	KEPT	4	32	/storage9920/home/tinghao.xia/Data_FM/RNA_FM_embeddings/6ZWU/rnafm_t12_residue_embeddings.pt	full_sequence	VALID
6ZX5	GENERATED	train	KEPT	4	32	/storage9920/home/tinghao.xia/Data_FM/RNA_FM_embeddings/6ZX5/rnafm_t12_residue_embeddings.pt	full_sequence	VALID
6ZX8	GENERATED	train	KEPT	4	32	/storage9920/home/tinghao.xia/Data_FM/RNA_FM_embeddings/6ZX8/rnafm_t12_residue_embeddings.pt	full_sequence	VALID
6ZXZ	GENERATED	train	KEPT	3	78	/storage9920/home/tinghao.xia/Data_FM/RNA_FM_embeddings/6ZXZ/rnafm_t12_residue_embeddings.pt	full_sequence	VALID
6ZYB	GENERATED	train	KEPT	1	27	/storage9920/home/tinghao.xia/Data_FM/RNA_FM_embeddings/6ZYB/rnafm_t12_residue_embeddings.pt	full_sequence	VALID
7A3Y	GENERATED	train	KEPT	2	25	/storage9920/home/tinghao.xia/Data_FM/RNA_FM_embeddings/7A3Y/rnafm_t12_residue_embeddings.pt	full_sequence	VALID
7A9L	GENERATED	train	KEPT	4	32	/storage9920/home/tinghao.xia/Data_FM/RNA_FM_embeddings/7A9L/rnafm_t12_residue_embeddings.pt	full_sequence	VALID
7A9N	GENERATED	train	KEPT	4	32	/storage9920/home/tinghao.xia/Data_FM/RNA_FM_embeddings/7A9N/rnafm_t12_residue_embeddings.pt	full_sequence	VALID
7A9O	GENERATED	train	KEPT	4	32	/storage9920/home/tinghao.xia/Data_FM/RNA_FM_embeddings/7A9O/rnafm_t12_residue_embeddings.pt	full_sequence	VALID
7A9P	GENERATED	train	KEPT	4	32	/storage9920/home/tinghao.xia/Data_FM/RNA_FM_embeddings/7A9P/rnafm_t12_residue_embeddings.pt	full_sequence	VALID
7A9Q	GENERATED	train	KEPT	4	32	/storage9920/home/tinghao.xia/Data_FM/RNA_FM_embeddings/7A9Q/rnafm_t12_residue_embeddings.pt	full_sequence	VALID
7A9R	GENERATED	train	KEPT	4	32	/storage9920/home/tinghao.xia/Data_FM/RNA_FM_embeddings/7A9R/rnafm_t12_residue_embeddings.pt	full_sequence	VALID
7A9S	GENERATED	train	KEPT	4	32	/storage9920/home/tinghao.xia/Data_FM/RNA_FM_embeddings/7A9S/rnafm_t12_residue_embeddings.pt	full_sequence	VALID
7A9T	GENERATED	train	KEPT	4	32	/storage9920/home/tinghao.xia/Data_FM/RNA_FM_embeddings/7A9T/rnafm_t12_residue_embeddings.pt	full_sequence	VALID
7D12	GENERATED	train	KEPT	1	20	/storage9920/home/tinghao.xia/Data_FM/RNA_FM_embeddings/7D12/rnafm_t12_residue_embeddings.pt	full_sequence	VALID
7D7W	GENERATED	train	KEPT	1	51	/storage9920/home/tinghao.xia/Data_FM/RNA_FM_embeddings/7D7W/rnafm_t12_residue_embeddings.pt	full_sequence	VALID
7D7X	GENERATED	train	KEPT	1	51	/storage9920/home/tinghao.xia/Data_FM/RNA_FM_embeddings/7D7X/rnafm_t12_residue_embeddings.pt	full_sequence	VALID
7D7Y	GENERATED	train	KEPT	1	51	/storage9920/home/tinghao.xia/Data_FM/RNA_FM_embeddings/7D7Y/rnafm_t12_residue_embeddings.pt	full_sequence	VALID
7D7Z	GENERATED	train	KEPT	1	51	/storage9920/home/tinghao.xia/Data_FM/RNA_FM_embeddings/7D7Z/rnafm_t12_residue_embeddings.pt	full_sequence	VALID
7D81	GENERATED	train	KEPT	1	50	/storage9920/home/tinghao.xia/Data_FM/RNA_FM_embeddings/7D81/rnafm_t12_residue_embeddings.pt	full_sequence	VALID
7D82	GENERATED	train	KEPT	1	50	/storage9920/home/tinghao.xia/Data_FM/RNA_FM_embeddings/7D82/rnafm_t12_residue_embeddings.pt	full_sequence	VALID
7DD4	GENERATED	train	KEPT	1	36	/storage9920/home/tinghao.xia/Data_FM/RNA_FM_embeddings/7DD4/rnafm_t12_residue_embeddings.pt	full_sequence	VALID
7E9E	GENERATED	train	KEPT	1	33	/storage9920/home/tinghao.xia/Data_FM/RNA_FM_embeddings/7E9E/rnafm_t12_residue_embeddings.pt	full_sequence	VALID
7E9I	GENERATED	train	KEPT	1	33	/storage9920/home/tinghao.xia/Data_FM/RNA_FM_embeddings/7E9I/rnafm_t12_residue_embeddings.pt	full_sequence	VALID
7EAF	GENERATED	train	KEPT	1	94	/storage9920/home/tinghao.xia/Data_FM/RNA_FM_embeddings/7EAF/rnafm_t12_residue_embeddings.pt	full_sequence	VALID
7EAG	GENERATED	train	KEPT	6	114	/storage9920/home/tinghao.xia/Data_FM/RNA_FM_embeddings/7EAG/rnafm_t12_residue_embeddings.pt	full_sequence	VALID
7ECJ	GENERATED	train	KEPT	3	36	/storage9920/home/tinghao.xia/Data_FM/RNA_FM_embeddings/7ECJ/rnafm_t12_residue_embeddings.pt	full_sequence	VALID
7ECK	GENERATED	train	KEPT	12	144	/storage9920/home/tinghao.xia/Data_FM/RNA_FM_embeddings/7ECK/rnafm_t12_residue_embeddings.pt	full_sequence	VALID
7ECL	GENERATED	train	KEPT	12	144	/storage9920/home/tinghao.xia/Data_FM/RNA_FM_embeddings/7ECL/rnafm_t12_residue_embeddings.pt	full_sequence	VALID
7ECM	GENERATED	train	KEPT	4	48	/storage9920/home/tinghao.xia/Data_FM/RNA_FM_embeddings/7ECM/rnafm_t12_residue_embeddings.pt	full_sequence	VALID
7ECN	GENERATED	train	KEPT	4	48	/storage9920/home/tinghao.xia/Data_FM/RNA_FM_embeddings/7ECN/rnafm_t12_residue_embeddings.pt	full_sequence	VALID
7ECO	GENERATED	train	KEPT	6	72	/storage9920/home/tinghao.xia/Data_FM/RNA_FM_embeddings/7ECO/rnafm_t12_residue_embeddings.pt	full_sequence	VALID
7ECP	GENERATED	train	KEPT	4	48	/storage9920/home/tinghao.xia/Data_FM/RNA_FM_embeddings/7ECP/rnafm_t12_residue_embeddings.pt	full_sequence	VALID
7EDL	GENERATED	train	KEPT	2	46	/storage9920/home/tinghao.xia/Data_FM/RNA_FM_embeddings/7EDL/rnafm_t12_residue_embeddings.pt	full_sequence	VALID
7EDM	GENERATED	train	KEPT	2	46	/storage9920/home/tinghao.xia/Data_FM/RNA_FM_embeddings/7EDM/rnafm_t12_residue_embeddings.pt	full_sequence	VALID
7EDN	GENERATED	train	KEPT	1	23	/storage9920/home/tinghao.xia/Data_FM/RNA_FM_embeddings/7EDN/rnafm_t12_residue_embeddings.pt	full_sequence	VALID
7EDT	GENERATED	train	KEPT	2	24	/storage9920/home/tinghao.xia/Data_FM/RNA_FM_embeddings/7EDT/rnafm_t12_residue_embeddings.pt	full_sequence	VALID
7EDU	GENERATED	train	KEPT	4	48	/storage9920/home/tinghao.xia/Data_FM/RNA_FM_embeddings/7EDU/rnafm_t12_residue_embeddings.pt	full_sequence	VALID
7EEM	GENERATED	train	KEPT	1	27	/storage9920/home/tinghao.xia/Data_FM/RNA_FM_embeddings/7EEM/rnafm_t12_residue_embeddings.pt	full_sequence	VALID
7EFG	GENERATED	train	KEPT	1	19	/storage9920/home/tinghao.xia/Data_FM/RNA_FM_embeddings/7EFG/rnafm_t12_residue_embeddings.pt	full_sequence	VALID
7EFH	GENERATED	train	KEPT	1	19	/storage9920/home/tinghao.xia/Data_FM/RNA_FM_embeddings/7EFH/rnafm_t12_residue_embeddings.pt	full_sequence	VALID
7EI7	GENERATED	train	KEPT	2	38	/storage9920/home/tinghao.xia/Data_FM/RNA_FM_embeddings/7EI7/rnafm_t12_residue_embeddings.pt	full_sequence	VALID
7EI8	GENERATED	train	KEPT	4	76	/storage9920/home/tinghao.xia/Data_FM/RNA_FM_embeddings/7EI8/rnafm_t12_residue_embeddings.pt	full_sequence	VALID
7EI9	GENERATED	train	KEPT	2	38	/storage9920/home/tinghao.xia/Data_FM/RNA_FM_embeddings/7EI9/rnafm_t12_residue_embeddings.pt	full_sequence	VALID
7EIA	GENERATED	train	KEPT	8	152	/storage9920/home/tinghao.xia/Data_FM/RNA_FM_embeddings/7EIA/rnafm_t12_residue_embeddings.pt	full_sequence	VALID
7ELP	GENERATED	train	KEPT	2	90	/storage9920/home/tinghao.xia/Data_FM/RNA_FM_embeddings/7ELP/rnafm_t12_residue_embeddings.pt	full_sequence	VALID
7ELQ	GENERATED	train	KEPT	2	90	/storage9920/home/tinghao.xia/Data_FM/RNA_FM_embeddings/7ELQ/rnafm_t12_residue_embeddings.pt	full_sequence	VALID
7ELR	GENERATED	train	KEPT	2	90	/storage9920/home/tinghao.xia/Data_FM/RNA_FM_embeddings/7ELR/rnafm_t12_residue_embeddings.pt	full_sequence	VALID
7ELS	GENERATED	train	KEPT	2	90	/storage9920/home/tinghao.xia/Data_FM/RNA_FM_embeddings/7ELS/rnafm_t12_residue_embeddings.pt	full_sequence	VALID
7EOG	GENERATED	train	KEPT	1	48	/storage9920/home/tinghao.xia/Data_FM/RNA_FM_embeddings/7EOG/rnafm_t12_residue_embeddings.pt	full_sequence	VALID
7EOH	GENERATED	train	KEPT	1	49	/storage9920/home/tinghao.xia/Data_FM/RNA_FM_embeddings/7EOH/rnafm_t12_residue_embeddings.pt	full_sequence	VALID
7EOI	GENERATED	train	KEPT	1	49	/storage9920/home/tinghao.xia/Data_FM/RNA_FM_embeddings/7EOI/rnafm_t12_residue_embeddings.pt	full_sequence	VALID
7EOJ	GENERATED	train	KEPT	1	49	/storage9920/home/tinghao.xia/Data_FM/RNA_FM_embeddings/7EOJ/rnafm_t12_residue_embeddings.pt	full_sequence	VALID
7EOK	GENERATED	train	KEPT	1	48	/storage9920/home/tinghao.xia/Data_FM/RNA_FM_embeddings/7EOK/rnafm_t12_residue_embeddings.pt	full_sequence	VALID
7EOL	GENERATED	train	KEPT	1	48	/storage9920/home/tinghao.xia/Data_FM/RNA_FM_embeddings/7EOL/rnafm_t12_residue_embeddings.pt	full_sequence	VALID
7EOM	GENERATED	train	KEPT	1	48	/storage9920/home/tinghao.xia/Data_FM/RNA_FM_embeddings/7EOM/rnafm_t12_residue_embeddings.pt	full_sequence	VALID
7EON	GENERATED	train	KEPT	1	48	/storage9920/home/tinghao.xia/Data_FM/RNA_FM_embeddings/7EON/rnafm_t12_residue_embeddings.pt	full_sequence	VALID
7EOO	GENERATED	train	KEPT	1	48	/storage9920/home/tinghao.xia/Data_FM/RNA_FM_embeddings/7EOO/rnafm_t12_residue_embeddings.pt	full_sequence	VALID
7EOP	GENERATED	train	KEPT	1	48	/storage9920/home/tinghao.xia/Data_FM/RNA_FM_embeddings/7EOP/rnafm_t12_residue_embeddings.pt	full_sequence	VALID
7EQJ	GENERATED	train	KEPT	2	152	/storage9920/home/tinghao.xia/Data_FM/RNA_FM_embeddings/7EQJ/rnafm_t12_residue_embeddings.pt	full_sequence	VALID
7EXY	GENERATED	train	KEPT	1	16	/storage9920/home/tinghao.xia/Data_FM/RNA_FM_embeddings/7EXY/rnafm_t12_residue_embeddings.pt	full_sequence	VALID
7EZ0	GENERATED	train	KEPT	1	387	/storage9920/home/tinghao.xia/Data_FM/RNA_FM_embeddings/7EZ0/rnafm_t12_residue_embeddings.pt	full_sequence	VALID
7EZ2	GENERATED	train	KEPT	3	406	/storage9920/home/tinghao.xia/Data_FM/RNA_FM_embeddings/7EZ2/rnafm_t12_residue_embeddings.pt	full_sequence	VALID
7F8Z	GENERATED	train	KEPT	10	190	/storage9920/home/tinghao.xia/Data_FM/RNA_FM_embeddings/7F8Z/rnafm_t12_residue_embeddings.pt	full_sequence	VALID
7FHI	GENERATED	train	KEPT	1	20	/storage9920/home/tinghao.xia/Data_FM/RNA_FM_embeddings/7FHI/rnafm_t12_residue_embeddings.pt	full_sequence	VALID
7FJ0	GENERATED	train	KEPT	1	20	/storage9920/home/tinghao.xia/Data_FM/RNA_FM_embeddings/7FJ0/rnafm_t12_residue_embeddings.pt	full_sequence	VALID
7JJD	GENERATED	train	KEPT	1	27	/storage9920/home/tinghao.xia/Data_FM/RNA_FM_embeddings/7JJD/rnafm_t12_residue_embeddings.pt	full_sequence	VALID
7JJE	GENERATED	train	KEPT	1	27	/storage9920/home/tinghao.xia/Data_FM/RNA_FM_embeddings/7JJE/rnafm_t12_residue_embeddings.pt	full_sequence	VALID
7JJF	GENERATED	train	KEPT	1	27	/storage9920/home/tinghao.xia/Data_FM/RNA_FM_embeddings/7JJF/rnafm_t12_residue_embeddings.pt	full_sequence	VALID
7JJU	GENERATED	train	KEPT	2	102	/storage9920/home/tinghao.xia/Data_FM/RNA_FM_embeddings/7JJU/rnafm_t12_residue_embeddings.pt	full_sequence	VALID
7JNH	GENERATED	train	KEPT	2	114	/storage9920/home/tinghao.xia/Data_FM/RNA_FM_embeddings/7JNH/rnafm_t12_residue_embeddings.pt	full_sequence	VALID
7JRR	GENERATED	train	KEPT	1	51	/storage9920/home/tinghao.xia/Data_FM/RNA_FM_embeddings/7JRR/rnafm_t12_residue_embeddings.pt	full_sequence	VALID
7JRS	GENERATED	train	KEPT	2	258	/storage9920/home/tinghao.xia/Data_FM/RNA_FM_embeddings/7JRS/rnafm_t12_residue_embeddings.pt	full_sequence	VALID
7JRT	GENERATED	train	KEPT	2	268	/storage9920/home/tinghao.xia/Data_FM/RNA_FM_embeddings/7JRT/rnafm_t12_residue_embeddings.pt	full_sequence	VALID
7JU1	GENERATED	train	KEPT	1	29	/storage9920/home/tinghao.xia/Data_FM/RNA_FM_embeddings/7JU1/rnafm_t12_residue_embeddings.pt	full_sequence	VALID
7K16	GENERATED	train	KEPT	1	51	/storage9920/home/tinghao.xia/Data_FM/RNA_FM_embeddings/7K16/rnafm_t12_residue_embeddings.pt	full_sequence	VALID
7K4L	GENERATED	train	KEPT	1	36	/storage9920/home/tinghao.xia/Data_FM/RNA_FM_embeddings/7K4L/rnafm_t12_residue_embeddings.pt	full_sequence	VALID
7KD1	GENERATED	train	KEPT	1	89	/storage9920/home/tinghao.xia/Data_FM/RNA_FM_embeddings/7KD1/rnafm_t12_residue_embeddings.pt	full_sequence	VALID
7KGA	GENERATED	train	KEPT	2	180	/storage9920/home/tinghao.xia/Data_FM/RNA_FM_embeddings/7KGA/rnafm_t12_residue_embeddings.pt	full_sequence	VALID
7KJU	GENERATED	train	KEPT	1	77	/storage9920/home/tinghao.xia/Data_FM/RNA_FM_embeddings/7KJU/rnafm_t12_residue_embeddings.pt	full_sequence	VALID
7KUB	GENERATED	train	KEPT	1	60	/storage9920/home/tinghao.xia/Data_FM/RNA_FM_embeddings/7KUB/rnafm_t12_residue_embeddings.pt	full_sequence	VALID
7KUC	GENERATED	train	KEPT	1	16	/storage9920/home/tinghao.xia/Data_FM/RNA_FM_embeddings/7KUC/rnafm_t12_residue_embeddings.pt	full_sequence	VALID
7KUD	GENERATED	train	KEPT	1	13	/storage9920/home/tinghao.xia/Data_FM/RNA_FM_embeddings/7KUD/rnafm_t12_residue_embeddings.pt	full_sequence	VALID
7KUK	GENERATED	train	KEPT	2	28	/storage9920/home/tinghao.xia/Data_FM/RNA_FM_embeddings/7KUK/rnafm_t12_residue_embeddings.pt	full_sequence	VALID
7KUM	GENERATED	train	KEPT	2	28	/storage9920/home/tinghao.xia/Data_FM/RNA_FM_embeddings/7KUM/rnafm_t12_residue_embeddings.pt	full_sequence	VALID
7KUN	GENERATED	train	KEPT	2	28	/storage9920/home/tinghao.xia/Data_FM/RNA_FM_embeddings/7KUN/rnafm_t12_residue_embeddings.pt	full_sequence	VALID
7KUO	GENERATED	train	KEPT	2	28	/storage9920/home/tinghao.xia/Data_FM/RNA_FM_embeddings/7KUO/rnafm_t12_residue_embeddings.pt	full_sequence	VALID
7KUP	GENERATED	train	KEPT	2	28	/storage9920/home/tinghao.xia/Data_FM/RNA_FM_embeddings/7KUP/rnafm_t12_residue_embeddings.pt	full_sequence	VALID
7KVT	GENERATED	train	KEPT	1	83	/storage9920/home/tinghao.xia/Data_FM/RNA_FM_embeddings/7KVT/rnafm_t12_residue_embeddings.pt	full_sequence	VALID
7KVU	GENERATED	train	KEPT	1	83	/storage9920/home/tinghao.xia/Data_FM/RNA_FM_embeddings/7KVU/rnafm_t12_residue_embeddings.pt	full_sequence	VALID
7KVV	GENERATED	train	KEPT	1	83	/storage9920/home/tinghao.xia/Data_FM/RNA_FM_embeddings/7KVV/rnafm_t12_residue_embeddings.pt	full_sequence	VALID
7L0Z	GENERATED	train	KEPT	1	69	/storage9920/home/tinghao.xia/Data_FM/RNA_FM_embeddings/7L0Z/rnafm_t12_residue_embeddings.pt	full_sequence	VALID
7L3R	GENERATED	train	KEPT	1	27	/storage9920/home/tinghao.xia/Data_FM/RNA_FM_embeddings/7L3R/rnafm_t12_residue_embeddings.pt	full_sequence	VALID
7LJY	GENERATED	train	KEPT	2	104	/storage9920/home/tinghao.xia/Data_FM/RNA_FM_embeddings/7LJY/rnafm_t12_residue_embeddings.pt	full_sequence	VALID
7LNE	GENERATED	train	KEPT	2	28	/storage9920/home/tinghao.xia/Data_FM/RNA_FM_embeddings/7LNE/rnafm_t12_residue_embeddings.pt	full_sequence	VALID
7LNF	GENERATED	train	KEPT	2	28	/storage9920/home/tinghao.xia/Data_FM/RNA_FM_embeddings/7LNF/rnafm_t12_residue_embeddings.pt	full_sequence	VALID
7LNG	GENERATED	train	KEPT	2	28	/storage9920/home/tinghao.xia/Data_FM/RNA_FM_embeddings/7LNG/rnafm_t12_residue_embeddings.pt	full_sequence	VALID
7LO9	GENERATED	train	KEPT	4	48	/storage9920/home/tinghao.xia/Data_FM/RNA_FM_embeddings/7LO9/rnafm_t12_residue_embeddings.pt	full_sequence	VALID
7LVA	GENERATED	train	KEPT	1	103	/storage9920/home/tinghao.xia/Data_FM/RNA_FM_embeddings/7LVA/rnafm_t12_residue_embeddings.pt	full_sequence	VALID
7LYF	GENERATED	train	KEPT	1	139	/storage9920/home/tinghao.xia/Data_FM/RNA_FM_embeddings/7LYF/rnafm_t12_residue_embeddings.pt	full_sequence	VALID
7LYG	GENERATED	train	KEPT	1	142	/storage9920/home/tinghao.xia/Data_FM/RNA_FM_embeddings/7LYG/rnafm_t12_residue_embeddings.pt	full_sequence	VALID
7LYJ	GENERATED	train	KEPT	1	66	/storage9920/home/tinghao.xia/Data_FM/RNA_FM_embeddings/7LYJ/rnafm_t12_residue_embeddings.pt	full_sequence	VALID
7M3V	GENERATED	train	KEPT	1	27	/storage9920/home/tinghao.xia/Data_FM/RNA_FM_embeddings/7M3V/rnafm_t12_residue_embeddings.pt	full_sequence	VALID
7MKT	GENERATED	train	KEPT	1	23	/storage9920/home/tinghao.xia/Data_FM/RNA_FM_embeddings/7MKT/rnafm_t12_residue_embeddings.pt	full_sequence	VALID
7MKY	GENERATED	train	KEPT	1	66	/storage9920/home/tinghao.xia/Data_FM/RNA_FM_embeddings/7MKY/rnafm_t12_residue_embeddings.pt	full_sequence	VALID
7MLW	GENERATED	train	KEPT	1	128	/storage9920/home/tinghao.xia/Data_FM/RNA_FM_embeddings/7MLW/rnafm_t12_residue_embeddings.pt	full_sequence	VALID
7OA3	GENERATED	train	KEPT	2	104	/storage9920/home/tinghao.xia/Data_FM/RNA_FM_embeddings/7OA3/rnafm_t12_residue_embeddings.pt	full_sequence	VALID
7OAV	GENERATED	train	KEPT	4	208	/storage9920/home/tinghao.xia/Data_FM/RNA_FM_embeddings/7OAV/rnafm_t12_residue_embeddings.pt	full_sequence	VALID
7OAW	GENERATED	train	KEPT	4	208	/storage9920/home/tinghao.xia/Data_FM/RNA_FM_embeddings/7OAW/rnafm_t12_residue_embeddings.pt	full_sequence	VALID
7OAX	GENERATED	train	KEPT	4	208	/storage9920/home/tinghao.xia/Data_FM/RNA_FM_embeddings/7OAX/rnafm_t12_residue_embeddings.pt	full_sequence	VALID
7OUO	GENERATED	train	KEPT	2	16	/storage9920/home/tinghao.xia/Data_FM/RNA_FM_embeddings/7OUO/rnafm_t12_residue_embeddings.pt	full_sequence	VALID
7POF	GENERATED	train	KEPT	1	14	/storage9920/home/tinghao.xia/Data_FM/RNA_FM_embeddings/7POF/rnafm_t12_residue_embeddings.pt	full_sequence	VALID
7PS8	GENERATED	train	KEPT	1	23	/storage9920/home/tinghao.xia/Data_FM/RNA_FM_embeddings/7PS8/rnafm_t12_residue_embeddings.pt	full_sequence	VALID
7PTK	GENERATED	train	KEPT	1	720	/storage9920/home/tinghao.xia/Data_FM/RNA_FM_embeddings/7PTK/rnafm_t12_residue_embeddings.pt	full_sequence	VALID
7PTL	GENERATED	train	KEPT	1	720	/storage9920/home/tinghao.xia/Data_FM/RNA_FM_embeddings/7PTL/rnafm_t12_residue_embeddings.pt	full_sequence	VALID
7PTQ	GENERATED	train	KEPT	1	544	/storage9920/home/tinghao.xia/Data_FM/RNA_FM_embeddings/7PTQ/rnafm_t12_residue_embeddings.pt	full_sequence	VALID
7PTS	GENERATED	train	KEPT	1	558	/storage9920/home/tinghao.xia/Data_FM/RNA_FM_embeddings/7PTS/rnafm_t12_residue_embeddings.pt	full_sequence	VALID
7Q48	GENERATED	train	KEPT	1	22	/storage9920/home/tinghao.xia/Data_FM/RNA_FM_embeddings/7Q48/rnafm_t12_residue_embeddings.pt	full_sequence	VALID
7Q6L	GENERATED	train	KEPT	1	22	/storage9920/home/tinghao.xia/Data_FM/RNA_FM_embeddings/7Q6L/rnafm_t12_residue_embeddings.pt	full_sequence	VALID
7Q7X	GENERATED	train	KEPT	3	62	/storage9920/home/tinghao.xia/Data_FM/RNA_FM_embeddings/7Q7X/rnafm_t12_residue_embeddings.pt	full_sequence	VALID
7Q7Y	GENERATED	train	KEPT	3	62	/storage9920/home/tinghao.xia/Data_FM/RNA_FM_embeddings/7Q7Y/rnafm_t12_residue_embeddings.pt	full_sequence	VALID
7Q7Z	GENERATED	train	KEPT	6	124	/storage9920/home/tinghao.xia/Data_FM/RNA_FM_embeddings/7Q7Z/rnafm_t12_residue_embeddings.pt	full_sequence	VALID
7Q80	GENERATED	train	KEPT	6	124	/storage9920/home/tinghao.xia/Data_FM/RNA_FM_embeddings/7Q80/rnafm_t12_residue_embeddings.pt	full_sequence	VALID
7Q81	GENERATED	train	KEPT	3	62	/storage9920/home/tinghao.xia/Data_FM/RNA_FM_embeddings/7Q81/rnafm_t12_residue_embeddings.pt	full_sequence	VALID
7Q82	GENERATED	train	KEPT	3	62	/storage9920/home/tinghao.xia/Data_FM/RNA_FM_embeddings/7Q82/rnafm_t12_residue_embeddings.pt	full_sequence	VALID
7QA2	GENERATED	train	KEPT	1	22	/storage9920/home/tinghao.xia/Data_FM/RNA_FM_embeddings/7QA2/rnafm_t12_residue_embeddings.pt	full_sequence	VALID
7QDU	GENERATED	train	KEPT	1	552	/storage9920/home/tinghao.xia/Data_FM/RNA_FM_embeddings/7QDU/rnafm_t12_residue_embeddings.pt	full_sequence	VALID
7QP2	GENERATED	train	KEPT	1	27	/storage9920/home/tinghao.xia/Data_FM/RNA_FM_embeddings/7QP2/rnafm_t12_residue_embeddings.pt	full_sequence	VALID
7QSH	GENERATED	train	KEPT	1	27	/storage9920/home/tinghao.xia/Data_FM/RNA_FM_embeddings/7QSH/rnafm_t12_residue_embeddings.pt	full_sequence	VALID
7QTN	GENERATED	train	KEPT	2	28	/storage9920/home/tinghao.xia/Data_FM/RNA_FM_embeddings/7QTN/rnafm_t12_residue_embeddings.pt	full_sequence	VALID
7QUA	GENERATED	train	KEPT	1	12	/storage9920/home/tinghao.xia/Data_FM/RNA_FM_embeddings/7QUA/rnafm_t12_residue_embeddings.pt	full_sequence	VALID
7R6N	GENERATED	train	KEPT	1	393	/storage9920/home/tinghao.xia/Data_FM/RNA_FM_embeddings/7R6N/rnafm_t12_residue_embeddings.pt	full_sequence	VALID
7REX	GENERATED	train	KEPT	3	102	/storage9920/home/tinghao.xia/Data_FM/RNA_FM_embeddings/7REX/rnafm_t12_residue_embeddings.pt	full_sequence	VALID
7RWR	GENERATED	train	KEPT	1	38	/storage9920/home/tinghao.xia/Data_FM/RNA_FM_embeddings/7RWR/rnafm_t12_residue_embeddings.pt	full_sequence	VALID
7SAM	GENERATED	train	KEPT	1	171	/storage9920/home/tinghao.xia/Data_FM/RNA_FM_embeddings/7SAM/rnafm_t12_residue_embeddings.pt	full_sequence	VALID
7SHX	GENERATED	train	KEPT	1	94	/storage9920/home/tinghao.xia/Data_FM/RNA_FM_embeddings/7SHX/rnafm_t12_residue_embeddings.pt	full_sequence	VALID
7SXP	GENERATED	train	KEPT	1	22	/storage9920/home/tinghao.xia/Data_FM/RNA_FM_embeddings/7SXP/rnafm_t12_residue_embeddings.pt	full_sequence	VALID
7TD7	GENERATED	train	KEPT	1	83	/storage9920/home/tinghao.xia/Data_FM/RNA_FM_embeddings/7TD7/rnafm_t12_residue_embeddings.pt	full_sequence	VALID
7TDA	GENERATED	train	KEPT	1	83	/storage9920/home/tinghao.xia/Data_FM/RNA_FM_embeddings/7TDA/rnafm_t12_residue_embeddings.pt	full_sequence	VALID
7TDB	GENERATED	train	KEPT	1	83	/storage9920/home/tinghao.xia/Data_FM/RNA_FM_embeddings/7TDB/rnafm_t12_residue_embeddings.pt	full_sequence	VALID
7TDC	GENERATED	train	KEPT	1	83	/storage9920/home/tinghao.xia/Data_FM/RNA_FM_embeddings/7TDC/rnafm_t12_residue_embeddings.pt	full_sequence	VALID
7TZR	GENERATED	train	KEPT	2	160	/storage9920/home/tinghao.xia/Data_FM/RNA_FM_embeddings/7TZR/rnafm_t12_residue_embeddings.pt	full_sequence	VALID
7TZS	GENERATED	train	KEPT	2	160	/storage9920/home/tinghao.xia/Data_FM/RNA_FM_embeddings/7TZS/rnafm_t12_residue_embeddings.pt	full_sequence	VALID
7TZT	GENERATED	train	KEPT	1	83	/storage9920/home/tinghao.xia/Data_FM/RNA_FM_embeddings/7TZT/rnafm_t12_residue_embeddings.pt	full_sequence	VALID
7TZU	GENERATED	train	KEPT	1	83	/storage9920/home/tinghao.xia/Data_FM/RNA_FM_embeddings/7TZU/rnafm_t12_residue_embeddings.pt	full_sequence	VALID
7U4A	GENERATED	train	KEPT	1	72	/storage9920/home/tinghao.xia/Data_FM/RNA_FM_embeddings/7U4A/rnafm_t12_residue_embeddings.pt	full_sequence	VALID
7U87	GENERATED	train	KEPT	2	30	/storage9920/home/tinghao.xia/Data_FM/RNA_FM_embeddings/7U87/rnafm_t12_residue_embeddings.pt	full_sequence	VALID
7U88	GENERATED	train	KEPT	2	30	/storage9920/home/tinghao.xia/Data_FM/RNA_FM_embeddings/7U88/rnafm_t12_residue_embeddings.pt	full_sequence	VALID
7U89	GENERATED	train	KEPT	2	30	/storage9920/home/tinghao.xia/Data_FM/RNA_FM_embeddings/7U89/rnafm_t12_residue_embeddings.pt	full_sequence	VALID
7U8A	GENERATED	train	KEPT	2	30	/storage9920/home/tinghao.xia/Data_FM/RNA_FM_embeddings/7U8A/rnafm_t12_residue_embeddings.pt	full_sequence	VALID
7U8B	GENERATED	train	KEPT	2	30	/storage9920/home/tinghao.xia/Data_FM/RNA_FM_embeddings/7U8B/rnafm_t12_residue_embeddings.pt	full_sequence	VALID
7UCR	GENERATED	train	KEPT	1	27	/storage9920/home/tinghao.xia/Data_FM/RNA_FM_embeddings/7UCR/rnafm_t12_residue_embeddings.pt	full_sequence	VALID
7UGA	GENERATED	train	KEPT	1	43	/storage9920/home/tinghao.xia/Data_FM/RNA_FM_embeddings/7UGA/rnafm_t12_residue_embeddings.pt	full_sequence	VALID
7UMC	GENERATED	train	KEPT	1	70	/storage9920/home/tinghao.xia/Data_FM/RNA_FM_embeddings/7UMC/rnafm_t12_residue_embeddings.pt	full_sequence	VALID
7UMD	GENERATED	train	KEPT	1	40	/storage9920/home/tinghao.xia/Data_FM/RNA_FM_embeddings/7UMD/rnafm_t12_residue_embeddings.pt	full_sequence	VALID
7UME	GENERATED	train	KEPT	1	28	/storage9920/home/tinghao.xia/Data_FM/RNA_FM_embeddings/7UME/rnafm_t12_residue_embeddings.pt	full_sequence	VALID
7UQ6	GENERATED	train	KEPT	1	86	/storage9920/home/tinghao.xia/Data_FM/RNA_FM_embeddings/7UQ6/rnafm_t12_residue_embeddings.pt	full_sequence	VALID
7UR5	GENERATED	train	KEPT	3	270	/storage9920/home/tinghao.xia/Data_FM/RNA_FM_embeddings/7UR5/rnafm_t12_residue_embeddings.pt	full_sequence	VALID
7URI	GENERATED	train	KEPT	1	90	/storage9920/home/tinghao.xia/Data_FM/RNA_FM_embeddings/7URI/rnafm_t12_residue_embeddings.pt	full_sequence	VALID
7URM	GENERATED	train	KEPT	1	90	/storage9920/home/tinghao.xia/Data_FM/RNA_FM_embeddings/7URM/rnafm_t12_residue_embeddings.pt	full_sequence	VALID
7UVT	GENERATED	train	KEPT	1	387	/storage9920/home/tinghao.xia/Data_FM/RNA_FM_embeddings/7UVT/rnafm_t12_residue_embeddings.pt	full_sequence	VALID
7UZ0	GENERATED	train	KEPT	1	87	/storage9920/home/tinghao.xia/Data_FM/RNA_FM_embeddings/7UZ0/rnafm_t12_residue_embeddings.pt	full_sequence	VALID
7V06	GENERATED	train	KEPT	1	43	/storage9920/home/tinghao.xia/Data_FM/RNA_FM_embeddings/7V06/rnafm_t12_residue_embeddings.pt	full_sequence	VALID
7V9E	GENERATED	train	KEPT	1	68	/storage9920/home/tinghao.xia/Data_FM/RNA_FM_embeddings/7V9E/rnafm_t12_residue_embeddings.pt	full_sequence	VALID
7VFT	GENERATED	train	KEPT	1	23	/storage9920/home/tinghao.xia/Data_FM/RNA_FM_embeddings/7VFT/rnafm_t12_residue_embeddings.pt	full_sequence	VALID
7VNV	GENERATED	train	KEPT	2	156	/storage9920/home/tinghao.xia/Data_FM/RNA_FM_embeddings/7VNV/rnafm_t12_residue_embeddings.pt	full_sequence	VALID
7VNW	GENERATED	train	KEPT	2	156	/storage9920/home/tinghao.xia/Data_FM/RNA_FM_embeddings/7VNW/rnafm_t12_residue_embeddings.pt	full_sequence	VALID
7WI9	GENERATED	train	KEPT	1	50	/storage9920/home/tinghao.xia/Data_FM/RNA_FM_embeddings/7WI9/rnafm_t12_residue_embeddings.pt	full_sequence	VALID
7WIA	GENERATED	train	KEPT	1	50	/storage9920/home/tinghao.xia/Data_FM/RNA_FM_embeddings/7WIA/rnafm_t12_residue_embeddings.pt	full_sequence	VALID
7WIB	GENERATED	train	KEPT	1	50	/storage9920/home/tinghao.xia/Data_FM/RNA_FM_embeddings/7WIB/rnafm_t12_residue_embeddings.pt	full_sequence	VALID
7WIE	GENERATED	train	KEPT	1	50	/storage9920/home/tinghao.xia/Data_FM/RNA_FM_embeddings/7WIE/rnafm_t12_residue_embeddings.pt	full_sequence	VALID
7WIF	GENERATED	train	KEPT	1	50	/storage9920/home/tinghao.xia/Data_FM/RNA_FM_embeddings/7WIF/rnafm_t12_residue_embeddings.pt	full_sequence	VALID
7WII	GENERATED	train	KEPT	1	50	/storage9920/home/tinghao.xia/Data_FM/RNA_FM_embeddings/7WII/rnafm_t12_residue_embeddings.pt	full_sequence	VALID
7XD3	GENERATED	train	KEPT	1	426	/storage9920/home/tinghao.xia/Data_FM/RNA_FM_embeddings/7XD3/rnafm_t12_residue_embeddings.pt	full_sequence	VALID
7XD4	GENERATED	train	KEPT	1	423	/storage9920/home/tinghao.xia/Data_FM/RNA_FM_embeddings/7XD4/rnafm_t12_residue_embeddings.pt	full_sequence	VALID
7XD5	GENERATED	train	KEPT	2	406	/storage9920/home/tinghao.xia/Data_FM/RNA_FM_embeddings/7XD5/rnafm_t12_residue_embeddings.pt	full_sequence	VALID
7XD6	GENERATED	train	KEPT	2	459	/storage9920/home/tinghao.xia/Data_FM/RNA_FM_embeddings/7XD6/rnafm_t12_residue_embeddings.pt	full_sequence	VALID
7XD7	GENERATED	train	KEPT	1	405	/storage9920/home/tinghao.xia/Data_FM/RNA_FM_embeddings/7XD7/rnafm_t12_residue_embeddings.pt	full_sequence	VALID
7XSK	GENERATED	train	KEPT	1	388	/storage9920/home/tinghao.xia/Data_FM/RNA_FM_embeddings/7XSK/rnafm_t12_residue_embeddings.pt	full_sequence	VALID
7XSL	GENERATED	train	KEPT	1	388	/storage9920/home/tinghao.xia/Data_FM/RNA_FM_embeddings/7XSL/rnafm_t12_residue_embeddings.pt	full_sequence	VALID
7XSM	GENERATED	train	KEPT	1	388	/storage9920/home/tinghao.xia/Data_FM/RNA_FM_embeddings/7XSM/rnafm_t12_residue_embeddings.pt	full_sequence	VALID
7XSN	GENERATED	train	KEPT	1	388	/storage9920/home/tinghao.xia/Data_FM/RNA_FM_embeddings/7XSN/rnafm_t12_residue_embeddings.pt	full_sequence	VALID
7Y2B	GENERATED	train	KEPT	1	13	/storage9920/home/tinghao.xia/Data_FM/RNA_FM_embeddings/7Y2B/rnafm_t12_residue_embeddings.pt	full_sequence	VALID
7Y2P	GENERATED	train	KEPT	2	26	/storage9920/home/tinghao.xia/Data_FM/RNA_FM_embeddings/7Y2P/rnafm_t12_residue_embeddings.pt	full_sequence	VALID
7Y8P	GENERATED	train	KEPT	2	24	/storage9920/home/tinghao.xia/Data_FM/RNA_FM_embeddings/7Y8P/rnafm_t12_residue_embeddings.pt	full_sequence	VALID
7YC8	GENERATED	train	KEPT	1	393	/storage9920/home/tinghao.xia/Data_FM/RNA_FM_embeddings/7YC8/rnafm_t12_residue_embeddings.pt	full_sequence	VALID
7YCG	GENERATED	train	KEPT	2	404	/storage9920/home/tinghao.xia/Data_FM/RNA_FM_embeddings/7YCG/rnafm_t12_residue_embeddings.pt	full_sequence	VALID
7YCH	GENERATED	train	KEPT	2	404	/storage9920/home/tinghao.xia/Data_FM/RNA_FM_embeddings/7YCH/rnafm_t12_residue_embeddings.pt	full_sequence	VALID
7YCI	GENERATED	train	KEPT	2	399	/storage9920/home/tinghao.xia/Data_FM/RNA_FM_embeddings/7YCI/rnafm_t12_residue_embeddings.pt	full_sequence	VALID
7YG8	GENERATED	train	KEPT	3	402	/storage9920/home/tinghao.xia/Data_FM/RNA_FM_embeddings/7YG8/rnafm_t12_residue_embeddings.pt	full_sequence	VALID
7YG9	GENERATED	train	KEPT	3	407	/storage9920/home/tinghao.xia/Data_FM/RNA_FM_embeddings/7YG9/rnafm_t12_residue_embeddings.pt	full_sequence	VALID
7YGA	GENERATED	train	KEPT	3	407	/storage9920/home/tinghao.xia/Data_FM/RNA_FM_embeddings/7YGA/rnafm_t12_residue_embeddings.pt	full_sequence	VALID
7YGB	GENERATED	train	KEPT	3	407	/storage9920/home/tinghao.xia/Data_FM/RNA_FM_embeddings/7YGB/rnafm_t12_residue_embeddings.pt	full_sequence	VALID
7YGC	GENERATED	train	KEPT	3	407	/storage9920/home/tinghao.xia/Data_FM/RNA_FM_embeddings/7YGC/rnafm_t12_residue_embeddings.pt	full_sequence	VALID
7YGD	GENERATED	train	KEPT	3	402	/storage9920/home/tinghao.xia/Data_FM/RNA_FM_embeddings/7YGD/rnafm_t12_residue_embeddings.pt	full_sequence	VALID
7ZFW	SKIPPED_VALID	train	KEPT	1	3774	/storage9920/home/tinghao.xia/Data_FM/RNA_FM_embeddings/7ZFW/rnafm_t12_residue_embeddings.pt	sliding_window_uniform_mean	VALID
7ZJ4	GENERATED	train	KEPT	1	374	/storage9920/home/tinghao.xia/Data_FM/RNA_FM_embeddings/7ZJ4/rnafm_t12_residue_embeddings.pt	full_sequence	VALID
7ZJ5	GENERATED	train	KEPT	1	374	/storage9920/home/tinghao.xia/Data_FM/RNA_FM_embeddings/7ZJ5/rnafm_t12_residue_embeddings.pt	full_sequence	VALID
8AMG	GENERATED	train	KEPT	12	108	/storage9920/home/tinghao.xia/Data_FM/RNA_FM_embeddings/8AMG/rnafm_t12_residue_embeddings.pt	full_sequence	VALID
8AMI	GENERATED	train	KEPT	2	18	/storage9920/home/tinghao.xia/Data_FM/RNA_FM_embeddings/8AMI/rnafm_t12_residue_embeddings.pt	full_sequence	VALID
8AMJ	GENERATED	train	KEPT	2	18	/storage9920/home/tinghao.xia/Data_FM/RNA_FM_embeddings/8AMJ/rnafm_t12_residue_embeddings.pt	full_sequence	VALID
8AMK	GENERATED	train	KEPT	28	252	/storage9920/home/tinghao.xia/Data_FM/RNA_FM_embeddings/8AMK/rnafm_t12_residue_embeddings.pt	full_sequence	VALID
8AML	GENERATED	train	KEPT	28	252	/storage9920/home/tinghao.xia/Data_FM/RNA_FM_embeddings/8AML/rnafm_t12_residue_embeddings.pt	full_sequence	VALID
8AMM	GENERATED	train	KEPT	28	252	/storage9920/home/tinghao.xia/Data_FM/RNA_FM_embeddings/8AMM/rnafm_t12_residue_embeddings.pt	full_sequence	VALID
8AMN	GENERATED	train	KEPT	28	252	/storage9920/home/tinghao.xia/Data_FM/RNA_FM_embeddings/8AMN/rnafm_t12_residue_embeddings.pt	full_sequence	VALID
8BTZ	GENERATED	train	KEPT	1	238	/storage9920/home/tinghao.xia/Data_FM/RNA_FM_embeddings/8BTZ/rnafm_t12_residue_embeddings.pt	full_sequence	VALID
8BU8	GENERATED	val	KEPT	1	354	/storage9920/home/tinghao.xia/Data_FM/RNA_FM_embeddings/8BU8/rnafm_t12_residue_embeddings.pt	full_sequence	VALID
8BWT	GENERATED	train	KEPT	1	26	/storage9920/home/tinghao.xia/Data_FM/RNA_FM_embeddings/8BWT/rnafm_t12_residue_embeddings.pt	full_sequence	VALID
8CF2	GENERATED	val	KEPT	2	22	/storage9920/home/tinghao.xia/Data_FM/RNA_FM_embeddings/8CF2/rnafm_t12_residue_embeddings.pt	full_sequence	VALID
8CLM	GENERATED	train	KEPT	6	54	/storage9920/home/tinghao.xia/Data_FM/RNA_FM_embeddings/8CLM/rnafm_t12_residue_embeddings.pt	full_sequence	VALID
8CLR	GENERATED	train	KEPT	1	14	/storage9920/home/tinghao.xia/Data_FM/RNA_FM_embeddings/8CLR/rnafm_t12_residue_embeddings.pt	full_sequence	VALID
8CQ1	GENERATED	train	KEPT	1	44	/storage9920/home/tinghao.xia/Data_FM/RNA_FM_embeddings/8CQ1/rnafm_t12_residue_embeddings.pt	full_sequence	VALID
8D28	GENERATED	train	KEPT	2	66	/storage9920/home/tinghao.xia/Data_FM/RNA_FM_embeddings/8D28/rnafm_t12_residue_embeddings.pt	full_sequence	VALID
8D2A	GENERATED	train	KEPT	2	66	/storage9920/home/tinghao.xia/Data_FM/RNA_FM_embeddings/8D2A/rnafm_t12_residue_embeddings.pt	full_sequence	VALID
8D2B	GENERATED	train	KEPT	2	66	/storage9920/home/tinghao.xia/Data_FM/RNA_FM_embeddings/8D2B/rnafm_t12_residue_embeddings.pt	full_sequence	VALID
8D5L	GENERATED	train	KEPT	4	132	/storage9920/home/tinghao.xia/Data_FM/RNA_FM_embeddings/8D5L/rnafm_t12_residue_embeddings.pt	full_sequence	VALID
8D5O	GENERATED	train	KEPT	2	66	/storage9920/home/tinghao.xia/Data_FM/RNA_FM_embeddings/8D5O/rnafm_t12_residue_embeddings.pt	full_sequence	VALID
8EYU	GENERATED	train	KEPT	2	98	/storage9920/home/tinghao.xia/Data_FM/RNA_FM_embeddings/8EYU/rnafm_t12_residue_embeddings.pt	full_sequence	VALID
8EYV	GENERATED	train	KEPT	2	98	/storage9920/home/tinghao.xia/Data_FM/RNA_FM_embeddings/8EYV/rnafm_t12_residue_embeddings.pt	full_sequence	VALID
8EYW	GENERATED	train	KEPT	2	98	/storage9920/home/tinghao.xia/Data_FM/RNA_FM_embeddings/8EYW/rnafm_t12_residue_embeddings.pt	full_sequence	VALID
8F0N	GENERATED	train	KEPT	2	98	/storage9920/home/tinghao.xia/Data_FM/RNA_FM_embeddings/8F0N/rnafm_t12_residue_embeddings.pt	full_sequence	VALID
8F24	GENERATED	train	KEPT	6	48	/storage9920/home/tinghao.xia/Data_FM/RNA_FM_embeddings/8F24/rnafm_t12_residue_embeddings.pt	full_sequence	VALID
8F4O	GENERATED	train	KEPT	2	166	/storage9920/home/tinghao.xia/Data_FM/RNA_FM_embeddings/8F4O/rnafm_t12_residue_embeddings.pt	full_sequence	VALID
8FB3	GENERATED	train	KEPT	3	102	/storage9920/home/tinghao.xia/Data_FM/RNA_FM_embeddings/8FB3/rnafm_t12_residue_embeddings.pt	full_sequence	VALID
8FCS	GENERATED	train	KEPT	1	71	/storage9920/home/tinghao.xia/Data_FM/RNA_FM_embeddings/8FCS/rnafm_t12_residue_embeddings.pt	full_sequence	VALID
8FEO	GENERATED	val	KEPT	1	16	/storage9920/home/tinghao.xia/Data_FM/RNA_FM_embeddings/8FEO/rnafm_t12_residue_embeddings.pt	full_sequence	VALID
8FEP	GENERATED	val	KEPT	1	16	/storage9920/home/tinghao.xia/Data_FM/RNA_FM_embeddings/8FEP/rnafm_t12_residue_embeddings.pt	full_sequence	VALID
8FEQ	GENERATED	val	KEPT	1	16	/storage9920/home/tinghao.xia/Data_FM/RNA_FM_embeddings/8FEQ/rnafm_t12_residue_embeddings.pt	full_sequence	VALID
8FER	GENERATED	val	KEPT	2	32	/storage9920/home/tinghao.xia/Data_FM/RNA_FM_embeddings/8FER/rnafm_t12_residue_embeddings.pt	full_sequence	VALID
8FW4	GENERATED	train	KEPT	1	210	/storage9920/home/tinghao.xia/Data_FM/RNA_FM_embeddings/8FW4/rnafm_t12_residue_embeddings.pt	full_sequence	VALID
8FZA	GENERATED	train	KEPT	2	60	/storage9920/home/tinghao.xia/Data_FM/RNA_FM_embeddings/8FZA/rnafm_t12_residue_embeddings.pt	full_sequence	VALID
8HB1	GENERATED	train	KEPT	2	54	/storage9920/home/tinghao.xia/Data_FM/RNA_FM_embeddings/8HB1/rnafm_t12_residue_embeddings.pt	full_sequence	VALID
8HB3	GENERATED	train	KEPT	2	55	/storage9920/home/tinghao.xia/Data_FM/RNA_FM_embeddings/8HB3/rnafm_t12_residue_embeddings.pt	full_sequence	VALID
8HB8	GENERATED	train	KEPT	1	55	/storage9920/home/tinghao.xia/Data_FM/RNA_FM_embeddings/8HB8/rnafm_t12_residue_embeddings.pt	full_sequence	VALID
8HBA	GENERATED	train	KEPT	2	112	/storage9920/home/tinghao.xia/Data_FM/RNA_FM_embeddings/8HBA/rnafm_t12_residue_embeddings.pt	full_sequence	VALID
8HD6	GENERATED	train	KEPT	1	419	/storage9920/home/tinghao.xia/Data_FM/RNA_FM_embeddings/8HD6/rnafm_t12_residue_embeddings.pt	full_sequence	VALID
8HD7	GENERATED	train	KEPT	1	419	/storage9920/home/tinghao.xia/Data_FM/RNA_FM_embeddings/8HD7/rnafm_t12_residue_embeddings.pt	full_sequence	VALID
8HZD	GENERATED	val	KEPT	2	72	/storage9920/home/tinghao.xia/Data_FM/RNA_FM_embeddings/8HZD/rnafm_t12_residue_embeddings.pt	full_sequence	VALID
8HZE	GENERATED	val	KEPT	2	70	/storage9920/home/tinghao.xia/Data_FM/RNA_FM_embeddings/8HZE/rnafm_t12_residue_embeddings.pt	full_sequence	VALID
8HZF	GENERATED	val	KEPT	2	70	/storage9920/home/tinghao.xia/Data_FM/RNA_FM_embeddings/8HZF/rnafm_t12_residue_embeddings.pt	full_sequence	VALID
8HZJ	GENERATED	val	KEPT	2	70	/storage9920/home/tinghao.xia/Data_FM/RNA_FM_embeddings/8HZJ/rnafm_t12_residue_embeddings.pt	full_sequence	VALID
8HZK	GENERATED	val	KEPT	2	72	/storage9920/home/tinghao.xia/Data_FM/RNA_FM_embeddings/8HZK/rnafm_t12_residue_embeddings.pt	full_sequence	VALID
8HZL	GENERATED	val	KEPT	2	168	/storage9920/home/tinghao.xia/Data_FM/RNA_FM_embeddings/8HZL/rnafm_t12_residue_embeddings.pt	full_sequence	VALID
8HZM	GENERATED	val	KEPT	2	70	/storage9920/home/tinghao.xia/Data_FM/RNA_FM_embeddings/8HZM/rnafm_t12_residue_embeddings.pt	full_sequence	VALID
8I3Z	GENERATED	train	KEPT	2	55	/storage9920/home/tinghao.xia/Data_FM/RNA_FM_embeddings/8I3Z/rnafm_t12_residue_embeddings.pt	full_sequence	VALID
8I43	GENERATED	train	KEPT	1	19	/storage9920/home/tinghao.xia/Data_FM/RNA_FM_embeddings/8I43/rnafm_t12_residue_embeddings.pt	full_sequence	VALID
8I44	GENERATED	train	KEPT	1	19	/storage9920/home/tinghao.xia/Data_FM/RNA_FM_embeddings/8I44/rnafm_t12_residue_embeddings.pt	full_sequence	VALID
8I45	GENERATED	train	KEPT	1	19	/storage9920/home/tinghao.xia/Data_FM/RNA_FM_embeddings/8I45/rnafm_t12_residue_embeddings.pt	full_sequence	VALID
8I46	GENERATED	train	KEPT	1	19	/storage9920/home/tinghao.xia/Data_FM/RNA_FM_embeddings/8I46/rnafm_t12_residue_embeddings.pt	full_sequence	VALID
8I7N	GENERATED	train	KEPT	1	418	/storage9920/home/tinghao.xia/Data_FM/RNA_FM_embeddings/8I7N/rnafm_t12_residue_embeddings.pt	full_sequence	VALID
8ITS	GENERATED	val	KEPT	1	46	/storage9920/home/tinghao.xia/Data_FM/RNA_FM_embeddings/8ITS/rnafm_t12_residue_embeddings.pt	full_sequence	VALID
8JHP	GENERATED	val	KEPT	1	27	/storage9920/home/tinghao.xia/Data_FM/RNA_FM_embeddings/8JHP/rnafm_t12_residue_embeddings.pt	full_sequence	VALID
8K0P	GENERATED	val	KEPT	2	1266	/storage9920/home/tinghao.xia/Data_FM/RNA_FM_embeddings/8K0P/rnafm_t12_residue_embeddings.pt	full_sequence	VALID
8K0S	GENERATED	val	KEPT	2	1274	/storage9920/home/tinghao.xia/Data_FM/RNA_FM_embeddings/8K0S/rnafm_t12_residue_embeddings.pt	full_sequence	VALID
8K0Y	GENERATED		DROP_NO_EVALUABLE_CHAINS	2	112	/storage9920/home/tinghao.xia/Data_FM/RNA_FM_embeddings/8K0Y/rnafm_t12_residue_embeddings.pt	full_sequence	VALID
8K15	GENERATED	val	KEPT	1	621	/storage9920/home/tinghao.xia/Data_FM/RNA_FM_embeddings/8K15/rnafm_t12_residue_embeddings.pt	full_sequence	VALID
8K1E	GENERATED		DROP_NO_EVALUABLE_CHAINS	2	116	/storage9920/home/tinghao.xia/Data_FM/RNA_FM_embeddings/8K1E/rnafm_t12_residue_embeddings.pt	full_sequence	VALID
8K2Z	GENERATED		DROP_NO_EVALUABLE_CHAINS	2	114	/storage9920/home/tinghao.xia/Data_FM/RNA_FM_embeddings/8K2Z/rnafm_t12_residue_embeddings.pt	full_sequence	VALID
8K30	GENERATED		DROP_NO_EVALUABLE_CHAINS	2	112	/storage9920/home/tinghao.xia/Data_FM/RNA_FM_embeddings/8K30/rnafm_t12_residue_embeddings.pt	full_sequence	VALID
8K7W	GENERATED	test	KEEP_ALL_CHAINS	1	49	/storage9920/home/tinghao.xia/Data_FM/RNA_FM_embeddings/8K7W/rnafm_t12_residue_embeddings.pt	full_sequence	VALID
8K85	GENERATED	test	KEEP_ALL_CHAINS	2	112	/storage9920/home/tinghao.xia/Data_FM/RNA_FM_embeddings/8K85/rnafm_t12_residue_embeddings.pt	full_sequence	VALID
8K8B	GENERATED	val	KEPT	1	19	/storage9920/home/tinghao.xia/Data_FM/RNA_FM_embeddings/8K8B/rnafm_t12_residue_embeddings.pt	full_sequence	VALID
8KEB	GENERATED		DROP_NO_EVALUABLE_CHAINS	1	72	/storage9920/home/tinghao.xia/Data_FM/RNA_FM_embeddings/8KEB/rnafm_t12_residue_embeddings.pt	full_sequence	VALID
8KED	GENERATED		DROP_NO_EVALUABLE_CHAINS	1	72	/storage9920/home/tinghao.xia/Data_FM/RNA_FM_embeddings/8KED/rnafm_t12_residue_embeddings.pt	full_sequence	VALID
8KHH	GENERATED		DROP_NO_EVALUABLE_CHAINS	2	142	/storage9920/home/tinghao.xia/Data_FM/RNA_FM_embeddings/8KHH/rnafm_t12_residue_embeddings.pt	full_sequence	VALID
8OLS	GENERATED	val	KEPT	1	394	/storage9920/home/tinghao.xia/Data_FM/RNA_FM_embeddings/8OLS/rnafm_t12_residue_embeddings.pt	full_sequence	VALID
8OLV	GENERATED	val	KEPT	1	394	/storage9920/home/tinghao.xia/Data_FM/RNA_FM_embeddings/8OLV/rnafm_t12_residue_embeddings.pt	full_sequence	VALID
8OLW	GENERATED	val	KEPT	1	396	/storage9920/home/tinghao.xia/Data_FM/RNA_FM_embeddings/8OLW/rnafm_t12_residue_embeddings.pt	full_sequence	VALID
8OLY	GENERATED	val	KEPT	2	396	/storage9920/home/tinghao.xia/Data_FM/RNA_FM_embeddings/8OLY/rnafm_t12_residue_embeddings.pt	full_sequence	VALID
8OLZ	GENERATED	val	KEPT	2	397	/storage9920/home/tinghao.xia/Data_FM/RNA_FM_embeddings/8OLZ/rnafm_t12_residue_embeddings.pt	full_sequence	VALID
8OM0	GENERATED	val	KEPT	1	394	/storage9920/home/tinghao.xia/Data_FM/RNA_FM_embeddings/8OM0/rnafm_t12_residue_embeddings.pt	full_sequence	VALID
8PFK	GENERATED	val	KEPT	1	12	/storage9920/home/tinghao.xia/Data_FM/RNA_FM_embeddings/8PFK/rnafm_t12_residue_embeddings.pt	full_sequence	VALID
8PFQ	GENERATED	val	KEPT	2	24	/storage9920/home/tinghao.xia/Data_FM/RNA_FM_embeddings/8PFQ/rnafm_t12_residue_embeddings.pt	full_sequence	VALID
8Q4O	GENERATED	val	KEPT	1	23	/storage9920/home/tinghao.xia/Data_FM/RNA_FM_embeddings/8Q4O/rnafm_t12_residue_embeddings.pt	full_sequence	VALID
8Q6N	GENERATED	val	KEPT	1	46	/storage9920/home/tinghao.xia/Data_FM/RNA_FM_embeddings/8Q6N/rnafm_t12_residue_embeddings.pt	full_sequence	VALID
8QMH	GENERATED	val	KEPT	4	24	/storage9920/home/tinghao.xia/Data_FM/RNA_FM_embeddings/8QMH/rnafm_t12_residue_embeddings.pt	full_sequence	VALID
8QMI	GENERATED	val	KEPT	4	24	/storage9920/home/tinghao.xia/Data_FM/RNA_FM_embeddings/8QMI/rnafm_t12_residue_embeddings.pt	full_sequence	VALID
8QO2	GENERATED	val	KEPT	1	222	/storage9920/home/tinghao.xia/Data_FM/RNA_FM_embeddings/8QO2/rnafm_t12_residue_embeddings.pt	full_sequence	VALID
8QO3	GENERATED	val	KEPT	1	118	/storage9920/home/tinghao.xia/Data_FM/RNA_FM_embeddings/8QO3/rnafm_t12_residue_embeddings.pt	full_sequence	VALID
8QO4	GENERATED	val	KEPT	1	156	/storage9920/home/tinghao.xia/Data_FM/RNA_FM_embeddings/8QO4/rnafm_t12_residue_embeddings.pt	full_sequence	VALID
8QO5	GENERATED	val	KEPT	1	145	/storage9920/home/tinghao.xia/Data_FM/RNA_FM_embeddings/8QO5/rnafm_t12_residue_embeddings.pt	full_sequence	VALID
8R62	GENERATED	val	KEPT	2	22	/storage9920/home/tinghao.xia/Data_FM/RNA_FM_embeddings/8R62/rnafm_t12_residue_embeddings.pt	full_sequence	VALID
8R63	GENERATED	val	KEPT	2	22	/storage9920/home/tinghao.xia/Data_FM/RNA_FM_embeddings/8R63/rnafm_t12_residue_embeddings.pt	full_sequence	VALID
8R8P	GENERATED	val	KEPT	2	22	/storage9920/home/tinghao.xia/Data_FM/RNA_FM_embeddings/8R8P/rnafm_t12_residue_embeddings.pt	full_sequence	VALID
8RUH	GENERATED	val	KEPT	2	397	/storage9920/home/tinghao.xia/Data_FM/RNA_FM_embeddings/8RUH/rnafm_t12_residue_embeddings.pt	full_sequence	VALID
8RUI	GENERATED	val	KEPT	1	391	/storage9920/home/tinghao.xia/Data_FM/RNA_FM_embeddings/8RUI/rnafm_t12_residue_embeddings.pt	full_sequence	VALID
8RUJ	GENERATED	val	KEPT	1	391	/storage9920/home/tinghao.xia/Data_FM/RNA_FM_embeddings/8RUJ/rnafm_t12_residue_embeddings.pt	full_sequence	VALID
8RUK	GENERATED	val	KEPT	1	394	/storage9920/home/tinghao.xia/Data_FM/RNA_FM_embeddings/8RUK/rnafm_t12_residue_embeddings.pt	full_sequence	VALID
8RUL	GENERATED	val	KEPT	1	394	/storage9920/home/tinghao.xia/Data_FM/RNA_FM_embeddings/8RUL/rnafm_t12_residue_embeddings.pt	full_sequence	VALID
8RUM	GENERATED	val	KEPT	1	394	/storage9920/home/tinghao.xia/Data_FM/RNA_FM_embeddings/8RUM/rnafm_t12_residue_embeddings.pt	full_sequence	VALID
8RUN	GENERATED	val	KEPT	1	394	/storage9920/home/tinghao.xia/Data_FM/RNA_FM_embeddings/8RUN/rnafm_t12_residue_embeddings.pt	full_sequence	VALID
8S6W	GENERATED	test	KEEP_PARTIAL_CHAINS	4	144	/storage9920/home/tinghao.xia/Data_FM/RNA_FM_embeddings/8S6W/rnafm_t12_residue_embeddings.pt	full_sequence	VALID
8S95	GENERATED	train	KEPT	1	157	/storage9920/home/tinghao.xia/Data_FM/RNA_FM_embeddings/8S95/rnafm_t12_residue_embeddings.pt	full_sequence	VALID
8SA2	GENERATED	train	KEPT	2	420	/storage9920/home/tinghao.xia/Data_FM/RNA_FM_embeddings/8SA2/rnafm_t12_residue_embeddings.pt	full_sequence	VALID
8SA3	GENERATED	train	KEPT	2	420	/storage9920/home/tinghao.xia/Data_FM/RNA_FM_embeddings/8SA3/rnafm_t12_residue_embeddings.pt	full_sequence	VALID
8SA4	GENERATED	train	KEPT	2	420	/storage9920/home/tinghao.xia/Data_FM/RNA_FM_embeddings/8SA4/rnafm_t12_residue_embeddings.pt	full_sequence	VALID
8SA5	GENERATED	train	KEPT	2	420	/storage9920/home/tinghao.xia/Data_FM/RNA_FM_embeddings/8SA5/rnafm_t12_residue_embeddings.pt	full_sequence	VALID
8SA6	GENERATED	train	KEPT	2	420	/storage9920/home/tinghao.xia/Data_FM/RNA_FM_embeddings/8SA6/rnafm_t12_residue_embeddings.pt	full_sequence	VALID
8SCF	GENERATED	train	KEPT	1	30	/storage9920/home/tinghao.xia/Data_FM/RNA_FM_embeddings/8SCF/rnafm_t12_residue_embeddings.pt	full_sequence	VALID
8SCH	GENERATED	train	KEPT	1	68	/storage9920/home/tinghao.xia/Data_FM/RNA_FM_embeddings/8SCH/rnafm_t12_residue_embeddings.pt	full_sequence	VALID
8SKQ	GENERATED	val	KEPT	1	12	/storage9920/home/tinghao.xia/Data_FM/RNA_FM_embeddings/8SKQ/rnafm_t12_residue_embeddings.pt	full_sequence	VALID
8SP9	GENERATED	train	KEPT	1	153	/storage9920/home/tinghao.xia/Data_FM/RNA_FM_embeddings/8SP9/rnafm_t12_residue_embeddings.pt	full_sequence	VALID
8SWG	GENERATED	train	KEPT	2	28	/storage9920/home/tinghao.xia/Data_FM/RNA_FM_embeddings/8SWG/rnafm_t12_residue_embeddings.pt	full_sequence	VALID
8SWO	GENERATED	train	KEPT	2	28	/storage9920/home/tinghao.xia/Data_FM/RNA_FM_embeddings/8SWO/rnafm_t12_residue_embeddings.pt	full_sequence	VALID
8SX5	GENERATED	train	KEPT	2	28	/storage9920/home/tinghao.xia/Data_FM/RNA_FM_embeddings/8SX5/rnafm_t12_residue_embeddings.pt	full_sequence	VALID
8SX6	GENERATED	train	KEPT	2	28	/storage9920/home/tinghao.xia/Data_FM/RNA_FM_embeddings/8SX6/rnafm_t12_residue_embeddings.pt	full_sequence	VALID
8SXL	GENERATED	train	KEPT	2	28	/storage9920/home/tinghao.xia/Data_FM/RNA_FM_embeddings/8SXL/rnafm_t12_residue_embeddings.pt	full_sequence	VALID
8SY1	GENERATED	train	KEPT	4	56	/storage9920/home/tinghao.xia/Data_FM/RNA_FM_embeddings/8SY1/rnafm_t12_residue_embeddings.pt	full_sequence	VALID
8SYK	GENERATED		DROP_NO_EVALUABLE_CHAINS	4	428	/storage9920/home/tinghao.xia/Data_FM/RNA_FM_embeddings/8SYK/rnafm_t12_residue_embeddings.pt	full_sequence	VALID
8T2P	GENERATED	val	KEPT	2	287	/storage9920/home/tinghao.xia/Data_FM/RNA_FM_embeddings/8T2P/rnafm_t12_residue_embeddings.pt	full_sequence	VALID
8T5O	GENERATED	test	KEEP_ALL_CHAINS	1	124	/storage9920/home/tinghao.xia/Data_FM/RNA_FM_embeddings/8T5O/rnafm_t12_residue_embeddings.pt	full_sequence	VALID
8TDY	GENERATED	val	KEPT	1	16	/storage9920/home/tinghao.xia/Data_FM/RNA_FM_embeddings/8TDY/rnafm_t12_residue_embeddings.pt	full_sequence	VALID
8TDZ	GENERATED	val	KEPT	1	16	/storage9920/home/tinghao.xia/Data_FM/RNA_FM_embeddings/8TDZ/rnafm_t12_residue_embeddings.pt	full_sequence	VALID
8TE0	GENERATED	val	KEPT	1	16	/storage9920/home/tinghao.xia/Data_FM/RNA_FM_embeddings/8TE0/rnafm_t12_residue_embeddings.pt	full_sequence	VALID
8TE2	GENERATED	val	KEPT	1	16	/storage9920/home/tinghao.xia/Data_FM/RNA_FM_embeddings/8TE2/rnafm_t12_residue_embeddings.pt	full_sequence	VALID
8THV	GENERATED	train	KEPT	1	29	/storage9920/home/tinghao.xia/Data_FM/RNA_FM_embeddings/8THV/rnafm_t12_residue_embeddings.pt	full_sequence	VALID
8TJQ	GENERATED	train	KEPT	1	440	/storage9920/home/tinghao.xia/Data_FM/RNA_FM_embeddings/8TJQ/rnafm_t12_residue_embeddings.pt	full_sequence	VALID
8TJV	GENERATED	train	KEPT	1	417	/storage9920/home/tinghao.xia/Data_FM/RNA_FM_embeddings/8TJV/rnafm_t12_residue_embeddings.pt	full_sequence	VALID
8TJX	GENERATED	train	KEPT	1	440	/storage9920/home/tinghao.xia/Data_FM/RNA_FM_embeddings/8TJX/rnafm_t12_residue_embeddings.pt	full_sequence	VALID
8TKJ	GENERATED		DROP_NO_EVALUABLE_CHAINS	1	124	/storage9920/home/tinghao.xia/Data_FM/RNA_FM_embeddings/8TKJ/rnafm_t12_residue_embeddings.pt	full_sequence	VALID
8TKK	GENERATED		DROP_NO_EVALUABLE_CHAINS	1	107	/storage9920/home/tinghao.xia/Data_FM/RNA_FM_embeddings/8TKK/rnafm_t12_residue_embeddings.pt	full_sequence	VALID
8TNS	GENERATED	train	KEPT	1	24	/storage9920/home/tinghao.xia/Data_FM/RNA_FM_embeddings/8TNS/rnafm_t12_residue_embeddings.pt	full_sequence	VALID
8TOZ	GENERATED	val	KEPT	1	101	/storage9920/home/tinghao.xia/Data_FM/RNA_FM_embeddings/8TOZ/rnafm_t12_residue_embeddings.pt	full_sequence	VALID
8TQX	GENERATED	val	KEPT	2	38	/storage9920/home/tinghao.xia/Data_FM/RNA_FM_embeddings/8TQX/rnafm_t12_residue_embeddings.pt	full_sequence	VALID
8TSV	GENERATED	val	KEPT	4	100	/storage9920/home/tinghao.xia/Data_FM/RNA_FM_embeddings/8TSV/rnafm_t12_residue_embeddings.pt	full_sequence	VALID
8TVZ	GENERATED	val	KEPT	1	363	/storage9920/home/tinghao.xia/Data_FM/RNA_FM_embeddings/8TVZ/rnafm_t12_residue_embeddings.pt	full_sequence	VALID
8U3M	GENERATED	train	KEPT	1	31	/storage9920/home/tinghao.xia/Data_FM/RNA_FM_embeddings/8U3M/rnafm_t12_residue_embeddings.pt	full_sequence	VALID
8U5J	GENERATED	val	KEPT	1	36	/storage9920/home/tinghao.xia/Data_FM/RNA_FM_embeddings/8U5J/rnafm_t12_residue_embeddings.pt	full_sequence	VALID
8U5K	GENERATED	val	KEPT	3	108	/storage9920/home/tinghao.xia/Data_FM/RNA_FM_embeddings/8U5K/rnafm_t12_residue_embeddings.pt	full_sequence	VALID
8U5P	GENERATED	val	KEPT	3	108	/storage9920/home/tinghao.xia/Data_FM/RNA_FM_embeddings/8U5P/rnafm_t12_residue_embeddings.pt	full_sequence	VALID
8U5R	GENERATED	val	KEPT	3	108	/storage9920/home/tinghao.xia/Data_FM/RNA_FM_embeddings/8U5R/rnafm_t12_residue_embeddings.pt	full_sequence	VALID
8U5T	GENERATED	val	KEPT	3	108	/storage9920/home/tinghao.xia/Data_FM/RNA_FM_embeddings/8U5T/rnafm_t12_residue_embeddings.pt	full_sequence	VALID
8U5Z	GENERATED	val	KEPT	3	108	/storage9920/home/tinghao.xia/Data_FM/RNA_FM_embeddings/8U5Z/rnafm_t12_residue_embeddings.pt	full_sequence	VALID
8U60	GENERATED	val	KEPT	3	108	/storage9920/home/tinghao.xia/Data_FM/RNA_FM_embeddings/8U60/rnafm_t12_residue_embeddings.pt	full_sequence	VALID
8UO6	GENERATED	val	KEPT	2	268	/storage9920/home/tinghao.xia/Data_FM/RNA_FM_embeddings/8UO6/rnafm_t12_residue_embeddings.pt	full_sequence	VALID
8UPT	GENERATED	val	KEPT	1	71	/storage9920/home/tinghao.xia/Data_FM/RNA_FM_embeddings/8UPT/rnafm_t12_residue_embeddings.pt	full_sequence	VALID
8UPY	GENERATED	val	KEPT	1	72	/storage9920/home/tinghao.xia/Data_FM/RNA_FM_embeddings/8UPY/rnafm_t12_residue_embeddings.pt	full_sequence	VALID
8UTG	GENERATED	val	KEPT	2	42	/storage9920/home/tinghao.xia/Data_FM/RNA_FM_embeddings/8UTG/rnafm_t12_residue_embeddings.pt	full_sequence	VALID
8UYE	GENERATED	train	KEPT	1	135	/storage9920/home/tinghao.xia/Data_FM/RNA_FM_embeddings/8UYE/rnafm_t12_residue_embeddings.pt	full_sequence	VALID
8UYG	GENERATED	train	KEPT	1	135	/storage9920/home/tinghao.xia/Data_FM/RNA_FM_embeddings/8UYG/rnafm_t12_residue_embeddings.pt	full_sequence	VALID
8UYJ	GENERATED	train	KEPT	1	135	/storage9920/home/tinghao.xia/Data_FM/RNA_FM_embeddings/8UYJ/rnafm_t12_residue_embeddings.pt	full_sequence	VALID
8UYK	GENERATED	train	KEPT	1	135	/storage9920/home/tinghao.xia/Data_FM/RNA_FM_embeddings/8UYK/rnafm_t12_residue_embeddings.pt	full_sequence	VALID
8UYL	GENERATED	train	KEPT	1	135	/storage9920/home/tinghao.xia/Data_FM/RNA_FM_embeddings/8UYL/rnafm_t12_residue_embeddings.pt	full_sequence	VALID
8UYM	GENERATED	train	KEPT	1	135	/storage9920/home/tinghao.xia/Data_FM/RNA_FM_embeddings/8UYM/rnafm_t12_residue_embeddings.pt	full_sequence	VALID
8UYP	GENERATED	train	KEPT	1	143	/storage9920/home/tinghao.xia/Data_FM/RNA_FM_embeddings/8UYP/rnafm_t12_residue_embeddings.pt	full_sequence	VALID
8UYS	GENERATED	train	KEPT	1	124	/storage9920/home/tinghao.xia/Data_FM/RNA_FM_embeddings/8UYS/rnafm_t12_residue_embeddings.pt	full_sequence	VALID
8V1H	GENERATED	val	KEPT	1	75	/storage9920/home/tinghao.xia/Data_FM/RNA_FM_embeddings/8V1H/rnafm_t12_residue_embeddings.pt	full_sequence	VALID
8V1I	GENERATED	val	KEPT	2	114	/storage9920/home/tinghao.xia/Data_FM/RNA_FM_embeddings/8V1I/rnafm_t12_residue_embeddings.pt	full_sequence	VALID
8VAW	GENERATED	val	KEPT	2	30	/storage9920/home/tinghao.xia/Data_FM/RNA_FM_embeddings/8VAW/rnafm_t12_residue_embeddings.pt	full_sequence	VALID
8VAX	GENERATED	val	KEPT	2	30	/storage9920/home/tinghao.xia/Data_FM/RNA_FM_embeddings/8VAX/rnafm_t12_residue_embeddings.pt	full_sequence	VALID
8VCI	GENERATED	val	KEPT	1	118	/storage9920/home/tinghao.xia/Data_FM/RNA_FM_embeddings/8VCI/rnafm_t12_residue_embeddings.pt	full_sequence	VALID
8VFS	GENERATED	val	KEPT	2	54	/storage9920/home/tinghao.xia/Data_FM/RNA_FM_embeddings/8VFS/rnafm_t12_residue_embeddings.pt	full_sequence	VALID
8VJT	GENERATED	val	KEPT	2	12	/storage9920/home/tinghao.xia/Data_FM/RNA_FM_embeddings/8VJT/rnafm_t12_residue_embeddings.pt	full_sequence	VALID
8VPV	GENERATED	val	KEPT	1	100	/storage9920/home/tinghao.xia/Data_FM/RNA_FM_embeddings/8VPV/rnafm_t12_residue_embeddings.pt	full_sequence	VALID
8VQV	GENERATED		DROP_NO_EVALUABLE_CHAINS	1	64	/storage9920/home/tinghao.xia/Data_FM/RNA_FM_embeddings/8VQV/rnafm_t12_residue_embeddings.pt	full_sequence	VALID
8VT5	GENERATED	val	KEPT	1	60	/storage9920/home/tinghao.xia/Data_FM/RNA_FM_embeddings/8VT5/rnafm_t12_residue_embeddings.pt	full_sequence	VALID
8VVJ	GENERATED		DROP_NO_EVALUABLE_CHAINS	1	64	/storage9920/home/tinghao.xia/Data_FM/RNA_FM_embeddings/8VVJ/rnafm_t12_residue_embeddings.pt	full_sequence	VALID
8VXX	GENERATED		DROP_NO_EVALUABLE_CHAINS	3	108	/storage9920/home/tinghao.xia/Data_FM/RNA_FM_embeddings/8VXX/rnafm_t12_residue_embeddings.pt	full_sequence	VALID
8VXZ	GENERATED		DROP_NO_EVALUABLE_CHAINS	3	108	/storage9920/home/tinghao.xia/Data_FM/RNA_FM_embeddings/8VXZ/rnafm_t12_residue_embeddings.pt	full_sequence	VALID
8VY0	GENERATED		DROP_NO_EVALUABLE_CHAINS	3	108	/storage9920/home/tinghao.xia/Data_FM/RNA_FM_embeddings/8VY0/rnafm_t12_residue_embeddings.pt	full_sequence	VALID
8VY1	GENERATED		DROP_NO_EVALUABLE_CHAINS	3	108	/storage9920/home/tinghao.xia/Data_FM/RNA_FM_embeddings/8VY1/rnafm_t12_residue_embeddings.pt	full_sequence	VALID
8X0S	GENERATED	val	KEPT	2	24	/storage9920/home/tinghao.xia/Data_FM/RNA_FM_embeddings/8X0S/rnafm_t12_residue_embeddings.pt	full_sequence	VALID
8X9K	GENERATED		DROP_NO_EVALUABLE_CHAINS	1	808	/storage9920/home/tinghao.xia/Data_FM/RNA_FM_embeddings/8X9K/rnafm_t12_residue_embeddings.pt	full_sequence	VALID
8X9L	GENERATED		DROP_NO_EVALUABLE_CHAINS	2	809	/storage9920/home/tinghao.xia/Data_FM/RNA_FM_embeddings/8X9L/rnafm_t12_residue_embeddings.pt	full_sequence	VALID
8X9M	GENERATED		DROP_NO_EVALUABLE_CHAINS	1	808	/storage9920/home/tinghao.xia/Data_FM/RNA_FM_embeddings/8X9M/rnafm_t12_residue_embeddings.pt	full_sequence	VALID
8X9N	GENERATED		DROP_NO_EVALUABLE_CHAINS	2	808	/storage9920/home/tinghao.xia/Data_FM/RNA_FM_embeddings/8X9N/rnafm_t12_residue_embeddings.pt	full_sequence	VALID
8X9O	GENERATED		DROP_NO_EVALUABLE_CHAINS	1	811	/storage9920/home/tinghao.xia/Data_FM/RNA_FM_embeddings/8X9O/rnafm_t12_residue_embeddings.pt	full_sequence	VALID
8X9Q	GENERATED		DROP_NO_EVALUABLE_CHAINS	1	809	/storage9920/home/tinghao.xia/Data_FM/RNA_FM_embeddings/8X9Q/rnafm_t12_residue_embeddings.pt	full_sequence	VALID
8XTP	GENERATED	test	KEEP_PARTIAL_CHAINS	2	728	/storage9920/home/tinghao.xia/Data_FM/RNA_FM_embeddings/8XTP/rnafm_t12_residue_embeddings.pt	full_sequence	VALID
8XTQ	GENERATED		DROP_NO_EVALUABLE_CHAINS	1	808	/storage9920/home/tinghao.xia/Data_FM/RNA_FM_embeddings/8XTQ/rnafm_t12_residue_embeddings.pt	full_sequence	VALID
8XTR	GENERATED	test	KEEP_ALL_CHAINS	2	814	/storage9920/home/tinghao.xia/Data_FM/RNA_FM_embeddings/8XTR/rnafm_t12_residue_embeddings.pt	full_sequence	VALID
8XTS	GENERATED	test	KEEP_ALL_CHAINS	1	814	/storage9920/home/tinghao.xia/Data_FM/RNA_FM_embeddings/8XTS/rnafm_t12_residue_embeddings.pt	full_sequence	VALID
8XZE	GENERATED	val	KEPT	1	53	/storage9920/home/tinghao.xia/Data_FM/RNA_FM_embeddings/8XZE/rnafm_t12_residue_embeddings.pt	full_sequence	VALID
8XZK	GENERATED	val	KEPT	1	53	/storage9920/home/tinghao.xia/Data_FM/RNA_FM_embeddings/8XZK/rnafm_t12_residue_embeddings.pt	full_sequence	VALID
8XZL	GENERATED	val	KEPT	1	53	/storage9920/home/tinghao.xia/Data_FM/RNA_FM_embeddings/8XZL/rnafm_t12_residue_embeddings.pt	full_sequence	VALID
8XZM	GENERATED	val	KEPT	1	53	/storage9920/home/tinghao.xia/Data_FM/RNA_FM_embeddings/8XZM/rnafm_t12_residue_embeddings.pt	full_sequence	VALID
8XZN	GENERATED	val	KEPT	1	53	/storage9920/home/tinghao.xia/Data_FM/RNA_FM_embeddings/8XZN/rnafm_t12_residue_embeddings.pt	full_sequence	VALID
8XZO	GENERATED	val	KEPT	1	53	/storage9920/home/tinghao.xia/Data_FM/RNA_FM_embeddings/8XZO/rnafm_t12_residue_embeddings.pt	full_sequence	VALID
8XZP	GENERATED	val	KEPT	1	53	/storage9920/home/tinghao.xia/Data_FM/RNA_FM_embeddings/8XZP/rnafm_t12_residue_embeddings.pt	full_sequence	VALID
8XZQ	GENERATED	val	KEPT	1	53	/storage9920/home/tinghao.xia/Data_FM/RNA_FM_embeddings/8XZQ/rnafm_t12_residue_embeddings.pt	full_sequence	VALID
8XZR	GENERATED	val	KEPT	1	53	/storage9920/home/tinghao.xia/Data_FM/RNA_FM_embeddings/8XZR/rnafm_t12_residue_embeddings.pt	full_sequence	VALID
8XZW	GENERATED	val	KEPT	1	53	/storage9920/home/tinghao.xia/Data_FM/RNA_FM_embeddings/8XZW/rnafm_t12_residue_embeddings.pt	full_sequence	VALID
8YAM	GENERATED	val	KEPT	1	33	/storage9920/home/tinghao.xia/Data_FM/RNA_FM_embeddings/8YAM/rnafm_t12_residue_embeddings.pt	full_sequence	VALID
8YAN	GENERATED	val	KEPT	1	33	/storage9920/home/tinghao.xia/Data_FM/RNA_FM_embeddings/8YAN/rnafm_t12_residue_embeddings.pt	full_sequence	VALID
8YNO	GENERATED	val	KEPT	2	24	/storage9920/home/tinghao.xia/Data_FM/RNA_FM_embeddings/8YNO/rnafm_t12_residue_embeddings.pt	full_sequence	VALID
8YNP	GENERATED		DROP_NO_EVALUABLE_CHAINS	2	24	/storage9920/home/tinghao.xia/Data_FM/RNA_FM_embeddings/8YNP/rnafm_t12_residue_embeddings.pt	full_sequence	VALID
8YZL	GENERATED		DROP_NO_EVALUABLE_CHAINS	2	20	/storage9920/home/tinghao.xia/Data_FM/RNA_FM_embeddings/8YZL/rnafm_t12_residue_embeddings.pt	full_sequence	VALID
8Z8Q	GENERATED		DROP_NO_EVALUABLE_CHAINS	2	142	/storage9920/home/tinghao.xia/Data_FM/RNA_FM_embeddings/8Z8Q/rnafm_t12_residue_embeddings.pt	full_sequence	VALID
8Z8U	GENERATED	test	KEEP_ALL_CHAINS	2	82	/storage9920/home/tinghao.xia/Data_FM/RNA_FM_embeddings/8Z8U/rnafm_t12_residue_embeddings.pt	full_sequence	VALID
8Z9K	GENERATED		DROP_NO_EVALUABLE_CHAINS	2	82	/storage9920/home/tinghao.xia/Data_FM/RNA_FM_embeddings/8Z9K/rnafm_t12_residue_embeddings.pt	full_sequence	VALID
8ZA0	GENERATED	test	KEEP_ALL_CHAINS	6	93	/storage9920/home/tinghao.xia/Data_FM/RNA_FM_embeddings/8ZA0/rnafm_t12_residue_embeddings.pt	full_sequence	VALID
8ZA4	GENERATED	test	KEEP_ALL_CHAINS	6	93	/storage9920/home/tinghao.xia/Data_FM/RNA_FM_embeddings/8ZA4/rnafm_t12_residue_embeddings.pt	full_sequence	VALID
8ZAU	GENERATED		DROP_NO_EVALUABLE_CHAINS	1	69	/storage9920/home/tinghao.xia/Data_FM/RNA_FM_embeddings/8ZAU/rnafm_t12_residue_embeddings.pt	full_sequence	VALID
8ZMH	GENERATED		DROP_NO_EVALUABLE_CHAINS	1	169	/storage9920/home/tinghao.xia/Data_FM/RNA_FM_embeddings/8ZMH/rnafm_t12_residue_embeddings.pt	full_sequence	VALID
8ZNQ	GENERATED	test	KEEP_ALL_CHAINS	1	30	/storage9920/home/tinghao.xia/Data_FM/RNA_FM_embeddings/8ZNQ/rnafm_t12_residue_embeddings.pt	full_sequence	VALID
9BCI	GENERATED	val	KEPT	1	50	/storage9920/home/tinghao.xia/Data_FM/RNA_FM_embeddings/9BCI/rnafm_t12_residue_embeddings.pt	full_sequence	VALID
9BLM	GENERATED	val	KEPT	1	68	/storage9920/home/tinghao.xia/Data_FM/RNA_FM_embeddings/9BLM/rnafm_t12_residue_embeddings.pt	full_sequence	VALID
9BUN	GENERATED	val	KEPT	4	192	/storage9920/home/tinghao.xia/Data_FM/RNA_FM_embeddings/9BUN/rnafm_t12_residue_embeddings.pt	full_sequence	VALID
9BXE	GENERATED		DROP_NO_EVALUABLE_CHAINS	2	22	/storage9920/home/tinghao.xia/Data_FM/RNA_FM_embeddings/9BXE/rnafm_t12_residue_embeddings.pt	full_sequence	VALID
9BZ1	GENERATED	val	KEPT	2	178	/storage9920/home/tinghao.xia/Data_FM/RNA_FM_embeddings/9BZ1/rnafm_t12_residue_embeddings.pt	full_sequence	VALID
9BZC	GENERATED	val	KEPT	1	89	/storage9920/home/tinghao.xia/Data_FM/RNA_FM_embeddings/9BZC/rnafm_t12_residue_embeddings.pt	full_sequence	VALID
9C6I	GENERATED	val	KEPT	1	417	/storage9920/home/tinghao.xia/Data_FM/RNA_FM_embeddings/9C6I/rnafm_t12_residue_embeddings.pt	full_sequence	VALID
9C6J	GENERATED	val	KEPT	1	495	/storage9920/home/tinghao.xia/Data_FM/RNA_FM_embeddings/9C6J/rnafm_t12_residue_embeddings.pt	full_sequence	VALID
9C6K	GENERATED	val	KEPT	1	497	/storage9920/home/tinghao.xia/Data_FM/RNA_FM_embeddings/9C6K/rnafm_t12_residue_embeddings.pt	full_sequence	VALID
9CBU	GENERATED	val	KEPT	1	387	/storage9920/home/tinghao.xia/Data_FM/RNA_FM_embeddings/9CBU/rnafm_t12_residue_embeddings.pt	full_sequence	VALID
9CBW	GENERATED	val	KEPT	1	387	/storage9920/home/tinghao.xia/Data_FM/RNA_FM_embeddings/9CBW/rnafm_t12_residue_embeddings.pt	full_sequence	VALID
9CBX	GENERATED	val	KEPT	1	387	/storage9920/home/tinghao.xia/Data_FM/RNA_FM_embeddings/9CBX/rnafm_t12_residue_embeddings.pt	full_sequence	VALID
9CBY	GENERATED	val	KEPT	1	387	/storage9920/home/tinghao.xia/Data_FM/RNA_FM_embeddings/9CBY/rnafm_t12_residue_embeddings.pt	full_sequence	VALID
9CFN	GENERATED	test	KEEP_ALL_CHAINS	2	118	/storage9920/home/tinghao.xia/Data_FM/RNA_FM_embeddings/9CFN/rnafm_t12_residue_embeddings.pt	full_sequence	VALID
9CPD	GENERATED	val	KEPT	2	26	/storage9920/home/tinghao.xia/Data_FM/RNA_FM_embeddings/9CPD/rnafm_t12_residue_embeddings.pt	full_sequence	VALID
9CPG	GENERATED	val	KEPT	2	26	/storage9920/home/tinghao.xia/Data_FM/RNA_FM_embeddings/9CPG/rnafm_t12_residue_embeddings.pt	full_sequence	VALID
9CPI	GENERATED	val	KEPT	2	26	/storage9920/home/tinghao.xia/Data_FM/RNA_FM_embeddings/9CPI/rnafm_t12_residue_embeddings.pt	full_sequence	VALID
9CPJ	GENERATED	val	KEPT	2	26	/storage9920/home/tinghao.xia/Data_FM/RNA_FM_embeddings/9CPJ/rnafm_t12_residue_embeddings.pt	full_sequence	VALID
9CSO	GENERATED	test	KEEP_ALL_CHAINS	1	16	/storage9920/home/tinghao.xia/Data_FM/RNA_FM_embeddings/9CSO/rnafm_t12_residue_embeddings.pt	full_sequence	VALID
9CSP	GENERATED	test	KEEP_ALL_CHAINS	1	16	/storage9920/home/tinghao.xia/Data_FM/RNA_FM_embeddings/9CSP/rnafm_t12_residue_embeddings.pt	full_sequence	VALID
9CSQ	GENERATED	test	KEEP_ALL_CHAINS	1	16	/storage9920/home/tinghao.xia/Data_FM/RNA_FM_embeddings/9CSQ/rnafm_t12_residue_embeddings.pt	full_sequence	VALID
9CSR	GENERATED	test	KEEP_ALL_CHAINS	1	16	/storage9920/home/tinghao.xia/Data_FM/RNA_FM_embeddings/9CSR/rnafm_t12_residue_embeddings.pt	full_sequence	VALID
9CXF	GENERATED	test	KEEP_ALL_CHAINS	1	592	/storage9920/home/tinghao.xia/Data_FM/RNA_FM_embeddings/9CXF/rnafm_t12_residue_embeddings.pt	full_sequence	VALID
9DE6	GENERATED		DROP_NO_EVALUABLE_CHAINS	2	114	/storage9920/home/tinghao.xia/Data_FM/RNA_FM_embeddings/9DE6/rnafm_t12_residue_embeddings.pt	full_sequence	VALID
9DE7	GENERATED	test	KEEP_ALL_CHAINS	1	58	/storage9920/home/tinghao.xia/Data_FM/RNA_FM_embeddings/9DE7/rnafm_t12_residue_embeddings.pt	full_sequence	VALID
9DE8	GENERATED		DROP_NO_EVALUABLE_CHAINS	1	57	/storage9920/home/tinghao.xia/Data_FM/RNA_FM_embeddings/9DE8/rnafm_t12_residue_embeddings.pt	full_sequence	VALID
9DIB	GENERATED	test	KEEP_ALL_CHAINS	2	222	/storage9920/home/tinghao.xia/Data_FM/RNA_FM_embeddings/9DIB/rnafm_t12_residue_embeddings.pt	full_sequence	VALID
9DID	GENERATED		DROP_NO_EVALUABLE_CHAINS	2	222	/storage9920/home/tinghao.xia/Data_FM/RNA_FM_embeddings/9DID/rnafm_t12_residue_embeddings.pt	full_sequence	VALID
9DIG	GENERATED		DROP_NO_EVALUABLE_CHAINS	2	222	/storage9920/home/tinghao.xia/Data_FM/RNA_FM_embeddings/9DIG/rnafm_t12_residue_embeddings.pt	full_sequence	VALID
9DII	GENERATED		DROP_NO_EVALUABLE_CHAINS	2	222	/storage9920/home/tinghao.xia/Data_FM/RNA_FM_embeddings/9DII/rnafm_t12_residue_embeddings.pt	full_sequence	VALID
9DKG	GENERATED		DROP_NO_EVALUABLE_CHAINS	2	26	/storage9920/home/tinghao.xia/Data_FM/RNA_FM_embeddings/9DKG/rnafm_t12_residue_embeddings.pt	full_sequence	VALID
9DLL	GENERATED	val	KEPT	2	26	/storage9920/home/tinghao.xia/Data_FM/RNA_FM_embeddings/9DLL/rnafm_t12_residue_embeddings.pt	full_sequence	VALID
9DLM	GENERATED		DROP_NO_EVALUABLE_CHAINS	2	26	/storage9920/home/tinghao.xia/Data_FM/RNA_FM_embeddings/9DLM/rnafm_t12_residue_embeddings.pt	full_sequence	VALID
9DLN	GENERATED		DROP_NO_EVALUABLE_CHAINS	2	26	/storage9920/home/tinghao.xia/Data_FM/RNA_FM_embeddings/9DLN/rnafm_t12_residue_embeddings.pt	full_sequence	VALID
9DP9	GENERATED		DROP_NO_EVALUABLE_CHAINS	1	440	/storage9920/home/tinghao.xia/Data_FM/RNA_FM_embeddings/9DP9/rnafm_t12_residue_embeddings.pt	full_sequence	VALID
9DXL	GENERATED	val	KEPT	2	96	/storage9920/home/tinghao.xia/Data_FM/RNA_FM_embeddings/9DXL/rnafm_t12_residue_embeddings.pt	full_sequence	VALID
9E5H	GENERATED		DROP_NO_EVALUABLE_CHAINS	2	152	/storage9920/home/tinghao.xia/Data_FM/RNA_FM_embeddings/9E5H/rnafm_t12_residue_embeddings.pt	full_sequence	VALID
9E5I	GENERATED		DROP_NO_EVALUABLE_CHAINS	2	152	/storage9920/home/tinghao.xia/Data_FM/RNA_FM_embeddings/9E5I/rnafm_t12_residue_embeddings.pt	full_sequence	VALID
9E5J	GENERATED		DROP_NO_EVALUABLE_CHAINS	2	152	/storage9920/home/tinghao.xia/Data_FM/RNA_FM_embeddings/9E5J/rnafm_t12_residue_embeddings.pt	full_sequence	VALID
9E5K	GENERATED		DROP_NO_EVALUABLE_CHAINS	4	304	/storage9920/home/tinghao.xia/Data_FM/RNA_FM_embeddings/9E5K/rnafm_t12_residue_embeddings.pt	full_sequence	VALID
9E5L	GENERATED		DROP_NO_EVALUABLE_CHAINS	2	152	/storage9920/home/tinghao.xia/Data_FM/RNA_FM_embeddings/9E5L/rnafm_t12_residue_embeddings.pt	full_sequence	VALID
9E5M	GENERATED		DROP_NO_EVALUABLE_CHAINS	2	152	/storage9920/home/tinghao.xia/Data_FM/RNA_FM_embeddings/9E5M/rnafm_t12_residue_embeddings.pt	full_sequence	VALID
9E5O	GENERATED		DROP_NO_EVALUABLE_CHAINS	2	152	/storage9920/home/tinghao.xia/Data_FM/RNA_FM_embeddings/9E5O/rnafm_t12_residue_embeddings.pt	full_sequence	VALID
9E5P	GENERATED		DROP_NO_EVALUABLE_CHAINS	2	152	/storage9920/home/tinghao.xia/Data_FM/RNA_FM_embeddings/9E5P/rnafm_t12_residue_embeddings.pt	full_sequence	VALID
9E5Q	GENERATED		DROP_NO_EVALUABLE_CHAINS	2	152	/storage9920/home/tinghao.xia/Data_FM/RNA_FM_embeddings/9E5Q/rnafm_t12_residue_embeddings.pt	full_sequence	VALID
9E5R	GENERATED		DROP_NO_EVALUABLE_CHAINS	2	152	/storage9920/home/tinghao.xia/Data_FM/RNA_FM_embeddings/9E5R/rnafm_t12_residue_embeddings.pt	full_sequence	VALID
9E5S	GENERATED		DROP_NO_EVALUABLE_CHAINS	2	152	/storage9920/home/tinghao.xia/Data_FM/RNA_FM_embeddings/9E5S/rnafm_t12_residue_embeddings.pt	full_sequence	VALID
9E5T	GENERATED		DROP_NO_EVALUABLE_CHAINS	2	152	/storage9920/home/tinghao.xia/Data_FM/RNA_FM_embeddings/9E5T/rnafm_t12_residue_embeddings.pt	full_sequence	VALID
9E73	GENERATED		DROP_NO_EVALUABLE_CHAINS	1	204	/storage9920/home/tinghao.xia/Data_FM/RNA_FM_embeddings/9E73/rnafm_t12_residue_embeddings.pt	full_sequence	VALID
9E74	GENERATED	test	KEEP_ALL_CHAINS	1	255	/storage9920/home/tinghao.xia/Data_FM/RNA_FM_embeddings/9E74/rnafm_t12_residue_embeddings.pt	full_sequence	VALID
9E75	GENERATED	test	KEEP_ALL_CHAINS	1	165	/storage9920/home/tinghao.xia/Data_FM/RNA_FM_embeddings/9E75/rnafm_t12_residue_embeddings.pt	full_sequence	VALID
9E9O	GENERATED		DROP_NO_EVALUABLE_CHAINS	1	101	/storage9920/home/tinghao.xia/Data_FM/RNA_FM_embeddings/9E9O/rnafm_t12_residue_embeddings.pt	full_sequence	VALID
9E9Q	GENERATED		DROP_NO_EVALUABLE_CHAINS	1	101	/storage9920/home/tinghao.xia/Data_FM/RNA_FM_embeddings/9E9Q/rnafm_t12_residue_embeddings.pt	full_sequence	VALID
9EBP	GENERATED		DROP_NO_EVALUABLE_CHAINS	2	162	/storage9920/home/tinghao.xia/Data_FM/RNA_FM_embeddings/9EBP/rnafm_t12_residue_embeddings.pt	full_sequence	VALID
9EBV	GENERATED	test	KEEP_ALL_CHAINS	2	162	/storage9920/home/tinghao.xia/Data_FM/RNA_FM_embeddings/9EBV/rnafm_t12_residue_embeddings.pt	full_sequence	VALID
9EC4	GENERATED		DROP_NO_EVALUABLE_CHAINS	2	162	/storage9920/home/tinghao.xia/Data_FM/RNA_FM_embeddings/9EC4/rnafm_t12_residue_embeddings.pt	full_sequence	VALID
9ECQ	GENERATED	test	KEEP_ALL_CHAINS	1	17	/storage9920/home/tinghao.xia/Data_FM/RNA_FM_embeddings/9ECQ/rnafm_t12_residue_embeddings.pt	full_sequence	VALID
9ECR	GENERATED	test	KEEP_ALL_CHAINS	1	17	/storage9920/home/tinghao.xia/Data_FM/RNA_FM_embeddings/9ECR/rnafm_t12_residue_embeddings.pt	full_sequence	VALID
9ELR	GENERATED		DROP_NO_EVALUABLE_CHAINS	2	152	/storage9920/home/tinghao.xia/Data_FM/RNA_FM_embeddings/9ELR/rnafm_t12_residue_embeddings.pt	full_sequence	VALID
9ELY	GENERATED	test	KEEP_ALL_CHAINS	1	205	/storage9920/home/tinghao.xia/Data_FM/RNA_FM_embeddings/9ELY/rnafm_t12_residue_embeddings.pt	full_sequence	VALID
9EN6	GENERATED	val	KEPT	4	24	/storage9920/home/tinghao.xia/Data_FM/RNA_FM_embeddings/9EN6/rnafm_t12_residue_embeddings.pt	full_sequence	VALID
9EOW	GENERATED	val	KEPT	1	29	/storage9920/home/tinghao.xia/Data_FM/RNA_FM_embeddings/9EOW/rnafm_t12_residue_embeddings.pt	full_sequence	VALID
9EWW	GENERATED	test	KEEP_ALL_CHAINS	1	120	/storage9920/home/tinghao.xia/Data_FM/RNA_FM_embeddings/9EWW/rnafm_t12_residue_embeddings.pt	full_sequence	VALID
9FM4	GENERATED	test	KEEP_ALL_CHAINS	1	25	/storage9920/home/tinghao.xia/Data_FM/RNA_FM_embeddings/9FM4/rnafm_t12_residue_embeddings.pt	full_sequence	VALID
9FN2	GENERATED	test	KEEP_ALL_CHAINS	2	116	/storage9920/home/tinghao.xia/Data_FM/RNA_FM_embeddings/9FN2/rnafm_t12_residue_embeddings.pt	full_sequence	VALID
9FN3	GENERATED		DROP_NO_EVALUABLE_CHAINS	2	116	/storage9920/home/tinghao.xia/Data_FM/RNA_FM_embeddings/9FN3/rnafm_t12_residue_embeddings.pt	full_sequence	VALID
9FO8	GENERATED	val	KEPT	1	29	/storage9920/home/tinghao.xia/Data_FM/RNA_FM_embeddings/9FO8/rnafm_t12_residue_embeddings.pt	full_sequence	VALID
9FO9	GENERATED	val	KEPT	1	33	/storage9920/home/tinghao.xia/Data_FM/RNA_FM_embeddings/9FO9/rnafm_t12_residue_embeddings.pt	full_sequence	VALID
9G4I	GENERATED		DROP_NO_EVALUABLE_CHAINS	1	296	/storage9920/home/tinghao.xia/Data_FM/RNA_FM_embeddings/9G4I/rnafm_t12_residue_embeddings.pt	full_sequence	VALID
9G4J	GENERATED		DROP_NO_EVALUABLE_CHAINS	1	334	/storage9920/home/tinghao.xia/Data_FM/RNA_FM_embeddings/9G4J/rnafm_t12_residue_embeddings.pt	full_sequence	VALID
9G4L	GENERATED		DROP_NO_EVALUABLE_CHAINS	1	334	/storage9920/home/tinghao.xia/Data_FM/RNA_FM_embeddings/9G4L/rnafm_t12_residue_embeddings.pt	full_sequence	VALID
9G4P	GENERATED	test	KEEP_ALL_CHAINS	2	68	/storage9920/home/tinghao.xia/Data_FM/RNA_FM_embeddings/9G4P/rnafm_t12_residue_embeddings.pt	full_sequence	VALID
9G4Q	GENERATED	test	KEEP_ALL_CHAINS	2	104	/storage9920/home/tinghao.xia/Data_FM/RNA_FM_embeddings/9G4Q/rnafm_t12_residue_embeddings.pt	full_sequence	VALID
9G4R	GENERATED	test	KEEP_ALL_CHAINS	1	47	/storage9920/home/tinghao.xia/Data_FM/RNA_FM_embeddings/9G4R/rnafm_t12_residue_embeddings.pt	full_sequence	VALID
9G4V	GENERATED		DROP_NO_EVALUABLE_CHAINS	1	296	/storage9920/home/tinghao.xia/Data_FM/RNA_FM_embeddings/9G4V/rnafm_t12_residue_embeddings.pt	full_sequence	VALID
9G54	GENERATED		DROP_NO_EVALUABLE_CHAINS	1	362	/storage9920/home/tinghao.xia/Data_FM/RNA_FM_embeddings/9G54/rnafm_t12_residue_embeddings.pt	full_sequence	VALID
9G56	GENERATED		DROP_NO_EVALUABLE_CHAINS	1	294	/storage9920/home/tinghao.xia/Data_FM/RNA_FM_embeddings/9G56/rnafm_t12_residue_embeddings.pt	full_sequence	VALID
9G7C	GENERATED	val	KEPT	1	224	/storage9920/home/tinghao.xia/Data_FM/RNA_FM_embeddings/9G7C/rnafm_t12_residue_embeddings.pt	full_sequence	VALID
9H82	GENERATED	val	KEPT	2	72	/storage9920/home/tinghao.xia/Data_FM/RNA_FM_embeddings/9H82/rnafm_t12_residue_embeddings.pt	full_sequence	VALID
9H83	GENERATED	val	KEPT	4	144	/storage9920/home/tinghao.xia/Data_FM/RNA_FM_embeddings/9H83/rnafm_t12_residue_embeddings.pt	full_sequence	VALID
9H86	GENERATED	val	KEPT	8	288	/storage9920/home/tinghao.xia/Data_FM/RNA_FM_embeddings/9H86/rnafm_t12_residue_embeddings.pt	full_sequence	VALID
9H8A	GENERATED	val	KEPT	8	288	/storage9920/home/tinghao.xia/Data_FM/RNA_FM_embeddings/9H8A/rnafm_t12_residue_embeddings.pt	full_sequence	VALID
9HRD	GENERATED		DROP_NO_EVALUABLE_CHAINS	4	272	/storage9920/home/tinghao.xia/Data_FM/RNA_FM_embeddings/9HRD/rnafm_t12_residue_embeddings.pt	full_sequence	VALID
9HRF	GENERATED	test	KEEP_ALL_CHAINS	1	70	/storage9920/home/tinghao.xia/Data_FM/RNA_FM_embeddings/9HRF/rnafm_t12_residue_embeddings.pt	full_sequence	VALID
9HRG	GENERATED		DROP_NO_EVALUABLE_CHAINS	4	272	/storage9920/home/tinghao.xia/Data_FM/RNA_FM_embeddings/9HRG/rnafm_t12_residue_embeddings.pt	full_sequence	VALID
9HRO	GENERATED	test	KEEP_ALL_CHAINS	1	35	/storage9920/home/tinghao.xia/Data_FM/RNA_FM_embeddings/9HRO/rnafm_t12_residue_embeddings.pt	full_sequence	VALID
9I8B	GENERATED	test	KEEP_ALL_CHAINS	2	40	/storage9920/home/tinghao.xia/Data_FM/RNA_FM_embeddings/9I8B/rnafm_t12_residue_embeddings.pt	full_sequence	VALID
9I9W	GENERATED	test	KEEP_ALL_CHAINS	2	28	/storage9920/home/tinghao.xia/Data_FM/RNA_FM_embeddings/9I9W/rnafm_t12_residue_embeddings.pt	full_sequence	VALID
9IF0	GENERATED		DROP_NO_EVALUABLE_CHAINS	2	30	/storage9920/home/tinghao.xia/Data_FM/RNA_FM_embeddings/9IF0/rnafm_t12_residue_embeddings.pt	full_sequence	VALID
9IF1	GENERATED		DROP_NO_EVALUABLE_CHAINS	2	30	/storage9920/home/tinghao.xia/Data_FM/RNA_FM_embeddings/9IF1/rnafm_t12_residue_embeddings.pt	full_sequence	VALID
9IO0	GENERATED	test	KEEP_ALL_CHAINS	1	19	/storage9920/home/tinghao.xia/Data_FM/RNA_FM_embeddings/9IO0/rnafm_t12_residue_embeddings.pt	full_sequence	VALID
9IO1	GENERATED	test	KEEP_ALL_CHAINS	1	19	/storage9920/home/tinghao.xia/Data_FM/RNA_FM_embeddings/9IO1/rnafm_t12_residue_embeddings.pt	full_sequence	VALID
9IOR	GENERATED	test	KEEP_ALL_CHAINS	1	19	/storage9920/home/tinghao.xia/Data_FM/RNA_FM_embeddings/9IOR/rnafm_t12_residue_embeddings.pt	full_sequence	VALID
9IOS	GENERATED	test	KEEP_ALL_CHAINS	1	19	/storage9920/home/tinghao.xia/Data_FM/RNA_FM_embeddings/9IOS/rnafm_t12_residue_embeddings.pt	full_sequence	VALID
9IOU	GENERATED	test	KEEP_ALL_CHAINS	1	19	/storage9920/home/tinghao.xia/Data_FM/RNA_FM_embeddings/9IOU/rnafm_t12_residue_embeddings.pt	full_sequence	VALID
9IS7	GENERATED	test	KEEP_ALL_CHAINS	2	735	/storage9920/home/tinghao.xia/Data_FM/RNA_FM_embeddings/9IS7/rnafm_t12_residue_embeddings.pt	full_sequence	VALID
9ISV	GENERATED		DROP_NO_EVALUABLE_CHAINS	1	580	/storage9920/home/tinghao.xia/Data_FM/RNA_FM_embeddings/9ISV/rnafm_t12_residue_embeddings.pt	full_sequence	VALID
9IWF	GENERATED	test	KEEP_ALL_CHAINS	2	138	/storage9920/home/tinghao.xia/Data_FM/RNA_FM_embeddings/9IWF/rnafm_t12_residue_embeddings.pt	full_sequence	VALID
9IWG	GENERATED		DROP_NO_EVALUABLE_CHAINS	2	138	/storage9920/home/tinghao.xia/Data_FM/RNA_FM_embeddings/9IWG/rnafm_t12_residue_embeddings.pt	full_sequence	VALID
9J3R	GENERATED		DROP_NO_EVALUABLE_CHAINS	4	2320	/storage9920/home/tinghao.xia/Data_FM/RNA_FM_embeddings/9J3R/rnafm_t12_residue_embeddings.pt	full_sequence	VALID
9J3T	GENERATED		DROP_NO_EVALUABLE_CHAINS	8	4640	/storage9920/home/tinghao.xia/Data_FM/RNA_FM_embeddings/9J3T/rnafm_t12_residue_embeddings.pt	full_sequence	VALID
9J4N	GENERATED	test	KEEP_ALL_CHAINS	1	85	/storage9920/home/tinghao.xia/Data_FM/RNA_FM_embeddings/9J4N/rnafm_t12_residue_embeddings.pt	full_sequence	VALID
9J4O	GENERATED	test	KEEP_ALL_CHAINS	1	89	/storage9920/home/tinghao.xia/Data_FM/RNA_FM_embeddings/9J4O/rnafm_t12_residue_embeddings.pt	full_sequence	VALID
9J6P	GENERATED	test	KEEP_ALL_CHAINS	2	44	/storage9920/home/tinghao.xia/Data_FM/RNA_FM_embeddings/9J6P/rnafm_t12_residue_embeddings.pt	full_sequence	VALID
9J6Y	GENERATED		DROP_NO_EVALUABLE_CHAINS	6	3300	/storage9920/home/tinghao.xia/Data_FM/RNA_FM_embeddings/9J6Y/rnafm_t12_residue_embeddings.pt	full_sequence	VALID
9J9X	GENERATED		DROP_NO_EVALUABLE_CHAINS	1	382	/storage9920/home/tinghao.xia/Data_FM/RNA_FM_embeddings/9J9X/rnafm_t12_residue_embeddings.pt	full_sequence	VALID
9JA7	GENERATED		DROP_NO_EVALUABLE_CHAINS	1	33	/storage9920/home/tinghao.xia/Data_FM/RNA_FM_embeddings/9JA7/rnafm_t12_residue_embeddings.pt	full_sequence	VALID
9JA9	GENERATED		DROP_NO_EVALUABLE_CHAINS	1	33	/storage9920/home/tinghao.xia/Data_FM/RNA_FM_embeddings/9JA9/rnafm_t12_residue_embeddings.pt	full_sequence	VALID
9JC8	GENERATED		DROP_NO_EVALUABLE_CHAINS	1	382	/storage9920/home/tinghao.xia/Data_FM/RNA_FM_embeddings/9JC8/rnafm_t12_residue_embeddings.pt	full_sequence	VALID
9JGM	GENERATED	test	KEEP_ALL_CHAINS	4	420	/storage9920/home/tinghao.xia/Data_FM/RNA_FM_embeddings/9JGM/rnafm_t12_residue_embeddings.pt	full_sequence	VALID
9K9G	GENERATED	test	KEEP_ALL_CHAINS	1	334	/storage9920/home/tinghao.xia/Data_FM/RNA_FM_embeddings/9K9G/rnafm_t12_residue_embeddings.pt	full_sequence	VALID
9K9H	GENERATED		DROP_NO_EVALUABLE_CHAINS	1	334	/storage9920/home/tinghao.xia/Data_FM/RNA_FM_embeddings/9K9H/rnafm_t12_residue_embeddings.pt	full_sequence	VALID
9K9J	GENERATED		DROP_NO_EVALUABLE_CHAINS	1	251	/storage9920/home/tinghao.xia/Data_FM/RNA_FM_embeddings/9K9J/rnafm_t12_residue_embeddings.pt	full_sequence	VALID
9K9K	GENERATED	test	KEEP_ALL_CHAINS	1	249	/storage9920/home/tinghao.xia/Data_FM/RNA_FM_embeddings/9K9K/rnafm_t12_residue_embeddings.pt	full_sequence	VALID
9KAD	GENERATED	test	KEEP_ALL_CHAINS	2	28	/storage9920/home/tinghao.xia/Data_FM/RNA_FM_embeddings/9KAD/rnafm_t12_residue_embeddings.pt	full_sequence	VALID
9KGG	GENERATED	test	KEEP_ALL_CHAINS	1	267	/storage9920/home/tinghao.xia/Data_FM/RNA_FM_embeddings/9KGG/rnafm_t12_residue_embeddings.pt	full_sequence	VALID
9KGH	GENERATED		DROP_NO_EVALUABLE_CHAINS	1	264	/storage9920/home/tinghao.xia/Data_FM/RNA_FM_embeddings/9KGH/rnafm_t12_residue_embeddings.pt	full_sequence	VALID
9KPH	GENERATED	test	KEEP_ALL_CHAINS	2	510	/storage9920/home/tinghao.xia/Data_FM/RNA_FM_embeddings/9KPH/rnafm_t12_residue_embeddings.pt	full_sequence	VALID
9KPO	GENERATED		DROP_NO_EVALUABLE_CHAINS	2	510	/storage9920/home/tinghao.xia/Data_FM/RNA_FM_embeddings/9KPO/rnafm_t12_residue_embeddings.pt	full_sequence	VALID
9L0R	GENERATED		DROP_NO_EVALUABLE_CHAINS	12	8400	/storage9920/home/tinghao.xia/Data_FM/RNA_FM_embeddings/9L0R/rnafm_t12_residue_embeddings.pt	full_sequence	VALID
9L8F	GENERATED	test	KEEP_ALL_CHAINS	1	57	/storage9920/home/tinghao.xia/Data_FM/RNA_FM_embeddings/9L8F/rnafm_t12_residue_embeddings.pt	full_sequence	VALID
9LCR	GENERATED	test	KEEP_ALL_CHAINS	2	1156	/storage9920/home/tinghao.xia/Data_FM/RNA_FM_embeddings/9LCR/rnafm_t12_residue_embeddings.pt	full_sequence	VALID
9LE3	GENERATED		DROP_NO_EVALUABLE_CHAINS	6	3120	/storage9920/home/tinghao.xia/Data_FM/RNA_FM_embeddings/9LE3/rnafm_t12_residue_embeddings.pt	full_sequence	VALID
9LE5	GENERATED		DROP_NO_EVALUABLE_CHAINS	1	520	/storage9920/home/tinghao.xia/Data_FM/RNA_FM_embeddings/9LE5/rnafm_t12_residue_embeddings.pt	full_sequence	VALID
9LE6	GENERATED		DROP_NO_EVALUABLE_CHAINS	6	3120	/storage9920/home/tinghao.xia/Data_FM/RNA_FM_embeddings/9LE6/rnafm_t12_residue_embeddings.pt	full_sequence	VALID
9LEC	GENERATED	test	KEEP_ALL_CHAINS	1	378	/storage9920/home/tinghao.xia/Data_FM/RNA_FM_embeddings/9LEC/rnafm_t12_residue_embeddings.pt	full_sequence	VALID
9LEE	GENERATED		DROP_NO_EVALUABLE_CHAINS	10	3780	/storage9920/home/tinghao.xia/Data_FM/RNA_FM_embeddings/9LEE/rnafm_t12_residue_embeddings.pt	full_sequence	VALID
9LEL	GENERATED	test	KEEP_ALL_CHAINS	1	476	/storage9920/home/tinghao.xia/Data_FM/RNA_FM_embeddings/9LEL/rnafm_t12_residue_embeddings.pt	full_sequence	VALID
9LEM	GENERATED		DROP_NO_EVALUABLE_CHAINS	10	4760	/storage9920/home/tinghao.xia/Data_FM/RNA_FM_embeddings/9LEM/rnafm_t12_residue_embeddings.pt	full_sequence	VALID
9LHK	GENERATED	test	KEEP_ALL_CHAINS	1	833	/storage9920/home/tinghao.xia/Data_FM/RNA_FM_embeddings/9LHK/rnafm_t12_residue_embeddings.pt	full_sequence	VALID
9LHL	GENERATED		DROP_NO_EVALUABLE_CHAINS	14	11662	/storage9920/home/tinghao.xia/Data_FM/RNA_FM_embeddings/9LHL/rnafm_t12_residue_embeddings.pt	full_sequence	VALID
9LJN	GENERATED		DROP_NO_EVALUABLE_CHAINS	1	71	/storage9920/home/tinghao.xia/Data_FM/RNA_FM_embeddings/9LJN/rnafm_t12_residue_embeddings.pt	full_sequence	VALID
9LKC	GENERATED		DROP_NO_EVALUABLE_CHAINS	1	71	/storage9920/home/tinghao.xia/Data_FM/RNA_FM_embeddings/9LKC/rnafm_t12_residue_embeddings.pt	full_sequence	VALID
9LKE	GENERATED		DROP_NO_EVALUABLE_CHAINS	1	70	/storage9920/home/tinghao.xia/Data_FM/RNA_FM_embeddings/9LKE/rnafm_t12_residue_embeddings.pt	full_sequence	VALID
9LKF	GENERATED		DROP_NO_EVALUABLE_CHAINS	1	71	/storage9920/home/tinghao.xia/Data_FM/RNA_FM_embeddings/9LKF/rnafm_t12_residue_embeddings.pt	full_sequence	VALID
9LKU	GENERATED		DROP_NO_EVALUABLE_CHAINS	1	65	/storage9920/home/tinghao.xia/Data_FM/RNA_FM_embeddings/9LKU/rnafm_t12_residue_embeddings.pt	full_sequence	VALID
9LKV	GENERATED		DROP_NO_EVALUABLE_CHAINS	1	73	/storage9920/home/tinghao.xia/Data_FM/RNA_FM_embeddings/9LKV/rnafm_t12_residue_embeddings.pt	full_sequence	VALID
9LKW	GENERATED		DROP_NO_EVALUABLE_CHAINS	1	65	/storage9920/home/tinghao.xia/Data_FM/RNA_FM_embeddings/9LKW/rnafm_t12_residue_embeddings.pt	full_sequence	VALID
9LMC	GENERATED		DROP_NO_EVALUABLE_CHAINS	2	142	/storage9920/home/tinghao.xia/Data_FM/RNA_FM_embeddings/9LMC/rnafm_t12_residue_embeddings.pt	full_sequence	VALID
9LMF	GENERATED	test	KEEP_ALL_CHAINS	10	7000	/storage9920/home/tinghao.xia/Data_FM/RNA_FM_embeddings/9LMF/rnafm_t12_residue_embeddings.pt	full_sequence	VALID
9M78	GENERATED		DROP_NO_EVALUABLE_CHAINS	6	3120	/storage9920/home/tinghao.xia/Data_FM/RNA_FM_embeddings/9M78/rnafm_t12_residue_embeddings.pt	full_sequence	VALID
9M79	GENERATED	test	KEEP_ALL_CHAINS	1	520	/storage9920/home/tinghao.xia/Data_FM/RNA_FM_embeddings/9M79/rnafm_t12_residue_embeddings.pt	full_sequence	VALID
9MCW	GENERATED	test	KEEP_ALL_CHAINS	2	1154	/storage9920/home/tinghao.xia/Data_FM/RNA_FM_embeddings/9MCW/rnafm_t12_residue_embeddings.pt	full_sequence	VALID
9MDS	GENERATED	test	KEEP_ALL_CHAINS	8	5200	/storage9920/home/tinghao.xia/Data_FM/RNA_FM_embeddings/9MDS/rnafm_t12_residue_embeddings.pt	full_sequence	VALID
9MDW	GENERATED	test	KEEP_ALL_CHAINS	1	16	/storage9920/home/tinghao.xia/Data_FM/RNA_FM_embeddings/9MDW/rnafm_t12_residue_embeddings.pt	full_sequence	VALID
9MDX	GENERATED	test	KEEP_ALL_CHAINS	1	16	/storage9920/home/tinghao.xia/Data_FM/RNA_FM_embeddings/9MDX/rnafm_t12_residue_embeddings.pt	full_sequence	VALID
9MDY	GENERATED	test	KEEP_ALL_CHAINS	1	16	/storage9920/home/tinghao.xia/Data_FM/RNA_FM_embeddings/9MDY/rnafm_t12_residue_embeddings.pt	full_sequence	VALID
9MEE	GENERATED		DROP_NO_EVALUABLE_CHAINS	14	11662	/storage9920/home/tinghao.xia/Data_FM/RNA_FM_embeddings/9MEE/rnafm_t12_residue_embeddings.pt	full_sequence	VALID
9MFH	GENERATED		DROP_NO_EVALUABLE_CHAINS	1	76	/storage9920/home/tinghao.xia/Data_FM/RNA_FM_embeddings/9MFH/rnafm_t12_residue_embeddings.pt	full_sequence	VALID
9MM6	GENERATED	test	KEEP_ALL_CHAINS	8	4640	/storage9920/home/tinghao.xia/Data_FM/RNA_FM_embeddings/9MM6/rnafm_t12_residue_embeddings.pt	full_sequence	VALID
9MME	GENERATED	test	KEEP_ALL_CHAINS	8	4640	/storage9920/home/tinghao.xia/Data_FM/RNA_FM_embeddings/9MME/rnafm_t12_residue_embeddings.pt	full_sequence	VALID
9MMG	GENERATED		DROP_NO_EVALUABLE_CHAINS	1	580	/storage9920/home/tinghao.xia/Data_FM/RNA_FM_embeddings/9MMG/rnafm_t12_residue_embeddings.pt	full_sequence	VALID
9MQS	GENERATED		DROP_NO_EVALUABLE_CHAINS	1	332	/storage9920/home/tinghao.xia/Data_FM/RNA_FM_embeddings/9MQS/rnafm_t12_residue_embeddings.pt	full_sequence	VALID
9MQT	GENERATED	test	KEEP_ALL_CHAINS	1	332	/storage9920/home/tinghao.xia/Data_FM/RNA_FM_embeddings/9MQT/rnafm_t12_residue_embeddings.pt	full_sequence	VALID
9MQU	GENERATED		DROP_NO_EVALUABLE_CHAINS	1	332	/storage9920/home/tinghao.xia/Data_FM/RNA_FM_embeddings/9MQU/rnafm_t12_residue_embeddings.pt	full_sequence	VALID
9NA1	GENERATED		DROP_NO_EVALUABLE_CHAINS	2	198	/storage9920/home/tinghao.xia/Data_FM/RNA_FM_embeddings/9NA1/rnafm_t12_residue_embeddings.pt	full_sequence	VALID
9NA7	GENERATED		DROP_NO_EVALUABLE_CHAINS	2	198	/storage9920/home/tinghao.xia/Data_FM/RNA_FM_embeddings/9NA7/rnafm_t12_residue_embeddings.pt	full_sequence	VALID
9NAK	GENERATED	test	KEEP_ALL_CHAINS	2	336	/storage9920/home/tinghao.xia/Data_FM/RNA_FM_embeddings/9NAK/rnafm_t12_residue_embeddings.pt	full_sequence	VALID
9NAM	GENERATED	test	KEEP_ALL_CHAINS	1	129	/storage9920/home/tinghao.xia/Data_FM/RNA_FM_embeddings/9NAM/rnafm_t12_residue_embeddings.pt	full_sequence	VALID
9NAP	GENERATED		DROP_NO_EVALUABLE_CHAINS	1	129	/storage9920/home/tinghao.xia/Data_FM/RNA_FM_embeddings/9NAP/rnafm_t12_residue_embeddings.pt	full_sequence	VALID
9NAS	GENERATED		DROP_NO_EVALUABLE_CHAINS	4	452	/storage9920/home/tinghao.xia/Data_FM/RNA_FM_embeddings/9NAS/rnafm_t12_residue_embeddings.pt	full_sequence	VALID
9NBC	GENERATED		DROP_NO_EVALUABLE_CHAINS	1	160	/storage9920/home/tinghao.xia/Data_FM/RNA_FM_embeddings/9NBC/rnafm_t12_residue_embeddings.pt	full_sequence	VALID
9NBH	GENERATED	test	KEEP_ALL_CHAINS	4	640	/storage9920/home/tinghao.xia/Data_FM/RNA_FM_embeddings/9NBH/rnafm_t12_residue_embeddings.pt	full_sequence	VALID
9NDD	GENERATED		DROP_NO_EVALUABLE_CHAINS	4	640	/storage9920/home/tinghao.xia/Data_FM/RNA_FM_embeddings/9NDD/rnafm_t12_residue_embeddings.pt	full_sequence	VALID
9NDV	GENERATED		DROP_NO_EVALUABLE_CHAINS	1	166	/storage9920/home/tinghao.xia/Data_FM/RNA_FM_embeddings/9NDV/rnafm_t12_residue_embeddings.pt	full_sequence	VALID
9NDW	GENERATED	test	KEEP_ALL_CHAINS	2	332	/storage9920/home/tinghao.xia/Data_FM/RNA_FM_embeddings/9NDW/rnafm_t12_residue_embeddings.pt	full_sequence	VALID
9NDX	GENERATED		DROP_NO_EVALUABLE_CHAINS	2	332	/storage9920/home/tinghao.xia/Data_FM/RNA_FM_embeddings/9NDX/rnafm_t12_residue_embeddings.pt	full_sequence	VALID
9O47	GENERATED		DROP_NO_EVALUABLE_CHAINS	2	24	/storage9920/home/tinghao.xia/Data_FM/RNA_FM_embeddings/9O47/rnafm_t12_residue_embeddings.pt	full_sequence	VALID
9OBM	GENERATED	test	KEEP_ALL_CHAINS	1	73	/storage9920/home/tinghao.xia/Data_FM/RNA_FM_embeddings/9OBM/rnafm_t12_residue_embeddings.pt	full_sequence	VALID
9OD4	GENERATED	test	KEEP_ALL_CHAINS	1	23	/storage9920/home/tinghao.xia/Data_FM/RNA_FM_embeddings/9OD4/rnafm_t12_residue_embeddings.pt	full_sequence	VALID
9OD5	GENERATED		DROP_NO_EVALUABLE_CHAINS	1	23	/storage9920/home/tinghao.xia/Data_FM/RNA_FM_embeddings/9OD5/rnafm_t12_residue_embeddings.pt	full_sequence	VALID
9OL2	GENERATED		DROP_NO_EVALUABLE_CHAINS	2	28	/storage9920/home/tinghao.xia/Data_FM/RNA_FM_embeddings/9OL2/rnafm_t12_residue_embeddings.pt	full_sequence	VALID
9OL3	GENERATED		DROP_NO_EVALUABLE_CHAINS	2	28	/storage9920/home/tinghao.xia/Data_FM/RNA_FM_embeddings/9OL3/rnafm_t12_residue_embeddings.pt	full_sequence	VALID
9OV3	GENERATED		DROP_NO_EVALUABLE_CHAINS	1	417	/storage9920/home/tinghao.xia/Data_FM/RNA_FM_embeddings/9OV3/rnafm_t12_residue_embeddings.pt	full_sequence	VALID
9OV6	GENERATED		DROP_NO_EVALUABLE_CHAINS	1	417	/storage9920/home/tinghao.xia/Data_FM/RNA_FM_embeddings/9OV6/rnafm_t12_residue_embeddings.pt	full_sequence	VALID
9OV7	GENERATED		DROP_NO_EVALUABLE_CHAINS	1	417	/storage9920/home/tinghao.xia/Data_FM/RNA_FM_embeddings/9OV7/rnafm_t12_residue_embeddings.pt	full_sequence	VALID
9OV8	GENERATED		DROP_NO_EVALUABLE_CHAINS	1	417	/storage9920/home/tinghao.xia/Data_FM/RNA_FM_embeddings/9OV8/rnafm_t12_residue_embeddings.pt	full_sequence	VALID
9OVB	GENERATED		DROP_NO_EVALUABLE_CHAINS	1	417	/storage9920/home/tinghao.xia/Data_FM/RNA_FM_embeddings/9OVB/rnafm_t12_residue_embeddings.pt	full_sequence	VALID
9OVC	GENERATED		DROP_NO_EVALUABLE_CHAINS	1	417	/storage9920/home/tinghao.xia/Data_FM/RNA_FM_embeddings/9OVC/rnafm_t12_residue_embeddings.pt	full_sequence	VALID
9OWJ	GENERATED		DROP_NO_EVALUABLE_CHAINS	3	601	/storage9920/home/tinghao.xia/Data_FM/RNA_FM_embeddings/9OWJ/rnafm_t12_residue_embeddings.pt	full_sequence	VALID
9OWK	GENERATED		DROP_NO_EVALUABLE_CHAINS	3	601	/storage9920/home/tinghao.xia/Data_FM/RNA_FM_embeddings/9OWK/rnafm_t12_residue_embeddings.pt	full_sequence	VALID
9OWL	GENERATED		DROP_NO_EVALUABLE_CHAINS	2	492	/storage9920/home/tinghao.xia/Data_FM/RNA_FM_embeddings/9OWL/rnafm_t12_residue_embeddings.pt	full_sequence	VALID
9OWM	GENERATED		DROP_NO_EVALUABLE_CHAINS	2	492	/storage9920/home/tinghao.xia/Data_FM/RNA_FM_embeddings/9OWM/rnafm_t12_residue_embeddings.pt	full_sequence	VALID
9OWN	GENERATED		DROP_NO_EVALUABLE_CHAINS	2	509	/storage9920/home/tinghao.xia/Data_FM/RNA_FM_embeddings/9OWN/rnafm_t12_residue_embeddings.pt	full_sequence	VALID
9OWO	GENERATED		DROP_NO_EVALUABLE_CHAINS	2	509	/storage9920/home/tinghao.xia/Data_FM/RNA_FM_embeddings/9OWO/rnafm_t12_residue_embeddings.pt	full_sequence	VALID
9OWP	GENERATED		DROP_NO_EVALUABLE_CHAINS	2	509	/storage9920/home/tinghao.xia/Data_FM/RNA_FM_embeddings/9OWP/rnafm_t12_residue_embeddings.pt	full_sequence	VALID
9OWQ	GENERATED	test	KEEP_PARTIAL_CHAINS	2	529	/storage9920/home/tinghao.xia/Data_FM/RNA_FM_embeddings/9OWQ/rnafm_t12_residue_embeddings.pt	full_sequence	VALID
9OY2	GENERATED		DROP_NO_EVALUABLE_CHAINS	1	417	/storage9920/home/tinghao.xia/Data_FM/RNA_FM_embeddings/9OY2/rnafm_t12_residue_embeddings.pt	full_sequence	VALID
9OY3	GENERATED		DROP_NO_EVALUABLE_CHAINS	1	417	/storage9920/home/tinghao.xia/Data_FM/RNA_FM_embeddings/9OY3/rnafm_t12_residue_embeddings.pt	full_sequence	VALID
9OY4	GENERATED		DROP_NO_EVALUABLE_CHAINS	1	417	/storage9920/home/tinghao.xia/Data_FM/RNA_FM_embeddings/9OY4/rnafm_t12_residue_embeddings.pt	full_sequence	VALID
9PDE	GENERATED	test	KEEP_ALL_CHAINS	1	29	/storage9920/home/tinghao.xia/Data_FM/RNA_FM_embeddings/9PDE/rnafm_t12_residue_embeddings.pt	full_sequence	VALID
9PDF	GENERATED		DROP_NO_EVALUABLE_CHAINS	1	29	/storage9920/home/tinghao.xia/Data_FM/RNA_FM_embeddings/9PDF/rnafm_t12_residue_embeddings.pt	full_sequence	VALID
9PDG	GENERATED		DROP_NO_EVALUABLE_CHAINS	1	29	/storage9920/home/tinghao.xia/Data_FM/RNA_FM_embeddings/9PDG/rnafm_t12_residue_embeddings.pt	full_sequence	VALID
9Q0I	GENERATED	test	KEEP_ALL_CHAINS	6	96	/storage9920/home/tinghao.xia/Data_FM/RNA_FM_embeddings/9Q0I/rnafm_t12_residue_embeddings.pt	full_sequence	VALID
9Q0J	GENERATED	test	KEEP_ALL_CHAINS	3	48	/storage9920/home/tinghao.xia/Data_FM/RNA_FM_embeddings/9Q0J/rnafm_t12_residue_embeddings.pt	full_sequence	VALID
9Q3C	GENERATED	test	KEEP_ALL_CHAINS	14	112	/storage9920/home/tinghao.xia/Data_FM/RNA_FM_embeddings/9Q3C/rnafm_t12_residue_embeddings.pt	full_sequence	VALID
9QTJ	GENERATED	test	KEEP_ALL_CHAINS	1	481	/storage9920/home/tinghao.xia/Data_FM/RNA_FM_embeddings/9QTJ/rnafm_t12_residue_embeddings.pt	full_sequence	VALID
9QU6	GENERATED		DROP_NO_EVALUABLE_CHAINS	2	401	/storage9920/home/tinghao.xia/Data_FM/RNA_FM_embeddings/9QU6/rnafm_t12_residue_embeddings.pt	full_sequence	VALID
9QU7	GENERATED		DROP_NO_EVALUABLE_CHAINS	2	792	/storage9920/home/tinghao.xia/Data_FM/RNA_FM_embeddings/9QU7/rnafm_t12_residue_embeddings.pt	full_sequence	VALID
9QZJ	GENERATED	test	KEEP_ALL_CHAINS	1	19	/storage9920/home/tinghao.xia/Data_FM/RNA_FM_embeddings/9QZJ/rnafm_t12_residue_embeddings.pt	full_sequence	VALID
9R7Q	GENERATED	test	KEEP_ALL_CHAINS	1	238	/storage9920/home/tinghao.xia/Data_FM/RNA_FM_embeddings/9R7Q/rnafm_t12_residue_embeddings.pt	full_sequence	VALID
9R7W	GENERATED	test	KEEP_ALL_CHAINS	1	552	/storage9920/home/tinghao.xia/Data_FM/RNA_FM_embeddings/9R7W/rnafm_t12_residue_embeddings.pt	full_sequence	VALID
9R82	GENERATED	test	KEEP_ALL_CHAINS	1	728	/storage9920/home/tinghao.xia/Data_FM/RNA_FM_embeddings/9R82/rnafm_t12_residue_embeddings.pt	full_sequence	VALID
9RB4	GENERATED		DROP_NO_EVALUABLE_CHAINS	1	27	/storage9920/home/tinghao.xia/Data_FM/RNA_FM_embeddings/9RB4/rnafm_t12_residue_embeddings.pt	full_sequence	VALID
9S1D	GENERATED		DROP_NO_EVALUABLE_CHAINS	3	62	/storage9920/home/tinghao.xia/Data_FM/RNA_FM_embeddings/9S1D/rnafm_t12_residue_embeddings.pt	full_sequence	VALID
9SD9	GENERATED	test	KEEP_ALL_CHAINS	2	1440	/storage9920/home/tinghao.xia/Data_FM/RNA_FM_embeddings/9SD9/rnafm_t12_residue_embeddings.pt	full_sequence	VALID
9SXV	GENERATED		DROP_NO_EVALUABLE_CHAINS	1	14	/storage9920/home/tinghao.xia/Data_FM/RNA_FM_embeddings/9SXV/rnafm_t12_residue_embeddings.pt	full_sequence	VALID
9SY4	GENERATED		DROP_NO_EVALUABLE_CHAINS	1	14	/storage9920/home/tinghao.xia/Data_FM/RNA_FM_embeddings/9SY4/rnafm_t12_residue_embeddings.pt	full_sequence	VALID
9SY8	GENERATED		DROP_NO_EVALUABLE_CHAINS	1	14	/storage9920/home/tinghao.xia/Data_FM/RNA_FM_embeddings/9SY8/rnafm_t12_residue_embeddings.pt	full_sequence	VALID
9SYC	GENERATED		DROP_NO_EVALUABLE_CHAINS	1	14	/storage9920/home/tinghao.xia/Data_FM/RNA_FM_embeddings/9SYC/rnafm_t12_residue_embeddings.pt	full_sequence	VALID
9SYD	GENERATED		DROP_NO_EVALUABLE_CHAINS	1	14	/storage9920/home/tinghao.xia/Data_FM/RNA_FM_embeddings/9SYD/rnafm_t12_residue_embeddings.pt	full_sequence	VALID
9SYE	GENERATED		DROP_NO_EVALUABLE_CHAINS	1	14	/storage9920/home/tinghao.xia/Data_FM/RNA_FM_embeddings/9SYE/rnafm_t12_residue_embeddings.pt	full_sequence	VALID
9SYF	GENERATED		DROP_NO_EVALUABLE_CHAINS	1	14	/storage9920/home/tinghao.xia/Data_FM/RNA_FM_embeddings/9SYF/rnafm_t12_residue_embeddings.pt	full_sequence	VALID
9TCA	GENERATED	test	KEEP_ALL_CHAINS	4	30	/storage9920/home/tinghao.xia/Data_FM/RNA_FM_embeddings/9TCA/rnafm_t12_residue_embeddings.pt	full_sequence	VALID
9TCG	GENERATED		DROP_NO_EVALUABLE_CHAINS	4	30	/storage9920/home/tinghao.xia/Data_FM/RNA_FM_embeddings/9TCG/rnafm_t12_residue_embeddings.pt	full_sequence	VALID
9UUG	GENERATED	test	KEEP_ALL_CHAINS	1	59	/storage9920/home/tinghao.xia/Data_FM/RNA_FM_embeddings/9UUG/rnafm_t12_residue_embeddings.pt	full_sequence	VALID
9UW0	GENERATED	test	KEEP_ALL_CHAINS	1	65	/storage9920/home/tinghao.xia/Data_FM/RNA_FM_embeddings/9UW0/rnafm_t12_residue_embeddings.pt	full_sequence	VALID
9V4U	GENERATED		DROP_NO_EVALUABLE_CHAINS	1	71	/storage9920/home/tinghao.xia/Data_FM/RNA_FM_embeddings/9V4U/rnafm_t12_residue_embeddings.pt	full_sequence	VALID
9V4V	GENERATED		DROP_NO_EVALUABLE_CHAINS	1	71	/storage9920/home/tinghao.xia/Data_FM/RNA_FM_embeddings/9V4V/rnafm_t12_residue_embeddings.pt	full_sequence	VALID
9V4X	GENERATED		DROP_NO_EVALUABLE_CHAINS	1	71	/storage9920/home/tinghao.xia/Data_FM/RNA_FM_embeddings/9V4X/rnafm_t12_residue_embeddings.pt	full_sequence	VALID
9V4Y	GENERATED		DROP_NO_EVALUABLE_CHAINS	1	71	/storage9920/home/tinghao.xia/Data_FM/RNA_FM_embeddings/9V4Y/rnafm_t12_residue_embeddings.pt	full_sequence	VALID
9V4Z	GENERATED		DROP_NO_EVALUABLE_CHAINS	1	71	/storage9920/home/tinghao.xia/Data_FM/RNA_FM_embeddings/9V4Z/rnafm_t12_residue_embeddings.pt	full_sequence	VALID
9V50	GENERATED		DROP_NO_EVALUABLE_CHAINS	1	71	/storage9920/home/tinghao.xia/Data_FM/RNA_FM_embeddings/9V50/rnafm_t12_residue_embeddings.pt	full_sequence	VALID
9V51	GENERATED		DROP_NO_EVALUABLE_CHAINS	1	71	/storage9920/home/tinghao.xia/Data_FM/RNA_FM_embeddings/9V51/rnafm_t12_residue_embeddings.pt	full_sequence	VALID
9V7N	GENERATED		DROP_NO_EVALUABLE_CHAINS	3	852	/storage9920/home/tinghao.xia/Data_FM/RNA_FM_embeddings/9V7N/rnafm_t12_residue_embeddings.pt	full_sequence	VALID
9V7O	GENERATED	test	KEEP_ALL_CHAINS	3	852	/storage9920/home/tinghao.xia/Data_FM/RNA_FM_embeddings/9V7O/rnafm_t12_residue_embeddings.pt	full_sequence	VALID
9V7P	GENERATED		DROP_NO_EVALUABLE_CHAINS	1	207	/storage9920/home/tinghao.xia/Data_FM/RNA_FM_embeddings/9V7P/rnafm_t12_residue_embeddings.pt	full_sequence	VALID
9V7Q	GENERATED		DROP_NO_EVALUABLE_CHAINS	1	203	/storage9920/home/tinghao.xia/Data_FM/RNA_FM_embeddings/9V7Q/rnafm_t12_residue_embeddings.pt	full_sequence	VALID
9VMZ	GENERATED		DROP_NO_EVALUABLE_CHAINS	1	49	/storage9920/home/tinghao.xia/Data_FM/RNA_FM_embeddings/9VMZ/rnafm_t12_residue_embeddings.pt	full_sequence	VALID
9VSN	GENERATED	test	KEEP_ALL_CHAINS	2	46	/storage9920/home/tinghao.xia/Data_FM/RNA_FM_embeddings/9VSN/rnafm_t12_residue_embeddings.pt	full_sequence	VALID
9W1L	GENERATED	test	KEEP_ALL_CHAINS	1	26	/storage9920/home/tinghao.xia/Data_FM/RNA_FM_embeddings/9W1L/rnafm_t12_residue_embeddings.pt	full_sequence	VALID
9WHV	GENERATED	test	KEEP_ALL_CHAINS	8	80	/storage9920/home/tinghao.xia/Data_FM/RNA_FM_embeddings/9WHV/rnafm_t12_residue_embeddings.pt	full_sequence	VALID
9X6B	GENERATED	test	KEEP_ALL_CHAINS	1	201	/storage9920/home/tinghao.xia/Data_FM/RNA_FM_embeddings/9X6B/rnafm_t12_residue_embeddings.pt	full_sequence	VALID
9YD3	GENERATED		DROP_NO_EVALUABLE_CHAINS	2	30	/storage9920/home/tinghao.xia/Data_FM/RNA_FM_embeddings/9YD3/rnafm_t12_residue_embeddings.pt	full_sequence	VALID
9Z6I	GENERATED	test	KEEP_ALL_CHAINS	1	155	/storage9920/home/tinghao.xia/Data_FM/RNA_FM_embeddings/9Z6I/rnafm_t12_residue_embeddings.pt	full_sequence	VALID
9ZBQ	GENERATED		DROP_NO_EVALUABLE_CHAINS	1	388	/storage9920/home/tinghao.xia/Data_FM/RNA_FM_embeddings/9ZBQ/rnafm_t12_residue_embeddings.pt	full_sequence	VALID
9ZBR	GENERATED		DROP_NO_EVALUABLE_CHAINS	1	387	/storage9920/home/tinghao.xia/Data_FM/RNA_FM_embeddings/9ZBR/rnafm_t12_residue_embeddings.pt	full_sequence	VALID
9ZC6	GENERATED		DROP_NO_EVALUABLE_CHAINS	1	388	/storage9920/home/tinghao.xia/Data_FM/RNA_FM_embeddings/9ZC6/rnafm_t12_residue_embeddings.pt	full_sequence	VALID
9ZC7	GENERATED		DROP_NO_EVALUABLE_CHAINS	1	720	/storage9920/home/tinghao.xia/Data_FM/RNA_FM_embeddings/9ZC7/rnafm_t12_residue_embeddings.pt	full_sequence	VALID
9ZC8	GENERATED		DROP_NO_EVALUABLE_CHAINS	2	1440	/storage9920/home/tinghao.xia/Data_FM/RNA_FM_embeddings/9ZC8/rnafm_t12_residue_embeddings.pt	full_sequence	VALID
9ZC9	GENERATED	test	KEEP_ALL_CHAINS	1	730	/storage9920/home/tinghao.xia/Data_FM/RNA_FM_embeddings/9ZC9/rnafm_t12_residue_embeddings.pt	full_sequence	VALID
9ZCA	GENERATED		DROP_NO_EVALUABLE_CHAINS	2	1460	/storage9920/home/tinghao.xia/Data_FM/RNA_FM_embeddings/9ZCA/rnafm_t12_residue_embeddings.pt	full_sequence	VALID
9ZCB	GENERATED		DROP_NO_EVALUABLE_CHAINS	2	1460	/storage9920/home/tinghao.xia/Data_FM/RNA_FM_embeddings/9ZCB/rnafm_t12_residue_embeddings.pt	full_sequence	VALID
9ZCC	GENERATED		DROP_NO_EVALUABLE_CHAINS	2	1460	/storage9920/home/tinghao.xia/Data_FM/RNA_FM_embeddings/9ZCC/rnafm_t12_residue_embeddings.pt	full_sequence	VALID
9ZDV	GENERATED		DROP_NO_EVALUABLE_CHAINS	1	417	/storage9920/home/tinghao.xia/Data_FM/RNA_FM_embeddings/9ZDV/rnafm_t12_residue_embeddings.pt	full_sequence	VALID
9ZF2	GENERATED		DROP_NO_EVALUABLE_CHAINS	1	417	/storage9920/home/tinghao.xia/Data_FM/RNA_FM_embeddings/9ZF2/rnafm_t12_residue_embeddings.pt	full_sequence	VALID
9ZF3	GENERATED		DROP_NO_EVALUABLE_CHAINS	1	417	/storage9920/home/tinghao.xia/Data_FM/RNA_FM_embeddings/9ZF3/rnafm_t12_residue_embeddings.pt	full_sequence	VALID
9ZF5	GENERATED		DROP_NO_EVALUABLE_CHAINS	1	417	/storage9920/home/tinghao.xia/Data_FM/RNA_FM_embeddings/9ZF5/rnafm_t12_residue_embeddings.pt	full_sequence	VALID
9ZF9	GENERATED		DROP_NO_EVALUABLE_CHAINS	1	417	/storage9920/home/tinghao.xia/Data_FM/RNA_FM_embeddings/9ZF9/rnafm_t12_residue_embeddings.pt	full_sequence	VALID
9ZFC	GENERATED		DROP_NO_EVALUABLE_CHAINS	1	417	/storage9920/home/tinghao.xia/Data_FM/RNA_FM_embeddings/9ZFC/rnafm_t12_residue_embeddings.pt	full_sequence	VALID
9ZFD	GENERATED		DROP_NO_EVALUABLE_CHAINS	1	417	/storage9920/home/tinghao.xia/Data_FM/RNA_FM_embeddings/9ZFD/rnafm_t12_residue_embeddings.pt	full_sequence	VALID
9ZGM	GENERATED		DROP_NO_EVALUABLE_CHAINS	1	417	/storage9920/home/tinghao.xia/Data_FM/RNA_FM_embeddings/9ZGM/rnafm_t12_residue_embeddings.pt	full_sequence	VALID
9ZGN	GENERATED		DROP_NO_EVALUABLE_CHAINS	1	417	/storage9920/home/tinghao.xia/Data_FM/RNA_FM_embeddings/9ZGN/rnafm_t12_residue_embeddings.pt	full_sequence	VALID
9ZGO	GENERATED		DROP_NO_EVALUABLE_CHAINS	1	417	/storage9920/home/tinghao.xia/Data_FM/RNA_FM_embeddings/9ZGO/rnafm_t12_residue_embeddings.pt	full_sequence	VALID
9ZGP	GENERATED		DROP_NO_EVALUABLE_CHAINS	1	417	/storage9920/home/tinghao.xia/Data_FM/RNA_FM_embeddings/9ZGP/rnafm_t12_residue_embeddings.pt	full_sequence	VALID
9ZGQ	GENERATED		DROP_NO_EVALUABLE_CHAINS	1	417	/storage9920/home/tinghao.xia/Data_FM/RNA_FM_embeddings/9ZGQ/rnafm_t12_residue_embeddings.pt	full_sequence	VALID
9ZGR	GENERATED		DROP_NO_EVALUABLE_CHAINS	1	417	/storage9920/home/tinghao.xia/Data_FM/RNA_FM_embeddings/9ZGR/rnafm_t12_residue_embeddings.pt	full_sequence	VALID
9ZGS	GENERATED		DROP_NO_EVALUABLE_CHAINS	1	417	/storage9920/home/tinghao.xia/Data_FM/RNA_FM_embeddings/9ZGS/rnafm_t12_residue_embeddings.pt	full_sequence	VALID
9ZGT	GENERATED		DROP_NO_EVALUABLE_CHAINS	1	417	/storage9920/home/tinghao.xia/Data_FM/RNA_FM_embeddings/9ZGT/rnafm_t12_residue_embeddings.pt	full_sequence	VALID
9ZGU	GENERATED		DROP_NO_EVALUABLE_CHAINS	1	417	/storage9920/home/tinghao.xia/Data_FM/RNA_FM_embeddings/9ZGU/rnafm_t12_residue_embeddings.pt	full_sequence	VALID
9ZGV	GENERATED		DROP_NO_EVALUABLE_CHAINS	1	417	/storage9920/home/tinghao.xia/Data_FM/RNA_FM_embeddings/9ZGV/rnafm_t12_residue_embeddings.pt	full_sequence	VALID
9ZGW	GENERATED		DROP_NO_EVALUABLE_CHAINS	1	417	/storage9920/home/tinghao.xia/Data_FM/RNA_FM_embeddings/9ZGW/rnafm_t12_residue_embeddings.pt	full_sequence	VALID
9ZGX	GENERATED		DROP_NO_EVALUABLE_CHAINS	1	417	/storage9920/home/tinghao.xia/Data_FM/RNA_FM_embeddings/9ZGX/rnafm_t12_residue_embeddings.pt	full_sequence	VALID
9ZGY	GENERATED		DROP_NO_EVALUABLE_CHAINS	1	417	/storage9920/home/tinghao.xia/Data_FM/RNA_FM_embeddings/9ZGY/rnafm_t12_residue_embeddings.pt	full_sequence	VALID
9ZGZ	GENERATED		DROP_NO_EVALUABLE_CHAINS	1	417	/storage9920/home/tinghao.xia/Data_FM/RNA_FM_embeddings/9ZGZ/rnafm_t12_residue_embeddings.pt	full_sequence	VALID
9ZH0	GENERATED		DROP_NO_EVALUABLE_CHAINS	1	417	/storage9920/home/tinghao.xia/Data_FM/RNA_FM_embeddings/9ZH0/rnafm_t12_residue_embeddings.pt	full_sequence	VALID
9ZH1	GENERATED		DROP_NO_EVALUABLE_CHAINS	1	417	/storage9920/home/tinghao.xia/Data_FM/RNA_FM_embeddings/9ZH1/rnafm_t12_residue_embeddings.pt	full_sequence	VALID
9ZH2	GENERATED		DROP_NO_EVALUABLE_CHAINS	1	417	/storage9920/home/tinghao.xia/Data_FM/RNA_FM_embeddings/9ZH2/rnafm_t12_residue_embeddings.pt	full_sequence	VALID
9ZH5	GENERATED		DROP_NO_EVALUABLE_CHAINS	1	417	/storage9920/home/tinghao.xia/Data_FM/RNA_FM_embeddings/9ZH5/rnafm_t12_residue_embeddings.pt	full_sequence	VALID
9ZH7	GENERATED		DROP_NO_EVALUABLE_CHAINS	1	417	/storage9920/home/tinghao.xia/Data_FM/RNA_FM_embeddings/9ZH7/rnafm_t12_residue_embeddings.pt	full_sequence	VALID
9ZH9	GENERATED		DROP_NO_EVALUABLE_CHAINS	1	417	/storage9920/home/tinghao.xia/Data_FM/RNA_FM_embeddings/9ZH9/rnafm_t12_residue_embeddings.pt	full_sequence	VALID
9ZHA	GENERATED		DROP_NO_EVALUABLE_CHAINS	1	417	/storage9920/home/tinghao.xia/Data_FM/RNA_FM_embeddings/9ZHA/rnafm_t12_residue_embeddings.pt	full_sequence	VALID
9ZHB	GENERATED		DROP_NO_EVALUABLE_CHAINS	1	417	/storage9920/home/tinghao.xia/Data_FM/RNA_FM_embeddings/9ZHB/rnafm_t12_residue_embeddings.pt	full_sequence	VALID
9ZHC	GENERATED		DROP_NO_EVALUABLE_CHAINS	1	417	/storage9920/home/tinghao.xia/Data_FM/RNA_FM_embeddings/9ZHC/rnafm_t12_residue_embeddings.pt	full_sequence	VALID
9ZHD	GENERATED		DROP_NO_EVALUABLE_CHAINS	1	417	/storage9920/home/tinghao.xia/Data_FM/RNA_FM_embeddings/9ZHD/rnafm_t12_residue_embeddings.pt	full_sequence	VALID
9ZHE	GENERATED		DROP_NO_EVALUABLE_CHAINS	1	417	/storage9920/home/tinghao.xia/Data_FM/RNA_FM_embeddings/9ZHE/rnafm_t12_residue_embeddings.pt	full_sequence	VALID
9ZHF	GENERATED		DROP_NO_EVALUABLE_CHAINS	1	417	/storage9920/home/tinghao.xia/Data_FM/RNA_FM_embeddings/9ZHF/rnafm_t12_residue_embeddings.pt	full_sequence	VALID
9ZHG	GENERATED		DROP_NO_EVALUABLE_CHAINS	1	417	/storage9920/home/tinghao.xia/Data_FM/RNA_FM_embeddings/9ZHG/rnafm_t12_residue_embeddings.pt	full_sequence	VALID
9ZHI	GENERATED		DROP_NO_EVALUABLE_CHAINS	1	417	/storage9920/home/tinghao.xia/Data_FM/RNA_FM_embeddings/9ZHI/rnafm_t12_residue_embeddings.pt	full_sequence	VALID
9ZHJ	GENERATED		DROP_NO_EVALUABLE_CHAINS	1	417	/storage9920/home/tinghao.xia/Data_FM/RNA_FM_embeddings/9ZHJ/rnafm_t12_residue_embeddings.pt	full_sequence	VALID
9ZHK	GENERATED		DROP_NO_EVALUABLE_CHAINS	1	417	/storage9920/home/tinghao.xia/Data_FM/RNA_FM_embeddings/9ZHK/rnafm_t12_residue_embeddings.pt	full_sequence	VALID
9ZHL	GENERATED		DROP_NO_EVALUABLE_CHAINS	1	417	/storage9920/home/tinghao.xia/Data_FM/RNA_FM_embeddings/9ZHL/rnafm_t12_residue_embeddings.pt	full_sequence	VALID
9ZHO	GENERATED		DROP_NO_EVALUABLE_CHAINS	1	417	/storage9920/home/tinghao.xia/Data_FM/RNA_FM_embeddings/9ZHO/rnafm_t12_residue_embeddings.pt	full_sequence	VALID
9ZHP	GENERATED		DROP_NO_EVALUABLE_CHAINS	1	417	/storage9920/home/tinghao.xia/Data_FM/RNA_FM_embeddings/9ZHP/rnafm_t12_residue_embeddings.pt	full_sequence	VALID
9ZHR	GENERATED		DROP_NO_EVALUABLE_CHAINS	1	417	/storage9920/home/tinghao.xia/Data_FM/RNA_FM_embeddings/9ZHR/rnafm_t12_residue_embeddings.pt	full_sequence	VALID
9ZHS	GENERATED		DROP_NO_EVALUABLE_CHAINS	1	417	/storage9920/home/tinghao.xia/Data_FM/RNA_FM_embeddings/9ZHS/rnafm_t12_residue_embeddings.pt	full_sequence	VALID
9ZHT	GENERATED		DROP_NO_EVALUABLE_CHAINS	1	417	/storage9920/home/tinghao.xia/Data_FM/RNA_FM_embeddings/9ZHT/rnafm_t12_residue_embeddings.pt	full_sequence	VALID
9ZHU	GENERATED		DROP_NO_EVALUABLE_CHAINS	1	417	/storage9920/home/tinghao.xia/Data_FM/RNA_FM_embeddings/9ZHU/rnafm_t12_residue_embeddings.pt	full_sequence	VALID
9ZHV	GENERATED		DROP_NO_EVALUABLE_CHAINS	1	417	/storage9920/home/tinghao.xia/Data_FM/RNA_FM_embeddings/9ZHV/rnafm_t12_residue_embeddings.pt	full_sequence	VALID
9ZHW	GENERATED		DROP_NO_EVALUABLE_CHAINS	1	417	/storage9920/home/tinghao.xia/Data_FM/RNA_FM_embeddings/9ZHW/rnafm_t12_residue_embeddings.pt	full_sequence	VALID
9ZHX	GENERATED		DROP_NO_EVALUABLE_CHAINS	1	417	/storage9920/home/tinghao.xia/Data_FM/RNA_FM_embeddings/9ZHX/rnafm_t12_residue_embeddings.pt	full_sequence	VALID
9ZHZ	GENERATED		DROP_NO_EVALUABLE_CHAINS	1	417	/storage9920/home/tinghao.xia/Data_FM/RNA_FM_embeddings/9ZHZ/rnafm_t12_residue_embeddings.pt	full_sequence	VALID
9ZI0	GENERATED		DROP_NO_EVALUABLE_CHAINS	1	417	/storage9920/home/tinghao.xia/Data_FM/RNA_FM_embeddings/9ZI0/rnafm_t12_residue_embeddings.pt	full_sequence	VALID
9ZI2	GENERATED		DROP_NO_EVALUABLE_CHAINS	1	417	/storage9920/home/tinghao.xia/Data_FM/RNA_FM_embeddings/9ZI2/rnafm_t12_residue_embeddings.pt	full_sequence	VALID
9ZI3	GENERATED		DROP_NO_EVALUABLE_CHAINS	1	417	/storage9920/home/tinghao.xia/Data_FM/RNA_FM_embeddings/9ZI3/rnafm_t12_residue_embeddings.pt	full_sequence	VALID
9ZI4	GENERATED		DROP_NO_EVALUABLE_CHAINS	1	417	/storage9920/home/tinghao.xia/Data_FM/RNA_FM_embeddings/9ZI4/rnafm_t12_residue_embeddings.pt	full_sequence	VALID
9ZI5	GENERATED		DROP_NO_EVALUABLE_CHAINS	1	417	/storage9920/home/tinghao.xia/Data_FM/RNA_FM_embeddings/9ZI5/rnafm_t12_residue_embeddings.pt	full_sequence	VALID
9ZI6	GENERATED		DROP_NO_EVALUABLE_CHAINS	1	417	/storage9920/home/tinghao.xia/Data_FM/RNA_FM_embeddings/9ZI6/rnafm_t12_residue_embeddings.pt	full_sequence	VALID
9ZI7	GENERATED		DROP_NO_EVALUABLE_CHAINS	1	417	/storage9920/home/tinghao.xia/Data_FM/RNA_FM_embeddings/9ZI7/rnafm_t12_residue_embeddings.pt	full_sequence	VALID
