PDB_ID	RELEASE_DATE	SELECTED_SOURCE	REVISION_ORDINAL	REVISION_DATE	LEGACY_ORIGINAL_DATE	SOURCES_AGREE
10ZT	2026-05-27	_pdbx_audit_revision_history.revision_date	1	2026-05-27		
10ZU	2026-05-27	_pdbx_audit_revision_history.revision_date	1	2026-05-27		
11AG	2026-05-27	_pdbx_audit_revision_history.revision_date	1	2026-05-27		
11EH	2026-05-27	_pdbx_audit_revision_history.revision_date	1	2026-05-27		
12CI	2026-05-13	_pdbx_audit_revision_history.revision_date	1	2026-05-13		
12CJ	2026-05-13	_pdbx_audit_revision_history.revision_date	1	2026-05-13		
157D	1994-05-31	_pdbx_audit_revision_history.revision_date	1	1994-05-31		
165D	1994-08-31	_pdbx_audit_revision_history.revision_date	1	1994-08-31		
17RA	1999-04-20	_pdbx_audit_revision_history.revision_date	1	1999-04-20		
1A3M	1998-04-29	_pdbx_audit_revision_history.revision_date	1	1998-04-29		
1A4D	1998-04-29	_pdbx_audit_revision_history.revision_date	1	1998-04-29		
1A51	1998-05-27	_pdbx_audit_revision_history.revision_date	1	1998-05-27		
1A60	1998-05-27	_pdbx_audit_revision_history.revision_date	1	1998-05-27		
1A9L	1998-06-17	_pdbx_audit_revision_history.revision_date	1	1998-06-17		
1AFX	1997-05-15	_pdbx_audit_revision_history.revision_date	1	1997-05-15		
1AJF	1997-07-07	_pdbx_audit_revision_history.revision_date	1	1997-07-07		
1AJL	1997-07-07	_pdbx_audit_revision_history.revision_date	1	1997-07-07		
1AJT	1997-08-20	_pdbx_audit_revision_history.revision_date	1	1997-08-20		
1AJU	1997-12-17	_pdbx_audit_revision_history.revision_date	1	1997-12-17		
1AKX	1997-11-19	_pdbx_audit_revision_history.revision_date	1	1997-11-19		
1AL5	1997-12-17	_pdbx_audit_revision_history.revision_date	1	1997-12-17		
1AM0	1997-07-23	_pdbx_audit_revision_history.revision_date	1	1997-07-23		
1ANR	1997-01-11	_pdbx_audit_revision_history.revision_date	1	1997-01-11		
1AQO	1998-02-04	_pdbx_audit_revision_history.revision_date	1	1998-02-04		
1ARJ	1996-11-08	_pdbx_audit_revision_history.revision_date	1	1996-11-08		
1ATO	1997-11-12	_pdbx_audit_revision_history.revision_date	1	1997-11-12		
1ATV	1998-02-25	_pdbx_audit_revision_history.revision_date	1	1998-02-25		
1ATW	1998-02-25	_pdbx_audit_revision_history.revision_date	1	1998-02-25		
1B36	1998-12-23	_pdbx_audit_revision_history.revision_date	1	1998-12-23		
1BAU	1999-04-27	_pdbx_audit_revision_history.revision_date	1	1999-04-27		
1BGZ	1999-01-13	_pdbx_audit_revision_history.revision_date	1	1999-01-13		
1BJ2	1999-02-02	_pdbx_audit_revision_history.revision_date	1	1999-02-02		
1BN0	1999-04-27	_pdbx_audit_revision_history.revision_date	1	1999-04-27		
1BVJ	1998-12-09	_pdbx_audit_revision_history.revision_date	1	1998-12-09		
1BYJ	1999-10-29	_pdbx_audit_revision_history.revision_date	1	1999-10-29		
1BZ2	1999-04-27	_pdbx_audit_revision_history.revision_date	1	1999-04-27		
1BZ3	1999-04-27	_pdbx_audit_revision_history.revision_date	1	1999-04-27		
1BZT	1999-04-27	_pdbx_audit_revision_history.revision_date	1	1999-04-27		
1BZU	1999-04-27	_pdbx_audit_revision_history.revision_date	1	1999-04-27		
1C0O	1999-08-31	_pdbx_audit_revision_history.revision_date	1	1999-08-31		
1C2W	2000-04-10	_pdbx_audit_revision_history.revision_date	1	2000-04-10		
1C2X	2000-04-10	_pdbx_audit_revision_history.revision_date	1	2000-04-10		
1C4L	2000-08-09	_pdbx_audit_revision_history.revision_date	1	2000-08-09		
1CQ5	1999-08-23	_pdbx_audit_revision_history.revision_date	1	1999-08-23		
1CQL	2000-01-14	_pdbx_audit_revision_history.revision_date	1	2000-01-14		
1CSL	2000-02-14	_pdbx_audit_revision_history.revision_date	1	2000-02-14		
1D0T	2000-05-24	_pdbx_audit_revision_history.revision_date	1	2000-05-24		
1D0U	2000-05-24	_pdbx_audit_revision_history.revision_date	1	2000-05-24		
1D4R	1999-12-02	_pdbx_audit_revision_history.revision_date	1	1999-12-02		
1DDY	2000-01-01	_pdbx_audit_revision_history.revision_date	1	2000-01-01		
1DQF	2000-11-13	_pdbx_audit_revision_history.revision_date	1	2000-11-13		
1DQH	2000-11-13	_pdbx_audit_revision_history.revision_date	1	2000-11-13		
1DUH	2000-05-08	_pdbx_audit_revision_history.revision_date	1	2000-05-08		
1DUQ	2000-05-16	_pdbx_audit_revision_history.revision_date	1	2000-05-16		
1E4P	2001-01-16	_pdbx_audit_revision_history.revision_date	1	2001-01-16		
1E95	2001-08-23	_pdbx_audit_revision_history.revision_date	1	2001-08-23		
1EBQ	1997-07-07	_pdbx_audit_revision_history.revision_date	1	1997-07-07		
1EBR	1997-07-07	_pdbx_audit_revision_history.revision_date	1	1997-07-07		
1EBS	1997-07-07	_pdbx_audit_revision_history.revision_date	1	1997-07-07		
1EHT	1997-12-24	_pdbx_audit_revision_history.revision_date	1	1997-12-24		
1EHZ	2000-10-02	_pdbx_audit_revision_history.revision_date	1	2000-10-02		
1EI2	2000-03-06	_pdbx_audit_revision_history.revision_date	1	2000-03-06		
1EKA	2000-11-13	_pdbx_audit_revision_history.revision_date	1	2000-11-13		
1EKD	2000-11-13	_pdbx_audit_revision_history.revision_date	1	2000-11-13		
1ELH	1994-01-31	_pdbx_audit_revision_history.revision_date	1	1994-01-31		
1ESH	2000-04-24	_pdbx_audit_revision_history.revision_date	1	2000-04-24		
1ESY	2000-05-31	_pdbx_audit_revision_history.revision_date	1	2000-05-31		
1ET4	2000-11-13	_pdbx_audit_revision_history.revision_date	1	2000-11-13		
1EVV	2000-05-01	_pdbx_audit_revision_history.revision_date	1	2000-05-01		
1F1T	2000-09-04	_pdbx_audit_revision_history.revision_date	1	2000-09-04		
1F27	2000-06-12	_pdbx_audit_revision_history.revision_date	1	2000-06-12		
1F5G	2000-06-26	_pdbx_audit_revision_history.revision_date	1	2000-06-26		
1F5H	2000-06-26	_pdbx_audit_revision_history.revision_date	1	2000-06-26		
1F5U	2000-08-21	_pdbx_audit_revision_history.revision_date	1	2000-08-21		
1F6X	2000-10-09	_pdbx_audit_revision_history.revision_date	1	2000-10-09		
1F6Z	2000-10-09	_pdbx_audit_revision_history.revision_date	1	2000-10-09		
1F78	2000-10-09	_pdbx_audit_revision_history.revision_date	1	2000-10-09		
1F79	2000-10-09	_pdbx_audit_revision_history.revision_date	1	2000-10-09		
1F7F	2000-10-09	_pdbx_audit_revision_history.revision_date	1	2000-10-09		
1F7G	2000-10-09	_pdbx_audit_revision_history.revision_date	1	2000-10-09		
1F7H	2000-10-09	_pdbx_audit_revision_history.revision_date	1	2000-10-09		
1F7I	2000-10-09	_pdbx_audit_revision_history.revision_date	1	2000-10-09		
1F84	2000-11-17	_pdbx_audit_revision_history.revision_date	1	2000-11-17		
1F85	2000-11-17	_pdbx_audit_revision_history.revision_date	1	2000-11-17		
1F9L	2000-07-26	_pdbx_audit_revision_history.revision_date	1	2000-07-26		
1FCW	2000-08-11	_pdbx_audit_revision_history.revision_date	1	2000-08-11		
1FEQ	2000-11-22	_pdbx_audit_revision_history.revision_date	1	2000-11-22		
1FG0	2000-08-28	_pdbx_audit_revision_history.revision_date	1	2000-08-28		
1FHK	2001-03-21	_pdbx_audit_revision_history.revision_date	1	2001-03-21		
1FIR	2001-01-17	_pdbx_audit_revision_history.revision_date	1	2001-01-17		
1FL8	2000-10-16	_pdbx_audit_revision_history.revision_date	1	2000-10-16		
1FMN	1996-07-11	_pdbx_audit_revision_history.revision_date	1	1996-07-11		
1FOQ	2000-12-22	_pdbx_audit_revision_history.revision_date	1	2000-12-22		
1FQZ	2001-01-17	_pdbx_audit_revision_history.revision_date	1	2001-01-17		
1FUF	2001-11-09	_pdbx_audit_revision_history.revision_date	1	2001-11-09		
1FYO	2001-03-14	_pdbx_audit_revision_history.revision_date	1	2001-03-14		
1FYP	2001-03-14	_pdbx_audit_revision_history.revision_date	1	2001-03-14		
1G2J	2000-12-06	_pdbx_audit_revision_history.revision_date	1	2000-12-06		
1G3A	2001-08-01	_pdbx_audit_revision_history.revision_date	1	2001-08-01		
1GID	1996-12-31	_pdbx_audit_revision_history.revision_date	1	1996-12-31		
1GRZ	1998-11-24	_pdbx_audit_revision_history.revision_date	1	1998-11-24		
1GUC	1997-02-12	_pdbx_audit_revision_history.revision_date	1	1997-02-12		
1H0Q	2003-07-17	_pdbx_audit_revision_history.revision_date	1	2003-07-17		
1H1K	2002-09-26	_pdbx_audit_revision_history.revision_date	1	2002-09-26		
1HLX	1995-09-15	_pdbx_audit_revision_history.revision_date	1	1995-09-15		
1HR2	2001-04-12	_pdbx_audit_revision_history.revision_date	1	2001-04-12		
1HS1	2003-09-02	_pdbx_audit_revision_history.revision_date	1	2003-09-02		
1HS2	2001-08-29	_pdbx_audit_revision_history.revision_date	1	2001-08-29		
1HS3	2003-09-02	_pdbx_audit_revision_history.revision_date	1	2003-09-02		
1HS4	2003-09-02	_pdbx_audit_revision_history.revision_date	1	2003-09-02		
1HS8	2003-09-02	_pdbx_audit_revision_history.revision_date	1	2003-09-02		
1HWQ	2001-05-16	_pdbx_audit_revision_history.revision_date	1	2001-05-16		
1I3X	2001-04-04	_pdbx_audit_revision_history.revision_date	1	2001-04-04		
1I3Y	2001-04-04	_pdbx_audit_revision_history.revision_date	1	2001-04-04		
1I46	2001-04-21	_pdbx_audit_revision_history.revision_date	1	2001-04-21		
1I4B	2001-04-21	_pdbx_audit_revision_history.revision_date	1	2001-04-21		
1I4C	2001-04-21	_pdbx_audit_revision_history.revision_date	1	2001-04-21		
1I7J	2001-09-21	_pdbx_audit_revision_history.revision_date	1	2001-09-21		
1I9K	2001-05-30	_pdbx_audit_revision_history.revision_date	1	2001-05-30		
1I9V	2001-06-04	_pdbx_audit_revision_history.revision_date	1	2001-06-04		
1I9X	2001-09-05	_pdbx_audit_revision_history.revision_date	1	2001-09-05		
1IDV	2001-10-05	_pdbx_audit_revision_history.revision_date	1	2001-10-05		
1IE1	2001-06-20	_pdbx_audit_revision_history.revision_date	1	2001-06-20		
1IE2	2001-06-20	_pdbx_audit_revision_history.revision_date	1	2001-06-20		
1IK1	2001-07-18	_pdbx_audit_revision_history.revision_date	1	2001-07-18		
1IK5	2001-11-09	_pdbx_audit_revision_history.revision_date	1	2001-11-09		
1IKD	1997-04-01	_pdbx_audit_revision_history.revision_date	1	1997-04-01		
1J4Y	2002-07-17	_pdbx_audit_revision_history.revision_date	1	2002-07-17		
1J6S	2003-08-05	_pdbx_audit_revision_history.revision_date	1	2003-08-05		
1J7T	2002-05-18	_pdbx_audit_revision_history.revision_date	1	2002-05-18		
1J8G	2001-11-23	_pdbx_audit_revision_history.revision_date	1	2001-11-23		
1J9H	2001-10-26	_pdbx_audit_revision_history.revision_date	1	2001-10-26		
1JO7	2001-09-19	_pdbx_audit_revision_history.revision_date	1	2001-09-19		
1JOX	2002-05-01	_pdbx_audit_revision_history.revision_date	1	2002-05-01		
1JP0	2002-05-01	_pdbx_audit_revision_history.revision_date	1	2002-05-01		
1JTJ	2002-12-11	_pdbx_audit_revision_history.revision_date	1	2002-12-11		
1JTW	2001-12-12	_pdbx_audit_revision_history.revision_date	1	2001-12-12		
1JU1	2002-08-23	_pdbx_audit_revision_history.revision_date	1	2002-08-23		
1JU7	2002-03-20	_pdbx_audit_revision_history.revision_date	1	2002-03-20		
1JUR	2002-01-16	_pdbx_audit_revision_history.revision_date	1	2002-01-16		
1JWC	2002-03-20	_pdbx_audit_revision_history.revision_date	1	2002-03-20		
1JZC	2003-10-07	_pdbx_audit_revision_history.revision_date	1	2003-10-07		
1JZV	2003-11-11	_pdbx_audit_revision_history.revision_date	1	2003-11-11		
1K2G	2002-05-08	_pdbx_audit_revision_history.revision_date	1	2002-05-08		
1K4A	2001-12-19	_pdbx_audit_revision_history.revision_date	1	2001-12-19		
1K4B	2001-12-19	_pdbx_audit_revision_history.revision_date	1	2001-12-19		
1K5I	2001-10-17	_pdbx_audit_revision_history.revision_date	1	2001-10-17		
1K6G	2001-12-19	_pdbx_audit_revision_history.revision_date	1	2001-12-19		
1K6H	2001-12-19	_pdbx_audit_revision_history.revision_date	1	2001-12-19		
1K8S	2001-11-14	_pdbx_audit_revision_history.revision_date	1	2001-11-14		
1K9W	2001-11-30	_pdbx_audit_revision_history.revision_date	1	2001-11-30		
1KAJ	1996-07-11	_pdbx_audit_revision_history.revision_date	1	1996-07-11		
1KD3	2003-03-04	_pdbx_audit_revision_history.revision_date	1	2003-03-04		
1KD4	2003-03-04	_pdbx_audit_revision_history.revision_date	1	2003-03-04		
1KD5	2003-03-04	_pdbx_audit_revision_history.revision_date	1	2003-03-04		
1KFO	2001-12-07	_pdbx_audit_revision_history.revision_date	1	2001-12-07		
1KH6	2002-04-26	_pdbx_audit_revision_history.revision_date	1	2002-04-26		
1KIS	1997-10-15	_pdbx_audit_revision_history.revision_date	1	1997-10-15		
1KKA	2002-07-17	_pdbx_audit_revision_history.revision_date	1	2002-07-17		
1KKS	2002-03-13	_pdbx_audit_revision_history.revision_date	1	2002-03-13		
1KOC	1996-08-17	_pdbx_audit_revision_history.revision_date	1	1996-08-17		
1KOD	1996-11-08	_pdbx_audit_revision_history.revision_date	1	1996-11-08		
1KOS	1999-10-22	_pdbx_audit_revision_history.revision_date	1	1999-10-22		
1KP7	2002-04-10	_pdbx_audit_revision_history.revision_date	1	2002-04-10		
1KPD	1997-04-01	_pdbx_audit_revision_history.revision_date	1	1997-04-01		
1KPY	2002-01-11	_pdbx_audit_revision_history.revision_date	1	2002-01-11		
1KPZ	2002-01-11	_pdbx_audit_revision_history.revision_date	1	2002-01-11		
1KXK	2002-03-22	_pdbx_audit_revision_history.revision_date	1	2002-03-22		
1L1W	2002-05-22	_pdbx_audit_revision_history.revision_date	1	2002-05-22		
1L2X	2002-03-22	_pdbx_audit_revision_history.revision_date	1	2002-03-22		
1L3D	2002-03-22	_pdbx_audit_revision_history.revision_date	1	2002-03-22		
1L3Z	2003-02-25	_pdbx_audit_revision_history.revision_date	1	2003-02-25		
1L8V	2002-08-23	_pdbx_audit_revision_history.revision_date	1	2002-08-23		
1LC4	2003-04-08	_pdbx_audit_revision_history.revision_date	1	2003-04-08		
1LC6	2002-05-29	_pdbx_audit_revision_history.revision_date	1	2002-05-29		
1LDZ	1998-11-25	_pdbx_audit_revision_history.revision_date	1	1998-11-25		
1LMV	2002-11-27	_pdbx_audit_revision_history.revision_date	1	2002-11-27		
1LNT	2003-06-03	_pdbx_audit_revision_history.revision_date	1	2003-06-03		
1LPW	2002-11-27	_pdbx_audit_revision_history.revision_date	1	2002-11-27		
1LU3	2002-06-26	_pdbx_audit_revision_history.revision_date	1	2002-06-26		
1LUU	2003-09-09	_pdbx_audit_revision_history.revision_date	1	2003-09-09		
1LUX	2003-09-09	_pdbx_audit_revision_history.revision_date	1	2003-09-09		
1LVJ	2002-12-11	_pdbx_audit_revision_history.revision_date	1	2002-12-11		
1M5L	2002-09-18	_pdbx_audit_revision_history.revision_date	1	2002-09-18		
1M82	2003-06-03	_pdbx_audit_revision_history.revision_date	1	2003-06-03		
1MDG	2003-08-12	_pdbx_audit_revision_history.revision_date	1	2003-08-12		
1ME1	2003-08-19	_pdbx_audit_revision_history.revision_date	1	2003-08-19		
1MFJ	2002-11-06	_pdbx_audit_revision_history.revision_date	1	2002-11-06		
1MFK	2002-11-13	_pdbx_audit_revision_history.revision_date	1	2002-11-13		
1MFY	2002-09-18	_pdbx_audit_revision_history.revision_date	1	2002-09-18		
1MHK	2002-09-06	_pdbx_audit_revision_history.revision_date	1	2002-09-06		
1MIS	1997-07-07	_pdbx_audit_revision_history.revision_date	1	1997-07-07		
1MME	1996-02-06	_pdbx_audit_revision_history.revision_date	1	1996-02-06		
1MNX	2003-01-14	_pdbx_audit_revision_history.revision_date	1	2003-01-14		
1MSY	2003-02-25	_pdbx_audit_revision_history.revision_date	1	2003-02-25		
1MT4	2003-01-14	_pdbx_audit_revision_history.revision_date	1	2003-01-14		
1MUV	2002-12-18	_pdbx_audit_revision_history.revision_date	1	2002-12-18		
1MV1	2002-12-18	_pdbx_audit_revision_history.revision_date	1	2002-12-18		
1MV2	2002-12-18	_pdbx_audit_revision_history.revision_date	1	2002-12-18		
1MV6	2002-12-18	_pdbx_audit_revision_history.revision_date	1	2002-12-18		
1MWG	1997-03-12	_pdbx_audit_revision_history.revision_date	1	1997-03-12		
1MWL	2003-02-18	_pdbx_audit_revision_history.revision_date	1	2003-02-18		
1MY9	2003-10-07	_pdbx_audit_revision_history.revision_date	1	2003-10-07		
1N53	2003-04-29	_pdbx_audit_revision_history.revision_date	1	2003-04-29		
1N66	2003-08-19	_pdbx_audit_revision_history.revision_date	1	2003-08-19		
1N8X	2003-04-08	_pdbx_audit_revision_history.revision_date	1	2003-04-08		
1NA2	2003-01-21	_pdbx_audit_revision_history.revision_date	1	2003-01-21		
1NBK	2003-12-03	_pdbx_audit_revision_history.revision_date	1	2003-12-03		
1NBR	2003-03-04	_pdbx_audit_revision_history.revision_date	1	2003-03-04		
1NBS	2003-02-18	_pdbx_audit_revision_history.revision_date	1	2003-02-18		
1NC0	2003-02-25	_pdbx_audit_revision_history.revision_date	1	2003-02-25		
1NEM	1999-08-31	_pdbx_audit_revision_history.revision_date	1	1999-08-31		
1NJN	2003-02-11	_pdbx_audit_revision_history.revision_date	1	2003-02-11		
1NJO	2003-02-11	_pdbx_audit_revision_history.revision_date	1	2003-02-11		
1NLC	2003-05-13	_pdbx_audit_revision_history.revision_date	1	2003-05-13		
1NTA	2003-05-13	_pdbx_audit_revision_history.revision_date	1	2003-05-13		
1NTB	2003-05-13	_pdbx_audit_revision_history.revision_date	1	2003-05-13		
1NUJ	2003-08-19	_pdbx_audit_revision_history.revision_date	1	2003-08-19		
1NUV	2003-08-19	_pdbx_audit_revision_history.revision_date	1	2003-08-19		
1NYI	2004-02-24	_pdbx_audit_revision_history.revision_date	1	2004-02-24		
1NZ1	2003-05-13	_pdbx_audit_revision_history.revision_date	1	2003-05-13		
1O15	2003-02-18	_pdbx_audit_revision_history.revision_date	1	2003-02-18		
1O3Z	2003-05-27	_pdbx_audit_revision_history.revision_date	1	2003-05-27		
1O9M	2003-03-27	_pdbx_audit_revision_history.revision_date	1	2003-03-27		
1OQ0	2003-05-13	_pdbx_audit_revision_history.revision_date	1	2003-05-13		
1OSU	1996-04-04	_pdbx_audit_revision_history.revision_date	1	1996-04-04		
1OSW	2003-05-20	_pdbx_audit_revision_history.revision_date	1	2003-05-20		
1OW9	2003-05-20	_pdbx_audit_revision_history.revision_date	1	2003-05-20		
1P5M	2003-11-04	_pdbx_audit_revision_history.revision_date	1	2003-11-04		
1P5N	2003-11-04	_pdbx_audit_revision_history.revision_date	1	2003-11-04		
1P5O	2003-11-04	_pdbx_audit_revision_history.revision_date	1	2003-11-04		
1P5P	2003-11-04	_pdbx_audit_revision_history.revision_date	1	2003-11-04		
1P79	2003-11-04	_pdbx_audit_revision_history.revision_date	1	2003-11-04		
1P9X	2003-08-05	_pdbx_audit_revision_history.revision_date	1	2003-08-05		
1PBL	1997-07-07	_pdbx_audit_revision_history.revision_date	1	1997-07-07		
1PBM	1997-07-07	_pdbx_audit_revision_history.revision_date	1	1997-07-07		
1PBR	1997-09-17	_pdbx_audit_revision_history.revision_date	1	1997-09-17		
1PJY	2003-08-05	_pdbx_audit_revision_history.revision_date	1	2003-08-05		
1Q29	2004-02-24	_pdbx_audit_revision_history.revision_date	1	2004-02-24		
1Q75	2003-12-23	_pdbx_audit_revision_history.revision_date	1	2003-12-23		
1Q8N	2004-03-23	_pdbx_audit_revision_history.revision_date	1	2004-03-23		
1Q93	2003-11-25	_pdbx_audit_revision_history.revision_date	1	2003-11-25		
1Q96	2003-11-25	_pdbx_audit_revision_history.revision_date	1	2003-11-25		
1Q9A	2003-11-25	_pdbx_audit_revision_history.revision_date	1	2003-11-25		
1QBP	1999-11-26	_pdbx_audit_revision_history.revision_date	1	1999-11-26		
1QC0	1999-11-11	_pdbx_audit_revision_history.revision_date	1	1999-11-11		
1QC8	1999-08-31	_pdbx_audit_revision_history.revision_date	1	1999-08-31		
1QCU	1999-11-11	_pdbx_audit_revision_history.revision_date	1	1999-11-11		
1QD3	2000-07-12	_pdbx_audit_revision_history.revision_date	1	2000-07-12		
1QES	1997-06-05	_pdbx_audit_revision_history.revision_date	1	1997-06-05		
1QET	1997-06-05	_pdbx_audit_revision_history.revision_date	1	1997-06-05		
1QWA	2003-11-25	_pdbx_audit_revision_history.revision_date	1	2003-11-25		
1QWB	2003-11-25	_pdbx_audit_revision_history.revision_date	1	2003-11-25		
1QZA	2003-11-04	_pdbx_audit_revision_history.revision_date	1	2003-11-04		
1QZB	2003-11-04	_pdbx_audit_revision_history.revision_date	1	2003-11-04		
1R2P	2004-02-03	_pdbx_audit_revision_history.revision_date	1	2004-02-03		
1R3O	2003-12-23	_pdbx_audit_revision_history.revision_date	1	2003-12-23		
1R4H	2004-10-19	_pdbx_audit_revision_history.revision_date	1	2004-10-19		
1R7W	2004-05-25	_pdbx_audit_revision_history.revision_date	1	2004-05-25		
1R7Z	2004-05-25	_pdbx_audit_revision_history.revision_date	1	2004-05-25		
1RAU	1994-01-31	_pdbx_audit_revision_history.revision_date	1	1994-01-31		
1RAW	1997-01-27	_pdbx_audit_revision_history.revision_date	1	1997-01-27		
1RFR	2004-03-23	_pdbx_audit_revision_history.revision_date	1	2004-03-23		
1RHT	1995-06-03	_pdbx_audit_revision_history.revision_date	1	1995-06-03		
1RMN	1995-01-26	_pdbx_audit_revision_history.revision_date	1	1995-01-26		
1RNA	1991-04-15	_pdbx_audit_revision_history.revision_date	1	1991-04-15		
1RNG	1995-12-07	_pdbx_audit_revision_history.revision_date	1	1995-12-07		
1RNK	1995-02-27	_pdbx_audit_revision_history.revision_date	1	1995-02-27		
1ROQ	2004-05-18	_pdbx_audit_revision_history.revision_date	1	2004-05-18		
1RRR	1998-04-22	_pdbx_audit_revision_history.revision_date	1	1998-04-22		
1RXA	1996-10-20	_pdbx_audit_revision_history.revision_date	1	1996-10-20		
1RXB	1996-08-26	_pdbx_audit_revision_history.revision_date	1	1996-08-26		
1S2F	2004-08-31	_pdbx_audit_revision_history.revision_date	1	2004-08-31		
1S34	2004-08-31	_pdbx_audit_revision_history.revision_date	1	2004-08-31		
1S9L	2004-06-29	_pdbx_audit_revision_history.revision_date	1	2004-06-29		
1S9S	2004-04-06	_pdbx_audit_revision_history.revision_date	1	2004-04-06		
1SA9	2004-05-18	_pdbx_audit_revision_history.revision_date	1	2004-05-18		
1SAQ	2004-05-18	_pdbx_audit_revision_history.revision_date	1	2004-05-18		
1SCL	1995-01-26	_pdbx_audit_revision_history.revision_date	1	1995-01-26		
1SDR	1995-02-27	_pdbx_audit_revision_history.revision_date	1	1995-02-27		
1SLO	1996-12-07	_pdbx_audit_revision_history.revision_date	1	1996-12-07		
1SLP	1997-04-21	_pdbx_audit_revision_history.revision_date	1	1997-04-21		
1SY4	2004-04-06	_pdbx_audit_revision_history.revision_date	1	2004-04-06		
1SYZ	2004-11-09	_pdbx_audit_revision_history.revision_date	1	2004-11-09		
1SZY	2004-04-20	_pdbx_audit_revision_history.revision_date	1	2004-04-20		
1T0D	2004-06-15	_pdbx_audit_revision_history.revision_date	1	2004-06-15		
1T0E	2004-06-15	_pdbx_audit_revision_history.revision_date	1	2004-06-15		
1T1O	2004-06-15	_pdbx_audit_revision_history.revision_date	1	2004-06-15		
1T28	2004-08-10	_pdbx_audit_revision_history.revision_date	1	2004-08-10		
1T4X	2004-08-03	_pdbx_audit_revision_history.revision_date	1	2004-08-03		
1TBK	2005-03-01	_pdbx_audit_revision_history.revision_date	1	2005-03-01		
1TFN	1997-02-12	_pdbx_audit_revision_history.revision_date	1	1997-02-12		
1TJZ	2004-09-28	_pdbx_audit_revision_history.revision_date	1	2004-09-28		
1TLR	1997-11-12	_pdbx_audit_revision_history.revision_date	1	1997-11-12		
1TN1	1987-01-15	_pdbx_audit_revision_history.revision_date	1	1987-01-15		
1TN2	1986-10-24	_pdbx_audit_revision_history.revision_date	1	1986-10-24		
1TOB	1997-06-16	_pdbx_audit_revision_history.revision_date	1	1997-06-16		
1TRA	1986-07-14	_pdbx_audit_revision_history.revision_date	1	1986-07-14		
1TUT	2004-12-28	_pdbx_audit_revision_history.revision_date	1	2004-12-28		
1TXS	2004-10-05	_pdbx_audit_revision_history.revision_date	1	2004-10-05		
1U2A	1998-03-04	_pdbx_audit_revision_history.revision_date	1	1998-03-04		
1U3K	2005-07-12	_pdbx_audit_revision_history.revision_date	1	2005-07-12		
1U9S	2004-10-26	_pdbx_audit_revision_history.revision_date	1	2004-10-26		
1UTS	2004-02-12	_pdbx_audit_revision_history.revision_date	1	2004-02-12		
1UUD	2004-03-15	_pdbx_audit_revision_history.revision_date	1	2004-03-15		
1UUI	2004-02-12	_pdbx_audit_revision_history.revision_date	1	2004-02-12		
1UUU	1998-02-25	_pdbx_audit_revision_history.revision_date	1	1998-02-25		
1VOP	1997-12-24	_pdbx_audit_revision_history.revision_date	1	1997-12-24		
1VTQ	2011-07-13	_pdbx_audit_revision_history.revision_date	1	2011-07-13		
1WKS	2004-06-22	_pdbx_audit_revision_history.revision_date	1	2004-06-22		
1WTS	1999-01-27	_pdbx_audit_revision_history.revision_date	1	1999-01-27		
1WTT	1999-01-27	_pdbx_audit_revision_history.revision_date	1	1999-01-27		
1WVD	2004-12-21	_pdbx_audit_revision_history.revision_date	1	2004-12-21		
1X8W	2004-11-09	_pdbx_audit_revision_history.revision_date	1	2004-11-09		
1X9C	2005-11-22	_pdbx_audit_revision_history.revision_date	1	2005-11-22		
1X9K	2005-11-22	_pdbx_audit_revision_history.revision_date	1	2005-11-22		
1XHP	2004-11-23	_pdbx_audit_revision_history.revision_date	1	2004-11-23		
1XJR	2005-02-01	_pdbx_audit_revision_history.revision_date	1	2005-02-01		
1XP7	2005-10-18	_pdbx_audit_revision_history.revision_date	1	2005-10-18		
1XPE	2005-10-18	_pdbx_audit_revision_history.revision_date	1	2005-10-18		
1XPF	2005-10-18	_pdbx_audit_revision_history.revision_date	1	2005-10-18		
1XSG	2004-12-28	_pdbx_audit_revision_history.revision_date	1	2004-12-28		
1XSH	2004-12-28	_pdbx_audit_revision_history.revision_date	1	2004-12-28		
1XST	2004-12-28	_pdbx_audit_revision_history.revision_date	1	2004-12-28		
1XSU	2004-12-28	_pdbx_audit_revision_history.revision_date	1	2004-12-28		
1XV0	2004-11-09	_pdbx_audit_revision_history.revision_date	1	2004-11-09		
1XV6	2005-04-05	_pdbx_audit_revision_history.revision_date	1	2005-04-05		
1XWP	2005-02-15	_pdbx_audit_revision_history.revision_date	1	2005-02-15		
1XWU	2005-02-15	_pdbx_audit_revision_history.revision_date	1	2005-02-15		
1Y0Q	2004-12-21	_pdbx_audit_revision_history.revision_date	1	2004-12-21		
1Y26	2004-12-28	_pdbx_audit_revision_history.revision_date	1	2004-12-28		
1Y27	2004-12-28	_pdbx_audit_revision_history.revision_date	1	2004-12-28		
1Y3O	2005-11-08	_pdbx_audit_revision_history.revision_date	1	2005-11-08		
1Y3S	2005-11-08	_pdbx_audit_revision_history.revision_date	1	2005-11-08		
1Y6S	2004-12-21	_pdbx_audit_revision_history.revision_date	1	2004-12-21		
1Y6T	2004-12-21	_pdbx_audit_revision_history.revision_date	1	2004-12-21		
1Y73	2004-12-21	_pdbx_audit_revision_history.revision_date	1	2004-12-21		
1Y90	2004-12-21	_pdbx_audit_revision_history.revision_date	1	2004-12-21		
1Y95	2004-12-21	_pdbx_audit_revision_history.revision_date	1	2004-12-21		
1Y99	2004-12-21	_pdbx_audit_revision_history.revision_date	1	2004-12-21		
1YFG	1997-09-03	_pdbx_audit_revision_history.revision_date	1	1997-09-03		
1YFV	1997-10-15	_pdbx_audit_revision_history.revision_date	1	1997-10-15		
1YG3	2005-12-13	_pdbx_audit_revision_history.revision_date	1	2005-12-13		
1YG4	2005-12-13	_pdbx_audit_revision_history.revision_date	1	2005-12-13		
1YKQ	2005-02-22	_pdbx_audit_revision_history.revision_date	1	2005-02-22		
1YKV	2005-02-22	_pdbx_audit_revision_history.revision_date	1	2005-02-22		
1YLG	2005-02-01	_pdbx_audit_revision_history.revision_date	1	2005-02-01		
1YLS	2005-02-22	_pdbx_audit_revision_history.revision_date	1	2005-02-22		
1YMO	2005-03-15	_pdbx_audit_revision_history.revision_date	1	2005-03-15		
1YN1	2006-01-24	_pdbx_audit_revision_history.revision_date	1	2006-01-24		
1YN2	2006-01-24	_pdbx_audit_revision_history.revision_date	1	2006-01-24		
1YNC	2005-02-08	_pdbx_audit_revision_history.revision_date	1	2005-02-08		
1YNE	2005-02-08	_pdbx_audit_revision_history.revision_date	1	2005-02-08		
1YNG	2005-02-08	_pdbx_audit_revision_history.revision_date	1	2005-02-08		
1YRJ	2005-06-07	_pdbx_audit_revision_history.revision_date	1	2005-06-07		
1YSV	2005-07-19	_pdbx_audit_revision_history.revision_date	1	2005-07-19		
1YXP	2006-01-31	_pdbx_audit_revision_history.revision_date	1	2006-01-31		
1YY0	2005-10-18	_pdbx_audit_revision_history.revision_date	1	2005-10-18		
1YZD	2005-10-18	_pdbx_audit_revision_history.revision_date	1	2005-10-18		
1Z2J	2005-06-14	_pdbx_audit_revision_history.revision_date	1	2005-06-14		
1Z30	2005-04-26	_pdbx_audit_revision_history.revision_date	1	2005-04-26		
1Z31	2005-03-22	_pdbx_audit_revision_history.revision_date	1	2005-03-22		
1Z43	2005-06-14	_pdbx_audit_revision_history.revision_date	1	2005-06-14		
1Z58	2005-06-28	_pdbx_audit_revision_history.revision_date	1	2005-06-28		
1Z79	2005-10-18	_pdbx_audit_revision_history.revision_date	1	2005-10-18		
1Z7F	2005-10-18	_pdbx_audit_revision_history.revision_date	1	2005-10-18		
1ZC5	2005-06-07	_pdbx_audit_revision_history.revision_date	1	2005-06-07		
1ZCI	2006-01-31	_pdbx_audit_revision_history.revision_date	1	2006-01-31		
1ZEV	2005-10-25	_pdbx_audit_revision_history.revision_date	1	2005-10-25		
1ZFT	2006-02-14	_pdbx_audit_revision_history.revision_date	1	2006-02-14		
1ZFV	2006-02-14	_pdbx_audit_revision_history.revision_date	1	2006-02-14		
1ZFX	2006-02-14	_pdbx_audit_revision_history.revision_date	1	2006-02-14		
1ZIF	1997-03-12	_pdbx_audit_revision_history.revision_date	1	1997-03-12		
1ZIG	1997-03-12	_pdbx_audit_revision_history.revision_date	1	1997-03-12		
1ZIH	1997-03-12	_pdbx_audit_revision_history.revision_date	1	1997-03-12		
1ZO3	2005-06-14	_pdbx_audit_revision_history.revision_date	1	2005-06-14		
1ZX7	2005-09-20	_pdbx_audit_revision_history.revision_date	1	2005-09-20		
1ZZ5	2005-09-20	_pdbx_audit_revision_history.revision_date	1	2005-09-20		
205D	1995-09-15	_pdbx_audit_revision_history.revision_date	1	1995-09-15		
21CC	2025-12-17	_pdbx_audit_revision_history.revision_date	1	2025-12-17		
21ET	2026-07-15	_pdbx_audit_revision_history.revision_date	1	2026-07-15		
23JY	2026-05-06	_pdbx_audit_revision_history.revision_date	1	2026-05-06		
23JZ	2026-05-06	_pdbx_audit_revision_history.revision_date	1	2026-05-06		
23KA	2026-05-06	_pdbx_audit_revision_history.revision_date	1	2026-05-06		
255D	1995-02-07	_pdbx_audit_revision_history.revision_date	1	1995-02-07		
259D	1996-08-26	_pdbx_audit_revision_history.revision_date	1	1996-08-26		
25SJ	2026-04-29	_pdbx_audit_revision_history.revision_date	1	2026-04-29		
25SM	2026-04-29	_pdbx_audit_revision_history.revision_date	1	2026-04-29		
280D	1996-09-30	_pdbx_audit_revision_history.revision_date	1	1996-09-30		
283D	1996-09-30	_pdbx_audit_revision_history.revision_date	1	1996-09-30		
28SP	1999-04-12	_pdbx_audit_revision_history.revision_date	1	1999-04-12		
28SR	1999-04-20	_pdbx_audit_revision_history.revision_date	1	1999-04-20		
299D	1997-01-24	_pdbx_audit_revision_history.revision_date	1	1997-01-24		
2A04	2005-09-20	_pdbx_audit_revision_history.revision_date	1	2005-09-20		
2A0P	2005-08-16	_pdbx_audit_revision_history.revision_date	1	2005-08-16		
2A2E	2005-09-06	_pdbx_audit_revision_history.revision_date	1	2005-09-06		
2A43	2005-09-27	_pdbx_audit_revision_history.revision_date	1	2005-09-27		
2A64	2005-09-20	_pdbx_audit_revision_history.revision_date	1	2005-09-20		
2A9L	1998-06-17	_pdbx_audit_revision_history.revision_date	1	1998-06-17		
2ADT	2005-07-26	_pdbx_audit_revision_history.revision_date	1	2005-07-26		
2AGN	2006-07-25	_pdbx_audit_revision_history.revision_date	1	2006-07-25		
2AHT	2006-10-17	_pdbx_audit_revision_history.revision_date	1	2006-10-17		
2AO5	2006-03-28	_pdbx_audit_revision_history.revision_date	1	2006-03-28		
2AP0	2006-09-05	_pdbx_audit_revision_history.revision_date	1	2006-09-05		
2AP5	2006-09-05	_pdbx_audit_revision_history.revision_date	1	2006-09-05		
2AU4	2006-03-28	_pdbx_audit_revision_history.revision_date	1	2006-03-28		
2AWE	2006-02-07	_pdbx_audit_revision_history.revision_date	1	2006-02-07		
2AWQ	2006-01-17	_pdbx_audit_revision_history.revision_date	1	2006-01-17		
2B57	2006-05-23	_pdbx_audit_revision_history.revision_date	1	2006-05-23		
2B7G	2006-01-24	_pdbx_audit_revision_history.revision_date	1	2006-01-24		
2B8R	2005-10-25	_pdbx_audit_revision_history.revision_date	1	2005-10-25		
2B8S	2005-10-25	_pdbx_audit_revision_history.revision_date	1	2005-10-25		
2BCY	2006-02-14	_pdbx_audit_revision_history.revision_date	1	2006-02-14		
2BCZ	2006-02-14	_pdbx_audit_revision_history.revision_date	1	2006-02-14		
2BE0	2005-12-20	_pdbx_audit_revision_history.revision_date	1	2005-12-20		
2BEE	2005-12-20	_pdbx_audit_revision_history.revision_date	1	2005-12-20		
2BJ2	1999-02-02	_pdbx_audit_revision_history.revision_date	1	1999-02-02		
2CD1	2007-05-01	_pdbx_audit_revision_history.revision_date	1	2007-05-01		
2CD3	2007-05-01	_pdbx_audit_revision_history.revision_date	1	2007-05-01		
2CD5	2007-05-01	_pdbx_audit_revision_history.revision_date	1	2007-05-01		
2CD6	2007-05-01	_pdbx_audit_revision_history.revision_date	1	2007-05-01		
2CKY	2006-05-08	_pdbx_audit_revision_history.revision_date	1	2006-05-08		
2D17	2005-11-01	_pdbx_audit_revision_history.revision_date	1	2005-11-01		
2D18	2005-11-01	_pdbx_audit_revision_history.revision_date	1	2005-11-01		
2D19	2005-11-01	_pdbx_audit_revision_history.revision_date	1	2005-11-01		
2D1A	2005-11-01	_pdbx_audit_revision_history.revision_date	1	2005-11-01		
2D1B	2005-11-01	_pdbx_audit_revision_history.revision_date	1	2005-11-01		
2D2K	2005-11-01	_pdbx_audit_revision_history.revision_date	1	2005-11-01		
2D2L	2005-11-01	_pdbx_audit_revision_history.revision_date	1	2005-11-01		
2DD1	2006-06-13	_pdbx_audit_revision_history.revision_date	1	2006-06-13		
2DD2	2006-06-13	_pdbx_audit_revision_history.revision_date	1	2006-06-13		
2DD3	2006-06-13	_pdbx_audit_revision_history.revision_date	1	2006-06-13		
2EES	2007-11-13	_pdbx_audit_revision_history.revision_date	1	2007-11-13		
2EET	2007-11-13	_pdbx_audit_revision_history.revision_date	1	2007-11-13		
2EEU	2007-11-13	_pdbx_audit_revision_history.revision_date	1	2007-11-13		
2EEV	2007-11-13	_pdbx_audit_revision_history.revision_date	1	2007-11-13		
2EEW	2007-11-13	_pdbx_audit_revision_history.revision_date	1	2007-11-13		
2ES5	2006-01-24	_pdbx_audit_revision_history.revision_date	1	2006-01-24		
2ESI	2005-12-20	_pdbx_audit_revision_history.revision_date	1	2005-12-20		
2ESJ	2005-12-20	_pdbx_audit_revision_history.revision_date	1	2005-12-20		
2ET3	2005-12-13	_pdbx_audit_revision_history.revision_date	1	2005-12-13		
2ET4	2005-12-13	_pdbx_audit_revision_history.revision_date	1	2005-12-13		
2ET5	2005-12-13	_pdbx_audit_revision_history.revision_date	1	2005-12-13		
2ET8	2005-12-13	_pdbx_audit_revision_history.revision_date	1	2005-12-13		
2EUY	2006-01-03	_pdbx_audit_revision_history.revision_date	1	2006-01-03		
2EVY	2006-08-22	_pdbx_audit_revision_history.revision_date	1	2006-08-22		
2F4S	2006-05-02	_pdbx_audit_revision_history.revision_date	1	2006-05-02		
2F4T	2006-05-02	_pdbx_audit_revision_history.revision_date	1	2006-05-02		
2F4U	2006-05-02	_pdbx_audit_revision_history.revision_date	1	2006-05-02		
2F4X	2006-02-28	_pdbx_audit_revision_history.revision_date	1	2006-02-28		
2F87	2006-08-08	_pdbx_audit_revision_history.revision_date	1	2006-08-08		
2F88	2006-02-28	_pdbx_audit_revision_history.revision_date	1	2006-02-28		
2FCX	2006-05-16	_pdbx_audit_revision_history.revision_date	1	2006-05-16		
2FCY	2006-05-16	_pdbx_audit_revision_history.revision_date	1	2006-05-16		
2FCZ	2006-05-16	_pdbx_audit_revision_history.revision_date	1	2006-05-16		
2FD0	2006-05-16	_pdbx_audit_revision_history.revision_date	1	2006-05-16		
2FDT	2006-12-05	_pdbx_audit_revision_history.revision_date	1	2006-12-05		
2FEY	2006-06-27	_pdbx_audit_revision_history.revision_date	1	2006-06-27		
2FGP	2006-02-14	_pdbx_audit_revision_history.revision_date	1	2006-02-14		
2FQN	2006-02-14	_pdbx_audit_revision_history.revision_date	1	2006-02-14		
2G1G	2006-06-20	_pdbx_audit_revision_history.revision_date	1	2006-06-20		
2G1W	2006-04-11	_pdbx_audit_revision_history.revision_date	1	2006-04-11		
2G32	2006-05-30	_pdbx_audit_revision_history.revision_date	1	2006-05-30		
2G3S	2007-01-16	_pdbx_audit_revision_history.revision_date	1	2007-01-16		
2G5K	2006-06-20	_pdbx_audit_revision_history.revision_date	1	2006-06-20		
2G91	2007-04-03	_pdbx_audit_revision_history.revision_date	1	2007-04-03		
2G92	2006-04-18	_pdbx_audit_revision_history.revision_date	1	2006-04-18		
2G9C	2006-11-21	_pdbx_audit_revision_history.revision_date	1	2006-11-21		
2GBH	2006-04-11	_pdbx_audit_revision_history.revision_date	1	2006-04-11		
2GCS	2006-09-26	_pdbx_audit_revision_history.revision_date	1	2006-09-26		
2GCV	2006-09-26	_pdbx_audit_revision_history.revision_date	1	2006-09-26		
2GDI	2006-07-04	_pdbx_audit_revision_history.revision_date	1	2006-07-04		
2GIO	2006-06-20	_pdbx_audit_revision_history.revision_date	1	2006-06-20		
2GIP	2006-06-20	_pdbx_audit_revision_history.revision_date	1	2006-06-20		
2GIS	2006-07-04	_pdbx_audit_revision_history.revision_date	1	2006-07-04		
2GM0	2006-04-25	_pdbx_audit_revision_history.revision_date	1	2006-04-25		
2GPM	2006-06-27	_pdbx_audit_revision_history.revision_date	1	2006-06-27		
2GQ4	2006-06-27	_pdbx_audit_revision_history.revision_date	1	2006-06-27		
2GQ5	2006-06-27	_pdbx_audit_revision_history.revision_date	1	2006-06-27		
2GQ6	2006-06-27	_pdbx_audit_revision_history.revision_date	1	2006-06-27		
2GQ7	2006-06-27	_pdbx_audit_revision_history.revision_date	1	2006-06-27		
2GRB	2006-11-21	_pdbx_audit_revision_history.revision_date	1	2006-11-21		
2GRW	2007-03-06	_pdbx_audit_revision_history.revision_date	1	2007-03-06		
2GV3	2006-08-08	_pdbx_audit_revision_history.revision_date	1	2006-08-08		
2GV4	2007-03-20	_pdbx_audit_revision_history.revision_date	1	2007-03-20		
2GVO	2007-05-08	_pdbx_audit_revision_history.revision_date	1	2007-05-08		
2H0W	2006-09-26	_pdbx_audit_revision_history.revision_date	1	2006-09-26		
2H0X	2006-09-26	_pdbx_audit_revision_history.revision_date	1	2006-09-26		
2H1M	2006-07-18	_pdbx_audit_revision_history.revision_date	1	2006-07-18		
2H49	2006-11-21	_pdbx_audit_revision_history.revision_date	1	2006-11-21		
2HEM	2006-09-12	_pdbx_audit_revision_history.revision_date	1	2006-09-12		
2HNS	2006-10-31	_pdbx_audit_revision_history.revision_date	1	2006-10-31		
2HO6	2006-09-26	_pdbx_audit_revision_history.revision_date	1	2006-09-26		
2HO7	2006-09-26	_pdbx_audit_revision_history.revision_date	1	2006-09-26		
2HOJ	2006-09-19	_pdbx_audit_revision_history.revision_date	1	2006-09-19		
2HOK	2006-09-19	_pdbx_audit_revision_history.revision_date	1	2006-09-19		
2HOL	2006-09-19	_pdbx_audit_revision_history.revision_date	1	2006-09-19		
2HOM	2006-09-19	_pdbx_audit_revision_history.revision_date	1	2006-09-19		
2HOO	2006-09-19	_pdbx_audit_revision_history.revision_date	1	2006-09-19		
2HOP	2006-09-19	_pdbx_audit_revision_history.revision_date	1	2006-09-19		
2HUA	2007-04-17	_pdbx_audit_revision_history.revision_date	1	2007-04-17		
2I7E	2007-04-03	_pdbx_audit_revision_history.revision_date	1	2007-04-03		
2I7Z	2007-04-03	_pdbx_audit_revision_history.revision_date	1	2007-04-03		
2IL9	2007-02-13	_pdbx_audit_revision_history.revision_date	1	2007-02-13		
2IRN	2007-02-20	_pdbx_audit_revision_history.revision_date	1	2007-02-20		
2IRO	2007-02-20	_pdbx_audit_revision_history.revision_date	1	2007-02-20		
2IXY	2006-09-06	_pdbx_audit_revision_history.revision_date	1	2006-09-06		
2IXZ	2006-09-06	_pdbx_audit_revision_history.revision_date	1	2006-09-06		
2JJA	2008-07-22	_pdbx_audit_revision_history.revision_date	1	2008-07-22		
2JLT	2009-08-18	_pdbx_audit_revision_history.revision_date	1	2009-08-18		
2JR4	2007-07-24	_pdbx_audit_revision_history.revision_date	1	2007-07-24		
2JRG	2007-07-24	_pdbx_audit_revision_history.revision_date	1	2007-07-24		
2JRQ	2007-07-24	_pdbx_audit_revision_history.revision_date	1	2007-07-24		
2JSE	2007-11-20	_pdbx_audit_revision_history.revision_date	1	2007-11-20		
2JSG	2007-08-07	_pdbx_audit_revision_history.revision_date	1	2007-08-07		
2JTP	2007-10-02	_pdbx_audit_revision_history.revision_date	1	2007-10-02		
2JUK	2007-11-20	_pdbx_audit_revision_history.revision_date	1	2007-11-20		
2JWV	2008-01-08	_pdbx_audit_revision_history.revision_date	1	2008-01-08		
2JXQ	2008-05-20	_pdbx_audit_revision_history.revision_date	1	2008-05-20		
2JXS	2008-05-20	_pdbx_audit_revision_history.revision_date	1	2008-05-20		
2JXV	2008-04-29	_pdbx_audit_revision_history.revision_date	1	2008-04-29		
2JYF	2008-10-07	_pdbx_audit_revision_history.revision_date	1	2008-10-07		
2JYH	2008-10-07	_pdbx_audit_revision_history.revision_date	1	2008-10-07		
2JYJ	2008-10-07	_pdbx_audit_revision_history.revision_date	1	2008-10-07		
2JYM	2008-04-29	_pdbx_audit_revision_history.revision_date	1	2008-04-29		
2K3Z	2008-11-04	_pdbx_audit_revision_history.revision_date	1	2008-11-04		
2K41	2008-11-04	_pdbx_audit_revision_history.revision_date	1	2008-11-04		
2K4C	2008-12-09	_pdbx_audit_revision_history.revision_date	1	2008-12-09		
2K5Z	2009-07-14	_pdbx_audit_revision_history.revision_date	1	2009-07-14		
2K65	2009-07-14	_pdbx_audit_revision_history.revision_date	1	2009-07-14		
2K66	2009-07-14	_pdbx_audit_revision_history.revision_date	1	2009-07-14		
2K7E	2008-10-07	_pdbx_audit_revision_history.revision_date	1	2008-10-07		
2K95	2008-11-25	_pdbx_audit_revision_history.revision_date	1	2008-11-25		
2K96	2008-11-25	_pdbx_audit_revision_history.revision_date	1	2008-11-25		
2KBP	2009-03-24	_pdbx_audit_revision_history.revision_date	1	2009-03-24		
2KD4	2009-04-07	_pdbx_audit_revision_history.revision_date	1	2009-04-07		
2KD8	2010-01-19	_pdbx_audit_revision_history.revision_date	1	2010-01-19		
2KE6	2010-01-26	_pdbx_audit_revision_history.revision_date	1	2010-01-26		
2KEZ	2009-07-21	_pdbx_audit_revision_history.revision_date	1	2009-07-21		
2KF0	2009-07-21	_pdbx_audit_revision_history.revision_date	1	2009-07-21		
2KGP	2009-06-02	_pdbx_audit_revision_history.revision_date	1	2009-06-02		
2KHY	2010-02-16	_pdbx_audit_revision_history.revision_date	1	2010-02-16		
2KOC	2009-12-01	_pdbx_audit_revision_history.revision_date	1	2009-12-01		
2KP3	2010-02-09	_pdbx_audit_revision_history.revision_date	1	2010-02-09		
2KPC	2010-06-30	_pdbx_audit_revision_history.revision_date	1	2010-06-30		
2KPD	2010-06-30	_pdbx_audit_revision_history.revision_date	1	2010-06-30		
2KPV	2010-08-04	_pdbx_audit_revision_history.revision_date	1	2010-08-04		
2KRL	2011-02-09	_pdbx_audit_revision_history.revision_date	1	2011-02-09		
2KRP	2010-12-01	_pdbx_audit_revision_history.revision_date	1	2010-12-01		
2KRQ	2010-12-01	_pdbx_audit_revision_history.revision_date	1	2010-12-01		
2KRV	2010-12-01	_pdbx_audit_revision_history.revision_date	1	2010-12-01		
2KRW	2010-12-01	_pdbx_audit_revision_history.revision_date	1	2010-12-01		
2KRY	2010-08-18	_pdbx_audit_revision_history.revision_date	1	2010-08-18		
2KRZ	2010-08-18	_pdbx_audit_revision_history.revision_date	1	2010-08-18		
2KTZ	2010-04-28	_pdbx_audit_revision_history.revision_date	1	2010-04-28		
2KU0	2010-04-28	_pdbx_audit_revision_history.revision_date	1	2010-04-28		
2KUR	2010-05-19	_pdbx_audit_revision_history.revision_date	1	2010-05-19		
2KUU	2010-05-19	_pdbx_audit_revision_history.revision_date	1	2010-05-19		
2KUV	2010-05-19	_pdbx_audit_revision_history.revision_date	1	2010-05-19		
2KUW	2010-05-19	_pdbx_audit_revision_history.revision_date	1	2010-05-19		
2KVN	2010-07-07	_pdbx_audit_revision_history.revision_date	1	2010-07-07		
2KWG	2010-07-21	_pdbx_audit_revision_history.revision_date	1	2010-07-21		
2KX8	2010-09-08	_pdbx_audit_revision_history.revision_date	1	2010-09-08		
2KXM	2011-04-20	_pdbx_audit_revision_history.revision_date	1	2011-04-20		
2KXZ	2010-06-02	_pdbx_audit_revision_history.revision_date	1	2010-06-02		
2KY0	2010-06-02	_pdbx_audit_revision_history.revision_date	1	2010-06-02		
2KY1	2010-06-02	_pdbx_audit_revision_history.revision_date	1	2010-06-02		
2KY2	2010-06-02	_pdbx_audit_revision_history.revision_date	1	2010-06-02		
2KYD	2010-07-07	_pdbx_audit_revision_history.revision_date	1	2010-07-07		
2KYE	2010-06-30	_pdbx_audit_revision_history.revision_date	1	2010-06-30		
2KZL	2011-02-23	_pdbx_audit_revision_history.revision_date	1	2011-02-23		
2L1F	2010-10-27	_pdbx_audit_revision_history.revision_date	1	2010-10-27		
2L1V	2010-09-01	_pdbx_audit_revision_history.revision_date	1	2010-09-01		
2L2J	2010-10-27	_pdbx_audit_revision_history.revision_date	1	2010-10-27		
2L3E	2010-11-17	_pdbx_audit_revision_history.revision_date	1	2010-11-17		
2L5Z	2011-02-16	_pdbx_audit_revision_history.revision_date	1	2011-02-16		
2L6I	2011-03-23	_pdbx_audit_revision_history.revision_date	1	2011-03-23		
2L8C	2011-02-23	_pdbx_audit_revision_history.revision_date	1	2011-02-23		
2L8F	2011-08-31	_pdbx_audit_revision_history.revision_date	1	2011-08-31		
2L8H	2011-03-23	_pdbx_audit_revision_history.revision_date	1	2011-03-23		
2L8U	2011-02-23	_pdbx_audit_revision_history.revision_date	1	2011-02-23		
2L8W	2011-02-23	_pdbx_audit_revision_history.revision_date	1	2011-02-23		
2L94	2011-06-15	_pdbx_audit_revision_history.revision_date	1	2011-06-15		
2L9E	2011-03-02	_pdbx_audit_revision_history.revision_date	1	2011-03-02		
2LA9	2011-08-03	_pdbx_audit_revision_history.revision_date	1	2011-08-03		
2LAC	2011-08-03	_pdbx_audit_revision_history.revision_date	1	2011-08-03		
2LBJ	2012-04-04	_pdbx_audit_revision_history.revision_date	1	2012-04-04		
2LBK	2012-04-04	_pdbx_audit_revision_history.revision_date	1	2012-04-04		
2LBL	2012-04-04	_pdbx_audit_revision_history.revision_date	1	2012-04-04		
2LBQ	2011-08-03	_pdbx_audit_revision_history.revision_date	1	2011-08-03		
2LBR	2011-08-03	_pdbx_audit_revision_history.revision_date	1	2011-08-03		
2LC8	2011-11-23	_pdbx_audit_revision_history.revision_date	1	2011-11-23		
2LDL	2011-12-28	_pdbx_audit_revision_history.revision_date	1	2011-12-28		
2LDT	2011-09-07	_pdbx_audit_revision_history.revision_date	1	2011-09-07		
2LDZ	1999-02-23	_pdbx_audit_revision_history.revision_date	1	1999-02-23		
2LHP	2012-07-25	_pdbx_audit_revision_history.revision_date	1	2012-07-25		
2LI4	2012-08-22	_pdbx_audit_revision_history.revision_date	1	2012-08-22		
2LJJ	2012-09-19	_pdbx_audit_revision_history.revision_date	1	2012-09-19		
2LK3	2012-02-22	_pdbx_audit_revision_history.revision_date	1	2012-02-22		
2LKR	2012-02-22	_pdbx_audit_revision_history.revision_date	1	2012-02-22		
2LP9	2012-05-16	_pdbx_audit_revision_history.revision_date	1	2012-05-16		
2LPA	2012-05-16	_pdbx_audit_revision_history.revision_date	1	2012-05-16		
2LPS	2012-08-08	_pdbx_audit_revision_history.revision_date	1	2012-08-08		
2LPT	2012-08-08	_pdbx_audit_revision_history.revision_date	1	2012-08-08		
2LQZ	2012-08-01	_pdbx_audit_revision_history.revision_date	1	2012-08-01		
2LU0	2013-04-10	_pdbx_audit_revision_history.revision_date	1	2013-04-10		
2LUB	2012-07-25	_pdbx_audit_revision_history.revision_date	1	2012-07-25		
2LUN	2013-12-18	_pdbx_audit_revision_history.revision_date	1	2013-12-18		
2LV0	2013-06-26	_pdbx_audit_revision_history.revision_date	1	2013-06-26		
2LVY	2013-04-10	_pdbx_audit_revision_history.revision_date	1	2013-04-10		
2LWK	2012-08-29	_pdbx_audit_revision_history.revision_date	1	2012-08-29		
2LX1	2012-11-21	_pdbx_audit_revision_history.revision_date	1	2012-11-21		
2M12	2013-10-23	_pdbx_audit_revision_history.revision_date	1	2013-10-23		
2M18	2013-04-17	_pdbx_audit_revision_history.revision_date	1	2013-04-17		
2M1O	2013-02-13	_pdbx_audit_revision_history.revision_date	1	2013-02-13		
2M21	2013-03-20	_pdbx_audit_revision_history.revision_date	1	2013-03-20		
2M22	2013-03-20	_pdbx_audit_revision_history.revision_date	1	2013-03-20		
2M23	2013-12-18	_pdbx_audit_revision_history.revision_date	1	2013-12-18		
2M24	2013-12-18	_pdbx_audit_revision_history.revision_date	1	2013-12-18		
2M39	2013-11-27	_pdbx_audit_revision_history.revision_date	1	2013-11-27		
2M4Q	2013-03-20	_pdbx_audit_revision_history.revision_date	1	2013-03-20		
2M4W	2014-03-05	_pdbx_audit_revision_history.revision_date	1	2014-03-05		
2M57	2014-02-26	_pdbx_audit_revision_history.revision_date	1	2014-02-26		
2M58	2013-04-03	_pdbx_audit_revision_history.revision_date	1	2013-04-03		
2M5U	2014-04-02	_pdbx_audit_revision_history.revision_date	1	2014-04-02		
2M8K	2013-06-19	_pdbx_audit_revision_history.revision_date	1	2013-06-19		
2MEQ	2014-01-01	_pdbx_audit_revision_history.revision_date	1	2014-01-01		
2MER	2014-01-01	_pdbx_audit_revision_history.revision_date	1	2014-01-01		
2MFD	2014-10-15	_pdbx_audit_revision_history.revision_date	1	2014-10-15		
2MHI	2013-12-25	_pdbx_audit_revision_history.revision_date	1	2013-12-25		
2MI0	2014-01-15	_pdbx_audit_revision_history.revision_date	1	2014-01-15		
2MIS	2014-01-22	_pdbx_audit_revision_history.revision_date	1	2014-01-22		
2MIY	2014-01-29	_pdbx_audit_revision_history.revision_date	1	2014-01-29		
2MN0	2015-04-15	_pdbx_audit_revision_history.revision_date	1	2015-04-15		
2MNC	2014-10-01	_pdbx_audit_revision_history.revision_date	1	2014-10-01		
2MQT	2014-09-10	_pdbx_audit_revision_history.revision_date	1	2014-09-10		
2MS5	2015-01-28	_pdbx_audit_revision_history.revision_date	1	2015-01-28		
2MTJ	2014-10-22	_pdbx_audit_revision_history.revision_date	1	2014-10-22		
2MTK	2014-10-22	_pdbx_audit_revision_history.revision_date	1	2014-10-22		
2MVS	2015-09-16	_pdbx_audit_revision_history.revision_date	1	2015-09-16		
2MVY	2015-09-30	_pdbx_audit_revision_history.revision_date	1	2015-09-30		
2MXJ	2015-05-06	_pdbx_audit_revision_history.revision_date	1	2015-05-06		
2MXK	2015-05-06	_pdbx_audit_revision_history.revision_date	1	2015-05-06		
2MXL	2015-05-06	_pdbx_audit_revision_history.revision_date	1	2015-05-06		
2MXS	2015-12-09	_pdbx_audit_revision_history.revision_date	1	2015-12-09		
2N0J	2016-02-03	_pdbx_audit_revision_history.revision_date	1	2016-02-03		
2N0R	2015-05-20	_pdbx_audit_revision_history.revision_date	1	2015-05-20		
2N1Q	2015-05-27	_pdbx_audit_revision_history.revision_date	1	2015-05-27		
2N2O	2015-08-05	_pdbx_audit_revision_history.revision_date	1	2015-08-05		
2N2P	2015-08-05	_pdbx_audit_revision_history.revision_date	1	2015-08-05		
2N3Q	2015-07-15	_pdbx_audit_revision_history.revision_date	1	2015-07-15		
2N3R	2015-07-15	_pdbx_audit_revision_history.revision_date	1	2015-07-15		
2N4J	2015-07-29	_pdbx_audit_revision_history.revision_date	1	2015-07-29		
2N4L	2015-12-02	_pdbx_audit_revision_history.revision_date	1	2015-12-02		
2N6S	2016-08-03	_pdbx_audit_revision_history.revision_date	1	2016-08-03		
2N6T	2016-08-03	_pdbx_audit_revision_history.revision_date	1	2016-08-03		
2N6W	2016-08-03	_pdbx_audit_revision_history.revision_date	1	2016-08-03		
2N6X	2016-08-03	_pdbx_audit_revision_history.revision_date	1	2016-08-03		
2N7M	2015-12-30	_pdbx_audit_revision_history.revision_date	1	2015-12-30		
2N7X	2016-04-13	_pdbx_audit_revision_history.revision_date	1	2016-04-13		
2N8V	2015-11-11	_pdbx_audit_revision_history.revision_date	1	2015-11-11		
2NBX	2016-08-10	_pdbx_audit_revision_history.revision_date	1	2016-08-10		
2NBY	2016-08-10	_pdbx_audit_revision_history.revision_date	1	2016-08-10		
2NBZ	2016-08-10	_pdbx_audit_revision_history.revision_date	1	2016-08-10		
2NC0	2016-08-10	_pdbx_audit_revision_history.revision_date	1	2016-08-10		
2NC1	2016-08-10	_pdbx_audit_revision_history.revision_date	1	2016-08-10		
2NCI	2016-09-28	_pdbx_audit_revision_history.revision_date	1	2016-09-28		
2NCQ	2017-04-19	_pdbx_audit_revision_history.revision_date	1	2017-04-19		
2NCR	2017-04-19	_pdbx_audit_revision_history.revision_date	1	2017-04-19		
2NOK	2007-02-13	_pdbx_audit_revision_history.revision_date	1	2007-02-13		
2NPY	2007-08-14	_pdbx_audit_revision_history.revision_date	1	2007-08-14		
2NPZ	2007-08-14	_pdbx_audit_revision_history.revision_date	1	2007-08-14		
2O32	2007-02-06	_pdbx_audit_revision_history.revision_date	1	2007-02-06		
2O33	2007-02-06	_pdbx_audit_revision_history.revision_date	1	2007-02-06		
2O3V	2007-11-06	_pdbx_audit_revision_history.revision_date	1	2007-11-06		
2O3W	2007-11-06	_pdbx_audit_revision_history.revision_date	1	2007-11-06		
2O3X	2007-11-06	_pdbx_audit_revision_history.revision_date	1	2007-11-06		
2O3Y	2007-11-06	_pdbx_audit_revision_history.revision_date	1	2007-11-06		
2O43	2007-12-04	_pdbx_audit_revision_history.revision_date	1	2007-12-04		
2O44	2007-12-04	_pdbx_audit_revision_history.revision_date	1	2007-12-04		
2O45	2007-12-04	_pdbx_audit_revision_history.revision_date	1	2007-12-04		
2O81	2007-07-10	_pdbx_audit_revision_history.revision_date	1	2007-07-10		
2O83	2007-07-10	_pdbx_audit_revision_history.revision_date	1	2007-07-10		
2OE5	2007-02-13	_pdbx_audit_revision_history.revision_date	1	2007-02-13		
2OE6	2007-02-13	_pdbx_audit_revision_history.revision_date	1	2007-02-13		
2OE8	2007-02-13	_pdbx_audit_revision_history.revision_date	1	2007-02-13		
2OEU	2007-02-20	_pdbx_audit_revision_history.revision_date	1	2007-02-20		
2OIJ	2007-02-13	_pdbx_audit_revision_history.revision_date	1	2007-02-13		
2OIU	2007-03-13	_pdbx_audit_revision_history.revision_date	1	2007-03-13		
2OIY	2007-12-25	_pdbx_audit_revision_history.revision_date	1	2007-12-25		
2OJ0	2007-12-25	_pdbx_audit_revision_history.revision_date	1	2007-12-25		
2OJ7	2007-05-22	_pdbx_audit_revision_history.revision_date	1	2007-05-22		
2OJ8	2007-05-22	_pdbx_audit_revision_history.revision_date	1	2007-05-22		
2OOM	2008-01-29	_pdbx_audit_revision_history.revision_date	1	2008-01-29		
2OUE	2007-03-06	_pdbx_audit_revision_history.revision_date	1	2007-03-06		
2P7F	2007-05-22	_pdbx_audit_revision_history.revision_date	1	2007-05-22		
2P89	2007-04-03	_pdbx_audit_revision_history.revision_date	1	2007-04-03		
2PCV	2007-05-08	_pdbx_audit_revision_history.revision_date	1	2007-05-08		
2PCW	2007-05-08	_pdbx_audit_revision_history.revision_date	1	2007-05-08		
2PN3	2008-04-01	_pdbx_audit_revision_history.revision_date	1	2008-04-01		
2PN4	2008-04-01	_pdbx_audit_revision_history.revision_date	1	2008-04-01		
2PN9	2007-10-30	_pdbx_audit_revision_history.revision_date	1	2007-10-30		
2PWT	2007-09-18	_pdbx_audit_revision_history.revision_date	1	2007-09-18		
2Q1O	2007-10-30	_pdbx_audit_revision_history.revision_date	1	2007-10-30		
2Q1R	2007-10-30	_pdbx_audit_revision_history.revision_date	1	2007-10-30		
2QBZ	2007-09-18	_pdbx_audit_revision_history.revision_date	1	2007-09-18		
2QEK	2008-05-06	_pdbx_audit_revision_history.revision_date	1	2008-05-06		
2QH2	2007-09-25	_pdbx_audit_revision_history.revision_date	1	2007-09-25		
2QH3	2007-09-25	_pdbx_audit_revision_history.revision_date	1	2007-09-25		
2QH4	2007-09-25	_pdbx_audit_revision_history.revision_date	1	2007-09-25		
2QUS	2008-07-15	_pdbx_audit_revision_history.revision_date	1	2008-07-15		
2QUW	2008-07-15	_pdbx_audit_revision_history.revision_date	1	2008-07-15		
2QWY	2008-01-22	_pdbx_audit_revision_history.revision_date	1	2008-01-22		
2R1S	2007-09-25	_pdbx_audit_revision_history.revision_date	1	2007-09-25		
2R20	2007-09-25	_pdbx_audit_revision_history.revision_date	1	2007-09-25		
2R21	2007-09-25	_pdbx_audit_revision_history.revision_date	1	2007-09-25		
2R22	2007-09-25	_pdbx_audit_revision_history.revision_date	1	2007-09-25		
2RLU	2008-02-26	_pdbx_audit_revision_history.revision_date	1	2008-02-26		
2RN1	2008-09-23	_pdbx_audit_revision_history.revision_date	1	2008-09-23		
2RO2	2008-12-30	_pdbx_audit_revision_history.revision_date	1	2008-12-30		
2RP0	2009-03-31	_pdbx_audit_revision_history.revision_date	1	2009-03-31		
2RP1	2009-03-31	_pdbx_audit_revision_history.revision_date	1	2009-03-31		
2RPK	2008-12-30	_pdbx_audit_revision_history.revision_date	1	2008-12-30		
2RPT	2009-08-25	_pdbx_audit_revision_history.revision_date	1	2009-08-25		
2RQJ	2009-11-17	_pdbx_audit_revision_history.revision_date	1	2009-11-17		
2RRC	2011-06-29	_pdbx_audit_revision_history.revision_date	1	2011-06-29		
2RVO	2017-02-08	_pdbx_audit_revision_history.revision_date	1	2017-02-08		
2TOB	1999-06-22	_pdbx_audit_revision_history.revision_date	1	1999-06-22		
2TPK	1998-11-04	_pdbx_audit_revision_history.revision_date	1	1998-11-04		
2TRA	1987-11-06	_pdbx_audit_revision_history.revision_date	1	1987-11-06		
2U2A	1998-03-04	_pdbx_audit_revision_history.revision_date	1	1998-03-04		
2V6W	2007-11-06	_pdbx_audit_revision_history.revision_date	1	2007-11-06		
2V7R	2008-03-18	_pdbx_audit_revision_history.revision_date	1	2008-03-18		
2VAL	2007-10-16	_pdbx_audit_revision_history.revision_date	1	2007-10-16		
2VUQ	2009-03-10	_pdbx_audit_revision_history.revision_date	1	2009-03-10		
2W89	2009-11-17	_pdbx_audit_revision_history.revision_date	1	2009-11-17		
2WNA	2010-02-16	_pdbx_audit_revision_history.revision_date	1	2010-02-16		
2X2Q	2011-02-16	_pdbx_audit_revision_history.revision_date	1	2011-02-16		
2XC6	2011-05-04	_pdbx_audit_revision_history.revision_date	1	2011-05-04		
2XEB	2010-05-26	_pdbx_audit_revision_history.revision_date	1	2010-05-26		
2XNW	2011-04-06	_pdbx_audit_revision_history.revision_date	1	2011-04-06		
2XNZ	2011-04-06	_pdbx_audit_revision_history.revision_date	1	2011-04-06		
2XO0	2011-04-06	_pdbx_audit_revision_history.revision_date	1	2011-04-06		
2XO1	2011-04-06	_pdbx_audit_revision_history.revision_date	1	2011-04-06		
2XSL	2011-08-10	_pdbx_audit_revision_history.revision_date	1	2011-08-10		
2Y95	2011-10-26	_pdbx_audit_revision_history.revision_date	1	2011-10-26		
2YDH	2011-09-07	_pdbx_audit_revision_history.revision_date	1	2011-09-07		
2YGH	2011-09-07	_pdbx_audit_revision_history.revision_date	1	2011-09-07		
2YIE	2011-08-31	_pdbx_audit_revision_history.revision_date	1	2011-08-31		
2YIF	2011-08-31	_pdbx_audit_revision_history.revision_date	1	2011-08-31		
2Z9Q	2007-10-16	_pdbx_audit_revision_history.revision_date	1	2007-10-16		
2ZY6	2009-06-30	_pdbx_audit_revision_history.revision_date	1	2009-06-30		
300D	1997-01-24	_pdbx_audit_revision_history.revision_date	1	1997-01-24		
301D	1997-01-24	_pdbx_audit_revision_history.revision_date	1	1997-01-24		
30SC	2026-07-22	_pdbx_audit_revision_history.revision_date	1	2026-07-22		
310D	1997-06-24	_pdbx_audit_revision_history.revision_date	1	1997-06-24		
333D	1997-10-16	_pdbx_audit_revision_history.revision_date	1	1997-10-16		
353D	1997-11-10	_pdbx_audit_revision_history.revision_date	1	1997-11-10		
354D	1997-11-26	_pdbx_audit_revision_history.revision_date	1	1997-11-26		
357D	1997-12-01	_pdbx_audit_revision_history.revision_date	1	1997-12-01		
359D	1997-11-07	_pdbx_audit_revision_history.revision_date	1	1997-11-07		
361D	1998-07-01	_pdbx_audit_revision_history.revision_date	1	1998-07-01		
364D	1998-01-02	_pdbx_audit_revision_history.revision_date	1	1998-01-02		
36LC	2026-07-01	_pdbx_audit_revision_history.revision_date	1	2026-07-01		
36LE	2026-07-01	_pdbx_audit_revision_history.revision_date	1	2026-07-01		
36LL	2026-07-01	_pdbx_audit_revision_history.revision_date	1	2026-07-01		
36LM	2026-07-01	_pdbx_audit_revision_history.revision_date	1	2026-07-01		
377D	1998-08-10	_pdbx_audit_revision_history.revision_date	1	1998-08-10		
379D	1998-02-11	_pdbx_audit_revision_history.revision_date	1	1998-02-11		
387D	2003-08-26	_pdbx_audit_revision_history.revision_date	1	2003-08-26		
397D	1998-09-11	_pdbx_audit_revision_history.revision_date	1	1998-09-11		
3A3A	2009-08-11	_pdbx_audit_revision_history.revision_date	1	2009-08-11		
3B31	2007-12-25	_pdbx_audit_revision_history.revision_date	1	2007-12-25		
3B4A	2007-12-11	_pdbx_audit_revision_history.revision_date	1	2007-12-11		
3B4B	2007-12-11	_pdbx_audit_revision_history.revision_date	1	2007-12-11		
3B4C	2007-12-11	_pdbx_audit_revision_history.revision_date	1	2007-12-11		
3B58	2008-08-12	_pdbx_audit_revision_history.revision_date	1	2008-08-12		
3B5A	2008-08-12	_pdbx_audit_revision_history.revision_date	1	2008-08-12		
3B5F	2008-08-12	_pdbx_audit_revision_history.revision_date	1	2008-08-12		
3B5S	2008-08-12	_pdbx_audit_revision_history.revision_date	1	2008-08-12		
3B91	2008-08-12	_pdbx_audit_revision_history.revision_date	1	2008-08-12		
3BBI	2008-08-12	_pdbx_audit_revision_history.revision_date	1	2008-08-12		
3BBK	2008-08-12	_pdbx_audit_revision_history.revision_date	1	2008-08-12		
3BBM	2008-08-12	_pdbx_audit_revision_history.revision_date	1	2008-08-12		
3BBV	2008-10-21	_pdbx_audit_revision_history.revision_date	1	2008-10-21		
3BNL	2008-06-24	_pdbx_audit_revision_history.revision_date	1	2008-06-24		
3BNN	2008-06-24	_pdbx_audit_revision_history.revision_date	1	2008-06-24		
3BNO	2008-06-24	_pdbx_audit_revision_history.revision_date	1	2008-06-24		
3BNP	2008-06-24	_pdbx_audit_revision_history.revision_date	1	2008-06-24		
3BNQ	2008-06-24	_pdbx_audit_revision_history.revision_date	1	2008-06-24		
3BNR	2008-06-24	_pdbx_audit_revision_history.revision_date	1	2008-06-24		
3BNS	2008-06-24	_pdbx_audit_revision_history.revision_date	1	2008-06-24		
3BNT	2008-06-24	_pdbx_audit_revision_history.revision_date	1	2008-06-24		
3BWP	2008-04-15	_pdbx_audit_revision_history.revision_date	1	2008-04-15		
3C44	2008-05-06	_pdbx_audit_revision_history.revision_date	1	2008-05-06		
3CGP	2008-07-01	_pdbx_audit_revision_history.revision_date	1	2008-07-01		
3CGQ	2008-07-01	_pdbx_audit_revision_history.revision_date	1	2008-07-01		
3CGR	2008-07-01	_pdbx_audit_revision_history.revision_date	1	2008-07-01		
3CGS	2008-07-01	_pdbx_audit_revision_history.revision_date	1	2008-07-01		
3CJZ	2008-10-14	_pdbx_audit_revision_history.revision_date	1	2008-10-14		
3CW5	2008-09-02	_pdbx_audit_revision_history.revision_date	1	2008-09-02		
3CW6	2008-09-02	_pdbx_audit_revision_history.revision_date	1	2008-09-02		
3CZW	2008-09-09	_pdbx_audit_revision_history.revision_date	1	2008-09-09		
3D0M	2008-09-09	_pdbx_audit_revision_history.revision_date	1	2008-09-09		
3D0U	2008-07-01	_pdbx_audit_revision_history.revision_date	1	2008-07-01		
3D0X	2008-07-01	_pdbx_audit_revision_history.revision_date	1	2008-07-01		
3D2G	2008-07-01	_pdbx_audit_revision_history.revision_date	1	2008-07-01		
3D2V	2008-07-01	_pdbx_audit_revision_history.revision_date	1	2008-07-01		
3D2X	2008-07-01	_pdbx_audit_revision_history.revision_date	1	2008-07-01		
3DG0	2009-02-03	_pdbx_audit_revision_history.revision_date	1	2009-02-03		
3DG2	2009-02-03	_pdbx_audit_revision_history.revision_date	1	2009-02-03		
3DG4	2009-02-03	_pdbx_audit_revision_history.revision_date	1	2009-02-03		
3DG5	2009-02-03	_pdbx_audit_revision_history.revision_date	1	2009-02-03		
3DHS	2009-01-27	_pdbx_audit_revision_history.revision_date	1	2009-01-27		
3DIG	2008-09-16	_pdbx_audit_revision_history.revision_date	1	2008-09-16		
3DIL	2008-09-16	_pdbx_audit_revision_history.revision_date	1	2008-09-16		
3DIM	2008-09-16	_pdbx_audit_revision_history.revision_date	1	2008-09-16		
3DIO	2008-09-16	_pdbx_audit_revision_history.revision_date	1	2008-09-16		
3DIQ	2008-09-16	_pdbx_audit_revision_history.revision_date	1	2008-09-16		
3DIR	2008-09-16	_pdbx_audit_revision_history.revision_date	1	2008-09-16		
3DIS	2008-09-16	_pdbx_audit_revision_history.revision_date	1	2008-09-16		
3DIX	2008-09-16	_pdbx_audit_revision_history.revision_date	1	2008-09-16		
3DIY	2008-09-16	_pdbx_audit_revision_history.revision_date	1	2008-09-16		
3DIZ	2008-09-16	_pdbx_audit_revision_history.revision_date	1	2008-09-16		
3DJ0	2008-09-16	_pdbx_audit_revision_history.revision_date	1	2008-09-16		
3DJ2	2008-09-16	_pdbx_audit_revision_history.revision_date	1	2008-09-16		
3DS7	2009-02-17	_pdbx_audit_revision_history.revision_date	1	2009-02-17		
3DVV	2008-08-12	_pdbx_audit_revision_history.revision_date	1	2008-08-12		
3DVZ	2009-03-24	_pdbx_audit_revision_history.revision_date	1	2009-03-24		
3DW4	2009-03-24	_pdbx_audit_revision_history.revision_date	1	2009-03-24		
3DW5	2009-03-24	_pdbx_audit_revision_history.revision_date	1	2009-03-24		
3DW6	2009-03-24	_pdbx_audit_revision_history.revision_date	1	2009-03-24		
3DW7	2009-03-24	_pdbx_audit_revision_history.revision_date	1	2009-03-24		
3E5C	2008-10-07	_pdbx_audit_revision_history.revision_date	1	2008-10-07		
3E5E	2008-10-07	_pdbx_audit_revision_history.revision_date	1	2008-10-07		
3E5F	2008-10-07	_pdbx_audit_revision_history.revision_date	1	2008-10-07		
3EOG	2008-10-28	_pdbx_audit_revision_history.revision_date	1	2008-10-28		
3EOH	2008-10-28	_pdbx_audit_revision_history.revision_date	1	2008-10-28		
3F2Q	2009-01-27	_pdbx_audit_revision_history.revision_date	1	2009-01-27		
3F2T	2009-01-27	_pdbx_audit_revision_history.revision_date	1	2009-01-27		
3F2W	2009-01-27	_pdbx_audit_revision_history.revision_date	1	2009-01-27		
3F2X	2009-01-27	_pdbx_audit_revision_history.revision_date	1	2009-01-27		
3F2Y	2009-01-27	_pdbx_audit_revision_history.revision_date	1	2009-01-27		
3F30	2009-01-27	_pdbx_audit_revision_history.revision_date	1	2009-01-27		
3F4E	2009-01-27	_pdbx_audit_revision_history.revision_date	1	2009-01-27		
3F4G	2009-01-27	_pdbx_audit_revision_history.revision_date	1	2009-01-27		
3F4H	2009-01-27	_pdbx_audit_revision_history.revision_date	1	2009-01-27		
3FAR	2009-11-24	_pdbx_audit_revision_history.revision_date	1	2009-11-24		
3FO4	2009-06-23	_pdbx_audit_revision_history.revision_date	1	2009-06-23		
3FO6	2009-06-23	_pdbx_audit_revision_history.revision_date	1	2009-06-23		
3FS0	2009-02-24	_pdbx_audit_revision_history.revision_date	1	2009-02-24		
3FTM	2009-02-24	_pdbx_audit_revision_history.revision_date	1	2009-02-24		
3FU2	2009-03-03	_pdbx_audit_revision_history.revision_date	1	2009-03-03		
3FWO	2010-01-19	_pdbx_audit_revision_history.revision_date	1	2010-01-19		
3G4M	2009-06-23	_pdbx_audit_revision_history.revision_date	1	2009-06-23		
3G78	2010-02-16	_pdbx_audit_revision_history.revision_date	1	2010-02-16		
3GAO	2009-06-23	_pdbx_audit_revision_history.revision_date	1	2009-06-23		
3GCA	2009-03-03	_pdbx_audit_revision_history.revision_date	1	2009-03-03		
3GER	2009-06-23	_pdbx_audit_revision_history.revision_date	1	2009-06-23		
3GES	2009-06-23	_pdbx_audit_revision_history.revision_date	1	2009-06-23		
3GLP	2009-05-26	_pdbx_audit_revision_history.revision_date	1	2009-05-26		
3GM7	2009-05-26	_pdbx_audit_revision_history.revision_date	1	2009-05-26		
3GOG	2009-06-23	_pdbx_audit_revision_history.revision_date	1	2009-06-23		
3GOT	2009-06-23	_pdbx_audit_revision_history.revision_date	1	2009-06-23		
3GS1	2009-05-12	_pdbx_audit_revision_history.revision_date	1	2009-05-12		
3GS5	2009-04-21	_pdbx_audit_revision_history.revision_date	1	2009-04-21		
3GS8	2009-04-21	_pdbx_audit_revision_history.revision_date	1	2009-04-21		
3GVN	2009-07-28	_pdbx_audit_revision_history.revision_date	1	2009-07-28		
3GX2	2010-01-12	_pdbx_audit_revision_history.revision_date	1	2010-01-12		
3GX3	2010-01-12	_pdbx_audit_revision_history.revision_date	1	2010-01-12		
3GX5	2010-01-12	_pdbx_audit_revision_history.revision_date	1	2010-01-12		
3GX6	2010-01-12	_pdbx_audit_revision_history.revision_date	1	2010-01-12		
3GX7	2010-01-12	_pdbx_audit_revision_history.revision_date	1	2010-01-12		
3HGA	2009-08-18	_pdbx_audit_revision_history.revision_date	1	2009-08-18		
3IBK	2010-05-12	_pdbx_audit_revision_history.revision_date	1	2010-05-12		
3IGI	2009-12-22	_pdbx_audit_revision_history.revision_date	1	2009-12-22		
3IQN	2010-08-04	_pdbx_audit_revision_history.revision_date	1	2010-08-04		
3IQP	2010-08-04	_pdbx_audit_revision_history.revision_date	1	2010-08-04		
3IQR	2010-08-04	_pdbx_audit_revision_history.revision_date	1	2010-08-04		
3IVN	2010-01-19	_pdbx_audit_revision_history.revision_date	1	2010-01-19		
3IZD	2010-12-01	_pdbx_audit_revision_history.revision_date	1	2010-12-01		
3J28	2013-01-16	_pdbx_audit_revision_history.revision_date	1	2013-01-16		
3J29	2013-01-16	_pdbx_audit_revision_history.revision_date	1	2013-01-16		
3J2A	2013-01-16	_pdbx_audit_revision_history.revision_date	1	2013-01-16		
3J2B	2013-01-16	_pdbx_audit_revision_history.revision_date	1	2013-01-16		
3J2C	2013-01-16	_pdbx_audit_revision_history.revision_date	1	2013-01-16		
3J2D	2013-01-16	_pdbx_audit_revision_history.revision_date	1	2013-01-16		
3J2E	2013-01-16	_pdbx_audit_revision_history.revision_date	1	2013-01-16		
3J2F	2013-01-16	_pdbx_audit_revision_history.revision_date	1	2013-01-16		
3J2G	2013-01-16	_pdbx_audit_revision_history.revision_date	1	2013-01-16		
3J2H	2013-01-16	_pdbx_audit_revision_history.revision_date	1	2013-01-16		
3JQ4	2010-09-08	_pdbx_audit_revision_history.revision_date	1	2010-09-08		
3JXQ	2010-02-09	_pdbx_audit_revision_history.revision_date	1	2010-02-09		
3JXR	2010-02-09	_pdbx_audit_revision_history.revision_date	1	2010-02-09		
3K1V	2009-10-06	_pdbx_audit_revision_history.revision_date	1	2009-10-06		
3L0U	2010-03-16	_pdbx_audit_revision_history.revision_date	1	2010-03-16		
3LA5	2010-01-26	_pdbx_audit_revision_history.revision_date	1	2010-01-26		
3LOA	2010-08-04	_pdbx_audit_revision_history.revision_date	1	2010-08-04		
3MEI	2011-01-26	_pdbx_audit_revision_history.revision_date	1	2011-01-26		
3MIJ	2011-02-16	_pdbx_audit_revision_history.revision_date	1	2011-02-16		
3MJ3	2010-05-19	_pdbx_audit_revision_history.revision_date	1	2010-05-19		
3MJA	2010-05-19	_pdbx_audit_revision_history.revision_date	1	2010-05-19		
3MJB	2010-05-19	_pdbx_audit_revision_history.revision_date	1	2010-05-19		
3ND3	2011-09-21	_pdbx_audit_revision_history.revision_date	1	2011-09-21		
3ND4	2011-09-21	_pdbx_audit_revision_history.revision_date	1	2011-09-21		
3NJ6	2010-08-25	_pdbx_audit_revision_history.revision_date	1	2010-08-25		
3NJ7	2010-08-25	_pdbx_audit_revision_history.revision_date	1	2010-08-25		
3NPN	2010-10-06	_pdbx_audit_revision_history.revision_date	1	2010-10-06		
3NPQ	2010-10-06	_pdbx_audit_revision_history.revision_date	1	2010-10-06		
3OWI	2010-12-29	_pdbx_audit_revision_history.revision_date	1	2010-12-29		
3OWW	2010-12-29	_pdbx_audit_revision_history.revision_date	1	2010-12-29		
3OWZ	2010-12-29	_pdbx_audit_revision_history.revision_date	1	2010-12-29		
3OX0	2010-12-29	_pdbx_audit_revision_history.revision_date	1	2010-12-29		
3OXB	2010-12-29	_pdbx_audit_revision_history.revision_date	1	2010-12-29		
3OXD	2010-12-29	_pdbx_audit_revision_history.revision_date	1	2010-12-29		
3OXE	2010-12-29	_pdbx_audit_revision_history.revision_date	1	2010-12-29		
3OXJ	2010-12-29	_pdbx_audit_revision_history.revision_date	1	2010-12-29		
3OXM	2010-12-29	_pdbx_audit_revision_history.revision_date	1	2010-12-29		
3P22	2010-12-08	_pdbx_audit_revision_history.revision_date	1	2010-12-08		
3P4A	2011-01-05	_pdbx_audit_revision_history.revision_date	1	2011-01-05		
3P4B	2011-01-05	_pdbx_audit_revision_history.revision_date	1	2011-01-05		
3P4C	2011-01-05	_pdbx_audit_revision_history.revision_date	1	2011-01-05		
3P4D	2011-01-05	_pdbx_audit_revision_history.revision_date	1	2011-01-05		
3P59	2011-04-06	_pdbx_audit_revision_history.revision_date	1	2011-04-06		
3PDR	2011-02-23	_pdbx_audit_revision_history.revision_date	1	2011-02-23		
3PHP	1998-10-21	_pdbx_audit_revision_history.revision_date	1	1998-10-21		
3Q3Z	2011-05-11	_pdbx_audit_revision_history.revision_date	1	2011-05-11		
3Q50	2011-05-18	_pdbx_audit_revision_history.revision_date	1	2011-05-18		
3Q51	2011-05-18	_pdbx_audit_revision_history.revision_date	1	2011-05-18		
3R1C	2011-06-01	_pdbx_audit_revision_history.revision_date	1	2011-06-01		
3R1D	2011-06-01	_pdbx_audit_revision_history.revision_date	1	2011-06-01		
3R1E	2011-06-01	_pdbx_audit_revision_history.revision_date	1	2011-06-01		
3R4F	2011-04-20	_pdbx_audit_revision_history.revision_date	1	2011-04-20		
3RG5	2011-06-08	_pdbx_audit_revision_history.revision_date	1	2011-06-08		
3RKF	2011-08-17	_pdbx_audit_revision_history.revision_date	1	2011-08-17		
3S49	2011-06-29	_pdbx_audit_revision_history.revision_date	1	2011-06-29		
3S4P	2011-09-21	_pdbx_audit_revision_history.revision_date	1	2011-09-21		
3S7C	2012-04-11	_pdbx_audit_revision_history.revision_date	1	2012-04-11		
3S8U	2012-04-11	_pdbx_audit_revision_history.revision_date	1	2012-04-11		
3SD3	2011-09-21	_pdbx_audit_revision_history.revision_date	1	2011-09-21		
3SJ2	2011-08-03	_pdbx_audit_revision_history.revision_date	1	2011-08-03		
3SKI	2011-08-17	_pdbx_audit_revision_history.revision_date	1	2011-08-17		
3SKL	2011-08-17	_pdbx_audit_revision_history.revision_date	1	2011-08-17		
3SKR	2011-08-17	_pdbx_audit_revision_history.revision_date	1	2011-08-17		
3SKT	2011-08-17	_pdbx_audit_revision_history.revision_date	1	2011-08-17		
3SKW	2011-08-17	_pdbx_audit_revision_history.revision_date	1	2011-08-17		
3SKZ	2011-08-17	_pdbx_audit_revision_history.revision_date	1	2011-08-17		
3SLM	2011-08-17	_pdbx_audit_revision_history.revision_date	1	2011-08-17		
3SLQ	2011-08-17	_pdbx_audit_revision_history.revision_date	1	2011-08-17		
3SUH	2011-09-14	_pdbx_audit_revision_history.revision_date	1	2011-09-14		
3SUX	2011-09-14	_pdbx_audit_revision_history.revision_date	1	2011-09-14		
3SUY	2011-09-14	_pdbx_audit_revision_history.revision_date	1	2011-09-14		
3SYW	2012-04-25	_pdbx_audit_revision_history.revision_date	1	2012-04-25		
3SZX	2012-04-25	_pdbx_audit_revision_history.revision_date	1	2012-04-25		
3T4B	2011-10-12	_pdbx_audit_revision_history.revision_date	1	2011-10-12		
3TD0	2011-12-07	_pdbx_audit_revision_history.revision_date	1	2011-12-07		
3TD1	2011-12-07	_pdbx_audit_revision_history.revision_date	1	2011-12-07		
3TRA	1987-11-06	_pdbx_audit_revision_history.revision_date	1	1987-11-06		
3TZR	2012-03-21	_pdbx_audit_revision_history.revision_date	1	2012-03-21		
3VRS	2012-05-09	_pdbx_audit_revision_history.revision_date	1	2012-05-09		
3WRU	2014-11-05	_pdbx_audit_revision_history.revision_date	1	2014-11-05		
3ZD4	2012-12-12	_pdbx_audit_revision_history.revision_date	1	2012-12-12		
3ZD5	2012-12-12	_pdbx_audit_revision_history.revision_date	1	2012-12-12		
3ZP8	2013-03-06	_pdbx_audit_revision_history.revision_date	1	2013-03-06		
402D	1998-06-16	_pdbx_audit_revision_history.revision_date	1	1998-06-16		
405D	1999-01-13	_pdbx_audit_revision_history.revision_date	1	1999-01-13		
406D	1999-02-05	_pdbx_audit_revision_history.revision_date	1	1999-02-05		
409D	1999-01-13	_pdbx_audit_revision_history.revision_date	1	1999-01-13		
413D	1998-07-10	_pdbx_audit_revision_history.revision_date	1	1998-07-10		
420D	1999-01-13	_pdbx_audit_revision_history.revision_date	1	1999-01-13		
422D	2003-06-03	_pdbx_audit_revision_history.revision_date	1	2003-06-03		
429D	1999-03-01	_pdbx_audit_revision_history.revision_date	1	1999-03-01		
430D	1998-10-07	_pdbx_audit_revision_history.revision_date	1	1998-10-07		
433D	1998-12-04	_pdbx_audit_revision_history.revision_date	1	1998-12-04		
434D	1999-06-14	_pdbx_audit_revision_history.revision_date	1	1999-06-14		
435D	1999-06-14	_pdbx_audit_revision_history.revision_date	1	1999-06-14		
437D	1998-12-03	_pdbx_audit_revision_history.revision_date	1	1998-12-03		
438D	1999-05-12	_pdbx_audit_revision_history.revision_date	1	1999-05-12		
439D	2001-09-14	_pdbx_audit_revision_history.revision_date	1	2001-09-14		
462D	1999-12-02	_pdbx_audit_revision_history.revision_date	1	1999-12-02		
464D	1999-08-16	_pdbx_audit_revision_history.revision_date	1	1999-08-16		
466D	1999-08-16	_pdbx_audit_revision_history.revision_date	1	1999-08-16		
468D	1999-05-12	_pdbx_audit_revision_history.revision_date	1	1999-05-12		
469D	1999-05-12	_pdbx_audit_revision_history.revision_date	1	1999-05-12		
470D	1999-05-12	_pdbx_audit_revision_history.revision_date	1	1999-05-12		
471D	1999-05-12	_pdbx_audit_revision_history.revision_date	1	1999-05-12		
472D	2000-11-27	_pdbx_audit_revision_history.revision_date	1	2000-11-27		
480D	1999-10-08	_pdbx_audit_revision_history.revision_date	1	1999-10-08		
483D	1999-10-08	_pdbx_audit_revision_history.revision_date	1	1999-10-08		
486D	1999-10-04	_pdbx_audit_revision_history.revision_date	1	1999-10-04		
488D	2000-03-06	_pdbx_audit_revision_history.revision_date	1	2000-03-06		
4A4R	2012-05-30	_pdbx_audit_revision_history.revision_date	1	2012-05-30		
4A4S	2012-05-30	_pdbx_audit_revision_history.revision_date	1	2012-05-30		
4A4T	2012-05-30	_pdbx_audit_revision_history.revision_date	1	2012-05-30		
4A4U	2012-05-30	_pdbx_audit_revision_history.revision_date	1	2012-05-30		
4AOB	2012-05-09	_pdbx_audit_revision_history.revision_date	1	2012-05-09		
4B5R	2013-01-30	_pdbx_audit_revision_history.revision_date	1	2013-01-30		
4C40	2013-11-06	_pdbx_audit_revision_history.revision_date	1	2013-11-06		
4C4Q	2013-10-30	_pdbx_audit_revision_history.revision_date	1	2013-10-30		
4CS1	2014-11-19	_pdbx_audit_revision_history.revision_date	1	2014-11-19		
4DS6	2012-04-18	_pdbx_audit_revision_history.revision_date	1	2012-04-18		
4E48	2012-07-11	_pdbx_audit_revision_history.revision_date	1	2012-07-11		
4E58	2012-12-12	_pdbx_audit_revision_history.revision_date	1	2012-12-12		
4E59	2012-12-12	_pdbx_audit_revision_history.revision_date	1	2012-12-12		
4E5C	2012-07-11	_pdbx_audit_revision_history.revision_date	1	2012-07-11		
4E6B	2012-07-11	_pdbx_audit_revision_history.revision_date	1	2012-07-11		
4E8K	2012-11-14	_pdbx_audit_revision_history.revision_date	1	2012-11-14		
4E8M	2012-11-14	_pdbx_audit_revision_history.revision_date	1	2012-11-14		
4E8N	2012-11-14	_pdbx_audit_revision_history.revision_date	1	2012-11-14		
4E8P	2012-11-14	_pdbx_audit_revision_history.revision_date	1	2012-11-14		
4E8Q	2012-11-14	_pdbx_audit_revision_history.revision_date	1	2012-11-14		
4E8R	2012-11-14	_pdbx_audit_revision_history.revision_date	1	2012-11-14		
4E8T	2012-11-14	_pdbx_audit_revision_history.revision_date	1	2012-11-14		
4E8V	2012-11-14	_pdbx_audit_revision_history.revision_date	1	2012-11-14		
4EN5	2012-05-09	_pdbx_audit_revision_history.revision_date	1	2012-05-09		
4ENA	2012-05-09	_pdbx_audit_revision_history.revision_date	1	2012-05-09		
4ENB	2012-05-09	_pdbx_audit_revision_history.revision_date	1	2012-05-09		
4ENC	2012-05-09	_pdbx_audit_revision_history.revision_date	1	2012-05-09		
4ERJ	2012-07-18	_pdbx_audit_revision_history.revision_date	1	2012-07-18		
4ERL	2012-07-18	_pdbx_audit_revision_history.revision_date	1	2012-07-18		
4F8U	2012-08-15	_pdbx_audit_revision_history.revision_date	1	2012-08-15		
4F8V	2012-08-15	_pdbx_audit_revision_history.revision_date	1	2012-08-15		
4FAQ	2012-11-14	_pdbx_audit_revision_history.revision_date	1	2012-11-14		
4FAR	2012-11-14	_pdbx_audit_revision_history.revision_date	1	2012-11-14		
4FAU	2012-11-14	_pdbx_audit_revision_history.revision_date	1	2012-11-14		
4FAW	2012-11-14	_pdbx_audit_revision_history.revision_date	1	2012-11-14		
4FAX	2012-11-14	_pdbx_audit_revision_history.revision_date	1	2012-11-14		
4FB0	2012-11-14	_pdbx_audit_revision_history.revision_date	1	2012-11-14		
4FE5	2012-06-27	_pdbx_audit_revision_history.revision_date	1	2012-06-27		
4FEJ	2013-02-27	_pdbx_audit_revision_history.revision_date	1	2013-02-27		
4FEL	2013-02-27	_pdbx_audit_revision_history.revision_date	1	2013-02-27		
4FEN	2013-02-27	_pdbx_audit_revision_history.revision_date	1	2013-02-27		
4FEO	2013-02-27	_pdbx_audit_revision_history.revision_date	1	2013-02-27		
4FEP	2013-02-27	_pdbx_audit_revision_history.revision_date	1	2013-02-27		
4FNJ	2012-10-17	_pdbx_audit_revision_history.revision_date	1	2012-10-17		
4FRG	2012-10-17	_pdbx_audit_revision_history.revision_date	1	2012-10-17		
4FRN	2012-10-17	_pdbx_audit_revision_history.revision_date	1	2012-10-17		
4G6P	2012-08-15	_pdbx_audit_revision_history.revision_date	1	2012-08-15		
4G6R	2012-08-15	_pdbx_audit_revision_history.revision_date	1	2012-08-15		
4G6S	2012-08-08	_pdbx_audit_revision_history.revision_date	1	2012-08-08		
4GMA	2012-10-17	_pdbx_audit_revision_history.revision_date	1	2012-10-17		
4GPW	2013-04-03	_pdbx_audit_revision_history.revision_date	1	2013-04-03		
4GPX	2013-04-03	_pdbx_audit_revision_history.revision_date	1	2013-04-03		
4GPY	2013-04-03	_pdbx_audit_revision_history.revision_date	1	2013-04-03		
4GXY	2012-10-17	_pdbx_audit_revision_history.revision_date	1	2012-10-17		
4IQS	2013-12-25	_pdbx_audit_revision_history.revision_date	1	2013-12-25		
4J50	2013-02-20	_pdbx_audit_revision_history.revision_date	1	2013-02-20		
4JAB	2014-01-29	_pdbx_audit_revision_history.revision_date	1	2014-01-29		
4JAH	2014-01-29	_pdbx_audit_revision_history.revision_date	1	2014-01-29		
4JF2	2013-04-17	_pdbx_audit_revision_history.revision_date	1	2013-04-17		
4JIY	2013-09-04	_pdbx_audit_revision_history.revision_date	1	2013-09-04		
4JRC	2013-04-24	_pdbx_audit_revision_history.revision_date	1	2013-04-24		
4JRD	2013-06-05	_pdbx_audit_revision_history.revision_date	1	2013-06-05		
4JRT	2013-06-05	_pdbx_audit_revision_history.revision_date	1	2013-06-05		
4K27	2013-11-27	_pdbx_audit_revision_history.revision_date	1	2013-11-27		
4K31	2013-07-31	_pdbx_audit_revision_history.revision_date	1	2013-07-31		
4K32	2013-07-31	_pdbx_audit_revision_history.revision_date	1	2013-07-31		
4KQY	2013-08-07	_pdbx_audit_revision_history.revision_date	1	2013-08-07		
4KYY	2013-06-12	_pdbx_audit_revision_history.revision_date	1	2013-06-12		
4KZ2	2013-10-16	_pdbx_audit_revision_history.revision_date	1	2013-10-16		
4L81	2014-05-28	_pdbx_audit_revision_history.revision_date	1	2014-05-28		
4LVV	2014-03-19	_pdbx_audit_revision_history.revision_date	1	2014-03-19		
4LVW	2014-03-19	_pdbx_audit_revision_history.revision_date	1	2014-03-19		
4LVX	2014-03-19	_pdbx_audit_revision_history.revision_date	1	2014-03-19		
4LVY	2014-03-19	_pdbx_audit_revision_history.revision_date	1	2014-03-19		
4LVZ	2014-03-19	_pdbx_audit_revision_history.revision_date	1	2014-03-19		
4LW0	2014-03-19	_pdbx_audit_revision_history.revision_date	1	2014-03-19		
4LX5	2014-07-16	_pdbx_audit_revision_history.revision_date	1	2014-07-16		
4LX6	2014-07-16	_pdbx_audit_revision_history.revision_date	1	2014-07-16		
4MCE	2014-09-24	_pdbx_audit_revision_history.revision_date	1	2014-09-24		
4MCF	2014-11-12	_pdbx_audit_revision_history.revision_date	1	2014-11-12		
4MEG	2013-10-16	_pdbx_audit_revision_history.revision_date	1	2013-10-16		
4MEH	2013-10-16	_pdbx_audit_revision_history.revision_date	1	2013-10-16		
4MGM	2013-10-23	_pdbx_audit_revision_history.revision_date	1	2013-10-23		
4MGN	2013-10-23	_pdbx_audit_revision_history.revision_date	1	2013-10-23		
4MS9	2014-02-12	_pdbx_audit_revision_history.revision_date	1	2014-02-12		
4MSB	2014-02-12	_pdbx_audit_revision_history.revision_date	1	2014-02-12		
4MSR	2014-02-12	_pdbx_audit_revision_history.revision_date	1	2014-02-12		
4NFO	2014-07-02	_pdbx_audit_revision_history.revision_date	1	2014-07-02		
4NFP	2014-07-02	_pdbx_audit_revision_history.revision_date	1	2014-07-02		
4NFQ	2014-07-02	_pdbx_audit_revision_history.revision_date	1	2014-07-02		
4NLF	2014-11-19	_pdbx_audit_revision_history.revision_date	1	2014-11-19		
4NMG	2014-11-19	_pdbx_audit_revision_history.revision_date	1	2014-11-19		
4NXH	2014-12-10	_pdbx_audit_revision_history.revision_date	1	2014-12-10		
4NYA	2014-06-04	_pdbx_audit_revision_history.revision_date	1	2014-06-04		
4NYB	2014-06-04	_pdbx_audit_revision_history.revision_date	1	2014-06-04		
4NYC	2014-06-04	_pdbx_audit_revision_history.revision_date	1	2014-06-04		
4NYD	2014-06-04	_pdbx_audit_revision_history.revision_date	1	2014-06-04		
4NYG	2014-06-04	_pdbx_audit_revision_history.revision_date	1	2014-06-04		
4O41	2014-07-09	_pdbx_audit_revision_history.revision_date	1	2014-07-09		
4OJI	2014-07-23	_pdbx_audit_revision_history.revision_date	1	2014-07-23		
4OQU	2014-06-04	_pdbx_audit_revision_history.revision_date	1	2014-06-04		
4P20	2014-05-07	_pdbx_audit_revision_history.revision_date	1	2014-05-07		
4P3S	2016-05-04	_pdbx_audit_revision_history.revision_date	1	2016-05-04		
4P3T	2016-05-04	_pdbx_audit_revision_history.revision_date	1	2016-05-04		
4P3U	2016-05-04	_pdbx_audit_revision_history.revision_date	1	2016-05-04		
4P43	2016-05-04	_pdbx_audit_revision_history.revision_date	1	2016-05-04		
4P5J	2014-06-04	_pdbx_audit_revision_history.revision_date	1	2014-06-04		
4P8Z	2014-05-28	_pdbx_audit_revision_history.revision_date	1	2014-05-28		
4P97	2015-03-04	_pdbx_audit_revision_history.revision_date	1	2015-03-04		
4P9R	2014-05-28	_pdbx_audit_revision_history.revision_date	1	2014-05-28		
4PCJ	2014-10-29	_pdbx_audit_revision_history.revision_date	1	2014-10-29		
4PCO	2015-10-14	_pdbx_audit_revision_history.revision_date	1	2015-10-14		
4PDQ	2015-01-07	_pdbx_audit_revision_history.revision_date	1	2015-01-07		
4PHY	2015-02-18	_pdbx_audit_revision_history.revision_date	1	2015-02-18		
4PLX	2014-06-25	_pdbx_audit_revision_history.revision_date	1	2014-06-25		
4PQV	2014-04-30	_pdbx_audit_revision_history.revision_date	1	2014-04-30		
4QJD	2014-09-03	_pdbx_audit_revision_history.revision_date	1	2014-09-03		
4QJH	2014-09-03	_pdbx_audit_revision_history.revision_date	1	2014-09-03		
4QK8	2014-08-06	_pdbx_audit_revision_history.revision_date	1	2014-08-06		
4QK9	2014-08-06	_pdbx_audit_revision_history.revision_date	1	2014-08-06		
4QKA	2014-08-06	_pdbx_audit_revision_history.revision_date	1	2014-08-06		
4QLM	2014-08-13	_pdbx_audit_revision_history.revision_date	1	2014-08-13		
4QLN	2014-08-13	_pdbx_audit_revision_history.revision_date	1	2014-08-13		
4R0D	2014-10-01	_pdbx_audit_revision_history.revision_date	1	2014-10-01		
4R4P	2015-09-30	_pdbx_audit_revision_history.revision_date	1	2015-09-30		
4R4V	2015-09-30	_pdbx_audit_revision_history.revision_date	1	2015-09-30		
4RBQ	2015-11-11	_pdbx_audit_revision_history.revision_date	1	2015-11-11		
4RBY	2015-09-16	_pdbx_audit_revision_history.revision_date	1	2015-09-16		
4RBZ	2015-09-16	_pdbx_audit_revision_history.revision_date	1	2015-09-16		
4RC0	2015-09-16	_pdbx_audit_revision_history.revision_date	1	2015-09-16		
4RGE	2014-12-03	_pdbx_audit_revision_history.revision_date	1	2014-12-03		
4RGF	2014-12-03	_pdbx_audit_revision_history.revision_date	1	2014-12-03		
4RJ1	2014-11-12	_pdbx_audit_revision_history.revision_date	1	2014-11-12		
4RKV	2014-11-19	_pdbx_audit_revision_history.revision_date	1	2014-11-19		
4RNE	2014-11-19	_pdbx_audit_revision_history.revision_date	1	2014-11-19		
4RUM	2015-04-08	_pdbx_audit_revision_history.revision_date	1	2015-04-08		
4RZD	2015-07-01	_pdbx_audit_revision_history.revision_date	1	2015-07-01		
4TNA	1978-04-12	_pdbx_audit_revision_history.revision_date	1	1978-04-12		
4TRA	1987-11-06	_pdbx_audit_revision_history.revision_date	1	1987-11-06		
4TS0	2014-07-23	_pdbx_audit_revision_history.revision_date	1	2014-07-23		
4TS2	2014-07-23	_pdbx_audit_revision_history.revision_date	1	2014-07-23		
4TZX	2014-09-10	_pdbx_audit_revision_history.revision_date	1	2014-09-10		
4TZY	2014-09-10	_pdbx_audit_revision_history.revision_date	1	2014-09-10		
4U34	2014-08-13	_pdbx_audit_revision_history.revision_date	1	2014-08-13		
4U35	2014-08-13	_pdbx_audit_revision_history.revision_date	1	2014-08-13		
4U37	2014-08-13	_pdbx_audit_revision_history.revision_date	1	2014-08-13		
4U38	2014-08-13	_pdbx_audit_revision_history.revision_date	1	2014-08-13		
4U3L	2015-07-29	_pdbx_audit_revision_history.revision_date	1	2015-07-29		
4U3O	2015-07-29	_pdbx_audit_revision_history.revision_date	1	2015-07-29		
4U3P	2015-07-29	_pdbx_audit_revision_history.revision_date	1	2015-07-29		
4U3R	2015-07-29	_pdbx_audit_revision_history.revision_date	1	2015-07-29		
4U47	2015-08-05	_pdbx_audit_revision_history.revision_date	1	2015-08-05		
4U78	2015-08-26	_pdbx_audit_revision_history.revision_date	1	2015-08-26		
4WFL	2014-10-15	_pdbx_audit_revision_history.revision_date	1	2014-10-15		
4WFM	2014-10-15	_pdbx_audit_revision_history.revision_date	1	2014-10-15		
4XK0	2015-02-11	_pdbx_audit_revision_history.revision_date	1	2015-02-11		
4XNR	2015-05-06	_pdbx_audit_revision_history.revision_date	1	2015-05-06		
4XW0	2016-01-13	_pdbx_audit_revision_history.revision_date	1	2016-01-13		
4XW1	2016-01-13	_pdbx_audit_revision_history.revision_date	1	2016-01-13		
4XW7	2015-09-09	_pdbx_audit_revision_history.revision_date	1	2015-09-09		
4XWF	2015-09-09	_pdbx_audit_revision_history.revision_date	1	2015-09-09		
4Y1I	2015-04-08	_pdbx_audit_revision_history.revision_date	1	2015-04-08		
4Y1J	2015-04-08	_pdbx_audit_revision_history.revision_date	1	2015-04-08		
4Y1M	2015-04-08	_pdbx_audit_revision_history.revision_date	1	2015-04-08		
4Y1N	2015-10-14	_pdbx_audit_revision_history.revision_date	1	2015-10-14		
4Y1O	2015-10-14	_pdbx_audit_revision_history.revision_date	1	2015-10-14		
4Y27	2015-11-18	_pdbx_audit_revision_history.revision_date	1	2015-11-18		
4YAZ	2015-04-15	_pdbx_audit_revision_history.revision_date	1	2015-04-15		
4YB0	2015-04-15	_pdbx_audit_revision_history.revision_date	1	2015-04-15		
4YN6	2015-04-22	_pdbx_audit_revision_history.revision_date	1	2015-04-22		
4ZC7	2015-08-26	_pdbx_audit_revision_history.revision_date	1	2015-08-26		
4ZNP	2015-08-26	_pdbx_audit_revision_history.revision_date	1	2015-08-26		
5A17	2015-05-06	_pdbx_audit_revision_history.revision_date	1	2015-05-06		
5A18	2015-05-06	_pdbx_audit_revision_history.revision_date	1	2015-05-06		
5AY2	2015-10-21	_pdbx_audit_revision_history.revision_date	1	2015-10-21		
5AY3	2015-10-21	_pdbx_audit_revision_history.revision_date	1	2015-10-21		
5AY4	2015-10-21	_pdbx_audit_revision_history.revision_date	1	2015-10-21		
5BJO	2017-09-27	_pdbx_audit_revision_history.revision_date	1	2017-09-27		
5BJP	2017-09-27	_pdbx_audit_revision_history.revision_date	1	2017-09-27		
5BTM	2015-07-15	_pdbx_audit_revision_history.revision_date	1	2015-07-15		
5BTP	2015-08-12	_pdbx_audit_revision_history.revision_date	1	2015-08-12		
5C45	2015-10-07	_pdbx_audit_revision_history.revision_date	1	2015-10-07		
5C5W	2015-10-14	_pdbx_audit_revision_history.revision_date	1	2015-10-14		
5C7U	2015-08-12	_pdbx_audit_revision_history.revision_date	1	2015-08-12		
5C7W	2015-08-12	_pdbx_audit_revision_history.revision_date	1	2015-08-12		
5CNR	2016-03-09	_pdbx_audit_revision_history.revision_date	1	2016-03-09		
5D5L	2016-08-10	_pdbx_audit_revision_history.revision_date	1	2016-08-10		
5D8T	2016-06-29	_pdbx_audit_revision_history.revision_date	1	2016-06-29		
5D99	2016-04-13	_pdbx_audit_revision_history.revision_date	1	2016-04-13		
5DA6	2016-04-13	_pdbx_audit_revision_history.revision_date	1	2016-04-13		
5DER	2016-06-29	_pdbx_audit_revision_history.revision_date	1	2016-06-29		
5DH7	2015-10-07	_pdbx_audit_revision_history.revision_date	1	2015-10-07		
5DHB	2016-12-07	_pdbx_audit_revision_history.revision_date	1	2016-12-07		
5DHC	2016-12-07	_pdbx_audit_revision_history.revision_date	1	2016-12-07		
5DO5	2016-09-21	_pdbx_audit_revision_history.revision_date	1	2016-09-21		
5DUN	2015-10-28	_pdbx_audit_revision_history.revision_date	1	2015-10-28		
5E54	2016-11-23	_pdbx_audit_revision_history.revision_date	1	2016-11-23		
5EAO	2016-02-24	_pdbx_audit_revision_history.revision_date	1	2016-02-24		
5EAQ	2016-02-24	_pdbx_audit_revision_history.revision_date	1	2016-02-24		
5EW4	2016-02-24	_pdbx_audit_revision_history.revision_date	1	2016-02-24		
5EW7	2016-02-24	_pdbx_audit_revision_history.revision_date	1	2016-02-24		
5FJ0	2016-09-28	_pdbx_audit_revision_history.revision_date	1	2016-09-28		
5FJ1	2016-05-25	_pdbx_audit_revision_history.revision_date	1	2016-05-25		
5FJC	2016-05-25	_pdbx_audit_revision_history.revision_date	1	2016-05-25		
5FK1	2016-05-25	_pdbx_audit_revision_history.revision_date	1	2016-05-25		
5FK2	2016-05-25	_pdbx_audit_revision_history.revision_date	1	2016-05-25		
5FK3	2016-05-25	_pdbx_audit_revision_history.revision_date	1	2016-05-25		
5FK4	2016-05-25	_pdbx_audit_revision_history.revision_date	1	2016-05-25		
5FK5	2016-05-25	_pdbx_audit_revision_history.revision_date	1	2016-05-25		
5FK6	2016-05-25	_pdbx_audit_revision_history.revision_date	1	2016-05-25		
5FKD	2016-05-25	_pdbx_audit_revision_history.revision_date	1	2016-05-25		
5FKE	2016-05-25	_pdbx_audit_revision_history.revision_date	1	2016-05-25		
5FKF	2016-05-25	_pdbx_audit_revision_history.revision_date	1	2016-05-25		
5FKG	2016-05-25	_pdbx_audit_revision_history.revision_date	1	2016-05-25		
5FKH	2016-05-25	_pdbx_audit_revision_history.revision_date	1	2016-05-25		
5G2Y	2016-05-04	_pdbx_audit_revision_history.revision_date	1	2016-05-04		
5G4T	2016-09-28	_pdbx_audit_revision_history.revision_date	1	2016-09-28		
5HBW	2016-12-07	_pdbx_audit_revision_history.revision_date	1	2016-12-07		
5HBX	2016-12-07	_pdbx_audit_revision_history.revision_date	1	2016-12-07		
5HBY	2016-12-07	_pdbx_audit_revision_history.revision_date	1	2016-12-07		
5HN2	2016-04-27	_pdbx_audit_revision_history.revision_date	1	2016-04-27		
5HNJ	2016-04-27	_pdbx_audit_revision_history.revision_date	1	2016-04-27		
5HNQ	2016-04-27	_pdbx_audit_revision_history.revision_date	1	2016-04-27		
5IEM	2016-11-02	_pdbx_audit_revision_history.revision_date	1	2016-11-02		
5J01	2016-12-14	_pdbx_audit_revision_history.revision_date	1	2016-12-14		
5J02	2016-12-14	_pdbx_audit_revision_history.revision_date	1	2016-12-14		
5K8H	2016-07-06	_pdbx_audit_revision_history.revision_date	1	2016-07-06		
5KH8	2017-07-19	_pdbx_audit_revision_history.revision_date	1	2017-07-19		
5KMZ	2016-10-12	_pdbx_audit_revision_history.revision_date	1	2016-10-12		
5KPY	2017-01-11	_pdbx_audit_revision_history.revision_date	1	2017-01-11		
5KQE	2016-08-24	_pdbx_audit_revision_history.revision_date	1	2016-08-24		
5KRG	2016-12-07	_pdbx_audit_revision_history.revision_date	1	2016-12-07		
5KTJ	2016-10-05	_pdbx_audit_revision_history.revision_date	1	2016-10-05		
5KVJ	2016-08-03	_pdbx_audit_revision_history.revision_date	1	2016-08-03		
5KX9	2016-08-24	_pdbx_audit_revision_history.revision_date	1	2016-08-24		
5L00	2016-12-07	_pdbx_audit_revision_history.revision_date	1	2016-12-07		
5L4O	2017-03-01	_pdbx_audit_revision_history.revision_date	1	2017-03-01		
5LQO	2017-06-21	_pdbx_audit_revision_history.revision_date	1	2017-06-21		
5LQT	2017-06-21	_pdbx_audit_revision_history.revision_date	1	2017-06-21		
5LR3	2017-06-21	_pdbx_audit_revision_history.revision_date	1	2017-06-21		
5LR4	2017-06-21	_pdbx_audit_revision_history.revision_date	1	2017-06-21		
5LR5	2017-06-21	_pdbx_audit_revision_history.revision_date	1	2017-06-21		
5LSN	2017-09-20	_pdbx_audit_revision_history.revision_date	1	2017-09-20		
5LWJ	2016-12-14	_pdbx_audit_revision_history.revision_date	1	2016-12-14		
5LYS	2017-01-25	_pdbx_audit_revision_history.revision_date	1	2017-01-25		
5LYU	2017-01-25	_pdbx_audit_revision_history.revision_date	1	2017-01-25		
5LYV	2017-01-25	_pdbx_audit_revision_history.revision_date	1	2017-01-25		
5M0H	2017-01-18	_pdbx_audit_revision_history.revision_date	1	2017-01-18		
5ML7	2017-12-20	_pdbx_audit_revision_history.revision_date	1	2017-12-20		
5MRX	2018-01-17	_pdbx_audit_revision_history.revision_date	1	2018-01-17		
5MWI	2017-03-08	_pdbx_audit_revision_history.revision_date	1	2017-03-08		
5N5C	2018-03-14	_pdbx_audit_revision_history.revision_date	1	2018-03-14		
5NDH	2017-05-31	_pdbx_audit_revision_history.revision_date	1	2017-05-31		
5NDI	2017-05-31	_pdbx_audit_revision_history.revision_date	1	2017-05-31		
5NEF	2017-06-07	_pdbx_audit_revision_history.revision_date	1	2017-06-07		
5NEO	2017-05-31	_pdbx_audit_revision_history.revision_date	1	2017-05-31		
5NEP	2017-05-31	_pdbx_audit_revision_history.revision_date	1	2017-05-31		
5NEQ	2017-05-31	_pdbx_audit_revision_history.revision_date	1	2017-05-31		
5NEX	2017-05-31	_pdbx_audit_revision_history.revision_date	1	2017-05-31		
5NOM	2017-05-31	_pdbx_audit_revision_history.revision_date	1	2017-05-31		
5NQI	2017-07-26	_pdbx_audit_revision_history.revision_date	1	2017-07-26		
5NWQ	2017-10-18	_pdbx_audit_revision_history.revision_date	1	2017-10-18		
5NXT	2017-11-29	_pdbx_audit_revision_history.revision_date	1	2017-11-29		
5NY8	2017-10-18	_pdbx_audit_revision_history.revision_date	1	2017-10-18		
5NZ3	2017-10-18	_pdbx_audit_revision_history.revision_date	1	2017-10-18		
5NZ6	2017-10-18	_pdbx_audit_revision_history.revision_date	1	2017-10-18		
5NZD	2017-10-18	_pdbx_audit_revision_history.revision_date	1	2017-10-18		
5O62	2017-10-18	_pdbx_audit_revision_history.revision_date	1	2017-10-18		
5O69	2017-10-18	_pdbx_audit_revision_history.revision_date	1	2017-10-18		
5OB3	2017-10-04	_pdbx_audit_revision_history.revision_date	1	2017-10-04		
5OR0	2017-08-30	_pdbx_audit_revision_history.revision_date	1	2017-08-30		
5SWD	2016-11-23	_pdbx_audit_revision_history.revision_date	1	2016-11-23		
5SWE	2016-11-23	_pdbx_audit_revision_history.revision_date	1	2016-11-23		
5T3K	2017-07-05	_pdbx_audit_revision_history.revision_date	1	2017-07-05		
5T83	2017-01-11	_pdbx_audit_revision_history.revision_date	1	2017-01-11		
5TDJ	2017-01-11	_pdbx_audit_revision_history.revision_date	1	2017-01-11		
5TDK	2017-01-11	_pdbx_audit_revision_history.revision_date	1	2017-01-11		
5TGP	2017-10-18	_pdbx_audit_revision_history.revision_date	1	2017-10-18		
5TKO	2017-10-11	_pdbx_audit_revision_history.revision_date	1	2017-10-11		
5TPY	2016-12-14	_pdbx_audit_revision_history.revision_date	1	2016-12-14		
5U3G	2017-02-01	_pdbx_audit_revision_history.revision_date	1	2017-02-01		
5UED	2017-07-05	_pdbx_audit_revision_history.revision_date	1	2017-07-05		
5UEE	2017-07-05	_pdbx_audit_revision_history.revision_date	1	2017-07-05		
5UEF	2017-07-05	_pdbx_audit_revision_history.revision_date	1	2017-07-05		
5UEG	2017-07-05	_pdbx_audit_revision_history.revision_date	1	2017-07-05		
5UF3	2017-05-31	_pdbx_audit_revision_history.revision_date	1	2017-05-31		
5UNE	2017-03-29	_pdbx_audit_revision_history.revision_date	1	2017-03-29		
5UX3	2018-02-21	_pdbx_audit_revision_history.revision_date	1	2018-02-21		
5UZ6	2018-02-21	_pdbx_audit_revision_history.revision_date	1	2018-02-21		
5UZA	2018-02-28	_pdbx_audit_revision_history.revision_date	1	2018-02-28		
5UZT	2017-05-10	_pdbx_audit_revision_history.revision_date	1	2017-05-10		
5V0H	2017-03-08	_pdbx_audit_revision_history.revision_date	1	2017-03-08		
5V0J	2017-03-08	_pdbx_audit_revision_history.revision_date	1	2017-03-08		
5V0K	2017-03-08	_pdbx_audit_revision_history.revision_date	1	2017-03-08		
5V0O	2018-02-21	_pdbx_audit_revision_history.revision_date	1	2018-02-21		
5V16	2017-07-12	_pdbx_audit_revision_history.revision_date	1	2017-07-12		
5V17	2017-07-12	_pdbx_audit_revision_history.revision_date	1	2017-07-12		
5V1K	2017-06-21	_pdbx_audit_revision_history.revision_date	1	2017-06-21		
5V1L	2017-06-14	_pdbx_audit_revision_history.revision_date	1	2017-06-14		
5V2H	2017-06-14	_pdbx_audit_revision_history.revision_date	1	2017-06-14		
5V2R	2017-07-26	_pdbx_audit_revision_history.revision_date	1	2017-07-26		
5V3F	2017-05-24	_pdbx_audit_revision_history.revision_date	1	2017-05-24		
5V3I	2017-07-05	_pdbx_audit_revision_history.revision_date	1	2017-07-05		
5V9Z	2018-02-21	_pdbx_audit_revision_history.revision_date	1	2018-02-21		
5VCF	2018-02-21	_pdbx_audit_revision_history.revision_date	1	2018-02-21		
5VCI	2018-02-21	_pdbx_audit_revision_history.revision_date	1	2018-02-21		
5VGW	2018-02-21	_pdbx_audit_revision_history.revision_date	1	2018-02-21		
5VH7	2017-06-28	_pdbx_audit_revision_history.revision_date	1	2017-06-28		
5VH8	2017-06-28	_pdbx_audit_revision_history.revision_date	1	2017-06-28		
5VJ9	2017-06-28	_pdbx_audit_revision_history.revision_date	1	2017-06-28		
5VJB	2017-06-28	_pdbx_audit_revision_history.revision_date	1	2017-06-28		
5VR4	2017-10-04	_pdbx_audit_revision_history.revision_date	1	2017-10-04		
5WQ1	2017-07-05	_pdbx_audit_revision_history.revision_date	1	2017-07-05		
5XI1	2018-08-08	_pdbx_audit_revision_history.revision_date	1	2018-08-08		
5XWG	2017-10-11	_pdbx_audit_revision_history.revision_date	1	2017-10-11		
5XZ1	2018-07-18	_pdbx_audit_revision_history.revision_date	1	2018-07-18		
5Z1H	2018-05-30	_pdbx_audit_revision_history.revision_date	1	2018-05-30		
5Z1I	2018-05-30	_pdbx_audit_revision_history.revision_date	1	2018-05-30		
5Z71	2019-01-30	_pdbx_audit_revision_history.revision_date	1	2019-01-30		
5ZEG	2018-03-21	_pdbx_audit_revision_history.revision_date	1	2018-03-21		
5ZEI	2018-03-21	_pdbx_audit_revision_history.revision_date	1	2018-03-21		
5ZEJ	2018-03-21	_pdbx_audit_revision_history.revision_date	1	2018-03-21		
5ZEM	2018-03-21	_pdbx_audit_revision_history.revision_date	1	2018-03-21		
6AAS	2019-06-05	_pdbx_audit_revision_history.revision_date	1	2019-06-05		
6AAU	2019-06-05	_pdbx_audit_revision_history.revision_date	1	2019-06-05		
6AZ4	2018-02-21	_pdbx_audit_revision_history.revision_date	1	2018-02-21		
6BFB	2018-02-21	_pdbx_audit_revision_history.revision_date	1	2018-02-21		
6BG9	2018-02-21	_pdbx_audit_revision_history.revision_date	1	2018-02-21		
6BGB	2017-12-06	_pdbx_audit_revision_history.revision_date	1	2017-12-06		
6BJX	2018-07-04	_pdbx_audit_revision_history.revision_date	1	2018-07-04		
6BMD	2018-02-21	_pdbx_audit_revision_history.revision_date	1	2018-02-21		
6BY4	2018-06-13	_pdbx_audit_revision_history.revision_date	1	2018-06-13		
6BY5	2018-06-13	_pdbx_audit_revision_history.revision_date	1	2018-06-13		
6C27	2019-01-09	_pdbx_audit_revision_history.revision_date	1	2019-01-09		
6C63	2018-08-08	_pdbx_audit_revision_history.revision_date	1	2018-08-08		
6C64	2018-08-08	_pdbx_audit_revision_history.revision_date	1	2018-08-08		
6C65	2018-08-08	_pdbx_audit_revision_history.revision_date	1	2018-08-08		
6C8D	2018-05-30	_pdbx_audit_revision_history.revision_date	1	2018-05-30		
6C8E	2018-05-30	_pdbx_audit_revision_history.revision_date	1	2018-05-30		
6C8I	2018-05-30	_pdbx_audit_revision_history.revision_date	1	2018-05-30		
6C8J	2018-05-30	_pdbx_audit_revision_history.revision_date	1	2018-05-30		
6C8K	2018-05-30	_pdbx_audit_revision_history.revision_date	1	2018-05-30		
6C8L	2018-05-30	_pdbx_audit_revision_history.revision_date	1	2018-05-30		
6C8M	2018-05-30	_pdbx_audit_revision_history.revision_date	1	2018-05-30		
6C8N	2018-05-30	_pdbx_audit_revision_history.revision_date	1	2018-05-30		
6C8O	2018-05-30	_pdbx_audit_revision_history.revision_date	1	2018-05-30		
6CAB	2018-05-30	_pdbx_audit_revision_history.revision_date	1	2018-05-30		
6CB3	2018-06-13	_pdbx_audit_revision_history.revision_date	1	2018-06-13		
6CC1	2018-06-13	_pdbx_audit_revision_history.revision_date	1	2018-06-13		
6CC3	2018-06-13	_pdbx_audit_revision_history.revision_date	1	2018-06-13		
6CHR	2018-11-21	_pdbx_audit_revision_history.revision_date	1	2018-11-21		
6CIH	2018-11-21	_pdbx_audit_revision_history.revision_date	1	2018-11-21		
6CK4	2018-06-20	_pdbx_audit_revision_history.revision_date	1	2018-06-20		
6CK5	2018-06-20	_pdbx_audit_revision_history.revision_date	1	2018-06-20		
6CU1	2018-10-31	_pdbx_audit_revision_history.revision_date	1	2018-10-31		
6CXZ	2018-08-29	_pdbx_audit_revision_history.revision_date	1	2018-08-29		
6CY0	2018-08-29	_pdbx_audit_revision_history.revision_date	1	2018-08-29		
6CY2	2018-08-29	_pdbx_audit_revision_history.revision_date	1	2018-08-29		
6CY4	2018-08-29	_pdbx_audit_revision_history.revision_date	1	2018-08-29		
6D3P	2018-06-20	_pdbx_audit_revision_history.revision_date	1	2018-06-20		
6D8L	2018-07-18	_pdbx_audit_revision_history.revision_date	1	2018-07-18		
6D8M	2018-07-04	_pdbx_audit_revision_history.revision_date	1	2018-07-04		
6D8N	2018-07-18	_pdbx_audit_revision_history.revision_date	1	2018-07-18		
6D8O	2018-07-04	_pdbx_audit_revision_history.revision_date	1	2018-07-04		
6DLQ	2018-11-14	_pdbx_audit_revision_history.revision_date	1	2018-11-14		
6DLR	2018-11-14	_pdbx_audit_revision_history.revision_date	1	2018-11-14		
6DLS	2018-11-14	_pdbx_audit_revision_history.revision_date	1	2018-11-14		
6DLT	2018-11-14	_pdbx_audit_revision_history.revision_date	1	2018-11-14		
6DMC	2018-11-14	_pdbx_audit_revision_history.revision_date	1	2018-11-14		
6DMD	2018-11-14	_pdbx_audit_revision_history.revision_date	1	2018-11-14		
6DME	2018-11-14	_pdbx_audit_revision_history.revision_date	1	2018-11-14		
6DN1	2018-09-05	_pdbx_audit_revision_history.revision_date	1	2018-09-05		
6DN2	2018-09-05	_pdbx_audit_revision_history.revision_date	1	2018-09-05		
6DN3	2018-09-05	_pdbx_audit_revision_history.revision_date	1	2018-09-05		
6DNR	2018-11-14	_pdbx_audit_revision_history.revision_date	1	2018-11-14		
6DVK	2019-06-26	_pdbx_audit_revision_history.revision_date	1	2019-06-26		
6E1S	2019-04-10	_pdbx_audit_revision_history.revision_date	1	2019-04-10		
6E1T	2019-04-10	_pdbx_audit_revision_history.revision_date	1	2019-04-10		
6E1U	2019-04-10	_pdbx_audit_revision_history.revision_date	1	2019-04-10		
6E1V	2019-04-10	_pdbx_audit_revision_history.revision_date	1	2019-04-10		
6E1W	2019-04-10	_pdbx_audit_revision_history.revision_date	1	2019-04-10		
6E7L	2019-07-31	_pdbx_audit_revision_history.revision_date	1	2019-07-31		
6E80	2019-07-31	_pdbx_audit_revision_history.revision_date	1	2019-07-31		
6E81	2019-07-31	_pdbx_audit_revision_history.revision_date	1	2019-07-31		
6E82	2019-07-31	_pdbx_audit_revision_history.revision_date	1	2019-07-31		
6E84	2019-07-31	_pdbx_audit_revision_history.revision_date	1	2019-07-31		
6E8S	2019-04-17	_pdbx_audit_revision_history.revision_date	1	2019-04-17		
6E8T	2019-04-17	_pdbx_audit_revision_history.revision_date	1	2019-04-17		
6E8U	2019-04-17	_pdbx_audit_revision_history.revision_date	1	2019-04-17		
6EZ0	2018-01-03	_pdbx_audit_revision_history.revision_date	1	2018-01-03		
6FZ0	2018-07-04	_pdbx_audit_revision_history.revision_date	1	2018-07-04		
6G7Z	2018-12-05	_pdbx_audit_revision_history.revision_date	1	2018-12-05		
6GE1	2018-10-31	_pdbx_audit_revision_history.revision_date	1	2018-10-31		
6GYV	2018-08-22	_pdbx_audit_revision_history.revision_date	1	2018-08-22		
6GZK	2019-07-17	_pdbx_audit_revision_history.revision_date	1	2019-07-17		
6GZR	2019-07-17	_pdbx_audit_revision_history.revision_date	1	2019-07-17		
6H0R	2019-04-17	_pdbx_audit_revision_history.revision_date	1	2019-04-17		
6HAG	2019-01-09	_pdbx_audit_revision_history.revision_date	1	2019-01-09		
6HBT	2019-02-20	_pdbx_audit_revision_history.revision_date	1	2019-02-20		
6HBX	2019-02-20	_pdbx_audit_revision_history.revision_date	1	2019-02-20		
6HC5	2019-02-20	_pdbx_audit_revision_history.revision_date	1	2019-02-20		
6HMI	2019-08-14	_pdbx_audit_revision_history.revision_date	1	2019-08-14		
6HMO	2019-08-14	_pdbx_audit_revision_history.revision_date	1	2019-08-14		
6HU6	2018-11-21	_pdbx_audit_revision_history.revision_date	1	2018-11-21		
6HYK	2019-04-24	_pdbx_audit_revision_history.revision_date	1	2019-04-24		
6I1V	2019-11-20	_pdbx_audit_revision_history.revision_date	1	2019-11-20		
6I1W	2019-11-20	_pdbx_audit_revision_history.revision_date	1	2019-11-20		
6IA2	2019-03-27	_pdbx_audit_revision_history.revision_date	1	2019-03-27		
6IZP	2019-12-25	_pdbx_audit_revision_history.revision_date	1	2019-12-25		
6JBF	2020-01-29	_pdbx_audit_revision_history.revision_date	1	2020-01-29		
6JBG	2020-01-29	_pdbx_audit_revision_history.revision_date	1	2020-01-29		
6JJH	2020-02-26	_pdbx_audit_revision_history.revision_date	1	2020-02-26		
6JJI	2020-02-26	_pdbx_audit_revision_history.revision_date	1	2020-02-26		
6JQ5	2019-06-12	_pdbx_audit_revision_history.revision_date	1	2019-06-12		
6JQ6	2019-06-12	_pdbx_audit_revision_history.revision_date	1	2019-06-12		
6JXM	2019-08-21	_pdbx_audit_revision_history.revision_date	1	2019-08-21		
6K84	2020-04-01	_pdbx_audit_revision_history.revision_date	1	2020-04-01		
6L0Y	2020-09-30	_pdbx_audit_revision_history.revision_date	1	2020-09-30		
6MCI	2018-10-31	_pdbx_audit_revision_history.revision_date	1	2018-10-31		
6MJ0	2019-01-09	_pdbx_audit_revision_history.revision_date	1	2019-01-09		
6MXQ	2020-05-06	_pdbx_audit_revision_history.revision_date	1	2020-05-06		
6N2V	2019-10-02	_pdbx_audit_revision_history.revision_date	1	2019-10-02		
6N5K	2019-11-27	_pdbx_audit_revision_history.revision_date	1	2019-11-27		
6N5N	2019-11-27	_pdbx_audit_revision_history.revision_date	1	2019-11-27		
6N5O	2019-11-27	_pdbx_audit_revision_history.revision_date	1	2019-11-27		
6N5P	2019-11-27	_pdbx_audit_revision_history.revision_date	1	2019-11-27		
6N5Q	2019-11-27	_pdbx_audit_revision_history.revision_date	1	2019-11-27		
6N5S	2019-11-27	_pdbx_audit_revision_history.revision_date	1	2019-11-27		
6N5T	2019-11-27	_pdbx_audit_revision_history.revision_date	1	2019-11-27		
6N8F	2019-02-13	_pdbx_audit_revision_history.revision_date	1	2019-02-13		
6N8H	2019-02-13	_pdbx_audit_revision_history.revision_date	1	2019-02-13		
6N8I	2019-02-13	_pdbx_audit_revision_history.revision_date	1	2019-02-13		
6NOA	2020-07-22	_pdbx_audit_revision_history.revision_date	1	2020-07-22		
6OD9	2019-07-17	_pdbx_audit_revision_history.revision_date	1	2019-07-17		
6OL3	2019-07-03	_pdbx_audit_revision_history.revision_date	1	2019-07-03		
6OWL	2020-02-26	_pdbx_audit_revision_history.revision_date	1	2020-02-26		
6P2H	2019-10-23	_pdbx_audit_revision_history.revision_date	1	2019-10-23		
6PK9	2020-07-01	_pdbx_audit_revision_history.revision_date	1	2020-07-01		
6PMO	2019-11-20	_pdbx_audit_revision_history.revision_date	1	2019-11-20		
6POM	2019-11-20	_pdbx_audit_revision_history.revision_date	1	2019-11-20		
6PQ7	2019-07-31	_pdbx_audit_revision_history.revision_date	1	2019-07-31		
6PRV	2020-01-08	_pdbx_audit_revision_history.revision_date	1	2020-01-08		
6Q57	2019-12-18	_pdbx_audit_revision_history.revision_date	1	2019-12-18		
6Q8V	2019-07-03	_pdbx_audit_revision_history.revision_date	1	2019-07-03		
6QIQ	2019-09-25	_pdbx_audit_revision_history.revision_date	1	2019-09-25		
6QIR	2019-09-25	_pdbx_audit_revision_history.revision_date	1	2019-09-25		
6QIS	2019-09-25	_pdbx_audit_revision_history.revision_date	1	2019-09-25		
6QIT	2019-09-25	_pdbx_audit_revision_history.revision_date	1	2019-09-25		
6QIV	2019-09-25	_pdbx_audit_revision_history.revision_date	1	2019-09-25		
6QN3	2019-06-12	_pdbx_audit_revision_history.revision_date	1	2019-06-12		
6QYZ	2019-06-12	_pdbx_audit_revision_history.revision_date	1	2019-06-12		
6R47	2019-07-03	_pdbx_audit_revision_history.revision_date	1	2019-07-03		
6SVS	2020-01-01	_pdbx_audit_revision_history.revision_date	1	2020-01-01		
6T3K	2020-05-13	_pdbx_audit_revision_history.revision_date	1	2020-05-13		
6T3N	2020-05-13	_pdbx_audit_revision_history.revision_date	1	2020-05-13		
6T3R	2020-05-13	_pdbx_audit_revision_history.revision_date	1	2020-05-13		
6T3S	2020-05-13	_pdbx_audit_revision_history.revision_date	1	2020-05-13		
6TB7	2020-09-30	_pdbx_audit_revision_history.revision_date	1	2020-09-30		
6TF0	2020-09-23	_pdbx_audit_revision_history.revision_date	1	2020-09-23		
6TF1	2020-09-23	_pdbx_audit_revision_history.revision_date	1	2020-09-23		
6TF2	2020-09-23	_pdbx_audit_revision_history.revision_date	1	2020-09-23		
6TF3	2020-09-23	_pdbx_audit_revision_history.revision_date	1	2020-09-23		
6TFE	2020-09-23	_pdbx_audit_revision_history.revision_date	1	2020-09-23		
6TFF	2020-09-23	_pdbx_audit_revision_history.revision_date	1	2020-09-23		
6TFG	2020-09-23	_pdbx_audit_revision_history.revision_date	1	2020-09-23		
6TFH	2020-09-23	_pdbx_audit_revision_history.revision_date	1	2020-09-23		
6TNA	1979-01-16	_pdbx_audit_revision_history.revision_date	1	1979-01-16		
6U6J	2019-11-20	_pdbx_audit_revision_history.revision_date	1	2019-11-20		
6U79	2020-08-26	_pdbx_audit_revision_history.revision_date	1	2020-08-26		
6U7Y	2020-12-09	_pdbx_audit_revision_history.revision_date	1	2020-12-09		
6U7Z	2020-12-09	_pdbx_audit_revision_history.revision_date	1	2020-12-09		
6U89	2020-12-09	_pdbx_audit_revision_history.revision_date	1	2020-12-09		
6U8F	2020-12-09	_pdbx_audit_revision_history.revision_date	1	2020-12-09		
6U8U	2020-12-09	_pdbx_audit_revision_history.revision_date	1	2020-12-09		
6UBU	2020-07-22	_pdbx_audit_revision_history.revision_date	1	2020-07-22		
6UC7	2020-07-22	_pdbx_audit_revision_history.revision_date	1	2020-07-22		
6UC8	2020-07-22	_pdbx_audit_revision_history.revision_date	1	2020-07-22		
6UC9	2020-07-22	_pdbx_audit_revision_history.revision_date	1	2020-07-22		
6UES	2019-12-18	_pdbx_audit_revision_history.revision_date	1	2019-12-18		
6UET	2019-12-18	_pdbx_audit_revision_history.revision_date	1	2019-12-18		
6UEY	2019-12-18	_pdbx_audit_revision_history.revision_date	1	2019-12-18		
6UF1	2019-12-18	_pdbx_audit_revision_history.revision_date	1	2019-12-18		
6UFG	2019-11-20	_pdbx_audit_revision_history.revision_date	1	2019-11-20		
6UFH	2019-11-20	_pdbx_audit_revision_history.revision_date	1	2019-11-20		
6UFJ	2019-12-18	_pdbx_audit_revision_history.revision_date	1	2019-12-18		
6UFK	2019-12-18	_pdbx_audit_revision_history.revision_date	1	2019-12-18		
6UFM	2019-12-04	_pdbx_audit_revision_history.revision_date	1	2019-12-04		
6UGG	2020-01-01	_pdbx_audit_revision_history.revision_date	1	2020-01-01		
6UGI	2020-01-01	_pdbx_audit_revision_history.revision_date	1	2020-01-01		
6UGJ	2020-01-01	_pdbx_audit_revision_history.revision_date	1	2020-01-01		
6UP0	2020-10-21	_pdbx_audit_revision_history.revision_date	1	2020-10-21		
6V9B	2020-05-20	_pdbx_audit_revision_history.revision_date	1	2020-05-20		
6V9D	2020-05-20	_pdbx_audit_revision_history.revision_date	1	2020-05-20		
6VA1	2020-05-20	_pdbx_audit_revision_history.revision_date	1	2020-05-20		
6VA2	2020-05-20	_pdbx_audit_revision_history.revision_date	1	2020-05-20		
6VA3	2020-05-20	_pdbx_audit_revision_history.revision_date	1	2020-05-20		
6VA4	2020-05-20	_pdbx_audit_revision_history.revision_date	1	2020-05-20		
6VAR	2020-12-30	_pdbx_audit_revision_history.revision_date	1	2020-12-30		
6VEM	2020-11-18	_pdbx_audit_revision_history.revision_date	1	2020-11-18		
6VMY	2020-06-10	_pdbx_audit_revision_history.revision_date	1	2020-06-10		
6VU1	2020-04-29	_pdbx_audit_revision_history.revision_date	1	2020-04-29		
6VUH	2020-06-24	_pdbx_audit_revision_history.revision_date	1	2020-06-24		
6VUI	2020-06-24	_pdbx_audit_revision_history.revision_date	1	2020-06-24		
6VVJ	2020-04-29	_pdbx_audit_revision_history.revision_date	1	2020-04-29		
6VWT	2020-11-11	_pdbx_audit_revision_history.revision_date	1	2020-11-11		
6VWV	2020-11-11	_pdbx_audit_revision_history.revision_date	1	2020-11-11		
6VZC	2020-09-02	_pdbx_audit_revision_history.revision_date	1	2020-09-02		
6W3M	2020-09-23	_pdbx_audit_revision_history.revision_date	1	2020-09-23		
6WJR	2020-09-02	_pdbx_audit_revision_history.revision_date	1	2020-09-02		
6WJS	2020-09-02	_pdbx_audit_revision_history.revision_date	1	2020-09-02		
6WLJ	2020-07-08	_pdbx_audit_revision_history.revision_date	1	2020-07-08		
6WLK	2020-07-08	_pdbx_audit_revision_history.revision_date	1	2020-07-08		
6WLL	2020-07-08	_pdbx_audit_revision_history.revision_date	1	2020-07-08		
6WLM	2020-07-08	_pdbx_audit_revision_history.revision_date	1	2020-07-08		
6WLN	2020-07-08	_pdbx_audit_revision_history.revision_date	1	2020-07-08		
6WLO	2020-07-08	_pdbx_audit_revision_history.revision_date	1	2020-07-08		
6WLQ	2020-07-08	_pdbx_audit_revision_history.revision_date	1	2020-07-08		
6WLR	2020-07-08	_pdbx_audit_revision_history.revision_date	1	2020-07-08		
6WLS	2020-07-08	_pdbx_audit_revision_history.revision_date	1	2020-07-08		
6WLT	2020-07-08	_pdbx_audit_revision_history.revision_date	1	2020-07-08		
6WLU	2020-07-08	_pdbx_audit_revision_history.revision_date	1	2020-07-08		
6WTL	2021-05-05	_pdbx_audit_revision_history.revision_date	1	2021-05-05		
6WTR	2021-05-05	_pdbx_audit_revision_history.revision_date	1	2021-05-05		
6WY2	2020-09-02	_pdbx_audit_revision_history.revision_date	1	2020-09-02		
6WY3	2020-09-02	_pdbx_audit_revision_history.revision_date	1	2020-09-02		
6WZR	2021-03-24	_pdbx_audit_revision_history.revision_date	1	2021-03-24		
6WZS	2021-03-24	_pdbx_audit_revision_history.revision_date	1	2021-03-24		
6XB7	2020-09-02	_pdbx_audit_revision_history.revision_date	1	2020-09-02		
6XKN	2021-12-29	_pdbx_audit_revision_history.revision_date	1	2021-12-29		
6XKO	2021-12-29	_pdbx_audit_revision_history.revision_date	1	2021-12-29		
6XRQ	2021-07-28	_pdbx_audit_revision_history.revision_date	1	2021-07-28		
6XRZ	2020-08-19	_pdbx_audit_revision_history.revision_date	1	2020-08-19		
6XUR	2020-02-19	_pdbx_audit_revision_history.revision_date	1	2020-02-19		
6XUS	2021-02-03	_pdbx_audit_revision_history.revision_date	1	2021-02-03		
6XWJ	2020-05-27	_pdbx_audit_revision_history.revision_date	1	2020-05-27		
6XWW	2020-05-27	_pdbx_audit_revision_history.revision_date	1	2020-05-27		
6XXA	2020-05-27	_pdbx_audit_revision_history.revision_date	1	2020-05-27		
6XXB	2020-05-27	_pdbx_audit_revision_history.revision_date	1	2020-05-27		
6Y0T	2021-02-17	_pdbx_audit_revision_history.revision_date	1	2021-02-17		
6Y0Y	2021-02-17	_pdbx_audit_revision_history.revision_date	1	2021-02-17		
6Y3G	2020-12-30	_pdbx_audit_revision_history.revision_date	1	2020-12-30		
6YL5	2020-07-22	_pdbx_audit_revision_history.revision_date	1	2020-07-22		
6YLB	2020-07-22	_pdbx_audit_revision_history.revision_date	1	2020-07-22		
6YMC	2022-04-20	_pdbx_audit_revision_history.revision_date	1	2022-04-20		
6YMI	2020-07-22	_pdbx_audit_revision_history.revision_date	1	2020-07-22		
6YMJ	2020-07-22	_pdbx_audit_revision_history.revision_date	1	2020-07-22		
6YMK	2020-07-22	_pdbx_audit_revision_history.revision_date	1	2020-07-22		
6YML	2020-07-22	_pdbx_audit_revision_history.revision_date	1	2020-07-22		
6YMM	2020-07-22	_pdbx_audit_revision_history.revision_date	1	2020-07-22		
6Z18	2020-09-02	_pdbx_audit_revision_history.revision_date	1	2020-09-02		
6ZPF	2021-05-26	_pdbx_audit_revision_history.revision_date	1	2021-05-26		
6ZQ9	2021-05-26	_pdbx_audit_revision_history.revision_date	1	2021-05-26		
6ZR1	2021-05-26	_pdbx_audit_revision_history.revision_date	1	2021-05-26		
6ZRL	2021-05-26	_pdbx_audit_revision_history.revision_date	1	2021-05-26		
6ZRS	2021-05-26	_pdbx_audit_revision_history.revision_date	1	2021-05-26		
6ZW3	2021-05-26	_pdbx_audit_revision_history.revision_date	1	2021-05-26		
6ZWU	2021-05-26	_pdbx_audit_revision_history.revision_date	1	2021-05-26		
6ZX5	2021-05-26	_pdbx_audit_revision_history.revision_date	1	2021-05-26		
6ZX8	2021-05-26	_pdbx_audit_revision_history.revision_date	1	2021-05-26		
6ZXZ	2020-12-16	_pdbx_audit_revision_history.revision_date	1	2020-12-16		
6ZYB	2020-12-16	_pdbx_audit_revision_history.revision_date	1	2020-12-16		
7A3Y	2021-03-10	_pdbx_audit_revision_history.revision_date	1	2021-03-10		
7A9L	2021-05-26	_pdbx_audit_revision_history.revision_date	1	2021-05-26		
7A9N	2021-05-26	_pdbx_audit_revision_history.revision_date	1	2021-05-26		
7A9O	2021-05-26	_pdbx_audit_revision_history.revision_date	1	2021-05-26		
7A9P	2021-05-26	_pdbx_audit_revision_history.revision_date	1	2021-05-26		
7A9Q	2021-05-26	_pdbx_audit_revision_history.revision_date	1	2021-05-26		
7A9R	2021-05-26	_pdbx_audit_revision_history.revision_date	1	2021-05-26		
7A9S	2021-05-26	_pdbx_audit_revision_history.revision_date	1	2021-05-26		
7A9T	2021-05-26	_pdbx_audit_revision_history.revision_date	1	2021-05-26		
7D12	2021-05-12	_pdbx_audit_revision_history.revision_date	1	2021-05-12		
7D7W	2020-11-25	_pdbx_audit_revision_history.revision_date	1	2020-11-25		
7D7X	2020-11-25	_pdbx_audit_revision_history.revision_date	1	2020-11-25		
7D7Y	2020-11-25	_pdbx_audit_revision_history.revision_date	1	2020-11-25		
7D7Z	2020-11-25	_pdbx_audit_revision_history.revision_date	1	2020-11-25		
7D81	2020-11-25	_pdbx_audit_revision_history.revision_date	1	2020-11-25		
7D82	2020-11-25	_pdbx_audit_revision_history.revision_date	1	2020-11-25		
7DD4	2021-06-09	_pdbx_audit_revision_history.revision_date	1	2021-06-09		
7E9E	2021-11-17	_pdbx_audit_revision_history.revision_date	1	2021-11-17		
7E9I	2021-11-17	_pdbx_audit_revision_history.revision_date	1	2021-11-17		
7EAF	2021-06-02	_pdbx_audit_revision_history.revision_date	1	2021-06-02		
7EAG	2021-06-02	_pdbx_audit_revision_history.revision_date	1	2021-06-02		
7ECJ	2022-03-16	_pdbx_audit_revision_history.revision_date	1	2022-03-16		
7ECK	2022-03-16	_pdbx_audit_revision_history.revision_date	1	2022-03-16		
7ECL	2022-03-16	_pdbx_audit_revision_history.revision_date	1	2022-03-16		
7ECM	2022-03-16	_pdbx_audit_revision_history.revision_date	1	2022-03-16		
7ECN	2022-03-16	_pdbx_audit_revision_history.revision_date	1	2022-03-16		
7ECO	2022-03-16	_pdbx_audit_revision_history.revision_date	1	2022-03-16		
7ECP	2022-03-16	_pdbx_audit_revision_history.revision_date	1	2022-03-16		
7EDL	2022-03-16	_pdbx_audit_revision_history.revision_date	1	2022-03-16		
7EDM	2022-03-16	_pdbx_audit_revision_history.revision_date	1	2022-03-16		
7EDN	2022-03-16	_pdbx_audit_revision_history.revision_date	1	2022-03-16		
7EDT	2022-03-23	_pdbx_audit_revision_history.revision_date	1	2022-03-23		
7EDU	2022-03-23	_pdbx_audit_revision_history.revision_date	1	2022-03-23		
7EEM	2022-03-23	_pdbx_audit_revision_history.revision_date	1	2022-03-23		
7EFG	2022-04-13	_pdbx_audit_revision_history.revision_date	1	2022-04-13		
7EFH	2022-03-23	_pdbx_audit_revision_history.revision_date	1	2022-03-23		
7EI7	2022-03-30	_pdbx_audit_revision_history.revision_date	1	2022-03-30		
7EI8	2022-03-30	_pdbx_audit_revision_history.revision_date	1	2022-03-30		
7EI9	2022-03-30	_pdbx_audit_revision_history.revision_date	1	2022-03-30		
7EIA	2022-03-30	_pdbx_audit_revision_history.revision_date	1	2022-03-30		
7ELP	2021-06-30	_pdbx_audit_revision_history.revision_date	1	2021-06-30		
7ELQ	2021-06-30	_pdbx_audit_revision_history.revision_date	1	2021-06-30		
7ELR	2021-06-30	_pdbx_audit_revision_history.revision_date	1	2021-06-30		
7ELS	2021-06-30	_pdbx_audit_revision_history.revision_date	1	2021-06-30		
7EOG	2021-11-24	_pdbx_audit_revision_history.revision_date	1	2021-11-24		
7EOH	2021-11-24	_pdbx_audit_revision_history.revision_date	1	2021-11-24		
7EOI	2021-11-24	_pdbx_audit_revision_history.revision_date	1	2021-11-24		
7EOJ	2021-11-24	_pdbx_audit_revision_history.revision_date	1	2021-11-24		
7EOK	2021-11-24	_pdbx_audit_revision_history.revision_date	1	2021-11-24		
7EOL	2021-11-24	_pdbx_audit_revision_history.revision_date	1	2021-11-24		
7EOM	2021-11-24	_pdbx_audit_revision_history.revision_date	1	2021-11-24		
7EON	2021-11-24	_pdbx_audit_revision_history.revision_date	1	2021-11-24		
7EOO	2021-11-24	_pdbx_audit_revision_history.revision_date	1	2021-11-24		
7EOP	2021-11-24	_pdbx_audit_revision_history.revision_date	1	2021-11-24		
7EQJ	2022-01-19	_pdbx_audit_revision_history.revision_date	1	2022-01-19		
7EXY	2022-03-02	_pdbx_audit_revision_history.revision_date	1	2022-03-02		
7EZ0	2021-08-25	_pdbx_audit_revision_history.revision_date	1	2021-08-25		
7EZ2	2021-08-25	_pdbx_audit_revision_history.revision_date	1	2021-08-25		
7F8Z	2022-07-06	_pdbx_audit_revision_history.revision_date	1	2022-07-06		
7FHI	2021-12-01	_pdbx_audit_revision_history.revision_date	1	2021-12-01		
7FJ0	2021-12-01	_pdbx_audit_revision_history.revision_date	1	2021-12-01		
7JJD	2020-12-23	_pdbx_audit_revision_history.revision_date	1	2020-12-23		
7JJE	2020-12-23	_pdbx_audit_revision_history.revision_date	1	2020-12-23		
7JJF	2020-12-23	_pdbx_audit_revision_history.revision_date	1	2020-12-23		
7JJU	2020-09-09	_pdbx_audit_revision_history.revision_date	1	2020-09-09		
7JNH	2021-01-20	_pdbx_audit_revision_history.revision_date	1	2021-01-20		
7JRR	2021-09-08	_pdbx_audit_revision_history.revision_date	1	2021-09-08		
7JRS	2021-09-08	_pdbx_audit_revision_history.revision_date	1	2021-09-08		
7JRT	2021-09-08	_pdbx_audit_revision_history.revision_date	1	2021-09-08		
7JU1	2020-10-07	_pdbx_audit_revision_history.revision_date	1	2020-10-07		
7K16	2020-10-14	_pdbx_audit_revision_history.revision_date	1	2020-10-14		
7K4L	2021-09-29	_pdbx_audit_revision_history.revision_date	1	2021-09-29		
7KD1	2021-03-03	_pdbx_audit_revision_history.revision_date	1	2021-03-03		
7KGA	2021-06-23	_pdbx_audit_revision_history.revision_date	1	2021-06-23		
7KJU	2020-12-02	_pdbx_audit_revision_history.revision_date	1	2020-12-02		
7KUB	2022-06-01	_pdbx_audit_revision_history.revision_date	1	2022-06-01		
7KUC	2022-06-01	_pdbx_audit_revision_history.revision_date	1	2022-06-01		
7KUD	2022-06-01	_pdbx_audit_revision_history.revision_date	1	2022-06-01		
7KUK	2021-09-08	_pdbx_audit_revision_history.revision_date	1	2021-09-08		
7KUM	2021-09-08	_pdbx_audit_revision_history.revision_date	1	2021-09-08		
7KUN	2021-09-08	_pdbx_audit_revision_history.revision_date	1	2021-09-08		
7KUO	2021-09-08	_pdbx_audit_revision_history.revision_date	1	2021-09-08		
7KUP	2021-09-08	_pdbx_audit_revision_history.revision_date	1	2021-09-08		
7KVT	2022-01-19	_pdbx_audit_revision_history.revision_date	1	2022-01-19		
7KVU	2022-01-19	_pdbx_audit_revision_history.revision_date	1	2022-01-19		
7KVV	2022-01-19	_pdbx_audit_revision_history.revision_date	1	2022-01-19		
7L0Z	2021-05-26	_pdbx_audit_revision_history.revision_date	1	2021-05-26		
7L3R	2021-05-05	_pdbx_audit_revision_history.revision_date	1	2021-05-05		
7LJY	2021-04-14	_pdbx_audit_revision_history.revision_date	1	2021-04-14		
7LNE	2021-09-08	_pdbx_audit_revision_history.revision_date	1	2021-09-08		
7LNF	2021-09-08	_pdbx_audit_revision_history.revision_date	1	2021-09-08		
7LNG	2021-09-08	_pdbx_audit_revision_history.revision_date	1	2021-09-08		
7LO9	2021-12-22	_pdbx_audit_revision_history.revision_date	1	2021-12-22		
7LVA	2021-03-17	_pdbx_audit_revision_history.revision_date	1	2021-03-17		
7LYF	2021-05-12	_pdbx_audit_revision_history.revision_date	1	2021-05-12		
7LYG	2021-05-12	_pdbx_audit_revision_history.revision_date	1	2021-05-12		
7LYJ	2021-05-26	_pdbx_audit_revision_history.revision_date	1	2021-05-26		
7M3V	2022-03-23	_pdbx_audit_revision_history.revision_date	1	2022-03-23		
7MKT	2022-11-02	_pdbx_audit_revision_history.revision_date	1	2022-11-02		
7MKY	2021-05-26	_pdbx_audit_revision_history.revision_date	1	2021-05-26		
7MLW	2022-01-12	_pdbx_audit_revision_history.revision_date	1	2022-01-12		
7OA3	2021-06-16	_pdbx_audit_revision_history.revision_date	1	2021-06-16		
7OAV	2021-06-16	_pdbx_audit_revision_history.revision_date	1	2021-06-16		
7OAW	2021-06-16	_pdbx_audit_revision_history.revision_date	1	2021-06-16		
7OAX	2021-06-16	_pdbx_audit_revision_history.revision_date	1	2021-06-16		
7OUO	2022-03-30	_pdbx_audit_revision_history.revision_date	1	2022-03-30		
7POF	2022-03-16	_pdbx_audit_revision_history.revision_date	1	2022-03-16		
7PS8	2023-04-05	_pdbx_audit_revision_history.revision_date	1	2023-04-05		
7PTK	2022-10-05	_pdbx_audit_revision_history.revision_date	1	2022-10-05		
7PTL	2022-10-05	_pdbx_audit_revision_history.revision_date	1	2022-10-05		
7PTQ	2022-10-05	_pdbx_audit_revision_history.revision_date	1	2022-10-05		
7PTS	2022-10-05	_pdbx_audit_revision_history.revision_date	1	2022-10-05		
7Q48	2022-11-16	_pdbx_audit_revision_history.revision_date	1	2022-11-16		
7Q6L	2022-11-16	_pdbx_audit_revision_history.revision_date	1	2022-11-16		
7Q7X	2022-03-23	_pdbx_audit_revision_history.revision_date	1	2022-03-23		
7Q7Y	2022-03-23	_pdbx_audit_revision_history.revision_date	1	2022-03-23		
7Q7Z	2022-03-23	_pdbx_audit_revision_history.revision_date	1	2022-03-23		
7Q80	2022-03-23	_pdbx_audit_revision_history.revision_date	1	2022-03-23		
7Q81	2022-03-23	_pdbx_audit_revision_history.revision_date	1	2022-03-23		
7Q82	2022-03-23	_pdbx_audit_revision_history.revision_date	1	2022-03-23		
7QA2	2022-11-23	_pdbx_audit_revision_history.revision_date	1	2022-11-23		
7QDU	2022-12-14	_pdbx_audit_revision_history.revision_date	1	2022-12-14		
7QP2	2022-07-20	_pdbx_audit_revision_history.revision_date	1	2022-07-20		
7QSH	2023-01-25	_pdbx_audit_revision_history.revision_date	1	2023-01-25		
7QTN	2023-01-25	_pdbx_audit_revision_history.revision_date	1	2023-01-25		
7QUA	2023-01-25	_pdbx_audit_revision_history.revision_date	1	2023-01-25		
7R6N	2022-05-04	_pdbx_audit_revision_history.revision_date	1	2022-05-04		
7REX	2021-12-29	_pdbx_audit_revision_history.revision_date	1	2021-12-29		
7RWR	2022-07-20	_pdbx_audit_revision_history.revision_date	1	2022-07-20		
7SAM	2021-12-01	_pdbx_audit_revision_history.revision_date	1	2021-12-01		
7SHX	2022-10-19	_pdbx_audit_revision_history.revision_date	1	2022-10-19		
7SXP	2023-05-31	_pdbx_audit_revision_history.revision_date	1	2023-05-31		
7TD7	2022-02-16	_pdbx_audit_revision_history.revision_date	1	2022-02-16		
7TDA	2022-02-16	_pdbx_audit_revision_history.revision_date	1	2022-02-16		
7TDB	2022-02-16	_pdbx_audit_revision_history.revision_date	1	2022-02-16		
7TDC	2022-02-16	_pdbx_audit_revision_history.revision_date	1	2022-02-16		
7TZR	2022-05-25	_pdbx_audit_revision_history.revision_date	1	2022-05-25		
7TZS	2022-05-25	_pdbx_audit_revision_history.revision_date	1	2022-05-25		
7TZT	2022-05-25	_pdbx_audit_revision_history.revision_date	1	2022-05-25		
7TZU	2022-05-25	_pdbx_audit_revision_history.revision_date	1	2022-05-25		
7U4A	2023-09-06	_pdbx_audit_revision_history.revision_date	1	2023-09-06		
7U87	2023-03-15	_pdbx_audit_revision_history.revision_date	1	2023-03-15		
7U88	2023-03-15	_pdbx_audit_revision_history.revision_date	1	2023-03-15		
7U89	2023-03-15	_pdbx_audit_revision_history.revision_date	1	2023-03-15		
7U8A	2023-03-15	_pdbx_audit_revision_history.revision_date	1	2023-03-15		
7U8B	2023-03-15	_pdbx_audit_revision_history.revision_date	1	2023-03-15		
7UCR	2022-07-20	_pdbx_audit_revision_history.revision_date	1	2022-07-20		
7UGA	2022-04-13	_pdbx_audit_revision_history.revision_date	1	2022-04-13		
7UMC	2022-07-06	_pdbx_audit_revision_history.revision_date	1	2022-07-06		
7UMD	2022-07-06	_pdbx_audit_revision_history.revision_date	1	2022-07-06		
7UME	2022-07-06	_pdbx_audit_revision_history.revision_date	1	2022-07-06		
7UQ6	2022-06-15	_pdbx_audit_revision_history.revision_date	1	2022-06-15		
7UR5	2022-08-10	_pdbx_audit_revision_history.revision_date	1	2022-08-10		
7URI	2022-08-10	_pdbx_audit_revision_history.revision_date	1	2022-08-10		
7URM	2022-08-10	_pdbx_audit_revision_history.revision_date	1	2022-08-10		
7UVT	2022-08-31	_pdbx_audit_revision_history.revision_date	1	2022-08-31		
7UZ0	2022-06-08	_pdbx_audit_revision_history.revision_date	1	2022-06-08		
7V06	2022-06-29	_pdbx_audit_revision_history.revision_date	1	2022-06-29		
7V9E	2022-03-23	_pdbx_audit_revision_history.revision_date	1	2022-03-23		
7VFT	2022-06-15	_pdbx_audit_revision_history.revision_date	1	2022-06-15		
7VNV	2022-05-04	_pdbx_audit_revision_history.revision_date	1	2022-05-04		
7VNW	2022-05-04	_pdbx_audit_revision_history.revision_date	1	2022-05-04		
7WI9	2023-01-18	_pdbx_audit_revision_history.revision_date	1	2023-01-18		
7WIA	2023-01-18	_pdbx_audit_revision_history.revision_date	1	2023-01-18		
7WIB	2023-01-18	_pdbx_audit_revision_history.revision_date	1	2023-01-18		
7WIE	2023-01-18	_pdbx_audit_revision_history.revision_date	1	2023-01-18		
7WIF	2023-01-18	_pdbx_audit_revision_history.revision_date	1	2023-01-18		
7WII	2023-01-18	_pdbx_audit_revision_history.revision_date	1	2023-01-18		
7XD3	2023-03-29	_pdbx_audit_revision_history.revision_date	1	2023-03-29		
7XD4	2023-03-29	_pdbx_audit_revision_history.revision_date	1	2023-03-29		
7XD5	2023-04-05	_pdbx_audit_revision_history.revision_date	1	2023-04-05		
7XD6	2023-04-05	_pdbx_audit_revision_history.revision_date	1	2023-04-05		
7XD7	2023-03-29	_pdbx_audit_revision_history.revision_date	1	2023-03-29		
7XSK	2022-08-03	_pdbx_audit_revision_history.revision_date	1	2022-08-03		
7XSL	2022-08-03	_pdbx_audit_revision_history.revision_date	1	2022-08-03		
7XSM	2022-08-03	_pdbx_audit_revision_history.revision_date	1	2022-08-03		
7XSN	2022-08-03	_pdbx_audit_revision_history.revision_date	1	2022-08-03		
7Y2B	2023-05-31	_pdbx_audit_revision_history.revision_date	1	2023-05-31		
7Y2P	2023-05-31	_pdbx_audit_revision_history.revision_date	1	2023-05-31		
7Y8P	2023-05-03	_pdbx_audit_revision_history.revision_date	1	2023-05-03		
7YC8	2023-07-05	_pdbx_audit_revision_history.revision_date	1	2023-07-05		
7YCG	2023-07-05	_pdbx_audit_revision_history.revision_date	1	2023-07-05		
7YCH	2023-07-05	_pdbx_audit_revision_history.revision_date	1	2023-07-05		
7YCI	2023-07-05	_pdbx_audit_revision_history.revision_date	1	2023-07-05		
7YG8	2023-03-29	_pdbx_audit_revision_history.revision_date	1	2023-03-29		
7YG9	2023-03-29	_pdbx_audit_revision_history.revision_date	1	2023-03-29		
7YGA	2023-03-29	_pdbx_audit_revision_history.revision_date	1	2023-03-29		
7YGB	2023-03-29	_pdbx_audit_revision_history.revision_date	1	2023-03-29		
7YGC	2023-03-29	_pdbx_audit_revision_history.revision_date	1	2023-03-29		
7YGD	2023-03-29	_pdbx_audit_revision_history.revision_date	1	2023-03-29		
7ZFW	2022-11-23	_pdbx_audit_revision_history.revision_date	1	2022-11-23		
7ZJ4	2023-04-19	_pdbx_audit_revision_history.revision_date	1	2023-04-19		
7ZJ5	2023-04-19	_pdbx_audit_revision_history.revision_date	1	2023-04-19		
8AMG	2022-11-23	_pdbx_audit_revision_history.revision_date	1	2022-11-23		
8AMI	2022-11-23	_pdbx_audit_revision_history.revision_date	1	2022-11-23		
8AMJ	2022-11-23	_pdbx_audit_revision_history.revision_date	1	2022-11-23		
8AMK	2022-11-23	_pdbx_audit_revision_history.revision_date	1	2022-11-23		
8AML	2022-11-23	_pdbx_audit_revision_history.revision_date	1	2022-11-23		
8AMM	2022-11-23	_pdbx_audit_revision_history.revision_date	1	2022-11-23		
8AMN	2022-11-23	_pdbx_audit_revision_history.revision_date	1	2022-11-23		
8BTZ	2022-12-28	_pdbx_audit_revision_history.revision_date	1	2022-12-28		
8BU8	2024-01-24	_pdbx_audit_revision_history.revision_date	1	2024-01-24		
8BWT	2023-08-30	_pdbx_audit_revision_history.revision_date	1	2023-08-30		
8CF2	2024-02-21	_pdbx_audit_revision_history.revision_date	1	2024-02-21		
8CLM	2023-03-01	_pdbx_audit_revision_history.revision_date	1	2023-03-01		
8CLR	2023-07-19	_pdbx_audit_revision_history.revision_date	1	2023-07-19		
8CQ1	2023-09-20	_pdbx_audit_revision_history.revision_date	1	2023-09-20		
8D28	2022-11-30	_pdbx_audit_revision_history.revision_date	1	2022-11-30		
8D2A	2022-11-30	_pdbx_audit_revision_history.revision_date	1	2022-11-30		
8D2B	2022-11-30	_pdbx_audit_revision_history.revision_date	1	2022-11-30		
8D5L	2022-11-30	_pdbx_audit_revision_history.revision_date	1	2022-11-30		
8D5O	2022-11-30	_pdbx_audit_revision_history.revision_date	1	2022-11-30		
8EYU	2023-05-31	_pdbx_audit_revision_history.revision_date	1	2023-05-31		
8EYV	2023-05-31	_pdbx_audit_revision_history.revision_date	1	2023-05-31		
8EYW	2023-05-31	_pdbx_audit_revision_history.revision_date	1	2023-05-31		
8F0N	2023-05-31	_pdbx_audit_revision_history.revision_date	1	2023-05-31		
8F24	2023-04-12	_pdbx_audit_revision_history.revision_date	1	2023-04-12		
8F4O	2023-05-17	_pdbx_audit_revision_history.revision_date	1	2023-05-17		
8FB3	2023-02-22	_pdbx_audit_revision_history.revision_date	1	2023-02-22		
8FCS	2023-02-22	_pdbx_audit_revision_history.revision_date	1	2023-02-22		
8FEO	2024-01-24	_pdbx_audit_revision_history.revision_date	1	2024-01-24		
8FEP	2024-01-24	_pdbx_audit_revision_history.revision_date	1	2024-01-24		
8FEQ	2024-01-24	_pdbx_audit_revision_history.revision_date	1	2024-01-24		
8FER	2024-01-24	_pdbx_audit_revision_history.revision_date	1	2024-01-24		
8FW4	2023-07-26	_pdbx_audit_revision_history.revision_date	1	2023-07-26		
8FZA	2023-08-30	_pdbx_audit_revision_history.revision_date	1	2023-08-30		
8HB1	2023-03-22	_pdbx_audit_revision_history.revision_date	1	2023-03-22		
8HB3	2023-03-22	_pdbx_audit_revision_history.revision_date	1	2023-03-22		
8HB8	2023-03-22	_pdbx_audit_revision_history.revision_date	1	2023-03-22		
8HBA	2023-03-22	_pdbx_audit_revision_history.revision_date	1	2023-03-22		
8HD6	2023-03-29	_pdbx_audit_revision_history.revision_date	1	2023-03-29		
8HD7	2023-03-29	_pdbx_audit_revision_history.revision_date	1	2023-03-29		
8HZD	2024-06-19	_pdbx_audit_revision_history.revision_date	1	2024-06-19		
8HZE	2024-06-19	_pdbx_audit_revision_history.revision_date	1	2024-06-19		
8HZF	2024-06-19	_pdbx_audit_revision_history.revision_date	1	2024-06-19		
8HZJ	2024-06-19	_pdbx_audit_revision_history.revision_date	1	2024-06-19		
8HZK	2024-06-19	_pdbx_audit_revision_history.revision_date	1	2024-06-19		
8HZL	2024-06-19	_pdbx_audit_revision_history.revision_date	1	2024-06-19		
8HZM	2024-06-19	_pdbx_audit_revision_history.revision_date	1	2024-06-19		
8I3Z	2023-03-22	_pdbx_audit_revision_history.revision_date	1	2023-03-22		
8I43	2023-03-29	_pdbx_audit_revision_history.revision_date	1	2023-03-29		
8I44	2023-03-29	_pdbx_audit_revision_history.revision_date	1	2023-03-29		
8I45	2023-03-29	_pdbx_audit_revision_history.revision_date	1	2023-03-29		
8I46	2023-03-29	_pdbx_audit_revision_history.revision_date	1	2023-03-29		
8I7N	2023-03-29	_pdbx_audit_revision_history.revision_date	1	2023-03-29		
8ITS	2024-03-27	_pdbx_audit_revision_history.revision_date	1	2024-03-27		
8JHP	2024-05-29	_pdbx_audit_revision_history.revision_date	1	2024-05-29		
8K0P	2024-05-15	_pdbx_audit_revision_history.revision_date	1	2024-05-15		
8K0S	2024-05-01	_pdbx_audit_revision_history.revision_date	1	2024-05-01		
8K0Y	2025-01-15	_pdbx_audit_revision_history.revision_date	1	2025-01-15		
8K15	2024-05-15	_pdbx_audit_revision_history.revision_date	1	2024-05-15		
8K1E	2025-01-15	_pdbx_audit_revision_history.revision_date	1	2025-01-15		
8K2Z	2025-01-15	_pdbx_audit_revision_history.revision_date	1	2025-01-15		
8K30	2025-01-15	_pdbx_audit_revision_history.revision_date	1	2025-01-15		
8K7W	2025-01-29	_pdbx_audit_revision_history.revision_date	1	2025-01-29		
8K85	2025-02-12	_pdbx_audit_revision_history.revision_date	1	2025-02-12		
8K8B	2024-06-05	_pdbx_audit_revision_history.revision_date	1	2024-06-05		
8KEB	2025-02-19	_pdbx_audit_revision_history.revision_date	1	2025-02-19		
8KED	2025-02-19	_pdbx_audit_revision_history.revision_date	1	2025-02-19		
8KHH	2025-02-26	_pdbx_audit_revision_history.revision_date	1	2025-02-26		
8OLS	2024-06-19	_pdbx_audit_revision_history.revision_date	1	2024-06-19		
8OLV	2024-06-19	_pdbx_audit_revision_history.revision_date	1	2024-06-19		
8OLW	2024-06-19	_pdbx_audit_revision_history.revision_date	1	2024-06-19		
8OLY	2024-06-19	_pdbx_audit_revision_history.revision_date	1	2024-06-19		
8OLZ	2024-06-19	_pdbx_audit_revision_history.revision_date	1	2024-06-19		
8OM0	2024-06-19	_pdbx_audit_revision_history.revision_date	1	2024-06-19		
8PFK	2024-01-31	_pdbx_audit_revision_history.revision_date	1	2024-01-31		
8PFQ	2024-01-31	_pdbx_audit_revision_history.revision_date	1	2024-01-31		
8Q4O	2024-03-06	_pdbx_audit_revision_history.revision_date	1	2024-03-06		
8Q6N	2024-08-28	_pdbx_audit_revision_history.revision_date	1	2024-08-28		
8QMH	2024-05-01	_pdbx_audit_revision_history.revision_date	1	2024-05-01		
8QMI	2024-05-01	_pdbx_audit_revision_history.revision_date	1	2024-05-01		
8QO2	2024-03-06	_pdbx_audit_revision_history.revision_date	1	2024-03-06		
8QO3	2024-03-06	_pdbx_audit_revision_history.revision_date	1	2024-03-06		
8QO4	2024-03-06	_pdbx_audit_revision_history.revision_date	1	2024-03-06		
8QO5	2024-03-06	_pdbx_audit_revision_history.revision_date	1	2024-03-06		
8R62	2024-03-06	_pdbx_audit_revision_history.revision_date	1	2024-03-06		
8R63	2024-03-06	_pdbx_audit_revision_history.revision_date	1	2024-03-06		
8R8P	2024-03-06	_pdbx_audit_revision_history.revision_date	1	2024-03-06		
8RUH	2024-06-19	_pdbx_audit_revision_history.revision_date	1	2024-06-19		
8RUI	2024-06-19	_pdbx_audit_revision_history.revision_date	1	2024-06-19		
8RUJ	2024-06-19	_pdbx_audit_revision_history.revision_date	1	2024-06-19		
8RUK	2024-06-19	_pdbx_audit_revision_history.revision_date	1	2024-06-19		
8RUL	2024-06-19	_pdbx_audit_revision_history.revision_date	1	2024-06-19		
8RUM	2024-06-19	_pdbx_audit_revision_history.revision_date	1	2024-06-19		
8RUN	2024-06-19	_pdbx_audit_revision_history.revision_date	1	2024-06-19		
8S6W	2025-01-29	_pdbx_audit_revision_history.revision_date	1	2025-01-29		
8S95	2023-08-09	_pdbx_audit_revision_history.revision_date	1	2023-08-09		
8SA2	2023-07-26	_pdbx_audit_revision_history.revision_date	1	2023-07-26		
8SA3	2023-07-26	_pdbx_audit_revision_history.revision_date	1	2023-07-26		
8SA4	2023-07-26	_pdbx_audit_revision_history.revision_date	1	2023-07-26		
8SA5	2023-07-26	_pdbx_audit_revision_history.revision_date	1	2023-07-26		
8SA6	2023-07-26	_pdbx_audit_revision_history.revision_date	1	2023-07-26		
8SCF	2023-07-12	_pdbx_audit_revision_history.revision_date	1	2023-07-12		
8SCH	2023-07-12	_pdbx_audit_revision_history.revision_date	1	2023-07-12		
8SKQ	2024-02-14	_pdbx_audit_revision_history.revision_date	1	2024-02-14		
8SP9	2023-08-09	_pdbx_audit_revision_history.revision_date	1	2023-08-09		
8SWG	2023-05-31	_pdbx_audit_revision_history.revision_date	1	2023-05-31		
8SWO	2023-05-31	_pdbx_audit_revision_history.revision_date	1	2023-05-31		
8SX5	2023-05-31	_pdbx_audit_revision_history.revision_date	1	2023-05-31		
8SX6	2023-05-31	_pdbx_audit_revision_history.revision_date	1	2023-05-31		
8SXL	2023-05-31	_pdbx_audit_revision_history.revision_date	1	2023-05-31		
8SY1	2023-05-31	_pdbx_audit_revision_history.revision_date	1	2023-05-31		
8SYK	2025-02-19	_pdbx_audit_revision_history.revision_date	1	2025-02-19		
8T2P	2024-01-24	_pdbx_audit_revision_history.revision_date	1	2024-01-24		
8T5O	2025-02-19	_pdbx_audit_revision_history.revision_date	1	2025-02-19		
8TDY	2024-06-12	_pdbx_audit_revision_history.revision_date	1	2024-06-12		
8TDZ	2024-06-12	_pdbx_audit_revision_history.revision_date	1	2024-06-12		
8TE0	2024-06-12	_pdbx_audit_revision_history.revision_date	1	2024-06-12		
8TE2	2024-06-12	_pdbx_audit_revision_history.revision_date	1	2024-06-12		
8THV	2023-08-02	_pdbx_audit_revision_history.revision_date	1	2023-08-02		
8TJQ	2023-11-01	_pdbx_audit_revision_history.revision_date	1	2023-11-01		
8TJV	2023-11-01	_pdbx_audit_revision_history.revision_date	1	2023-11-01		
8TJX	2023-11-01	_pdbx_audit_revision_history.revision_date	1	2023-11-01		
8TKJ	2025-02-19	_pdbx_audit_revision_history.revision_date	1	2025-02-19		
8TKK	2025-02-19	_pdbx_audit_revision_history.revision_date	1	2025-02-19		
8TNS	2023-11-15	_pdbx_audit_revision_history.revision_date	1	2023-11-15		
8TOZ	2024-08-07	_pdbx_audit_revision_history.revision_date	1	2024-08-07		
8TQX	2024-03-06	_pdbx_audit_revision_history.revision_date	1	2024-03-06		
8TSV	2024-03-06	_pdbx_audit_revision_history.revision_date	1	2024-03-06		
8TVZ	2024-04-03	_pdbx_audit_revision_history.revision_date	1	2024-04-03		
8U3M	2023-10-04	_pdbx_audit_revision_history.revision_date	1	2023-10-04		
8U5J	2024-03-27	_pdbx_audit_revision_history.revision_date	1	2024-03-27		
8U5K	2024-03-27	_pdbx_audit_revision_history.revision_date	1	2024-03-27		
8U5P	2024-03-27	_pdbx_audit_revision_history.revision_date	1	2024-03-27		
8U5R	2024-03-27	_pdbx_audit_revision_history.revision_date	1	2024-03-27		
8U5T	2024-03-27	_pdbx_audit_revision_history.revision_date	1	2024-03-27		
8U5Z	2024-03-27	_pdbx_audit_revision_history.revision_date	1	2024-03-27		
8U60	2024-03-27	_pdbx_audit_revision_history.revision_date	1	2024-03-27		
8UO6	2024-06-05	_pdbx_audit_revision_history.revision_date	1	2024-06-05		
8UPT	2024-01-10	_pdbx_audit_revision_history.revision_date	1	2024-01-10		
8UPY	2024-09-04	_pdbx_audit_revision_history.revision_date	1	2024-09-04		
8UTG	2024-06-19	_pdbx_audit_revision_history.revision_date	1	2024-06-19		
8UYE	2023-12-06	_pdbx_audit_revision_history.revision_date	1	2023-12-06		
8UYG	2023-12-06	_pdbx_audit_revision_history.revision_date	1	2023-12-06		
8UYJ	2023-12-06	_pdbx_audit_revision_history.revision_date	1	2023-12-06		
8UYK	2023-12-06	_pdbx_audit_revision_history.revision_date	1	2023-12-06		
8UYL	2023-12-06	_pdbx_audit_revision_history.revision_date	1	2023-12-06		
8UYM	2023-12-06	_pdbx_audit_revision_history.revision_date	1	2023-12-06		
8UYP	2023-12-20	_pdbx_audit_revision_history.revision_date	1	2023-12-20		
8UYS	2023-12-06	_pdbx_audit_revision_history.revision_date	1	2023-12-06		
8V1H	2024-07-10	_pdbx_audit_revision_history.revision_date	1	2024-07-10		
8V1I	2024-07-10	_pdbx_audit_revision_history.revision_date	1	2024-07-10		
8VAW	2024-04-17	_pdbx_audit_revision_history.revision_date	1	2024-04-17		
8VAX	2024-04-17	_pdbx_audit_revision_history.revision_date	1	2024-04-17		
8VCI	2024-01-17	_pdbx_audit_revision_history.revision_date	1	2024-01-17		
8VFS	2024-12-25	_pdbx_audit_revision_history.revision_date	1	2024-12-25		
8VJT	2024-10-16	_pdbx_audit_revision_history.revision_date	1	2024-10-16		
8VPV	2024-10-02	_pdbx_audit_revision_history.revision_date	1	2024-10-02		
8VQV	2025-06-11	_pdbx_audit_revision_history.revision_date	1	2025-06-11		
8VT5	2024-07-24	_pdbx_audit_revision_history.revision_date	1	2024-07-24		
8VVJ	2025-06-11	_pdbx_audit_revision_history.revision_date	1	2025-06-11		
8VXX	2025-02-19	_pdbx_audit_revision_history.revision_date	1	2025-02-19		
8VXZ	2025-02-19	_pdbx_audit_revision_history.revision_date	1	2025-02-19		
8VY0	2025-02-19	_pdbx_audit_revision_history.revision_date	1	2025-02-19		
8VY1	2025-02-19	_pdbx_audit_revision_history.revision_date	1	2025-02-19		
8X0S	2024-06-19	_pdbx_audit_revision_history.revision_date	1	2024-06-19		
8X9K	2025-03-12	_pdbx_audit_revision_history.revision_date	1	2025-03-12		
8X9L	2025-03-12	_pdbx_audit_revision_history.revision_date	1	2025-03-12		
8X9M	2025-03-12	_pdbx_audit_revision_history.revision_date	1	2025-03-12		
8X9N	2025-03-12	_pdbx_audit_revision_history.revision_date	1	2025-03-12		
8X9O	2025-03-12	_pdbx_audit_revision_history.revision_date	1	2025-03-12		
8X9Q	2025-03-12	_pdbx_audit_revision_history.revision_date	1	2025-03-12		
8XTP	2025-02-12	_pdbx_audit_revision_history.revision_date	1	2025-02-12		
8XTQ	2025-02-12	_pdbx_audit_revision_history.revision_date	1	2025-02-12		
8XTR	2025-02-12	_pdbx_audit_revision_history.revision_date	1	2025-02-12		
8XTS	2025-02-12	_pdbx_audit_revision_history.revision_date	1	2025-02-12		
8XZE	2024-07-24	_pdbx_audit_revision_history.revision_date	1	2024-07-24		
8XZK	2024-07-24	_pdbx_audit_revision_history.revision_date	1	2024-07-24		
8XZL	2024-07-24	_pdbx_audit_revision_history.revision_date	1	2024-07-24		
8XZM	2024-07-24	_pdbx_audit_revision_history.revision_date	1	2024-07-24		
8XZN	2024-07-24	_pdbx_audit_revision_history.revision_date	1	2024-07-24		
8XZO	2024-07-24	_pdbx_audit_revision_history.revision_date	1	2024-07-24		
8XZP	2024-07-24	_pdbx_audit_revision_history.revision_date	1	2024-07-24		
8XZQ	2024-07-24	_pdbx_audit_revision_history.revision_date	1	2024-07-24		
8XZR	2024-07-24	_pdbx_audit_revision_history.revision_date	1	2024-07-24		
8XZW	2024-07-24	_pdbx_audit_revision_history.revision_date	1	2024-07-24		
8YAM	2024-09-11	_pdbx_audit_revision_history.revision_date	1	2024-09-11		
8YAN	2024-09-11	_pdbx_audit_revision_history.revision_date	1	2024-09-11		
8YNO	2024-11-20	_pdbx_audit_revision_history.revision_date	1	2024-11-20		
8YNP	2025-01-22	_pdbx_audit_revision_history.revision_date	1	2025-01-22		
8YZL	2025-03-12	_pdbx_audit_revision_history.revision_date	1	2025-03-12		
8Z8Q	2025-03-19	_pdbx_audit_revision_history.revision_date	1	2025-03-19		
8Z8U	2025-03-19	_pdbx_audit_revision_history.revision_date	1	2025-03-19		
8Z9K	2025-03-19	_pdbx_audit_revision_history.revision_date	1	2025-03-19		
8ZA0	2025-03-19	_pdbx_audit_revision_history.revision_date	1	2025-03-19		
8ZA4	2025-03-19	_pdbx_audit_revision_history.revision_date	1	2025-03-19		
8ZAU	2025-03-19	_pdbx_audit_revision_history.revision_date	1	2025-03-19		
8ZMH	2025-03-12	_pdbx_audit_revision_history.revision_date	1	2025-03-12		
8ZNQ	2025-06-04	_pdbx_audit_revision_history.revision_date	1	2025-06-04		
9BCI	2024-11-27	_pdbx_audit_revision_history.revision_date	1	2024-11-27		
9BLM	2024-11-27	_pdbx_audit_revision_history.revision_date	1	2024-11-27		
9BUN	2024-06-05	_pdbx_audit_revision_history.revision_date	1	2024-06-05		
9BXE	2025-04-02	_pdbx_audit_revision_history.revision_date	1	2025-04-02		
9BZ1	2024-11-27	_pdbx_audit_revision_history.revision_date	1	2024-11-27		
9BZC	2024-11-27	_pdbx_audit_revision_history.revision_date	1	2024-11-27		
9C6I	2024-12-04	_pdbx_audit_revision_history.revision_date	1	2024-12-04		
9C6J	2024-12-04	_pdbx_audit_revision_history.revision_date	1	2024-12-04		
9C6K	2024-12-04	_pdbx_audit_revision_history.revision_date	1	2024-12-04		
9CBU	2024-11-20	_pdbx_audit_revision_history.revision_date	1	2024-11-20		
9CBW	2024-11-20	_pdbx_audit_revision_history.revision_date	1	2024-11-20		
9CBX	2024-11-20	_pdbx_audit_revision_history.revision_date	1	2024-11-20		
9CBY	2024-11-20	_pdbx_audit_revision_history.revision_date	1	2024-11-20		
9CFN	2025-07-16	_pdbx_audit_revision_history.revision_date	1	2025-07-16		
9CPD	2024-08-07	_pdbx_audit_revision_history.revision_date	1	2024-08-07		
9CPG	2024-08-07	_pdbx_audit_revision_history.revision_date	1	2024-08-07		
9CPI	2024-08-07	_pdbx_audit_revision_history.revision_date	1	2024-08-07		
9CPJ	2024-08-07	_pdbx_audit_revision_history.revision_date	1	2024-08-07		
9CSO	2025-05-14	_pdbx_audit_revision_history.revision_date	1	2025-05-14		
9CSP	2025-05-14	_pdbx_audit_revision_history.revision_date	1	2025-05-14		
9CSQ	2025-05-14	_pdbx_audit_revision_history.revision_date	1	2025-05-14		
9CSR	2025-05-14	_pdbx_audit_revision_history.revision_date	1	2025-05-14		
9CXF	2025-01-29	_pdbx_audit_revision_history.revision_date	1	2025-01-29		
9DE6	2025-03-12	_pdbx_audit_revision_history.revision_date	1	2025-03-12		
9DE7	2025-03-12	_pdbx_audit_revision_history.revision_date	1	2025-03-12		
9DE8	2025-03-12	_pdbx_audit_revision_history.revision_date	1	2025-03-12		
9DIB	2025-04-09	_pdbx_audit_revision_history.revision_date	1	2025-04-09		
9DID	2025-04-09	_pdbx_audit_revision_history.revision_date	1	2025-04-09		
9DIG	2025-04-09	_pdbx_audit_revision_history.revision_date	1	2025-04-09		
9DII	2025-04-09	_pdbx_audit_revision_history.revision_date	1	2025-04-09		
9DKG	2026-04-08	_pdbx_audit_revision_history.revision_date	1	2026-04-08		
9DLL	2024-09-25	_pdbx_audit_revision_history.revision_date	1	2024-09-25		
9DLM	2026-04-08	_pdbx_audit_revision_history.revision_date	1	2026-04-08		
9DLN	2026-05-06	_pdbx_audit_revision_history.revision_date	1	2026-05-06		
9DP9	2025-05-28	_pdbx_audit_revision_history.revision_date	1	2025-05-28		
9DXL	2024-10-23	_pdbx_audit_revision_history.revision_date	1	2024-10-23		
9E5H	2025-09-24	_pdbx_audit_revision_history.revision_date	1	2025-09-24		
9E5I	2025-09-24	_pdbx_audit_revision_history.revision_date	1	2025-09-24		
9E5J	2025-09-24	_pdbx_audit_revision_history.revision_date	1	2025-09-24		
9E5K	2025-09-24	_pdbx_audit_revision_history.revision_date	1	2025-09-24		
9E5L	2025-09-24	_pdbx_audit_revision_history.revision_date	1	2025-09-24		
9E5M	2025-09-24	_pdbx_audit_revision_history.revision_date	1	2025-09-24		
9E5O	2025-09-24	_pdbx_audit_revision_history.revision_date	1	2025-09-24		
9E5P	2025-09-24	_pdbx_audit_revision_history.revision_date	1	2025-09-24		
9E5Q	2025-09-24	_pdbx_audit_revision_history.revision_date	1	2025-09-24		
9E5R	2025-09-24	_pdbx_audit_revision_history.revision_date	1	2025-09-24		
9E5S	2025-09-24	_pdbx_audit_revision_history.revision_date	1	2025-09-24		
9E5T	2025-09-24	_pdbx_audit_revision_history.revision_date	1	2025-09-24		
9E73	2025-11-05	_pdbx_audit_revision_history.revision_date	1	2025-11-05		
9E74	2025-11-05	_pdbx_audit_revision_history.revision_date	1	2025-11-05		
9E75	2025-11-05	_pdbx_audit_revision_history.revision_date	1	2025-11-05		
9E9O	2025-11-05	_pdbx_audit_revision_history.revision_date	1	2025-11-05		
9E9Q	2025-07-09	_pdbx_audit_revision_history.revision_date	1	2025-07-09		
9EBP	2025-11-19	_pdbx_audit_revision_history.revision_date	1	2025-11-19		
9EBV	2025-11-19	_pdbx_audit_revision_history.revision_date	1	2025-11-19		
9EC4	2025-11-19	_pdbx_audit_revision_history.revision_date	1	2025-11-19		
9ECQ	2025-04-16	_pdbx_audit_revision_history.revision_date	1	2025-04-16		
9ECR	2025-04-16	_pdbx_audit_revision_history.revision_date	1	2025-04-16		
9ELR	2025-09-24	_pdbx_audit_revision_history.revision_date	1	2025-09-24		
9ELY	2025-04-23	_pdbx_audit_revision_history.revision_date	1	2025-04-23		
9EN6	2024-05-01	_pdbx_audit_revision_history.revision_date	1	2024-05-01		
9EOW	2024-06-19	_pdbx_audit_revision_history.revision_date	1	2024-06-19		
9EWW	2025-04-16	_pdbx_audit_revision_history.revision_date	1	2025-04-16		
9FM4	2025-05-07	_pdbx_audit_revision_history.revision_date	1	2025-05-07		
9FN2	2025-01-22	_pdbx_audit_revision_history.revision_date	1	2025-01-22		
9FN3	2025-02-05	_pdbx_audit_revision_history.revision_date	1	2025-02-05		
9FO8	2024-11-06	_pdbx_audit_revision_history.revision_date	1	2024-11-06		
9FO9	2024-11-06	_pdbx_audit_revision_history.revision_date	1	2024-11-06		
9G4I	2025-11-05	_pdbx_audit_revision_history.revision_date	1	2025-11-05		
9G4J	2025-11-05	_pdbx_audit_revision_history.revision_date	1	2025-11-05		
9G4L	2025-11-05	_pdbx_audit_revision_history.revision_date	1	2025-11-05		
9G4P	2025-07-30	_pdbx_audit_revision_history.revision_date	1	2025-07-30		
9G4Q	2025-07-30	_pdbx_audit_revision_history.revision_date	1	2025-07-30		
9G4R	2025-07-30	_pdbx_audit_revision_history.revision_date	1	2025-07-30		
9G4V	2025-11-05	_pdbx_audit_revision_history.revision_date	1	2025-11-05		
9G54	2025-11-05	_pdbx_audit_revision_history.revision_date	1	2025-11-05		
9G56	2025-12-17	_pdbx_audit_revision_history.revision_date	1	2025-12-17		
9G7C	2024-10-30	_pdbx_audit_revision_history.revision_date	1	2024-10-30		
9H82	2024-12-04	_pdbx_audit_revision_history.revision_date	1	2024-12-04		
9H83	2024-12-04	_pdbx_audit_revision_history.revision_date	1	2024-12-04		
9H86	2024-12-04	_pdbx_audit_revision_history.revision_date	1	2024-12-04		
9H8A	2024-12-04	_pdbx_audit_revision_history.revision_date	1	2024-12-04		
9HRD	2026-01-14	_pdbx_audit_revision_history.revision_date	1	2026-01-14		
9HRF	2026-01-14	_pdbx_audit_revision_history.revision_date	1	2026-01-14		
9HRG	2026-01-14	_pdbx_audit_revision_history.revision_date	1	2026-01-14		
9HRO	2025-10-01	_pdbx_audit_revision_history.revision_date	1	2025-10-01		
9I8B	2025-03-12	_pdbx_audit_revision_history.revision_date	1	2025-03-12		
9I9W	2025-09-24	_pdbx_audit_revision_history.revision_date	1	2025-09-24		
9IF0	2025-09-24	_pdbx_audit_revision_history.revision_date	1	2025-09-24		
9IF1	2025-09-24	_pdbx_audit_revision_history.revision_date	1	2025-09-24		
9IO0	2025-04-02	_pdbx_audit_revision_history.revision_date	1	2025-04-02		
9IO1	2025-04-02	_pdbx_audit_revision_history.revision_date	1	2025-04-02		
9IOR	2025-04-02	_pdbx_audit_revision_history.revision_date	1	2025-04-02		
9IOS	2025-04-02	_pdbx_audit_revision_history.revision_date	1	2025-04-02		
9IOU	2025-04-02	_pdbx_audit_revision_history.revision_date	1	2025-04-02		
9IS7	2025-02-12	_pdbx_audit_revision_history.revision_date	1	2025-02-12		
9ISV	2025-03-19	_pdbx_audit_revision_history.revision_date	1	2025-03-19		
9IWF	2025-06-04	_pdbx_audit_revision_history.revision_date	1	2025-06-04		
9IWG	2025-06-04	_pdbx_audit_revision_history.revision_date	1	2025-06-04		
9J3R	2025-03-19	_pdbx_audit_revision_history.revision_date	1	2025-03-19		
9J3T	2025-03-19	_pdbx_audit_revision_history.revision_date	1	2025-03-19		
9J4N	2025-07-09	_pdbx_audit_revision_history.revision_date	1	2025-07-09		
9J4O	2025-07-09	_pdbx_audit_revision_history.revision_date	1	2025-07-09		
9J6P	2025-01-15	_pdbx_audit_revision_history.revision_date	1	2025-01-15		
9J6Y	2025-03-19	_pdbx_audit_revision_history.revision_date	1	2025-03-19		
9J9X	2026-03-04	_pdbx_audit_revision_history.revision_date	1	2026-03-04		
9JA7	2025-09-03	_pdbx_audit_revision_history.revision_date	1	2025-09-03		
9JA9	2025-09-03	_pdbx_audit_revision_history.revision_date	1	2025-09-03		
9JC8	2026-03-04	_pdbx_audit_revision_history.revision_date	1	2026-03-04		
9JGM	2025-06-04	_pdbx_audit_revision_history.revision_date	1	2025-06-04		
9K9G	2026-04-22	_pdbx_audit_revision_history.revision_date	1	2026-04-22		
9K9H	2026-04-22	_pdbx_audit_revision_history.revision_date	1	2026-04-22		
9K9J	2026-04-22	_pdbx_audit_revision_history.revision_date	1	2026-04-22		
9K9K	2026-04-22	_pdbx_audit_revision_history.revision_date	1	2026-04-22		
9KAD	2025-01-22	_pdbx_audit_revision_history.revision_date	1	2025-01-22		
9KGG	2025-11-12	_pdbx_audit_revision_history.revision_date	1	2025-11-12		
9KGH	2025-11-12	_pdbx_audit_revision_history.revision_date	1	2025-11-12		
9KPH	2025-03-19	_pdbx_audit_revision_history.revision_date	1	2025-03-19		
9KPO	2025-03-19	_pdbx_audit_revision_history.revision_date	1	2025-03-19		
9L0R	2025-03-19	_pdbx_audit_revision_history.revision_date	1	2025-03-19		
9L8F	2026-07-01	_pdbx_audit_revision_history.revision_date	1	2026-07-01		
9LCR	2025-03-19	_pdbx_audit_revision_history.revision_date	1	2025-03-19		
9LE3	2025-09-10	_pdbx_audit_revision_history.revision_date	1	2025-09-10		
9LE5	2025-09-10	_pdbx_audit_revision_history.revision_date	1	2025-09-10		
9LE6	2025-09-10	_pdbx_audit_revision_history.revision_date	1	2025-09-10		
9LEC	2025-09-10	_pdbx_audit_revision_history.revision_date	1	2025-09-10		
9LEE	2025-09-10	_pdbx_audit_revision_history.revision_date	1	2025-09-10		
9LEL	2025-09-10	_pdbx_audit_revision_history.revision_date	1	2025-09-10		
9LEM	2025-09-10	_pdbx_audit_revision_history.revision_date	1	2025-09-10		
9LHK	2025-09-10	_pdbx_audit_revision_history.revision_date	1	2025-09-10		
9LHL	2025-09-10	_pdbx_audit_revision_history.revision_date	1	2025-09-10		
9LJN	2025-11-26	_pdbx_audit_revision_history.revision_date	1	2025-11-26		
9LKC	2025-11-26	_pdbx_audit_revision_history.revision_date	1	2025-11-26		
9LKE	2025-11-26	_pdbx_audit_revision_history.revision_date	1	2025-11-26		
9LKF	2025-11-26	_pdbx_audit_revision_history.revision_date	1	2025-11-26		
9LKU	2025-08-20	_pdbx_audit_revision_history.revision_date	1	2025-08-20		
9LKV	2025-08-20	_pdbx_audit_revision_history.revision_date	1	2025-08-20		
9LKW	2025-08-20	_pdbx_audit_revision_history.revision_date	1	2025-08-20		
9LMC	2025-11-26	_pdbx_audit_revision_history.revision_date	1	2025-11-26		
9LMF	2025-03-19	_pdbx_audit_revision_history.revision_date	1	2025-03-19		
9M78	2025-09-10	_pdbx_audit_revision_history.revision_date	1	2025-09-10		
9M79	2025-09-10	_pdbx_audit_revision_history.revision_date	1	2025-09-10		
9MCW	2025-04-23	_pdbx_audit_revision_history.revision_date	1	2025-04-23		
9MDS	2025-04-30	_pdbx_audit_revision_history.revision_date	1	2025-04-30		
9MDW	2025-05-14	_pdbx_audit_revision_history.revision_date	1	2025-05-14		
9MDX	2025-05-14	_pdbx_audit_revision_history.revision_date	1	2025-05-14		
9MDY	2025-05-14	_pdbx_audit_revision_history.revision_date	1	2025-05-14		
9MEE	2025-04-30	_pdbx_audit_revision_history.revision_date	1	2025-04-30		
9MFH	2025-09-24	_pdbx_audit_revision_history.revision_date	1	2025-09-24		
9MM6	2025-06-04	_pdbx_audit_revision_history.revision_date	1	2025-06-04		
9MME	2025-06-04	_pdbx_audit_revision_history.revision_date	1	2025-06-04		
9MMG	2025-06-04	_pdbx_audit_revision_history.revision_date	1	2025-06-04		
9MQS	2025-04-30	_pdbx_audit_revision_history.revision_date	1	2025-04-30		
9MQT	2025-04-30	_pdbx_audit_revision_history.revision_date	1	2025-04-30		
9MQU	2025-04-30	_pdbx_audit_revision_history.revision_date	1	2025-04-30		
9NA1	2026-03-04	_pdbx_audit_revision_history.revision_date	1	2026-03-04		
9NA7	2026-03-04	_pdbx_audit_revision_history.revision_date	1	2026-03-04		
9NAK	2026-03-04	_pdbx_audit_revision_history.revision_date	1	2026-03-04		
9NAM	2026-03-04	_pdbx_audit_revision_history.revision_date	1	2026-03-04		
9NAP	2026-03-04	_pdbx_audit_revision_history.revision_date	1	2026-03-04		
9NAS	2026-03-04	_pdbx_audit_revision_history.revision_date	1	2026-03-04		
9NBC	2026-03-04	_pdbx_audit_revision_history.revision_date	1	2026-03-04		
9NBH	2026-03-04	_pdbx_audit_revision_history.revision_date	1	2026-03-04		
9NDD	2026-03-04	_pdbx_audit_revision_history.revision_date	1	2026-03-04		
9NDV	2026-03-04	_pdbx_audit_revision_history.revision_date	1	2026-03-04		
9NDW	2026-03-04	_pdbx_audit_revision_history.revision_date	1	2026-03-04		
9NDX	2026-03-04	_pdbx_audit_revision_history.revision_date	1	2026-03-04		
9O47	2026-04-22	_pdbx_audit_revision_history.revision_date	1	2026-04-22		
9OBM	2025-07-16	_pdbx_audit_revision_history.revision_date	1	2025-07-16		
9OD4	2025-10-15	_pdbx_audit_revision_history.revision_date	1	2025-10-15		
9OD5	2025-10-15	_pdbx_audit_revision_history.revision_date	1	2025-10-15		
9OL2	2025-10-22	_pdbx_audit_revision_history.revision_date	1	2025-10-22		
9OL3	2025-10-22	_pdbx_audit_revision_history.revision_date	1	2025-10-22		
9OV3	2026-05-20	_pdbx_audit_revision_history.revision_date	1	2026-05-20		
9OV6	2026-05-20	_pdbx_audit_revision_history.revision_date	1	2026-05-20		
9OV7	2026-05-20	_pdbx_audit_revision_history.revision_date	1	2026-05-20		
9OV8	2026-05-20	_pdbx_audit_revision_history.revision_date	1	2026-05-20		
9OVB	2026-05-20	_pdbx_audit_revision_history.revision_date	1	2026-05-20		
9OVC	2026-05-20	_pdbx_audit_revision_history.revision_date	1	2026-05-20		
9OWJ	2026-05-20	_pdbx_audit_revision_history.revision_date	1	2026-05-20		
9OWK	2026-06-03	_pdbx_audit_revision_history.revision_date	1	2026-06-03		
9OWL	2026-05-20	_pdbx_audit_revision_history.revision_date	1	2026-05-20		
9OWM	2026-05-20	_pdbx_audit_revision_history.revision_date	1	2026-05-20		
9OWN	2026-05-06	_pdbx_audit_revision_history.revision_date	1	2026-05-06		
9OWO	2026-06-10	_pdbx_audit_revision_history.revision_date	1	2026-06-10		
9OWP	2026-06-10	_pdbx_audit_revision_history.revision_date	1	2026-06-10		
9OWQ	2026-05-06	_pdbx_audit_revision_history.revision_date	1	2026-05-06		
9OY2	2026-05-20	_pdbx_audit_revision_history.revision_date	1	2026-05-20		
9OY3	2026-05-20	_pdbx_audit_revision_history.revision_date	1	2026-05-20		
9OY4	2026-05-20	_pdbx_audit_revision_history.revision_date	1	2026-05-20		
9PDE	2026-02-04	_pdbx_audit_revision_history.revision_date	1	2026-02-04		
9PDF	2026-02-04	_pdbx_audit_revision_history.revision_date	1	2026-02-04		
9PDG	2026-02-04	_pdbx_audit_revision_history.revision_date	1	2026-02-04		
9Q0I	2026-04-29	_pdbx_audit_revision_history.revision_date	1	2026-04-29		
9Q0J	2026-04-29	_pdbx_audit_revision_history.revision_date	1	2026-04-29		
9Q3C	2025-11-05	_pdbx_audit_revision_history.revision_date	1	2025-11-05		
9QTJ	2026-02-18	_pdbx_audit_revision_history.revision_date	1	2026-02-18		
9QU6	2026-02-25	_pdbx_audit_revision_history.revision_date	1	2026-02-25		
9QU7	2026-02-25	_pdbx_audit_revision_history.revision_date	1	2026-02-25		
9QZJ	2025-10-01	_pdbx_audit_revision_history.revision_date	1	2025-10-01		
9R7Q	2026-02-25	_pdbx_audit_revision_history.revision_date	1	2026-02-25		
9R7W	2026-02-25	_pdbx_audit_revision_history.revision_date	1	2026-02-25		
9R82	2026-02-25	_pdbx_audit_revision_history.revision_date	1	2026-02-25		
9RB4	2026-06-03	_pdbx_audit_revision_history.revision_date	1	2026-06-03		
9S1D	2026-07-22	_pdbx_audit_revision_history.revision_date	1	2026-07-22		
9SD9	2026-06-10	_pdbx_audit_revision_history.revision_date	1	2026-06-10		
9SXV	2025-11-12	_pdbx_audit_revision_history.revision_date	1	2025-11-12		
9SY4	2025-11-12	_pdbx_audit_revision_history.revision_date	1	2025-11-12		
9SY8	2026-06-24	_pdbx_audit_revision_history.revision_date	1	2026-06-24		
9SYC	2026-06-24	_pdbx_audit_revision_history.revision_date	1	2026-06-24		
9SYD	2026-06-24	_pdbx_audit_revision_history.revision_date	1	2026-06-24		
9SYE	2026-06-24	_pdbx_audit_revision_history.revision_date	1	2026-06-24		
9SYF	2026-06-24	_pdbx_audit_revision_history.revision_date	1	2026-06-24		
9TCA	2026-02-11	_pdbx_audit_revision_history.revision_date	1	2026-02-11		
9TCG	2026-02-11	_pdbx_audit_revision_history.revision_date	1	2026-02-11		
9UUG	2026-06-10	_pdbx_audit_revision_history.revision_date	1	2026-06-10		
9UW0	2025-08-20	_pdbx_audit_revision_history.revision_date	1	2025-08-20		
9V4U	2025-11-26	_pdbx_audit_revision_history.revision_date	1	2025-11-26		
9V4V	2025-11-26	_pdbx_audit_revision_history.revision_date	1	2025-11-26		
9V4X	2025-11-26	_pdbx_audit_revision_history.revision_date	1	2025-11-26		
9V4Y	2025-11-26	_pdbx_audit_revision_history.revision_date	1	2025-11-26		
9V4Z	2025-11-26	_pdbx_audit_revision_history.revision_date	1	2025-11-26		
9V50	2025-11-26	_pdbx_audit_revision_history.revision_date	1	2025-11-26		
9V51	2025-11-26	_pdbx_audit_revision_history.revision_date	1	2025-11-26		
9V7N	2026-03-25	_pdbx_audit_revision_history.revision_date	1	2026-03-25		
9V7O	2026-03-25	_pdbx_audit_revision_history.revision_date	1	2026-03-25		
9V7P	2026-03-25	_pdbx_audit_revision_history.revision_date	1	2026-03-25		
9V7Q	2026-03-25	_pdbx_audit_revision_history.revision_date	1	2026-03-25		
9VMZ	2026-07-01	_pdbx_audit_revision_history.revision_date	1	2026-07-01		
9VSN	2026-05-20	_pdbx_audit_revision_history.revision_date	1	2026-05-20		
9W1L	2026-01-28	_pdbx_audit_revision_history.revision_date	1	2026-01-28		
9WHV	2025-10-15	_pdbx_audit_revision_history.revision_date	1	2025-10-15		
9X6B	2026-03-25	_pdbx_audit_revision_history.revision_date	1	2026-03-25		
9YD3	2025-10-22	_pdbx_audit_revision_history.revision_date	1	2025-10-22		
9Z6I	2026-05-27	_pdbx_audit_revision_history.revision_date	1	2026-05-27		
9ZBQ	2025-12-03	_pdbx_audit_revision_history.revision_date	1	2025-12-03		
9ZBR	2025-12-03	_pdbx_audit_revision_history.revision_date	1	2025-12-03		
9ZC6	2025-12-03	_pdbx_audit_revision_history.revision_date	1	2025-12-03		
9ZC7	2025-12-03	_pdbx_audit_revision_history.revision_date	1	2025-12-03		
9ZC8	2025-12-03	_pdbx_audit_revision_history.revision_date	1	2025-12-03		
9ZC9	2025-12-03	_pdbx_audit_revision_history.revision_date	1	2025-12-03		
9ZCA	2025-12-10	_pdbx_audit_revision_history.revision_date	1	2025-12-10		
9ZCB	2025-12-10	_pdbx_audit_revision_history.revision_date	1	2025-12-10		
9ZCC	2025-12-03	_pdbx_audit_revision_history.revision_date	1	2025-12-03		
9ZDV	2026-05-13	_pdbx_audit_revision_history.revision_date	1	2026-05-13		
9ZF2	2026-05-13	_pdbx_audit_revision_history.revision_date	1	2026-05-13		
9ZF3	2026-05-13	_pdbx_audit_revision_history.revision_date	1	2026-05-13		
9ZF5	2026-05-13	_pdbx_audit_revision_history.revision_date	1	2026-05-13		
9ZF9	2026-05-13	_pdbx_audit_revision_history.revision_date	1	2026-05-13		
9ZFC	2026-05-13	_pdbx_audit_revision_history.revision_date	1	2026-05-13		
9ZFD	2026-05-13	_pdbx_audit_revision_history.revision_date	1	2026-05-13		
9ZGM	2026-05-13	_pdbx_audit_revision_history.revision_date	1	2026-05-13		
9ZGN	2026-05-13	_pdbx_audit_revision_history.revision_date	1	2026-05-13		
9ZGO	2026-05-13	_pdbx_audit_revision_history.revision_date	1	2026-05-13		
9ZGP	2026-05-13	_pdbx_audit_revision_history.revision_date	1	2026-05-13		
9ZGQ	2026-05-13	_pdbx_audit_revision_history.revision_date	1	2026-05-13		
9ZGR	2026-05-13	_pdbx_audit_revision_history.revision_date	1	2026-05-13		
9ZGS	2026-05-13	_pdbx_audit_revision_history.revision_date	1	2026-05-13		
9ZGT	2026-05-13	_pdbx_audit_revision_history.revision_date	1	2026-05-13		
9ZGU	2026-05-13	_pdbx_audit_revision_history.revision_date	1	2026-05-13		
9ZGV	2026-05-13	_pdbx_audit_revision_history.revision_date	1	2026-05-13		
9ZGW	2026-05-13	_pdbx_audit_revision_history.revision_date	1	2026-05-13		
9ZGX	2026-05-13	_pdbx_audit_revision_history.revision_date	1	2026-05-13		
9ZGY	2026-05-13	_pdbx_audit_revision_history.revision_date	1	2026-05-13		
9ZGZ	2026-05-13	_pdbx_audit_revision_history.revision_date	1	2026-05-13		
9ZH0	2026-05-13	_pdbx_audit_revision_history.revision_date	1	2026-05-13		
9ZH1	2026-05-13	_pdbx_audit_revision_history.revision_date	1	2026-05-13		
9ZH2	2026-05-13	_pdbx_audit_revision_history.revision_date	1	2026-05-13		
9ZH5	2026-05-13	_pdbx_audit_revision_history.revision_date	1	2026-05-13		
9ZH7	2026-05-13	_pdbx_audit_revision_history.revision_date	1	2026-05-13		
9ZH9	2026-05-13	_pdbx_audit_revision_history.revision_date	1	2026-05-13		
9ZHA	2026-05-13	_pdbx_audit_revision_history.revision_date	1	2026-05-13		
9ZHB	2026-05-13	_pdbx_audit_revision_history.revision_date	1	2026-05-13		
9ZHC	2026-05-13	_pdbx_audit_revision_history.revision_date	1	2026-05-13		
9ZHD	2026-05-13	_pdbx_audit_revision_history.revision_date	1	2026-05-13		
9ZHE	2026-05-13	_pdbx_audit_revision_history.revision_date	1	2026-05-13		
9ZHF	2026-05-13	_pdbx_audit_revision_history.revision_date	1	2026-05-13		
9ZHG	2026-05-13	_pdbx_audit_revision_history.revision_date	1	2026-05-13		
9ZHI	2026-05-13	_pdbx_audit_revision_history.revision_date	1	2026-05-13		
9ZHJ	2026-05-13	_pdbx_audit_revision_history.revision_date	1	2026-05-13		
9ZHK	2026-05-13	_pdbx_audit_revision_history.revision_date	1	2026-05-13		
9ZHL	2026-05-13	_pdbx_audit_revision_history.revision_date	1	2026-05-13		
9ZHO	2026-05-13	_pdbx_audit_revision_history.revision_date	1	2026-05-13		
9ZHP	2026-05-13	_pdbx_audit_revision_history.revision_date	1	2026-05-13		
9ZHR	2026-05-13	_pdbx_audit_revision_history.revision_date	1	2026-05-13		
9ZHS	2026-05-13	_pdbx_audit_revision_history.revision_date	1	2026-05-13		
9ZHT	2026-05-13	_pdbx_audit_revision_history.revision_date	1	2026-05-13		
9ZHU	2026-05-13	_pdbx_audit_revision_history.revision_date	1	2026-05-13		
9ZHV	2026-05-13	_pdbx_audit_revision_history.revision_date	1	2026-05-13		
9ZHW	2026-05-13	_pdbx_audit_revision_history.revision_date	1	2026-05-13		
9ZHX	2026-05-13	_pdbx_audit_revision_history.revision_date	1	2026-05-13		
9ZHZ	2026-05-13	_pdbx_audit_revision_history.revision_date	1	2026-05-13		
9ZI0	2026-05-13	_pdbx_audit_revision_history.revision_date	1	2026-05-13		
9ZI2	2026-05-13	_pdbx_audit_revision_history.revision_date	1	2026-05-13		
9ZI3	2026-05-13	_pdbx_audit_revision_history.revision_date	1	2026-05-13		
9ZI4	2026-05-13	_pdbx_audit_revision_history.revision_date	1	2026-05-13		
9ZI5	2026-05-13	_pdbx_audit_revision_history.revision_date	1	2026-05-13		
9ZI6	2026-05-13	_pdbx_audit_revision_history.revision_date	1	2026-05-13		
9ZI7	2026-05-13	_pdbx_audit_revision_history.revision_date	1	2026-05-13		
