PDB_ID	CIF_PATH	FILE_SIZE_BYTES	SHA256	EXCLUDED
10ZT	/storage9920/home/tinghao.xia/pdb_data/10zt.cif	287221	7afd7ab0204c7fe6e0c9262589c1e6549a8bef1d72a8bfb0fefe9014c1fd1868	False
10ZU	/storage9920/home/tinghao.xia/pdb_data/10zu.cif	285168	9a12513f9a32d108d82a361acae09f389cc763f25b6be9bccc7d49843bed856b	False
11AG	/storage9920/home/tinghao.xia/pdb_data/11ag.cif	537902	46cd13690815dd781961b40b96d615ab5c4efe8a8d852b6e7a6b748458ddc2ee	False
11EH	/storage9920/home/tinghao.xia/pdb_data/11eh.cif	284387	2c6d543da9ff785eb68e1037c688253e67f81ae46cdb52c2e646dd697e53384d	False
12CI	/storage9920/home/tinghao.xia/pdb_data/12ci.cif	735971	0b7b3b00741568e2e5d5970047925f414bbca4e82af0b180072789f4700caf20	False
12CJ	/storage9920/home/tinghao.xia/pdb_data/12cj.cif	468696	7f6567dc1a8f1e750b8fda644490cdd60deff67a355f7454602121ef0051afba	False
157D	/storage9920/home/tinghao.xia/pdb_data/157d.cif	103397	25b31bd3ff2ec08aded8314fde1d2b954ec1bac24088618b640cd5c891fc9f86	False
165D	/storage9920/home/tinghao.xia/pdb_data/165d.cif	88994	25026136b387897754287789a996c4710daa730974e78130a77c1aa648e58ea8	False
176D	/storage9920/home/tinghao.xia/pdb_data/176d.cif	400288	d2b92b657ede7a153508a34074f144fc3514010dd85bcb736c4e0bf4df75871d	True
17RA	/storage9920/home/tinghao.xia/pdb_data/17ra.cif	741619	8a07300efd3bc952d43ed208abdb2b0537ed090a372c4b1eb01131f5358af04e	False
1A3M	/storage9920/home/tinghao.xia/pdb_data/1a3m.cif	2016367	33f2c6d86e88951633350a80d8e5f6d2c9617aec4bfe821e41b1b7c582619426	False
1A4D	/storage9920/home/tinghao.xia/pdb_data/1a4d.cif	153194	c6a68dbf1bbac7fb4e037d326b443d5ade4e993cbedbf84389b42900fca0dbff	False
1A51	/storage9920/home/tinghao.xia/pdb_data/1a51.cif	1079146	b23d1c50a8af9789e9d645da7e0a1080bed4b4242489a9225fe805dc02f260eb	False
1A60	/storage9920/home/tinghao.xia/pdb_data/1a60.cif	3063061	9ef3440cb47ed3b0f17c134c5ce01daec0052cbb5fa3e78bdf789204f05917c4	False
1A9L	/storage9920/home/tinghao.xia/pdb_data/1a9l.cif	1344365	37b4187ae5cfebead00dcffd04b88a22ecfc52480a0f3e2f14036f94823b151c	False
1AFX	/storage9920/home/tinghao.xia/pdb_data/1afx.cif	484161	40abc3574b2ede97a8c3f0c8ba2cbee4d70447b51b2f58de4a951066b413948c	False
1AJF	/storage9920/home/tinghao.xia/pdb_data/1ajf.cif	97168	e50e44505219bfc1796829dd45f65049aa8c0e3ed3077d2c5523ba0e95789588	False
1AJL	/storage9920/home/tinghao.xia/pdb_data/1ajl.cif	83378	706f69e127a994b1697795585b9e5fe881c720a4b823127d2580a9faabe739e9	False
1AJT	/storage9920/home/tinghao.xia/pdb_data/1ajt.cif	81695	dab49391b1871389039d6f4512d5c8d46866be8f323308b58823ed0f58a4832d	False
1AJU	/storage9920/home/tinghao.xia/pdb_data/1aju.cif	1883269	30db0a7cc7da6e03567d612aefe01dd19c054c4ef2efd2c1b4e7699fc5e0896b	False
1AKX	/storage9920/home/tinghao.xia/pdb_data/1akx.cif	128808	167495a34872f3fe6035109c5467134be1f7a6c1ce3167a34fe8321f1e4958ee	False
1AL5	/storage9920/home/tinghao.xia/pdb_data/1al5.cif	832803	59c3f27b08bd4ebb89fc9df469a0239d79e574fe882c5430b52c6ec7217863a7	False
1AM0	/storage9920/home/tinghao.xia/pdb_data/1am0.cif	485153	9ad56ba1659e2ceb61144237caddfbf9ad9ab83e01515572402acbe130570d59	False
1ANR	/storage9920/home/tinghao.xia/pdb_data/1anr.cif	1689943	2d11d9eafa3779ca00b78911dde4ea5c7ebe4d22c4f2de0c3c3cf5c9828014f3	False
1AQO	/storage9920/home/tinghao.xia/pdb_data/1aqo.cif	1272654	384cb3a6fca3407e8e358b012f1d7cb676508ec6413ab9a9b1f6423c55d2cd60	False
1ARJ	/storage9920/home/tinghao.xia/pdb_data/1arj.cif	1857117	92e6365559fd251bb9edebcec857ad6ff7a3c0f68598772478d3f01ccfeeabbf	False
1ATO	/storage9920/home/tinghao.xia/pdb_data/1ato.cif	561712	3a5885809251474add8061c252a577aec99dd2b92272b7c3fd8332f09f022a0f	False
1ATV	/storage9920/home/tinghao.xia/pdb_data/1atv.cif	217081	6b7c1d7e6200f0ef0194be5c9373a40e4fc11475c3a66fddfac1859295955215	False
1ATW	/storage9920/home/tinghao.xia/pdb_data/1atw.cif	152074	ceeb78940294975f6928909efb754e4de6c9cb55d6d7c9777d300f2fd2b34ad5	False
1B36	/storage9920/home/tinghao.xia/pdb_data/1b36.cif	1126365	53bad342e54b514ea54e4e55a2a14ca70b020a3fe362d6c4bca6a7fb21624f9c	False
1BAU	/storage9920/home/tinghao.xia/pdb_data/1bau.cif	176149	f8e97fbe0d126a19965d5e48f001ecf7fc1d94e3d0be7aede7c85f88056e8608	False
1BGZ	/storage9920/home/tinghao.xia/pdb_data/1bgz.cif	415549	e0035f609e966acf8945d8f2aae6aca4ef79ffcda1abaf770d446cf75ced2247	False
1BJ2	/storage9920/home/tinghao.xia/pdb_data/1bj2.cif	952194	3f5d5899f0fa4ab467002a7ebeccaea985aa1fbc2eecc12980e2c071018e6537	False
1BN0	/storage9920/home/tinghao.xia/pdb_data/1bn0.cif	662537	e7929263c80cfa40d87e354a42aa73db9e37af3f26463d1e17a0a1c49174b2db	False
1BVJ	/storage9920/home/tinghao.xia/pdb_data/1bvj.cif	1370565	57e9b0382de1043f24734b862e7999214574b66c61b627c779a07d77a369600e	False
1BYJ	/storage9920/home/tinghao.xia/pdb_data/1byj.cif	4253131	19cd6076188214a6cad0b1af250b9e50716ee354a0894aaa679104ad1b3b8673	False
1BZ2	/storage9920/home/tinghao.xia/pdb_data/1bz2.cif	75558	105ef39c9722c608a34071401d737b04422d4e0958b464845e09508ee92a2e56	False
1BZ3	/storage9920/home/tinghao.xia/pdb_data/1bz3.cif	77842	5a5a09322a682cff87e6f2f9910d4588715df0b3caca63287a4389bf26094fdc	False
1BZT	/storage9920/home/tinghao.xia/pdb_data/1bzt.cif	83187	42bc6066fc95d25a9ef3a563454a131333d03e205939ac329f263a445fdde06a	False
1BZU	/storage9920/home/tinghao.xia/pdb_data/1bzu.cif	83446	726fb370f11441a4ac98b51a3fbf3f5a3ec88f5e9f474d01d36aec8a79179b3b	False
1C0O	/storage9920/home/tinghao.xia/pdb_data/1c0o.cif	861595	88f872e12130bb52320fa3a1985528b73a0c76dd9d90ec1c1329ddf906173e9e	False
1C2W	/storage9920/home/tinghao.xia/pdb_data/1c2w.cif	7826986	b39d5d0628dd329de2ef34706b78b90def7bc1e7d32b4925eb8a69115fb3cf77	False
1C2X	/storage9920/home/tinghao.xia/pdb_data/1c2x.cif	313271	fff0708907b54ef5bc6ff683f2c51c39609b43a9c33a7839eeb15496f14fbd0c	False
1C4L	/storage9920/home/tinghao.xia/pdb_data/1c4l.cif	82849	126f3d6fa61daae24347c0d79b0adf68c8fd08909525b6aaa33067f171b881c4	False
1CQ5	/storage9920/home/tinghao.xia/pdb_data/1cq5.cif	165120	803a90ebdb18f8abe258b800691fa8607ab9eb4fe1c8b831557ff7fca1ec612d	False
1CQL	/storage9920/home/tinghao.xia/pdb_data/1cql.cif	1291093	587c03a9173559c16fa8c49637cb4a560de53f9248907a290858985fab770078	False
1CSL	/storage9920/home/tinghao.xia/pdb_data/1csl.cif	114854	26bb96ce069b9f3b0580378c3b3508a7e983c9595cde8f6f26513d1ad573eb5d	False
1D0T	/storage9920/home/tinghao.xia/pdb_data/1d0t.cif	668283	482a337d4c172b8bd91ecaaf2f6eefc8f5a9b2fe227e0134011c0d43e59243b1	False
1D0U	/storage9920/home/tinghao.xia/pdb_data/1d0u.cif	1412588	a93d0af267804978c28a9148acf2c7ac06f4864aca130687785da606d1cf741b	False
1D4R	/storage9920/home/tinghao.xia/pdb_data/1d4r.cif	283497	b5459f456066111c756f61cdc14600ddef052b030858b44cd32de93744546d1e	False
1DDY	/storage9920/home/tinghao.xia/pdb_data/1ddy.cif	407613	865b3094f2b6b008645584dca302875d050de34ee3a619f705338332c032359a	False
1DQF	/storage9920/home/tinghao.xia/pdb_data/1dqf.cif	92910	37743c885779c0add4fa269717d829ab4b439ceb91b636ce6f7e0e1a496c52c3	False
1DQH	/storage9920/home/tinghao.xia/pdb_data/1dqh.cif	80815	1c081d5b6974e38f74c1bd7a14315b1a34a28a210136889d0c30dd5f1145adcd	False
1DUH	/storage9920/home/tinghao.xia/pdb_data/1duh.cif	162373	4ab5741b34c8426b6c66c47f3cb49660a2017638c9ce9cb32ec7aa0fb7d66463	False
1DUQ	/storage9920/home/tinghao.xia/pdb_data/1duq.cif	304489	3f9de8564f483ddc9024bd2b952a2e647fc12b552e305fb0ad3262f49aadb4aa	False
1E4P	/storage9920/home/tinghao.xia/pdb_data/1e4p.cif	1487308	39477c3572e4d42e49ea138fbb992fcbda3c4227c1e5cd2f493d8d80331cbe12	False
1E95	/storage9920/home/tinghao.xia/pdb_data/1e95.cif	1614615	cd0196e62bf54881ce68d70be8211960f802ef8358f459e1531e58b47359b7be	False
1EBQ	/storage9920/home/tinghao.xia/pdb_data/1ebq.cif	453146	64553e0443f3fe2d2db0572a568b14dbaff4f75ccff2b4d610e7266019450c26	False
1EBR	/storage9920/home/tinghao.xia/pdb_data/1ebr.cif	469049	ca92d819d3d4bf6a54aa772e510cc42b101e35c12db42682f1b8241b4541375b	False
1EBS	/storage9920/home/tinghao.xia/pdb_data/1ebs.cif	452737	a2ae7209ee92e6caf4ed0546d880c068f84cc65d306c3dcb58ae2f65beac6b20	False
1EHT	/storage9920/home/tinghao.xia/pdb_data/1eht.cif	1072877	ff3d05dd9e3d3a1a38b4cd17ccfa8d1741d20bff530b73d935103ac35342181a	False
1EHZ	/storage9920/home/tinghao.xia/pdb_data/1ehz.cif	254359	3021dd2b6461f850bb66d6748d3c22a5e1bb6cc891c625c15d793f38215b28ab	False
1EI2	/storage9920/home/tinghao.xia/pdb_data/1ei2.cif	1471113	0e76a2f7d9e1f0cc93ab979e873f169221e347c0edd7e9e5c15649326c6accec	False
1EKA	/storage9920/home/tinghao.xia/pdb_data/1eka.cif	73701	cb54171d98a448ae5bdebfc54adbcfff63b5bbdc2f7e07980b361da20d12bdff	False
1EKD	/storage9920/home/tinghao.xia/pdb_data/1ekd.cif	72558	4d533dae7f81d20e21e429e4c5b402fe7935dbd6ce476694bace1d0228ab416c	False
1ELH	/storage9920/home/tinghao.xia/pdb_data/1elh.cif	461837	ac25898df6bf8b99058e5fd970b510d03f0057b391729ff0db0bf864b3f12759	False
1ESH	/storage9920/home/tinghao.xia/pdb_data/1esh.cif	66435	63d35207d6ff79d8ddac8e9005225dd75739b68d25cf2290a96921644fe254ea	False
1ESY	/storage9920/home/tinghao.xia/pdb_data/1esy.cif	1206037	6c211623497d5d75c49096b55614e4ba082c7acfb789557739f5ab76fbd161cb	False
1ET4	/storage9920/home/tinghao.xia/pdb_data/1et4.cif	580532	48a19650506955cd3e03681adb306b736ee55d7bdaeca6cf44e5a553b4f5cb75	False
1EVV	/storage9920/home/tinghao.xia/pdb_data/1evv.cif	299160	6c866a091d1d7b754e95e1ea77c7f93d626befd06e1d4d55db4f283ff654fc37	False
1F1T	/storage9920/home/tinghao.xia/pdb_data/1f1t.cif	140877	a91c35aaf0ed8c21a301eaefdf208223c85f48a85b88b3cddf1866efb0a3abd9	False
1F27	/storage9920/home/tinghao.xia/pdb_data/1f27.cif	150131	45c728cabcaa5da41aaad4ffc19ab6a7db373392ace99d75d286729c4b4c4c68	False
1F5G	/storage9920/home/tinghao.xia/pdb_data/1f5g.cif	1528988	5ceeeaf530324b36cd5c340ee4a2a9d4abde76ef5f62b348c7031a640791f882	False
1F5H	/storage9920/home/tinghao.xia/pdb_data/1f5h.cif	1525901	1f91842cf7b301314c796e9bd0233adc05e7e35e2fc68826ed9327bcf43eb8a8	False
1F5U	/storage9920/home/tinghao.xia/pdb_data/1f5u.cif	137950	2dd935965630499535275ca8da63c53778963aac2ff78438da1b5de32da751cf	False
1F6X	/storage9920/home/tinghao.xia/pdb_data/1f6x.cif	108168	8da6dae60ed409be5d424d3d894774c4e2bdd80bd1574440602a9162315d6103	False
1F6Z	/storage9920/home/tinghao.xia/pdb_data/1f6z.cif	107964	6f971f2dddae5c08874566f9363cd4a66d238022d9ae6d43678075eff96d3dea	False
1F78	/storage9920/home/tinghao.xia/pdb_data/1f78.cif	119772	1930b6bbf27a7e2823038ff57f4c5185a98c3832e7c35385ad9ab717e269a023	False
1F79	/storage9920/home/tinghao.xia/pdb_data/1f79.cif	118638	3ad37e9e965111fb4148faa1e872b08353ae1d0055adc272f50f9c72cc548a93	False
1F7F	/storage9920/home/tinghao.xia/pdb_data/1f7f.cif	697786	fd5ba5f9b2c8cec83c5d421274e0c5fae8bb75a8955d0b8f144da040cfeb2e46	False
1F7G	/storage9920/home/tinghao.xia/pdb_data/1f7g.cif	1312312	e789e739864847b13eafd01ebcc935ddd5eae953bb103aa2369a4a933db8c1ef	False
1F7H	/storage9920/home/tinghao.xia/pdb_data/1f7h.cif	939512	2518afef6fe29d67df2869c6806ea7c61e567c20cd871f4fe932daefbfbed6c5	False
1F7I	/storage9920/home/tinghao.xia/pdb_data/1f7i.cif	1009088	0c3192a4029de954ba4bdaa9cc71efb50a020109baa7333ae8f8e22cbec59d94	False
1F84	/storage9920/home/tinghao.xia/pdb_data/1f84.cif	2087294	8d93757552c9be46405750982e0633c595467f3c982439746027bdc4916ba322	False
1F85	/storage9920/home/tinghao.xia/pdb_data/1f85.cif	801428	95b0163261efae79d76daed7dc13654ab30e041411bd81ff3f7ef92ba4f2ce48	False
1F9L	/storage9920/home/tinghao.xia/pdb_data/1f9l.cif	94791	ffeede9fac78270f1b2152c9ade7fcca916de64349259a45fc00aa6db179129d	False
1FCW	/storage9920/home/tinghao.xia/pdb_data/1fcw.cif	1199943	3c470cd0dd306ccc739da758d1da5999dcfb9eaae67ee1a4de57f37c458183b0	False
1FEQ	/storage9920/home/tinghao.xia/pdb_data/1feq.cif	615599	565e1b2a4e28ebda0b83d14e6016812e2fc873b9e72dd2411a1b53a75b77ec1f	False
1FG0	/storage9920/home/tinghao.xia/pdb_data/1fg0.cif	1232406	d31bf0fd76186b61ee2a63be8000318c987721bc8f11c8ce64c57312e95e318a	False
1FHK	/storage9920/home/tinghao.xia/pdb_data/1fhk.cif	643506	1600131235e578f882914bfd09cf7d87f4f6959fe316b90d4e67cf48fac487df	False
1FIR	/storage9920/home/tinghao.xia/pdb_data/1fir.cif	223056	0cd6b1d5df8bd735fbca1cfa4e480ce58039236dcae9f0524ee1c362dba110a0	False
1FL8	/storage9920/home/tinghao.xia/pdb_data/1fl8.cif	1063778	91f32689d341eda683335f38df0f4695455ad824a1e58a4a70e06675120721e5	False
1FMN	/storage9920/home/tinghao.xia/pdb_data/1fmn.cif	601769	7c7e7d358b3352f666d08242484336da5ff83737ed19f1fb3dc3be07927ccd68	False
1FOQ	/storage9920/home/tinghao.xia/pdb_data/1foq.cif	1387606	36ab4df5f669d98d92e64a4a9e8944f6db9b878fb0d70563456394c94bbb2b45	False
1FQZ	/storage9920/home/tinghao.xia/pdb_data/1fqz.cif	114278	fbe809f842bb6754cf8f86c75a75dc96459536db1e9bdf57247faab6eabd94ec	False
1FUF	/storage9920/home/tinghao.xia/pdb_data/1fuf.cif	118567	e50bb8f5b10a9a8cfa88a25604750c67e136083f7745d42576bb47340ad30b34	False
1FYO	/storage9920/home/tinghao.xia/pdb_data/1fyo.cif	1904486	45a3352067fe08de6da9a75f9e22fb92931ed5e7a04113b0197a200459c9c7cd	False
1FYP	/storage9920/home/tinghao.xia/pdb_data/1fyp.cif	2616679	08fe4bc354369acac53a034412aa8111f55b3f68b4345a8e5dc3d2b6af4ecbd5	False
1G2J	/storage9920/home/tinghao.xia/pdb_data/1g2j.cif	67633	aca65f208ab634eebe77495dbabc1f9a7166761641c9f3409a1f08d6a2381c0d	False
1G3A	/storage9920/home/tinghao.xia/pdb_data/1g3a.cif	65935	4eb2aee1b30c0469c05d1119c2fc3e84bbdbcb48480c1a6b7ef1e01e979e0a33	False
1GID	/storage9920/home/tinghao.xia/pdb_data/1gid.cif	793954	6ac11b505a9feb7ab788fb42a0d5ce27538155187ab01255bbf08b0441daf505	False
1GRZ	/storage9920/home/tinghao.xia/pdb_data/1grz.cif	1086360	05251b40ed6bf4e4df200701747846f3304a2c9e81b53c2fa33049625ec536c1	False
1GUC	/storage9920/home/tinghao.xia/pdb_data/1guc.cif	1334653	c3946c7faa04d00e348b711675dc64df001c3e2bf2ac340829a37f0162b9db3c	False
1H0Q	/storage9920/home/tinghao.xia/pdb_data/1h0q.cif	1149262	7b2318e2199b1e847f373358a9bea351bbe624d0fbb350d4575b4518fcd01a33	False
1H1K	/storage9920/home/tinghao.xia/pdb_data/1h1k.cif	4902781	6e7fdf7c004edb6a4fca6c057478ef993319a3d4598a5c68b9756cbd3edebc7c	False
1HLX	/storage9920/home/tinghao.xia/pdb_data/1hlx.cif	1167230	a91f78ba7093fd9fb73e61352a39325b19609e10dbb583add3b29e030dc9befc	False
1HR2	/storage9920/home/tinghao.xia/pdb_data/1hr2.cif	899806	acd45269354f98d7abbe6bda676f13f4ef6d81b8357e7b8a270fd446828e892e	False
1HS1	/storage9920/home/tinghao.xia/pdb_data/1hs1.cif	66709	cfeb3c92b0209037ee70aa45c9e81668664eec1be7b6eefcf56610c045baebd8	False
1HS2	/storage9920/home/tinghao.xia/pdb_data/1hs2.cif	65391	d32d64584839e6a61cd48e79f9dd265ffb10e7ae2db8e066b37505c634ef1182	False
1HS3	/storage9920/home/tinghao.xia/pdb_data/1hs3.cif	64798	eb7c59f0bc908e5329436905c7a9ca0e2ccc16068913525658f1c28677da28af	False
1HS4	/storage9920/home/tinghao.xia/pdb_data/1hs4.cif	64787	75febb60a36b1cd395d4cceaf986cde3482260738baa53bd3f138c37b3ebeb5b	False
1HS8	/storage9920/home/tinghao.xia/pdb_data/1hs8.cif	64832	1c4bf19ae7ee5c56109bd98e0141a78e8b33c1c3e78603b13fd19f9b8dec329c	False
1HWQ	/storage9920/home/tinghao.xia/pdb_data/1hwq.cif	1730079	a62e29b0e7d38400ac6575ac629194bf7bc8090fb870fcf05f9c9dcc6a6e2d50	False
1I3X	/storage9920/home/tinghao.xia/pdb_data/1i3x.cif	815624	847c0de430eb7c5a8599af02f930e910830d4f79a6cc798e5e0b8f6376631110	False
1I3Y	/storage9920/home/tinghao.xia/pdb_data/1i3y.cif	1227780	01ffa7e2841d8df87b673d75bb987146aa149f4d1a2511c9194a92ff3709f776	False
1I46	/storage9920/home/tinghao.xia/pdb_data/1i46.cif	66257	6613649fc5858812ba4a4354b50fb20258f4180da53c9efb239804a26f67a226	False
1I4B	/storage9920/home/tinghao.xia/pdb_data/1i4b.cif	65777	83f9542f2f39b0ccac4747d3106dec8936dd0138a645dc5197be10db7ba67c08	False
1I4C	/storage9920/home/tinghao.xia/pdb_data/1i4c.cif	70225	fc15eaba3087f24940f420c4ff949de59353a20d9277d2eb67ee0873fba1f109	False
1I7J	/storage9920/home/tinghao.xia/pdb_data/1i7j.cif	136225	457f8bfe05b852353f37c0d9fd5855487f2b5f328ec632405ce1809f5cafe8ae	False
1I9K	/storage9920/home/tinghao.xia/pdb_data/1i9k.cif	90504	7960d905118e15753f2e1b90a78edf6aad2f6a16025746d528013105dc4b471d	False
1I9V	/storage9920/home/tinghao.xia/pdb_data/1i9v.cif	236420	ac8fd30a0d640d6c08c7fbd55daa09304eecf1a9927f2cff446f7ac1d14a1c3a	False
1I9X	/storage9920/home/tinghao.xia/pdb_data/1i9x.cif	92628	6c610ab69c3fbf5c001e964c85d9f41143ac16bd5c514c82024568710aab2686	False
1IDV	/storage9920/home/tinghao.xia/pdb_data/1idv.cif	306168	9cde9a2fb404025f82e60433d958e775903f8c24476564fb51629f95a1c22de7	False
1IE1	/storage9920/home/tinghao.xia/pdb_data/1ie1.cif	1188451	b946498f8811f615ea6ff0e3435f86829553846a56eb8342a844685ac24a8245	False
1IE2	/storage9920/home/tinghao.xia/pdb_data/1ie2.cif	1382297	c7ba892935e96412a069c9d9dc9206f82d99f4cd0cc181f46f6042df256e38ae	False
1IK1	/storage9920/home/tinghao.xia/pdb_data/1ik1.cif	67977	6f07849639c80ab8e4cb2559652cdd87045744fd95f611fd2b76541a3d369d2d	False
1IK5	/storage9920/home/tinghao.xia/pdb_data/1ik5.cif	114226	6fa1fccae0ad475958ac178c72727ba4e551310fb935a206c8fb1528a9bd8b57	False
1IKD	/storage9920/home/tinghao.xia/pdb_data/1ikd.cif	1254227	263959ff180a2d176b8a348d848a2102a4f85c953ef89e85a2aa349e58500854	False
1J4Y	/storage9920/home/tinghao.xia/pdb_data/1j4y.cif	79687	f268f7318711fcb64415b10cf0fc77a709de068b901fd78b0e01d170a9c9effc	False
1J6S	/storage9920/home/tinghao.xia/pdb_data/1j6s.cif	171342	d17fa3136aa62ef8d0d51d17560e9387ea004dcc11677085d2a7d664e26f9599	False
1J7T	/storage9920/home/tinghao.xia/pdb_data/1j7t.cif	148390	d7f1d870cc3d55196a866b8dd38ddeb7faf221d938d332dde312395b71b148bf	False
1J8G	/storage9920/home/tinghao.xia/pdb_data/1j8g.cif	236463	351ef4ceddc13dbb3479d1521764b5ff3bf4484097269d51cd3e6f7b5c380c2f	False
1J9H	/storage9920/home/tinghao.xia/pdb_data/1j9h.cif	157340	c2cd62e10d930911b591e839c454a762c861a0d28c4b43fd3ffcdde26f36a111	False
1JO7	/storage9920/home/tinghao.xia/pdb_data/1jo7.cif	2790690	c52d760f61d52c6cf4077eec604b0e0641653374a95d90eae327e99f59353989	False
1JOX	/storage9920/home/tinghao.xia/pdb_data/1jox.cif	1461254	1885b4a5ff077125a1b9a081f257f98a834f113b70a5ab4b31a1e4ece75789c7	False
1JP0	/storage9920/home/tinghao.xia/pdb_data/1jp0.cif	1691463	3a0d4e0203070a76c61293c2beadba0c6f5844f0063bfc4aec971c968f356bce	False
1JTJ	/storage9920/home/tinghao.xia/pdb_data/1jtj.cif	1324895	6a8d5dc48f508a86b8dbe943ad9f9ccc8f257632525ebe4e80eaba8f09499445	False
1JTW	/storage9920/home/tinghao.xia/pdb_data/1jtw.cif	719428	43963eabf5fe730e939aa05441dc02c8f202e9b0e69b5e705cd54780276de6ab	False
1JU1	/storage9920/home/tinghao.xia/pdb_data/1ju1.cif	2135804	e2bf6342cfcdc4a9756eb7fc5cd3bec2ddfe2d356dac92a4dddcbf6a10161bdb	False
1JU7	/storage9920/home/tinghao.xia/pdb_data/1ju7.cif	486661	35b678e9a4c9021308d2c3b7525d2d8a75e3bf615ef0505737986f8935ed5e93	False
1JUR	/storage9920/home/tinghao.xia/pdb_data/1jur.cif	584784	6531637e5c0c7d0790a3f2bb7a73c9b1a061fd5d420a2f494fa015d2014ed624	False
1JWC	/storage9920/home/tinghao.xia/pdb_data/1jwc.cif	78771	747ed135d1eb1d5cc05a15ee8aa88c407a71ae293a3d2b549e77f32cd33a06c5	False
1JZC	/storage9920/home/tinghao.xia/pdb_data/1jzc.cif	66576	73e2ead2826dd4f955a4a1343050535dce8278425bdd26e42d6468e443dd3168	False
1JZV	/storage9920/home/tinghao.xia/pdb_data/1jzv.cif	129585	8354f2e759267bcfe9873e618c5463c953463ae6e192ae52b4e7a490e9aa38d6	False
1K2G	/storage9920/home/tinghao.xia/pdb_data/1k2g.cif	96650	7fdf49033cfc38c7697c5fbd667f31004bf1d2593965bd823baf7f309ceb46d2	False
1K4A	/storage9920/home/tinghao.xia/pdb_data/1k4a.cif	834207	3a1c6954c145419c3f5efcd218c5b3da8b4031ada3b8406277b35839feaf9148	False
1K4B	/storage9920/home/tinghao.xia/pdb_data/1k4b.cif	817680	6c3d5abf7ce19151fec9e8e9f32239582b92fbf611930f82b523d307444ff6a0	False
1K5I	/storage9920/home/tinghao.xia/pdb_data/1k5i.cif	663243	a1585fc262f11c49ab61507b76d1ccdda5eb9c63fd8ddf6c1271448e1debb976	False
1K6G	/storage9920/home/tinghao.xia/pdb_data/1k6g.cif	1281962	e210ef905a49049243ba110d3dc8cb6d3a3921707f9b34f276f0b63915ec7a74	False
1K6H	/storage9920/home/tinghao.xia/pdb_data/1k6h.cif	1291475	c86950aaee4d5894033d857e2fd61ad5a68b5de001bbd4869cfd8e4680b75871	False
1K8S	/storage9920/home/tinghao.xia/pdb_data/1k8s.cif	103719	864323d8af0ee53b5519dddeef24300278af2771b99318a591fb11bba5ffbbbf	False
1K9W	/storage9920/home/tinghao.xia/pdb_data/1k9w.cif	236662	b1506dcb66378483226c219081750a5db70f89fde292a484d59f2190e8b931ef	False
1KAJ	/storage9920/home/tinghao.xia/pdb_data/1kaj.cif	119101	0daacc340f587d23d609a8ec72d5d533226f2f3df64bb49bbbb6317d505e9d04	False
1KD3	/storage9920/home/tinghao.xia/pdb_data/1kd3.cif	100561	8e51d791b76ee0e868db887607c18fce57b5592d20d2aef975ef86559f301f6d	False
1KD4	/storage9920/home/tinghao.xia/pdb_data/1kd4.cif	106865	54723f2a937e297ff560cff3c1466a339ddae4f81e36bbf8cb95ea11c73e2c26	False
1KD5	/storage9920/home/tinghao.xia/pdb_data/1kd5.cif	150975	85ad6b504a5bbdebc14938464d1d040f03979607318d009df3ad55bd7db82994	False
1KFO	/storage9920/home/tinghao.xia/pdb_data/1kfo.cif	92097	00b1ff2033b4bc2fde693969df43455917f4229c76e7c196f8dfb786dd8aa1d6	False
1KH6	/storage9920/home/tinghao.xia/pdb_data/1kh6.cif	145666	8bb30283968071262401885c5922a35ed2fc352fde060f678b2af576a628141a	False
1KIS	/storage9920/home/tinghao.xia/pdb_data/1kis.cif	124636	40f19e1e9c0545eab7430aae438f673769faffa6b4ce7c77ef6510e97844881b	False
1KKA	/storage9920/home/tinghao.xia/pdb_data/1kka.cif	415741	96a28410ef5185e8dc46b3f423a63e9879c01232f06737e35ee5696692e8baa0	False
1KKS	/storage9920/home/tinghao.xia/pdb_data/1kks.cif	1070124	ba8a3c2126d230a4bab8811ff41343a2ae63aa53d19788c87845d704e063f9c2	False
1KOC	/storage9920/home/tinghao.xia/pdb_data/1koc.cif	87504	e5a703f6109a34476f900ef476e452309c623cc52b56e7a84f5f38cea2f2e12a	False
1KOD	/storage9920/home/tinghao.xia/pdb_data/1kod.cif	87240	aa831a9a3bee2b953942333df905e8c245f196a702866aace39a026ac87ce5b1	False
1KOS	/storage9920/home/tinghao.xia/pdb_data/1kos.cif	474025	c7958dc574ee954dd75923eea216ed4d0f4ffcd01f70ef37a1f240409c441251	False
1KP7	/storage9920/home/tinghao.xia/pdb_data/1kp7.cif	119500	b37e0e709ae9f724de9805689235bc5ac527ae64d19ce5a471c07a0364367078	False
1KPD	/storage9920/home/tinghao.xia/pdb_data/1kpd.cif	118873	3738aff19a82a0097d452771868f89866d66cfc6fe92fb6ca95413c232b8a661	False
1KPY	/storage9920/home/tinghao.xia/pdb_data/1kpy.cif	1411170	13d00963ecb7ba4af1c704c891db32e573c71eeb17b2c4daad982730b617dc0c	False
1KPZ	/storage9920/home/tinghao.xia/pdb_data/1kpz.cif	122988	48744a38180ed4887ac3e9ef8717d3a98eca256d6386edae197f8aca1496bb62	False
1KXK	/storage9920/home/tinghao.xia/pdb_data/1kxk.cif	190119	3d83162e740f1f997c20cfd65118209fe61cf5c925491ef8f5c28b4046992c7a	False
1L1W	/storage9920/home/tinghao.xia/pdb_data/1l1w.cif	117132	9920128abc2f1c9e1c2fd03f61ecac442862b687d67ec379aeb0e740edcb6200	False
1L2X	/storage9920/home/tinghao.xia/pdb_data/1l2x.cif	252140	6c474107e433b8469fd8aa5e3ea999c45215050a18b4286a3961adaee8651efe	False
1L3D	/storage9920/home/tinghao.xia/pdb_data/1l3d.cif	104803	9549aebce965e3e83555f7082f77ebe883afff379f06a84f0a0aa5343671d7ca	False
1L3Z	/storage9920/home/tinghao.xia/pdb_data/1l3z.cif	74079	b51ea0eced3a551a929bd6a77b1585918ca02804c98a837ee0bff94e4749a009	False
1L8V	/storage9920/home/tinghao.xia/pdb_data/1l8v.cif	803879	fb055c9a80c384066b0b2905e087727f7a7c512224be157964648527628ddcd6	False
1LC4	/storage9920/home/tinghao.xia/pdb_data/1lc4.cif	150995	f9b5b4f0ffe2856dd0186e461de6e3a6d383f0546a8748008b30ae9c0e7d2139	False
1LC6	/storage9920/home/tinghao.xia/pdb_data/1lc6.cif	2779312	792e872ae3503d6a7d41bbe8f9a4e87374e9af022ff6dcffad57739c55ee140a	False
1LDZ	/storage9920/home/tinghao.xia/pdb_data/1ldz.cif	2223414	24e80da7f55689e3bb7871f84c63b07a55c2d814415339536fba3e5ada169eac	False
1LMV	/storage9920/home/tinghao.xia/pdb_data/1lmv.cif	552731	3e05e32475fb4d4a06a158d01b386c91f583ffa571fde62b5181b2799dd54af8	False
1LNT	/storage9920/home/tinghao.xia/pdb_data/1lnt.cif	125602	98a8af3bce0907edd6b54fe14ad2e22afd199fea210a5670830588762f6a5c45	False
1LPW	/storage9920/home/tinghao.xia/pdb_data/1lpw.cif	525900	7ab9a17bd320bd45f349abec7cc5936605b362ea0049ab02d533fa8ab3f0d642	False
1LU3	/storage9920/home/tinghao.xia/pdb_data/1lu3.cif	92281	a3056a191b04db3ac92b56929f12a94afce34369d93d8ce99fc10af09f350cdf	False
1LUU	/storage9920/home/tinghao.xia/pdb_data/1luu.cif	625844	17ebb1d89febc2a99c78bd3df903c49d670d3de69897cc32a3cd0c2897e157bb	False
1LUX	/storage9920/home/tinghao.xia/pdb_data/1lux.cif	571294	505d77393082a6d81648a1b22a56431a060f92b19bfbf718dac5f07553bad0f2	False
1LVJ	/storage9920/home/tinghao.xia/pdb_data/1lvj.cif	1224964	4b6ae3e6db25f52e3f56159e0adf2d58c5263663dcb4e9d774b3f7ed8788453e	False
1M5L	/storage9920/home/tinghao.xia/pdb_data/1m5l.cif	1699619	0a562bdf3f8d8b9195688ab0c8d609708bd194a11a98ef8c6df866e7fdfc1454	False
1M82	/storage9920/home/tinghao.xia/pdb_data/1m82.cif	2185797	e4b70ab6d18ec0cc6cc82cd713569cfdbc73d763f43945ee1a4d02cb8b6a6e7e	False
1MDG	/storage9920/home/tinghao.xia/pdb_data/1mdg.cif	58671	6c68692e68698ab263ec66e13665b466e72546240bf090175f377704efc15488	False
1ME1	/storage9920/home/tinghao.xia/pdb_data/1me1.cif	361879	52aa1c116796f62cecf1b51a8fea1e5aa32a7715db615c52d969bbbf89ee66b4	False
1MFJ	/storage9920/home/tinghao.xia/pdb_data/1mfj.cif	573642	7673a7d059a8e6f29269bc8a24398b2030d319ef7b0b95865939b12b82161d6d	False
1MFK	/storage9920/home/tinghao.xia/pdb_data/1mfk.cif	1340135	6b339aa409922429f73644a29d37c9ddd2f7f9f4305ad52be1561d23a4cf2ee4	False
1MFY	/storage9920/home/tinghao.xia/pdb_data/1mfy.cif	1412602	3d4b231b6c957718363e252b968c87d137909a8c00a6aab12127628c72d6f59c	False
1MHK	/storage9920/home/tinghao.xia/pdb_data/1mhk.cif	97122	cc893879c0381fb14f1ed1afb1065134cc1ffe49864028b6422830a77f59a0a4	False
1MIS	/storage9920/home/tinghao.xia/pdb_data/1mis.cif	70788	ca1fc72010de639c4bf79fddd84b12871d6e6be5b88d1ae7f83ae3553d50e6c9	False
1MME	/storage9920/home/tinghao.xia/pdb_data/1mme.cif	200517	17fca6f79a71bb5ebe5c45dd2fb458de82c485b9ea6ae634dd3c3eefcdcb29ab	False
1MNX	/storage9920/home/tinghao.xia/pdb_data/1mnx.cif	1632025	31c853cbb3c2b093e60004a4f546bbd0b47b59dcaec85a57c04786cbe4bfe005	False
1MSY	/storage9920/home/tinghao.xia/pdb_data/1msy.cif	172954	134258e12507762af9e97e3d301cf3c2d0631047d5103a8befa4a211bb400440	False
1MT4	/storage9920/home/tinghao.xia/pdb_data/1mt4.cif	1196303	4b5d061243d076af837461dbc225d82590a3fae5a9197b3684c9bda7d423c6a9	False
1MUV	/storage9920/home/tinghao.xia/pdb_data/1muv.cif	80281	7c11f30c57710532246703c082e64818411ef1ab88391b1748b9b8c0c6de806c	False
1MV1	/storage9920/home/tinghao.xia/pdb_data/1mv1.cif	87954	04fe01f24e8449fb60c9b3f4fbddf70b4bf4ad5556abc6dbc7dedddfcaae292f	False
1MV2	/storage9920/home/tinghao.xia/pdb_data/1mv2.cif	87489	ae6e37a2f4562ca98b4bd4093f88f1ca54687a772a60be8dc7806e36ce8bceb9	False
1MV6	/storage9920/home/tinghao.xia/pdb_data/1mv6.cif	187575	9f233800330a82a6924455484703dbd433bf7a24cd29a7f28bf7b7d8a862d25a	False
1MWG	/storage9920/home/tinghao.xia/pdb_data/1mwg.cif	74706	4fa2d470674ccb98631d522597aed5cac260a09b3e40a37f888ab98065cb0337	False
1MWL	/storage9920/home/tinghao.xia/pdb_data/1mwl.cif	153797	10dba9f6f0d85ca4f5042db734f2b578a2d58927b17e61664a6f6846785674e9	False
1MY9	/storage9920/home/tinghao.xia/pdb_data/1my9.cif	111616	78db0bb1e5a6d9e222b78039404494fdc62ed16d1175813927106e8204e74ece	False
1N53	/storage9920/home/tinghao.xia/pdb_data/1n53.cif	102815	c3e21d4b94349f7219d408ddb51ad478523151edc7271aa26e28e2a816a3eaec	False
1N66	/storage9920/home/tinghao.xia/pdb_data/1n66.cif	1294003	4e4713cf0837a57649d7076bd1fe8cebeb4f59aa3e21a5be92c10610dd5afd5c	False
1N8X	/storage9920/home/tinghao.xia/pdb_data/1n8x.cif	2279439	899862d578f57e1936b0e5bdba4d9bac2e6e331130583709a601f5739a3c311f	False
1NA2	/storage9920/home/tinghao.xia/pdb_data/1na2.cif	1522441	d47ab08ac43943528007cc96b06c0bd8fe95fb6e023488e7c7f9b6b193e88c98	False
1NBK	/storage9920/home/tinghao.xia/pdb_data/1nbk.cif	149679	a6339f509781e531d644e1aa29a608efa762e1ac3e6cf3eae6f066fd8ae44345	False
1NBR	/storage9920/home/tinghao.xia/pdb_data/1nbr.cif	1262117	a42b8a63465a52f1212524b1ccd4e14d3e02f57799db639fc3080ee23c469a73	False
1NBS	/storage9920/home/tinghao.xia/pdb_data/1nbs.cif	679238	cbb29549c277b2a7776375963c6780b498ecdc5fc4c592012bd12464b92c3b5e	False
1NC0	/storage9920/home/tinghao.xia/pdb_data/1nc0.cif	1276819	3395c5e48bdde1c22572cc8f5c45e2589446415b3189507927da672c6dd6e00c	False
1NEM	/storage9920/home/tinghao.xia/pdb_data/1nem.cif	754849	18f7915ba6c5c56ac92350980f3bff1efaf0e38aa829632a8dfcb05ec8856d20	False
1NJN	/storage9920/home/tinghao.xia/pdb_data/1njn.cif	6478074	374beba8db83bb4a2473f3bf0b6e5e20ac2e9b3a4db6007277d73abc62f67eb9	False
1NJO	/storage9920/home/tinghao.xia/pdb_data/1njo.cif	6517599	1e4dac05ccd72feac3569641e94162135dc4162422957a45503910e8193543c4	False
1NLC	/storage9920/home/tinghao.xia/pdb_data/1nlc.cif	201961	61fe34b29bd00d004577f967c437da57eeb83a950ef91490a0f793fc490ecee4	False
1NTA	/storage9920/home/tinghao.xia/pdb_data/1nta.cif	143802	96eff449763cef755f59743e8030c7b93d7c44f7f9ef30a5abfa432aec62d6d6	False
1NTB	/storage9920/home/tinghao.xia/pdb_data/1ntb.cif	148146	0d75141791c4aee74c2212189037db0438124f711919c678dd9f36f80218e071	False
1NUJ	/storage9920/home/tinghao.xia/pdb_data/1nuj.cif	335372	780fccf4f3d345b1acab94b73dcb640dad59e89e6a503a4850ca770dc4cd49ee	False
1NUV	/storage9920/home/tinghao.xia/pdb_data/1nuv.cif	352246	f5761debd50b1fc98b58b29774f998650db40da6744f1bfb298fe093ac806d79	False
1NYI	/storage9920/home/tinghao.xia/pdb_data/1nyi.cif	139367	610d1e7b0253c6ce5c86cc9b2407b1ca776796f76de29b37d335ac06b3b361ee	False
1NZ1	/storage9920/home/tinghao.xia/pdb_data/1nz1.cif	1279056	a22fbe560c334a3eadc717860fed70e8cd70e6ccbdd78e9b5c65d4d456035c83	False
1O15	/storage9920/home/tinghao.xia/pdb_data/1o15.cif	139033	093159a10442e6eccfe8335e46e3ce967bc547d9e0f16b137da7d6a49746d29d	False
1O3Z	/storage9920/home/tinghao.xia/pdb_data/1o3z.cif	200423	1e1a50c70e09d92e35a80dddc8179c1d65bf09a13783886d5e178e3090231ebf	False
1O9M	/storage9920/home/tinghao.xia/pdb_data/1o9m.cif	149659	8ad2389159763aad527c8c307186dd974230c3a7e7b1542e2f4322420915ec11	False
1OQ0	/storage9920/home/tinghao.xia/pdb_data/1oq0.cif	852343	504b822ffc7052f270a3ddb9ca9625eca946f891039999544b30504027b515af	False
1OSU	/storage9920/home/tinghao.xia/pdb_data/1osu.cif	49276	47f594e74861d08b98c14a50f0b9bfcb11549516074f1570ec7691a7edcd6060	False
1OSW	/storage9920/home/tinghao.xia/pdb_data/1osw.cif	1380972	f0e99afc027a4d599e5da0b69afb8b25e730c2086ca139dfee908bb671930de2	False
1OW9	/storage9920/home/tinghao.xia/pdb_data/1ow9.cif	766451	4abf0f57773546b898dcc3a0508900628d23d732710ead1c8538b672f1ed3f41	False
1P5M	/storage9920/home/tinghao.xia/pdb_data/1p5m.cif	3407370	0b7ca462dd9887d431020202e384b2365d60767c75202b12cea8556268bc0d47	False
1P5N	/storage9920/home/tinghao.xia/pdb_data/1p5n.cif	1942228	62f52815b5eacdab6b6f1801b78482946810214bd594032e81a15a2863b4a407	False
1P5O	/storage9920/home/tinghao.xia/pdb_data/1p5o.cif	2627159	a306a8ce2c097ad30b342d00b65969e963c38289869e41f266c5fa0cd41bb3ef	False
1P5P	/storage9920/home/tinghao.xia/pdb_data/1p5p.cif	259275	89b0efd908856a81dde892b0703eb735e14b3c6f9542a8256fc8bfdb91b09bb8	False
1P79	/storage9920/home/tinghao.xia/pdb_data/1p79.cif	101573	bf03e7c7a4b75f80d1abb78bbfd857d3b015cccb169d10c6f300823e567fa7b8	False
1P9X	/storage9920/home/tinghao.xia/pdb_data/1p9x.cif	6388856	bc74f88573bb7a2b254e22b676f5b2f6c715d7bffa79fb201a10e96af2d5beaa	False
1PBL	/storage9920/home/tinghao.xia/pdb_data/1pbl.cif	66937	67d480adb3f2af625395efc61287e5b52a208bd7558f23322eca28f32e5573b5	False
1PBM	/storage9920/home/tinghao.xia/pdb_data/1pbm.cif	59117	285e60a18f7a7a7ca5ee0a03fa7436c0096a13c66dfa0c2d5fdbd0a93e29405c	False
1PBR	/storage9920/home/tinghao.xia/pdb_data/1pbr.cif	157526	d7dce29395f143317286ce44f592c4c745e690ef2f986b4df33b0192d1c6778c	False
1PJY	/storage9920/home/tinghao.xia/pdb_data/1pjy.cif	1254653	4dcc7bb73d325ac7902afd6b825abaa218811f0066a2ec4d349a3f146c6ea02d	False
1Q29	/storage9920/home/tinghao.xia/pdb_data/1q29.cif	131418	580615f3040bbf321b0f96122508777471cd3aa17b9d606c3c87170ec74c331b	False
1Q75	/storage9920/home/tinghao.xia/pdb_data/1q75.cif	879855	d1c6e46a7a7b44a0db06a2a368908662256a44c73b6bbb785aa4821df2a218b2	False
1Q8N	/storage9920/home/tinghao.xia/pdb_data/1q8n.cif	3033585	8acbb3629a36485fd20b885f4f8532d3b03a16360134a41208d3d8b77779610b	False
1Q93	/storage9920/home/tinghao.xia/pdb_data/1q93.cif	241264	d00b6b81699cc0511260ffb08a47b3ddabb98860f086d6777f93446002790010	False
1Q96	/storage9920/home/tinghao.xia/pdb_data/1q96.cif	269453	d3a98ad0565fe9879a833f77b2c2941c86e45205db66560ff9c7507bdc92aa65	False
1Q9A	/storage9920/home/tinghao.xia/pdb_data/1q9a.cif	202223	c375d8fa64b06042df0ed68acfc7c078813863ccbfe358c3c559e6832fd4ebf1	False
1QBP	/storage9920/home/tinghao.xia/pdb_data/1qbp.cif	250521	e1d1c168ff3a22392dbc2639328879048187ba29ab32f9dc0cdb395854f51226	False
1QC0	/storage9920/home/tinghao.xia/pdb_data/1qc0.cif	384733	53bcc140a8e32e99adf84cfff125cbc5d3beb94f1b006995ac57929c8ab81f1b	False
1QC8	/storage9920/home/tinghao.xia/pdb_data/1qc8.cif	2038518	3cceba25b70f4a710d969a17119822b6cc2b6e2c4a6abec17d68d9db577192a9	False
1QCU	/storage9920/home/tinghao.xia/pdb_data/1qcu.cif	303527	a09a9995a584ffb4291032196c0ec3262926a558f4d835aa7ae2fcb89983e663	False
1QD3	/storage9920/home/tinghao.xia/pdb_data/1qd3.cif	1656803	7e9c8c044737ccd48b583062ec62aea6195cf8084a7a1c6f3c42ac9a6a187bec	False
1QES	/storage9920/home/tinghao.xia/pdb_data/1qes.cif	1334921	eb9ec2d42eda142b706a8ef9272f11aa5b99d6334bb41586d288338df5aa4189	False
1QET	/storage9920/home/tinghao.xia/pdb_data/1qet.cif	1334957	28a09a080e7c525191c75405c9312c76f4e178ad9f9be893ee4ef026b57aca68	False
1QWA	/storage9920/home/tinghao.xia/pdb_data/1qwa.cif	1051113	d81433d2d3d60cd9bdf00fe9a7c446e676a33c5313b6d4870655b7dc5bed4efa	False
1QWB	/storage9920/home/tinghao.xia/pdb_data/1qwb.cif	1308222	098dbad14a4d0e9fc4563f2eece982b7a4caf0d5be685947dba8214fd692b466	False
1QZA	/storage9920/home/tinghao.xia/pdb_data/1qza.cif	36935	c56a9144969ea6eaa77ed0999e84b85f93e4cc92f5bee65518d763f0efa71a5c	False
1QZB	/storage9920/home/tinghao.xia/pdb_data/1qzb.cif	37865	87c497279699e2bcc2a6ac0c97158c40fe06424acc23eca47b25e03896da0ffb	False
1R2P	/storage9920/home/tinghao.xia/pdb_data/1r2p.cif	991707	fc1d2a43ede88052e13bfda9f103d59316ff3f74e230e348b26d90c357f7dd75	False
1R3O	/storage9920/home/tinghao.xia/pdb_data/1r3o.cif	111852	dea72dc476ff7a052fdf69f53466c6cf68dbd51153c2687edb69313377b64067	False
1R4H	/storage9920/home/tinghao.xia/pdb_data/1r4h.cif	57008	0194fc585aed0e16b4af641af60ac176a5b4fdba2abefbcab343a9db932e86c7	False
1R7W	/storage9920/home/tinghao.xia/pdb_data/1r7w.cif	1911365	19408586f96bcf8dca0698bb3ab0d9983b0127512c55ca1c3af8912ed8ea8721	False
1R7Z	/storage9920/home/tinghao.xia/pdb_data/1r7z.cif	1908237	38b2cc77bca12ebf7907d6065a7f831a716321eec4d244f639a1496f6103c404	False
1RAU	/storage9920/home/tinghao.xia/pdb_data/1rau.cif	94929	ca21dde3f4fc5e1bfc649ba27cff57f2f88ad7f77783f54aff598c38ae787e06	False
1RAW	/storage9920/home/tinghao.xia/pdb_data/1raw.cif	1226541	d929c6ef2d36f5cf518ec1b028e8dea651d369ddfd8ea91b18feb5ef76739d95	False
1RFR	/storage9920/home/tinghao.xia/pdb_data/1rfr.cif	1716125	3ecf3eb5b4c101bfb67679561d5355c333562c1eb5e8a4d6b43625c545a03137	False
1RHT	/storage9920/home/tinghao.xia/pdb_data/1rht.cif	122709	a37612095c9e35480ed6534e2bab7bfe7d5fc88d7915adf847192c773a832255	False
1RMN	/storage9920/home/tinghao.xia/pdb_data/1rmn.cif	128801	782450258a27f14bc87644e5a7916803fafaac6132b664fe806409dbb55526ac	False
1RNA	/storage9920/home/tinghao.xia/pdb_data/1rna.cif	111276	2acdde575063cdd4d3257b68b8105a12d587ebf6deb9e37bf531cca037f3d60c	False
1RNG	/storage9920/home/tinghao.xia/pdb_data/1rng.cif	194888	af1d1a38950d59605a7a3d4fd7df2abe71b8196a13d0f57feb307970b10249c4	False
1RNK	/storage9920/home/tinghao.xia/pdb_data/1rnk.cif	127869	dcd1db8b656dc259353c75129ae7f7e5a1f1b5a9b31ed2b3c7c57e35cc70f173	False
1ROQ	/storage9920/home/tinghao.xia/pdb_data/1roq.cif	415200	752a3af380f6f9e93e1a240855116ce11871c4514dac8b9f51e11e8f4e00560f	False
1RRR	/storage9920/home/tinghao.xia/pdb_data/1rrr.cif	577496	8259ad83bfa2a4c7f78db1e019840afa7d248fc27cd4a02d6424110e8ccc16fc	False
1RXA	/storage9920/home/tinghao.xia/pdb_data/1rxa.cif	56040	8e627ceb42de358308fda8fd6281dd8cb3be1bb8e32293a10e0782a5db4066f0	False
1RXB	/storage9920/home/tinghao.xia/pdb_data/1rxb.cif	68444	3f671bcb5fb4ac42e52e0876bc29cd24dc8c829da5e96cb9a982f55af698d17d	False
1S2F	/storage9920/home/tinghao.xia/pdb_data/1s2f.cif	101272	a9f6d0c4d461d383c8314d8745384afe69889b581ede3c7c0aefd12faf301ea2	False
1S34	/storage9920/home/tinghao.xia/pdb_data/1s34.cif	996363	97fbc05deab54dac9b26eb38e0b5dd1aa3374d08d109fc2c92c143f944b5d534	False
1S9L	/storage9920/home/tinghao.xia/pdb_data/1s9l.cif	1267896	cf1b8facb1c11aecde892831b9d029d69d4529badb52d2e052187e0c348f0338	False
1S9S	/storage9920/home/tinghao.xia/pdb_data/1s9s.cif	6445516	3a2fa366fa9ced47d051bfc5f333eed826c1f9ed19a44d482b264ca04709c48e	False
1SA9	/storage9920/home/tinghao.xia/pdb_data/1sa9.cif	120662	c4b1151c9537206726286682d2f9f58db80a87cc50f39a61233826bb07beed74	False
1SAQ	/storage9920/home/tinghao.xia/pdb_data/1saq.cif	120587	3c5e3ce9d6bca1f10ea02ef0128cfdc0291453c5a43fd0810a0415cd4d975dd0	False
1SCL	/storage9920/home/tinghao.xia/pdb_data/1scl.cif	510729	d1c5c3634c17e3ab27c3f3b4f8af8fa7e28f2b3ea1dfb90cc89659e4b7a3edf9	False
1SDR	/storage9920/home/tinghao.xia/pdb_data/1sdr.cif	148646	c9d245e86f76592f860436d5af3d29cd0744d118d4d897464b9c6ef70ec300f4	False
1SLO	/storage9920/home/tinghao.xia/pdb_data/1slo.cif	85989	8e1243af69215c86d7f3d299c3aad5337d3da8fe80d31b2cea56741ad4eb14c2	False
1SLP	/storage9920/home/tinghao.xia/pdb_data/1slp.cif	889052	4bcff97d278d160e46fa1938a6e8fc086e4b1b9ce2d55d8518cbd7a5da708071	False
1SY4	/storage9920/home/tinghao.xia/pdb_data/1sy4.cif	847682	32e726dfa0ac7b21f8e50237d9f5d2ec801bc8b2394271b7b716430a32082433	False
1SYZ	/storage9920/home/tinghao.xia/pdb_data/1syz.cif	993189	427954aa90ecfa8cdedf2027a28c09f290d7050096caeecd708a6ed8377fd842	False
1SZY	/storage9920/home/tinghao.xia/pdb_data/1szy.cif	87944	426f7bdd02f5c71d9e106c50d5662a15fbdc445c2575e8ee058668d7dca31c6d	False
1T0D	/storage9920/home/tinghao.xia/pdb_data/1t0d.cif	211340	fdb2ef7e21cba0f5d17f6896faff27c14c1ea041ee482662b609c985e532a8d9	False
1T0E	/storage9920/home/tinghao.xia/pdb_data/1t0e.cif	140054	44d0108235e6f348db7812a21a89bb73695d503c2f569cf072393a0206c5a6b8	False
1T1O	/storage9920/home/tinghao.xia/pdb_data/1t1o.cif	37500	936f41548157c5eb6990c2bc10ef3de60b4f19c97fa5d633ea5df4521e518fde	False
1T28	/storage9920/home/tinghao.xia/pdb_data/1t28.cif	133656	cb723bf257442abd52331b49592c30f5b41d0469d36bd72979b01160b66d40ed	False
1T4X	/storage9920/home/tinghao.xia/pdb_data/1t4x.cif	418375	2dfa464a05368d50afcf344803c4ae32d6877d60fabbb605a58316a2430fe585	False
1TBK	/storage9920/home/tinghao.xia/pdb_data/1tbk.cif	562930	bf033f1ae394106e4a5ab6bd4b105ca98f3d6352c5b538a2de96584eaf833ade	False
1TFN	/storage9920/home/tinghao.xia/pdb_data/1tfn.cif	97593	4fe62ebbb8c7ac2902b713571ac3f18ed325f3f08614958105a0d3af390b6dd2	False
1TJZ	/storage9920/home/tinghao.xia/pdb_data/1tjz.cif	1278882	4d6799eb7cc697db21dcf14c81a1903a7dee41f3bf71ad43832fcd000ad6e506	False
1TLR	/storage9920/home/tinghao.xia/pdb_data/1tlr.cif	1392462	f58c0bdd482dd9db55b5ffc108fa43c429071df2fee20b5a7eb076e9223d8aa6	False
1TN1	/storage9920/home/tinghao.xia/pdb_data/1tn1.cif	323364	0f9ffe4876343ca9d6568705cecba145989a27c4f756c3c36a8d474ed90ddb4a	False
1TN2	/storage9920/home/tinghao.xia/pdb_data/1tn2.cif	316866	91a17a82645b2fbdd1aaed27060c99c842fea635d2505f9798f0f187aae3f711	False
1TOB	/storage9920/home/tinghao.xia/pdb_data/1tob.cif	656862	de5b8cc443805c775cda88fec9e67f9bb39496878a94ce4d985328f7ad074d53	False
1TRA	/storage9920/home/tinghao.xia/pdb_data/1tra.cif	280184	70604c102dc431eaf8b36bdc57e9ad65240ff879d0f545c76e5af4980bdbdb42	False
1TUT	/storage9920/home/tinghao.xia/pdb_data/1tut.cif	95178	e3ea81e875cef4208ca3d7d1c15f09acfe3cb8804f7e496d235dbc69ecba47e8	False
1TXS	/storage9920/home/tinghao.xia/pdb_data/1txs.cif	2097559	2d5430a8c248658bc57cb2fd6c6b592e0f870d9fd3182598d8a71b1aa39a5653	False
1U2A	/storage9920/home/tinghao.xia/pdb_data/1u2a.cif	88561	b7175ea6d231b9b9244b935dc984fe8545f7ba2ccb1cd2cdc79e497c2c2c3399	False
1U3K	/storage9920/home/tinghao.xia/pdb_data/1u3k.cif	1141484	dd19f53773f78a1e2f3abae97530cc80881cd0c99548afa9776c8df3e7783f74	False
1U9S	/storage9920/home/tinghao.xia/pdb_data/1u9s.cif	410578	0783756c4a5e1d9fc5db867fdb4c3bef21ec3b4ac29b914751d961c4e0d20350	False
1UTS	/storage9920/home/tinghao.xia/pdb_data/1uts.cif	1570899	59ed2ecc820832f72858369c58496332efa5c0d3517a93d3d636fa8be71411eb	False
1UUD	/storage9920/home/tinghao.xia/pdb_data/1uud.cif	134041	fee6bed7ccdaa2560c1e8b4f2adff3d7c3b5c8970b1cd7303f4b9a3a162e71c2	False
1UUI	/storage9920/home/tinghao.xia/pdb_data/1uui.cif	133297	6cef6ddff07256cd48fc232a9895b070e2fd5ccf06844da12f8f47e69509d457	False
1UUU	/storage9920/home/tinghao.xia/pdb_data/1uuu.cif	821053	f2f248bf7ede8b64444e9eed87de1003e466450b27fac6e1cf5f53f3ed6f84eb	False
1VOP	/storage9920/home/tinghao.xia/pdb_data/1vop.cif	1708764	f1db3b6ed2269849e9e217ec03c199985a6d1efe93c383a6f053b2fa13138cf1	False
1VTQ	/storage9920/home/tinghao.xia/pdb_data/1vtq.cif	226696	dc971d5a28093d2cdd58a2b2d769cf08f14788dfbbbd4b8a795e0f7a148a5ea7	False
1WKS	/storage9920/home/tinghao.xia/pdb_data/1wks.cif	1047645	84992321f3f11464f08558c396a6a0c78875dfdf7c0fdf4502650859e2dbeb62	False
1WTS	/storage9920/home/tinghao.xia/pdb_data/1wts.cif	83770	c991f88161ef1e292f4d95eb1932382d7dc963062310ad6f2537de638e3eb64d	False
1WTT	/storage9920/home/tinghao.xia/pdb_data/1wtt.cif	525480	7294577199b74d79b8e863a0c1d439fc31a4216d20323916d7e9e69940df3b1a	False
1WVD	/storage9920/home/tinghao.xia/pdb_data/1wvd.cif	151236	a43fec42673e5be12956d8c87a226b1c32801ebf7d8c939cf483b879b581b4f9	False
1X8W	/storage9920/home/tinghao.xia/pdb_data/1x8w.cif	2302201	421bf479e28813fc44e6e51450195eb4e51a75eb943e0da9ce1e6146c0cd2fbb	False
1X9C	/storage9920/home/tinghao.xia/pdb_data/1x9c.cif	190825	a2a977f186eca29e691688161ecda1dadcf8daac58202b1316e6bca3f40325b9	False
1X9K	/storage9920/home/tinghao.xia/pdb_data/1x9k.cif	161971	b679215d13e955e6c1caf409ea17846df8d12fafffedc184e52b43bf6c6ed8c4	False
1XHP	/storage9920/home/tinghao.xia/pdb_data/1xhp.cif	931714	7cc0097321f5736533b11e5a9a8cdec881e563ec091ccf62de2a0f08e8e01087	False
1XJR	/storage9920/home/tinghao.xia/pdb_data/1xjr.cif	159635	73ba4b7fb1245ad15648943ae7cc5234c240bf27b25d0914e0acd6f672c48bf8	False
1XP7	/storage9920/home/tinghao.xia/pdb_data/1xp7.cif	152120	9da24be9c80185a9d96061e5ab0649684cff563fa1617c94b0646969a2e43b39	False
1XPE	/storage9920/home/tinghao.xia/pdb_data/1xpe.cif	169656	e92dc7a74628089d85aaa9516bf9b41cbd8b6a2b7c6cfbce488e121e78f101e7	False
1XPF	/storage9920/home/tinghao.xia/pdb_data/1xpf.cif	160098	eebe074075071c040efba8bc8a0f22b3f09ccba2a4c678013494fc2fce0455d9	False
1XSG	/storage9920/home/tinghao.xia/pdb_data/1xsg.cif	108659	429763271ae3adec54f2693b6b2d025726a33a20c30f8208530c8d188f2785ff	False
1XSH	/storage9920/home/tinghao.xia/pdb_data/1xsh.cif	107768	cbbdc7da41d8ac73a34ae658495a222a43d14969858bfe627ef68c82a34452f1	False
1XST	/storage9920/home/tinghao.xia/pdb_data/1xst.cif	121590	8c21b2c8f0ee53aed04e26cff9de1788a6c0a4ce7cffbf17d14e0230da8d9b95	False
1XSU	/storage9920/home/tinghao.xia/pdb_data/1xsu.cif	121425	bf5d5424cd17c1bb1b4ff140be743edac8acf9222ed3b135ddb7273770ba2c1c	False
1XV0	/storage9920/home/tinghao.xia/pdb_data/1xv0.cif	2021705	182a4da892ba5e7c23a1a4c857277582418002b48a9256e1f49157e915c84362	False
1XV6	/storage9920/home/tinghao.xia/pdb_data/1xv6.cif	1495792	8756dd341edb4933585c20cfc4909eb91ec2ff53ccc6e99ae6d3cd3c81a64752	False
1XWP	/storage9920/home/tinghao.xia/pdb_data/1xwp.cif	71695	d6e2d9216b29b61d2978917b9332d80e4281210ee83905d4715857a0a17cafdd	False
1XWU	/storage9920/home/tinghao.xia/pdb_data/1xwu.cif	76086	9472d8a6797810c1e7bf5fb9996c8427facdebfd68920d1c23d8ce30229a92aa	False
1Y0Q	/storage9920/home/tinghao.xia/pdb_data/1y0q.cif	572466	41dd0bcdc163f5dab9cc0a576ea6abdde75689a44d2bfe38a03865d49a993e0d	False
1Y26	/storage9920/home/tinghao.xia/pdb_data/1y26.cif	236216	99b1118f0af4add047b9bc60760c8f0e5d0b288a1b25a63a6f4e1516aab7eb5b	False
1Y27	/storage9920/home/tinghao.xia/pdb_data/1y27.cif	213719	07de7c51191f604f007b7d7518dcea001d6025c38740eaa27cb93ed3b837ff71	False
1Y3O	/storage9920/home/tinghao.xia/pdb_data/1y3o.cif	143034	50190e583a337e0d3fb33faaca74e6e3f42520cc414c532654a98e161adb18b1	False
1Y3S	/storage9920/home/tinghao.xia/pdb_data/1y3s.cif	169447	837f9852d6ab3fd25ba9b6e25754849a4eea9f3e0397ac8c47c4b664cb90bf7b	False
1Y6S	/storage9920/home/tinghao.xia/pdb_data/1y6s.cif	149577	6a31650a7d4c25b32a24dbce134e5804b30acb099903e7dbf10f35de59377b43	False
1Y6T	/storage9920/home/tinghao.xia/pdb_data/1y6t.cif	158207	d5a317078707d15c835653546214a1d15f5d0707a4dc6dab0877bf3642fe31c7	False
1Y73	/storage9920/home/tinghao.xia/pdb_data/1y73.cif	170309	3c1581028e2129ebaed99ea3a2aac47f5539375dd42896667eff16bf998635c4	False
1Y90	/storage9920/home/tinghao.xia/pdb_data/1y90.cif	159757	ecf1b19e26cc71ef3613876840458f5a16928e2511508cbdee7bbd10cb6f392a	False
1Y95	/storage9920/home/tinghao.xia/pdb_data/1y95.cif	160972	3f324fed609ff82ba61dfc8818b1fb606884c50e46bcd3b893f92d511c2c4c8f	False
1Y99	/storage9920/home/tinghao.xia/pdb_data/1y99.cif	174836	4ad8a0bd0dbc946fc4932592ef41702f9df6edbbcc0587621996325bffafbfb5	False
1YFG	/storage9920/home/tinghao.xia/pdb_data/1yfg.cif	251703	6dca82cb781c6d1083241988e4af2b4ebc65b9113f855cefffcc17d86e08f687	False
1YFV	/storage9920/home/tinghao.xia/pdb_data/1yfv.cif	72219	c23242fc7b830dc9088a62ab1c987c7a66fc5e1a539fca359cce95ec557f31b4	False
1YG3	/storage9920/home/tinghao.xia/pdb_data/1yg3.cif	1776055	015678cd6408b541213a030d5803e27a1c4738c03cd0e7529b2a2b62f8745101	False
1YG4	/storage9920/home/tinghao.xia/pdb_data/1yg4.cif	123625	44b2b8557b812c246d154a25b0ef5b6364ee71476e94303b703c5c8af32c9330	False
1YKQ	/storage9920/home/tinghao.xia/pdb_data/1ykq.cif	264462	ebeb2e8901f6bdd1fff0debe6847605923cf07af94f8b617716d587ff303d249	False
1YKV	/storage9920/home/tinghao.xia/pdb_data/1ykv.cif	279648	5e00e6025c4e28985efce699aa9614b639a1424ca4d6723fc59b136e138f6ac7	False
1YLG	/storage9920/home/tinghao.xia/pdb_data/1ylg.cif	1793119	7d492e92fa98474698b85a7d84ef33a2ead0024b3555758be18a7a511ec6134d	False
1YLS	/storage9920/home/tinghao.xia/pdb_data/1yls.cif	343967	c725c98987d7fc4d76e1652316ca773cbc9c42b2d1ea5facd5dc89a512751f9d	False
1YMO	/storage9920/home/tinghao.xia/pdb_data/1ymo.cif	2679902	4ee88066fdad25e8c2d3799775fce922121fdffdcafd5371c55d83d148e31116	False
1YN1	/storage9920/home/tinghao.xia/pdb_data/1yn1.cif	563786	50418446b166a1585c85108f68a94440e0eba719759941c725727f7857e820a8	False
1YN2	/storage9920/home/tinghao.xia/pdb_data/1yn2.cif	650577	1a1938141cef61863bc3de7c6ab2d8ad1b14fd8bfee8855f41a70f403d83c13e	False
1YNC	/storage9920/home/tinghao.xia/pdb_data/1ync.cif	1793515	48876909e09cee73e200993133856083a3532199219fcf42ff909ec4a7c13aec	False
1YNE	/storage9920/home/tinghao.xia/pdb_data/1yne.cif	1797583	bb1b5c629af27147cc3ac3ff74f091be34dc23501a1bfb9bcae9b487dbe960b2	False
1YNG	/storage9920/home/tinghao.xia/pdb_data/1yng.cif	1440393	1de2adbede875770178a61c9698db9812725fedf51d53fbe4192ac3cd0264383	False
1YRJ	/storage9920/home/tinghao.xia/pdb_data/1yrj.cif	167239	98c00acd89f36f04c207e65a6b142609b09abd0b9b799593a7cda4274345114e	False
1YSV	/storage9920/home/tinghao.xia/pdb_data/1ysv.cif	1077217	2cf576a3c21937410719480d06c4d35120f9a265e0291390b269084fd8c16d20	False
1YXP	/storage9920/home/tinghao.xia/pdb_data/1yxp.cif	146441	c81fad270be61c7fc1541e9164021dec4bbfd9350250807ad521ad4e0655edf1	False
1YY0	/storage9920/home/tinghao.xia/pdb_data/1yy0.cif	160954	7d42e8942b2e251a12ca7560b2cbad4af1dd1f6f6d064e427bf52823cf9e74f2	False
1YZD	/storage9920/home/tinghao.xia/pdb_data/1yzd.cif	161152	0599ca2cc2df0aaaac0395c1faf91658ae41241914db82db6cc4432f56914785	False
1Z2J	/storage9920/home/tinghao.xia/pdb_data/1z2j.cif	2572432	49750860995c119d206ec8fddd0c0df56399fc7aeebc143ad2db28cbd29d465c	False
1Z30	/storage9920/home/tinghao.xia/pdb_data/1z30.cif	780961	81beca6d0a1669863411e6830c36be71a37bbc68c95f5e6dafeef240efe1e8ec	False
1Z31	/storage9920/home/tinghao.xia/pdb_data/1z31.cif	932832	3e686909b19f1473a44259e576868dd4647e9c70f409dc3ae6e2ae50e82689a2	False
1Z43	/storage9920/home/tinghao.xia/pdb_data/1z43.cif	304241	fe77ec6a4b398701570c8be3541fd90cec3ff5a3aea8525ade04fef3e7a234ed	False
1Z58	/storage9920/home/tinghao.xia/pdb_data/1z58.cif	6349459	b41ed20d4073190fa0ab41c23f6df1a88d8af0910f3ae847f1e52f71804d60b6	False
1Z79	/storage9920/home/tinghao.xia/pdb_data/1z79.cif	157613	505cee2efaa7241b91d2b8696725b312d073b682debcb1ccf70b074d2a6023a4	False
1Z7F	/storage9920/home/tinghao.xia/pdb_data/1z7f.cif	165860	228e8bed012d1c2c63850b0e1c42d84cbcaa9cdca7efc7db4572ec9e3dccdbfb	False
1ZC5	/storage9920/home/tinghao.xia/pdb_data/1zc5.cif	2373262	f99ee8697dccaee0c3c8bb3d3f053cc5614c952360b71befee407e88748f7389	False
1ZCI	/storage9920/home/tinghao.xia/pdb_data/1zci.cif	305536	f34763663c98691eca03326fb1d19e63db0b60f326b12ff50d1829a98295c013	False
1ZEV	/storage9920/home/tinghao.xia/pdb_data/1zev.cif	215193	04402409a86d80d3830301eb794f4dafed9faaccb5d2b4d28ca465ad48739c56	False
1ZFT	/storage9920/home/tinghao.xia/pdb_data/1zft.cif	192709	cc2c3a425e51a7700313b68e2975b3bd116eb38bef764a0dac52492fc60dff51	False
1ZFV	/storage9920/home/tinghao.xia/pdb_data/1zfv.cif	185370	0f50094333da5cd35c05fd17eab0a092f0820b996238b98df16d7024c1241e3c	False
1ZFX	/storage9920/home/tinghao.xia/pdb_data/1zfx.cif	183765	3c7a612fceb8a1771590e710dba7e0b114ae7c3852f86dca4888977961fedbe7	False
1ZIF	/storage9920/home/tinghao.xia/pdb_data/1zif.cif	376380	7a3880b4a52adad7fd4540af96f42e0fccacb2415a9bbb803e44a415ba283b10	False
1ZIG	/storage9920/home/tinghao.xia/pdb_data/1zig.cif	379045	c2dce8dbe4d19d10015c62a9d0ce6aa23ff0ee4d6aef0e4dcb71e495f0e76d73	False
1ZIH	/storage9920/home/tinghao.xia/pdb_data/1zih.cif	371583	f279aea49826651c778ea5a09f534cdb472070ab50370ccccc3107c05bca9287	False
1ZO3	/storage9920/home/tinghao.xia/pdb_data/1zo3.cif	499312	1dc4e35b57af01175f98166b912be53bb17930644810da674b4bf767d6e218b7	False
1ZX7	/storage9920/home/tinghao.xia/pdb_data/1zx7.cif	299360	e30618f2de4f66b6b9964efc8fa4846cb80cd84cb4fb127ad7693d87d8301909	False
1ZZ5	/storage9920/home/tinghao.xia/pdb_data/1zz5.cif	199431	304a8e55b8abcd4b1ff3378ff8a8e196b13018cfa1c32ae38f25799d7e38b2be	False
205D	/storage9920/home/tinghao.xia/pdb_data/205d.cif	101228	0ed363b2a8900fab93da160f05d158cfda567cc9620d22110f9b1b6d5d463ba7	False
21CC	/storage9920/home/tinghao.xia/pdb_data/21cc.cif	932846	73f47413032f67b8ad63e76b312dd6ddb80e0ba7b63dafb0085c599b0dcc466f	False
21ET	/storage9920/home/tinghao.xia/pdb_data/21et.cif	258339	4fa56b92289dd10ca33e96f9d78bdaba234dadf76169fdacb9465df697c0a19f	False
23JY	/storage9920/home/tinghao.xia/pdb_data/23jy.cif	146071	65a05c2db159ffe38d971cd25243741f7ccc4513d3f7f1ac9aa75c1dcd8bb5b2	False
23JZ	/storage9920/home/tinghao.xia/pdb_data/23jz.cif	147649	85cc5787bb58bf20f0500ccabfc52c88fac6a626fd5b357fed57c0466f99bcc9	False
23KA	/storage9920/home/tinghao.xia/pdb_data/23ka.cif	313381	f20f60f0c2687705c8128467ef4be31a765567881c8904e0f34cd9ae9da68f75	False
255D	/storage9920/home/tinghao.xia/pdb_data/255d.cif	73904	345068e3afe32b3ba18fbb91ea2950a8bb0b523cd1756ad57d691e74712bd097	False
259D	/storage9920/home/tinghao.xia/pdb_data/259d.cif	80682	0c13b2350cf99b3bd66affe4df8ffaf39adc8fa0ec4d18c77c5e95650dd532ef	False
25SJ	/storage9920/home/tinghao.xia/pdb_data/25sj.cif	584311	b61da6214ca70b2f9648932a33ee8892c4a0327662a51ec70792dfb285f238c9	False
25SM	/storage9920/home/tinghao.xia/pdb_data/25sm.cif	676367	c506947eaa844f43e0132409aeafe47c90b32a6d2648865014180464621a839e	False
280D	/storage9920/home/tinghao.xia/pdb_data/280d.cif	164516	b743846d5741b7268c8f910a7c07d187cbbea7442aeabc0062799bdaf5fd3be0	False
283D	/storage9920/home/tinghao.xia/pdb_data/283d.cif	72946	359165b5acc3995dff53491c123f8275fae4bc3d802b21a783f36136b9da6899	False
28SP	/storage9920/home/tinghao.xia/pdb_data/28sp.cif	598734	b16d246b6304eaa18211e3a481e6410a627e23177125e27d853d0e5187a47236	False
28SR	/storage9920/home/tinghao.xia/pdb_data/28sr.cif	114859	7a518263dfaefa1780dee015c3fb358e89385b88bc0a7bfe062ceea43610306d	False
299D	/storage9920/home/tinghao.xia/pdb_data/299d.cif	114837	c146c628efe3bd3fbfce81e9cf767a75d2b6a91ffffe31bdc77e04b1d430daa1	False
2A04	/storage9920/home/tinghao.xia/pdb_data/2a04.cif	195047	41a40eb531fd19060e1080e31f10049ddf5daa7e12f8631a4cece7377be9f054	False
2A0P	/storage9920/home/tinghao.xia/pdb_data/2a0p.cif	91652	f43ec7f553f304c71c68d578527cc8e6642285cae8b9776c25e2ae3f5f3a8530	False
2A2E	/storage9920/home/tinghao.xia/pdb_data/2a2e.cif	715718	87282200bc10cf9948bed4c91046f9e48e6232f0a90b56a145d1a3609a41e134	False
2A43	/storage9920/home/tinghao.xia/pdb_data/2a43.cif	193419	cf3e77c6f4fd68ba191bb7cc0ddfb9d55284071bb3dab4eda799573434cfd670	False
2A64	/storage9920/home/tinghao.xia/pdb_data/2a64.cif	683376	730b61470b199884ff7041ff09916e3f8eb31d2b40d7122e32d28c939ad26c41	False
2A9L	/storage9920/home/tinghao.xia/pdb_data/2a9l.cif	143469	8b8f7beed855f4218e9cd5d855d472de52df7c6b440724a1c7f632ea2819823b	False
2ADT	/storage9920/home/tinghao.xia/pdb_data/2adt.cif	4868659	7cc5698b6a98f9dd6916e8c0c0c8ad552a67f710873006f181324357c77693c2	False
2AGN	/storage9920/home/tinghao.xia/pdb_data/2agn.cif	52908	41ec4bce62bd09f2248a54d212a11f275598b90ec904049f2a89d2aaf2e47ade	False
2AHT	/storage9920/home/tinghao.xia/pdb_data/2aht.cif	1593917	505a3e632b9f712e7cf23444db7dbe76862efe66ba6180907b9c9dba86ca9dee	False
2AO5	/storage9920/home/tinghao.xia/pdb_data/2ao5.cif	166465	0a04b830601b17193af6c7fcc38a4ff1e848ab4b142e11d59519d96c80844188	False
2AP0	/storage9920/home/tinghao.xia/pdb_data/2ap0.cif	1784023	8cc4d41f92788e40a4c75ba96d70498678b798848ffea6d1fe16fc18fdaa750c	False
2AP5	/storage9920/home/tinghao.xia/pdb_data/2ap5.cif	122872	5dff92d71cff7ad5d611723003c1da9888b28a8bb8cdde35b62dec2e40cbbce8	False
2AU4	/storage9920/home/tinghao.xia/pdb_data/2au4.cif	174873	942027eb91242a4a127fbfa603ff9371e8c69a284f2078cfc08cfc9b5989b182	False
2AWE	/storage9920/home/tinghao.xia/pdb_data/2awe.cif	231434	adfa1748b7b5473aac794329dff0e4a704024b67b88af82d8f2f9ff59c854fd5	False
2AWQ	/storage9920/home/tinghao.xia/pdb_data/2awq.cif	554511	52faf689ff5441a12dad4adfe1e58bd1edcf959565c12f6167afccf9ce85e13e	False
2B57	/storage9920/home/tinghao.xia/pdb_data/2b57.cif	224400	f8c631c55ba4593a227f84c9317f1fbf6cbb499d98da22bce8a35d53214edb96	False
2B7G	/storage9920/home/tinghao.xia/pdb_data/2b7g.cif	536619	429916d70f63c7dfef6565eb978816f0ae22f27c709c75b5ceeef4eb17f12bab	False
2B8R	/storage9920/home/tinghao.xia/pdb_data/2b8r.cif	157546	a2cc82aa23380b85927204db92fa80a4980443deeea04d8cd85e306fa0915678	False
2B8S	/storage9920/home/tinghao.xia/pdb_data/2b8s.cif	165686	0ce0bf8837f690fdfeee9857c513b984833c42445d037d7ddd0f25177e1ce389	False
2BCY	/storage9920/home/tinghao.xia/pdb_data/2bcy.cif	182676	710f0a9195e87d85d6cb82bb32f34ba2afb26fd09db1fa93e7e235a1db4f3709	False
2BCZ	/storage9920/home/tinghao.xia/pdb_data/2bcz.cif	183176	9d490e658e3da3e3cbafee2468acd892adf54e7bf157e97ad2c3fc391858f4d3	False
2BE0	/storage9920/home/tinghao.xia/pdb_data/2be0.cif	154461	ca11ad5566eda6244eaa1cf49a5afb32caa891b6c80ac60e63f2123eb4df83d8	False
2BEE	/storage9920/home/tinghao.xia/pdb_data/2bee.cif	156213	7df125a1111562740136f1814710ecd41031aeb77515ef88b74b5fa8603918b1	False
2BJ2	/storage9920/home/tinghao.xia/pdb_data/2bj2.cif	153590	b0e32d524b25fbec5d572ba5fbbcea403451354c339b4bf51caed5eeaa524c01	False
2CD1	/storage9920/home/tinghao.xia/pdb_data/2cd1.cif	107159	232ac32bb048f2daae632fe20651b26348abb811d9768fe282b82bc5df063b18	False
2CD3	/storage9920/home/tinghao.xia/pdb_data/2cd3.cif	107735	369d93d2bedef27c4858b12ce7efe026a7b2fe2738cac8c71e3f0efe3e027785	False
2CD5	/storage9920/home/tinghao.xia/pdb_data/2cd5.cif	121110	ef382f6ee6ab70c795cfcd529afc1a5bdf78c11e239ec7fd8075471302b79bcf	False
2CD6	/storage9920/home/tinghao.xia/pdb_data/2cd6.cif	120166	f3a686983fb748faed05bf7fa50b1ca50d9dbe410d655cc9710f206608207aa1	False
2CKY	/storage9920/home/tinghao.xia/pdb_data/2cky.cif	426186	4a5bba3eac7532adb9c3077c3cde3a3d0a8fe2aa42fef27bcbfbbb6afd1f357e	False
2D17	/storage9920/home/tinghao.xia/pdb_data/2d17.cif	977556	09cc4ff46894f423ebd593227c97ec71245523bcc6995949c01078831a49451e	False
2D18	/storage9920/home/tinghao.xia/pdb_data/2d18.cif	1101522	851d6947b0b3878f54b14be1201c3bc3e87e9bcceab236a7d177a2144a5481f9	False
2D19	/storage9920/home/tinghao.xia/pdb_data/2d19.cif	1107746	5c31bb2b24af52c5d9076799071f5e4c454ea16f0a79f5fd1ec53bc4a64cf16b	False
2D1A	/storage9920/home/tinghao.xia/pdb_data/2d1a.cif	270543	35c615e370ef27868b79dd88086fa33f0dd09eda3d889f556e15da50e5e224e8	False
2D1B	/storage9920/home/tinghao.xia/pdb_data/2d1b.cif	270951	9db53ec5b85ddc77e6cba4cfaaf03adac92a2fafe44e62aa25767cf332f99081	False
2D2K	/storage9920/home/tinghao.xia/pdb_data/2d2k.cif	192687	fc897e4c95aff15dfa4bc1d67892a0a35bf13f11b4d8891a57a1e11c57575b4c	False
2D2L	/storage9920/home/tinghao.xia/pdb_data/2d2l.cif	189829	a5703f207ebe80e251d265b149683dddcaec429eb28c4d7b9c22e563803bcf9b	False
2DD1	/storage9920/home/tinghao.xia/pdb_data/2dd1.cif	1478450	a5153615ba3a38ea895de6e9e9a481b9c6cd10884732ea6352c827004b7773ea	False
2DD2	/storage9920/home/tinghao.xia/pdb_data/2dd2.cif	1659127	75fec3a0ac4ecb9060186e778bd0f7b460ece462d4ac08fe5dfdab55a7d598e3	False
2DD3	/storage9920/home/tinghao.xia/pdb_data/2dd3.cif	1118749	dcfbfb1bfd84e82feb547348eff25169d36140dd5393d600334684ece5ecb1c6	False
2EES	/storage9920/home/tinghao.xia/pdb_data/2ees.cif	242373	af124091e160debc8ce255e6e509468727836bc84e1631525be11e9b303bb275	False
2EET	/storage9920/home/tinghao.xia/pdb_data/2eet.cif	237323	feff134ba5bf1c6096aad3cd561376c69ded6e0b0ee54d545471437219b2beeb	False
2EEU	/storage9920/home/tinghao.xia/pdb_data/2eeu.cif	234663	198f733dabf3de2e7cfe6abd0dc3b4d8f7af5765c1abeca7e4bc609c807e408e	False
2EEV	/storage9920/home/tinghao.xia/pdb_data/2eev.cif	246291	0f0f94b57d4980b6fb860a6b5652cb501a0a1865220bd968b933a14ef4a5b5dd	False
2EEW	/storage9920/home/tinghao.xia/pdb_data/2eew.cif	231370	267d50a4f6dd7f64877e87370cf786bbee9aff7085a5f5fb6713146e3c38861d	False
2ES5	/storage9920/home/tinghao.xia/pdb_data/2es5.cif	1377209	615a5d9626b567b72c60e1641bbfc8f39d3a98791d96cdd3adf8b879cb2dc519	False
2ESI	/storage9920/home/tinghao.xia/pdb_data/2esi.cif	153893	e8c4cb37d060a7956924788e3d7c0b6639dd46b8eda0aef048953b776fec55ce	False
2ESJ	/storage9920/home/tinghao.xia/pdb_data/2esj.cif	160411	d01bf3b2166188a73b5ce3c70f8afcee37d732004f5de4c5c2df8470dc85387b	False
2ET3	/storage9920/home/tinghao.xia/pdb_data/2et3.cif	141290	4537a68c34bd92e881c3e2dc69814402f0a897327ac30f7c0b3c0a5194b565c2	False
2ET4	/storage9920/home/tinghao.xia/pdb_data/2et4.cif	148504	a0b9043b4b917e3e284c1659b7c79c46e79fcbf274589b07926d0c859de0166d	False
2ET5	/storage9920/home/tinghao.xia/pdb_data/2et5.cif	158355	2044df70775baad90c7af29bd241c4736bd5db82d6cf429c88d01739875f83db	False
2ET8	/storage9920/home/tinghao.xia/pdb_data/2et8.cif	136531	d9240d8c961f3c42512ca6c5dbb5302f70be4329598ab5e69b934ba8b5d1bd5b	False
2EUY	/storage9920/home/tinghao.xia/pdb_data/2euy.cif	1504689	76f3a51323ab9b86e5766190e3b970dc9f4f151171645a54f58b696df01f334a	False
2EVY	/storage9920/home/tinghao.xia/pdb_data/2evy.cif	732816	a81b59282cac7d7d5c92d6ccae680333d99606e0b340328b808bdba025e5b7b9	False
2F4S	/storage9920/home/tinghao.xia/pdb_data/2f4s.cif	138029	ba8dcef185f3a77f6aa0f5870b459eeade2bab675a0091e513505f77d3951b2e	False
2F4T	/storage9920/home/tinghao.xia/pdb_data/2f4t.cif	142834	a8dce831a80bc39ef934e2a5931a0c7d7b5fa60a41f396b4e7e1a5729361fb3e	False
2F4U	/storage9920/home/tinghao.xia/pdb_data/2f4u.cif	140851	4659fac413a74d8bbb0b9ec1fbad6f7d72ba5ff43127694eab38b9ce988aaf80	False
2F4X	/storage9920/home/tinghao.xia/pdb_data/2f4x.cif	2488291	2d353f7c78d1b6203800d1379e5b2c0e6ddd9f4c14009da68d1fe088703fb204	False
2F87	/storage9920/home/tinghao.xia/pdb_data/2f87.cif	470806	6e497bb4d6349b40fcefaa448cf26c1a279fe98397a178e7085b91e5db8499fb	False
2F88	/storage9920/home/tinghao.xia/pdb_data/2f88.cif	995005	a88a3ce4e0ec5c8afbd6d06ac0d89119529027c92e1d056af7e89b7acb7f7a0b	False
2FCX	/storage9920/home/tinghao.xia/pdb_data/2fcx.cif	162714	b023666b43699f3c7427955c710cf6d59b73f36c983b5f7054f9b671b65c7309	False
2FCY	/storage9920/home/tinghao.xia/pdb_data/2fcy.cif	186901	31186be8678072c863da34fd2b0cc7a05ca025fef9825377d631a6ded9cb765c	False
2FCZ	/storage9920/home/tinghao.xia/pdb_data/2fcz.cif	311507	f77f935be68c50fe822375fd7c0ec1e1b866f8b7d97726dd481acb6b9c93cd7a	False
2FD0	/storage9920/home/tinghao.xia/pdb_data/2fd0.cif	188575	dcad8b4316bcf774b7770f0fd1d8a753a42cc23762aff148229131e57d892cb0	False
2FDT	/storage9920/home/tinghao.xia/pdb_data/2fdt.cif	1146342	822fcf3939aefb30b2bf99b00371a3c37a392ee9bc63bdb673d5ec3d52a71503	False
2FEY	/storage9920/home/tinghao.xia/pdb_data/2fey.cif	1230197	2a3d894fa25ef4deafcbe465862da110c5d3652d206479b3761e3eea3abc4269	False
2FGP	/storage9920/home/tinghao.xia/pdb_data/2fgp.cif	186304	460f05b51b4a993e273676613f439f079468cd5ce1c608de79e1b11328e3f4eb	False
2FQN	/storage9920/home/tinghao.xia/pdb_data/2fqn.cif	146560	811a15b61b995694e168ffe97b427e4f7ffc2cbe43fbe8bb71f3fa9744f7a161	False
2G1G	/storage9920/home/tinghao.xia/pdb_data/2g1g.cif	1089123	213260ea4ee7dc5058b5dcdc087ae9aa4594fc252ba7de2efee8fd7cb36304f5	False
2G1W	/storage9920/home/tinghao.xia/pdb_data/2g1w.cif	956274	5eab6b427b7a9bfeaf5aeeb5da5dfc783a9cb1bfec0f254e233f71bf2b0951bf	False
2G32	/storage9920/home/tinghao.xia/pdb_data/2g32.cif	263626	cb125ee0d62bd17f38d82e913d1d7a9710eb4c7dda83e03e462b6e72a8d31284	False
2G3S	/storage9920/home/tinghao.xia/pdb_data/2g3s.cif	305231	2a1f6581845932f726c47ed18b1258f28918a9237f256bbc7ecd35530785be7f	False
2G5K	/storage9920/home/tinghao.xia/pdb_data/2g5k.cif	165452	0a272e37c93f97d24eb5b355dcdbc6d34f996e58726aee183c6a23f507ec06f6	False
2G91	/storage9920/home/tinghao.xia/pdb_data/2g91.cif	89780	8b0bbc7fb605a6241c75910c5c794e7ffa6c2bda91bfedcf22ecdb302e69446d	False
2G92	/storage9920/home/tinghao.xia/pdb_data/2g92.cif	159114	4ed9af0af650920b1181b5c610c94422eea6180feccd71bdcf56e7f6f831601c	False
2G9C	/storage9920/home/tinghao.xia/pdb_data/2g9c.cif	253772	9bba0b555cde320d6fe68e3ca7d2ff5af3f9022370d6d90b941db1ca2de2e2fb	False
2GBH	/storage9920/home/tinghao.xia/pdb_data/2gbh.cif	274254	40cb203cb97612331f6862aa9462ea989a747b4d15d7c6d14f4d73e44c60f7ca	False
2GCS	/storage9920/home/tinghao.xia/pdb_data/2gcs.cif	417916	ff5cb4f06816ec4676caa80df559914162127979abe623431e8b9103e1e41424	False
2GCV	/storage9920/home/tinghao.xia/pdb_data/2gcv.cif	407163	f49828942fcee29078a6407480cb8a547be0cda88d90e24740debac722a37a70	False
2GDI	/storage9920/home/tinghao.xia/pdb_data/2gdi.cif	501695	6bb6454ce216b0343097d5fdda0ed006a03ce9bd5aa03ee820530ec7f05ff85c	False
2GIO	/storage9920/home/tinghao.xia/pdb_data/2gio.cif	1662296	980a925daa0474d065d0ba2a3507573cf8d4ca159f05a81f85948e1ec966a2c5	False
2GIP	/storage9920/home/tinghao.xia/pdb_data/2gip.cif	1601416	7d0afa52631e531d047c8f4000553d2bed5af272749e5894cc2f52174fcd5a0a	False
2GIS	/storage9920/home/tinghao.xia/pdb_data/2gis.cif	276909	36296e4e9f624a394ca400a0ff288b343cc458d8deccb105b79a156029b59fb4	False
2GM0	/storage9920/home/tinghao.xia/pdb_data/2gm0.cif	2005277	faf60d35509fb668fdec1cac9ddbb5f5901cb25d94458225ab2db85675edc5fa	False
2GPM	/storage9920/home/tinghao.xia/pdb_data/2gpm.cif	262189	3055a95ab86e2ddc79eb7bbe7bc689b9604efca4b6f783b898f4fc727853caa7	False
2GQ4	/storage9920/home/tinghao.xia/pdb_data/2gq4.cif	259310	ef1f0b52f4cf802cc4f410048484b3a092f61fd6f18ca8b6b9399ddbeca667c4	False
2GQ5	/storage9920/home/tinghao.xia/pdb_data/2gq5.cif	255246	93eb41a7f4804372848064f4f919bd87af0ef73df8a63c88d283859f0b56a83b	False
2GQ6	/storage9920/home/tinghao.xia/pdb_data/2gq6.cif	253762	807e918dcd8f4d0f55767579d0f63ee60e15953d47efd97678ac39411adfbcae	False
2GQ7	/storage9920/home/tinghao.xia/pdb_data/2gq7.cif	260058	07db2866b815c6c67f1582f3a0b72c2b0ab3ac44a8f873b761b4c681a7631265	False
2GRB	/storage9920/home/tinghao.xia/pdb_data/2grb.cif	323329	89efb50a7a71a9ae9cb9b393e4e7bda2380e1526bd7f5fbb3a9ca4b194c87ab2	False
2GRW	/storage9920/home/tinghao.xia/pdb_data/2grw.cif	772062	102a6c9729105696b53d0e1f041bd0fba7d2b62ba9f69494b7c68e6f5ebf9f12	False
2GV3	/storage9920/home/tinghao.xia/pdb_data/2gv3.cif	1244725	3d1ccccd7bbf882e001c97bd00ee4bc94a29a0a9b0d9eccb6a3f649e8488c0fa	False
2GV4	/storage9920/home/tinghao.xia/pdb_data/2gv4.cif	834958	74a8574a70464d0f7b55973e8011e54510361cd0ae5e4a902b4e9eb4ad4340a9	False
2GVO	/storage9920/home/tinghao.xia/pdb_data/2gvo.cif	1255473	d0e8d260ab05a6c8b9bd229a9aeaa6b67326c76b45b171a63c2e2f28fbb071bf	False
2H0W	/storage9920/home/tinghao.xia/pdb_data/2h0w.cif	405581	7195d037acd2c251b7e27dd5f992a7ebb905b8d748a38e5c3b6f46add7672e97	False
2H0X	/storage9920/home/tinghao.xia/pdb_data/2h0x.cif	417687	f86eb0c90ca42f50b2d13964ba1295bf877f2ec489ed6ba8d890048f7f265c21	False
2H1M	/storage9920/home/tinghao.xia/pdb_data/2h1m.cif	117439	7812a107b9e2f1319b2d6eb6200668457887ca0df3502b81dd784fe5364894cd	False
2H49	/storage9920/home/tinghao.xia/pdb_data/2h49.cif	1034176	4dd11165fc632686ec337027eb7be7fcafb3b991e5378337a75712e65537c112	False
2HEM	/storage9920/home/tinghao.xia/pdb_data/2hem.cif	615666	3533d5c3222a274af4a3bf9b09aa7006ab2127d2a00479942a59f5a9349d9d28	False
2HNS	/storage9920/home/tinghao.xia/pdb_data/2hns.cif	1268706	b6b1e84fc6ceb34b46a591abf39959bd59ece1b2250fc4f8b98fe56a83bd70e2	False
2HO6	/storage9920/home/tinghao.xia/pdb_data/2ho6.cif	386307	0d244b43bb5373bd4f407c32928886028eb64f14aac9ae95a8f4d08f85c9434c	False
2HO7	/storage9920/home/tinghao.xia/pdb_data/2ho7.cif	390960	5612574e2db92cf0d58c1bad648d88f907abdaa885f68776afb88e2e2e529c8d	False
2HOJ	/storage9920/home/tinghao.xia/pdb_data/2hoj.cif	243227	5f6872237d60904f07571325b11defb0dd15e6b7c16ccc15cc345f7c0e8b4332	False
2HOK	/storage9920/home/tinghao.xia/pdb_data/2hok.cif	225706	64aa8748dd5d34c3fbb11b099c374a227d47e5017a1f0a5f518adbd567efd7cd	False
2HOL	/storage9920/home/tinghao.xia/pdb_data/2hol.cif	240055	e5ce18e4d009f50256d81c5eae86b3dc96264e6278985978b9719b194d2cee0d	False
2HOM	/storage9920/home/tinghao.xia/pdb_data/2hom.cif	231318	80ee7555d20abfb7a060c02cd430e0ef080ae8b4125db2af26734c3c9b515564	False
2HOO	/storage9920/home/tinghao.xia/pdb_data/2hoo.cif	236662	d0e14bc06ef37feaf761a22640b7a50aab76726e1debcee3dcd273a0ad8b9ac3	False
2HOP	/storage9920/home/tinghao.xia/pdb_data/2hop.cif	207555	bde53b265637a927a2521e7eb6fe9b571a4ae7019b1087a821594e2a174f5a6d	False
2HUA	/storage9920/home/tinghao.xia/pdb_data/2hua.cif	1277864	3f8c963722ca43cf9fea2e9d8182b399ac87c90fc6a408f15fc4fb224aeb2f47	False
2I7E	/storage9920/home/tinghao.xia/pdb_data/2i7e.cif	5509374	19d1dda7495b65e73c10ad57610ea7f8bf02f139005e2a60bb088cd8cef28a9b	False
2I7Z	/storage9920/home/tinghao.xia/pdb_data/2i7z.cif	5772634	0c9db33ada917510eb882d911ab400b848a0a85ad5a67bc6634d6c0dc11a29fb	False
2IL9	/storage9920/home/tinghao.xia/pdb_data/2il9.cif	590156	2831406c8472a8debba328bcadb9bc0bf3b8e390b1e796622e4c2d1ba9862674	False
2IRN	/storage9920/home/tinghao.xia/pdb_data/2irn.cif	783513	98745f8fffac37ccf107fdc930bec0a366a9c9c9df4dd2390f4858e437308e16	False
2IRO	/storage9920/home/tinghao.xia/pdb_data/2iro.cif	782493	0cf4eb07aaf0449a04b5d99ea5d886fdb51837ddbb13e0fd739c545138bae8f6	False
2IXY	/storage9920/home/tinghao.xia/pdb_data/2ixy.cif	1825732	83b1f7970a62aa42f0e6542543b5b5548f473f8de6b7d8aac78551273920b5d3	False
2IXZ	/storage9920/home/tinghao.xia/pdb_data/2ixz.cif	292458	6444b35b00b0dbcb410ab562b344d32aef731bfc5f37ca1714fc9a7a9ea560c0	False
2JJA	/storage9920/home/tinghao.xia/pdb_data/2jja.cif	102490	436931ecee4c0eca18aedf2ce83a4f4107dd300464f33957b1d4ea928c5f909d	False
2JLT	/storage9920/home/tinghao.xia/pdb_data/2jlt.cif	119608	c513eb84fabfd672f2dbc8226284bb956868d20b4a067d28c967003fff8583d7	False
2JR4	/storage9920/home/tinghao.xia/pdb_data/2jr4.cif	538332	92119031313155adcf8491c305958ae369f0301df1413cadc4487458bf44d63a	False
2JRG	/storage9920/home/tinghao.xia/pdb_data/2jrg.cif	593299	46e1bbd10b97487ca558873ac3762a02d0a52ff38ae79792047f7974e93094b2	False
2JRQ	/storage9920/home/tinghao.xia/pdb_data/2jrq.cif	585988	dec2bf500079f664d668852935ac041466f7ec10bcf6bdea482ebac2341d0945	False
2JSE	/storage9920/home/tinghao.xia/pdb_data/2jse.cif	644790	c23c16ed37093c83712bcffc2ff629d6e93b6e494e2123fb94ea4c45587260fa	False
2JSG	/storage9920/home/tinghao.xia/pdb_data/2jsg.cif	583467	e99936265b170abdd030aa471ea85bca7e6da1a8b41cbb7730055a8eaddda130	False
2JTP	/storage9920/home/tinghao.xia/pdb_data/2jtp.cif	1984268	8b0785fa9c000b65a7335d70dcd9eac10a7df68f20cfc860d86d3651b7e61a8a	False
2JUK	/storage9920/home/tinghao.xia/pdb_data/2juk.cif	1595460	0a549dafbd50dc50b5e1de4b6ea320d92873e13d7148b51d93cf9c5ba6cde8f3	False
2JWV	/storage9920/home/tinghao.xia/pdb_data/2jwv.cif	818265	d2ecea7cbc30f383cd9330f894ce0469cf7bf9191c6750f85c0d4da3611fd716	False
2JXQ	/storage9920/home/tinghao.xia/pdb_data/2jxq.cif	566039	d05b27ef221dfd0543ea81abe3f46f6e4200028e9c7d1ba68fab943028269837	False
2JXS	/storage9920/home/tinghao.xia/pdb_data/2jxs.cif	600312	cf5140d3a4f321934e25bc3b9ae6f926b158c048fb8260bc90675b8f14773752	False
2JXV	/storage9920/home/tinghao.xia/pdb_data/2jxv.cif	963475	8ea4a243b90c0b0adc72d933701e7ac152744adc7b724412fd05a772561c3963	False
2JYF	/storage9920/home/tinghao.xia/pdb_data/2jyf.cif	2462728	73e47c36d68e49ca9df3b1b93f50baa4c4ff486ecbb89ca3b3afbfc5267a6c7f	False
2JYH	/storage9920/home/tinghao.xia/pdb_data/2jyh.cif	1216094	f7f409f60a95a68a8b5312a122b814e1c671f2b6422871044d459fa91dc963f4	False
2JYJ	/storage9920/home/tinghao.xia/pdb_data/2jyj.cif	2461342	b9127080f3cbb7f0bc5260ba2df0d6a701f74ec64be7c62b5b22dbd5fed1553d	False
2JYM	/storage9920/home/tinghao.xia/pdb_data/2jym.cif	967210	7dadceac8158de11bec3f13c6e2f5c2cb1595540aabca41bdaa6e1704fcf1309	False
2K3Z	/storage9920/home/tinghao.xia/pdb_data/2k3z.cif	485781	3c2c294675553cc8826d5c53db58e7ba9889de65a7e4e85d4d407e529622fdd0	False
2K41	/storage9920/home/tinghao.xia/pdb_data/2k41.cif	477588	2596a6238331365fe9761a7a3896f0e542f29845545bae0b249693264512a994	False
2K4C	/storage9920/home/tinghao.xia/pdb_data/2k4c.cif	258320	be2c69a2a10a6bf384b185e8d18a707021205d9a6e02881122c81e68cf92ad2b	False
2K5Z	/storage9920/home/tinghao.xia/pdb_data/2k5z.cif	831744	852d4eb53750dc20cc4293305dadff8ec05b877d0275aa4a164a3ce282932f4b	False
2K65	/storage9920/home/tinghao.xia/pdb_data/2k65.cif	808042	4d7d24161c9fa5ffa8dceecfd7b14f7c17172ee4220d63d77da27ca0fa5f4dec	False
2K66	/storage9920/home/tinghao.xia/pdb_data/2k66.cif	1302343	db3f973f8ca69fd38c350691018f53c36e88c1717bad16b0542b84da77b5eb68	False
2K7E	/storage9920/home/tinghao.xia/pdb_data/2k7e.cif	746281	7ac54023c064facc043d741851a37f961028da51b0908c10d88b33e7257f231d	False
2K95	/storage9920/home/tinghao.xia/pdb_data/2k95.cif	2795014	0327ef1732a414321eb4a547b49d55fdabd17a4f452578418eba8b45d496db90	False
2K96	/storage9920/home/tinghao.xia/pdb_data/2k96.cif	2738259	e737e7542e20fa381c124c7cb1a302986de74f058dc83cef85ea6f2b2aee41e8	False
2KBP	/storage9920/home/tinghao.xia/pdb_data/2kbp.cif	698977	cb4d851676b30207fc51f0b19bf498281fdcc6921df07b3c0dff72c86a9751ff	False
2KD4	/storage9920/home/tinghao.xia/pdb_data/2kd4.cif	89487	2dd1c1b6b80367123d89c2d48404630e6a903b7eeae375f349e42373f7848d4f	False
2KD8	/storage9920/home/tinghao.xia/pdb_data/2kd8.cif	762327	37592ca1db0f7c82cf19b1cc5da3dd991c72e97facff87ee7c42edace8ba98d3	False
2KE6	/storage9920/home/tinghao.xia/pdb_data/2ke6.cif	1628434	cd81d9d8ec6ed628d79d1647b4806a72ed47717f5e6090cda5ea603741ce5376	False
2KEZ	/storage9920/home/tinghao.xia/pdb_data/2kez.cif	697458	5e286184d2f0feccfc6751d52c90d338ac270022f4afbd987aeef9e659efa872	False
2KF0	/storage9920/home/tinghao.xia/pdb_data/2kf0.cif	695850	0aa2987c5d8b9df61548852caa336d7bc973458e7957514d0780969b1e522cec	False
2KGP	/storage9920/home/tinghao.xia/pdb_data/2kgp.cif	840659	b7e508b127dbf1732ebaa313229ea0faad6e2bdfbb91c5b0489d5efb6185ac6f	False
2KHY	/storage9920/home/tinghao.xia/pdb_data/2khy.cif	1374108	94980c6939a207f58eaaa4eb649f74e5a1ccea308d188411a352b90926dea351	False
2KOC	/storage9920/home/tinghao.xia/pdb_data/2koc.cif	819277	8579f1cb4bbbc1c323427037a41248520a0c7a9561e736582f50c4268d7f4a1f	False
2KP3	/storage9920/home/tinghao.xia/pdb_data/2kp3.cif	646155	aed38e8683f79b7fdbd996dc7bd9f6642fb5fa53b322c13e75c6e914b1636d27	False
2KPC	/storage9920/home/tinghao.xia/pdb_data/2kpc.cif	484160	cd18a1fcdf8d8273da63470c7df8738ceb797c755aa48e1af4615ce92e946cc1	False
2KPD	/storage9920/home/tinghao.xia/pdb_data/2kpd.cif	482377	a2133d86280e653f900bcc2fc756dc21ed49aa7d8621f15df05b5fa06fa2ed22	False
2KPV	/storage9920/home/tinghao.xia/pdb_data/2kpv.cif	992030	e81518d04fa6aede01d1054c245ace231603ccc89cb73a70f7247181120b15ce	False
2KRL	/storage9920/home/tinghao.xia/pdb_data/2krl.cif	2992684	e1b2f4b98a05feec8077f030bb5e8450f39eb501f23c69813e60112264e74f20	False
2KRP	/storage9920/home/tinghao.xia/pdb_data/2krp.cif	499955	ff2b2f13c21d08bd253ccee03e664f27458fc5bae0dc8e74eb8dac27a8123dd0	False
2KRQ	/storage9920/home/tinghao.xia/pdb_data/2krq.cif	501544	e420243dbd0d7d567a0a45817a9e25c8b4c3524a49b9f94f3917362c533b0a40	False
2KRV	/storage9920/home/tinghao.xia/pdb_data/2krv.cif	539175	5db56b198566d78ff2d29ff9132396bf1bd8db0c5eb21aee9b68d7007b20d6dc	False
2KRW	/storage9920/home/tinghao.xia/pdb_data/2krw.cif	588912	09a40883366025745587466b4f2203cff0e891b184a2c26dc7e3e2021a60bb61	False
2KRY	/storage9920/home/tinghao.xia/pdb_data/2kry.cif	536415	04125fa0c3236f1eb4ae069db092ac1ccbdbb5ccd73fb3dd991beaf00cc829ba	False
2KRZ	/storage9920/home/tinghao.xia/pdb_data/2krz.cif	533838	5e35d1c7992f496510518bf370ad25966b57b3e96807419843dcb5fe8a3af2d1	False
2KTZ	/storage9920/home/tinghao.xia/pdb_data/2ktz.cif	1250611	0d6240cb44b88735e74310f9f47f78aa2853c5b0890790ddd21810c4dfc02b29	False
2KU0	/storage9920/home/tinghao.xia/pdb_data/2ku0.cif	1254148	6243803c8dee18b4644d941619a0e52bd95d4d05c9e1d8d9d6be94c32644a2a0	False
2KUR	/storage9920/home/tinghao.xia/pdb_data/2kur.cif	1364639	a18935d818c1bae819ab8251703bb905734422710922678f78b54269a0e914a9	False
2KUU	/storage9920/home/tinghao.xia/pdb_data/2kuu.cif	1634803	699c986393350506586dc9880112c01117cc313ee9031dacd3ad2a3c1800c615	False
2KUV	/storage9920/home/tinghao.xia/pdb_data/2kuv.cif	1353446	a4a12969ffb51156a143a413715475566f4df8856bf2b2dc0f5d7f624ad8a26d	False
2KUW	/storage9920/home/tinghao.xia/pdb_data/2kuw.cif	1483325	e53df051e4bc9da5ae36765321e0d9abb826d9893c34d3ff03527efb18653754	False
2KVN	/storage9920/home/tinghao.xia/pdb_data/2kvn.cif	1422097	c398d5edb09aec55b7f6ecbf084b4826f7ef2863f7db7c519b1dd5e43873e76f	False
2KWG	/storage9920/home/tinghao.xia/pdb_data/2kwg.cif	1327610	0ad97ca7a487311d5fade6204e75f5170a0fd6f94152a3e04a22200673507dc6	False
2KX8	/storage9920/home/tinghao.xia/pdb_data/2kx8.cif	1421314	36c3e3234fd3e6d12662727490d91ce93e60aa2456106d00ed3af6b013eeed22	False
2KXM	/storage9920/home/tinghao.xia/pdb_data/2kxm.cif	907126	539cf435aafae6184a8bd3a27d094c94604356816a08dc65976a08f97e3a42aa	False
2KXZ	/storage9920/home/tinghao.xia/pdb_data/2kxz.cif	472214	efc44b43c949039483ca4fd7d6b81230a38b37722b57096ede3fd257f732d564	False
2KY0	/storage9920/home/tinghao.xia/pdb_data/2ky0.cif	668097	2d4142c4a40f91de7d092e5e86e1508943d449a87dbfca8a93ca9b8ce0da22ae	False
2KY1	/storage9920/home/tinghao.xia/pdb_data/2ky1.cif	667703	574a901b193464cc2fce17f3391898edc532fd31dd5bb96a45e6406727af4c89	False
2KY2	/storage9920/home/tinghao.xia/pdb_data/2ky2.cif	544294	37bcac35b36c594c5ad4669b5241d708ffb7d3ebc435b5eebc50810eb1e5254e	False
2KYD	/storage9920/home/tinghao.xia/pdb_data/2kyd.cif	1843491	fdb6968b2ce9fdfd97a8903674cfc267dccd4a45cd586834b42d8d48538c5477	False
2KYE	/storage9920/home/tinghao.xia/pdb_data/2kye.cif	941795	58d27618fcd7d6de4da91adaf2eb37e6c4b6cc7c456f3d9d678f2309817031ad	False
2KZL	/storage9920/home/tinghao.xia/pdb_data/2kzl.cif	1249929	98ff938f5fc5935e237ee4fc3e4f940d3abc56f589d73bd4d0d4dc08a1140c3b	False
2L1F	/storage9920/home/tinghao.xia/pdb_data/2l1f.cif	8334892	2680330397e5965b30fc5a9189db6a8d5f53dea37d3b4b204951c48376583c5d	False
2L1V	/storage9920/home/tinghao.xia/pdb_data/2l1v.cif	2279451	ab360f8d2049c14866a78c4f370d346662ec3fa374221016d18b3d8f211f9862	False
2L2J	/storage9920/home/tinghao.xia/pdb_data/2l2j.cif	2381258	0d8d7e9241bf7064e59de08916e87120f6fc9c6b0105c1366ba6b54cdb25925e	False
2L3E	/storage9920/home/tinghao.xia/pdb_data/2l3e.cif	2028790	713bf5c4683941365c0f0a057e8189e10363bf55de1d8077b470e27cf71e1a03	False
2L5Z	/storage9920/home/tinghao.xia/pdb_data/2l5z.cif	1587615	21a41ecb7cc2bad6d5985e4b4e9050296906e9e3020f49bd70a39f7024c67a52	False
2L6I	/storage9920/home/tinghao.xia/pdb_data/2l6i.cif	1220970	46c925270ca2da13859ea30a4e33d153f4e4901ad37b900c1a3ff5f13ca85442	False
2L8C	/storage9920/home/tinghao.xia/pdb_data/2l8c.cif	87828	6a1cbba26f254548d9a05863e081d2f365da0a9510f40849d9e4c8c0c74d5ced	False
2L8F	/storage9920/home/tinghao.xia/pdb_data/2l8f.cif	656005	eff6fb3609a5b2c7e8c7d01a8c84b15af3aead54cb1a1763c7d52276d96848d0	False
2L8H	/storage9920/home/tinghao.xia/pdb_data/2l8h.cif	947125	d21b5807de97970b6e3dc1c401957e294a07664c3dde7c87bf3ac71950c69674	False
2L8U	/storage9920/home/tinghao.xia/pdb_data/2l8u.cif	80580	2abf08605e9ce3820b2ba6882aafd2853c5b81860aa959d46232b371299d9ebf	False
2L8W	/storage9920/home/tinghao.xia/pdb_data/2l8w.cif	87754	bd482302c80506967ef271ec461957d4e7ff4f3967e05131b3f738c15bde49c5	False
2L94	/storage9920/home/tinghao.xia/pdb_data/2l94.cif	1466448	27e5bcdc5f05930d0d24f2b628e4832ed9994711c29fe1ea01aecd04fd7c4394	False
2L9E	/storage9920/home/tinghao.xia/pdb_data/2l9e.cif	608908	35421884cc3b15e52525c6c3e41634c7d3687a70755ebe58078ec3342e41a995	False
2LA9	/storage9920/home/tinghao.xia/pdb_data/2la9.cif	433589	e1d0ba8eb386ab135f9b994e449eccd1ba94805e74f02da82a83663f7e4bf148	False
2LAC	/storage9920/home/tinghao.xia/pdb_data/2lac.cif	446599	cb5d1fee9ef3db53eb04066bac620ecfae5e8d1a5e492ae2ae5b63e9a8fa3c33	False
2LBJ	/storage9920/home/tinghao.xia/pdb_data/2lbj.cif	393270	0bf9e723c8761d2e09e8956ea6bad70a682a6da477e6c64777e11c3bf5bdc8d3	False
2LBK	/storage9920/home/tinghao.xia/pdb_data/2lbk.cif	389077	deaccdd2c950cd1f245ba5eceb0ef6ba97db929dfc3b0288fc44517a9325b562	False
2LBL	/storage9920/home/tinghao.xia/pdb_data/2lbl.cif	388765	7c920c3b8723b6fe8fa2202b1e32752778a04700791ae3a24c14285b88c4f989	False
2LBQ	/storage9920/home/tinghao.xia/pdb_data/2lbq.cif	437195	dfb5fa34cf1c6dfb21fc622f6da799e58b6a4655c5edaf44325d57330d5292db	False
2LBR	/storage9920/home/tinghao.xia/pdb_data/2lbr.cif	441309	c4d5ebf434c22d6bdb19519cf37051f84b212be31ce8b021d81ed88e932fd508	False
2LC8	/storage9920/home/tinghao.xia/pdb_data/2lc8.cif	1795229	b75cd473c747b98ef1c97114b5807d9cdd0e76d466e3d8036a892cf1dcbcc573	False
2LDL	/storage9920/home/tinghao.xia/pdb_data/2ldl.cif	939869	f69a38de87d6b0628fe9176dc876e8d69715ed75f292e2e11885df4c7c1882d8	False
2LDT	/storage9920/home/tinghao.xia/pdb_data/2ldt.cif	1178410	3ffd7b7d86998261586cda209e14b446a05047e38e96bdf5f306e88135162bd6	False
2LDZ	/storage9920/home/tinghao.xia/pdb_data/2ldz.cif	121456	f27acb062ea597368f88d01a5866015ce3de9e7b69c7b28533d295803ed98b3d	False
2LHP	/storage9920/home/tinghao.xia/pdb_data/2lhp.cif	1090576	75681368825b7a04d56bf76fa871fc1a4760c06fc0420ff5c239ca230943500c	False
2LI4	/storage9920/home/tinghao.xia/pdb_data/2li4.cif	1826981	d0aa20a942f5f98900f571d79a949a2cc845cae8c5aa6854be458278e1816345	False
2LJJ	/storage9920/home/tinghao.xia/pdb_data/2ljj.cif	1563747	0cf5d182ea2c1236d29d83edf210321360dd4201ab244321e45059e0b66db485	False
2LK3	/storage9920/home/tinghao.xia/pdb_data/2lk3.cif	698949	34f296c7124cb8e0ab2db7807db484db3f3816369fdbbea1f554479a691f8cfc	False
2LKR	/storage9920/home/tinghao.xia/pdb_data/2lkr.cif	3222558	a282bf7339487ab0c52f3fb2a81f2b47dcfe82aaa27ea86ecbd78b480c94fb99	False
2LP9	/storage9920/home/tinghao.xia/pdb_data/2lp9.cif	479300	bee5de1a44148f5e306cfc9422452d375f45e676221f8a026ee29cfb6ec2511f	False
2LPA	/storage9920/home/tinghao.xia/pdb_data/2lpa.cif	445398	37c3cf5bc908eafaa50761c83e12068ffb01cd561df26683882a05d174f8f58f	False
2LPS	/storage9920/home/tinghao.xia/pdb_data/2lps.cif	516683	435b5f1c1ae6f1ab6183bcb64b12e47653edec8e80627617453cf4d293e9b177	False
2LPT	/storage9920/home/tinghao.xia/pdb_data/2lpt.cif	520274	6703678d71ef6091780c718ea9ebb5bddfc5b43bc03dcd4b4abac288e4f79a26	False
2LQZ	/storage9920/home/tinghao.xia/pdb_data/2lqz.cif	692242	1d5e33237f26824283fadb13ee7941475a40fa2b8debd536af566112cb8ad111	False
2LU0	/storage9920/home/tinghao.xia/pdb_data/2lu0.cif	2785952	3aac5cc3e0e4773e72d9d1df06675c0e3ffe5e41f141fc4af71d9f2a653aa424	False
2LUB	/storage9920/home/tinghao.xia/pdb_data/2lub.cif	1093829	bee298954efee983ab7ce75d26e5dd52ec27c808f18a3bfc6c96f4d6cb268342	False
2LUN	/storage9920/home/tinghao.xia/pdb_data/2lun.cif	648317	7149858e5e80c408d08417f2422d651fbaf5a629c5b7276c7f3f0cdcfcea03b6	False
2LV0	/storage9920/home/tinghao.xia/pdb_data/2lv0.cif	785453	1583f9c06c564aa5a57529c811273b58794d8e5ef513de23630514d9c6124abc	False
2LVY	/storage9920/home/tinghao.xia/pdb_data/2lvy.cif	1106731	96cfea709cb0ab12f488c8a64d647b6e43bc9d4ac33b3620b3332c9ea5ee9873	False
2LWK	/storage9920/home/tinghao.xia/pdb_data/2lwk.cif	1642888	cfc8b3cb671d86c722fc0873df630ee9f428d4b38403077b342bc9b94b7a0eeb	False
2LX1	/storage9920/home/tinghao.xia/pdb_data/2lx1.cif	1237683	7ec689d9c93e5b44b68c0021784c304abf77bb860c3332de76b18086579f21e7	False
2M12	/storage9920/home/tinghao.xia/pdb_data/2m12.cif	660328	fea9d9c44d5b85aa0e5c1034491c76f18dc26e434c4b53d4beed7d2cbd533734	False
2M18	/storage9920/home/tinghao.xia/pdb_data/2m18.cif	1134853	8e6c8ee7daefd27f1d7eb8a64e79bd38c718c14dc1492d6c0c9e302a01e88cf9	False
2M1O	/storage9920/home/tinghao.xia/pdb_data/2m1o.cif	420947	52a1cccab95347f55d71be870e6923dea17a497e62c5711a3e5bf4d596d262a6	False
2M21	/storage9920/home/tinghao.xia/pdb_data/2m21.cif	854227	aacb8465c9c05d58c5253f88b850d22ca0ee4d5dcc4c3a347831e035fc4d5833	False
2M22	/storage9920/home/tinghao.xia/pdb_data/2m22.cif	1353885	ff0a21bb52c8e2731b1949ced9a971f891ffd5bad3f6b4905beeb577c6054823	False
2M23	/storage9920/home/tinghao.xia/pdb_data/2m23.cif	2044428	dcd9273ed709dea2c17b75267087668bc740a97301cc68e0a90c850177d568f7	False
2M24	/storage9920/home/tinghao.xia/pdb_data/2m24.cif	1654593	fae2cf349951ed10fecc8aac998d46d53c21a7eea127b7e698c6dc9b7ed81d38	False
2M39	/storage9920/home/tinghao.xia/pdb_data/2m39.cif	883092	dced1025ff7328d4e4a67e082b2cfdd6d450cab4ba028c2fc2accdc6f8a038a1	False
2M4Q	/storage9920/home/tinghao.xia/pdb_data/2m4q.cif	921630	f05a17ce1d5218f3e348a1df97bb17a3b3cb536e7409d4095797366a5d515a37	False
2M4W	/storage9920/home/tinghao.xia/pdb_data/2m4w.cif	489176	0905b446007dae0c94a3fc9772d3ffdc5a954bd98142f58e54a8eb54dfd8c672	False
2M57	/storage9920/home/tinghao.xia/pdb_data/2m57.cif	1996754	366c2852b293cb5caa4649c9ba38f16a54efe8c13fdc55365ea3d59cba60a41c	False
2M58	/storage9920/home/tinghao.xia/pdb_data/2m58.cif	1834630	32ff264cbb0b3947af165baf1def31d084fa41710466f2146b9ceb557189d7b9	False
2M5U	/storage9920/home/tinghao.xia/pdb_data/2m5u.cif	953746	2666cb5a520dfc33dfc19e46ccd7c7661f461c80a7b9511bb741c322fa6102b3	False
2M8K	/storage9920/home/tinghao.xia/pdb_data/2m8k.cif	2719052	c5abf60dc465f350c50f0c878026e9c0f84177afc46a7785ad979ef691828114	False
2MEQ	/storage9920/home/tinghao.xia/pdb_data/2meq.cif	564925	e8c1d993081a7b512459aee09708494d558aa7a614b7a150fa556a09f9195185	False
2MER	/storage9920/home/tinghao.xia/pdb_data/2mer.cif	606731	08880844d77832f97411aa59356d304d742dd94bbb8a1d2af9f32f1b62055606	False
2MFD	/storage9920/home/tinghao.xia/pdb_data/2mfd.cif	1099180	b119b443230d590bfd0791193778d4e0ba6b19fc9e858dc2783459584b7c6e4a	False
2MHI	/storage9920/home/tinghao.xia/pdb_data/2mhi.cif	3065617	ed197cd1a9fdba25516c39631177e94807342af4c99e38c7deb592b31a0f6331	False
2MI0	/storage9920/home/tinghao.xia/pdb_data/2mi0.cif	2630306	cbe9f89cd41697f2600bf34ded9759ee83e88afbe6e859b0b91114c124a3f1f0	False
2MIS	/storage9920/home/tinghao.xia/pdb_data/2mis.cif	1829333	b568cf2d2dd0a100319dd0b1d9794e923325e02b59789a51c21fced4e58eb8e2	False
2MIY	/storage9920/home/tinghao.xia/pdb_data/2miy.cif	3373069	476b7992c012ca8723d93940f25d51af93ae81fabded49215eb5ec354e6623e9	False
2MN0	/storage9920/home/tinghao.xia/pdb_data/2mn0.cif	471656	22a7f674f25e97c63fc1aa3640a54418da02853d02b85c45d65ec2b2da43b5a0	False
2MNC	/storage9920/home/tinghao.xia/pdb_data/2mnc.cif	650584	fee76deb5ac9abb05858c6dd5466d55b3b48f85f95003f649ccbd2cdb31f7279	False
2MQT	/storage9920/home/tinghao.xia/pdb_data/2mqt.cif	2012582	d60a22ee427d5de803d33f179698c2f981f1e6c02a941d40b97286086a8f2b55	False
2MS5	/storage9920/home/tinghao.xia/pdb_data/2ms5.cif	90894	7e962ee085de98865716e7e51ebc0b18d69cfc79fde12c6105a7ee89d668190f	False
2MTJ	/storage9920/home/tinghao.xia/pdb_data/2mtj.cif	2797816	125aef1c42bee4cfb5a41aaaba3e799ab62f013f635e7002b236022cc004867a	False
2MTK	/storage9920/home/tinghao.xia/pdb_data/2mtk.cif	3154795	38f03caee7a66283360fa74ba14cc8485521f58e8bc96f8e85a674fea72fa3e3	False
2MVS	/storage9920/home/tinghao.xia/pdb_data/2mvs.cif	97273	75bf79d76c1caf8087eb844f6f73f536b856ee297727d56990c626389685ce3a	False
2MVY	/storage9920/home/tinghao.xia/pdb_data/2mvy.cif	88852	0fe4169b1b0d68b71229c01ce76a384ed0dd840fe1330cc09ace5d5d64832b5c	False
2MXJ	/storage9920/home/tinghao.xia/pdb_data/2mxj.cif	666982	f74d93befeb6c8251b8c537f042771534b8dec3f72cb9b0e946ff90a719de12d	False
2MXK	/storage9920/home/tinghao.xia/pdb_data/2mxk.cif	1116605	cac5617ef9e99ae4c75482227e281fd1df1a57b9dd055b35697a9487766175a6	False
2MXL	/storage9920/home/tinghao.xia/pdb_data/2mxl.cif	2310070	23ebc1fb07e5007e7e6628717b3691c40b64da4e5da24d626846f92d56c760f4	False
2MXS	/storage9920/home/tinghao.xia/pdb_data/2mxs.cif	1843778	13e053b7e59cbafde0891b59f9af66e505f8e0c8ca3ed98f2de8b36258dc9d21	False
2N0J	/storage9920/home/tinghao.xia/pdb_data/2n0j.cif	1820752	0104e94a1daabeb370c61af4a04a2e3e3eb5ecdd09e13bc1e45fc6e353f29b40	False
2N0R	/storage9920/home/tinghao.xia/pdb_data/2n0r.cif	682582	63aeae0d5d70949990f63b02b29c6cd7f27e0ac0996a650c0782e6ef156cacc2	False
2N1Q	/storage9920/home/tinghao.xia/pdb_data/2n1q.cif	9335613	e685c2dfcdb3b05b3b1ce6b4eb2519064a1ccc60e7e8ee1bac680ab09dea8b33	False
2N2O	/storage9920/home/tinghao.xia/pdb_data/2n2o.cif	675141	769fe16118f11c2bfd97d405bccb99934e14e33691a0d568c629e1b74afe060f	False
2N2P	/storage9920/home/tinghao.xia/pdb_data/2n2p.cif	675290	ce84cac62530bfa497aa23d1966d4c7c6e9bbe5e7a8c5d56c125a7817cb5a0e2	False
2N3Q	/storage9920/home/tinghao.xia/pdb_data/2n3q.cif	3702694	533f92bf97255a596a871a884e817d38ba8ae004f63e0cf03d1a0df2d3ab0aeb	False
2N3R	/storage9920/home/tinghao.xia/pdb_data/2n3r.cif	4181063	d582dad96c59ce5a5d22808978b414df2c0a05d4f49a6f858a6a34cc7b7906ad	False
2N4J	/storage9920/home/tinghao.xia/pdb_data/2n4j.cif	958831	99e81a49dcf40f02f2e27a0fdaae23a89261740497ea1b64bdd94a17484fe9eb	False
2N4L	/storage9920/home/tinghao.xia/pdb_data/2n4l.cif	1577445	e4979274321b20c0543db68c55cf2672f550178e9e802c2105323fc28d76eb62	False
2N6S	/storage9920/home/tinghao.xia/pdb_data/2n6s.cif	1034935	55b9e48ffeea5f28cc3841b31ba6c30bbb393a850d684b4f40659ac2362ff37d	False
2N6T	/storage9920/home/tinghao.xia/pdb_data/2n6t.cif	1194959	978533c09d0b85c43189a1781b0f7a912f1beec065ffc8caadd7f14183a8699b	False
2N6W	/storage9920/home/tinghao.xia/pdb_data/2n6w.cif	1921075	1dd1ca1120527a59b4add034f5487d9455959c4f22fc10da00838433136c15f4	False
2N6X	/storage9920/home/tinghao.xia/pdb_data/2n6x.cif	1230627	2c6b78fce6f9e8b7c61ae2bb3bc2568ded5555e006c36812e072bd59b9c4eccb	False
2N7M	/storage9920/home/tinghao.xia/pdb_data/2n7m.cif	2555567	4a2ea53a11a1b25ef61fd3b5488292e5c53fbe2d35264cae49daf4ea95fe8f26	False
2N7X	/storage9920/home/tinghao.xia/pdb_data/2n7x.cif	1333562	f2f2d46f9723b5ad6589260cb3dcbd378b07cf79ef32ff7737d40bb890f5b970	False
2N8V	/storage9920/home/tinghao.xia/pdb_data/2n8v.cif	1937763	57375652186915bded43a73d3e69560ba5f4743943b66abd13c04ae1b2457322	False
2NBX	/storage9920/home/tinghao.xia/pdb_data/2nbx.cif	3207663	afb2aa81325aed4356672cf3c5176a8a9050317ca32726f15b273cefd86e9d1c	False
2NBY	/storage9920/home/tinghao.xia/pdb_data/2nby.cif	1117945	5d751232b2e3d0e9a62cd3ddd2d10c93a65464bf20ada01952c0ca7e58c9de15	False
2NBZ	/storage9920/home/tinghao.xia/pdb_data/2nbz.cif	1141361	d126cbff14b185f493af6162865118ab2acc92c9e9f78611d39452674a1e698b	False
2NC0	/storage9920/home/tinghao.xia/pdb_data/2nc0.cif	811912	19eb4fdae6630ce4a5e48b877ddc0d45c9bf8a88d06379eb936fe701d6084942	False
2NC1	/storage9920/home/tinghao.xia/pdb_data/2nc1.cif	1942187	b1700a38d93d509f47f77417e0f549e0e8af870208acc3b88b8ff47568d1bb5f	False
2NCI	/storage9920/home/tinghao.xia/pdb_data/2nci.cif	784807	0ae558412d7c176ba5907e847ece9e132a8519f0cd7ef13b8dbc402e2f038019	False
2NCQ	/storage9920/home/tinghao.xia/pdb_data/2ncq.cif	91825	2ad28ca5125c4b147623ce9515e639aa7fcbbc0743cdbbd789b04f271416ea55	False
2NCR	/storage9920/home/tinghao.xia/pdb_data/2ncr.cif	91288	b6410b38d0bb6974c0537e578da0ba4796e2d9944b54a582adadbd8c11f22b95	False
2NOK	/storage9920/home/tinghao.xia/pdb_data/2nok.cif	255586	dd5658644a34cd12802d4ca8fe6f3e52c9b2a361a814b9b7dd537dec13048552	False
2NPY	/storage9920/home/tinghao.xia/pdb_data/2npy.cif	177717	aa1ad5dbd608e23271ef7baaf78f9b507777fe1e7fc2d370110e2d3e27f74ad1	False
2NPZ	/storage9920/home/tinghao.xia/pdb_data/2npz.cif	177439	948fc6196c86ccc1dc31e050e9a109b5af64c0c93572720c0c64981e8f164060	False
2O32	/storage9920/home/tinghao.xia/pdb_data/2o32.cif	1241625	d30b7efbad8b533fe869d19e1aad32339c1b6e9292ea4048746ab2da7434941c	False
2O33	/storage9920/home/tinghao.xia/pdb_data/2o33.cif	1127554	3cfb7ed7e3d824d30af8f25c1edfcfa9d90b8a71dda19baf6b838df54ba0aa12	False
2O3V	/storage9920/home/tinghao.xia/pdb_data/2o3v.cif	146688	6c1055e895e79cf70acd669d1e6638315785e8886d2da3ac129f959500bec6b6	False
2O3W	/storage9920/home/tinghao.xia/pdb_data/2o3w.cif	139026	b1e3bf8ca9bbd14b00c25a292925dfa9d86681b17e673cad98b9689087a5777f	False
2O3X	/storage9920/home/tinghao.xia/pdb_data/2o3x.cif	136383	44d2c091cbe2b64cf90b515cc60083490337f8102e52f7639a3a57d9c81e7188	False
2O3Y	/storage9920/home/tinghao.xia/pdb_data/2o3y.cif	143347	6b0603d23b5de1650269dee717e4e5c93e993cc80bc4c5727c945bd08db72684	False
2O43	/storage9920/home/tinghao.xia/pdb_data/2o43.cif	6525659	39888539dd85f11dabed685bdc4af147af2956494a6f5cb9e6d07c4aca2d1cbd	False
2O44	/storage9920/home/tinghao.xia/pdb_data/2o44.cif	6459755	2de6992a874ed336bc0272bad60d079c4c1534c9717656eaabebc8a3382d257c	False
2O45	/storage9920/home/tinghao.xia/pdb_data/2o45.cif	6513671	115609e85bd7dadaad5742a85b08939fe7caf61902d247e1dd51bb95ef6ad724	False
2O81	/storage9920/home/tinghao.xia/pdb_data/2o81.cif	974056	c550ccc56aeae98973f9ebba0dcc29e398aec9224b36a5038fd196babb2c072a	False
2O83	/storage9920/home/tinghao.xia/pdb_data/2o83.cif	972284	b1cfc82871808d1b96ad0278892b88d2f441ae42762b582fd766eef5b1d0698e	False
2OE5	/storage9920/home/tinghao.xia/pdb_data/2oe5.cif	157486	e684d9328db643e8c53bb3fe7538901e1053d84a4957792db302c929b1c8c307	False
2OE6	/storage9920/home/tinghao.xia/pdb_data/2oe6.cif	122775	1e02bd52d4a9b094893a1e4991c4badddebe9e239e5df6177874f18fa87a065d	False
2OE8	/storage9920/home/tinghao.xia/pdb_data/2oe8.cif	142188	949ce89488323bf7206e9c4dd71f0945dee7ef4ccb8566378b7ff0aee6257cd9	False
2OEU	/storage9920/home/tinghao.xia/pdb_data/2oeu.cif	237675	0c00ec761019f790053671df32a6e95c7b2410ce3586c2d3f21f911359b72b18	False
2OIJ	/storage9920/home/tinghao.xia/pdb_data/2oij.cif	146758	22f80e0892c8d46c800f3644fe25dd8cefb1d85dc19c62077135bae019329f5f	False
2OIU	/storage9920/home/tinghao.xia/pdb_data/2oiu.cif	381491	aa73b4f0ed1334878fc1358f684c61f8fd373ac95cbf8f5a90fe283391debf2a	False
2OIY	/storage9920/home/tinghao.xia/pdb_data/2oiy.cif	181576	22bd2fba12eba0dcd17f72b5de47f49748f21e6c25eb59d7b5f282917ee61c6d	False
2OJ0	/storage9920/home/tinghao.xia/pdb_data/2oj0.cif	172421	72385d444aca0fd024decd10e21dc980cd3eecdd6b45484ce9e07125d64abfce	False
2OJ7	/storage9920/home/tinghao.xia/pdb_data/2oj7.cif	253817	76a28fe35a725229ac3a6ec4cd0d091acd131d2e1b24de6a4b3bcaac493cf814	False
2OJ8	/storage9920/home/tinghao.xia/pdb_data/2oj8.cif	259729	27888610de95b46c536c50021837ebfde3e0f60557c49bdfb01fc817d12d2161	False
2OOM	/storage9920/home/tinghao.xia/pdb_data/2oom.cif	1202204	caf61bd23ee2ce23b63dcf46e44fe24b3ddfa63b6fa86a0f9c389d60f229677d	False
2OUE	/storage9920/home/tinghao.xia/pdb_data/2oue.cif	198387	152747868237e2813b2b44bf3d11203b96a0dd82849c43aab59c497cd1b8343d	False
2P7F	/storage9920/home/tinghao.xia/pdb_data/2p7f.cif	188919	258292679fa33c38d6764ff985b123ced77c55748d1df01c8fc3c2d4523f0641	False
2P89	/storage9920/home/tinghao.xia/pdb_data/2p89.cif	2761717	2a4dee52151471f58ef366d2f0cb096df66f527c54d0d49cf6bcb16c63f26f1a	False
2PCV	/storage9920/home/tinghao.xia/pdb_data/2pcv.cif	1025346	f6b9480e8f04706d32cf7498cae0a04ed494689a3e0773242f92ce643d9e6dce	False
2PCW	/storage9920/home/tinghao.xia/pdb_data/2pcw.cif	2400704	d58d3d7f059ad81278f4ea9b62c57a474aced3017a5e969666a2a28e30eb95f8	False
2PN3	/storage9920/home/tinghao.xia/pdb_data/2pn3.cif	137816	3a9d790f4239758d4161765adf656fa70904306826554103b31e82eebc92883e	False
2PN4	/storage9920/home/tinghao.xia/pdb_data/2pn4.cif	264792	dda7d63cae2a50fa5b6dcb066d74e0296e2baba0f239023c57d4760e8d1d08ba	False
2PN9	/storage9920/home/tinghao.xia/pdb_data/2pn9.cif	1004771	2124d39028902a99d8a24a1fa3219d9caa48819560894d31b2c10b1992b54bba	False
2PWT	/storage9920/home/tinghao.xia/pdb_data/2pwt.cif	182889	1814fde29694daa21e101fb25d0bcd00ff4233c67186e631fbefcf10236ad0eb	False
2Q1O	/storage9920/home/tinghao.xia/pdb_data/2q1o.cif	309616	b6825ba8f03524fcc83385bccc25e1592aaffeba6fc109f20527b4e90b5a3454	False
2Q1R	/storage9920/home/tinghao.xia/pdb_data/2q1r.cif	117332	e7ffebab6e61dbcb48ab9558ddbc0b87416cfbd510263c205901d1cf641a6253	False
2QBZ	/storage9920/home/tinghao.xia/pdb_data/2qbz.cif	442250	77cfd456b8193510d0ac46d1fb558c73dffcc9d1e7fc2a324969be744952fc91	False
2QEK	/storage9920/home/tinghao.xia/pdb_data/2qek.cif	158828	266a9340e66b6aefc131601ea60ab746449b53fe8c2c31fd93c7b7c181bdc443	False
2QH2	/storage9920/home/tinghao.xia/pdb_data/2qh2.cif	1413993	9ba4a075ebe0c4d2b0852f2efa079dc4960e582efd340c5e460de159b13875ff	False
2QH3	/storage9920/home/tinghao.xia/pdb_data/2qh3.cif	1342980	e94bd10da5739a30187f2bdaf53ea8da7ac46eb1d95144381c707d6ee587f260	False
2QH4	/storage9920/home/tinghao.xia/pdb_data/2qh4.cif	1068277	904f7d7abb9774233aa250e97d58e8d28731fa9dac0910fd2d2ffa7764fcebf7	False
2QUS	/storage9920/home/tinghao.xia/pdb_data/2qus.cif	384461	7d5d8d9d1675f57fefe6c74a4f8c692c3426f2f1708f3fd2d585c72594e028f6	False
2QUW	/storage9920/home/tinghao.xia/pdb_data/2quw.cif	378288	c572d8fd77cd9a6318e72b624e6af2d24960960fd1d593d39de715b91f8691ea	False
2QWY	/storage9920/home/tinghao.xia/pdb_data/2qwy.cif	437391	3f324b53adcafe55bfd1bed0e6b7fbeaca30a526866bf0598a2ce79eabaa5e2b	False
2R1S	/storage9920/home/tinghao.xia/pdb_data/2r1s.cif	140572	c97b4e8b953c55af6e63b9077b321d4f1b584c42eac33b882a89d858abffa3c3	False
2R20	/storage9920/home/tinghao.xia/pdb_data/2r20.cif	138586	84b386ea65e936fc3c1683334e50aca637659b0a86e88ac5dbea66abe543227d	False
2R21	/storage9920/home/tinghao.xia/pdb_data/2r21.cif	132139	28771383b72e2f6b7b435ccad67905fd17ed3a43bc337d7be9e963dd2d678135	False
2R22	/storage9920/home/tinghao.xia/pdb_data/2r22.cif	124155	7165495b751428a71d0b7a848c3e11bf9c354fff74b70a6dd208d04fd699d673	False
2RLU	/storage9920/home/tinghao.xia/pdb_data/2rlu.cif	553631	a166e5539aa7283d9cd26d0f0c4a10c479cd2d7b49c23a96428efbc2b388a1b9	False
2RN1	/storage9920/home/tinghao.xia/pdb_data/2rn1.cif	1594554	4473460597843f87dfdc19b8c4f163922be6a27d1530a75b2470bc2b9b2d22e8	False
2RO2	/storage9920/home/tinghao.xia/pdb_data/2ro2.cif	100305	e87b407603a6465ff11e31372dc8e202d7e0f827ba2c4fc2caa8d4b85fd7e1f6	False
2RP0	/storage9920/home/tinghao.xia/pdb_data/2rp0.cif	2327080	6ebc7daf948aa20379d079dbbc2a2875f6b971463bda44aa128c7aec5b86dc96	False
2RP1	/storage9920/home/tinghao.xia/pdb_data/2rp1.cif	123693	ad79e6bedeeb820c571d965d8a48bb1ec2f3acece2c9e095918669caa22f2260	False
2RPK	/storage9920/home/tinghao.xia/pdb_data/2rpk.cif	90396	233d2d9176287570c72bc1116dee9f83e554defd483e16cd156524f2817804b0	False
2RPT	/storage9920/home/tinghao.xia/pdb_data/2rpt.cif	586689	370bc08f13d2a136805a06845566700747a373049bf7f1ba9e579d250e347890	False
2RQJ	/storage9920/home/tinghao.xia/pdb_data/2rqj.cif	649310	9dc6ae28a429b507f183fc9326eb760ed362d93de9287c82517746f2083eefae	False
2RRC	/storage9920/home/tinghao.xia/pdb_data/2rrc.cif	760063	1187f6feac3846785f1de335cf8bb7ca05d9880eb74c182cf52938c138fdf4d9	False
2RVO	/storage9920/home/tinghao.xia/pdb_data/2rvo.cif	1084358	80f4736a4ff0f5a9017c6ccea9e6c43ba21d9656a305dfd5ae0a3e148ddb0ffd	False
2TOB	/storage9920/home/tinghao.xia/pdb_data/2tob.cif	905739	20ca4d632de04d26605329d6ddd0d33725c6e9bb67207924ffa469415b915fd2	False
2TPK	/storage9920/home/tinghao.xia/pdb_data/2tpk.cif	138089	a32ea5c7bac00278dcab53144efc27136cb1e21b6b1e469e1acf8ac388d9342c	False
2TRA	/storage9920/home/tinghao.xia/pdb_data/2tra.cif	266250	3edb7dd0726d5faade424eded517a62a376975b49eafee42546e35f7fb19363e	False
2U2A	/storage9920/home/tinghao.xia/pdb_data/2u2a.cif	88431	ae80b39b182899c0f0a94afc17a467f1a445ee1d4e154b0dbe1dd1bfa6a2f60e	False
2V6W	/storage9920/home/tinghao.xia/pdb_data/2v6w.cif	73071	00fd99456a0fefdb8e2f414f95e4f0c35208213a137ad3305247f3d19c418803	False
2V7R	/storage9920/home/tinghao.xia/pdb_data/2v7r.cif	113816	9fd19971cff9b76b54368c0d49ddeca3436e83671db395b48bef3d64d288dc78	False
2VAL	/storage9920/home/tinghao.xia/pdb_data/2val.cif	130974	9d19c4d5a78f0ed8c5eb9223110d121dc9fb70bdd88c4f2594c192ac5ef7a6e3	False
2VUQ	/storage9920/home/tinghao.xia/pdb_data/2vuq.cif	75858	fa998f8b650f9066831ed5b862f437313f3620fc9d52d94337f37e5977f3a4fc	False
2W89	/storage9920/home/tinghao.xia/pdb_data/2w89.cif	121400	e4683dbc5316e795bb1919f524bae81eb39bc172a9128b5bec48baae7ec75e50	False
2WNA	/storage9920/home/tinghao.xia/pdb_data/2wna.cif	99598	0f15204899d88dbc990ab7b924fce5d5f467db603980df9ef08918f49950e1db	False
2X2Q	/storage9920/home/tinghao.xia/pdb_data/2x2q.cif	130770	a2071a5a1a86f37d1de1efa4de6a21133116c14ab8c9945d2fb4eb09c528c47f	False
2XC6	/storage9920/home/tinghao.xia/pdb_data/2xc6.cif	60954	89dcbac0f4673bffcd06a002cbc2a1bcea626c88faf7dbf08812fad202e0d379	False
2XEB	/storage9920/home/tinghao.xia/pdb_data/2xeb.cif	973278	b6a4bea7d1a87974ed33ef7485e06afb89a8997b1cef722e17f950fa505e5988	False
2XNW	/storage9920/home/tinghao.xia/pdb_data/2xnw.cif	245856	cdbed0a80abaf0cbd6e9464a73e2d0902a35b0469cd3011de351a10ed83ffa21	False
2XNZ	/storage9920/home/tinghao.xia/pdb_data/2xnz.cif	238589	7041308f329a368407f53711ea78aa69f9203ec6a90a4cc6c568b9cdc2f75e6b	False
2XO0	/storage9920/home/tinghao.xia/pdb_data/2xo0.cif	230440	9dc79453acfc7df594d167f4545126c6765df11f43e2950ffcf5f898ccd538e8	False
2XO1	/storage9920/home/tinghao.xia/pdb_data/2xo1.cif	238491	8148bd9893f414b18de0d55e32bb8a7947b389de36a3b4ad0d0f70cdc0c1087a	False
2XSL	/storage9920/home/tinghao.xia/pdb_data/2xsl.cif	121470	d5c8bb3d2759f71fcbd11175ff34121fee3c9495aaf16a5b06e91526289a3e33	False
2Y95	/storage9920/home/tinghao.xia/pdb_data/2y95.cif	425449	44fea99a980b2f9aaa764fb7a38ba9ac97f1cb4db71964547df2055f093e8701	False
2YDH	/storage9920/home/tinghao.xia/pdb_data/2ydh.cif	275761	252f92d9c42642094169e6489e37cfdef340e3f254a2d4206167e06d317cf5ab	False
2YGH	/storage9920/home/tinghao.xia/pdb_data/2ygh.cif	279343	38aaf17a126dd9f5708ddf6b96ceab1bf936d2cf9442085e7b6f1584c4f8a370	False
2YIE	/storage9920/home/tinghao.xia/pdb_data/2yie.cif	550762	3ed7783f5201c306763b9de4594b9093ed148cb13b51b0a979122640a46e3723	False
2YIF	/storage9920/home/tinghao.xia/pdb_data/2yif.cif	534382	990c1df852c070abac54c247abb903fdd95e5b7e88826f8c9e617888bab4de5c	False
2Z9Q	/storage9920/home/tinghao.xia/pdb_data/2z9q.cif	68554	11dd808070253b7b754b0c329014079f15f1170fd2f3e35c2dd9277db5cd1821	False
2ZY6	/storage9920/home/tinghao.xia/pdb_data/2zy6.cif	162610	e2333ee523a9203d685bd632ae0d660d31496df16d70902b4a0177c0e8564aea	False
300D	/storage9920/home/tinghao.xia/pdb_data/300d.cif	127635	c27c7183e0ad8a954eae801c815996a952ff3e64dd8d46658a51edeced4a22d9	False
301D	/storage9920/home/tinghao.xia/pdb_data/301d.cif	125271	9b95aec1f0f8c3949b39e5eee6d11e94141167b009f7f8649af6dd8aec6474e0	False
30SC	/storage9920/home/tinghao.xia/pdb_data/30sc.cif	418149	d43e39e740368c9c8e3f6f19f06a33934a932be567009afa4559ad6496e46d54	False
310D	/storage9920/home/tinghao.xia/pdb_data/310d.cif	118786	4b5ca1156dee65aea0e68fe8411dd4b12a95b215145d289260c66d289e28e783	False
333D	/storage9920/home/tinghao.xia/pdb_data/333d.cif	65190	c10da2a1b33b9aedf5dddc3a0052788326127d364aa9a2635680b282134dd4af	False
353D	/storage9920/home/tinghao.xia/pdb_data/353d.cif	109223	c1e46cc1ff59c10092d8cd488df4ee36fd8505bf4927a9a921d618eb9b03118f	False
354D	/storage9920/home/tinghao.xia/pdb_data/354d.cif	135370	7b154bc1c3a4dbe0564ec82808a058609f0af19b34aa4519dc971353ecbce98b	False
357D	/storage9920/home/tinghao.xia/pdb_data/357d.cif	191516	c1bb27cce53e7f99dfa74a3e145a74cf1759a98eaf33f196f08906deb7f763b0	False
359D	/storage9920/home/tinghao.xia/pdb_data/359d.cif	118210	6fd8a7734e31410027b506eb3679994d9e1611f179b95b42897b2922a4583a20	False
361D	/storage9920/home/tinghao.xia/pdb_data/361d.cif	151436	a36e7ea826246df34587a50cc27c30cd6acbfa7c4e3f427c63716d322ae209a0	False
364D	/storage9920/home/tinghao.xia/pdb_data/364d.cif	193065	fbe4aba6f09922d66bd15461a7c67236436b0810e21530740cafbc16e70f6aa5	False
36LC	/storage9920/home/tinghao.xia/pdb_data/36lc.cif	179664	16199b8eaf0929a5e8f6cc882a4562926222dc08da431d8dfc1b75017b4eecb5	False
36LE	/storage9920/home/tinghao.xia/pdb_data/36le.cif	316496	58d456016a707d4ffedac92c402928f484ae9aafb6f2599aac3e2e9a72badc5f	False
36LL	/storage9920/home/tinghao.xia/pdb_data/36ll.cif	141467	c87bc490ea0f751621b3ceeb82bf246b5502875a5906152e38ff7a57317ae633	False
36LM	/storage9920/home/tinghao.xia/pdb_data/36lm.cif	232514	fe8943bee2ae6989863ef01c591f0f1748ec7dc98499ff4e9578553145677f1b	False
377D	/storage9920/home/tinghao.xia/pdb_data/377d.cif	94640	aa46469173f123bc6d8c011c4d44921971f1eb1da5886d4f712cf7797c284d9a	False
379D	/storage9920/home/tinghao.xia/pdb_data/379d.cif	126211	d7dcb5366e597754e2985268c3682cfc8557b965a499924c260b8ca02fb7f31b	False
387D	/storage9920/home/tinghao.xia/pdb_data/387d.cif	88607	55aa7a5e1890c7e533440eead6638f64e6220c6a2367c5b1a356bb088c515819	False
397D	/storage9920/home/tinghao.xia/pdb_data/397d.cif	200609	889525ca2c5a15abbbb549350f7a7e4d2643d72f683f5b6198f314fb590a0851	False
3A3A	/storage9920/home/tinghao.xia/pdb_data/3a3a.cif	217402	e0b76ecd454560b472adbfd2ba77705145f12bfe4f671c989e70b8b6462ae10b	False
3B31	/storage9920/home/tinghao.xia/pdb_data/3b31.cif	158524	6141cf530cfdc54317f529fc64aebd465888227d3c50408ab511dc980102b59f	False
3B4A	/storage9920/home/tinghao.xia/pdb_data/3b4a.cif	378911	a5ee4261c59e42c90da1981dc6a5145c2efe795263234f54efad1d12505631a7	False
3B4B	/storage9920/home/tinghao.xia/pdb_data/3b4b.cif	383222	881c9f03e69120d8fad9b6b774b8237439e5b9f75c40eaf040f2dddd1d016fff	False
3B4C	/storage9920/home/tinghao.xia/pdb_data/3b4c.cif	377609	30894ba5d88c34b75b61a550812e2ac966413370218ef4fa9539969b55f9823d	False
3B58	/storage9920/home/tinghao.xia/pdb_data/3b58.cif	191967	308cfaeb15f6bef70f345e3e3684fccc9ea0698d00df43276dce135fefa40bb6	False
3B5A	/storage9920/home/tinghao.xia/pdb_data/3b5a.cif	188631	56c4bcce48f078b6941293322c1d0c9aec547fe35c74895ca4f0a9c303844cdb	False
3B5F	/storage9920/home/tinghao.xia/pdb_data/3b5f.cif	187581	ae8d75624d07c12a31153ff017f8cb4de94ede202249de8a0d0768154f0e3f73	False
3B5S	/storage9920/home/tinghao.xia/pdb_data/3b5s.cif	195334	44a5532e46553db40540f29de755f9f2415ed031c290c255a31cee7f5a5cdf39	False
3B91	/storage9920/home/tinghao.xia/pdb_data/3b91.cif	187557	9de45aea1db5a485fd61a0dc977e114ff73b7f135d6b1486a05e7c8eb736ecf3	False
3BBI	/storage9920/home/tinghao.xia/pdb_data/3bbi.cif	199675	a8318f0b3ccc8d24d995a4babfe3037332f9cb506ba0a8fdffcb44d9c7558a36	False
3BBK	/storage9920/home/tinghao.xia/pdb_data/3bbk.cif	186924	65fbf9b526f89cc2c0e110eb3d35505d437da9330746ac63a20691617d6e1e4e	False
3BBM	/storage9920/home/tinghao.xia/pdb_data/3bbm.cif	188303	4b25c1e36842ade05a0d9400de3b7234338593c33c140e1c711b9ed61cc3bcb7	False
3BBV	/storage9920/home/tinghao.xia/pdb_data/3bbv.cif	234858	4db5c255e482bf002dccece78103f4b656f2dd2155828a43bcfd38595bbf4c39	False
3BNL	/storage9920/home/tinghao.xia/pdb_data/3bnl.cif	146355	cc1c22dffb4edbc1981c261e8f1723f5f4a2216f6d24f20391058979a000d585	False
3BNN	/storage9920/home/tinghao.xia/pdb_data/3bnn.cif	230005	e5131f0b44f7f47872f101fcdfc87e85604ec8c3aeac565965814d17b5d4eea9	False
3BNO	/storage9920/home/tinghao.xia/pdb_data/3bno.cif	229690	381bdca3e719a3f10abec92f8d6cd2f155cd30b314648b282e49d6f8d0b1fb37	False
3BNP	/storage9920/home/tinghao.xia/pdb_data/3bnp.cif	127922	3e66b1add073a4fbaeaf6bd6209d4b18d7333dbbe2def8b4de3ec3c8c03279bc	False
3BNQ	/storage9920/home/tinghao.xia/pdb_data/3bnq.cif	302593	7eccf2dac0b94e3df8c91ded5bd88980428d46cc69ac64ebff841b6fd690715c	False
3BNR	/storage9920/home/tinghao.xia/pdb_data/3bnr.cif	279112	b45a22d208d5fdd02192b40a316002d4d561a762c29ed2e238bd9455289efc06	False
3BNS	/storage9920/home/tinghao.xia/pdb_data/3bns.cif	259860	be7fada742677b66d901a765de2e1485f84785ccb689eda74586e3f4df867d3b	False
3BNT	/storage9920/home/tinghao.xia/pdb_data/3bnt.cif	107955	ac973690067a03dcb4aed2d5da8fc967954a26472bdca8af91ea0178abc428a0	False
3BWP	/storage9920/home/tinghao.xia/pdb_data/3bwp.cif	876285	0983a0d13cb335bd971c404ae4913b9d7317dbbaa412d0769f8fffe07da64a49	False
3C44	/storage9920/home/tinghao.xia/pdb_data/3c44.cif	175546	53c7bcadb6399d686dba2257ab2846f28750e01da9410d7bfe2763271a75008c	False
3CGP	/storage9920/home/tinghao.xia/pdb_data/3cgp.cif	116017	bd01350e2ae95d41379996a9eccd71e1f2cc89c54f155a28718ca6eef8bdd59e	False
3CGQ	/storage9920/home/tinghao.xia/pdb_data/3cgq.cif	100497	0182c55d50bdd764550391bf7bc2713b8eff6ceafc27e3f966fea1a805f1eff1	False
3CGR	/storage9920/home/tinghao.xia/pdb_data/3cgr.cif	104548	1e1b9e49b6da2452c7ecafb58f70ac9c5accd045d219a0bfb529da986db05d75	False
3CGS	/storage9920/home/tinghao.xia/pdb_data/3cgs.cif	114291	f3ce5ccb1338f9e9431a01befe8c3c291e6eb0ff9951c4ec4d5104a83f129112	False
3CJZ	/storage9920/home/tinghao.xia/pdb_data/3cjz.cif	174769	5dd905f38378065c58e71ffac00efdeab37c7705221d39dc1a1c4ef9877f9091	False
3CW5	/storage9920/home/tinghao.xia/pdb_data/3cw5.cif	222831	e0a3e36640915614f6d7ae702b63eacd0e92f45f3050858b090b9df13a312e3c	False
3CW6	/storage9920/home/tinghao.xia/pdb_data/3cw6.cif	226717	8508ce5effa1451b4e3839f7db4c56f528641bf218fb6f1843ca920d9e1e5434	False
3CZW	/storage9920/home/tinghao.xia/pdb_data/3czw.cif	90183	513b13efecdea45da2999f4ac04ef5f8c5b80a0649a79b62f316f6c1ae2cf657	False
3D0M	/storage9920/home/tinghao.xia/pdb_data/3d0m.cif	86682	bcc6f40d04ea9305808cde6d9ba8dd030c81f8d6dc76298c81bcacd8b24c93b1	False
3D0U	/storage9920/home/tinghao.xia/pdb_data/3d0u.cif	430414	ed186eddfaf93eb407bc9870b105465706e69be10425d08263ed49e6bd0bdb86	False
3D0X	/storage9920/home/tinghao.xia/pdb_data/3d0x.cif	420767	6b3268be6a18b7c0c69425d244cd92f6e85404fab8048768a297103032dea0b5	False
3D2G	/storage9920/home/tinghao.xia/pdb_data/3d2g.cif	461009	f4ce51f5d303cf6403dd039be294312b8cc670a5ae75dbdf60c63322550267e1	False
3D2V	/storage9920/home/tinghao.xia/pdb_data/3d2v.cif	484158	896fd818418613ecd2e984201512c5266c28cee9ae9bc361b220d8d5222e93f7	False
3D2X	/storage9920/home/tinghao.xia/pdb_data/3d2x.cif	427829	cf6b289691d35cbae461986a30e64a67073ef75fdf9ac83fd9956270930910c1	False
3DG0	/storage9920/home/tinghao.xia/pdb_data/3dg0.cif	630437	d5e13a1cda4ce577d9fc2fb66447115a3c2786cd3bc7293873c63fb3e498e4da	False
3DG2	/storage9920/home/tinghao.xia/pdb_data/3dg2.cif	630434	1aeceab84f375841e712e98cc8240dfaaecfa49dda17256f805340b9bfded697	False
3DG4	/storage9920/home/tinghao.xia/pdb_data/3dg4.cif	630422	49b645ee5108d72311c7ee68d31f218c92dbb346af27ff065017af8e5bca2d34	False
3DG5	/storage9920/home/tinghao.xia/pdb_data/3dg5.cif	630431	839a26a70e20dba39e6b626534523fe70f9d8c0729fce8c079ff606aa38f4170	False
3DHS	/storage9920/home/tinghao.xia/pdb_data/3dhs.cif	534720	e42d3e780e8b83940ef1675f30880fe45bdace57be55503399c2a504b0264c88	False
3DIG	/storage9920/home/tinghao.xia/pdb_data/3dig.cif	468495	dcf3b098e619153509cc94d0bedefe87eca92e421ee42dfe1a7d30ce679969b0	False
3DIL	/storage9920/home/tinghao.xia/pdb_data/3dil.cif	673013	8bc9a6827db946bb9e833da82baccbed44b67ad257c36d9f0bb0cbbf94b55c4e	False
3DIM	/storage9920/home/tinghao.xia/pdb_data/3dim.cif	472275	8a8997804e9eefccaf3452dac65b93b3e708f786056ba9ccd6fff03722b820ba	False
3DIO	/storage9920/home/tinghao.xia/pdb_data/3dio.cif	530986	e3a832ddaab27188957eebe1584b7b97dab62818f7622d08691afac2cc959c90	False
3DIQ	/storage9920/home/tinghao.xia/pdb_data/3diq.cif	474333	fa6ad0e89c9a33df2625b9980fcd0ec0f994710cf506d99eb013d93235ed2105	False
3DIR	/storage9920/home/tinghao.xia/pdb_data/3dir.cif	470072	bf37af8a5c4e60a7f129adafa88d89f839b91696bd579715691d1c0fa0d9c890	False
3DIS	/storage9920/home/tinghao.xia/pdb_data/3dis.cif	462530	e17ea6645de975526441e032686c5ed54e41a57909ca813fdfa2124ac57bb298	False
3DIX	/storage9920/home/tinghao.xia/pdb_data/3dix.cif	465412	37c4437ca43559a738f9ce93759ac9c4f9e5cd45b38d75b7869eeb873a041535	False
3DIY	/storage9920/home/tinghao.xia/pdb_data/3diy.cif	476082	3545172fdbbe4643a3e6660325e612fd4e16ca846c4ca379559b580b96d5ff44	False
3DIZ	/storage9920/home/tinghao.xia/pdb_data/3diz.cif	464838	a97c50d2b0b4e80993d3b8b4f493f152f0ef6180a39cf6a20ffe156c21945253	False
3DJ0	/storage9920/home/tinghao.xia/pdb_data/3dj0.cif	483946	a63dcb38c7b81ea51a9a759e4eaab8d1b8eb96e1f2a1afe965120872355771c2	False
3DJ2	/storage9920/home/tinghao.xia/pdb_data/3dj2.cif	484681	90dbb7888e362ba35ec7661151e1a8b754406443b9152246f3936ab260fbfba2	False
3DS7	/storage9920/home/tinghao.xia/pdb_data/3ds7.cif	449134	82775a6b3e8bfbdd22d940bf2cd8a180185c4cb87b1b1cb51ba9ffc91f70cfae	False
3DVV	/storage9920/home/tinghao.xia/pdb_data/3dvv.cif	168678	9fb7cc6e909cd9d0bbfe4cdbc86e988632173f12bee13da939dd46ab003f99f5	False
3DVZ	/storage9920/home/tinghao.xia/pdb_data/3dvz.cif	179590	78d8cdb68c866560a8834f9e48c1f2213b66b1a3548520e3b329698db448d149	False
3DW4	/storage9920/home/tinghao.xia/pdb_data/3dw4.cif	178595	64d5bdcb7d8242f01ff40338670d8564ebaec159975875c6741e6663d5c77ecf	False
3DW5	/storage9920/home/tinghao.xia/pdb_data/3dw5.cif	178195	1758083ef388f8743ae75883a76ba9a947be508d3b198899ce396cb6cdecd54f	False
3DW6	/storage9920/home/tinghao.xia/pdb_data/3dw6.cif	184133	03bd38ac88a287863d6a2247bc5fd28e42690f7b7b57dc6b2bbe69b98a10798c	False
3DW7	/storage9920/home/tinghao.xia/pdb_data/3dw7.cif	192220	59d6b7226260217ae65330374fc4f954482984ed2080a6f8942d06a0089d1f52	False
3E5C	/storage9920/home/tinghao.xia/pdb_data/3e5c.cif	185858	858592c87704990e3f7fc7e7b8d25dfe98371c9ca4c06bcbdfd763d657614ed6	False
3E5E	/storage9920/home/tinghao.xia/pdb_data/3e5e.cif	179672	b2992e8a19602fdea9e9723f7f0844484a08c54f297f71c3395ef8a293c12b46	False
3E5F	/storage9920/home/tinghao.xia/pdb_data/3e5f.cif	182150	cfc5586f832938f3a34e8019512255b8cb63727744799324fbfdc6033e813fe2	False
3EOG	/storage9920/home/tinghao.xia/pdb_data/3eog.cif	1752300	726840654d0ad02e3a21f5f4e0470806fb2a9090c2f5913bdab032e451ac2e56	False
3EOH	/storage9920/home/tinghao.xia/pdb_data/3eoh.cif	1724046	8c1c14ceafd96373ac1a1a12a72ae8ffa54cb08b6569d223e0dbf087bba0ec5c	False
3F2Q	/storage9920/home/tinghao.xia/pdb_data/3f2q.cif	312054	51252544c368b7d17ef46f004457c5a711192fd196a322bf7d0f06f076a69fb1	False
3F2T	/storage9920/home/tinghao.xia/pdb_data/3f2t.cif	320729	1ee8a3e11d9704b5e23fe42c14f27234349ccc0542d1ae16d0077a3440e5acd1	False
3F2W	/storage9920/home/tinghao.xia/pdb_data/3f2w.cif	311659	7315b6a9a3d832f20b6466f71db88fe5f3807d4fee810d82d1a6d89ee84c0ff5	False
3F2X	/storage9920/home/tinghao.xia/pdb_data/3f2x.cif	312307	a96df36bed72fc110828a792947a5171caa19351744a37848a278688ff62afd6	False
3F2Y	/storage9920/home/tinghao.xia/pdb_data/3f2y.cif	312332	60a4e7985a2cba6af6f9e44f92fc7a3c02fc0029826cf1a0e5ee5e663472389c	False
3F30	/storage9920/home/tinghao.xia/pdb_data/3f30.cif	319712	5fcb2439db376b9c2e624d58a6869a66660d4cdcd49b67f828afb5029f40e102	False
3F4E	/storage9920/home/tinghao.xia/pdb_data/3f4e.cif	298795	e4505aa80a001b894c6a1ffd47dabc04aab3cbb486b8672c157d486263490117	False
3F4G	/storage9920/home/tinghao.xia/pdb_data/3f4g.cif	300241	7d81c9fe762822c4bff0c1d6fc244b06cb09cd29047bcdd4a569b430c8c9fa7c	False
3F4H	/storage9920/home/tinghao.xia/pdb_data/3f4h.cif	299831	f8f599c10ad7c9eef5bc171b8b0afaab8612bdb14e973797a08d8d921213fbca	False
3FAR	/storage9920/home/tinghao.xia/pdb_data/3far.cif	154381	0a2f5e49301d33bccbff5ce9fb0c857a7fca83322fd45a1dde3478aedabe81e3	False
3FO4	/storage9920/home/tinghao.xia/pdb_data/3fo4.cif	226276	6ce65e44364c34ceb8fef21b711e1d8c5fd9323725b0415d102ccd297f3a0d37	False
3FO6	/storage9920/home/tinghao.xia/pdb_data/3fo6.cif	230707	b8ac7c95fde4d959dc30510c1ad88c631eb1732c44924c8a6754addc747538be	False
3FS0	/storage9920/home/tinghao.xia/pdb_data/3fs0.cif	87307	7ff00051d35c68ac036eb153a9e8f0ba7edaca8834a2c7853740ed86e29e32a2	False
3FTM	/storage9920/home/tinghao.xia/pdb_data/3ftm.cif	145475	fce9496aaa20c68c9be1f604cd20dd636ff9501997c254fc5e09961b7ce55f35	False
3FU2	/storage9920/home/tinghao.xia/pdb_data/3fu2.cif	272035	eb33096b9d4c24489ed0e1ca037c810592694df585938b90584b27fb6558cd9e	False
3FWO	/storage9920/home/tinghao.xia/pdb_data/3fwo.cif	6775675	8294db9cf32dcf3b45f20edefbe9f6e50bdc822b50a6b4692ce17e201fc46d0e	False
3G4M	/storage9920/home/tinghao.xia/pdb_data/3g4m.cif	213430	380c957ec81bce018d505dbe920cfd83b1ef3eacc6b7bdd693e3d032e8bb276b	False
3G78	/storage9920/home/tinghao.xia/pdb_data/3g78.cif	1140799	23c6c61a76cb8e4ecf358b9e157473f6279936c9d30f592897f720d0b06fc812	False
3GAO	/storage9920/home/tinghao.xia/pdb_data/3gao.cif	244690	45ab5967613b8eb6b7935843cdb6aa94702eb6829a9ceb24c1a13d000e5fd516	False
3GCA	/storage9920/home/tinghao.xia/pdb_data/3gca.cif	114114	b72d12e245065bc5612d842d363a8c4ae8a9926908ed22417e66922ea1ae1a00	False
3GER	/storage9920/home/tinghao.xia/pdb_data/3ger.cif	235486	185606ba2b2a3ad27b4a74a210495d7c7e84e10ac6a3dd0c50093e725742db91	False
3GES	/storage9920/home/tinghao.xia/pdb_data/3ges.cif	214686	f4e04c95c8f687d1a6632cd3fd07bb9c5a21849e40648e69c6a20de14db82366	False
3GLP	/storage9920/home/tinghao.xia/pdb_data/3glp.cif	273438	81c0d2c6f935f8f9da9368e51af623a329221c398e8080467bc84a11fe01b4ad	False
3GM7	/storage9920/home/tinghao.xia/pdb_data/3gm7.cif	192161	b0487e09d758b5f619246445784947f02624bc6ffd789ecd5d65695541113163	False
3GOG	/storage9920/home/tinghao.xia/pdb_data/3gog.cif	230674	61e1bcca1c05668f7687f023c20cf53a9708899a5e40e819e40982907b3936d9	False
3GOT	/storage9920/home/tinghao.xia/pdb_data/3got.cif	233702	8e9beeca6c5ed5c669ed24174c4c8ea9a34e6b4146e7665e61eb603c08f04f3f	False
3GS1	/storage9920/home/tinghao.xia/pdb_data/3gs1.cif	187488	57afaec478f3ed17fdfec0e7625b2edf3842ca93b27dd2632cdf19e60e2a896a	False
3GS5	/storage9920/home/tinghao.xia/pdb_data/3gs5.cif	186608	f02d95947bd5a704ade33c65943931247d46fd83762141e543c737f9ddd6396a	False
3GS8	/storage9920/home/tinghao.xia/pdb_data/3gs8.cif	185463	d22b6ea83a8c5a9c54bcf18eb3b426039816bd7028359092a3d9b365ec97fe79	False
3GVN	/storage9920/home/tinghao.xia/pdb_data/3gvn.cif	91188	aa9d122e8930a13b930fc0a90f08baa504e065abf202dcf4025d313548b4e13f	False
3GX2	/storage9920/home/tinghao.xia/pdb_data/3gx2.cif	448206	6eff2d9518c8dac94f6fec1fe546649c85b209256cf60ad9312c53a4a261c9e2	False
3GX3	/storage9920/home/tinghao.xia/pdb_data/3gx3.cif	266060	3d3715a7c121fb5c4028ed464ec71c20197289ca30b6abb5327146be700a83ed	False
3GX5	/storage9920/home/tinghao.xia/pdb_data/3gx5.cif	487161	cd2982124486c013ccd31daf54a251c7c986bcf4819e44670d9028919847c47a	False
3GX6	/storage9920/home/tinghao.xia/pdb_data/3gx6.cif	258799	5cde027c86ffc45a607b60c6adcd65a88fa82a44cd34bc5cc9cfc378c484bce5	False
3GX7	/storage9920/home/tinghao.xia/pdb_data/3gx7.cif	445024	c3cd4862f8b978d0dfd0dea5e3c3fefb8d8248f3032d9c0faf9da368ccae5df9	False
3HGA	/storage9920/home/tinghao.xia/pdb_data/3hga.cif	59158	28d1e48c4adaa82cfbef9d146ea42b7ead38bfd8c167af646146018d10d7dedc	False
3IBK	/storage9920/home/tinghao.xia/pdb_data/3ibk.cif	109774	05c4d87d94a4c6c751ff91b2f2974d3ca9f8adf627c0f2c78b73c440f28db520	False
3IGI	/storage9920/home/tinghao.xia/pdb_data/3igi.cif	1835811	61a725883ae0f12b028d275b153a5b59a1625e9304f0e25e9639d6204237380f	False
3IQN	/storage9920/home/tinghao.xia/pdb_data/3iqn.cif	263275	8c0fe9c228fc0162c9732b3325b13491311ebf02d2acef0d56effa8f31c0a530	False
3IQP	/storage9920/home/tinghao.xia/pdb_data/3iqp.cif	276672	022e9d7e1e9862e4ca8077a4d81361f36ec87bb82141c100aa03b161583c57f8	False
3IQR	/storage9920/home/tinghao.xia/pdb_data/3iqr.cif	272771	49c8f420429deffa6b359e69fa0d5afcc35e19946b8ae26f2ac549388647e261	False
3IVN	/storage9920/home/tinghao.xia/pdb_data/3ivn.cif	371514	5306c071de2a3ddfccf76d0c7a48968954e84dd992dac9af891d93e7cfe66645	False
3IZD	/storage9920/home/tinghao.xia/pdb_data/3izd.cif	384616	e40d23f640fa005dc352203237828c56b3e7b32a45556c9ca4e80b7c368f964e	False
3J28	/storage9920/home/tinghao.xia/pdb_data/3j28.cif	5951812	a7edcc9ed725b6f0aa84894435904cf7524c41fb023ead5f4839b1d5416622b9	False
3J29	/storage9920/home/tinghao.xia/pdb_data/3j29.cif	5953306	e97d08d79bcc19cec1e5d8e94def6e8f17dec99ac052ba7020884c656cbb5e18	False
3J2A	/storage9920/home/tinghao.xia/pdb_data/3j2a.cif	6058899	9a4a6d1e32095671a166d0b3cbab42cbb6954d1939b2fb7c7d74fa39371d7250	False
3J2B	/storage9920/home/tinghao.xia/pdb_data/3j2b.cif	5949768	cec36dfe561edb674fa3bf1122623ab7390544d6fe3cf36c68d138f69d6972cd	False
3J2C	/storage9920/home/tinghao.xia/pdb_data/3j2c.cif	5833482	b705a7af0642bf7e4657edaa53ce418dc6a1205f13a91aeaae0e90275dfa25a1	False
3J2D	/storage9920/home/tinghao.xia/pdb_data/3j2d.cif	6012758	13a375efdc0d87a4febd01f0a2ed84b7d020471c8ba84ed94428c688e5c1f0fc	False
3J2E	/storage9920/home/tinghao.xia/pdb_data/3j2e.cif	5950758	fb58537d74606023ca00e9c2e56fcbfc42ce54134e7c65afaec35dd16d4ba1fd	False
3J2F	/storage9920/home/tinghao.xia/pdb_data/3j2f.cif	5932702	67c0c82a9ef8465b90f7185b7bc3751db1eb0031ff69f7b705cc726c77ef2ed8	False
3J2G	/storage9920/home/tinghao.xia/pdb_data/3j2g.cif	5977156	36441345d4f0d525c5c00b55fac779e598937419065c34756840d7fa5def6ee5	False
3J2H	/storage9920/home/tinghao.xia/pdb_data/3j2h.cif	5903833	7f709fe77668188a9f502acaeb1a5fcc06fac4f35cfaa7caa8eec5ee1fe1b498	False
3JQ4	/storage9920/home/tinghao.xia/pdb_data/3jq4.cif	6820413	149cbf2d164fa48da734c6134b891a53ac1bbc139c1622ba193042d9b8fe56cb	False
3JXQ	/storage9920/home/tinghao.xia/pdb_data/3jxq.cif	107328	487de474fdcc637cd54f3950bcbd029b8eccf3ce957ef3d678ca79e6043b26eb	False
3JXR	/storage9920/home/tinghao.xia/pdb_data/3jxr.cif	125161	184146940554706a569f03261cbd5b361e0a18f7df4713d879a3858441db7ba7	False
3K1V	/storage9920/home/tinghao.xia/pdb_data/3k1v.cif	127151	c364e0ad557e13280dffeeac0c54122a8208c66ad971a87af54c507fe9e18516	False
3L0U	/storage9920/home/tinghao.xia/pdb_data/3l0u.cif	352657	dff1a292b12c23d6a5a2ee99010fd5d04048245897706c3457c3e36776b03dc0	False
3LA5	/storage9920/home/tinghao.xia/pdb_data/3la5.cif	272945	b8755988f1209cd0dfa8de2f9f9d9dea2e8c15bab85edf07626d555c8c90e219	False
3LOA	/storage9920/home/tinghao.xia/pdb_data/3loa.cif	236631	c55164f71d79caba16b956d2c34756722ee03c842d3fef325af7425a398d44ed	False
3MEI	/storage9920/home/tinghao.xia/pdb_data/3mei.cif	273685	a0a148beb1ad8f0f1f72e276fc5b684c5d7187b741c0577144a90837aeb7f4a9	False
3MIJ	/storage9920/home/tinghao.xia/pdb_data/3mij.cif	81773	fd61c05228f389a7c17a27ab9708e28315a300d015f36be7b4a664c20508593e	False
3MJ3	/storage9920/home/tinghao.xia/pdb_data/3mj3.cif	135955	e72b7ae8a82b5c4afda00f3978df9d881007a40ccff563a63c91f56ce43dd930	False
3MJA	/storage9920/home/tinghao.xia/pdb_data/3mja.cif	134253	47bf787b460e6145aba496c2106814e39b100fdaf951a41a81f81eaf8599ff85	False
3MJB	/storage9920/home/tinghao.xia/pdb_data/3mjb.cif	133509	97dece7d5e24e59f5085e6ceef837731020e38e6636f557a1a36de47800e5963	False
3ND3	/storage9920/home/tinghao.xia/pdb_data/3nd3.cif	138388	69408dbeea0da06e6b189a52a83142449c1c62d7147ce3609679257275826d06	False
3ND4	/storage9920/home/tinghao.xia/pdb_data/3nd4.cif	118056	1c627a9a14e24a36a9aafe40da3548fb9b071f24bb38c7e212d8663db470b64d	False
3NJ6	/storage9920/home/tinghao.xia/pdb_data/3nj6.cif	112728	1021328ba04995bbc0929bc2fab81a557dd52538eabcf20e49e751e7f9f3ea05	False
3NJ7	/storage9920/home/tinghao.xia/pdb_data/3nj7.cif	305552	99d3e0864a42544ec2691b04ecc74dba2a7b6028577eed245086b3fbbbae7553	False
3NPN	/storage9920/home/tinghao.xia/pdb_data/3npn.cif	248312	ef2d7604af4679094bb3220a241c03df7b0718bf64050d010b0e001c91e73efd	False
3NPQ	/storage9920/home/tinghao.xia/pdb_data/3npq.cif	748990	a6569b9765bc219cab09f3a0e070e2db26ce3d931f3b3fcad3a27f3273be503f	False
3OK2	/storage9920/home/tinghao.xia/pdb_data/3ok2.cif	229008	928ead47e56df28dfd91a65534ba6a4c1943c1280a92588450a083aaa33bae36	True
3OK4	/storage9920/home/tinghao.xia/pdb_data/3ok4.cif	804273	14fdbcf22ee726405ab88903b6b1ed4c33137049a21a7cf37727c748767887f0	True
3OWI	/storage9920/home/tinghao.xia/pdb_data/3owi.cif	880846	31457d5e121598ec4934c8cfd87dd3e6ac30a04055b59bc3a4cdd03a88ebb672	False
3OWW	/storage9920/home/tinghao.xia/pdb_data/3oww.cif	889102	c2a7d162b57cc8141e31f2575bc39674214c0a2b18de71d5763ecfeac54c5a92	False
3OWZ	/storage9920/home/tinghao.xia/pdb_data/3owz.cif	517736	a85d74602eb92a33ad0c892b822fd4920cb5b17fea75f9108fc5098c402f810d	False
3OX0	/storage9920/home/tinghao.xia/pdb_data/3ox0.cif	855801	609d4802d87594c9fcb2c9fb230ed94b3e05f6f6526ee616be6e010b40cc3c59	False
3OXB	/storage9920/home/tinghao.xia/pdb_data/3oxb.cif	838533	87fae465d0042262dac77e5f1e0c242a745476d96e9a501dd7cf91c170cd29ab	False
3OXD	/storage9920/home/tinghao.xia/pdb_data/3oxd.cif	858525	1341f07ad4de3ca50ff02f380ae5da2820ab55d127ecce3b62d7c14401f493db	False
3OXE	/storage9920/home/tinghao.xia/pdb_data/3oxe.cif	848790	4e5bde5879b09ae2076a669770d95ae64827892af04bfd2b0b1db3e6acb3c3d7	False
3OXJ	/storage9920/home/tinghao.xia/pdb_data/3oxj.cif	856309	5976e821f792d4382ea133f6c1fa12f870a2ae584680eeb771641fd6bcd89442	False
3OXM	/storage9920/home/tinghao.xia/pdb_data/3oxm.cif	859038	e0a4f5335c66110534ff874a4c7ea4ec4e1e4e6886c1cd54866f940cce2e305c	False
3P22	/storage9920/home/tinghao.xia/pdb_data/3p22.cif	838598	8a1549fad1f24ba6b4d4aec8b60379123876896e2af8552e39b7f1c943c2213a	False
3P4A	/storage9920/home/tinghao.xia/pdb_data/3p4a.cif	320033	54903e08fa45ec69457c9e9b562b776476ab6a30f1b3b423bb6befc93431c3d7	False
3P4B	/storage9920/home/tinghao.xia/pdb_data/3p4b.cif	275493	719ce444cd52fabdbeecafa8ba0de188480872ec4a790b997f48376476f9e5f5	False
3P4C	/storage9920/home/tinghao.xia/pdb_data/3p4c.cif	120299	5aa6f1e31dc68cccd09e98489787a6f4d3e331d4af9de22097e904bc6b2a4b38	False
3P4D	/storage9920/home/tinghao.xia/pdb_data/3p4d.cif	101715	8917fc0f7707a04b44c4c4425eb1223a7e3ca5f90ab201083bc0e4e11d85da23	False
3P59	/storage9920/home/tinghao.xia/pdb_data/3p59.cif	491133	0b4ca84511ceb3480d0e64c3204475cfd0f2549a0ee830f9f9209cac0e785903	False
3PDR	/storage9920/home/tinghao.xia/pdb_data/3pdr.cif	940638	c917f7d6af45df7c571877163475c3f143329d64dddb2009f6de6c0f9aa05e9a	False
3PHP	/storage9920/home/tinghao.xia/pdb_data/3php.cif	716850	f058c746a19862da2d312de725f919670ada0f7704dbf08fab566873e683bf64	False
3Q3Z	/storage9920/home/tinghao.xia/pdb_data/3q3z.cif	735549	c2d28c0ea5981307d1a6d24a3c461018a77db3b061f1106ebe4c0e9f6a5948b4	False
3Q50	/storage9920/home/tinghao.xia/pdb_data/3q50.cif	116960	cdf021e2eba86f4914de683b4fa6552110082aa6ccc31648aab8a9fc02d6a2cd	False
3Q51	/storage9920/home/tinghao.xia/pdb_data/3q51.cif	110114	4db5042780149a70fbc4f1abb80d6331dcb7bd1a7ca8da22f1a98300c39bb03a	False
3R1C	/storage9920/home/tinghao.xia/pdb_data/3r1c.cif	761336	0f514e706cc8caf8e06ca96cd3c2ca71c5c007fb5b680945c42da9c921e3a497	False
3R1D	/storage9920/home/tinghao.xia/pdb_data/3r1d.cif	235213	01a31192fcf0ad22001cb9be59ba2a78b7d8a73b399e7f7241ad170d650c62f6	False
3R1E	/storage9920/home/tinghao.xia/pdb_data/3r1e.cif	144176	4a66e6721fb56fc536033a7eb46508e826c4b95adfda546db3974b435b12c12f	False
3R4F	/storage9920/home/tinghao.xia/pdb_data/3r4f.cif	187298	223f5c612e11a30cc7464395614410647e8b51295b2f99d2aea8ffe20bfee022	False
3RG5	/storage9920/home/tinghao.xia/pdb_data/3rg5.cif	457160	eae9a3cda6d46bba793253276a171e7570c6bf951a84d16e04a0a1f3788a8104	False
3RKF	/storage9920/home/tinghao.xia/pdb_data/3rkf.cif	680118	f947eae431fe78333c3f2a11289203a48c149c10a148715ca8e794cb903dbee6	False
3S49	/storage9920/home/tinghao.xia/pdb_data/3s49.cif	278619	f4c49226f12b7d06aaab535263cb420f06bf291bffcd323533bd786054289fb1	False
3S4P	/storage9920/home/tinghao.xia/pdb_data/3s4p.cif	151001	7af5bcc80a34ba056829edce13e7005f164d7ddcde407461ccea371e337406d1	False
3S7C	/storage9920/home/tinghao.xia/pdb_data/3s7c.cif	229463	446458e9ade20627f307de2f3deb16e020f74ff6881db5fb4e4de393aa5235ee	False
3S8U	/storage9920/home/tinghao.xia/pdb_data/3s8u.cif	225219	f856aee155e6c0a308d9859f16cc6735e12259590a8f280281b4fec1970d4a4a	False
3SD3	/storage9920/home/tinghao.xia/pdb_data/3sd3.cif	452223	1441f4889d72b5f1b07a70f74caf94419f11401d0ba17b996fe0d6ef26cae0ae	False
3SJ2	/storage9920/home/tinghao.xia/pdb_data/3sj2.cif	297560	c78f11d8a7aae080d1e1ab12bb84f8a209c7022aafedce4b60589b94c3b57107	False
3SKI	/storage9920/home/tinghao.xia/pdb_data/3ski.cif	648970	3fff8c53fb96ca549636e3f3d85c74135a01e0f3a8ec86aed663f03c010a3f05	False
3SKL	/storage9920/home/tinghao.xia/pdb_data/3skl.cif	355697	27ba069e57809656a27d8df842985dc1025bbdb982f2dedfcbe79ece7458cd52	False
3SKR	/storage9920/home/tinghao.xia/pdb_data/3skr.cif	356337	36064462b6e221164a11177884d622b6bf167c3270238c8e9d4ee15b9426ceed	False
3SKT	/storage9920/home/tinghao.xia/pdb_data/3skt.cif	605887	042bf498934fd31752936a34bef3532cbaf1bce2a55925875f20844144dc5737	False
3SKW	/storage9920/home/tinghao.xia/pdb_data/3skw.cif	598790	405a2dcf78d8ae46ca05ae06a806d69edd30a5f80ba7591a6bf9a0b32567057c	False
3SKZ	/storage9920/home/tinghao.xia/pdb_data/3skz.cif	627264	552d7d01a6d81e80340e63d9759f80f10f3a57b35f8a74c113862e564ab142e7	False
3SLM	/storage9920/home/tinghao.xia/pdb_data/3slm.cif	375158	e414d826109c1308cf7283dc2f7958bbd089a2f745546c417dff2f9e79b48b0f	False
3SLQ	/storage9920/home/tinghao.xia/pdb_data/3slq.cif	363394	fd6dc18d91952a1c43cc20fdb0efbe26db76769e8781d0dca0b71c88db8bf1e8	False
3SUH	/storage9920/home/tinghao.xia/pdb_data/3suh.cif	284145	9704ef845deca6aabb333c6a1850d684e7e33b8519a78f0c4ca8ae55f9f44019	False
3SUX	/storage9920/home/tinghao.xia/pdb_data/3sux.cif	276881	b28e78757819fb515085b985365bb5e86a32d2e87bb91372292a2d65b8f1c3fe	False
3SUY	/storage9920/home/tinghao.xia/pdb_data/3suy.cif	267609	0541efbf6786bbc76093f21548c9fa82be96122d171f3cd34f3f5f57e57bf0db	False
3SYW	/storage9920/home/tinghao.xia/pdb_data/3syw.cif	264066	ae46341960eca91b572c57693bc22f543bd5ed32363141943ddc39140b1803d8	False
3SZX	/storage9920/home/tinghao.xia/pdb_data/3szx.cif	175093	a3dbf728566e11b730d771a9e51e6bb44de7700b312a6fd58a374008302eaee4	False
3T4B	/storage9920/home/tinghao.xia/pdb_data/3t4b.cif	414257	c0f53825e4bba8c83b3e1d0489658a3d3216c7b68ac97a9be32a8fa672664716	False
3TD0	/storage9920/home/tinghao.xia/pdb_data/3td0.cif	188765	863d09dce2a3d22220777647c46b0d85131c7395c17131c494f450cc8af8e3cd	False
3TD1	/storage9920/home/tinghao.xia/pdb_data/3td1.cif	175412	8bdf408466248ec5fb4886fb7962ca5361a2a5abe9605aa5276d85d393be0e18	False
3TRA	/storage9920/home/tinghao.xia/pdb_data/3tra.cif	236873	66c78605ebacc13a36bad9c5e8fc7f849e9c610d102a7c29f22c0ab103fd169b	False
3TZR	/storage9920/home/tinghao.xia/pdb_data/3tzr.cif	143677	c2b88526d47e93c6b52eceadb5c82948a4f93b585532fe476eab85ea2a60381f	False
3VRS	/storage9920/home/tinghao.xia/pdb_data/3vrs.cif	178393	5bdfe6eed334d327c57fb3d9fbee45cd97428301df66c3c2b881bb4b5c3d0b4c	False
3WRU	/storage9920/home/tinghao.xia/pdb_data/3wru.cif	158759	63596c27187c667e4b39ad89cdb728fde52060a9283f76be915d0fff622828b3	False
3ZD4	/storage9920/home/tinghao.xia/pdb_data/3zd4.cif	315805	517bc68d0ac3d30bb0d54d063ab0160b18eedb22b148748cb1fa29ae2869cd86	False
3ZD5	/storage9920/home/tinghao.xia/pdb_data/3zd5.cif	325636	1321cf2e83ad882663ecdc99258c17081315c02a0ae6da97d5aaa509e6494bfa	False
3ZP8	/storage9920/home/tinghao.xia/pdb_data/3zp8.cif	396180	09c168d1aff22a7e4e110ca11cd6444ddbb61641745c92934e3df154c94b9828	False
402D	/storage9920/home/tinghao.xia/pdb_data/402d.cif	67268	79d5c94083713cb8e938b231804d95b06e9929f88ee3dea99855fba3d62024b3	False
405D	/storage9920/home/tinghao.xia/pdb_data/405d.cif	103235	d62d28b5793e769ea4a812b066e72cdc5fc465272b4bdab58d8ed14bdee9860c	False
406D	/storage9920/home/tinghao.xia/pdb_data/406d.cif	326144	8b52f0e262ee1bef454af0f820d1091d8e80d4753531e5390156b0d432c3df3d	False
409D	/storage9920/home/tinghao.xia/pdb_data/409d.cif	144446	4e2772aacc693451c37796065c4f658a6793d919d021461a9c6c217ac88deb9c	False
413D	/storage9920/home/tinghao.xia/pdb_data/413d.cif	71571	f98f5f63226713d474e843a6d1da622c0d03c5e8427a73204be96fa59ed448a8	False
420D	/storage9920/home/tinghao.xia/pdb_data/420d.cif	118724	1f65ac4e2affd5cc7753771d546f063a4ce6347598d5874c6c8a504e84df0448	False
422D	/storage9920/home/tinghao.xia/pdb_data/422d.cif	89645	a6694d41047096179d96846530683752ab4547f4ae07cffa3e33e20da0ff1596	False
429D	/storage9920/home/tinghao.xia/pdb_data/429d.cif	135969	caf3e68b048c4586fe7c7ca0027732ebbe88ee8cd0aca4fb1617573b8ff5363a	False
430D	/storage9920/home/tinghao.xia/pdb_data/430d.cif	113427	a0de56393a4abf64cb14711b05d2ab1474b06a24e75a5cf1739ec9a1c4ef3438	False
433D	/storage9920/home/tinghao.xia/pdb_data/433d.cif	102719	09a2e2fae46641f2a0e707c504ba1fad8b015583b8fa63d20e934d9d452cd650	False
434D	/storage9920/home/tinghao.xia/pdb_data/434d.cif	201439	8eb7c7087a3ba018636b6ff996a7f0838918d35f2cfb1a6b31e1f8d295122237	False
435D	/storage9920/home/tinghao.xia/pdb_data/435d.cif	189883	dc514bc1f19a2d1350b80010055d2c525ee717644f62922031dfed8deb77b7c3	False
437D	/storage9920/home/tinghao.xia/pdb_data/437d.cif	128046	071c637fcf53bdd31c5731a490a894ca8c3a467d23829f94bef26768939f1ff3	False
438D	/storage9920/home/tinghao.xia/pdb_data/438d.cif	71043	d5f34520caed139d1b931be000b39a36ef2d8bc4a6616532aabb3cb8c9f6ef4c	False
439D	/storage9920/home/tinghao.xia/pdb_data/439d.cif	89799	3efb4d8a243151f0a31ed71fa368ad3b7815fdf13ad8bdfcd5d2efc02ce3b497	False
462D	/storage9920/home/tinghao.xia/pdb_data/462d.cif	205294	c2f5d84e7aa79a5c0e9b9aa51cad9f50a61ed32e2ebb06fd7a04ec1da9e7c63c	False
464D	/storage9920/home/tinghao.xia/pdb_data/464d.cif	200071	2d9fd6be7ad7a5e567f88414e120c5795be62b85dffc6932682a9a2491adaf08	False
466D	/storage9920/home/tinghao.xia/pdb_data/466d.cif	186535	4dcddab916248ca17ca7ff1e59149c14cacb8039da829ad72c9e0319833d50d8	False
468D	/storage9920/home/tinghao.xia/pdb_data/468d.cif	122638	903162789379d91db60c0b9049cdf9c61548717589e2cbdf5b35c7b30ac96972	False
469D	/storage9920/home/tinghao.xia/pdb_data/469d.cif	122104	800ba969667ad6f6059bf077f531d5aed3f71f9257b87a7e52039ca0fe062d7d	False
470D	/storage9920/home/tinghao.xia/pdb_data/470d.cif	126527	e8a03d7b5adbff140338c06a1ed6fcbe25f663d2aa6cf29884aa368f05e57b78	False
471D	/storage9920/home/tinghao.xia/pdb_data/471d.cif	104337	92957a057095eca032466590cebbfa61f547f7ce61ff023511863e1a747be24e	False
472D	/storage9920/home/tinghao.xia/pdb_data/472d.cif	72033	14f5004eb35950cf1f89e0bf605b9a1ab474a5c96a81c5ead5934266d77c15f0	False
480D	/storage9920/home/tinghao.xia/pdb_data/480d.cif	106669	20037deee2432f1b4da680a91c0b9fda9209e8dedb11feb6431e3cbf4f16aafe	False
483D	/storage9920/home/tinghao.xia/pdb_data/483d.cif	200356	2c5c32529b30c18e7a979960430c72166184d6580b62c1d774924311a231e8dc	False
486D	/storage9920/home/tinghao.xia/pdb_data/486d.cif	668167	4ee5d715a893b29c8d70db883fbfdc66ed6809c9dea8a77d83a1a204404bd23d	False
488D	/storage9920/home/tinghao.xia/pdb_data/488d.cif	195343	827e21b4239239184285c863afc9d081205d1cc9e59739ba3a9129ee19a28fc7	False
4A4R	/storage9920/home/tinghao.xia/pdb_data/4a4r.cif	423234	e9e97684917d09c81890745268b44e431a446f7c91ad133b3485c77b5127bebb	False
4A4S	/storage9920/home/tinghao.xia/pdb_data/4a4s.cif	302532	309881376f342a9a049ad1000460763e44f615f93beda4ff6783782680055fec	False
4A4T	/storage9920/home/tinghao.xia/pdb_data/4a4t.cif	226624	edfc613f039364cea168433aa443718c232e371db53af40b2d339a45c35234d9	False
4A4U	/storage9920/home/tinghao.xia/pdb_data/4a4u.cif	269021	4f04040c8c841a1d84b0f81abceba35e34a474263d76db0dac0592cdec3c93d8	False
4AOB	/storage9920/home/tinghao.xia/pdb_data/4aob.cif	456683	1b2f6c050dcbfdce34229f01e2820fad25f3f1e159c7951295e675faa978cce9	False
4B5R	/storage9920/home/tinghao.xia/pdb_data/4b5r.cif	449158	3a3b0974fc5345b9d66858cbcdef5ad97ddfd8057459a4c7fc6d419457b011cb	False
4C40	/storage9920/home/tinghao.xia/pdb_data/4c40.cif	118515	33729f1fb6d6c0db9ead8cd362b79538a8a7a05f7c271562e1ce511afdbf45e6	False
4C4Q	/storage9920/home/tinghao.xia/pdb_data/4c4q.cif	635728	0dc0732d63191edb0dbc8828b95431b2f9c7db2649d9abc998bc75e04ea72202	False
4CS1	/storage9920/home/tinghao.xia/pdb_data/4cs1.cif	133252	5bf9d38c019832584222b4da681c79672890f0858ab49e430b02ddf9d1ed104b	False
4DS6	/storage9920/home/tinghao.xia/pdb_data/4ds6.cif	1728956	a37d1362d311c6f5b1e2ba24b738032a1e1df2f883ed30c5b489c67a73afe174	False
4E48	/storage9920/home/tinghao.xia/pdb_data/4e48.cif	197481	a320d974a40eb91fd53025df1f14b4f69d7bbb160855330990d8c7ce0e42f5dd	False
4E58	/storage9920/home/tinghao.xia/pdb_data/4e58.cif	89570	7e947ea6d984863f6e646e8e20a3833af15b3b87b48462b9de600a987e8d4a7f	False
4E59	/storage9920/home/tinghao.xia/pdb_data/4e59.cif	66267	414e656e5c6573ec194be5a6b4c361b79ecc1a0d55ed834033f06628d99200b4	False
4E5C	/storage9920/home/tinghao.xia/pdb_data/4e5c.cif	213884	a08e673dc981e46c1facb41f6c35d99e1f50cc1963100d2d7e39f5c02a13fbbb	False
4E6B	/storage9920/home/tinghao.xia/pdb_data/4e6b.cif	72544	dbf8693e603d997c71a37c494fe16534179ef0fc912fecf6c9c5965d22f1d337	False
4E8K	/storage9920/home/tinghao.xia/pdb_data/4e8k.cif	1757825	268ac1e0c61d5160d2de8581956b3a536f7c053c6524596407bdca13888c9e61	False
4E8M	/storage9920/home/tinghao.xia/pdb_data/4e8m.cif	1741713	9fa078c23e2e2595c0da7896e916f6fb51e433c4ef9c0cd7084f54cacb24af11	False
4E8N	/storage9920/home/tinghao.xia/pdb_data/4e8n.cif	1740716	e5bedb08bc48452886cd2697e8561a8b64ccabef8e07716dd6a5dc2894a749ea	False
4E8P	/storage9920/home/tinghao.xia/pdb_data/4e8p.cif	1745317	a9871e5f82268eb1ca153b57679447663c0a115dd6a65c71d24ca6febd4770f0	False
4E8Q	/storage9920/home/tinghao.xia/pdb_data/4e8q.cif	1773423	565fd2f925849d7f87bd805b860d2c2b0594c2cca0784157ed72baa58dbafaa3	False
4E8R	/storage9920/home/tinghao.xia/pdb_data/4e8r.cif	1754522	a0ed288b6d1adf8c5216908fc0a4fb75313443fb030aa0019fe9f1f73e4f4284	False
4E8T	/storage9920/home/tinghao.xia/pdb_data/4e8t.cif	1756722	b7b806b50cf57a4a8c6a8e8591118d2928380fd94efbac376b3954d3cd332f48	False
4E8V	/storage9920/home/tinghao.xia/pdb_data/4e8v.cif	980044	77af905e9fa12d79cd030ca61e48dae495fc90aabcb365154af4556aed22b874	False
4EN5	/storage9920/home/tinghao.xia/pdb_data/4en5.cif	204041	ad6b2a383aaa0854498065f4612b4fbbd9eb1215f7e98f3d6a18687699d03178	False
4ENA	/storage9920/home/tinghao.xia/pdb_data/4ena.cif	179362	3ac1d8ee431b1322b2ad0b1f9a62362ae39360e51ecd5fcd15bc928a2aac6c76	False
4ENB	/storage9920/home/tinghao.xia/pdb_data/4enb.cif	189334	13b36b4cf465d29d2ac8329caa41d0543332568e88c1f9502ee088665dcc5b23	False
4ENC	/storage9920/home/tinghao.xia/pdb_data/4enc.cif	277253	c8aa4a649e5f8330c047727dd21cfca116e954fa80abb0e07410bf24406bbc19	False
4ERJ	/storage9920/home/tinghao.xia/pdb_data/4erj.cif	422197	c399ecead2b840c2813d787367ff99a14cdacd5e04da6a57e864fab509620944	False
4ERL	/storage9920/home/tinghao.xia/pdb_data/4erl.cif	743939	7686fbca49e851e76686cb5cac6d5fb37a01f164aefe023b8dd3a40da70b5f4c	False
4F8U	/storage9920/home/tinghao.xia/pdb_data/4f8u.cif	151878	c0aae4c83e786d43e9ed2e24a89dabbd20b41e78835fc5145f0381d0cf7a9925	False
4F8V	/storage9920/home/tinghao.xia/pdb_data/4f8v.cif	141247	0dd387f834f19439baa75c8683945ca92a9116bad54ed672ec21136d82e559d6	False
4FAQ	/storage9920/home/tinghao.xia/pdb_data/4faq.cif	1767083	1d0052fa6bf36e2875fada1ca2cdc6953295ad6ce85a04321c39e1bfd91b4fe9	False
4FAR	/storage9920/home/tinghao.xia/pdb_data/4far.cif	1776947	4ed6e489c065177c5f172012c2e858ce7e1a8ccec64d0b625091f81e5a58a2f3	False
4FAU	/storage9920/home/tinghao.xia/pdb_data/4fau.cif	1744558	30c6cd76976ce98795106104dca0c8905781e66e142792218cd56641d208fc82	False
4FAW	/storage9920/home/tinghao.xia/pdb_data/4faw.cif	1756652	bdeed39c29b868e04169e4abc104910525c42fc5e3da2ccf23770d77551666d6	False
4FAX	/storage9920/home/tinghao.xia/pdb_data/4fax.cif	1706037	dcb6b7fd59b205af7af524325160b4c4cac920162593ae9cf091e4ede1040165	False
4FB0	/storage9920/home/tinghao.xia/pdb_data/4fb0.cif	1746216	11cd952a7d71b1713650109f5aa5c4b66fb7b658f91cc86257675e8100bed4f0	False
4FE5	/storage9920/home/tinghao.xia/pdb_data/4fe5.cif	267025	39d452fceb8e65ee567aa2e3633645fbd4eed772455ff849b77a270e37c16d0e	False
4FEJ	/storage9920/home/tinghao.xia/pdb_data/4fej.cif	278063	0c72c3ec8724ebb63fab0bf71e35a9a4b7339b9b14702f284cb1c794e648c33b	False
4FEL	/storage9920/home/tinghao.xia/pdb_data/4fel.cif	281148	f904907554223e6cac4755712ab26fca01bef52c478a691019027d2dfbc483a4	False
4FEN	/storage9920/home/tinghao.xia/pdb_data/4fen.cif	274128	009bcf7f723e598678599946d7dc1e029ed3671d3bf0a3e411abd496c97720e3	False
4FEO	/storage9920/home/tinghao.xia/pdb_data/4feo.cif	292953	512f3239b9ad2bc90245d5a1282ee80c413150bc601754a2629a87690fa5a6eb	False
4FEP	/storage9920/home/tinghao.xia/pdb_data/4fep.cif	274018	8e60d68f177344f9091fa1784c5bb47c02e72aef8e01f70a2a1cae8ba54e3f59	False
4FNJ	/storage9920/home/tinghao.xia/pdb_data/4fnj.cif	132714	3829c1d5215cfa25fa612f53e6a9f609a48b71b74e4248f7e3d524affb101999	False
4FRG	/storage9920/home/tinghao.xia/pdb_data/4frg.cif	762734	957900ba85cec7ab006c5561ca297019979cf978c606ee541e62cf3de3c3f47c	False
4FRN	/storage9920/home/tinghao.xia/pdb_data/4frn.cif	915250	8bbd0e9b9c034b67f6289f3d49aeda07d0d204016fd67d420f614f42f1701344	False
4G6P	/storage9920/home/tinghao.xia/pdb_data/4g6p.cif	192332	d4e65479be9191e8607b2a6e18ed5afb2e6dede54e8d91b31b11f9fed4956628	False
4G6R	/storage9920/home/tinghao.xia/pdb_data/4g6r.cif	189413	16c1c48d3757c3f29be09b7f7279ac9e84677be25601d768ed691e8f02796603	False
4G6S	/storage9920/home/tinghao.xia/pdb_data/4g6s.cif	190290	c2afe559b8856aeb1c43b1e4abf88aaa99211fd09c939f96b1f5cfa619169be3	False
4GMA	/storage9920/home/tinghao.xia/pdb_data/4gma.cif	890651	6ee2ecb757f3ce774e360ed6c71557e91c6a9f68b91944b2854dfeeaae9898c9	False
4GPW	/storage9920/home/tinghao.xia/pdb_data/4gpw.cif	147573	cc82ece6050b267f4d894008ab853cc02384b476bdc547bf982299780673a664	False
4GPX	/storage9920/home/tinghao.xia/pdb_data/4gpx.cif	142560	872ce9c913dde9b6ec8be2ccf2eb1bd4e8f8696d5c55d94e184cdbddfd114c29	False
4GPY	/storage9920/home/tinghao.xia/pdb_data/4gpy.cif	150288	e9e8b16b580c2108dfc11a09783dc256e80c3577d0c1fb8450f16bf852b9d22d	False
4GXY	/storage9920/home/tinghao.xia/pdb_data/4gxy.cif	450432	7ec48bc852573d808074973ff5e36109ac5a21f5ce4a9699365e0b256dd04c72	False
4IQS	/storage9920/home/tinghao.xia/pdb_data/4iqs.cif	234050	043c5e1878580a318bf65ed31879662682edc095e8bf452919716b43b335c9a8	False
4J50	/storage9920/home/tinghao.xia/pdb_data/4j50.cif	249847	045e484f6b68b5b6ac993bf7a0efdd01699beaca87eac22d9328585e7a2eaa03	False
4JAB	/storage9920/home/tinghao.xia/pdb_data/4jab.cif	106398	ced5b1587c95a3d616834c0502a715fc7678baab22b20f1761c461a4a0d1234f	False
4JAH	/storage9920/home/tinghao.xia/pdb_data/4jah.cif	166452	f395620673c4551cb77cf2c4c748bd821f86f54026d90409f15be19ab6ba0533	False
4JF2	/storage9920/home/tinghao.xia/pdb_data/4jf2.cif	417733	8b1240328e7ae53aee7c0959a36c29606bf7e1881116239f2259523ac9bbfd06	False
4JIY	/storage9920/home/tinghao.xia/pdb_data/4jiy.cif	75117	cb2b59c3b23ba75c212d05bd89bc583bf6641f3e76fd06f248a92ab06481cf3d	False
4JRC	/storage9920/home/tinghao.xia/pdb_data/4jrc.cif	531154	fb71c60b90b7ef3694caea82effa3898ff3a38a0b0915d2fc44584cab6716271	False
4JRD	/storage9920/home/tinghao.xia/pdb_data/4jrd.cif	147649	32192a3cb8e7f46d3de2f69f5d9ea7c5e90ce9012477ea068ef2c4a8b3b19aa1	False
4JRT	/storage9920/home/tinghao.xia/pdb_data/4jrt.cif	94217	ac527dfa5fd20f64526fc776347c74d0378252263a7a9a53e9cf25270f30f257	False
4K27	/storage9920/home/tinghao.xia/pdb_data/4k27.cif	266711	45a2184dde229358f0c0c86f2c5648acc79e7c961533cfb7d34968e2e148e5e7	False
4K31	/storage9920/home/tinghao.xia/pdb_data/4k31.cif	183894	0af9682b5f0d99ac8c7928c748af000fe7166785a0d6c4ca666787c15bd6b8b1	False
4K32	/storage9920/home/tinghao.xia/pdb_data/4k32.cif	139781	115287dd34e0823f7db276c2151c686009f5beb9b2ab31ec627114e553ada07d	False
4KQY	/storage9920/home/tinghao.xia/pdb_data/4kqy.cif	322982	59b57bebd86227af0aa286634c1207b500fd8df8212e94fa134207e644274145	False
4KYY	/storage9920/home/tinghao.xia/pdb_data/4kyy.cif	208032	fd37802151d7fc5bf0180018ed51c5b678ee3c24d49d57f9834ec252b4a2d60d	False
4KZ2	/storage9920/home/tinghao.xia/pdb_data/4kz2.cif	248597	36e015077337345790fc2f03f8883130c62031f1841401a7697452d4f593db59	False
4L81	/storage9920/home/tinghao.xia/pdb_data/4l81.cif	277331	cd1b91180ce903e102ac2f87904fe579694d4d761c714fe17137124ae2e3f8a0	False
4LVV	/storage9920/home/tinghao.xia/pdb_data/4lvv.cif	253757	46f30806c35a725f74db4d8e1018c7b7ed3b4b24c7073a26880996859f896259	False
4LVW	/storage9920/home/tinghao.xia/pdb_data/4lvw.cif	266592	191dd356be0666c716004d655e12723aacfe69355fc51b28fb73e336b2ef12e0	False
4LVX	/storage9920/home/tinghao.xia/pdb_data/4lvx.cif	261826	fa9baaf56c99fc71773508242367a46fb166e13287b97c25764ab1ced7d0b88a	False
4LVY	/storage9920/home/tinghao.xia/pdb_data/4lvy.cif	262622	752976328891e72046263d1cd5435eccd961b6f5af69046befedc83ef570d071	False
4LVZ	/storage9920/home/tinghao.xia/pdb_data/4lvz.cif	277440	ff25b08619ba17500bad45515cac4bbf625666592de89e9965e135a08c5da141	False
4LW0	/storage9920/home/tinghao.xia/pdb_data/4lw0.cif	258322	bd01587eb2121a6585bf97d487e7f6af66564e19a3f0fdae66e73f33f0909387	False
4LX5	/storage9920/home/tinghao.xia/pdb_data/4lx5.cif	320711	a2a71925b0cd3765fbf503e66df79b046da5a2f2b915ded5d88e842d1ccabfa1	False
4LX6	/storage9920/home/tinghao.xia/pdb_data/4lx6.cif	318314	2fb2bdda3f93af456dd605f89363e4e579b0b55fa01aff0a102c1e0a04b88175	False
4MCE	/storage9920/home/tinghao.xia/pdb_data/4mce.cif	136295	2c95963bc81bf60cf26c7ba5841d8a34d1899310bf1d35832d6513b2cf9088d4	False
4MCF	/storage9920/home/tinghao.xia/pdb_data/4mcf.cif	220209	c7b1ed637c632c598d93698d0afeef7a3f3947d3f51570b8865f89392e9de8cd	False
4MEG	/storage9920/home/tinghao.xia/pdb_data/4meg.cif	378015	336d2b5b2a1d12d9eaf8b5353d1ad9db5d73f122cbc54b18259731cebc299ecc	False
4MEH	/storage9920/home/tinghao.xia/pdb_data/4meh.cif	379532	2727b373c61061af94034314d89c3c619d0b68bdc71c61308a8387b3d3028415	False
4MGM	/storage9920/home/tinghao.xia/pdb_data/4mgm.cif	332137	05be5f61cf05378af8d8e063e6249da01673686dc2f30ce8633024d6aa0e9c48	False
4MGN	/storage9920/home/tinghao.xia/pdb_data/4mgn.cif	791222	cdd8b45416a2f5d6e76357cb93e953c0f1e456e2f142366ddab751fdfe2d358d	False
4MS9	/storage9920/home/tinghao.xia/pdb_data/4ms9.cif	78054	92179b188771e311826cde19b9695cee7260a515f377badfd1c3946e6bfd1b7e	False
4MSB	/storage9920/home/tinghao.xia/pdb_data/4msb.cif	359382	9d6b9ddf0bb188b14344c6c189025df8a4b4d4a9171fb45ea2f724290d14cea0	False
4MSR	/storage9920/home/tinghao.xia/pdb_data/4msr.cif	123551	8ce3cdb99c7800721cb08e4bd54b7e49f84580c828362cfbe67cc25eea3716ae	False
4NFO	/storage9920/home/tinghao.xia/pdb_data/4nfo.cif	246195	8fb8dc681e94891b1978856356e2f12c65ec5ec4ab059f8ea59618d20b6f1cd1	False
4NFP	/storage9920/home/tinghao.xia/pdb_data/4nfp.cif	251804	273dbbf245f12061f520f915344ff7203c3985107d1a4d18458e6c94846f1154	False
4NFQ	/storage9920/home/tinghao.xia/pdb_data/4nfq.cif	259328	8b633e4832b04d9b770967e7638179ebb6fddae3841c98681d0edf74e163ade2	False
4NLF	/storage9920/home/tinghao.xia/pdb_data/4nlf.cif	230548	10171266b44a0319e9ec87ed3ee8135fa4f6bb2075b105082f80bd8f1d93a24c	False
4NMG	/storage9920/home/tinghao.xia/pdb_data/4nmg.cif	195375	c9c8c4933bf4acb7f814a4a89574c4992b8d740bf24e3b3f4607a7eace0b9766	False
4NXH	/storage9920/home/tinghao.xia/pdb_data/4nxh.cif	229098	7e11128a1e9fd05ae40a5a91c2f9ea27be4c6112bbaafd7dd89952ef68a7b054	False
4NYA	/storage9920/home/tinghao.xia/pdb_data/4nya.cif	427021	aed8c84177ca6414d2cb90779388c99c1df759f0dc750563c91bf4ec2e1f5f6f	False
4NYB	/storage9920/home/tinghao.xia/pdb_data/4nyb.cif	242071	a6ea53c36644dcb9a857d3e98a03869ffb406e87f59075c5f32cacb197bc2ca6	False
4NYC	/storage9920/home/tinghao.xia/pdb_data/4nyc.cif	232710	78c0b7eb350e6621faf6fdc81ac7a5070aead7eebeae5625d773cdd7d569be30	False
4NYD	/storage9920/home/tinghao.xia/pdb_data/4nyd.cif	233842	cd350e9a0a3dcd507f1a62ad944ea9a684d3229b441e35481948630682d333e6	False
4NYG	/storage9920/home/tinghao.xia/pdb_data/4nyg.cif	219520	e708f578948c64a18e9d4b703187330583f9bad7f10cf24af9a7859c55dae641	False
4O41	/storage9920/home/tinghao.xia/pdb_data/4o41.cif	323620	a2fa1bafa7c70970f806fbea8da97bcb8b749c1c361323105800075d4336e359	False
4OJI	/storage9920/home/tinghao.xia/pdb_data/4oji.cif	184257	1e5f64af150856519583393426182ad454f82a6dde3cd3570ad62ecc6b375473	False
4OQU	/storage9920/home/tinghao.xia/pdb_data/4oqu.cif	264073	a6bf051f190ae7d52aa11eb6d2ed8d06122610fb8916f544bfebfb347e4e8d0d	False
4P20	/storage9920/home/tinghao.xia/pdb_data/4p20.cif	165691	1e6ba3e180bf95ba56650fddf71767166bd944e8b7b42aa58d59d3ea2629fc34	False
4P3S	/storage9920/home/tinghao.xia/pdb_data/4p3s.cif	178410	fb633d92b7a9ea067b753f58ee7cf230aed0c97bd05f8e3f72922c4b27663e69	False
4P3T	/storage9920/home/tinghao.xia/pdb_data/4p3t.cif	168593	d0d921c9223f8567189af0befaf022731625ef0b596c21d7c1b6815ff08efde4	False
4P3U	/storage9920/home/tinghao.xia/pdb_data/4p3u.cif	251099	40fa61e4c4a130fa41096c293227b60380e50835d566cf708d133aeef91a9074	False
4P43	/storage9920/home/tinghao.xia/pdb_data/4p43.cif	173910	06d2cb1e2c4e0f1ea4775f9c31c94154d123e793e3a5e3b4e5b8d5b81c847560	False
4P5J	/storage9920/home/tinghao.xia/pdb_data/4p5j.cif	286203	96a590d716ec2beb231fad4ee2c2b372f5626614bcfeb58d49c5e56dc44de7c2	False
4P8Z	/storage9920/home/tinghao.xia/pdb_data/4p8z.cif	793338	622bf91f8f1d3f6ffcb9abf3fcb886eaa53706dd5df9510c80a29a4b420541bf	False
4P97	/storage9920/home/tinghao.xia/pdb_data/4p97.cif	182653	510e32963efc7881444d4760c3c827abd3fb34950ffd271db76916f5dc1062cf	False
4P9R	/storage9920/home/tinghao.xia/pdb_data/4p9r.cif	506605	0e5cdd412d32d5a72e97f3036756a10028a938f04ed0fcacc42ac0939e75812a	False
4PCJ	/storage9920/home/tinghao.xia/pdb_data/4pcj.cif	152168	7e0beba7726c4d14ed383ac8dc433bc9949bbb78867311aadbc7cca06b02cf7b	False
4PCO	/storage9920/home/tinghao.xia/pdb_data/4pco.cif	383576	a912fe50937ddc8c3e1291ac168892d7dafc243b3507ab043670cef9887b557a	False
4PDQ	/storage9920/home/tinghao.xia/pdb_data/4pdq.cif	154694	3d56baadcc83929921ab42fc7df8a5be1e713a7b55fbc9a44cf6aaf46235a77c	False
4PHY	/storage9920/home/tinghao.xia/pdb_data/4phy.cif	238760	eb381751ba1e337d45383fa6dbeeaaace2eac862d8ad283fc7d8e9cb0f7740cf	False
4PLX	/storage9920/home/tinghao.xia/pdb_data/4plx.cif	968095	7d8f36d3a95f0e59a69f31903e0bd7510f5dfa01e11c9f213239940624ce74c7	False
4PQV	/storage9920/home/tinghao.xia/pdb_data/4pqv.cif	201965	66a2d666d965e0756d505ba946ad193b76218070c5d2a137d6fd138657f2d34c	False
4QJD	/storage9920/home/tinghao.xia/pdb_data/4qjd.cif	715301	8569b956d50f56f9584b92f4039fed11aaa8fa15d9242c4e586dc154ad5f7680	False
4QJH	/storage9920/home/tinghao.xia/pdb_data/4qjh.cif	549590	ffa1135c7f8fd627cb7de48b173dbcfa009d80eaf6a939dbc8bc70042e3f2d0e	False
4QK8	/storage9920/home/tinghao.xia/pdb_data/4qk8.cif	355577	a8833943751ea0b844dfb3d04d1720af91cfd2d68d44458bb5b83ca9006f77dd	False
4QK9	/storage9920/home/tinghao.xia/pdb_data/4qk9.cif	339406	79d65619ad86a9fb207c1a8eef5ea00ad9f100f0f1e9138ac6d424cf706620f3	False
4QKA	/storage9920/home/tinghao.xia/pdb_data/4qka.cif	357906	461e6e88ff6fa4c936c1ff5c0c7deb8fbbe8751ad6c0fa0d6d156ce2352230fa	False
4QLM	/storage9920/home/tinghao.xia/pdb_data/4qlm.cif	550172	66e4f19c772bb74b42a2c4c55f81b79f6d277367f9ce8779c958302202b9b924	False
4QLN	/storage9920/home/tinghao.xia/pdb_data/4qln.cif	601774	d501fe933095ea3ffae4f90dc3fb845cf14ef61034e7b7b0564ab5e9cc6bf13a	False
4R0D	/storage9920/home/tinghao.xia/pdb_data/4r0d.cif	3020654	16a53f5615f4e39c429256310b9382ca97b5b5f40b4687afd88237677ea95815	False
4R4P	/storage9920/home/tinghao.xia/pdb_data/4r4p.cif	689315	e20db6772dabd7318c9640c6cb7e037c683252ff963f7563488969435b740166	False
4R4V	/storage9920/home/tinghao.xia/pdb_data/4r4v.cif	682211	7eaf0852a6ceed83a020cd395fef3a153b92e1db94bf9f3b3b8ff17752df5e9d	False
4RBQ	/storage9920/home/tinghao.xia/pdb_data/4rbq.cif	271422	1f4236dcd8a1a37a355341c9fa9aded30dfee0374d5d8c4d9e1af251987ee47c	False
4RBY	/storage9920/home/tinghao.xia/pdb_data/4rby.cif	88787	46c5d0b521d922d269f0e1d791921bdab0b458cd3895d371108773e133740662	False
4RBZ	/storage9920/home/tinghao.xia/pdb_data/4rbz.cif	120463	5c2ad2cdb113dbd29677dae1cac166364f0b4bf43095ab07d1acad1bf785bfad	False
4RC0	/storage9920/home/tinghao.xia/pdb_data/4rc0.cif	127483	c90986383fae20d4686f93f3bd49ff2a8ed0587cdbdb2073745958da048afe94	False
4RGE	/storage9920/home/tinghao.xia/pdb_data/4rge.cif	791287	5956d604a3c949bcdf31aa87cfe5f2a648a23e0c9ebb84e0d2b279d44cc79574	False
4RGF	/storage9920/home/tinghao.xia/pdb_data/4rgf.cif	766946	e236a59662bce5333811eaebd73fab0551dd4794708f6e13de4db407f1dcb503	False
4RJ1	/storage9920/home/tinghao.xia/pdb_data/4rj1.cif	118515	2319a7f091879c17e6fa45bd337e2f2f9f27b3b58140ed23fe27e429de77a25a	False
4RKV	/storage9920/home/tinghao.xia/pdb_data/4rkv.cif	126031	7b84b2069ce97a51115aec0e00afd2bb2652cb4c568e92aba2336b39c8f442af	False
4RNE	/storage9920/home/tinghao.xia/pdb_data/4rne.cif	399988	9ca61f4904ebe787cbeecdb1af2ebf023df10e32b4992a5c6ad62c8d853e254a	False
4RUM	/storage9920/home/tinghao.xia/pdb_data/4rum.cif	299162	877730b8190fd472fda9f806a6afd3bb465f1e32a029f37bd43caca37f1530c0	False
4RZD	/storage9920/home/tinghao.xia/pdb_data/4rzd.cif	566824	7a64e70b678d556b7aa470fe3dbe11d48443d90989f6a00e5c8cd302d74abdad	False
4TNA	/storage9920/home/tinghao.xia/pdb_data/4tna.cif	274711	c506385ee44f9feec2a28e3d768ff8c6a9b822f0e12cfa3b80ffd2da2a74b5bb	False
4TRA	/storage9920/home/tinghao.xia/pdb_data/4tra.cif	278156	e9948877e6c3421e2c62ded39ced24bd7f81a94ac7999f9e1fe0c0ce2b92ff81	False
4TS0	/storage9920/home/tinghao.xia/pdb_data/4ts0.cif	485927	cbdc58c3c674558a3a994a27ea73f39a1dd9e0bfcdfac590e74866c2746c87f1	False
4TS2	/storage9920/home/tinghao.xia/pdb_data/4ts2.cif	464941	28aaf7e705deb3816010b4c495562d12dc535cd0a5b38d7536b4a83a61343b56	False
4TZX	/storage9920/home/tinghao.xia/pdb_data/4tzx.cif	379242	956b068430ba7bb386da042249a862259cc3fcea3741e6a3f554919dec187bdd	False
4TZY	/storage9920/home/tinghao.xia/pdb_data/4tzy.cif	355453	b63229d08647a024d7dbe49653909967acf7fdca4720acde9526187ad537f31d	False
4U34	/storage9920/home/tinghao.xia/pdb_data/4u34.cif	120125	8a42b3e7fbb1881b8a2982aabf1bdf60d672e0c1135fdd497fa3863a55c8961f	False
4U35	/storage9920/home/tinghao.xia/pdb_data/4u35.cif	114730	88dd2ec1d2bb02a56abbed017e10dda3d61e3de6810b014151cd2650a0c7dd97	False
4U37	/storage9920/home/tinghao.xia/pdb_data/4u37.cif	83485	04e41424db7093e9e8ed3938b5b7d9a09802b623340c7d26aab9cceabe14a3f5	False
4U38	/storage9920/home/tinghao.xia/pdb_data/4u38.cif	175290	587dbf37de59988d4cd82297c96a8424fbae29da4f71287d354c5d020dd58af9	False
4U3L	/storage9920/home/tinghao.xia/pdb_data/4u3l.cif	93662	3228106d3037447419062f2f19aaec95ba2e9664758cb2310da8655c0bec9e5c	False
4U3O	/storage9920/home/tinghao.xia/pdb_data/4u3o.cif	100894	aa95d86ff7f08133862d7669953b55ea921644e6d1a56c63bac3ccc353bef236	False
4U3P	/storage9920/home/tinghao.xia/pdb_data/4u3p.cif	100992	0696eabc8b45e937ad8a22b31daa2715519ea215c7a5fd0ec9038fe1e2f1a0b0	False
4U3R	/storage9920/home/tinghao.xia/pdb_data/4u3r.cif	120007	c28148f4a39367fedc4cd69436cd9dde8b0e6ab7057ad8fc11a372f124fca82c	False
4U47	/storage9920/home/tinghao.xia/pdb_data/4u47.cif	95869	dfc065beeac61386d1b2a3f8d66b0620ac223f25add311677f57f66d63f8bef3	False
4U78	/storage9920/home/tinghao.xia/pdb_data/4u78.cif	122861	ad4118f61b25f3deed2d26a5cefebecf5bd3a63b022e8a39b7794955fd1d0035	False
4WFL	/storage9920/home/tinghao.xia/pdb_data/4wfl.cif	535975	1d87ac3fdcd48cd8633efc5292eaab9f7a489b7a3db882263ab03830e01708b2	False
4WFM	/storage9920/home/tinghao.xia/pdb_data/4wfm.cif	954462	34e110351d5995c66f4db57402cf31e8460005b4ba2180d8b981b08ae595076a	False
4XK0	/storage9920/home/tinghao.xia/pdb_data/4xk0.cif	126382	e159bc093676d8b3c6f14366eee102dff79cd0193397b9f01f79c2df4c43af1f	False
4XNR	/storage9920/home/tinghao.xia/pdb_data/4xnr.cif	398398	027b5b177b65cf38616a6bc609433eb3242d6c03997f3152f40010c36e864339	False
4XW0	/storage9920/home/tinghao.xia/pdb_data/4xw0.cif	96260	06ef53fb8b5106ce01f5e602746f9dc79690cb28e0fb083362143e75792b1c29	False
4XW1	/storage9920/home/tinghao.xia/pdb_data/4xw1.cif	88872	9ff01f27c4f595603a44e00211813a4060378a6d045c78677a4c242b67a9b3d0	False
4XW7	/storage9920/home/tinghao.xia/pdb_data/4xw7.cif	219858	5dec725badfa88dbf3aa22fcbcd28e7935c260066f9a34beeb467e127dcf63d3	False
4XWF	/storage9920/home/tinghao.xia/pdb_data/4xwf.cif	232331	eab02e891f1dc97e800a8c296e0e2821017d50d56b0b99a1ed35fb6d44ddf253	False
4Y1I	/storage9920/home/tinghao.xia/pdb_data/4y1i.cif	570934	d61af8639a3d9bedf834ef7d726514f2aa4847265a68aded4bfd6aa26719fb84	False
4Y1J	/storage9920/home/tinghao.xia/pdb_data/4y1j.cif	1044478	06339f1eb292c0bd5ccdbea5de4138194511d0f69144efdf7a2cb4f20bf65d2f	False
4Y1M	/storage9920/home/tinghao.xia/pdb_data/4y1m.cif	900605	7683d9b66e77b7fd413007ae8f10fd6468940115f498f2e78954b325f1e83c1c	False
4Y1N	/storage9920/home/tinghao.xia/pdb_data/4y1n.cif	2248484	1222f0e026aaf8e6edbccaa8678949c29d89c8ca5f743122ed0222e9afea6395	False
4Y1O	/storage9920/home/tinghao.xia/pdb_data/4y1o.cif	2241392	22087817e1740974ae1b48e3d301fc011dff380a2c612ef86e5b1c99509dfe4a	False
4Y27	/storage9920/home/tinghao.xia/pdb_data/4y27.cif	225669	032d1c07803f010dd942389a1bcb7968255ac21464aeae127dc8d9e07d7c0e4e	False
4YAZ	/storage9920/home/tinghao.xia/pdb_data/4yaz.cif	832594	91367721e622bf63a4c0e14fe56a221cfbb0174a93edd53c40720fd858f3397b	False
4YB0	/storage9920/home/tinghao.xia/pdb_data/4yb0.cif	801201	58f0d574628b68b9c0f2fdd0a1f619be329e4bdd9f6bd23ca1ad4d738cbaf0c5	False
4YN6	/storage9920/home/tinghao.xia/pdb_data/4yn6.cif	136615	46c343a7611375e865f5f5e5efb1819b091b585c80c9eb5a3fd0d0159c47da71	False
4ZC7	/storage9920/home/tinghao.xia/pdb_data/4zc7.cif	416388	0e352e705cae321b3db06ed9269acb4557fcd3ecfdb0ce689f8e1c42e833b12e	False
4ZNP	/storage9920/home/tinghao.xia/pdb_data/4znp.cif	368657	19691591c77c6742cfd62a02b7325ffb9314b79399e79e122768f821e01b04bd	False
5A17	/storage9920/home/tinghao.xia/pdb_data/5a17.cif	941663	745877dee3d2005115cf98d7f66ce72c925e513c114e6d861593937ab9ab350e	False
5A18	/storage9920/home/tinghao.xia/pdb_data/5a18.cif	939972	c2e872965e0f36d256402ccca04dfc48fd8683e33a312659f04b8451576f1d20	False
5AY2	/storage9920/home/tinghao.xia/pdb_data/5ay2.cif	199635	1d7dfa095bc51d0205e758d846893e6157cecf7c68edac406a70adef5b823c27	False
5AY3	/storage9920/home/tinghao.xia/pdb_data/5ay3.cif	125124	a6faad1729030755495229588fd6dde2f39ece313e34deefde4028198bfdf902	False
5AY4	/storage9920/home/tinghao.xia/pdb_data/5ay4.cif	122538	5cdd97e0854126c0e02d55b2b402db3c67d8cdfc82695cbddd12e3b18443f189	False
5BJO	/storage9920/home/tinghao.xia/pdb_data/5bjo.cif	258149	1394e1af10d06d94fc995001c21fede9dcfe0490e9f2b10de8125c978f55f7f4	False
5BJP	/storage9920/home/tinghao.xia/pdb_data/5bjp.cif	243237	ea67f5d7c3b29b17fae91020cf16dc3fd2d6efe0ac4739a992b3189913c0af1f	False
5BTM	/storage9920/home/tinghao.xia/pdb_data/5btm.cif	247262	53c824fe0fd15b49cb31bb2b1687fb20545c4ae922dadbdafefb952563e5ea29	False
5BTP	/storage9920/home/tinghao.xia/pdb_data/5btp.cif	565664	574af2571a3ab5ced5649ee06a999fa72ed05aaba72a81d4f08ce188d8e0b27c	False
5C45	/storage9920/home/tinghao.xia/pdb_data/5c45.cif	307374	633b5e5a1bfd1180b153e2be5a44f55fbf2bbcee9cb76e34214b7418604b5eeb	False
5C5W	/storage9920/home/tinghao.xia/pdb_data/5c5w.cif	173580	94e5979d55c0c27a780b8666a5c042106f586d4b013b351bf544a024977a1721	False
5C7U	/storage9920/home/tinghao.xia/pdb_data/5c7u.cif	346238	543909d0c22daddb293d482b32891faa82887dd3a6c5b6da96746b2eb81094cc	False
5C7W	/storage9920/home/tinghao.xia/pdb_data/5c7w.cif	354561	f381221bded31c1dc9b06efe971797fa4e1bff5005b7513272c9ba0cb38bca01	False
5CNR	/storage9920/home/tinghao.xia/pdb_data/5cnr.cif	255308	1086d364190df8a8d94a40e12c446d3bb2bef6d51129e0ca432e22d56fa5a014	False
5D5L	/storage9920/home/tinghao.xia/pdb_data/5d5l.cif	1804836	7363e72862036ca63eb7576c49d66ba0d90c66d7b54364403009d13fcbebe79a	False
5D8T	/storage9920/home/tinghao.xia/pdb_data/5d8t.cif	197939	ed17cb598451d35453151b9e123fe8079f1748daa0488e38143a806646677192	False
5D99	/storage9920/home/tinghao.xia/pdb_data/5d99.cif	276967	b46cf87199fe55130756f1e3067fe9af7d5fa93c82c76cdf78093158a1bc4f65	False
5DA6	/storage9920/home/tinghao.xia/pdb_data/5da6.cif	335873	bfb5a5e2d41b11dc6c0f933add6935d790e3e437919c00df033af5b38d50faa2	False
5DER	/storage9920/home/tinghao.xia/pdb_data/5der.cif	151582	303885dd1c4c4aa626f64e3bbc1b5956c8488512143b1618937a600bf020f4d2	False
5DH7	/storage9920/home/tinghao.xia/pdb_data/5dh7.cif	270735	6b056dcf73b14f15579c9b71fe8de1b4ef69da9f2182fa8526ba867aa4a754ff	False
5DHB	/storage9920/home/tinghao.xia/pdb_data/5dhb.cif	132237	005bd98c20e609feb6efbd037f7340caf1d9d11a13cbbcec9139487b2c4c2428	False
5DHC	/storage9920/home/tinghao.xia/pdb_data/5dhc.cif	292414	ae653e0647ba2ee59a09bdd5ea3d0d3a8f6a9e59e7429fe167dd86b84cd57b77	False
5DO5	/storage9920/home/tinghao.xia/pdb_data/5do5.cif	138145	384bc7fe32e8371fe0a165c30a23cd2879943ca5d4d4f918024d136cdf4b17c0	False
5DUN	/storage9920/home/tinghao.xia/pdb_data/5dun.cif	199134	a3fb2e8bc80a7c453175918ad19c7867fd79b46a4e17189eac201c18ff8af6f1	False
5E54	/storage9920/home/tinghao.xia/pdb_data/5e54.cif	598081	5759a27be55ee62031ea1e35a746e68540c892ca3df7ee33371df731be334707	False
5EAO	/storage9920/home/tinghao.xia/pdb_data/5eao.cif	209839	9ac7b5c7e8ed7b0ee332f81ebad03201194db7a2c8624cdb769dcb197b62a6b8	False
5EAQ	/storage9920/home/tinghao.xia/pdb_data/5eaq.cif	208285	21e64562cafff97ddc6ebfa32fcf08473b3c834eb679c08266b10d828a04b865	False
5EME	/storage9920/home/tinghao.xia/pdb_data/5eme.cif	190440	ed551d1e65249d7c63dcf47aa79c3f676d49139166904cb9825637ec5c50cb9b	True
5EMF	/storage9920/home/tinghao.xia/pdb_data/5emf.cif	162411	30a10963932e09d7fa44f302fdbfbb1151a1d67df990af3681ce1c4b587e8b0b	True
5EW4	/storage9920/home/tinghao.xia/pdb_data/5ew4.cif	297396	4b16d18bbf8e28d0a216d13bee21332b23c02e80457ecca364a5148d3e22f21c	False
5EW7	/storage9920/home/tinghao.xia/pdb_data/5ew7.cif	272387	0d81d7e4f0cbc1a19f8256480de8df2c44f5a783965ffb2f69e3278f563cc4cc	False
5FJ0	/storage9920/home/tinghao.xia/pdb_data/5fj0.cif	269890	858c79192438baa4755ed07705053be017f32fdad176b05cac48104f7ac1984e	False
5FJ1	/storage9920/home/tinghao.xia/pdb_data/5fj1.cif	847834	1b16b784144fea1c4ab2417f5ed5b4e6578123394b1909f0d497657fde60e0fe	False
5FJC	/storage9920/home/tinghao.xia/pdb_data/5fjc.cif	576265	47715710fb1cb298b1dfcb03fc1f0c9482261d67c5ddbeecc0452e2851d7bce3	False
5FK1	/storage9920/home/tinghao.xia/pdb_data/5fk1.cif	459520	873b3e4508d7f72f6eb6e4e174c6bd1cf854d1435182dc10f97cd9b82341ff82	False
5FK2	/storage9920/home/tinghao.xia/pdb_data/5fk2.cif	455976	1930455c689f50edfdea3239c6d213c50f7fc92584f9c58a620a045cde814dce	False
5FK3	/storage9920/home/tinghao.xia/pdb_data/5fk3.cif	461919	d60a773e2a09a04b0f13dca6a6221bd3a00e70787f740ae3771478f00af1a861	False
5FK4	/storage9920/home/tinghao.xia/pdb_data/5fk4.cif	470277	74dc15d3e94cd3269f78a0785c2ce10e2191532edcae8bd2d0eb062045716896	False
5FK5	/storage9920/home/tinghao.xia/pdb_data/5fk5.cif	446971	eeef2ff09aa3a3162af05e6369dd8c6739c6bbf8cbaa680d0b756f2b63d8eb36	False
5FK6	/storage9920/home/tinghao.xia/pdb_data/5fk6.cif	449855	af9d74131e46c79ce48e696b506c2fe7b92485a1f77f67a48e3df88986b53ea6	False
5FKD	/storage9920/home/tinghao.xia/pdb_data/5fkd.cif	445805	ff0b5a5df3d199c97345cf356a596b9ec5d5a3cdf4497f702b8648a030cee29b	False
5FKE	/storage9920/home/tinghao.xia/pdb_data/5fke.cif	448785	fa80cb04af3b77688e67ad66591a22fa1e562799a1867152cd100473d73caeac	False
5FKF	/storage9920/home/tinghao.xia/pdb_data/5fkf.cif	450690	3f9f62c5e00b80328f64d3bc6ed97faefcc4c381824e9a2b079d8bf9a302f877	False
5FKG	/storage9920/home/tinghao.xia/pdb_data/5fkg.cif	453681	d94cdbc657d3528f5a30a661c86b10a8f9e929743405b5af95e59417302116e9	False
5FKH	/storage9920/home/tinghao.xia/pdb_data/5fkh.cif	452922	a363661321dad642ddacef95be45fa26520cd079877b82dfa35364188793dc3d	False
5G2Y	/storage9920/home/tinghao.xia/pdb_data/5g2y.cif	1297736	546aa24dfb0e8e5df3ea6ffbcdb31df5b0a989d59cc023205d17ff6b920051e2	False
5G4T	/storage9920/home/tinghao.xia/pdb_data/5g4t.cif	108445	36dc75d53dc5a2a9003ee4b76bb4ecb347a1e14fe5fbf6ac853ee36c3e575a21	False
5HBW	/storage9920/home/tinghao.xia/pdb_data/5hbw.cif	96045	f0d2eef776ff6f6bba16c78d42f4bcbdf646cb8a7e15e0ccf5b5349bc70a1e15	False
5HBX	/storage9920/home/tinghao.xia/pdb_data/5hbx.cif	225932	09ec5a821a9de5e2297c03e18025394a8033fed3f143c28e8fa772e8013fdbdd	False
5HBY	/storage9920/home/tinghao.xia/pdb_data/5hby.cif	110677	28bd14e127f777c2766bfd9603490e69e0aaf6a9dabb82329306bf5b4c6badcb	False
5HN2	/storage9920/home/tinghao.xia/pdb_data/5hn2.cif	308572	def94973408a6bfb52e14e3e0f9b2ed8dfec9f4c4e8ee8ae12b1ef2f9fec37b6	False
5HNJ	/storage9920/home/tinghao.xia/pdb_data/5hnj.cif	319182	3e7d608d5c8e0ce327967f073ddfe880adc2c4103381751fa45a9178161caa17	False
5HNQ	/storage9920/home/tinghao.xia/pdb_data/5hnq.cif	475447	6b00e8f2239b1f4603b4bd3c3733c327fa22d93ca55e2aeafa417e3ec7eb2400	False
5IEM	/storage9920/home/tinghao.xia/pdb_data/5iem.cif	1630478	20fdb2b7b9c95f9850421a9e67fd0a264de2d2cf6a0f0da93ff3e58eaf3b28ff	False
5J01	/storage9920/home/tinghao.xia/pdb_data/5j01.cif	1918200	fc2d8d1f804e5c22a6743c98698497782f5d2c7343696ece9359372d81103645	False
5J02	/storage9920/home/tinghao.xia/pdb_data/5j02.cif	2006754	28dd5857b1460ac42060e67830c535095f82073d7a8ca2ec0547103d8f56c0d6	False
5K8H	/storage9920/home/tinghao.xia/pdb_data/5k8h.cif	59221	e37b705df234386de6f53e85919541f8cc489668fa4d81f310c1845b8b9de20a	False
5KH8	/storage9920/home/tinghao.xia/pdb_data/5kh8.cif	2628579	7748e54f76263e4b59357a2a66ab10b54eed8db5a20f8aecc4ecec80e38ff363	False
5KMZ	/storage9920/home/tinghao.xia/pdb_data/5kmz.cif	881825	4a535ba57e48d3167c067ef83e24dea8d95fa15e7943372b7da45462ce0e12d7	False
5KPY	/storage9920/home/tinghao.xia/pdb_data/5kpy.cif	262716	69eec058447d6edd218d0b98a70e322ac8dcbdc152a32e80f684afd69a0ba4eb	False
5KQE	/storage9920/home/tinghao.xia/pdb_data/5kqe.cif	2007394	4ff269b1db36be389d330758636033874bfa920e3123d5ec62384a192c51762a	False
5KRG	/storage9920/home/tinghao.xia/pdb_data/5krg.cif	212072	8d3beb4c2f279c20e27801561c521de5068ea2bfdaac357b36d10192168293d5	False
5KTJ	/storage9920/home/tinghao.xia/pdb_data/5ktj.cif	667840	d33b43635d84ae5da4947a9a38842c470adebe14d6e0e23dce136128456be395	False
5KVJ	/storage9920/home/tinghao.xia/pdb_data/5kvj.cif	182433	9709d48afa939bb84e6deca27de1253e14563ef6b0c4b1104408487a3fd9f2dd	False
5KX9	/storage9920/home/tinghao.xia/pdb_data/5kx9.cif	307331	d155de2d9726c318227f6a8da48a6d356cadd82e47953f103fbf3c00a05ecef5	False
5L00	/storage9920/home/tinghao.xia/pdb_data/5l00.cif	233860	d6184954c337bf4a042cd9dbea0d387a24c53a38353afc29253243bcc6aa3939	False
5L4O	/storage9920/home/tinghao.xia/pdb_data/5l4o.cif	381338	a43a47bb99da6832c8f1ef8d3405730b2921fb3b6ec7aecd208e27adcfdcae4e	False
5LQO	/storage9920/home/tinghao.xia/pdb_data/5lqo.cif	136281	c78cc23c09119c1026562db5fc22d91ebbf7987348b7cc0e42e3f0830a02a8d9	False
5LQT	/storage9920/home/tinghao.xia/pdb_data/5lqt.cif	158400	ae51e7c52788dcf346714b9e20524c85d342409acf963e843cb243d215c0a027	False
5LR3	/storage9920/home/tinghao.xia/pdb_data/5lr3.cif	141554	308e82a68aabfcfca47ffb7f6760c689029b42d33981f76fd730b045662a1219	False
5LR4	/storage9920/home/tinghao.xia/pdb_data/5lr4.cif	286114	0770708a2c1bb419241e7826c2aeb428384119e6942df55a4b61c5891d838b45	False
5LR5	/storage9920/home/tinghao.xia/pdb_data/5lr5.cif	218838	e2eb8d1efc0629a833d408aad63b63b58c9ac4ba8e11126ce15d6004995a4278	False
5LSN	/storage9920/home/tinghao.xia/pdb_data/5lsn.cif	861788	3074a4981b56e3d8d9a44d399ec2fc471584aa4878e96678f047a6fc50ee550c	False
5LWJ	/storage9920/home/tinghao.xia/pdb_data/5lwj.cif	1166031	2fc368c46447138d28751de028948280b4a73e618ad436b709cb44479e6f6f88	False
5LYS	/storage9920/home/tinghao.xia/pdb_data/5lys.cif	621678	3b860267f388d5351b1659cfd4d57ac1fccc0d32d88849cc0d26f10c4e6f4111	False
5LYU	/storage9920/home/tinghao.xia/pdb_data/5lyu.cif	614253	5554d33693833bad1b68a0f233389366c36b551fb7ecec6d8fa758f997658f91	False
5LYV	/storage9920/home/tinghao.xia/pdb_data/5lyv.cif	612081	94fa6eb1dd080f6a232e2df58da92d8fb24ce1cd8f6df729def3936c65e71403	False
5M0H	/storage9920/home/tinghao.xia/pdb_data/5m0h.cif	141448	2e6403ea0c0f3de67805f4a7618d4131e6c0c4897617f7120f45fc6a2f6ab638	False
5ML7	/storage9920/home/tinghao.xia/pdb_data/5ml7.cif	513663	65aeb18d13df4c2ae5f0a109762413f6ec49e2bdd41c667a6b774e2d533038bf	False
5MRX	/storage9920/home/tinghao.xia/pdb_data/5mrx.cif	251096	eb6412c7be8acfa9250430ec86b63eae31f41440fcb1c9bdd00233f17b1dc1ac	False
5MWI	/storage9920/home/tinghao.xia/pdb_data/5mwi.cif	187293	d5724b71b035571e3fcab88ade9c036eb4f2fccfa7f46d7dbaab7ad2c3129710	False
5N5C	/storage9920/home/tinghao.xia/pdb_data/5n5c.cif	2141029	b16807379af989855d14e24fc13d9286aaf4673b21050200b546ea0d87f2cb6a	False
5NDH	/storage9920/home/tinghao.xia/pdb_data/5ndh.cif	418176	4259afeb8ed30a51858c9f3a884af76b92cf1e4fd39c7e8cfb9ba60718d01099	False
5NDI	/storage9920/home/tinghao.xia/pdb_data/5ndi.cif	485225	ec7ca0c9b9f263e65d372264cfe67dbcc0d0686a73fc0b130ae3d4772af71cab	False
5NEF	/storage9920/home/tinghao.xia/pdb_data/5nef.cif	161280	5a7d284ded1046618c09c3325dd32d9a71633391344982705a95c5627f82d08c	False
5NEO	/storage9920/home/tinghao.xia/pdb_data/5neo.cif	152617	5ff56811fa0902baa413653ee13192f414c1bf8a4e5315aa79be44e7bdcacb97	False
5NEP	/storage9920/home/tinghao.xia/pdb_data/5nep.cif	164972	0d0bba51a3f39a45821ea7617ec1d065bb31c8bdd188474e6ae561e0279dcb68	False
5NEQ	/storage9920/home/tinghao.xia/pdb_data/5neq.cif	164391	19654667cddad33264b25cb701a1655b75ec216bdde973ea536029a3cc7d1a68	False
5NEX	/storage9920/home/tinghao.xia/pdb_data/5nex.cif	163849	ce002b5f4dd8c21442ebb488d68133edd85b7354fc0d9a0f5430df304434864d	False
5NOM	/storage9920/home/tinghao.xia/pdb_data/5nom.cif	153345	3e2a4800efca6ec6e0d05ee8a20a117b85e90b610067e540161557bec4b91d6d	False
5NQI	/storage9920/home/tinghao.xia/pdb_data/5nqi.cif	251277	1731f66785bfa99c1d5a0e0101f9d73c487e9720de5dd27df2c66a6cfc8e35aa	False
5NWQ	/storage9920/home/tinghao.xia/pdb_data/5nwq.cif	521612	10ed8307b632f975370bb07c41210590d59fe84f28f8521913d7f2531281b8c1	False
5NXT	/storage9920/home/tinghao.xia/pdb_data/5nxt.cif	170381	af081e012d2bf15260c57efbfed2d4b81efab3405d07c902ad40a3c504eb1b5e	False
5NY8	/storage9920/home/tinghao.xia/pdb_data/5ny8.cif	500939	bd5db139df7c679927eb97a9209c480bfce4a7b4da802e78786f73c883e81268	False
5NZ3	/storage9920/home/tinghao.xia/pdb_data/5nz3.cif	504046	b356326f883dd40d79046bc314a370711890abf5862a74524dbc2c9e12781519	False
5NZ6	/storage9920/home/tinghao.xia/pdb_data/5nz6.cif	273605	09e8bbf17b10eb489e54414863aa0c3901f56ae864d157eb549c207228e44546	False
5NZD	/storage9920/home/tinghao.xia/pdb_data/5nzd.cif	419059	c2d3bdf16cc3e85c6ad503807612436681971b78ab342c059f109d34a1c8e9b1	False
5O62	/storage9920/home/tinghao.xia/pdb_data/5o62.cif	389021	704e4ac3948946b480e99a5009751e78b30aa3697a7693ebed282a83088d1e23	False
5O69	/storage9920/home/tinghao.xia/pdb_data/5o69.cif	476714	27ae1ece7d7a68370e0d4360fc01d1312cb0556319a4be8bd82a6e8dfbacfad0	False
5OB3	/storage9920/home/tinghao.xia/pdb_data/5ob3.cif	358937	c64608f638bead4e5bcca5f162fc72953ed6f9af609b773e3b8a1f8c4a82bec2	False
5OR0	/storage9920/home/tinghao.xia/pdb_data/5or0.cif	729197	8757cfb04a15bf2233df0620c776b54d77d3aa49d5a9e3a79ee106d9da2559b1	False
5SWD	/storage9920/home/tinghao.xia/pdb_data/5swd.cif	605407	7d6bb5fb3b763b99728b64fd0b9d7c26c4ac8c170c50d29badf120636751dcbb	False
5SWE	/storage9920/home/tinghao.xia/pdb_data/5swe.cif	204886	fa09a7226a81d122a81937bdd24dc12b219896c768f9c7978d47b32e325d4976	False
5T3K	/storage9920/home/tinghao.xia/pdb_data/5t3k.cif	213279	ffd2c5e35acb62b1a66e1562ee56824c0cefee5cbfe57adbde17d93c8cf06983	False
5T83	/storage9920/home/tinghao.xia/pdb_data/5t83.cif	275507	a1bdc770fd7bc85dae2cd300fb4694c457dc988b16e3832e2276cb59c51c0971	False
5TDJ	/storage9920/home/tinghao.xia/pdb_data/5tdj.cif	152075	3edd94448ee37c1d69aadcb1a938dabcaee69af1a26644fac18cf2fb31e41ca1	False
5TDK	/storage9920/home/tinghao.xia/pdb_data/5tdk.cif	155052	2592efcdad5e571475bc6bd1a891b6d46ca556c69a38760458a036ee4665a7cd	False
5TGP	/storage9920/home/tinghao.xia/pdb_data/5tgp.cif	90843	ba04488de08c4acb62a3d3e647d536038a41927a95484b0c3a6b8fac56d22a53	False
5TKO	/storage9920/home/tinghao.xia/pdb_data/5tko.cif	184920	fd4291d8c9d8a2080eaf9dfa40206b5a63855b05970fae6af28332ddbd4f8bd5	False
5TPY	/storage9920/home/tinghao.xia/pdb_data/5tpy.cif	217159	df4132cac2d20eb4114d6a5942a04ba10e4acad766d4b2363a3622db6d31eb1b	False
5U3G	/storage9920/home/tinghao.xia/pdb_data/5u3g.cif	365153	956c0be35fc502cd7cef4412f9e1df943374c74823ecd85c4e147d8ae630a9d2	False
5UED	/storage9920/home/tinghao.xia/pdb_data/5ued.cif	140609	c5fde2cac57d9c1d393b1fe877187c1618a8146c18d414618d474615d0b11c98	False
5UEE	/storage9920/home/tinghao.xia/pdb_data/5uee.cif	145993	b3f1e7c8acf310af6284a615f9a395b11a5d57c125e6895783afcce15c2571cd	False
5UEF	/storage9920/home/tinghao.xia/pdb_data/5uef.cif	124439	839ff71618b9871d45a28a96162770e91c58c3f2be2300ffec8597c3af242dcf	False
5UEG	/storage9920/home/tinghao.xia/pdb_data/5ueg.cif	224745	ef66da017f483e58d87e4b0cbd3486f81f162f8bba50c1d44c43eae63327737f	False
5UF3	/storage9920/home/tinghao.xia/pdb_data/5uf3.cif	534563	ec48e339d82d0780c35043323b01dfd4c9d0861cb0e7976e31c4e5a0b329144e	False
5UNE	/storage9920/home/tinghao.xia/pdb_data/5une.cif	288219	b3e78e143f70f36a103c1a3de634a7d508fcb998a1be48d428979f3768d5875c	False
5UX3	/storage9920/home/tinghao.xia/pdb_data/5ux3.cif	139127	a88c1c7d9b58619f20951d829ffdacd90022f2a80d3abc70b1c04f99dc61f71f	False
5UZ6	/storage9920/home/tinghao.xia/pdb_data/5uz6.cif	283567	754098e2d453480cda2fe2804693dc96c6784ffa8ae6ea9c636b2b01f032fa27	False
5UZA	/storage9920/home/tinghao.xia/pdb_data/5uza.cif	452216	1264eb0aa68b88ad3cee9261fc8d9083e719de2f0d2c36c8de89c5087ffe4409	False
5UZT	/storage9920/home/tinghao.xia/pdb_data/5uzt.cif	891714	2f0010957d635b67b6a5814b116af79d1681938331987e236a0bf8098a0712c6	False
5V0H	/storage9920/home/tinghao.xia/pdb_data/5v0h.cif	140756	dd9d69dbda74249757611935fa8feb50f4ba2ca5191e877987a24a07a772aee2	False
5V0J	/storage9920/home/tinghao.xia/pdb_data/5v0j.cif	150487	588f4d64101e0233310d640310fbfbbe0d4eaa093327adb0281b3dd7c3bc3d5f	False
5V0K	/storage9920/home/tinghao.xia/pdb_data/5v0k.cif	106095	4083e60adb65f3f0b3d71a5eccd81bc54bc7ae63371e922e3aca1da6bcede788	False
5V0O	/storage9920/home/tinghao.xia/pdb_data/5v0o.cif	135432	37968163dae733718eabea33e989aa2d10cbb975f55012e48e97cc7aa6da0620	False
5V16	/storage9920/home/tinghao.xia/pdb_data/5v16.cif	1233985	4e93a136d64b924e39b786a6839bf32603c254833c7b1e3ac8a51bc0d353a9ef	False
5V17	/storage9920/home/tinghao.xia/pdb_data/5v17.cif	1237214	b718da976d864b6eb5030488140b91cc1fbe6f83f611d374b98df4b51a359247	False
5V1K	/storage9920/home/tinghao.xia/pdb_data/5v1k.cif	189692	00f0c359d6562e82b4ce69a423827d7e37335eab28c170ae2cda4aa470862c93	False
5V1L	/storage9920/home/tinghao.xia/pdb_data/5v1l.cif	366932	7799465e7f8e0285d58cf2232a63d4aa09af57fcc98e48ea2317a2e75c73bee1	False
5V2H	/storage9920/home/tinghao.xia/pdb_data/5v2h.cif	289350	b752c2ec6f21d6ce81cde5f0ce87086f3d822034fa25bd6bedc8b04ae4fe1a04	False
5V2R	/storage9920/home/tinghao.xia/pdb_data/5v2r.cif	2959591	1f38e522b9dd1781284a4205d3a05cc09c55e8911174fbfaf2258230bf92fdd5	False
5V3F	/storage9920/home/tinghao.xia/pdb_data/5v3f.cif	348802	b11a2ecb9f204738653ad9e572feb80007cd95e67223438c22630e87f2fa7f4a	False
5V3I	/storage9920/home/tinghao.xia/pdb_data/5v3i.cif	468485	fde9e73fd6e8814c56ffaa3792a04053d2faf3a52c6e43786a3e0ad1209eb97e	False
5V9Z	/storage9920/home/tinghao.xia/pdb_data/5v9z.cif	131455	2c3ab9706c881bf83c6986fa836635ec84e71576573eea288af275638052d62e	False
5VCF	/storage9920/home/tinghao.xia/pdb_data/5vcf.cif	130057	f641894c16a629549cf74b1918ca876c1d4e324d0da1944faf8370bef10ed776	False
5VCI	/storage9920/home/tinghao.xia/pdb_data/5vci.cif	130563	0dc9462d5957763d2a876d026d36ed57e2602e38e02bbdba2e82fcc3585f760c	False
5VGW	/storage9920/home/tinghao.xia/pdb_data/5vgw.cif	128461	7d00860c32c4c3013990793e16bace69e6d8bde28f6ff302507af85644a1f1a2	False
5VH7	/storage9920/home/tinghao.xia/pdb_data/5vh7.cif	1770754	6ff0370bb1d9ff765c120fff66619107c9bf6daaab71584c7211fa57b7595fc7	False
5VH8	/storage9920/home/tinghao.xia/pdb_data/5vh8.cif	1717026	9cd31601c28124a30536a180fba4762d9e90f8108e9686a0248c7fd6012f6e12	False
5VJ9	/storage9920/home/tinghao.xia/pdb_data/5vj9.cif	249524	12ef87ad371ec0ea605ef73c5bfb68e0a6b60976516d1aba64b5635e8ae03a6e	False
5VJB	/storage9920/home/tinghao.xia/pdb_data/5vjb.cif	222393	4f5951149ac0a9e3ab8d11c08b08170ab3c2acd3cc591e5be0a48067408bb5cf	False
5VR4	/storage9920/home/tinghao.xia/pdb_data/5vr4.cif	238885	0be160528af852e567c7d59105ce4bfdf81321e322fa77d07866b264033fec04	False
5WQ1	/storage9920/home/tinghao.xia/pdb_data/5wq1.cif	1321219	0ba96b9e3b8dff26ae70e5501021e423386eb05afb5c08a1a0f50b5f4e3ea905	False
5XI1	/storage9920/home/tinghao.xia/pdb_data/5xi1.cif	716278	9a2eebf73bfcb1d51572914bec713186499804da9748617d9511a2e344afd025	False
5XWG	/storage9920/home/tinghao.xia/pdb_data/5xwg.cif	89924	94e4ce4dc8065e764d17e8a2da83e48350f402a8559f646d1824198f4d50a9c0	False
5XZ1	/storage9920/home/tinghao.xia/pdb_data/5xz1.cif	255293	8c6a3c88fb04516434fce2fb3320d62a604baea0a48784bff89a7fb6c92a2bb3	False
5Z1H	/storage9920/home/tinghao.xia/pdb_data/5z1h.cif	159559	d8d7c51fe628bf6c889378436c5c9cf8c5ba143d06cee4098c88452050d3af8f	False
5Z1I	/storage9920/home/tinghao.xia/pdb_data/5z1i.cif	118083	bc9054bfbd27db2d98aec0d73ce932f0377eff746a08e84cbe7b65110018a945	False
5Z71	/storage9920/home/tinghao.xia/pdb_data/5z71.cif	145383	bde3d6830a0e7249e99f9c0701c2c1aca2c2a63b3fc522785730272389914b56	False
5ZEG	/storage9920/home/tinghao.xia/pdb_data/5zeg.cif	215658	46129374bdbb1d6218876b238534a7db4b7e3d5165ef685e55eaeaaeef6d7357	False
5ZEI	/storage9920/home/tinghao.xia/pdb_data/5zei.cif	176035	896c7fdaea251f422dae6ab50a5afa543287081f2dc2dc4f209b497ffb6f55fc	False
5ZEJ	/storage9920/home/tinghao.xia/pdb_data/5zej.cif	159017	2c2ff4d4923a7d52f723769a4c62fd1865015a25d7e77853d3925b5dd0ea7849	False
5ZEM	/storage9920/home/tinghao.xia/pdb_data/5zem.cif	150583	b4dd5996594878a788d0b8866ad37501351422cf5d301b30bf927ae3ded11057	False
6AAS	/storage9920/home/tinghao.xia/pdb_data/6aas.cif	1644512	6657417db5353f0b15003392e370c812482c1552ac2f688153d22be4029c3889	False
6AAU	/storage9920/home/tinghao.xia/pdb_data/6aau.cif	1528120	ae52c37a45d94eb4a96a0eb3cd4cd48c3c9cf27660cfb31447ba1770ede0da16	False
6AZ4	/storage9920/home/tinghao.xia/pdb_data/6az4.cif	144789	3453bdddfd4c69d2fa31261c0bbf4960ae00a232a827bd3289ba2e900f7e41f9	False
6BFB	/storage9920/home/tinghao.xia/pdb_data/6bfb.cif	524210	fbdf79e26bb29896976e8ba19643ce07a38020f23078a0f6c3e49d2b5af6811f	False
6BG9	/storage9920/home/tinghao.xia/pdb_data/6bg9.cif	5579813	650e940a2816ee1eb54305cae98180e1c50dab5f87922b717b1cde1233bc993f	False
6BGB	/storage9920/home/tinghao.xia/pdb_data/6bgb.cif	254101	69ff047056413a381bc3ef5e84cd9877baac4b106c770119d7abbafafa2d8e1e	False
6BJX	/storage9920/home/tinghao.xia/pdb_data/6bjx.cif	1476416	6cdf79d62ce0e07e74852879bd9e8099d1f3e74115f625f54f14bc11ae173221	False
6BMD	/storage9920/home/tinghao.xia/pdb_data/6bmd.cif	286238	47cb1af9d01bebee1654f87404f39dee6936da4f9d188323d0c518036d3d069d	False
6BY4	/storage9920/home/tinghao.xia/pdb_data/6by4.cif	880985	c0a5349550004b24405f717978d9b00aa907f5680d7ce1dfc967b55adfbbf8a5	False
6BY5	/storage9920/home/tinghao.xia/pdb_data/6by5.cif	453413	a2a53338a8787d152a5115a4b53ffccd0529ff438b549d39a9fecc50cdd913bd	False
6C27	/storage9920/home/tinghao.xia/pdb_data/6c27.cif	446708	33a3c01e067069069387506af3bab3665b5a7f11b77ee6360a83e475fbd4a1f7	False
6C63	/storage9920/home/tinghao.xia/pdb_data/6c63.cif	365723	515c86fd477d698f907e3e596841c61b60067a42ec0deb9751bd6ed676016752	False
6C64	/storage9920/home/tinghao.xia/pdb_data/6c64.cif	351929	b28808bbfc12eb44699d340e4867c82a5d26685244f1914ff2e2acb4cf36f384	False
6C65	/storage9920/home/tinghao.xia/pdb_data/6c65.cif	372103	17fcb9b4cb2be694fcb4049a81f5ebe897b46fd247c26c3af6595cc9ca90782d	False
6C8D	/storage9920/home/tinghao.xia/pdb_data/6c8d.cif	164076	a95f1e9ef1593b6c49d22c483760b08694ae61e0cdf9a44720a1dd325235b5e6	False
6C8E	/storage9920/home/tinghao.xia/pdb_data/6c8e.cif	131601	5f8e77054ff4d69eabab6ff4d71a16721563417f5ae961cae57ae7d29c1353fc	False
6C8I	/storage9920/home/tinghao.xia/pdb_data/6c8i.cif	141630	772d89cd915c261340926898005947f4a266e01060adad0241b6ac050db401d2	False
6C8J	/storage9920/home/tinghao.xia/pdb_data/6c8j.cif	163072	630f601095ab93233871dc217fa2f0b4214dce73371f8d7a17cd551686c92314	False
6C8K	/storage9920/home/tinghao.xia/pdb_data/6c8k.cif	150373	5d68ca784fcf47f69ad397865b2a73ab8685f55a004f62d934d5571e479ca3dd	False
6C8L	/storage9920/home/tinghao.xia/pdb_data/6c8l.cif	144778	6519c0f30a219d8b0a4602f11b5c0ccc5b489d2b37ba9893952660265c97f14f	False
6C8M	/storage9920/home/tinghao.xia/pdb_data/6c8m.cif	164925	a2fe991b59fc251e4724c1a638c4fdc0883bc166a1b314078cc871ce9d8b2108	False
6C8N	/storage9920/home/tinghao.xia/pdb_data/6c8n.cif	179848	7217c37302b355787132b2e83fc59618fcd849699a92389706801a1f2dab7ca9	False
6C8O	/storage9920/home/tinghao.xia/pdb_data/6c8o.cif	150169	de659d64f44ae06975737b8d0ad25328d8a6455a6ad60def9abb581f325f34ea	False
6CAB	/storage9920/home/tinghao.xia/pdb_data/6cab.cif	137326	f6a56aa7c4d5a77459c1c44513d38ab3477beee44e32200dc2354725d7480264	False
6CB3	/storage9920/home/tinghao.xia/pdb_data/6cb3.cif	1013373	7751445037d6f2cbfd5546fb3ebd677a4c2e4850e9d70650552cbd2c8e34a776	False
6CC1	/storage9920/home/tinghao.xia/pdb_data/6cc1.cif	532481	5d81726e02a62b3c50367a010dc7a1a00819a72f8c3a0169ffe2deb7f6fc5047	False
6CC3	/storage9920/home/tinghao.xia/pdb_data/6cc3.cif	886792	dbe12a5672d4def2ed58c04882f38fb986b5e6f605bc73de9f88101c5688478e	False
6CHR	/storage9920/home/tinghao.xia/pdb_data/6chr.cif	3015615	9e169918d19b6434cdc62ac21b46992fadf289f08e12b6f4138b84797ed88a0e	False
6CIH	/storage9920/home/tinghao.xia/pdb_data/6cih.cif	3084533	a957f34776912ddc2fb5d75ba29a8a5a71a0fd166cc519577efd4c779b3492a8	False
6CK4	/storage9920/home/tinghao.xia/pdb_data/6ck4.cif	1116592	8d6b12f310e432df69906195d410be5ff0bd67c32e82d4ccc6036c009d05b2b7	False
6CK5	/storage9920/home/tinghao.xia/pdb_data/6ck5.cif	581866	293e0ccbe5f1bfbfb5342fb1c80f83cafbd1f446246c3611deb59a15ceb21132	False
6CU1	/storage9920/home/tinghao.xia/pdb_data/6cu1.cif	402922	0cdeb7e2304e1f087913372f9490a7ceac04dea21095a1b4455e1fc254cc71f9	False
6CXZ	/storage9920/home/tinghao.xia/pdb_data/6cxz.cif	148036	28f81b00108c64a02247b16a06a105913bf25a1068dfc1c29a5e7c1fafc9be9f	False
6CY0	/storage9920/home/tinghao.xia/pdb_data/6cy0.cif	280989	707943fda16dcf2e0aa6e40ae4dafcb7ce6efd6fde910019ec2e8894ef7c2d9b	False
6CY2	/storage9920/home/tinghao.xia/pdb_data/6cy2.cif	139744	1d9d4e785f8b1cf853c769cfdca1a27d2ca5a153746c89b5fdcae7f4dec97eee	False
6CY4	/storage9920/home/tinghao.xia/pdb_data/6cy4.cif	383800	6c6a3af070761ad73641e5ef24eef230594bb7eba2265a1d5309de4ee444e5e9	False
6D3P	/storage9920/home/tinghao.xia/pdb_data/6d3p.cif	157396	78ce072b76e01d3b0365e4744fe9982cc218f99c65283f5e384f19d25c1fd8e3	False
6D8L	/storage9920/home/tinghao.xia/pdb_data/6d8l.cif	1515772	af4c67444b69ef29c220d7554cb2d9718af64933a3b7dcae77499b9bc6fda929	False
6D8M	/storage9920/home/tinghao.xia/pdb_data/6d8m.cif	1483805	e25716ef6014ac5548d9c7a753cb008965e22b355d25113e68e3b487f405c109	False
6D8N	/storage9920/home/tinghao.xia/pdb_data/6d8n.cif	1494520	9f9638175e3d4accb343f780c19294fea1af1b3bbe4a726fc660555297075ccd	False
6D8O	/storage9920/home/tinghao.xia/pdb_data/6d8o.cif	1479416	0ac9a99392d6e374272aa5a281385756976994ecb326ddcfc7d4db6322ed02e3	False
6DLQ	/storage9920/home/tinghao.xia/pdb_data/6dlq.cif	325946	6558171bdbc05e6ebeb81f0b97fb7d2126eab9036eb7475eea8498bb7024ab6c	False
6DLR	/storage9920/home/tinghao.xia/pdb_data/6dlr.cif	334678	f452c4deb7c28823e99d14e5b507ad36e613eb9adfde929c6f689f187ba62946	False
6DLS	/storage9920/home/tinghao.xia/pdb_data/6dls.cif	324264	c6242781dca5e7e0f46626aedcd324d7bfa2831b9c8840530462ccce51ad08b1	False
6DLT	/storage9920/home/tinghao.xia/pdb_data/6dlt.cif	322125	207d4875cae624393394399802f55140046fdd7e0be2545bea3315faae947b48	False
6DMC	/storage9920/home/tinghao.xia/pdb_data/6dmc.cif	631789	c841f09fe60313605d6da757cce4247ac155293264fc2296927dde4dae17e882	False
6DMD	/storage9920/home/tinghao.xia/pdb_data/6dmd.cif	579583	24a25863565fe82d7ba0fbc819c513acc3257348e224335c44c258b96c2f49fc	False
6DME	/storage9920/home/tinghao.xia/pdb_data/6dme.cif	319902	7fbb45d13b84b5ea8b52398ee376b569f8041441fc4b886d871ac25a1e743961	False
6DN1	/storage9920/home/tinghao.xia/pdb_data/6dn1.cif	320147	406557b4063178f7947dece67e52c15a558df871cfb903b83b3c4d8de21ed1fa	False
6DN2	/storage9920/home/tinghao.xia/pdb_data/6dn2.cif	512515	4d7d65465a2f8d71cf7b89457d4d95fb05c754aa33f16d4489f6bde376c72250	False
6DN3	/storage9920/home/tinghao.xia/pdb_data/6dn3.cif	315042	49cb0ae2f46f63cae2485a02087ba56fdbbbd5403c2b6a4176720d829fe1bf2c	False
6DNR	/storage9920/home/tinghao.xia/pdb_data/6dnr.cif	524880	beab100eb724ce10ae94c17ba0b11b3f94209541d4846b2e0f1ba8efe83df607	False
6DVK	/storage9920/home/tinghao.xia/pdb_data/6dvk.cif	272351	f17575a6b0b599ee399639c2420b7ba200465ebefea6358a665244b3983aa9ba	False
6E1S	/storage9920/home/tinghao.xia/pdb_data/6e1s.cif	187748	a3c061c45b62dc94ceca53fbaae4174223ba31976cfd10f32bd208139f3ef303	False
6E1T	/storage9920/home/tinghao.xia/pdb_data/6e1t.cif	199777	ce584859741d968403e9ad4100dbe54cd1d807afb1e170bb0bee46c2465b48c7	False
6E1U	/storage9920/home/tinghao.xia/pdb_data/6e1u.cif	189555	f764f5ade328552373059b046750b2da04b14f60b76fd0c9fea12fd22c9da2d7	False
6E1V	/storage9920/home/tinghao.xia/pdb_data/6e1v.cif	180695	0949d5b3139794571472d637daf0019e6b16bbd1c3d1cb92de7026762909ea3d	False
6E1W	/storage9920/home/tinghao.xia/pdb_data/6e1w.cif	196628	40ce504f81513f86870cc0f807e0e78cb8718ffd9e206f8f58c44547a9cd2250	False
6E7L	/storage9920/home/tinghao.xia/pdb_data/6e7l.cif	106248	189321501443d84fa3d80c360bc9fd90a2708497664ab975d15d29db71276af4	False
6E80	/storage9920/home/tinghao.xia/pdb_data/6e80.cif	215248	9012dc4b35eec6290227fab537cea03e4af92cba3305e318f5a4cf2b47334987	False
6E81	/storage9920/home/tinghao.xia/pdb_data/6e81.cif	213032	abd2696686ef110963406ebbde9553a06a7995459d029bdc1d4e0d41c5a0c630	False
6E82	/storage9920/home/tinghao.xia/pdb_data/6e82.cif	211977	2396964cc2c9ecb84622b5ffbb2e25021b82a8b727429a517cb021ea37648648	False
6E84	/storage9920/home/tinghao.xia/pdb_data/6e84.cif	212332	3220c532bcccf95fc24d8e54296cd95f40e2e0842a7d4b4007b7e392b972426d	False
6E8S	/storage9920/home/tinghao.xia/pdb_data/6e8s.cif	271046	c35be3729d0e02e982446564ae0446a820fcbfea5d700eae9a84249a6f9b4871	False
6E8T	/storage9920/home/tinghao.xia/pdb_data/6e8t.cif	445269	5e6f751b702afba0f5eba79529989d3c1426f52671a978567c29579d57bbade1	False
6E8U	/storage9920/home/tinghao.xia/pdb_data/6e8u.cif	209964	706731f95c4b1989cd2bbc2bc470fb9922687d3b5c04e6840726ca2da86b12d1	False
6EZ0	/storage9920/home/tinghao.xia/pdb_data/6ez0.cif	1659971	498570998eb7c4c4f9ffc446cd9f8f3a90849b7d6af7fa7240ed82145a6cc8bd	False
6FZ0	/storage9920/home/tinghao.xia/pdb_data/6fz0.cif	265318	cd284241a13d885eddaa724ef60806ba0dbed956f0528a89e8a5ee87799eedd2	False
6G7Z	/storage9920/home/tinghao.xia/pdb_data/6g7z.cif	920774	3231a25719e733bcfdd214c981fc969c94aeec1abb0a80f476f6413d91cac9ea	False
6GE1	/storage9920/home/tinghao.xia/pdb_data/6ge1.cif	1189496	c3a6ca80b91e9a706b2d12b71a07fc08fcaaa63299db761f3ab346336b111781	False
6GYV	/storage9920/home/tinghao.xia/pdb_data/6gyv.cif	566084	dccea0a0a33a411e460cb4e5e7832d2c7b6a4905c3d2fc99774659bc50532672	False
6GZK	/storage9920/home/tinghao.xia/pdb_data/6gzk.cif	1560860	f4b5d98649683743c44f106d5fc9880fcf74a85dd10e8f95182d591f8a9ef0c7	False
6GZR	/storage9920/home/tinghao.xia/pdb_data/6gzr.cif	1544587	0e6593effb397e98c02fb8dcc04fe378142893304424e5ab98b9ff54f974fcd7	False
6H0R	/storage9920/home/tinghao.xia/pdb_data/6h0r.cif	371968	1386cfcce0795655eca43fe3181104320ae3ab4688d8374859721d5c9353bdea	False
6HAG	/storage9920/home/tinghao.xia/pdb_data/6hag.cif	1414479	da6a14ed4cab54ebde55758c6301d8a2707093d2df334a0b1f6503c700f8a64d	False
6HBT	/storage9920/home/tinghao.xia/pdb_data/6hbt.cif	154932	c1deb76c3c494a13c46940127e00f91a29de78f9921cf7f1e418656a0fa642ab	False
6HBX	/storage9920/home/tinghao.xia/pdb_data/6hbx.cif	131413	9a8d27da26ffe6b98e383a45147687fe6d3477f926a6f9a86a5694b80f1db62e	False
6HC5	/storage9920/home/tinghao.xia/pdb_data/6hc5.cif	141684	19e3475eed5cfbd0120da95f1f2fb7f5c2715e577e6b6098a49abf3cc1ae7b12	False
6HMI	/storage9920/home/tinghao.xia/pdb_data/6hmi.cif	1343804	59556cb971cceec5035540147add5731195cc52bdd33d21e06c91292ea083df8	False
6HMO	/storage9920/home/tinghao.xia/pdb_data/6hmo.cif	1458379	788ac5a63c7698c5be54cc10523249f6cc6b5948d29d0753c3473aa86d56dc89	False
6HU6	/storage9920/home/tinghao.xia/pdb_data/6hu6.cif	356883	3bc60477d5a461d5df5368c48e0906537b4c91a5e788c4bcaae8781218a96fe8	False
6HYK	/storage9920/home/tinghao.xia/pdb_data/6hyk.cif	899548	f2c8f3e027a25de30b1aa80031eb8fe01fcdf6f497d66791f41d393764b29873	False
6I1V	/storage9920/home/tinghao.xia/pdb_data/6i1v.cif	570643	63dd774139309affc070536a056ce0de67c53f7a0109460fc48ec2e635028f78	False
6I1W	/storage9920/home/tinghao.xia/pdb_data/6i1w.cif	570298	d622abe9c9ae4b0bfae41740f917369de097a840ccebf8684dbdbdd1371ca951	False
6IA2	/storage9920/home/tinghao.xia/pdb_data/6ia2.cif	216620	2eab449626fa17d38d72aac8ea86fb27848ce8d8eb19d5619313c5ccfdbd4a72	False
6IZP	/storage9920/home/tinghao.xia/pdb_data/6izp.cif	1041078	19da36c075bb1ae712d4dcf2ae7c93d75d148514439138429a1663e74fc5280f	False
6JBF	/storage9920/home/tinghao.xia/pdb_data/6jbf.cif	270598	a0e7a345661a0de8072d544d0fb36a3e1d19dc91ea5d0e49cc8ac2bcc100a916	False
6JBG	/storage9920/home/tinghao.xia/pdb_data/6jbg.cif	259490	d51e68b0252f7272e39a3531e9c4f32d239743dee353df3c645002a515b9b217	False
6JJH	/storage9920/home/tinghao.xia/pdb_data/6jjh.cif	111034	87554733855a57ee7ddc0c644d25e29ea19647cae8ca27ba132b6b19e1a3b78c	False
6JJI	/storage9920/home/tinghao.xia/pdb_data/6jji.cif	140494	13374af5cce97ac0950bb13b0129112e814f450442cb89bab46d0b1708152efe	False
6JQ5	/storage9920/home/tinghao.xia/pdb_data/6jq5.cif	757738	03b50dcb3a2c615a6ca6460505590bfae49d0738bedbcafb3a2d2479481f3d71	False
6JQ6	/storage9920/home/tinghao.xia/pdb_data/6jq6.cif	387573	7fef0194660a921181aae267ff8da6f1aa0d60e7c501cb7924d7065b8a03bcb4	False
6JXM	/storage9920/home/tinghao.xia/pdb_data/6jxm.cif	280830	acd2404b8044365afacfc8c47b09f45f7dd91db32167741fe04186d8b3deadbb	False
6K84	/storage9920/home/tinghao.xia/pdb_data/6k84.cif	771735	d4ca7e19ae89b15104f714ec3bf2beb50f8fe2041a391dbfd896ad0a36ba33c7	False
6L0Y	/storage9920/home/tinghao.xia/pdb_data/6l0y.cif	160739	70ba8f05b944d2e9d68c0c23f303bc0a8bfdd5b27d55db4a25a1e771b7880ca0	False
6MCI	/storage9920/home/tinghao.xia/pdb_data/6mci.cif	1723910	598db777f5d1676b7f0e6ceaf45ee667b0c7a76c1597a9c4123517dcde3e49de	False
6MJ0	/storage9920/home/tinghao.xia/pdb_data/6mj0.cif	480637	5ac262245212b6c233387232391d215e6d37fcae51bc9e0e0045540ee69960ca	False
6MXQ	/storage9920/home/tinghao.xia/pdb_data/6mxq.cif	1410755	0dd1f1cb6b176d5c58e8be100f8a7e946ad827d9bf0b050f8e55d1525ac663a4	False
6N2V	/storage9920/home/tinghao.xia/pdb_data/6n2v.cif	552832	ab0c09ba85a4d7b1231cb29df91095a33b0a0fc6e8505628448d3fbff3ff776a	False
6N5K	/storage9920/home/tinghao.xia/pdb_data/6n5k.cif	555082	775cb63c6957d44aeacb9f5c037abcf502f70e4f9f0353bde925a0a800747f0f	False
6N5N	/storage9920/home/tinghao.xia/pdb_data/6n5n.cif	556837	3b93dd5831596c9a7a5421f2de0f100d58e84cfcab413495f79780326a1832b7	False
6N5O	/storage9920/home/tinghao.xia/pdb_data/6n5o.cif	601401	03b545f30f0d89086ef82755cd5f3692dfee3d6222ecbe3077eaeaf63f718b25	False
6N5P	/storage9920/home/tinghao.xia/pdb_data/6n5p.cif	604706	2e4c63c7367466ee267d5c9d2058a5ccc0846e74da5480512477e235096f7001	False
6N5Q	/storage9920/home/tinghao.xia/pdb_data/6n5q.cif	639831	b301762260d4a250c06fd034fb21413d3c15012dcb40d00e46e8b0c23e54a240	False
6N5S	/storage9920/home/tinghao.xia/pdb_data/6n5s.cif	611384	331126982b8035657227129b765ee2f978f0482dbb52856e19cb8e2bb48c0602	False
6N5T	/storage9920/home/tinghao.xia/pdb_data/6n5t.cif	597724	7c07087463129643b34683ae52b8d88a95d034b118d5ce4ef4ec4e08cca8c3fa	False
6N8F	/storage9920/home/tinghao.xia/pdb_data/6n8f.cif	1381224	074fb22ed75659052815b666f060862ecb25fc8bab3a894c42564b8d78928e5b	False
6N8H	/storage9920/home/tinghao.xia/pdb_data/6n8h.cif	1168521	55faeb38add82a111e993145e1e74cdfa7aec4be5d2b2dc393786232258ca218	False
6N8I	/storage9920/home/tinghao.xia/pdb_data/6n8i.cif	1381714	8a9307779ee39b8029632a186f6da8ada11dd8d3561885a35c5b0a22ab2beb95	False
6NOA	/storage9920/home/tinghao.xia/pdb_data/6noa.cif	1576186	9befd8be0d95e03065354ae34091b6512b59056e25afd96bc9fe6681601baedf	False
6OD9	/storage9920/home/tinghao.xia/pdb_data/6od9.cif	357071	f14ce87bfb793d987e7f56ac61f74ef1905733242a12a5a0010b096c12600331	False
6OL3	/storage9920/home/tinghao.xia/pdb_data/6ol3.cif	630588	35dd3a988e1a486b3b7c8d236186fe609732f4f483baaa4dde211dc4be395b42	False
6OWL	/storage9920/home/tinghao.xia/pdb_data/6owl.cif	97518	ce506d12805a5a803e47d00c4e8a32c2085bf68b586e347ac652bcb1039073cc	False
6P2H	/storage9920/home/tinghao.xia/pdb_data/6p2h.cif	230898	bbf9f0b5f856941b76bc8e8dbe401f94a971a15f8b21abe4fb749e9c5ecc6abe	False
6PK9	/storage9920/home/tinghao.xia/pdb_data/6pk9.cif	582218	bad40744c4e0c012ebd111e8f4e564907b7443e51716dc7f5133509a43e6ab30	False
6PMO	/storage9920/home/tinghao.xia/pdb_data/6pmo.cif	645955	c6b3a953dfff1a2e2f33629cd77754d97d0fb05cda2bc2ae6090ebee40da4159	False
6POM	/storage9920/home/tinghao.xia/pdb_data/6pom.cif	547006	0172edc0b20ec8aa0c291dcc670468feedb7fd3e40aa66c15c783736a9a8f016	False
6PQ7	/storage9920/home/tinghao.xia/pdb_data/6pq7.cif	165747	af6db2662bb29e011e429722c40fa247ebb2d3b6a6ebce5b5cd43b75dd9938a5	False
6PRV	/storage9920/home/tinghao.xia/pdb_data/6prv.cif	1148131	1f6faa82cff51e9f035ae196cd14cb111d4f1250f3b2dfede75dd1d0527089d1	False
6Q57	/storage9920/home/tinghao.xia/pdb_data/6q57.cif	258197	8a0c8f8fc70a9ef4785746724be03840ca889061c85151cb0979c62bfff20cac	False
6Q8V	/storage9920/home/tinghao.xia/pdb_data/6q8v.cif	128611	44905964302cc51a5c4ffb441a7208c4b97da817804d472a7b62f56db5318f98	False
6QIQ	/storage9920/home/tinghao.xia/pdb_data/6qiq.cif	130300	8277027e8b0a695a4742904367f4c593c02d9e5ab8e426ca959143c770359598	False
6QIR	/storage9920/home/tinghao.xia/pdb_data/6qir.cif	219071	7d006deca1722c0e2336ce99a39ce3ba70b10cdeddc44d587d02cd0e2ec777ce	False
6QIS	/storage9920/home/tinghao.xia/pdb_data/6qis.cif	415795	c8b4c7b4f75ccc9e564110f27ed1854a970311480e7cad5e71f7dffcfb0edce0	False
6QIT	/storage9920/home/tinghao.xia/pdb_data/6qit.cif	226175	dd001219806d49b63c235dabb6ff0ca8d1e9a2f42bb69847a22a59d0aaaa6760	False
6QIV	/storage9920/home/tinghao.xia/pdb_data/6qiv.cif	75926	8de1e39baf39eba2fdab739d8dea9883dc2d9ba14293db32829c92d064e4a950	False
6QN3	/storage9920/home/tinghao.xia/pdb_data/6qn3.cif	486678	64acf9df74f02e63f9a9da3a6a7a72c3780001d63847e13bbdce9460c5de53f8	False
6QYZ	/storage9920/home/tinghao.xia/pdb_data/6qyz.cif	774692	59a54fe1f740f7a57f14d048675a7c3a91b3493f2049966f973bc13d351a78c7	False
6R47	/storage9920/home/tinghao.xia/pdb_data/6r47.cif	334904	1d07c5a255a8e7d295e967a74f99f186e8d7453d57a31a801891a78987e8243b	False
6SVS	/storage9920/home/tinghao.xia/pdb_data/6svs.cif	728140	bf8736df0d71883ce68e7bdad298945986df928b1c3b623207952e9e0b2bc221	False
6T3K	/storage9920/home/tinghao.xia/pdb_data/6t3k.cif	1772109	4b3228cb9c0dcbc5c4a4aa7812c30f0113165311c13469fe455d301c6a4b1cef	False
6T3N	/storage9920/home/tinghao.xia/pdb_data/6t3n.cif	1010598	cd2539541fb19e40780c17d5c8448e42f954239ae409d57c229bfa78bc91b3b1	False
6T3R	/storage9920/home/tinghao.xia/pdb_data/6t3r.cif	1051432	669afeecb11e8bdaf68d7919d1a0bcf2d2b90770627b897ca2375a851a99879c	False
6T3S	/storage9920/home/tinghao.xia/pdb_data/6t3s.cif	1723153	924ff62a4253e10016dc835cbcff5c9d56bf2a99d2b8abd679a9d92893960cf4	False
6TB7	/storage9920/home/tinghao.xia/pdb_data/6tb7.cif	308003	9a119a7830b5d5bd573b54cf33ecedf6b3e79b2ee6c736183282597a6eb252d9	False
6TF0	/storage9920/home/tinghao.xia/pdb_data/6tf0.cif	329903	d80c2339454fd15030d5de91969815c85bd8893d0ff3b8a95efc10ffbb182487	False
6TF1	/storage9920/home/tinghao.xia/pdb_data/6tf1.cif	307711	4fecb44cad8477db95993f84c7bb03bd2e04ebb4a77e37a9a9fbcec40924807a	False
6TF2	/storage9920/home/tinghao.xia/pdb_data/6tf2.cif	312910	d34e0121090de1221dbe189a6bb72338bd25fb8b740dbf0fb04e6a1b754384d3	False
6TF3	/storage9920/home/tinghao.xia/pdb_data/6tf3.cif	293058	b5706de0692e781f37cf2424fdc32c58b4a8d4a01a4ade57f3422cf988a6abae	False
6TFE	/storage9920/home/tinghao.xia/pdb_data/6tfe.cif	373632	04d859cc2aae6d77442b5351110c097bb3c680882f05b72e9c700aa00e1bf8a0	False
6TFF	/storage9920/home/tinghao.xia/pdb_data/6tff.cif	301690	8f8936ba18cea8584fe8ffff89242ee4d993a91082d088a66a954e9c5153fdc1	False
6TFG	/storage9920/home/tinghao.xia/pdb_data/6tfg.cif	306017	96a9291ed8d7b7a143a1e2be687bee25c50de3dcac5059447f9626f2c0282d63	False
6TFH	/storage9920/home/tinghao.xia/pdb_data/6tfh.cif	319905	1de9dea43e9b0f03386635b871539a69a6386655bd99996c9b187e1e2fd9dfe4	False
6TNA	/storage9920/home/tinghao.xia/pdb_data/6tna.cif	270584	9bacba3aec730ef2dd01e9446d252ea213e5ef6b7112dafd6e92ca9f69fb65d6	False
6U6J	/storage9920/home/tinghao.xia/pdb_data/6u6j.cif	136510	097f681e9d51b77329b14a9e6c15934771ae7a76e8b1e508e8f84a2e80384d1d	False
6U79	/storage9920/home/tinghao.xia/pdb_data/6u79.cif	1075877	7be17f74edb2b75dcaa2230f726608884a4faf520c14ec82e6fcf72d91c39e0a	False
6U7Y	/storage9920/home/tinghao.xia/pdb_data/6u7y.cif	132733	bc734d527ed9346258e6c2a0ac1bdb87017bd1ba6d4c5f8622881dc2bdd3346d	False
6U7Z	/storage9920/home/tinghao.xia/pdb_data/6u7z.cif	134768	287fe69dfe4e1ed5fd933f4525ad41d2926d9bb94115c97d37c267cee0d651a2	False
6U89	/storage9920/home/tinghao.xia/pdb_data/6u89.cif	92239	d497835f7c5115d19e361e90794b33b653fc66846df70dbcde923aa0df32d431	False
6U8F	/storage9920/home/tinghao.xia/pdb_data/6u8f.cif	125819	67c564260df2db85004b384c10918a5785c2d9dbb8de6a8a756cac923ca15ca5	False
6U8U	/storage9920/home/tinghao.xia/pdb_data/6u8u.cif	136679	86575e31981b3f11251931f885821ca6ea8e0a38dbe6aa9c221d888c6fef447e	False
6UBU	/storage9920/home/tinghao.xia/pdb_data/6ubu.cif	259395	2e4619e9909a8f3a3e9c2e96619fab7f276465a5a216f20d4fb0ba0c7bb3e19d	False
6UC7	/storage9920/home/tinghao.xia/pdb_data/6uc7.cif	239916	0b343e326aed1940178ec505bc539510a3385acaa0ff0d7b0566a647d873c1d9	False
6UC8	/storage9920/home/tinghao.xia/pdb_data/6uc8.cif	239084	d86a4e1d5a56d1e3c8fdda345069d83db27b27bc52c4656d59c5334dc4cc6b5d	False
6UC9	/storage9920/home/tinghao.xia/pdb_data/6uc9.cif	237692	31bca64fee9cbc05ff81a95c03743c6e0625db3f3e851e3abd641bac941c6a29	False
6UES	/storage9920/home/tinghao.xia/pdb_data/6ues.cif	415395	86953a679586ed57a92c97074042eb068612f5208ba379248fdfa05a32667a4d	False
6UET	/storage9920/home/tinghao.xia/pdb_data/6uet.cif	454460	cc49a156929eec5d491e2d3717f3a7240233754105b0aeeb16ac044f30a30f67	False
6UEY	/storage9920/home/tinghao.xia/pdb_data/6uey.cif	603734	8577061aef4861da8a457ee07f2a104f9462e86619bbe345ffe7c7a899efd900	False
6UF1	/storage9920/home/tinghao.xia/pdb_data/6uf1.cif	364085	3960e10ebafbe71fcb0282631578a1b43ff99cfdf751403243bddcb3b6cbe504	False
6UFG	/storage9920/home/tinghao.xia/pdb_data/6ufg.cif	1065314	631bded0c268744ddb45a54749e3af9db5c20a22784c3c464fb630d442107384	False
6UFH	/storage9920/home/tinghao.xia/pdb_data/6ufh.cif	1084403	bba08bd93ca3f0809348781c4e3b12232ebdcdedb5b6dfafa32fa1ee8e819e24	False
6UFJ	/storage9920/home/tinghao.xia/pdb_data/6ufj.cif	607792	9efdd2fc12ae2d6fe3d98259a01a973e8fdb14f20d7e74c6efff7533bebb7a5a	False
6UFK	/storage9920/home/tinghao.xia/pdb_data/6ufk.cif	363478	8d39aa4ac95aa4649faeb214f3dc286c59824f6b76d51a73e3de02fe86cdf5bf	False
6UFM	/storage9920/home/tinghao.xia/pdb_data/6ufm.cif	826010	1acc67e80fbb024dfb6eb56e119550601f10cbff1370dfcb7a58e15e06f8de2a	False
6UGG	/storage9920/home/tinghao.xia/pdb_data/6ugg.cif	391273	2127e4344a6063f9823a201fd3cebe41377d09716836e5483e159b209795d774	False
6UGI	/storage9920/home/tinghao.xia/pdb_data/6ugi.cif	133263	75e11a16504f0ad06444d8cb1993f8674565aeeeeae604955146c5d59a00ec35	False
6UGJ	/storage9920/home/tinghao.xia/pdb_data/6ugj.cif	130500	ad39aa64b0fa8d49b86d8b5130b2340cbc1467812e8098dab7ae8f4d21caf381	False
6UP0	/storage9920/home/tinghao.xia/pdb_data/6up0.cif	270503	d9951559a840b2d6207265af5ac58efa9632719f66523426c1b54fe371d1a0fe	False
6V9B	/storage9920/home/tinghao.xia/pdb_data/6v9b.cif	215852	da4e9dee4cee9d63e8f1acfaa7d49af2c16dc77cf3308c721ce37a3bf338d9a0	False
6V9D	/storage9920/home/tinghao.xia/pdb_data/6v9d.cif	216192	18347fdecf6168786d70eae0febccfe7dedc8a9526a3d8b5d086b003925ead35	False
6VA1	/storage9920/home/tinghao.xia/pdb_data/6va1.cif	1246189	05e3d0fafdea1212e5724baa466bf0653cea84460dfd292899efd9b916c4495a	False
6VA2	/storage9920/home/tinghao.xia/pdb_data/6va2.cif	1460278	661280623ad6efacb3eab1db3318937a33c4c4c0306d8a245be7714e71ba9432	False
6VA3	/storage9920/home/tinghao.xia/pdb_data/6va3.cif	1427602	f7c989ded7078761f8505d98e35eaf095fb3502f64253d0398cb73451637d32d	False
6VA4	/storage9920/home/tinghao.xia/pdb_data/6va4.cif	1449559	cdb5f0abadcd56f0a6ed21fa8f930f50fce0d3d36416fd4a261917f802cd172a	False
6VAR	/storage9920/home/tinghao.xia/pdb_data/6var.cif	1742462	29296ff8f9aef709689dae6352b7ae248b64e4f808d5faf18826939020ad86a9	False
6VEM	/storage9920/home/tinghao.xia/pdb_data/6vem.cif	139863	70d4d7606800462371630c0754cfbc3c8fb131e949505b763f1ea477433f9f0d	False
6VMY	/storage9920/home/tinghao.xia/pdb_data/6vmy.cif	461018	34a331a8a6ab200bebff05134ed31a42a3506e0d05be9790c84f3698c3b3dbe6	False
6VU1	/storage9920/home/tinghao.xia/pdb_data/6vu1.cif	2173427	cb5886d43df8eaee7d6efe458243fda73a3782133555b289f842de8ac00cef6e	False
6VUH	/storage9920/home/tinghao.xia/pdb_data/6vuh.cif	242897	99e3df5396a9ca31f6233ff0aa7539bdcbe30deca10a80f332c4a5c3f2b6b308	False
6VUI	/storage9920/home/tinghao.xia/pdb_data/6vui.cif	243321	4453174f5dd10044d0ac83ddb8c094cde63e4b2ea147154703dd3d0a3da68036	False
6VVJ	/storage9920/home/tinghao.xia/pdb_data/6vvj.cif	8307921	4add045cb74e5758db88293af1072590180a0583a27a220aba05151349be9524	False
6VWT	/storage9920/home/tinghao.xia/pdb_data/6vwt.cif	658913	9306e53e8594517e994abcd4730c48b2b052d223e72f16fefdb4b34c3802f218	False
6VWV	/storage9920/home/tinghao.xia/pdb_data/6vwv.cif	661113	5298e0cc165b88c376d475b2d55a8408c9c3334e21b84fc9752ac5e70e2b862f	False
6VZC	/storage9920/home/tinghao.xia/pdb_data/6vzc.cif	633166	0e0f00be684edb10717280fec3a685b75262cefd86524e92991907d1c50dee0b	False
6W3M	/storage9920/home/tinghao.xia/pdb_data/6w3m.cif	1193748	d0ab513091dcc6dc4ce5d02fd3318bbd8ba2c88cf2c53369f15845dc7071b177	False
6WJR	/storage9920/home/tinghao.xia/pdb_data/6wjr.cif	520304	d005739bcaff9e42c6feea549da059c3dfac76a22fb9d8f6744b6ce5e8e0cb2a	False
6WJS	/storage9920/home/tinghao.xia/pdb_data/6wjs.cif	507262	fb193c7d926dcf5eb00b1ffe890bd70d31aa533fc6172b59f3f664ed444480e4	False
6WLJ	/storage9920/home/tinghao.xia/pdb_data/6wlj.cif	7538632	cdd2914948476f1635903ff7caa0f476357fc2a7d30dc82bcc17db750db8fc41	False
6WLK	/storage9920/home/tinghao.xia/pdb_data/6wlk.cif	7539840	f3e26b211aa8a0deedab9b753e826cc74bca3f281a390d87ace6b310eac76e93	False
6WLL	/storage9920/home/tinghao.xia/pdb_data/6wll.cif	10015615	7683c6ddefa43eebab14ff7132f18379b2c54fa116c3dbcf76b39a8cecc7874f	False
6WLM	/storage9920/home/tinghao.xia/pdb_data/6wlm.cif	10018535	2b925e393f28e0663559e03d25504a82cf934711472b631b4013345be33ba90c	False
6WLN	/storage9920/home/tinghao.xia/pdb_data/6wln.cif	81015476	2f6f4ae00254a3c403ac9a562d0c53ca73b5a7b0c5e44ac885c8c6c95c312ae2	False
6WLO	/storage9920/home/tinghao.xia/pdb_data/6wlo.cif	78513573	8ea1f3a7ecac92178ca0ac86a8b39fbcdf314cdddf2776ff623ca1cc9d7de654	False
6WLQ	/storage9920/home/tinghao.xia/pdb_data/6wlq.cif	6904393	dccd9f2f9f86fe29253f84e7b4a3b954c911fec0a86a1bd6f3015e9e2b34d506	False
6WLR	/storage9920/home/tinghao.xia/pdb_data/6wlr.cif	6903253	a7a47df9b51d3caf17a7ee37bc4d3ae3fb023ec550dfbfd3c64f192cd507dac4	False
6WLS	/storage9920/home/tinghao.xia/pdb_data/6wls.cif	22609244	824d6aa235e4abf93e1464db45f9b6e5613af5f1eee852156c8e1bb433852705	False
6WLT	/storage9920/home/tinghao.xia/pdb_data/6wlt.cif	13491300	c7f380d8accd93ebee6f2e6332a637fd3b8c7c757fa9be3cfb4a3eb547e51f31	False
6WLU	/storage9920/home/tinghao.xia/pdb_data/6wlu.cif	13502513	9ec9c541748acadbb6c861a5eea05d8b3cb26b76bc26925f4ff8f80e0870011d	False
6WTL	/storage9920/home/tinghao.xia/pdb_data/6wtl.cif	592829	fbc0177ad180082ebcbb57c0d13d16eb9f0ad720b0bd1b65e6381f641a6d6dd8	False
6WTR	/storage9920/home/tinghao.xia/pdb_data/6wtr.cif	593357	42785507cf0acb3461258b8eacade3ece5ce1009000c5c32745a50b909612efd	False
6WY2	/storage9920/home/tinghao.xia/pdb_data/6wy2.cif	303574	eae3b264e5c92781c9783bfdf8e80c611c5f1a5f875671b88f579697f3706385	False
6WY3	/storage9920/home/tinghao.xia/pdb_data/6wy3.cif	239541	39747c166e0deeac1daea48035559206683ec88b91db790e8cb6845f1bee7f95	False
6WZR	/storage9920/home/tinghao.xia/pdb_data/6wzr.cif	563923	ca74d50f2c5c7a4d7a78ee6fd3d155f3cef6236bf16952c845662ed1533d040c	False
6WZS	/storage9920/home/tinghao.xia/pdb_data/6wzs.cif	563296	9b5deed0bf0809d4935777d52c5f7f709b412667e9d38ea758f104a1c0c2d050	False
6XB7	/storage9920/home/tinghao.xia/pdb_data/6xb7.cif	1359135	13726ad5bf69109077f7ebd698d0785f8dad375f71b25daeb7636c599f943e50	False
6XKN	/storage9920/home/tinghao.xia/pdb_data/6xkn.cif	580934	fb17d9e3da8fa77d7f4a07ab9310f3a9188cae53210e996a082671dad1d39394	False
6XKO	/storage9920/home/tinghao.xia/pdb_data/6xko.cif	565151	f4da03b635ae48a9bedf0f94d57b5af483e1cd3a13b963af18f3d34ff53cf3ce	False
6XRQ	/storage9920/home/tinghao.xia/pdb_data/6xrq.cif	168011	5445b7bdec3908753b76d4419e25db5c004131a41af4c966965dd0f1d9dccfff	False
6XRZ	/storage9920/home/tinghao.xia/pdb_data/6xrz.cif	2478429	e66531bcf4a3ebc083dbc85c5a4ceb0068e8b20cdc51a470eb443029c8fb7e9c	False
6XUR	/storage9920/home/tinghao.xia/pdb_data/6xur.cif	155402	2156807b8665ec91cec86b611937452727f9eea0e8df757c8960be896c27e126	False
6XUS	/storage9920/home/tinghao.xia/pdb_data/6xus.cif	166554	06089626a87c15163e8ee893915798be70c7e728d52ed0795576f2af7ebb58c6	False
6XWJ	/storage9920/home/tinghao.xia/pdb_data/6xwj.cif	611548	45c4a6241f630575181af6e2b58b3e95a746538e5714e0b632bac0a4763229e5	False
6XWW	/storage9920/home/tinghao.xia/pdb_data/6xww.cif	552672	5c36079847fc1ed9100efaea14fedc13069b2ecb71101fc3b18fddc253fb04d1	False
6XXA	/storage9920/home/tinghao.xia/pdb_data/6xxa.cif	613242	9648dbe621b5754cfc558c19c37ec3d0e88aa153ac287868311694ed26c371e4	False
6XXB	/storage9920/home/tinghao.xia/pdb_data/6xxb.cif	551796	afa637ea1488e78621d620befab3cd11f8c631731a4e11cc67a37c724c5b870d	False
6Y0T	/storage9920/home/tinghao.xia/pdb_data/6y0t.cif	469496	30d754c5414a3cf65a19cee7fa26604e135cc1b196d700ba363f829721c33b7a	False
6Y0Y	/storage9920/home/tinghao.xia/pdb_data/6y0y.cif	240665	697a348bfd482b8398e76323d8b55a9536568db7a583f428ff05695a960d7af7	False
6Y3G	/storage9920/home/tinghao.xia/pdb_data/6y3g.cif	429512	c0edcb33dc92a053ae8444bec24c6e4ce190aabfaf6c2fe645923a7db411a197	False
6YL5	/storage9920/home/tinghao.xia/pdb_data/6yl5.cif	1433362	2d9607761c6eda6067a54a4c57483a8bf50b1cf3d709c51a1f8ea4fbee8751e1	False
6YLB	/storage9920/home/tinghao.xia/pdb_data/6ylb.cif	1326976	01a05330c596897769d0177f2e2f75351c6e7b75212302d5937ac3f3ff1e8bc4	False
6YMC	/storage9920/home/tinghao.xia/pdb_data/6ymc.cif	303154	ea0f632c9d44ef93fb2d2a0202d6055b22cce2d25552b7f4b80b07cb9b6fe425	False
6YMI	/storage9920/home/tinghao.xia/pdb_data/6ymi.cif	1020494	1cf0c3b9a375e3a7a07e9a1c102775ab0fc1144c5e6094cb58a30aa468f8a7e2	False
6YMJ	/storage9920/home/tinghao.xia/pdb_data/6ymj.cif	1024966	691f27e836bd18a95b2327207608cdec732e375ea8850d1608ea2e0849df0900	False
6YMK	/storage9920/home/tinghao.xia/pdb_data/6ymk.cif	1325264	a19650cb6a29ad0a30413be598f8267e59674c153fe81a53a4b595ba2e5a770f	False
6YML	/storage9920/home/tinghao.xia/pdb_data/6yml.cif	403300	ed0e8fbf51f4edf266055126b64ca683159c3f841bbfc9c61e6de74f586a1552	False
6YMM	/storage9920/home/tinghao.xia/pdb_data/6ymm.cif	401003	ac1394059ffbf8b9bb789bf3af7340902abafa918851a813b8d178f5a9f6362d	False
6Z18	/storage9920/home/tinghao.xia/pdb_data/6z18.cif	142866	8ea0c934404d8ec243ed4ac74548ccf799bab10c3006549090af032ae30a2aa3	False
6ZPF	/storage9920/home/tinghao.xia/pdb_data/6zpf.cif	175241	ad91a007e7ffa3899f8a6bb3b2f77dfd0b5854ca5dad8fca00796e9fa2ca29a2	False
6ZQ9	/storage9920/home/tinghao.xia/pdb_data/6zq9.cif	169110	d2dc6caa94ef2a914862ee55d9da1d108d016fb1e8b74ac17ceaaecef0c30483	False
6ZR1	/storage9920/home/tinghao.xia/pdb_data/6zr1.cif	172712	967fe8cffbc377830d8d7f73314ee6b224f2579087c3f15ea0355189af0c4ce9	False
6ZRL	/storage9920/home/tinghao.xia/pdb_data/6zrl.cif	171950	9809e36a3fde6067aa408e1e4767bc9175054af75c7b51e0dbb99683dde3ea73	False
6ZRS	/storage9920/home/tinghao.xia/pdb_data/6zrs.cif	172610	d935589d5b6444a42d3adc22927549a45bee495384c42702a747398ef378a21b	False
6ZW3	/storage9920/home/tinghao.xia/pdb_data/6zw3.cif	172231	2c5730deb052185241d4a1612f0e7a9314868e04afc323d8c2eab4660fc369d7	False
6ZWU	/storage9920/home/tinghao.xia/pdb_data/6zwu.cif	175202	079155089f979a18e293a531a509eac6d8f97448e8e462a80fad096b51977925	False
6ZX5	/storage9920/home/tinghao.xia/pdb_data/6zx5.cif	173811	6c0b8b5a1cb8baecaf203d6225dd8f4839a658864ce5b8f037712de74a3110b1	False
6ZX8	/storage9920/home/tinghao.xia/pdb_data/6zx8.cif	163044	4ed41c420f8886e917cbb00a94857dec0c707dc7a13f97b0693fe87297bb4f28	False
6ZXZ	/storage9920/home/tinghao.xia/pdb_data/6zxz.cif	258555	ce5edf62f24b3157ef7c6b8f7a6efa58fc548158ed8076163ccba216c80dd0cc	False
6ZYB	/storage9920/home/tinghao.xia/pdb_data/6zyb.cif	267602	fa4e5655786336ffe19e4e1c852c1a65841e2de70df969995e4f9ec49fe14e48	False
7A3Y	/storage9920/home/tinghao.xia/pdb_data/7a3y.cif	841386	20cfd8af8487db6154a433f571a4eb040a74b8aa3a78ec9e8ed57223077b06f6	False
7A9L	/storage9920/home/tinghao.xia/pdb_data/7a9l.cif	160065	49d7939216efe546041daf6a7074903df2a4988afd725da62dca934a83dc8a0c	False
7A9N	/storage9920/home/tinghao.xia/pdb_data/7a9n.cif	168789	73c7f4cededed4c0e31dbfe24efa31fabf493f1be6a304c33fb02a9ee91a455f	False
7A9O	/storage9920/home/tinghao.xia/pdb_data/7a9o.cif	166727	46f25db1b10b6066b6165082a034c9f284093198fdf5bfc4a1ab85b2e2ddf044	False
7A9P	/storage9920/home/tinghao.xia/pdb_data/7a9p.cif	163940	262cfb8446a6daf3e9508eb9a7d370939757069f3f4941d37fcbfc63916e0ac6	False
7A9Q	/storage9920/home/tinghao.xia/pdb_data/7a9q.cif	164318	2c75fa7ce140a8b2f8b2a8ca397725a60efe6b40a7ed3d71adb24de3967ec507	False
7A9R	/storage9920/home/tinghao.xia/pdb_data/7a9r.cif	156177	0dbe9e7ded684c85b20b50226b6acf7658047b251db5be4b8e0ce79864ce987a	False
7A9S	/storage9920/home/tinghao.xia/pdb_data/7a9s.cif	161862	6c1f022e1f2dba093ed0fe8b2fc16e964a94eb33b78a39095e1d7b362c9c200a	False
7A9T	/storage9920/home/tinghao.xia/pdb_data/7a9t.cif	170832	09850746f718cf3fb432a4802259da7a8be39b58c539c831397797ec891e3079	False
7D12	/storage9920/home/tinghao.xia/pdb_data/7d12.cif	382045	cb00f3e48fe7936526ee69d541b8d1f4abc65091543bb7dba7388df82e24150a	False
7D7W	/storage9920/home/tinghao.xia/pdb_data/7d7w.cif	212244	a88c4ba67e72492d4f48d9c8a1abf702f5e2504da065defa5c2176421629882e	False
7D7X	/storage9920/home/tinghao.xia/pdb_data/7d7x.cif	203122	66c4a2029700395bdd5d098de7960051da46f2c0d0cfd90b157c5cb414935b16	False
7D7Y	/storage9920/home/tinghao.xia/pdb_data/7d7y.cif	205806	d2f627cbc5a91f2caf480319abc6792c2fae25556c2c3a9bf9ec522e817ad138	False
7D7Z	/storage9920/home/tinghao.xia/pdb_data/7d7z.cif	245441	d0898317a26002d71898404a824d2ae46ac99954ec57de055fd4249604508db8	False
7D81	/storage9920/home/tinghao.xia/pdb_data/7d81.cif	184877	308c70c5f91e376083e84f4689e7377bdbbea3acdcbbe5431c90217754664ee7	False
7D82	/storage9920/home/tinghao.xia/pdb_data/7d82.cif	198810	31577327f95ffc66349879daddf97d40ef72ce5d1757e15a01e795b07abc3204	False
7DD4	/storage9920/home/tinghao.xia/pdb_data/7dd4.cif	1144286	2f63f83502ba735623b276534d8baf189838b9eb243065c0eaaab527a024ea5e	False
7E9E	/storage9920/home/tinghao.xia/pdb_data/7e9e.cif	213664	0948b72a9e9e475b4a854af98c83f09fa09d2fe450bbde69cf2baa77d94b5f27	False
7E9I	/storage9920/home/tinghao.xia/pdb_data/7e9i.cif	175889	a9a49ce48d7de07959ecb8c791ccd9516a1d79f65de1a031f50e9a3ec3f79c90	False
7EAF	/storage9920/home/tinghao.xia/pdb_data/7eaf.cif	501055	668c51e47b9af64a1346f1779865ace9f7f351fa3a3509f418320afcd7a6b1ac	False
7EAG	/storage9920/home/tinghao.xia/pdb_data/7eag.cif	464201	21d8f8c60047e1bf66ee85ef602dedbcd3c2887e9500aac902c3932cd2811740	False
7ECJ	/storage9920/home/tinghao.xia/pdb_data/7ecj.cif	127500	1ce017ace3b90c0dbed863f234eb26fade61a6cda1c7c29f96ed62f0f628dbf4	False
7ECK	/storage9920/home/tinghao.xia/pdb_data/7eck.cif	397128	d92d91f3ddc2f988c977aece9c098202e148d9368c8269ee7ced3b96113ccabb	False
7ECL	/storage9920/home/tinghao.xia/pdb_data/7ecl.cif	403960	85408bf7deb3d8e046aa64fa128e10be144b7cc61c15ac3c05c19e46328dca1a	False
7ECM	/storage9920/home/tinghao.xia/pdb_data/7ecm.cif	212757	8457355051c7a6a21b8c4795829d6482e7c74385b8e30be0999193e9b85c2f29	False
7ECN	/storage9920/home/tinghao.xia/pdb_data/7ecn.cif	183574	c90ec10616591052c282adbdd7152bf492ca7520fe02d49a173dd20ce61e9f79	False
7ECO	/storage9920/home/tinghao.xia/pdb_data/7eco.cif	236709	653858813ee64b2ead07c385c78d41da15e6f2af2893f4e491dd3d66ded03f59	False
7ECP	/storage9920/home/tinghao.xia/pdb_data/7ecp.cif	160568	351cf94a7a14251683ee00930753575d262ffcc555597652138347d7df2a0b03	False
7EDL	/storage9920/home/tinghao.xia/pdb_data/7edl.cif	162964	bcfd9a0eab04ea26f372aaf11854ba3b169221956dc5eeb6c64460a6f0a56510	False
7EDM	/storage9920/home/tinghao.xia/pdb_data/7edm.cif	162733	940a312372b2b3497fc17e0beb42c2750e00a42a333936a9bc7fe1983f17dd95	False
7EDN	/storage9920/home/tinghao.xia/pdb_data/7edn.cif	105451	ddff7c9590130b1cb8bfd22ee09b8b3c3458a0cd9a11e0b06cbe4d4146195fab	False
7EDT	/storage9920/home/tinghao.xia/pdb_data/7edt.cif	176528	e4f499d778f62e8307bac72694fe3af7d4f5e0ada23493ca26bc02be31531491	False
7EDU	/storage9920/home/tinghao.xia/pdb_data/7edu.cif	161648	5cef8f6f700fb6763b031893875bffa3e400ee0a4137df3b68d0f2051ef96e71	False
7EEM	/storage9920/home/tinghao.xia/pdb_data/7eem.cif	108925	cb670811ca85dcfe3861775ced559e0ce43503b9688cd4a40a6695f7dca6f8b5	False
7EFG	/storage9920/home/tinghao.xia/pdb_data/7efg.cif	95148	12ea7cb4c00246849288d956d540398ffef9e1849cfb954eb6996dbd4c0ac054	False
7EFH	/storage9920/home/tinghao.xia/pdb_data/7efh.cif	93468	8c07c03a0bab795fd2ae84ea35b549c0a695490bba40990a8c6db85b704a8cd2	False
7EI7	/storage9920/home/tinghao.xia/pdb_data/7ei7.cif	144085	94f3ad75ec6094595cef03936b4dbc1f19279613871a2d4626cea4c1b474597f	False
7EI8	/storage9920/home/tinghao.xia/pdb_data/7ei8.cif	231713	f51c9ce3c3d2ff517a59cc6c1371b59146820c095abaa6de300908f8f5c4e962	False
7EI9	/storage9920/home/tinghao.xia/pdb_data/7ei9.cif	142673	a3623c2a92a47e2331cb87f08b108d9a4f0f26f7cc07a240799791eadbd3221d	False
7EIA	/storage9920/home/tinghao.xia/pdb_data/7eia.cif	405995	c6c65b4524124fe8eeaa17c7df52adf535a6aa84fb431ba56843aa5fa740927a	False
7ELP	/storage9920/home/tinghao.xia/pdb_data/7elp.cif	332083	73781e2de299fa011535c1e6a9c2944edcc1d015d6897190cfd45299d5b3ff97	False
7ELQ	/storage9920/home/tinghao.xia/pdb_data/7elq.cif	326309	ba1e6078c8680d5c0866e80bbedc6c7f1586595a28203d4acd2e220e837af502	False
7ELR	/storage9920/home/tinghao.xia/pdb_data/7elr.cif	309744	a56d7dfe418af0eb181491f3f1f982c0cf6f0d6f02499ebfadb51750a1b36f2c	False
7ELS	/storage9920/home/tinghao.xia/pdb_data/7els.cif	301673	0b8682fbde5cbe9fcc64ef52bfe97ba4d33def092fe69220e16b1adb46a3b655	False
7EOG	/storage9920/home/tinghao.xia/pdb_data/7eog.cif	217646	327654bec860bd73390f5038407b19e747f0086d5cb8247bae1869efe0e06556	False
7EOH	/storage9920/home/tinghao.xia/pdb_data/7eoh.cif	208279	a8f784091ebbdce67b136cc8d5e3c8305277b31866d018f922d98b35198787d8	False
7EOI	/storage9920/home/tinghao.xia/pdb_data/7eoi.cif	205343	5af46d1ac3e331864dff55dd46a1ae8bcb569459e470b91f7de747d1b5cb888d	False
7EOJ	/storage9920/home/tinghao.xia/pdb_data/7eoj.cif	229885	7df556efe20a6ec55fc718517c8a4dc7b6e6d0b292834215910e85dc672fa525	False
7EOK	/storage9920/home/tinghao.xia/pdb_data/7eok.cif	192421	e0807efe3ac5e04eaa1daab7e9f07ed02a4939ab7fd9528806bd1e3d619b80e3	False
7EOL	/storage9920/home/tinghao.xia/pdb_data/7eol.cif	195341	fc92bb66ad89ef4366f9aa31a95d8c92c7b77e63a9d0fe209ada482f8cf60382	False
7EOM	/storage9920/home/tinghao.xia/pdb_data/7eom.cif	186725	535fff707a55da66ba9e97c1809883b940f4c5204c38881d7232e6353e51cd6c	False
7EON	/storage9920/home/tinghao.xia/pdb_data/7eon.cif	194662	e7a863393c75da2ae3cd19b98dae2cfd4abdd9317d278d6d898059c1a642666c	False
7EOO	/storage9920/home/tinghao.xia/pdb_data/7eoo.cif	196158	ba7f42343c7a02560ea1094a26833b3e2f63c018443d2c5d4cd9f6fa0e79935a	False
7EOP	/storage9920/home/tinghao.xia/pdb_data/7eop.cif	208448	efc9fcc444018d979d4e06ef150972617737ef07409dc2b6c9549f937877b39e	False
7EQJ	/storage9920/home/tinghao.xia/pdb_data/7eqj.cif	438790	946bbbc6e684dccbd712d9709b5c403ceff1f924dd40d92616dc0b04204698b6	False
7EXY	/storage9920/home/tinghao.xia/pdb_data/7exy.cif	512266	ad877307e00b94cd1c11d50c67001e53bd541525e14c4e56eb6a98f969a626d8	False
7EZ0	/storage9920/home/tinghao.xia/pdb_data/7ez0.cif	938153	f41f21c6beab371873b1b88e3d0db955558f7bd5ec8376804bda738578276f3b	False
7EZ2	/storage9920/home/tinghao.xia/pdb_data/7ez2.cif	1013767	ba210eeb10b2ff08bbead3a5ddef45d690494be33524ecf1bd2023f0c278fba6	False
7F8Z	/storage9920/home/tinghao.xia/pdb_data/7f8z.cif	485953	1b878ef8d0624988a742b7f6e19d7f6794396383656bed37eb4f4d16de37bdf7	False
7FHI	/storage9920/home/tinghao.xia/pdb_data/7fhi.cif	752854	76ec5530cb133e86642161b86c210135b688353f585ee6a670c189394bf2f62d	False
7FJ0	/storage9920/home/tinghao.xia/pdb_data/7fj0.cif	762999	3765ed8d484bdb8cbbd9a0c67d7b095176b11c1016a1301329b4fbed95cd7ec8	False
7JJD	/storage9920/home/tinghao.xia/pdb_data/7jjd.cif	132748	8f169eb173a3e37c51c63caf75f1acd765d19823c9e9cac763c8a08adb8f12da	False
7JJE	/storage9920/home/tinghao.xia/pdb_data/7jje.cif	194916	65bb84e17e4326256f5ad51d78f8ebb1b1d13f48de68b760964126b452e9005d	False
7JJF	/storage9920/home/tinghao.xia/pdb_data/7jjf.cif	209263	0db6cd809d631ddc8b7ddcb8194d84a46ce8831f849742f324e6dcdf943763d6	False
7JJU	/storage9920/home/tinghao.xia/pdb_data/7jju.cif	553684	1689a5d87ac9943187d32829288daf3cce56035bbe77a30411ac830fd94541f5	False
7JNH	/storage9920/home/tinghao.xia/pdb_data/7jnh.cif	331157	2ddc2a658af8919fbf32722761950a06d3e78cb154976e96d01dff1bddfb1b37	False
7JRR	/storage9920/home/tinghao.xia/pdb_data/7jrr.cif	187147	40dd3bdc30621ff454514d5b1c4ccd6260235de77c3761a1ec7759b64bc52dad	False
7JRS	/storage9920/home/tinghao.xia/pdb_data/7jrs.cif	608527	c455141179b0d1728afaa46e3fa866f01f4f7161234bc0f9540ce9eefedcacb8	False
7JRT	/storage9920/home/tinghao.xia/pdb_data/7jrt.cif	637036	72be3dd96ae9b776f069404e210d14c8ca86e4b2e14ec65f2efe9573a221e4d7	False
7JU1	/storage9920/home/tinghao.xia/pdb_data/7ju1.cif	1653729	4ab207d9c9b857c337cf4000a6395ab83d4a0c6c9714e124a864b0d609bf3b28	False
7K16	/storage9920/home/tinghao.xia/pdb_data/7k16.cif	376055	26275bf57f8e7bfb5affb0b2e5f7e596d68ac0a7f60ceb251ff677461338cc26	False
7K4L	/storage9920/home/tinghao.xia/pdb_data/7k4l.cif	1035994	a3d09b0561265d4b8c6ff76ce5c978fc54dcd094d48cd304dddaa5d684bd1292	False
7KD1	/storage9920/home/tinghao.xia/pdb_data/7kd1.cif	425811	22981e82e0a016ebc15bf63f73c39c4c2b9f5ed22408881d649479ca7ef71b19	False
7KGA	/storage9920/home/tinghao.xia/pdb_data/7kga.cif	518501	83c1e6bc457f6577a04082b65612fa49b00a139468fad8985700e6498e59871c	False
7KJU	/storage9920/home/tinghao.xia/pdb_data/7kju.cif	437111	a421c66f6ef8faed224b138fb697054d25bbc9e7f651b4d8a5cfc8ae24902f62	False
7KUB	/storage9920/home/tinghao.xia/pdb_data/7kub.cif	1703828	8fc0a4dd8b49eb2536b3181912711c126775ab56a346b1288bc4bd579004de25	False
7KUC	/storage9920/home/tinghao.xia/pdb_data/7kuc.cif	473707	992b4492ef053019090f228d36c15e9f468bd7edf6a44f7a04840f9110634b41	False
7KUD	/storage9920/home/tinghao.xia/pdb_data/7kud.cif	381258	2cb172bd45a0f4ce04613d2762ff4060222d781d092671ffe892f2a361e12242	False
7KUK	/storage9920/home/tinghao.xia/pdb_data/7kuk.cif	165873	64cb29d7af4c4de34279a4681913de85668c1321e077943f072378476660f0a8	False
7KUM	/storage9920/home/tinghao.xia/pdb_data/7kum.cif	163168	bcbca319cc48c489dad0e4212a301b9d9718521af6f73e13f4df0224a7b5ff5f	False
7KUN	/storage9920/home/tinghao.xia/pdb_data/7kun.cif	175294	5812e9b4e59ac4182e8cbee76594cceb9e26f184ae2dc7d3eabb6a960bb69195	False
7KUO	/storage9920/home/tinghao.xia/pdb_data/7kuo.cif	155810	20ea635f55686a24188fa8e4ad67eb01a027a63268a245ab99f9463232cbda6b	False
7KUP	/storage9920/home/tinghao.xia/pdb_data/7kup.cif	174391	d8d3e114df1b76859cbd4412b65820a6da86402b577fbc0c75f8e0b766a2c1fa	False
7KVT	/storage9920/home/tinghao.xia/pdb_data/7kvt.cif	259607	b5defdfd4778830c008844d54907f8824ac0bfa7951645f21da8e055b6a6bcd9	False
7KVU	/storage9920/home/tinghao.xia/pdb_data/7kvu.cif	261600	f0967e28fba6e9d1be75e293b912edcc8133669e84f4d154ec91705582e624af	False
7KVV	/storage9920/home/tinghao.xia/pdb_data/7kvv.cif	280987	27597118bb4afa79a5e2ff023902c2db31b690cfd65b2df45642e8853dd8a428	False
7L0Z	/storage9920/home/tinghao.xia/pdb_data/7l0z.cif	419114	c0f19c288c3a5a432b22405d9facc01866389aad192825727c1940a4f8271d34	False
7L3R	/storage9920/home/tinghao.xia/pdb_data/7l3r.cif	269882	44d8d88c3de7c865d6db26b54534c9913ac6c8bda4bd9c417117bfc47b77347c	False
7LJY	/storage9920/home/tinghao.xia/pdb_data/7ljy.cif	257011	100c4b452c1869e89eba159a63f135bd5d9f6824af62c6ec5221a1cc1ef60005	False
7LNE	/storage9920/home/tinghao.xia/pdb_data/7lne.cif	158675	409989b3519adf4ff375e0532c89d8ca57478aa9a2cb905bae3303ac9ab54448	False
7LNF	/storage9920/home/tinghao.xia/pdb_data/7lnf.cif	176669	923470eec9f6a8314870fe1dd7d08b40b64494f83241ca3974d74ad0efc32729	False
7LNG	/storage9920/home/tinghao.xia/pdb_data/7lng.cif	140384	4fc901e20438f9ffb886c89e24cec1c1518b5876eee1754237b18169894ff96a	False
7LO9	/storage9920/home/tinghao.xia/pdb_data/7lo9.cif	324668	3bb467e95855760db2465a684cf6ee029f00837c3ca60df224b169226eef49c5	False
7LVA	/storage9920/home/tinghao.xia/pdb_data/7lva.cif	3042610	af96b0d0461eee41b04eb62dd678da87e96fa3476a8bcc70f454601c30332027	False
7LYF	/storage9920/home/tinghao.xia/pdb_data/7lyf.cif	379107	5f33260d7d0f76250c5d813afc71c9a6c283cb93ed5fc01c221cb79f817488e7	False
7LYG	/storage9920/home/tinghao.xia/pdb_data/7lyg.cif	612008	2c490991f9d7e504c38e6b0fb83d6f49a045c27c7b2272e296f6b5a73094f34c	False
7LYJ	/storage9920/home/tinghao.xia/pdb_data/7lyj.cif	340362	f893af701f555bd9011ef5a448f1d193034b64e05b4105b706dff2d0fc84ec49	False
7M3V	/storage9920/home/tinghao.xia/pdb_data/7m3v.cif	113169	365391cef627f25bd5966e33fbb0ee3a8f2ad61dee27a75dbf4925d8e20ea85c	False
7MKT	/storage9920/home/tinghao.xia/pdb_data/7mkt.cif	156080	1195900d86158bd95ee136ca2cd1f0bc43491423b2af74311a5332e6348d1f1d	False
7MKY	/storage9920/home/tinghao.xia/pdb_data/7mky.cif	423130	11f72a14452a6aadb4dc2c2a089c2f2228c9929592ee9484a2da4b1591ae86f2	False
7MLW	/storage9920/home/tinghao.xia/pdb_data/7mlw.cif	663829	f8f2afa692349f8ca35e329c6697e8fcb4752d049b53a0d06e47c198bb4fd563	False
7OA3	/storage9920/home/tinghao.xia/pdb_data/7oa3.cif	565684	906aece5fd5cebb92d6f3b67beb6b4530a56152049eb088c27647e77737713ac	False
7OAV	/storage9920/home/tinghao.xia/pdb_data/7oav.cif	1073002	377955346bc7881257caee2a1473f1543a214909e615810075afffd308474022	False
7OAW	/storage9920/home/tinghao.xia/pdb_data/7oaw.cif	1102061	c2fd6c29ebbf8b6cfb97fd4b2cdd5b439bb516164400f3cc164831b6430d6631	False
7OAX	/storage9920/home/tinghao.xia/pdb_data/7oax.cif	1073224	61fa5648e769ea2e05ac0721cf9ee106178e24518e29efa00373f5523e983d3b	False
7OUO	/storage9920/home/tinghao.xia/pdb_data/7ouo.cif	126759	87ac90ff29b6e615cb6691bddba48254b40b0b95d553e30f000e61ba55d4a550	False
7POF	/storage9920/home/tinghao.xia/pdb_data/7pof.cif	456001	4a1bd0bf375554f0a56ccf69b203cc44e2cca7680d3b25a36a52ad84195254b7	False
7PS8	/storage9920/home/tinghao.xia/pdb_data/7ps8.cif	735080	b6d634a44349a8b1f297c74042a704edfeb8e5c082aeba03733ff24479b82e28	False
7PTK	/storage9920/home/tinghao.xia/pdb_data/7ptk.cif	2370685	66f00507ad5ec6e5ee2c2a19ba16f1757f43780d7ebe70e6b92a5ccc83a7a5cb	False
7PTL	/storage9920/home/tinghao.xia/pdb_data/7ptl.cif	2366459	c3ccb9ebc248568e7dab4746d2766746cc276e8bacacb66b60fb9bc449a59914	False
7PTQ	/storage9920/home/tinghao.xia/pdb_data/7ptq.cif	1971364	e650559ef00415e7c503bc8fe12ead804a76aa539acdd8c0e4b46edfa7e4ca30	False
7PTS	/storage9920/home/tinghao.xia/pdb_data/7pts.cif	1845840	05ead93d5812228c01a39f91f82221598595e344adeffa57eeefa0650ad420f9	False
7Q48	/storage9920/home/tinghao.xia/pdb_data/7q48.cif	1267406	dd5e7be9dc184691e763cf51a638eafbea69284b555872fe3ab7eeaa8589828c	False
7Q6L	/storage9920/home/tinghao.xia/pdb_data/7q6l.cif	1288176	2b4123b615a71f4e3793429c6b3382d2c196e84b049e6a20bb2e2e83e65b502c	False
7Q7X	/storage9920/home/tinghao.xia/pdb_data/7q7x.cif	348725	b721da33eab4da913f193f0f340c69de1a31988741038814b44a80ff10587ca6	False
7Q7Y	/storage9920/home/tinghao.xia/pdb_data/7q7y.cif	327949	81cd1ef77928a962c27035823a717201b7d5addfb51c4cac692253684f687bdb	False
7Q7Z	/storage9920/home/tinghao.xia/pdb_data/7q7z.cif	582673	8ffed5d3e954ff4b7a2eb14cfee96145b6f42358c40565cd6f4bc7bfd589311f	False
7Q80	/storage9920/home/tinghao.xia/pdb_data/7q80.cif	623622	4cf5275cf5fad0576ece7d3ec84abcad73005b77e711204b066cbacd706bbdd5	False
7Q81	/storage9920/home/tinghao.xia/pdb_data/7q81.cif	338625	65798f192cafecc8d1e30ae933643e32f36e39cc4f5841134528168bd66a2cc3	False
7Q82	/storage9920/home/tinghao.xia/pdb_data/7q82.cif	351088	8e0512583fa4bb342e080f27897e659da6c1b64afff9dc8e62222b50bdc6a2ee	False
7QA2	/storage9920/home/tinghao.xia/pdb_data/7qa2.cif	1282843	989933bf29018999f5c0ac6e8ab71108c234a091d1d97ae6fc9411cf510edc9d	False
7QDU	/storage9920/home/tinghao.xia/pdb_data/7qdu.cif	1895273	0b56a9bff3f6e5c987d4a5a83c1aa1316ba5f84c4b702a11818890edcc529033	False
7QP2	/storage9920/home/tinghao.xia/pdb_data/7qp2.cif	284316	6f6c56026f4f0d8a4b6c672156665ffb40095ba44c35ec9edc3e4338e166edaf	False
7QSH	/storage9920/home/tinghao.xia/pdb_data/7qsh.cif	318379	85fa52344160b27200b256ec1a1a237695bd9d8cac1d230684d2b86aea77eb2c	False
7QTN	/storage9920/home/tinghao.xia/pdb_data/7qtn.cif	250551	207a3284a9600526428dec686b8a19feda9ec1a81ff82b3fd4f4fe4706778592	False
7QUA	/storage9920/home/tinghao.xia/pdb_data/7qua.cif	174781	a8bf5d493730723c9384925783a45268300eff0a4ec29a8f04dee4e15f3c459c	False
7R6N	/storage9920/home/tinghao.xia/pdb_data/7r6n.cif	852444	9de929c2442e968590fa2f856bacfa9b61f3b7f40762b5cbb2828eaf75c5c397	False
7REX	/storage9920/home/tinghao.xia/pdb_data/7rex.cif	580674	3cf1c6022efcaacba92286eac92a06a798277a7cbd107a9f80643bb77c520a3c	False
7RWR	/storage9920/home/tinghao.xia/pdb_data/7rwr.cif	1222692	5c845dad33108973c69b11a15218987ffa173b6c59dc32d91b1a1df36150c05b	False
7SAM	/storage9920/home/tinghao.xia/pdb_data/7sam.cif	619186	2b3cdabf9f136037856a7c9f5f2d29b7ff2c1c3f3e533e6cd7f11919f9b7873a	False
7SHX	/storage9920/home/tinghao.xia/pdb_data/7shx.cif	316690	3ed17e92167b74547c581c8f38ac0c22a2ca411ee03693da2802789ca5e418f8	False
7SXP	/storage9920/home/tinghao.xia/pdb_data/7sxp.cif	119381	d5ebecb821d0b64c70cfd701906f65cd83bcce15844cbde59b81363484bdc1c6	False
7TD7	/storage9920/home/tinghao.xia/pdb_data/7td7.cif	405410	8eeb07e5cfc24e6da964af9c4d2ec9858c5ecfbf5da669169770bf24ec09ca3e	False
7TDA	/storage9920/home/tinghao.xia/pdb_data/7tda.cif	268472	0eeb02e5ce11d21ed86b1280c7dc61512b5db87779125202aa19cdb20572a992	False
7TDB	/storage9920/home/tinghao.xia/pdb_data/7tdb.cif	264883	3a1e37d9f5d8d264e4f83fa485a5b8a30d961265ba499aedbe8988b9577c03fb	False
7TDC	/storage9920/home/tinghao.xia/pdb_data/7tdc.cif	266740	7bc7d10edd3abc7324b6acc3cca22c61da8c8c4ac85e5c5dc28feaac74affdea	False
7TZR	/storage9920/home/tinghao.xia/pdb_data/7tzr.cif	478072	8aad06c7b20115f5b2a050845dc7e63c1892bba1277c0bc261f31a4b1890bb00	False
7TZS	/storage9920/home/tinghao.xia/pdb_data/7tzs.cif	817013	c455f39507be3dfa75bc0f3c8de17c9b26e08d3449613e9156c71656b2a677fc	False
7TZT	/storage9920/home/tinghao.xia/pdb_data/7tzt.cif	416706	554a097f297538962366cb0599ffb4d916e2434682a2b2f700e6f4acb5d2dae4	False
7TZU	/storage9920/home/tinghao.xia/pdb_data/7tzu.cif	428961	ddd3b5b2adfbbea53db6766c21633d1c7fd4296bc0c03138e403d0f42c0d7a50	False
7U4A	/storage9920/home/tinghao.xia/pdb_data/7u4a.cif	320266	f08bc5380123f1d43a9c995c2dcd416d01019d0dca99f243fe9c4332cb3cdb5d	False
7U87	/storage9920/home/tinghao.xia/pdb_data/7u87.cif	167311	d712707f3bda2f23ae3acc641928adde3b9e38af9624a5d61d02e2e281528ccf	False
7U88	/storage9920/home/tinghao.xia/pdb_data/7u88.cif	151418	93f6ffbf65c36f32ae2e8540dd933dee1df9615af6cef881867cb4a7f8d7236f	False
7U89	/storage9920/home/tinghao.xia/pdb_data/7u89.cif	157019	5c29e5b887435ad7e7b3cf61da25fe09b9ded0391fdfeed384590ce13f743c23	False
7U8A	/storage9920/home/tinghao.xia/pdb_data/7u8a.cif	161909	da1678c9100305bc536e52d474b71c72bd4b599629fc9186d398529b082baa71	False
7U8B	/storage9920/home/tinghao.xia/pdb_data/7u8b.cif	151517	49c4b2684578ed5f39fcff42a1161dea7929d1196051ba2688e7fb6249064168	False
7UCR	/storage9920/home/tinghao.xia/pdb_data/7ucr.cif	259634	8ac7d4b79bfce41e7a35edd28c51c4157eab1d87bce9c1b04ffd88e116f9b8e2	False
7UGA	/storage9920/home/tinghao.xia/pdb_data/7uga.cif	2498600	a1f1721f9a557111bdae33270b1a0e6308c0e641477bba23f6c8e467477a5ba2	False
7UMC	/storage9920/home/tinghao.xia/pdb_data/7umc.cif	2010143	cc7f6d319d6b736af2e82037a76b50f07977f6868c39345cde3d3b4a509491e7	False
7UMD	/storage9920/home/tinghao.xia/pdb_data/7umd.cif	1166315	d40004f8b59b8a2deba3cfd82fc1d1981643f38779682445028e8b03b43d3ad7	False
7UME	/storage9920/home/tinghao.xia/pdb_data/7ume.cif	807784	1f97958f64ff81fb1599679423194c24d7665fb5e9d8a432813413b64a7e8693	False
7UQ6	/storage9920/home/tinghao.xia/pdb_data/7uq6.cif	349623	7fdcdb9de5969e25a57fd8cc76cb5287dc767d714d1a076132846c6be3a162f4	False
7UR5	/storage9920/home/tinghao.xia/pdb_data/7ur5.cif	601998	2b7937d93cce07e46a61daab4a91a63ab6b2aeb83b79374318173f199cd275d0	False
7URI	/storage9920/home/tinghao.xia/pdb_data/7uri.cif	219323	d501cbfc11d398594cb4cd2b4ba4b17da9fa4ad3d4d37dd762a9e17fb1aeafd7	False
7URM	/storage9920/home/tinghao.xia/pdb_data/7urm.cif	222875	88ad317b084cefc8b2c2dccda28aafb4354e0e93b4a31fd1ee1283bac5d9b3f3	False
7UVT	/storage9920/home/tinghao.xia/pdb_data/7uvt.cif	1265601	b5d95b8b2a72a202a5aeb02a2041cd77e10e3d470c87db47f7114c45eb680081	False
7UZ0	/storage9920/home/tinghao.xia/pdb_data/7uz0.cif	284948	b6d512ee8be53eda815b436c02a6232c861c3cca7b448653735eee58ecc6b965	False
7V06	/storage9920/home/tinghao.xia/pdb_data/7v06.cif	1285020	2cd81fc7bb82a447d956011854efdbbedbdca6508b5d6129e2c4733571c07d5f	False
7V9E	/storage9920/home/tinghao.xia/pdb_data/7v9e.cif	458268	495ec1fc9f95497bbfd92fb2d00d9ae6cfea7ee3237cfda4f6556a913249023a	False
7VFT	/storage9920/home/tinghao.xia/pdb_data/7vft.cif	187638	9a59b7cca9bd0d00183ea3799087f3d37711e82cc35bf6bcffbad6ceeefbdafb	False
7VNV	/storage9920/home/tinghao.xia/pdb_data/7vnv.cif	759731	2b1406f329dd0218400571896f2fdb3b9df874f392012cedc595f5529513ae3a	False
7VNW	/storage9920/home/tinghao.xia/pdb_data/7vnw.cif	742335	5bfecf5b6b394442ddaaf990dd979c9a75538ae280b2e62c323a8c6e64db7094	False
7WI9	/storage9920/home/tinghao.xia/pdb_data/7wi9.cif	188430	1136f64c6f06f5cd3e013c4467c3279451f49cbc450fc08f967ef24cd9aeaf15	False
7WIA	/storage9920/home/tinghao.xia/pdb_data/7wia.cif	171074	5755988c4439e6cf91b578c5f118870bad1927697c8ca5e597985f0aad225c62	False
7WIB	/storage9920/home/tinghao.xia/pdb_data/7wib.cif	189167	85a47b2b3cb620abd9c8bc40f208082378b63663b80c04e40215eafa21f0da67	False
7WIE	/storage9920/home/tinghao.xia/pdb_data/7wie.cif	184905	b05043b7ffb86e4f7373ad9af436b0f0e192b7a066ca94ecd978d47f682a0c86	False
7WIF	/storage9920/home/tinghao.xia/pdb_data/7wif.cif	186260	c2dfb3be117c2bae7a4ce629fd3cd53288e4e27c95df0cc7642b3401b8ae8d45	False
7WII	/storage9920/home/tinghao.xia/pdb_data/7wii.cif	189958	dd8fdf752f46f3ab5dbcaac4179ccd0fa5680b250db0ffcfefab2f06888837a7	False
7XD3	/storage9920/home/tinghao.xia/pdb_data/7xd3.cif	1023990	4cd100a25d2b7a372c07b6f76af057e4c2ab32bfec905bae7d53efa1162c2b56	False
7XD4	/storage9920/home/tinghao.xia/pdb_data/7xd4.cif	1024469	998d1744b2cdf7bfeb15ca1bb0d0472c8c7d5baa30d85e66241a71586f44c1ee	False
7XD5	/storage9920/home/tinghao.xia/pdb_data/7xd5.cif	1012342	f49cd2ba746e0483479b462b05cfd9296fced12c598920c3ddbbc7259b412a53	False
7XD6	/storage9920/home/tinghao.xia/pdb_data/7xd6.cif	1132801	ee42fc4283aeaeddfd4190845c44954851fbb653d7983e6d384f7f5eebbb5e55	False
7XD7	/storage9920/home/tinghao.xia/pdb_data/7xd7.cif	1004444	7e85327b5e75424ba0214ce919f4016b07819bb1e99d5ad5881dc91627445756	False
7XSK	/storage9920/home/tinghao.xia/pdb_data/7xsk.cif	1277366	8b170507a8192d0d72efda1ee8d33ace282b504d3cffd94174ae06636d7aeae5	False
7XSL	/storage9920/home/tinghao.xia/pdb_data/7xsl.cif	1279051	1ceecd9b5845ba99a5f176a2bb8dfb6e74a361186042de8bd603970371122a26	False
7XSM	/storage9920/home/tinghao.xia/pdb_data/7xsm.cif	1277725	63ab158a59f58fc1af89b071fdaae4219695ac4469938a23d4a2dc56fee245c4	False
7XSN	/storage9920/home/tinghao.xia/pdb_data/7xsn.cif	888110	ba7170bf9692b67eb869a26f10a25dfd8eb39b682ccf557082518b1f68e3ed93	False
7Y2B	/storage9920/home/tinghao.xia/pdb_data/7y2b.cif	91076	c84cbc3111627cedb3b12b6a92aa53823c4997cbc77f0d217e9f2f9e38761a26	False
7Y2P	/storage9920/home/tinghao.xia/pdb_data/7y2p.cif	124343	7f92d395310a92072a486ad19d73e077bfd9afb20181e13d11eace8604142ba6	False
7Y8P	/storage9920/home/tinghao.xia/pdb_data/7y8p.cif	130071	c93576a0a7ccc705aa4e8eb1d900c3274b0781d58b8539cbd5e499528ffe9071	False
7YC8	/storage9920/home/tinghao.xia/pdb_data/7yc8.cif	938254	6b949ffd1d6d5394af1478a4b0d9662bc11f5fb515efe38424abc495bbb67ffb	False
7YCG	/storage9920/home/tinghao.xia/pdb_data/7ycg.cif	986769	9b5287562a6e3782c8d55ab9967cbadb8dad281dd212111e90b42de369e161be	False
7YCH	/storage9920/home/tinghao.xia/pdb_data/7ych.cif	990649	94423ade76e892978012ca6ce36ca8893596ffae757b4e5ef2bd840aae2a62f1	False
7YCI	/storage9920/home/tinghao.xia/pdb_data/7yci.cif	970188	75c3ff8c943e4c1ab2350984882353f007bd90566d311772da6aeb479024cf5a	False
7YG8	/storage9920/home/tinghao.xia/pdb_data/7yg8.cif	943110	68ffce5df0157e51e55839078b9480c9548a2d596d96ce7aa08791339532fc17	False
7YG9	/storage9920/home/tinghao.xia/pdb_data/7yg9.cif	999633	c39f794edb8fba96a1bc01ae8464fde699cebec9045863242defdc69b2373a1b	False
7YGA	/storage9920/home/tinghao.xia/pdb_data/7yga.cif	1011088	fe6e6d2923cefb44e4fba1b50c83da0176c86d46ce7217f84cb7230b860ff7e8	False
7YGB	/storage9920/home/tinghao.xia/pdb_data/7ygb.cif	1027333	31466e5933e0d565da58efaa42cd7c58281a1b5fefbae75ba8d1fbcbd804c177	False
7YGC	/storage9920/home/tinghao.xia/pdb_data/7ygc.cif	1001451	b0e99d0aaa0339101d09310cbc9f866fa5d282b784688ae5763b8ff96ef32498	False
7YGD	/storage9920/home/tinghao.xia/pdb_data/7ygd.cif	930025	8186d614e0f5f6c9935682d9be8054382290111aa6e859193acea08fb6693867	False
7ZFW	/storage9920/home/tinghao.xia/pdb_data/7zfw.cif	1884450	ee0a352e489c00fea32fd183cde6c696e341867b561545979e93cac82e5708e9	False
7ZJ4	/storage9920/home/tinghao.xia/pdb_data/7zj4.cif	1464510	7ad7ab097656a91f239d8208d5d98ba7e2d33f2e42804da3461f5347130b3207	False
7ZJ5	/storage9920/home/tinghao.xia/pdb_data/7zj5.cif	1414620	5c527ad5aaa94e4a6ce58ec6c996a8b76997fd4500309a4ceac66444eb09abd1	False
8AMG	/storage9920/home/tinghao.xia/pdb_data/8amg.cif	399568	ed346333bc84e5cc965c4571487dafd12ac6150aea9d9ae35550b12e1559e41e	False
8AMI	/storage9920/home/tinghao.xia/pdb_data/8ami.cif	120971	503f35d12497a84158255c5dabf3c2b122453228a307b336705c475661bcaf0d	False
8AMJ	/storage9920/home/tinghao.xia/pdb_data/8amj.cif	140530	64cfbd067aae83b4f4cfd21dacbb45bd6514916c1281c34c9f079f841aa73f03	False
8AMK	/storage9920/home/tinghao.xia/pdb_data/8amk.cif	662931	c027ae25d33bd20211ece2bb75016157b33766c97ea90a538947e1686d7fc6aa	False
8AML	/storage9920/home/tinghao.xia/pdb_data/8aml.cif	669393	0aab6df337d6f8696aeed67e05ba214d1f22fb362733abb38a9a70b2170a0913	False
8AMM	/storage9920/home/tinghao.xia/pdb_data/8amm.cif	699111	f1bbf9b2d96dcc1b1b63c8374c54acfac98e30253f857a750cb0813cdc59eade	False
8AMN	/storage9920/home/tinghao.xia/pdb_data/8amn.cif	1219643	137de92ca9279f1442f84fe300d9add76facbf2b4f29896db665dd580f5e2cbe	False
8BTZ	/storage9920/home/tinghao.xia/pdb_data/8btz.cif	793716	151b66c7b205d52b015e0dcd46a304ac5555a458e56e8837e2cca462dd0377fe	False
8BU8	/storage9920/home/tinghao.xia/pdb_data/8bu8.cif	796142	8a664f168029e7174632ea97c14861de0ce66351fa0f967b6977bc27c7e76a44	False
8BWT	/storage9920/home/tinghao.xia/pdb_data/8bwt.cif	748125	e3c2c1fbb46b35128821e4923adc86a1bd52276c2ad1b4deb8aca5551919c600	False
8CF2	/storage9920/home/tinghao.xia/pdb_data/8cf2.cif	1082893	25c58f88f952b8612a664dfa6b5ec7a74763b64bd04c9c8aba810638c2868a9a	False
8CLM	/storage9920/home/tinghao.xia/pdb_data/8clm.cif	243360	eca36cf977e57aaa8601c88b890444c83d5d3430e1dd1585fb9e748a0b715030	False
8CLR	/storage9920/home/tinghao.xia/pdb_data/8clr.cif	4586258	84a78dea979986f3a6c8f6aa77ff144993bd11ba97d990516f72a039fe7dea25	False
8CQ1	/storage9920/home/tinghao.xia/pdb_data/8cq1.cif	1302949	1c58618b5f9414d3776a4adf89a30677efee021b79bcaa8dd0874d9a11dfaf2c	False
8D28	/storage9920/home/tinghao.xia/pdb_data/8d28.cif	344401	b31ba48be80bc63aeb875df762a53fb8d9031f16447e28bf39e3ac9d6245fa21	False
8D2A	/storage9920/home/tinghao.xia/pdb_data/8d2a.cif	432749	d1eaa2071a0412e215d7dded0ba8a590e32c2413d1fc54e43165b6b00399fa7c	False
8D2B	/storage9920/home/tinghao.xia/pdb_data/8d2b.cif	351126	1e582f29afa435850cdc7bdeb441af874fc170344277cc0dd99c98d74e7b43c1	False
8D5L	/storage9920/home/tinghao.xia/pdb_data/8d5l.cif	849972	c367a4bd14cc4fd9b76634b88e7b91b30f330aa23cd217beb62a2de7a203951b	False
8D5O	/storage9920/home/tinghao.xia/pdb_data/8d5o.cif	412340	0d7b6f592b399954032c74aa6c293af968936aa78a9b12d16ea66d19a976fefe	False
8EYU	/storage9920/home/tinghao.xia/pdb_data/8eyu.cif	553264	48d4ee9c2ac6f6e9157d968a0427292ec0a36926e2de0102ac178479fd5bcb36	False
8EYV	/storage9920/home/tinghao.xia/pdb_data/8eyv.cif	511364	35040c4c0d6d493e09448eba73a90fd88feb02ecfa5dcdc43cd80454b0ed2732	False
8EYW	/storage9920/home/tinghao.xia/pdb_data/8eyw.cif	556847	addd4186569346053bd38bbde4c977f59261e6016cd2cecf1e0302e11e9c8349	False
8F0N	/storage9920/home/tinghao.xia/pdb_data/8f0n.cif	535825	a1f01ee642746e78e05a08369db91e5988d47a000ffd18fbd38b3fd8bd9b1bb0	False
8F24	/storage9920/home/tinghao.xia/pdb_data/8f24.cif	181532	ce5edc0b87cd13ca97ed7be975ba94c56a9bfb1e797afdf39e7907c7a5194e27	False
8F4O	/storage9920/home/tinghao.xia/pdb_data/8f4o.cif	948520	ee03af8dee8edc0c522d3b512d34a5c063a7ef040be47210649f9f57156fbb04	False
8FB3	/storage9920/home/tinghao.xia/pdb_data/8fb3.cif	446195	10bd2552773636e833c647206271a15b60b6ebcc61fd4003bc506583299806e0	False
8FCS	/storage9920/home/tinghao.xia/pdb_data/8fcs.cif	4031864	79c359c3192a7da8e0bf92af7ced78940fb71a9742efd30b50be9280088da737	False
8FEO	/storage9920/home/tinghao.xia/pdb_data/8feo.cif	117348	2eaf4c74a47a9a1ea91407307475018f3471ff20bf86879dc9bcb5280ea62a97	False
8FEP	/storage9920/home/tinghao.xia/pdb_data/8fep.cif	108001	9c6d271218c15f03d8b75ae30240243259543a54e2a9cd3e16f3518b4b764517	False
8FEQ	/storage9920/home/tinghao.xia/pdb_data/8feq.cif	117183	187ddf6ac53294a814d97fc9924d8a44871370328f9d5c8c507531a7afa31592	False
8FER	/storage9920/home/tinghao.xia/pdb_data/8fer.cif	149500	43d2f35a0dc2cadbff43629a1fc8310f60eabaaa9083650d4b5afdb692d6cc8e	False
8FW4	/storage9920/home/tinghao.xia/pdb_data/8fw4.cif	1100985	2d186774c09f2b591c72271341015d49c06756bc7a4406b0faad9923138b6606	False
8FZA	/storage9920/home/tinghao.xia/pdb_data/8fza.cif	329363	d442f666a652dea1f527ae469de0672f5d63ae359cb0566da3201d107719912d	False
8HB1	/storage9920/home/tinghao.xia/pdb_data/8hb1.cif	378322	a9bc2d807ab1c0411a2c7cf577b6d0a7834574f945ddce999ef36cee3237e797	False
8HB3	/storage9920/home/tinghao.xia/pdb_data/8hb3.cif	386810	3fee851be7cd8ed6b0599124d5e8bd6c58e3b8b7e5e3d0263b5c95b03995dd94	False
8HB8	/storage9920/home/tinghao.xia/pdb_data/8hb8.cif	378308	ba779d2f81e74c7db6e010ba641063cc3af2b8295dad5eae6071772b19a1fe12	False
8HBA	/storage9920/home/tinghao.xia/pdb_data/8hba.cif	479271	0919e65763e24525e22c03562e3403880062e7c57a0af83aee8cbfea0e5719f2	False
8HD6	/storage9920/home/tinghao.xia/pdb_data/8hd6.cif	1022330	8df0a1bb15628d9d4b32d06cf6dcfdd11443d0ef10e6fb12b77554b98c3f1c3b	False
8HD7	/storage9920/home/tinghao.xia/pdb_data/8hd7.cif	1033782	7f4fa67aea82db05f084a8249661ef85a82ac85b9616fe7180ed9da9f0dc4c8b	False
8HZD	/storage9920/home/tinghao.xia/pdb_data/8hzd.cif	255133	cab025c82c0a82d70f6eab8bb8fcca4eca5e967f6e93f5604bb75b9d8cb1694b	False
8HZE	/storage9920/home/tinghao.xia/pdb_data/8hze.cif	282861	7824621576a5c9ab95b9d61b427d24fc3908f4097cc09d6fa4dc7da16c506d19	False
8HZF	/storage9920/home/tinghao.xia/pdb_data/8hzf.cif	239005	af199d4b9fd52358f9417534e4eca6f54b19e0ecc8c433414d736c9e64ec584d	False
8HZJ	/storage9920/home/tinghao.xia/pdb_data/8hzj.cif	244628	ac2f5a7d84ac18733e9e0239eb879b20fefd612684d82c60dabccca62587c561	False
8HZK	/storage9920/home/tinghao.xia/pdb_data/8hzk.cif	264909	2770d942e17dfe3f15e7bc0197b0c4102f16b80db5ae8afb566055b28fad29c7	False
8HZL	/storage9920/home/tinghao.xia/pdb_data/8hzl.cif	498972	0981f6cbd4063707110f1ed665eb24e113947cee836e7dcd693aed40fd24666f	False
8HZM	/storage9920/home/tinghao.xia/pdb_data/8hzm.cif	252765	f149f2f862cfd0548a1638b6283ffda2faf694d1ea6cb2a38cdca8fed46c18d2	False
8I3Z	/storage9920/home/tinghao.xia/pdb_data/8i3z.cif	410030	42377d52be389052e396174044940e73af2c97d2b77b6a886fc94221940b2c33	False
8I43	/storage9920/home/tinghao.xia/pdb_data/8i43.cif	724199	0d413e2644dbc229e1ddeefff6153b2c0f2108eff6fc65674424ed2da7dd2c0b	False
8I44	/storage9920/home/tinghao.xia/pdb_data/8i44.cif	723523	6ea4f405b4c348f9d8b4041630553a141912b16380fac16f50a24ca3a337f84d	False
8I45	/storage9920/home/tinghao.xia/pdb_data/8i45.cif	729086	1e6803418b7ba1c25149f2db8741c51a802f70a397ea4d716ae2e194ec49d9fb	False
8I46	/storage9920/home/tinghao.xia/pdb_data/8i46.cif	726737	b60a466b1da74e8177cc94bf97b7cdc924936ea372c081fa88b8aa33c1ce64f2	False
8I7N	/storage9920/home/tinghao.xia/pdb_data/8i7n.cif	1041444	6e74fbff6b4acacbd975410b20966330326226524f1be79bcee4f397f8957091	False
8ITS	/storage9920/home/tinghao.xia/pdb_data/8its.cif	287427	de6e292f713c23c0e3af8e5081ef2821af469d4ef1de85f36af8d25e9b82c951	False
8JHP	/storage9920/home/tinghao.xia/pdb_data/8jhp.cif	852766	37a8a9cdf0e466877b8616dc9316355b3380a8b8232579037dec28a06d9ec69e	False
8K0P	/storage9920/home/tinghao.xia/pdb_data/8k0p.cif	2579905	232e62e9ef47fe51c23792c60e12fee8a603a8d0d919356d01fc3077c8027a7f	False
8K0S	/storage9920/home/tinghao.xia/pdb_data/8k0s.cif	2586012	bae2bb62188e0bafcd90bd289c6358665f92adb32b0ee864aa7dc038266dd536	False
8K0Y	/storage9920/home/tinghao.xia/pdb_data/8k0y.cif	512935	452522ef0b721b4cd0df567fc37d51dbdeca4967c4e6282a63f9dadd0d5fc63b	False
8K15	/storage9920/home/tinghao.xia/pdb_data/8k15.cif	1151137	e53308ec7ab8db413f19f85191f900dab26434a1ceafef06c1fa38d0ef8b16c8	False
8K1E	/storage9920/home/tinghao.xia/pdb_data/8k1e.cif	580441	7d0bdadf9fa312786c8adaa597c4675655da92d72d7f14ff8cf181222abe68e6	False
8K2Z	/storage9920/home/tinghao.xia/pdb_data/8k2z.cif	554149	8a9ffe5f900006465e9b264bf136bb20a74ce3725e23b67a351b05eabfb46e04	False
8K30	/storage9920/home/tinghao.xia/pdb_data/8k30.cif	525413	8f37c47ed9d5efc6b8233e0d4d5627f42354ac7de0dcad8da533e52ded630482	False
8K7W	/storage9920/home/tinghao.xia/pdb_data/8k7w.cif	285079	5ebee597d5838c2c3f2f2f3f9ffbba4112ad25554faba034e3033bd0c889ca1e	False
8K85	/storage9920/home/tinghao.xia/pdb_data/8k85.cif	607961	b1b9025f6dc50ef92799ac94c125492fda2abee544375b362d6c3537fb6cb2e8	False
8K8B	/storage9920/home/tinghao.xia/pdb_data/8k8b.cif	609166	2a52e9594504b7a4f82dead35c4d26aff792e39bedcb8c8c5d807da9f3a685f2	False
8KEB	/storage9920/home/tinghao.xia/pdb_data/8keb.cif	390358	83f92aeb50c28cd7fa322fcc948dd59a33241d8497aea7fdd6a95acf0bb74876	False
8KED	/storage9920/home/tinghao.xia/pdb_data/8ked.cif	384444	b0049d386f2a280efd451656a994eecf887166cb86b2f502d0ce7e3ee8d909f2	False
8KHH	/storage9920/home/tinghao.xia/pdb_data/8khh.cif	881448	e3c8f3775ed5fb11c5ca0ceb97a1f963a8d59553589003144de9e9a0fbc2bd57	False
8OLS	/storage9920/home/tinghao.xia/pdb_data/8ols.cif	1032800	abaa7bca16b4a35836a1bfd51cab7a52a65f2f24142f54625689816e77a83e47	False
8OLV	/storage9920/home/tinghao.xia/pdb_data/8olv.cif	1032916	0a8902c0b2b7b3afa56d67a028aa281ea77aaca5c96e3e2c892745182fc25dc0	False
8OLW	/storage9920/home/tinghao.xia/pdb_data/8olw.cif	1746531	e5f3b64905c33f31a02acc8b095f7c3e1a4b41bb9188efb46dcf7ba836457de7	False
8OLY	/storage9920/home/tinghao.xia/pdb_data/8oly.cif	1056966	56252782dc76b45e87e7d39b342db3c52a44bcb130a1f044a86c75f768f7632e	False
8OLZ	/storage9920/home/tinghao.xia/pdb_data/8olz.cif	1055002	8d33c09990b00f750ef1d2255b403c10bb808f24a34d0351e039715ccaaa6a6e	False
8OM0	/storage9920/home/tinghao.xia/pdb_data/8om0.cif	1733453	5f8f37fa7b7a6a2f1ec82a6690bba786451d8b8bda56867080798681f9b2bbc6	False
8PFK	/storage9920/home/tinghao.xia/pdb_data/8pfk.cif	151174	c63da6327b5efb456dcb6f6c4899366a37c998b60b0d770f85099a1264f31c5a	False
8PFQ	/storage9920/home/tinghao.xia/pdb_data/8pfq.cif	225041	ac8dec065434d8024a62195e563cc1ef0cabb82df049d366aa0a1e5ed90181cb	False
8Q4O	/storage9920/home/tinghao.xia/pdb_data/8q4o.cif	693012	53e82cbef557620a72f35e5a7e121c749d1e9b3f456ece742f1e1e8131843697	False
8Q6N	/storage9920/home/tinghao.xia/pdb_data/8q6n.cif	254798	b1912cdbcc7611475a2e7c83b325af2a01fe4f817fedd7f1ca1b89e59ced2fd7	False
8QMH	/storage9920/home/tinghao.xia/pdb_data/8qmh.cif	238844	27e0a09e185082ccfd3e4d12b42517fe4bb01cc70c9278bc2d0bed3dd4c28065	False
8QMI	/storage9920/home/tinghao.xia/pdb_data/8qmi.cif	134856	37d6c794dad3b104575e4084fae1507b7708aca364770c0dc4437e101268ced5	False
8QO2	/storage9920/home/tinghao.xia/pdb_data/8qo2.cif	4211997	aca4398c548872b1b70a67440d8feed87a4abedcbd2cecfa9d544a277a197847	False
8QO3	/storage9920/home/tinghao.xia/pdb_data/8qo3.cif	2238049	8f78ea8bfa9d27d9e7b0b4b9aec93298c8d561f7af3c4b04cbe911a64a248663	False
8QO4	/storage9920/home/tinghao.xia/pdb_data/8qo4.cif	2956346	47c2e4b5b91c6d366bf2d0d0fea91c11da90eedcbe24ec9cdf1980b613a8fcb6	False
8QO5	/storage9920/home/tinghao.xia/pdb_data/8qo5.cif	2781080	37fe0300dc3ea20343ada33246124749c9addb343a4f5bc24f22b1a481249e08	False
8R62	/storage9920/home/tinghao.xia/pdb_data/8r62.cif	1078936	4f82f3672f234578cc7631af50dca03ae9b17d6e80e8a193d4f6750481ae0de1	False
8R63	/storage9920/home/tinghao.xia/pdb_data/8r63.cif	1131585	6cb6c15ec18e44459cdd89d4755f63cefb31d9854f1c299b333a79e3261c575d	False
8R8P	/storage9920/home/tinghao.xia/pdb_data/8r8p.cif	1113295	608ac193e83c72b7b36fb1f3dd7aa519a23c523bd64778f137e676659ba468ad	False
8RUH	/storage9920/home/tinghao.xia/pdb_data/8ruh.cif	1030345	6c178e798f5b28b5901b639bfa28cfac3c8110b6826008de0960067f086631de	False
8RUI	/storage9920/home/tinghao.xia/pdb_data/8rui.cif	1027968	fa1c0d324c5470b4486efac4ece9171bec4a3b8cc52ee8780c46a76a04934c89	False
8RUJ	/storage9920/home/tinghao.xia/pdb_data/8ruj.cif	1793905	aca6cf08f320c64d067e2603af5baad4dfabbd17f423b3da6d56d1d7617b430d	False
8RUK	/storage9920/home/tinghao.xia/pdb_data/8ruk.cif	1723868	cb2006a9b95edf12ad4ab880402186cfa804ca3bd6d5d80a16a6a89ac8f93ee7	False
8RUL	/storage9920/home/tinghao.xia/pdb_data/8rul.cif	1026473	28ca6dabe3b6e24955b95b50fb9fb9bdf9e4e4d763562ed26f84b7f1af3bacdf	False
8RUM	/storage9920/home/tinghao.xia/pdb_data/8rum.cif	1782426	4b41cf869bb391b4ae9ce2b638836a8226a51830c489377fffac41e90ab78feb	False
8RUN	/storage9920/home/tinghao.xia/pdb_data/8run.cif	1795955	92419fbbaac0a4ff7dc2cb96f2169e6650dc95bf5bfefb14a130a5cab7f40796	False
8S6W	/storage9920/home/tinghao.xia/pdb_data/8s6w.cif	500625	f08a47490eb2e60727eadc1ebdcac4da051893d67b7cab80b31b643e1cf44e48	False
8S95	/storage9920/home/tinghao.xia/pdb_data/8s95.cif	683158	fb72fd34bdc8f6e6fa3f962a31773ae353b665fce77805058c0744e7ee7147eb	False
8SA2	/storage9920/home/tinghao.xia/pdb_data/8sa2.cif	1041594	236c900776c343fa394ed17edc33034c20fc9888f04a1122622a86704b10f72a	False
8SA3	/storage9920/home/tinghao.xia/pdb_data/8sa3.cif	1037647	aef861ab49bee074206cdf3e6427ec267002f66de93c803e5ca60d39b431ea39	False
8SA4	/storage9920/home/tinghao.xia/pdb_data/8sa4.cif	619566	7cb532ce11b0435b08a68a4a22a92c27e17f73da5152e3ef7bdd357d847f2612	False
8SA5	/storage9920/home/tinghao.xia/pdb_data/8sa5.cif	873106	d1be200a3ea6980f011641400f22f7620bd38372cb3c2bc9a9b8f4024828050f	False
8SA6	/storage9920/home/tinghao.xia/pdb_data/8sa6.cif	818528	7c32630e2783390817b10e7061c17417a052bc7cf40366f5a20d9ab99cfa72ba	False
8SCF	/storage9920/home/tinghao.xia/pdb_data/8scf.cif	859833	3f92b7091f95a3a029417067707b781d0549c86ab7a04bacd19dd7e4cb5a5b0f	False
8SCH	/storage9920/home/tinghao.xia/pdb_data/8sch.cif	1938667	ba3868fa48ccc35d775eb8cd7519d35caa7e39b939d635fedc3ee4e649acce8f	False
8SKQ	/storage9920/home/tinghao.xia/pdb_data/8skq.cif	172696	6c2428d62d6c0ab9b9ff771665f0df094e64023ed7e01a81e75f4d791e6fe3fc	False
8SP9	/storage9920/home/tinghao.xia/pdb_data/8sp9.cif	647832	5f1c0713a1af6916f3a29cb6e7d98b04d79e2f2d35bbcd8dfdbcb569adf1bd31	False
8SWG	/storage9920/home/tinghao.xia/pdb_data/8swg.cif	143487	68f8d74828eba9d041c58fac4544ba4fc5a405426883bc5cafa400f4b84a292c	False
8SWO	/storage9920/home/tinghao.xia/pdb_data/8swo.cif	147219	2347680caf524500595297c384ce4a931e3e5a7ae888dc930cac4bf1fbfedb9c	False
8SX5	/storage9920/home/tinghao.xia/pdb_data/8sx5.cif	139377	f57b9e260b553ce8614f24560b11a06d7b3b2b5c148fa1dddbc300e4d2e187a4	False
8SX6	/storage9920/home/tinghao.xia/pdb_data/8sx6.cif	154506	cb305414957bd488583642f84bc86281c6abe5a609b0407e8767f801110e9de1	False
8SXL	/storage9920/home/tinghao.xia/pdb_data/8sxl.cif	136688	521b2af0b8d6f80505ad8d2a11b04e5d24d1616c8de9a226d568df191c357766	False
8SY1	/storage9920/home/tinghao.xia/pdb_data/8sy1.cif	216446	d58ce82a4c54f620f8e3fc1b963ba47172d0854cd28db22efb3bb38de594e45e	False
8SYK	/storage9920/home/tinghao.xia/pdb_data/8syk.cif	1952492	9fb2445bce3d3ff5684eef0d8546511092be1f708c0d7821b4f9e13e9476e266	False
8T2P	/storage9920/home/tinghao.xia/pdb_data/8t2p.cif	945234	6e46db324ec3c4f3b33fba5ddcf75d6a5eab998eca9bcbe941669f38040f869c	False
8T5O	/storage9920/home/tinghao.xia/pdb_data/8t5o.cif	477120	c74567f1d641340e2b6606a942e97a6cefb95d10f5b2d865f09abe2a917e65e7	False
8TDY	/storage9920/home/tinghao.xia/pdb_data/8tdy.cif	117654	14e3d0246458e85a93f93cf5e6e0a7a06d866612a6231ba33f461e27a31da9f5	False
8TDZ	/storage9920/home/tinghao.xia/pdb_data/8tdz.cif	113675	8b1e975a0dbe22538da6b7658b0d1b34da966beac6c69f9446f9479ae18e889b	False
8TE0	/storage9920/home/tinghao.xia/pdb_data/8te0.cif	114831	5f5acc675adb2b72de7417100adf0c88bf2db97d4e5656d46ac5ad08cb3b32bb	False
8TE2	/storage9920/home/tinghao.xia/pdb_data/8te2.cif	118070	d9f96e06f7facbbd2cfa26f135710ff370fa2dd9b279a4b8f2c452262417778e	False
8THV	/storage9920/home/tinghao.xia/pdb_data/8thv.cif	1656399	461a0267d35f557205ba708e324b41e81017a8186334717c5cc4e718529efda1	False
8TJQ	/storage9920/home/tinghao.xia/pdb_data/8tjq.cif	1060938	6915001fa1ebe54c62810eeb632e5c2fbe1bf5af2ccf347d972f0e3f1ffca1b7	False
8TJV	/storage9920/home/tinghao.xia/pdb_data/8tjv.cif	1087349	d5cefda145809867113dfc79fe25cf453d34d59f9800c031b39f1d26f7c7618f	False
8TJX	/storage9920/home/tinghao.xia/pdb_data/8tjx.cif	902881	2ee8a20e21682de0668d817c1155fffc26647ff913f3d0d88ac2150a1024bf23	False
8TKJ	/storage9920/home/tinghao.xia/pdb_data/8tkj.cif	452768	130b217a7a3e31ea19894f7a8da550b717cb0ee7bab7d40e4a72553da4d791c7	False
8TKK	/storage9920/home/tinghao.xia/pdb_data/8tkk.cif	297324	05ed24dea588e64b0e6eea56f2431ac0d518f707ab386eeae2e488545c4b40aa	False
8TNS	/storage9920/home/tinghao.xia/pdb_data/8tns.cif	1371084	928c47d4ccb515e6e98078fcbb6e4d18ee1f159417176d2a4ab389e0f62dbe50	False
8TOZ	/storage9920/home/tinghao.xia/pdb_data/8toz.cif	558643	9dee8ca61e1bb5267ffaabc44d026d9a2f311fd0e0174e3ec5d65ec4c8003ab0	False
8TQX	/storage9920/home/tinghao.xia/pdb_data/8tqx.cif	148716	4e46cd7b0027a29998df3e8748c151b38bcda340e877d74ce337da40ec34ef30	False
8TSV	/storage9920/home/tinghao.xia/pdb_data/8tsv.cif	561986	5fbf93ca2b1ddaa4c11c6bda0723aed0eb4e230299bb72d6f1c2db917f94f95b	False
8TVZ	/storage9920/home/tinghao.xia/pdb_data/8tvz.cif	903169	7a02401b681a6656dcf2334a64b8b192ff1615f83a20bcbd4e4edba83cf626b3	False
8U3M	/storage9920/home/tinghao.xia/pdb_data/8u3m.cif	992552	96a4a7a55133b0b47e983dcc4205401a17877658b9bb3f31eeee62d43002629b	False
8U5J	/storage9920/home/tinghao.xia/pdb_data/8u5j.cif	279677	1516b915fd6bf3e6a1e9148411cc1e4e465374cd14aa624cd07578419a3d0a5d	False
8U5K	/storage9920/home/tinghao.xia/pdb_data/8u5k.cif	599754	e3a1d603114eda7f37819c7a83aeb1a2d157ebc57c53886fe59df34dd6730cf5	False
8U5P	/storage9920/home/tinghao.xia/pdb_data/8u5p.cif	592915	caf2e24685439c89a1813de90cd20b01ecf7ebafa178f4490507f98d2228134e	False
8U5R	/storage9920/home/tinghao.xia/pdb_data/8u5r.cif	617301	9a7b7c8dcde2037c4fdd7168733b514d648413fe1103c61283c778aedf8f9157	False
8U5T	/storage9920/home/tinghao.xia/pdb_data/8u5t.cif	647130	7fc2bd40bf7f3fa1946b141a4ee76c293fc55a5e6ef2e79336b1fe005fe5b53b	False
8U5Z	/storage9920/home/tinghao.xia/pdb_data/8u5z.cif	646473	8e355548236f291876b2191501342b8cdc007d2d51ccfb8b4d6689df77e701ce	False
8U60	/storage9920/home/tinghao.xia/pdb_data/8u60.cif	609252	3cc273c6b1724333a713c4bdf11b919a04e26f91f6a883e15cc1f1b5158faf9f	False
8UO6	/storage9920/home/tinghao.xia/pdb_data/8uo6.cif	1219798	d6c273ce152c097fe8a32f4003bd7ce1f6b713815d3ca83d21565c25ffcf3a89	False
8UPT	/storage9920/home/tinghao.xia/pdb_data/8upt.cif	187839	1db45fe20277060a67da673400fc7453cad84de99ab61e3ccd606b4c728aa1e5	False
8UPY	/storage9920/home/tinghao.xia/pdb_data/8upy.cif	198775	53bcdbbb72d09cce47cdeffe7ced2f96fe728fec48f3a4d744cfa03ff12d6043	False
8UTG	/storage9920/home/tinghao.xia/pdb_data/8utg.cif	321101	8924750d38695eeff000d727a5e9bd505d41747efb4a92df3d13563a5f74920f	False
8UYE	/storage9920/home/tinghao.xia/pdb_data/8uye.cif	11897677	a1b673a6c1cdba25a804eb59bce7b95456756d4ed0653a1485eb4bb2b5802e70	False
8UYG	/storage9920/home/tinghao.xia/pdb_data/8uyg.cif	11895508	5608b7400d6db2f3dc55a36a2dcfd83e7b2439951d54fd68fb137fe322bcb530	False
8UYJ	/storage9920/home/tinghao.xia/pdb_data/8uyj.cif	7870546	fd8e661c43761b00e87b3bea1c3ea0b7242d0ae71d51901614d0d051def7dd32	False
8UYK	/storage9920/home/tinghao.xia/pdb_data/8uyk.cif	11882441	ea52989b1dc20fe55fc48e901ed334e8b29db732c9f2efafbdbb4fc5bf5dc3e6	False
8UYL	/storage9920/home/tinghao.xia/pdb_data/8uyl.cif	11882996	7367d8ac76c76bbfeea4c1b615d393a2d745b1e4b327759312dbf2ce0465ad59	False
8UYM	/storage9920/home/tinghao.xia/pdb_data/8uym.cif	11884136	8e74e7098ed46adc7bc08da79cf93bd935e87a875a57697bc95d301e422180c1	False
8UYP	/storage9920/home/tinghao.xia/pdb_data/8uyp.cif	8310302	aba9b665d2e38fdd2a5cf03eda3e4bae6f163022ba5aa0325dcd02f6db55466f	False
8UYS	/storage9920/home/tinghao.xia/pdb_data/8uys.cif	10897047	55156f95c6e675a658642e685d1b48e29078b1692213b45c3ba30235cf525733	False
8V1H	/storage9920/home/tinghao.xia/pdb_data/8v1h.cif	363426	268f4ebc729c8f34ee50f7aea4837db18e7c80a6e6fcab8099ff10d6c23746ca	False
8V1I	/storage9920/home/tinghao.xia/pdb_data/8v1i.cif	561424	2bc85517c626306f9b0a12c977f2ca96fa6c92234bd8fab7957207689b84be02	False
8VAW	/storage9920/home/tinghao.xia/pdb_data/8vaw.cif	174480	7d4c019f52c63a4241f8436063679bdbab238e8c6eab328acfe9b36a814788db	False
8VAX	/storage9920/home/tinghao.xia/pdb_data/8vax.cif	183506	fd1d511476b6f28e9782e6b30ed3e89a1b78238177f89de185dd8cbc07f6df14	False
8VCI	/storage9920/home/tinghao.xia/pdb_data/8vci.cif	3061317	679763760e27c2be750fc2c2e5cf7cfe1da2157bd6723afac233a633f924332a	False
8VFS	/storage9920/home/tinghao.xia/pdb_data/8vfs.cif	299327	7348ddd84f8e243b6d813f6f565402bef3b7fc20095a2a841de223dfa92e82e1	False
8VJT	/storage9920/home/tinghao.xia/pdb_data/8vjt.cif	246341	aaac299daa0b87434709d4601a898492a5d94d4755a35ec5ca1644a5bb2e0f86	False
8VPV	/storage9920/home/tinghao.xia/pdb_data/8vpv.cif	581820	ebe50690ed76a7779a64d03f3ca0789d73173c3f8897107236d7747772c492e8	False
8VQV	/storage9920/home/tinghao.xia/pdb_data/8vqv.cif	332056	2902d8606c0484071cce72e31e35c1c3604a79ecb6742b5252d9b59aa7d5da3e	False
8VT5	/storage9920/home/tinghao.xia/pdb_data/8vt5.cif	312434	45ecc8a9af5c14f17d5259d648b4c84a744f4223f62e3e613b9280aa71c2b97d	False
8VVJ	/storage9920/home/tinghao.xia/pdb_data/8vvj.cif	347818	44294a9ffe01f9c1864c33830f751fb98dba181c40a7ad03f5f22e1eeb635e37	False
8VXX	/storage9920/home/tinghao.xia/pdb_data/8vxx.cif	625729	e0d55194d289a290285fa357cb1d33e51ef8dad8f380ec0628a4a54c756be446	False
8VXZ	/storage9920/home/tinghao.xia/pdb_data/8vxz.cif	626919	aa78bfd8c8ea30fba6d85e113118b0a53d660c014959d710137ac6f98fe84bf8	False
8VY0	/storage9920/home/tinghao.xia/pdb_data/8vy0.cif	628975	b054671909abfb4d9052c5ca0c1286a384ae57ed08f631740e1bec0c1e9e55c2	False
8VY1	/storage9920/home/tinghao.xia/pdb_data/8vy1.cif	617186	47ea79bb4398274b0956e49230255ec3550de28741b9710aac3ee3f06120c976	False
8X0S	/storage9920/home/tinghao.xia/pdb_data/8x0s.cif	135408	f60327ed3489c71a05c211246f7f72666df8d1fdee175b4324205c6f6d353c62	False
8X9K	/storage9920/home/tinghao.xia/pdb_data/8x9k.cif	1972554	7b6c95ccfb25529834de00ca083d6ddd45e6bbd56d6d42fcd353b568d57ab586	False
8X9L	/storage9920/home/tinghao.xia/pdb_data/8x9l.cif	1846772	014005f465ccfa98b7d7444319068da995ac6a8f88e43ee5c386791f5e3c454b	False
8X9M	/storage9920/home/tinghao.xia/pdb_data/8x9m.cif	1963638	0c4963e4cf6070705f6593c0b10d16f55d17d2c600c97e0a790123e10a01f01f	False
8X9N	/storage9920/home/tinghao.xia/pdb_data/8x9n.cif	1834031	23189492a42fa32c38341bcb852a5a5971f52b624249077a993b866ee8d7a60b	False
8X9O	/storage9920/home/tinghao.xia/pdb_data/8x9o.cif	1886090	cb9e6fa95eb95016f67db2135689f251c60af7592c4fc8be3d1d5cc8dab555f2	False
8X9Q	/storage9920/home/tinghao.xia/pdb_data/8x9q.cif	1820780	3f8c3bfc4c30fe0ef1d7b6f3c44d607923d7883e533c81308fb9ac403cb81961	False
8XTP	/storage9920/home/tinghao.xia/pdb_data/8xtp.cif	1802122	89c7b6ecd68191ed5425086bddb60769cf3afaf6890b3ffc88edfe26a4bed594	False
8XTQ	/storage9920/home/tinghao.xia/pdb_data/8xtq.cif	1785732	fe78a9c67f17b890d76dbae9e40965429aaaf4a38a6605e4d9b16b796d6b9cca	False
8XTR	/storage9920/home/tinghao.xia/pdb_data/8xtr.cif	1797433	f7fc8038448affdeb754cc6a8473f77e3f52847cc62007c386efc43838cdc248	False
8XTS	/storage9920/home/tinghao.xia/pdb_data/8xts.cif	1791006	aa4321e781a02270efb7b2ada7d8abc11f3b39a9d0514381d3ae2fd3ddb08b0f	False
8XZE	/storage9920/home/tinghao.xia/pdb_data/8xze.cif	195848	c2d90df66f246792ed7d63bcb8554d464de62abce9ada170162ad2d48b898b1e	False
8XZK	/storage9920/home/tinghao.xia/pdb_data/8xzk.cif	178630	395146dd474fa8229a9aae3b1c11620e1b8de02f23fe45afb497ddf5aaad7626	False
8XZL	/storage9920/home/tinghao.xia/pdb_data/8xzl.cif	195338	e9bdf8dc28d54f51331c316206d9719e7a75f7aa46f09a750310a8f50acfdedb	False
8XZM	/storage9920/home/tinghao.xia/pdb_data/8xzm.cif	197771	e08c0b8790461471b3ee2ee626ddf89fa5a33125c0150e7eea87cd56f4c73de2	False
8XZN	/storage9920/home/tinghao.xia/pdb_data/8xzn.cif	194880	a2ef1248d04759e9318c7b6cbb2ec4b27f21e8c80f2fb4fc5275316a40ad93f8	False
8XZO	/storage9920/home/tinghao.xia/pdb_data/8xzo.cif	194421	9ac547249ee7216554869594ada822666357cb224d7b2ff6658668601a78ae60	False
8XZP	/storage9920/home/tinghao.xia/pdb_data/8xzp.cif	201055	1b2e215cd674a2122683133d0d6d6807be8d3a21231ea2b3d64c250083a1b901	False
8XZQ	/storage9920/home/tinghao.xia/pdb_data/8xzq.cif	196712	a654defd74f0fc147c99363c72a18c36471766596f51d3315dd552a497fc716a	False
8XZR	/storage9920/home/tinghao.xia/pdb_data/8xzr.cif	197663	fd2a47573e15b28097b5018036c700de477c482e2b9c7193b7f0f8ff0e872d3a	False
8XZW	/storage9920/home/tinghao.xia/pdb_data/8xzw.cif	196297	74a5c1ca02484aa07c896a495047ff4a01b93119192199a0d7f081f8ac913564	False
8YAM	/storage9920/home/tinghao.xia/pdb_data/8yam.cif	199912	2bb6239663ccae9de55c18c85b233cda9d5ed0be00aaf10898a1a5cd75d699ed	False
8YAN	/storage9920/home/tinghao.xia/pdb_data/8yan.cif	198130	0414ef79ad5c96b8872a0b028a25f02251a31ae52c198c679bba3155da792a2e	False
8YNO	/storage9920/home/tinghao.xia/pdb_data/8yno.cif	135609	b973179deed52d421b7f4481dfb7017a60738266b216fbe8fc07b129b4db3898	False
8YNP	/storage9920/home/tinghao.xia/pdb_data/8ynp.cif	131412	1d097f87b60d10720f2f5c755becaaf42b33e76418d39c55e55a8a489a4b5190	False
8YZL	/storage9920/home/tinghao.xia/pdb_data/8yzl.cif	601057	c9203e6bd3d02a3c9023d871fd1775576db3befaec8e59c0b543f128e7cfb15c	False
8Z8Q	/storage9920/home/tinghao.xia/pdb_data/8z8q.cif	664139	443c9927264d8d03ff21f64c6dbc0084b6ecfad377b6688bbee5905c0043d480	False
8Z8U	/storage9920/home/tinghao.xia/pdb_data/8z8u.cif	430563	f226645dc0f4fa812d705232c57d316fea90b0d9183d70da4d65b82dea43a456	False
8Z9K	/storage9920/home/tinghao.xia/pdb_data/8z9k.cif	434432	0241f2cd9c1feef7f720050ceebc71a777bc30d4da1ad480f42a8fb2787d749b	False
8ZA0	/storage9920/home/tinghao.xia/pdb_data/8za0.cif	501207	e8343b39eaaa567a24ad60a03d775d53d92977b399ac66c6b9210969e71a9c23	False
8ZA4	/storage9920/home/tinghao.xia/pdb_data/8za4.cif	333418	29c239e2b4d52f0546c2dc71494318c7f604d8a719b27bd526dde92f92443b90	False
8ZAU	/storage9920/home/tinghao.xia/pdb_data/8zau.cif	425533	13926b411d40de1251eaecd580e63b2bcd2224ff0d52bc1a058c4517473e7c07	False
8ZMH	/storage9920/home/tinghao.xia/pdb_data/8zmh.cif	415311	ce221997c7c28f7e8d5c05e2f2cbf779bff2289f60327229ec24ba31e13c8300	False
8ZNQ	/storage9920/home/tinghao.xia/pdb_data/8znq.cif	1002088	eb28618772a8b4a04ffc375f785e6e4cb6546f3fb720ab5357099640097bacb2	False
9BCI	/storage9920/home/tinghao.xia/pdb_data/9bci.cif	1524189	b443d159d6fd7bbef6eea4213ebc000e5387882677f1970679fa470b508b780d	False
9BLM	/storage9920/home/tinghao.xia/pdb_data/9blm.cif	2069075	b6811b9a91f73eaa65fd1ade7616e57844cc01e7efb13accdbf36e1ea51781d4	False
9BUN	/storage9920/home/tinghao.xia/pdb_data/9bun.cif	622863	152b989f6c14f544ec283ba2b0654c140cd8a78d34920d50025572104060bd1b	False
9BXE	/storage9920/home/tinghao.xia/pdb_data/9bxe.cif	1927586	afc01ce1db311453cf507877332b737e21e1a04ac231cfc38b25bcd0410e6ecb	False
9BZ1	/storage9920/home/tinghao.xia/pdb_data/9bz1.cif	765878	e9470af34fe673182b6a573d658e73728126b0e87af8eadedd68644a3445412b	False
9BZC	/storage9920/home/tinghao.xia/pdb_data/9bzc.cif	428535	64081fd77fbb058b6df1df027ba3e62d86d6f32d98231c0ee397676a323e9ea6	False
9C6I	/storage9920/home/tinghao.xia/pdb_data/9c6i.cif	957567	3110abec5146fd533693ee49d96845ba0362c4d409af32ab47858e8dfdfa74e0	False
9C6J	/storage9920/home/tinghao.xia/pdb_data/9c6j.cif	955174	0a4989bc932590b3356fac58fc3024f88332d5dcd33333cf02400b7944eca16d	False
9C6K	/storage9920/home/tinghao.xia/pdb_data/9c6k.cif	272656	273d5158da92494245ded010107e3e133f2c9e625f5a04c85dcad4a040bca5db	False
9CBU	/storage9920/home/tinghao.xia/pdb_data/9cbu.cif	1022973	666ad540b01f4a18b595739b5d29420bcd1804f88baf9c6bd33e51da555a1e3b	False
9CBW	/storage9920/home/tinghao.xia/pdb_data/9cbw.cif	1021955	f5d83e2d7cb03b39ee676dadfd70ffdb9e62c433578da39d4b289d8c21b1779a	False
9CBX	/storage9920/home/tinghao.xia/pdb_data/9cbx.cif	1053384	6ea1f67127e349b5a0986ea405547eba2c1197e1614a2f5d44f8c66e179dd07f	False
9CBY	/storage9920/home/tinghao.xia/pdb_data/9cby.cif	1059853	8f86fcb3b65c3bb9aacd600c0b35dbbd41855dcaef2b72be4e8fb9114b61373b	False
9CFN	/storage9920/home/tinghao.xia/pdb_data/9cfn.cif	569146	33df24130e52756dd0abf21f852f39095d095d38d53292309caf920f2f7216a4	False
9CPD	/storage9920/home/tinghao.xia/pdb_data/9cpd.cif	1610218	19a31a367b24f54a223a8e01b01c2b0d9f14d9b9bec347fdadb563d935a5529d	False
9CPG	/storage9920/home/tinghao.xia/pdb_data/9cpg.cif	1670122	2925db241bffc62ec7e82b2ef11a66591fda3c009a748efa496edff01663b8b1	False
9CPI	/storage9920/home/tinghao.xia/pdb_data/9cpi.cif	1707110	9b2534069e184fc0a23edd24c952c9b2a8adc26eee3f9652dc07ead07f639b96	False
9CPJ	/storage9920/home/tinghao.xia/pdb_data/9cpj.cif	1403174	152392d81228ce94c5c4bc10ddd6a30557ec8c5481e758f9b13bba68cc71d5b4	False
9CSO	/storage9920/home/tinghao.xia/pdb_data/9cso.cif	117747	857561c758dd2824a84dce20285d9ab0454894c8daa52e7a875dc62be34317b3	False
9CSP	/storage9920/home/tinghao.xia/pdb_data/9csp.cif	122069	7ce8ea53067fcefe41948a421e0afc450a0477d06a59dd679fef529cd9a9ddb1	False
9CSQ	/storage9920/home/tinghao.xia/pdb_data/9csq.cif	114653	ec2ad1e7747587d1d51a84d39dc73c0fc1c3e6641772914816628333dddc5a7b	False
9CSR	/storage9920/home/tinghao.xia/pdb_data/9csr.cif	117311	122f1562ffbde11060e32e5db048dca72bf511931fdc31f7410db03a802bf273	False
9CXF	/storage9920/home/tinghao.xia/pdb_data/9cxf.cif	532384	8bcf337f0f0416f927e0b731c9e8ecdb2454b027c02fec351f2fba31a4518453	False
9DE6	/storage9920/home/tinghao.xia/pdb_data/9de6.cif	537395	30024e2c1332863bef74c749b7247d554e0306873bbec1ac39f3a3380ebc6fb7	False
9DE7	/storage9920/home/tinghao.xia/pdb_data/9de7.cif	307350	a10c531eccdcf36a49f28faf4e81cefae2bf90ae090ffad3a3ca055968c69039	False
9DE8	/storage9920/home/tinghao.xia/pdb_data/9de8.cif	195814	9e953f1cf01b382de5e24fa57676a55f017277c84bc904b90e718afadbe7c3de	False
9DIB	/storage9920/home/tinghao.xia/pdb_data/9dib.cif	907811	3da52e5833cb6ceddeb1a72078ecdf347a911ce1c59273cf5cc1ac04261e1dd5	False
9DID	/storage9920/home/tinghao.xia/pdb_data/9did.cif	882576	5f3055026c7cf2950c5d0e4b9cd0ee48c34138458dbd7315b4d5cfd2f5940953	False
9DIG	/storage9920/home/tinghao.xia/pdb_data/9dig.cif	728736	d4a86dba2584e53d8cc2031967f611880890a785127a8c7bf532209f81804d42	False
9DII	/storage9920/home/tinghao.xia/pdb_data/9dii.cif	689646	1913ccdfa958146b4eefd2bcac836ced512988bc83ab2b4c2d961d1ba667dc3c	False
9DKG	/storage9920/home/tinghao.xia/pdb_data/9dkg.cif	1517016	e533d1001f13a8a1bb7280d687dedc5cc5dac78404c50a71eaaf889eff916798	False
9DLL	/storage9920/home/tinghao.xia/pdb_data/9dll.cif	1796259	c395171b18599cf92d4659fb2e15b91d9d531ed323c81ec9d07c8c265dbcb686	False
9DLM	/storage9920/home/tinghao.xia/pdb_data/9dlm.cif	1866007	48799f9d679bfe6e997eca31e292db1855124f6656b39e09a26e612cb0febd04	False
9DLN	/storage9920/home/tinghao.xia/pdb_data/9dln.cif	1723621	87b636e65460f8ced3da3ada0b4d88670dc9a54bb9cbfb2f3ee36bb98639c6d2	False
9DP9	/storage9920/home/tinghao.xia/pdb_data/9dp9.cif	1097510	0c486cba4c2d4eb2fd8e7b4a6695bba30afb665414c2af4103a3d5cbf423b4ea	False
9DXL	/storage9920/home/tinghao.xia/pdb_data/9dxl.cif	445184	0c17f919611d2fa940009f48c6f00d06f633673e028926aa47270afce041fc81	False
9E5H	/storage9920/home/tinghao.xia/pdb_data/9e5h.cif	492706	fb09b787f4d572a4bdbf6bd64973f0d8324ac12ea2df9a48cc46204f14729de6	False
9E5I	/storage9920/home/tinghao.xia/pdb_data/9e5i.cif	916354	8ad2cc67fa333c698ae7271834136d2f438fd9e947a16295aa8a1fd8c0b8efb9	False
9E5J	/storage9920/home/tinghao.xia/pdb_data/9e5j.cif	531513	abcaa4ec66f74c1b63f7b1b94137ebda3900cbfdc45a440a2f7f2cf1b155804b	False
9E5K	/storage9920/home/tinghao.xia/pdb_data/9e5k.cif	1058527	aaaa7866f6d46718980888f25b35270cac9d4d5248970482606ea8c338aed2ea	False
9E5L	/storage9920/home/tinghao.xia/pdb_data/9e5l.cif	905181	4e9a594bc7b3142a7555360171732ab57a7c85c118bdd7f36271a7e32b1de490	False
9E5M	/storage9920/home/tinghao.xia/pdb_data/9e5m.cif	915221	5543ce5bbb6177577eed91bd8d04afd45b58604d243a2336e75a5eea474cf296	False
9E5O	/storage9920/home/tinghao.xia/pdb_data/9e5o.cif	932640	61d3ef83e8905a6b7871d0e746f35f1e5366a4dce2c289c59d9a3eff47edddd3	False
9E5P	/storage9920/home/tinghao.xia/pdb_data/9e5p.cif	536930	d635104097ff06af733cb461312d1ac79d4839bc5b749c96556c00c79421e1a3	False
9E5Q	/storage9920/home/tinghao.xia/pdb_data/9e5q.cif	932355	2e2ee4e943328c7b40fc8b53e082f15952eb6eaec2ab66809fca4f237018c21a	False
9E5R	/storage9920/home/tinghao.xia/pdb_data/9e5r.cif	535773	67da05f4d4aecb40417424c6554ea882151430d9e7a3b54c784a6080b73c45ef	False
9E5S	/storage9920/home/tinghao.xia/pdb_data/9e5s.cif	525897	89d4edccc57a7bd0011716317614ef098fe3587a438e3c203c49f86122f26a27	False
9E5T	/storage9920/home/tinghao.xia/pdb_data/9e5t.cif	563652	11b7e927200b299be3265851243de3f9eb99977fc0ae1b222ed117c0dcb9f88f	False
9E73	/storage9920/home/tinghao.xia/pdb_data/9e73.cif	486432	18d47959337b4e7a6ac4acc90cd2eff85507842aaf67c0e1fd4e17f64eab5a01	False
9E74	/storage9920/home/tinghao.xia/pdb_data/9e74.cif	590286	59bbff0e9dc41e7670bf38bc50e60d8ab2a0246581dbf56df8403921a05b01b4	False
9E75	/storage9920/home/tinghao.xia/pdb_data/9e75.cif	381278	39d593a713f3a3ca18137fd8c0b3ce4bf42fc1adff926fbe434a7ab5d2598f02	False
9E9O	/storage9920/home/tinghao.xia/pdb_data/9e9o.cif	492136	ab321afcae4ded466451e3fe071143f47d033cee22cc6c00f09b23d8291ce1c6	False
9E9Q	/storage9920/home/tinghao.xia/pdb_data/9e9q.cif	490614	15ddcbc93699ed2a928636ce39f0ffd86c0b90b2e63772c4d9b5c54e24b6a068	False
9EBP	/storage9920/home/tinghao.xia/pdb_data/9ebp.cif	463054	a6cdf805b45e98c1b2ed57da05debfb03a552c756ec2199363ea743b938c9a56	False
9EBV	/storage9920/home/tinghao.xia/pdb_data/9ebv.cif	468338	5b67af7a7cec842c65b6a5ef4a7e1cab50992692ed6a4e0bffe7c855c1f22418	False
9EC4	/storage9920/home/tinghao.xia/pdb_data/9ec4.cif	496938	de1ac3bfeebf392bd7d133a88afc3e91c71aede7b664240a3be83d94850b131b	False
9ECQ	/storage9920/home/tinghao.xia/pdb_data/9ecq.cif	755750	37c100e05f7a5bdee9b2a464a3d9115574379125faf9f03408305541c8cd6006	False
9ECR	/storage9920/home/tinghao.xia/pdb_data/9ecr.cif	1119917	875af1d53ad5c351a1a473249afb47a8ae6f86098b57ef166a9cd1858dc7fbda	False
9ELR	/storage9920/home/tinghao.xia/pdb_data/9elr.cif	573089	f702cb9589a3a0debef78381f40c38b8e27b2efd4674d73f940f7f0bfd7e1b43	False
9ELY	/storage9920/home/tinghao.xia/pdb_data/9ely.cif	473546	808e6f00a2ddd44d8fb1e8aa6c922fc2240e4500c23aa462a8def2e978473de6	False
9EN6	/storage9920/home/tinghao.xia/pdb_data/9en6.cif	217090	d600b870304fa6443fcb8d8b9f99f2494f1dad59424054204206e3ffe7efc58a	False
9EOW	/storage9920/home/tinghao.xia/pdb_data/9eow.cif	847795	32b80f5d8fd62255821560d3c1235fa96da5cb350c2c0e67f8b1c93a333ca555	False
9EWW	/storage9920/home/tinghao.xia/pdb_data/9eww.cif	397875	8bb224f632deeb951978c09addd9121c86e4e6d79b595ba95191c956b21b4f87	False
9FM4	/storage9920/home/tinghao.xia/pdb_data/9fm4.cif	1490112	b0110fea9d6c7b328caa391957fc126d8111ba6f7baff74c9a1fb419cd9a8280	False
9FN2	/storage9920/home/tinghao.xia/pdb_data/9fn2.cif	801587	f24744bec6075289093f1ae73e4d769aeeb0a4732958dc0494aed93f5416c7a0	False
9FN3	/storage9920/home/tinghao.xia/pdb_data/9fn3.cif	654818	02b071af9da034da5aa5134b7489406d249af0f3a29847d5f58709bb94d8474b	False
9FO8	/storage9920/home/tinghao.xia/pdb_data/9fo8.cif	842156	496b9ca88c02c53963b72ecbcb47fdae7bcfcf6ffda5bf0b68f17af66a46fb99	False
9FO9	/storage9920/home/tinghao.xia/pdb_data/9fo9.cif	970767	77548b45d2e6d96a21389e9af51104c6f9c248a0b52f6e1ce5fa0aa03d688155	False
9G4I	/storage9920/home/tinghao.xia/pdb_data/9g4i.cif	664538	6269d9a9657e1cc9e183973f558121b0e808b9bd93a3fe448428348498c45468	False
9G4J	/storage9920/home/tinghao.xia/pdb_data/9g4j.cif	595026	2dd3230e527ab0bf371949766066b3e8e9dec0ef9766688e0e0800283216b740	False
9G4L	/storage9920/home/tinghao.xia/pdb_data/9g4l.cif	652533	3ac1206f81899a40ecd6c7e09c33c5d62944415b96a8a8940af101aad24a4671	False
9G4P	/storage9920/home/tinghao.xia/pdb_data/9g4p.cif	338898	f6a37d6211c80e117e251fd2e0c9238418dfc3bbc0bad2cf973405c87f31c117	False
9G4Q	/storage9920/home/tinghao.xia/pdb_data/9g4q.cif	506909	2636793f4ed34a68a4d32092461844de83ad800bafc3f0665f526f8967c1740f	False
9G4R	/storage9920/home/tinghao.xia/pdb_data/9g4r.cif	261857	506b3dac81cf58ac1a4c01575d889a74e2753002ad305ace279576328a392d3a	False
9G4V	/storage9920/home/tinghao.xia/pdb_data/9g4v.cif	547069	01c42c88ac08970a04c649c9088214be6dab30beaa30f5c5efa2b0d577ffb9bb	False
9G54	/storage9920/home/tinghao.xia/pdb_data/9g54.cif	716029	d54ba91f3cbeb302395cf4eda7e683a30ade8700bae16f2437b6262d905783ee	False
9G56	/storage9920/home/tinghao.xia/pdb_data/9g56.cif	687577	257d738396b18202ae349ad8b0fff1e9c3f8a8e0eeb0be08661db74929b892c4	False
9G7C	/storage9920/home/tinghao.xia/pdb_data/9g7c.cif	2210551	a3ec3eb1771dc883afe6ead5fd18973f941132fbe28487922aab34c124ac3c66	False
9H82	/storage9920/home/tinghao.xia/pdb_data/9h82.cif	252209	682ca109a32e1289d8d64b21f9dc9e1aea311f4cdfb9c3b3ca40fda8d25b772d	False
9H83	/storage9920/home/tinghao.xia/pdb_data/9h83.cif	429866	4cb995ea0628cb31ce0dd46050530695927b4df29a71e022b283ba010a94a332	False
9H86	/storage9920/home/tinghao.xia/pdb_data/9h86.cif	1058429	aabfe900c1ca5ba7aa8f50ef7b52149bac1d29a914fde1633b04d86a8f71fb08	False
9H8A	/storage9920/home/tinghao.xia/pdb_data/9h8a.cif	1067859	86e44ea7b5cab2cd5960db1f6161aabac72461347ca7c736ce9613ef9d562734	False
9HRD	/storage9920/home/tinghao.xia/pdb_data/9hrd.cif	2165963	86fa03e39f00f80264d8164cdc43c2b705965ab4d7b9c44b398cebb3510f7996	False
9HRF	/storage9920/home/tinghao.xia/pdb_data/9hrf.cif	512525	4730d1e84d78a969db5b4fbb23233e4b0c4ed585c27d2aed20687ffd79f3aad3	False
9HRG	/storage9920/home/tinghao.xia/pdb_data/9hrg.cif	1447483	437f57937d84a467520d5004c066540a0c91480e3607a26c0df5257b310fdb3c	False
9HRO	/storage9920/home/tinghao.xia/pdb_data/9hro.cif	1186120	50f6606b06a1ea7f80716d5eae40958763815f49f3ebf64d2a2eba0ed85fdbc9	False
9I8B	/storage9920/home/tinghao.xia/pdb_data/9i8b.cif	1141925	7265946aa848291d53825f95663a5e3e74b1ad9c185cf75d800f3a5844ea70de	False
9I9W	/storage9920/home/tinghao.xia/pdb_data/9i9w.cif	259332	9e5dd7c76216d57dd641c3b3886ec37fa920b2741d2b3b049580dece42d0cb1c	False
9IF0	/storage9920/home/tinghao.xia/pdb_data/9if0.cif	140731	f1204191f26c69b7ff74ebec6732f9c510a86d9f47c6a6930610998e106f43e9	False
9IF1	/storage9920/home/tinghao.xia/pdb_data/9if1.cif	131023	fbcd9d7fe06c8728e32cfb0230807d0aad76902a4a9d261428e9a3bfa36f40cf	False
9IO0	/storage9920/home/tinghao.xia/pdb_data/9io0.cif	728572	c536d5bbb2ba7aaef594d7625cfcd5318fe92c43e126bda88c7075aac40a36d4	False
9IO1	/storage9920/home/tinghao.xia/pdb_data/9io1.cif	717001	2b29b558606b74ee546ef77a90c16e738d6b546c6e42d3635b23633cc3a76736	False
9IOR	/storage9920/home/tinghao.xia/pdb_data/9ior.cif	727177	baf2b67faf6d3602f17fafa0aa0aaab6fa09c027dc2b1d42b62771430e139163	False
9IOS	/storage9920/home/tinghao.xia/pdb_data/9ios.cif	727530	e8a6f27375714b138daf05d3e662471f5791af6d9ec684d62a4bdfbd1905ac4d	False
9IOU	/storage9920/home/tinghao.xia/pdb_data/9iou.cif	722769	b7105eba818ab349c89965d34224c128fde11220c4a20d02d9b5d06dace46838	False
9IS7	/storage9920/home/tinghao.xia/pdb_data/9is7.cif	1691885	afeec2aa2af2f8d26262100a607273228496521b40dcac4eae99371cbe8721bd	False
9ISV	/storage9920/home/tinghao.xia/pdb_data/9isv.cif	808076	54fff4f3599bf3b40be5e6c922d0d8220d9bc1e3b12cf95f7cceae90b1ec5e00	False
9IWF	/storage9920/home/tinghao.xia/pdb_data/9iwf.cif	401010	37a10a50c98ae3d1ea345e25de462fc2189c7b12dd1e3b7246304c9c88ec12aa	False
9IWG	/storage9920/home/tinghao.xia/pdb_data/9iwg.cif	433541	fa65fe5242edc66fa710356ae0d4d584b2ed89a82ff1d8c8bd9bccfc8ef401ac	False
9J3R	/storage9920/home/tinghao.xia/pdb_data/9j3r.cif	3984636	1426f61fb3ef72b4a35346974e8f75b79cae4ab878e7bc5a68491e53f4d7d48f	False
9J3T	/storage9920/home/tinghao.xia/pdb_data/9j3t.cif	9070551	21e9cd322ac0ebf080e3be4d5229c4a7340dc80fec956ba9e1b7aece6c3ea408	False
9J4N	/storage9920/home/tinghao.xia/pdb_data/9j4n.cif	231176	623eee52cf4c277c836c883957609c411d9e81d627f4d5b3274723cafc8c634c	False
9J4O	/storage9920/home/tinghao.xia/pdb_data/9j4o.cif	259809	08eb8336b3d340afcd8e2e252c64d45c35ae8e6b5e2c77500babd47fbcd60ac8	False
9J6P	/storage9920/home/tinghao.xia/pdb_data/9j6p.cif	166964	491f711df5796f6db7acdc3f15b39a31d1658e431524a50d1aafa8de2be29f07	False
9J6Y	/storage9920/home/tinghao.xia/pdb_data/9j6y.cif	6844770	6755b585fd6bb6ea2949cb80c8d69c6766317575ed488950a6db74ad1bbdceef	False
9J9X	/storage9920/home/tinghao.xia/pdb_data/9j9x.cif	981922	5a64f7259a8f1671edaa8c8396c9aa7da867a74d27080cf73ecb3c7a53f53aa3	False
9JA7	/storage9920/home/tinghao.xia/pdb_data/9ja7.cif	135111	292782eaa6a5471df6129e60f71b98fbbb9741aa4488cbdcf8859d97c18a1cd2	False
9JA9	/storage9920/home/tinghao.xia/pdb_data/9ja9.cif	135793	dd0fe3dc280c276e7589766b6ba615e4f680a07089c5d5f02807125fec1c3759	False
9JC8	/storage9920/home/tinghao.xia/pdb_data/9jc8.cif	860885	fe6405a2dd25aa3d6f7bd0a4d8585d4f41bc804d1d8648d47a6caafb6891c912	False
9JGM	/storage9920/home/tinghao.xia/pdb_data/9jgm.cif	1987419	31269423fe6b70bba0e754fe0aa647230bb4387b9ab88eaa0cacbcff6714ae5b	False
9K9G	/storage9920/home/tinghao.xia/pdb_data/9k9g.cif	793221	475b7d07b4ac5a28e380c3ca60950edac3ca7beb79196ec836a715c8c77a5aee	False
9K9H	/storage9920/home/tinghao.xia/pdb_data/9k9h.cif	814400	ae589a9f1f9ef6f86dbd5b669472dc6a938701c305f386cd9b5c0c5639149be0	False
9K9J	/storage9920/home/tinghao.xia/pdb_data/9k9j.cif	610984	0ccb81f7a57a255043a23aa7c626e76dc138b3a00512a5b09b3d0857a8480a36	False
9K9K	/storage9920/home/tinghao.xia/pdb_data/9k9k.cif	604192	440b73768d55f492dbb3e0c8ae8de4e82faf7b1e3c409c20db91939625437696	False
9KAD	/storage9920/home/tinghao.xia/pdb_data/9kad.cif	822130	e4919dd81ee83fa2ae830e83f56c61326b90bff385881f2d8cb0ace8f8bcd0b1	False
9KGG	/storage9920/home/tinghao.xia/pdb_data/9kgg.cif	654666	fde2b1a21c05545e9cf4aaf6510937bb0daab47389d1f7b5d9d1e8450a464c27	False
9KGH	/storage9920/home/tinghao.xia/pdb_data/9kgh.cif	638554	3ff60072dc4c0df91f1387ff01d1631ceb51c520bf0aac32d73b1c835930a6db	False
9KPH	/storage9920/home/tinghao.xia/pdb_data/9kph.cif	1108993	e1232abbcf2547f457f1c44367828cc92701089a358bbd5836b8e8991a3c9f8a	False
9KPO	/storage9920/home/tinghao.xia/pdb_data/9kpo.cif	1104380	9ae4e48816c31df79182d2f78cbc2c89f6c1a3240a6aebadb810783c2a52b475	False
9L0R	/storage9920/home/tinghao.xia/pdb_data/9l0r.cif	16895393	82075ccda2dad7ba225c0aba06d43769b77d6a4aae319f12f6af3775cd35869c	False
9L8F	/storage9920/home/tinghao.xia/pdb_data/9l8f.cif	207930	7140831bee93003bf33289d035f139ba0267b6b1aeae9e1f696d03f93395af15	False
9LCR	/storage9920/home/tinghao.xia/pdb_data/9lcr.cif	1749933	97cae5718c9040e159bc5f0a66a4e7c9319435a97705ea2f63899855aa1ef1df	False
9LE3	/storage9920/home/tinghao.xia/pdb_data/9le3.cif	6470597	68ee2f69e81d80cf582d5fe701c6b854f2e78dffc07c2c6cc56de3bf95861f7b	False
9LE5	/storage9920/home/tinghao.xia/pdb_data/9le5.cif	1123924	4186294551e4eceaefbaed20602c5a53e28147355f76f1a603a695c4c959cdfe	False
9LE6	/storage9920/home/tinghao.xia/pdb_data/9le6.cif	6470799	f3d83d0e2ff7f8b415aea8b8d8350deaab5d687f2f9ca7ab06429a0eedeec616	False
9LEC	/storage9920/home/tinghao.xia/pdb_data/9lec.cif	772889	e99efae64bf683f3aeefbfa30b35198c3ffe2db28bb483e13cb95e57693202cc	False
9LEE	/storage9920/home/tinghao.xia/pdb_data/9lee.cif	7401453	11d895dac15307d5829b2a2b067c8be9c71f6bcd343ba5f7fd0a8ef6de51fd11	False
9LEL	/storage9920/home/tinghao.xia/pdb_data/9lel.cif	1001522	19328eb1f47ce80edb2fa4b17d33dd17e9d2380493305724faf8b8542d0f775b	False
9LEM	/storage9920/home/tinghao.xia/pdb_data/9lem.cif	9512893	dae84a60180e0e88d6324fa04fe3afa5bb6e9cc815724795e72316e6d536f277	False
9LHK	/storage9920/home/tinghao.xia/pdb_data/9lhk.cif	1924495	8462667406bbf5ea0a1dfc0ab03a001cf317394d3610a59a0d1e58cf27696a64	False
9LHL	/storage9920/home/tinghao.xia/pdb_data/9lhl.cif	26653931	c2785c393b2e11e1b1bf90236cbf472eedefd434b01688298572041aaaf1956f	False
9LJN	/storage9920/home/tinghao.xia/pdb_data/9ljn.cif	361770	7882eabffd7d62a6a6081e5adf40f3aa952f8d2139e81308b9ac12687d694af7	False
9LKC	/storage9920/home/tinghao.xia/pdb_data/9lkc.cif	360038	a6f1f9d5cd231093069f23e56b6db05144f8e978a445773dc14f9291919e9019	False
9LKE	/storage9920/home/tinghao.xia/pdb_data/9lke.cif	373973	23f213aef7f674970baa531ad462eb4c66f5933e4c86a94a5a0e2dc63127c852	False
9LKF	/storage9920/home/tinghao.xia/pdb_data/9lkf.cif	351391	16ce2df4fda52ba1aefe8be572d135f95fd2aa2758406419eeec3eef7782528f	False
9LKU	/storage9920/home/tinghao.xia/pdb_data/9lku.cif	213094	7d03ee1e470e3826278fd457f979509c5a0f85e820c43d0da2dc23d935a192e4	False
9LKV	/storage9920/home/tinghao.xia/pdb_data/9lkv.cif	234373	fea46bca7a613bfb4619b4e5fc94a6e02f7556bd35ec58a8c519724433747413	False
9LKW	/storage9920/home/tinghao.xia/pdb_data/9lkw.cif	212336	5e2b68a37ee7cbde37ac7f2305ee01fe2c29d15425f66a9919a4b1c715ea003d	False
9LMC	/storage9920/home/tinghao.xia/pdb_data/9lmc.cif	677624	3542a87584ed1f42c3a270712d0a976fa01bb6f1af0f3df90c509ea3fa90a47e	False
9LMF	/storage9920/home/tinghao.xia/pdb_data/9lmf.cif	7061095	cbb7b5e984644267ea0640e8e95f4a9f220c5a4177e16835299aa5e19c276463	False
9M78	/storage9920/home/tinghao.xia/pdb_data/9m78.cif	6514956	e487e4e070286e8449bb505e9a45c28bd5fa3c2fc9a74af99d9be50beffab822	False
9M79	/storage9920/home/tinghao.xia/pdb_data/9m79.cif	1119966	e3192221ef0f063d6a32b1536a9bb54b97118e35ada15aa22314ce42ebffdbdd	False
9MCW	/storage9920/home/tinghao.xia/pdb_data/9mcw.cif	1461667	88d87c4694dbb451122e8004e7e6b300135784f9db67e4de315e7479b5bc6634	False
9MDS	/storage9920/home/tinghao.xia/pdb_data/9mds.cif	10497440	7e88f5ed222b94b1273184d5428a656085c323ee9f0dd159cde396c6f1c6483d	False
9MDW	/storage9920/home/tinghao.xia/pdb_data/9mdw.cif	119357	3d8ee0ad0501c3151d76c4d62dbd616a7216d64285bd88ffae933d8ebc7c018f	False
9MDX	/storage9920/home/tinghao.xia/pdb_data/9mdx.cif	111355	e5356d0bc2269833971bdee7c50852c9ce437af6dc984bb39ff3b330330a02db	False
9MDY	/storage9920/home/tinghao.xia/pdb_data/9mdy.cif	124808	4a4c44b3899b3cde993795d8e41c26ca8d777cd0670d6e17a555029138620795	False
9MEE	/storage9920/home/tinghao.xia/pdb_data/9mee.cif	24218213	be7828267ce3c305a0a2d819132ca559cd7ce00006005012b1132b5153a94a78	False
9MFH	/storage9920/home/tinghao.xia/pdb_data/9mfh.cif	257389	e601be9510c14e390394caca0773e0d1cb9bc63c0111965ceb5ef87f7e73ce7f	False
9MM6	/storage9920/home/tinghao.xia/pdb_data/9mm6.cif	9301208	28ac45c5a2265b722f6c81aa37551c432dd4d9344089eef61dd8fa2b91d035bc	False
9MME	/storage9920/home/tinghao.xia/pdb_data/9mme.cif	9831246	dbc6094535d27d069d38c01005462c31160d56af7c280f571426677dbdc129aa	False
9MMG	/storage9920/home/tinghao.xia/pdb_data/9mmg.cif	1052600	8fe020b10a5d77a58579ef8f3c8ee5c27cd011f09d26d054921a3d2eb92bccad	False
9MQS	/storage9920/home/tinghao.xia/pdb_data/9mqs.cif	620478	c31fd6673c7f2b93a728bf4472a95fa73ff8d732f8f166a10ed7b42ba985fd91	False
9MQT	/storage9920/home/tinghao.xia/pdb_data/9mqt.cif	670099	c4e9aac9bc0304eb15c5de809b7d62f28eaa5f92adb51868858b8ff8d1646f93	False
9MQU	/storage9920/home/tinghao.xia/pdb_data/9mqu.cif	670570	c9f9406598484f4e8eef2c6d3454bcff225a691322caaaa5c541e09f20e8a461	False
9NA1	/storage9920/home/tinghao.xia/pdb_data/9na1.cif	470159	bbbc89bea27cf147afd28b840c0fc116e29730d634b01b97c8e91f07be771a64	False
9NA7	/storage9920/home/tinghao.xia/pdb_data/9na7.cif	496328	9096a8a25d83806b694f781f364d255ec323be9af44d4d20267e4a824ba9ade7	False
9NAK	/storage9920/home/tinghao.xia/pdb_data/9nak.cif	453175	e9c8b0d2fca7d7e834008d093d4c85794a4bb7017c532331a4fa0008301cb557	False
9NAM	/storage9920/home/tinghao.xia/pdb_data/9nam.cif	206101	fb39debe3e8c58c0584ed288c647242363abf220a41dddb9d779bc031d31e22d	False
9NAP	/storage9920/home/tinghao.xia/pdb_data/9nap.cif	243573	0b01e412ba8bd4b724a952ef806a803afd0749e353f5be23c06db788800f5641	False
9NAS	/storage9920/home/tinghao.xia/pdb_data/9nas.cif	1061897	b2657844df69fb12ca39030fbcb448aa217fc01e41c9e6dd69a83e18dca82100	False
9NBC	/storage9920/home/tinghao.xia/pdb_data/9nbc.cif	199224	7b4592975424a2071cc2148e1b8f5238bb12a55d2d2a2105d720c24df14976f1	False
9NBH	/storage9920/home/tinghao.xia/pdb_data/9nbh.cif	1011126	d264d879dc706d264ebc8d9e309e0d5168640e231af5edaa16f0916d754f618d	False
9NDD	/storage9920/home/tinghao.xia/pdb_data/9ndd.cif	1541357	d06e808bd5199233c524a1fa3987eec6d1dd45824c3b1ca1d26508735d9cd606	False
9NDV	/storage9920/home/tinghao.xia/pdb_data/9ndv.cif	208012	b45156269ae2a580ad13a1eddc391d5d0e1da9e2d4a93fc0f834c089fb8f6747	False
9NDW	/storage9920/home/tinghao.xia/pdb_data/9ndw.cif	515366	fa11c1a19beb3ad2a423a8d52534e91779e80da569fe39b62166481a2a5c263e	False
9NDX	/storage9920/home/tinghao.xia/pdb_data/9ndx.cif	792556	ec70fa44fe5f053a15d10a25b2c47a6d9276387ef38a2d5967b6db8725e69193	False
9O47	/storage9920/home/tinghao.xia/pdb_data/9o47.cif	222522	b392aa7f9e3b2f0507c14446c4a1f1a7b126b1b01c423c28818227c8b9650028	False
9OBM	/storage9920/home/tinghao.xia/pdb_data/9obm.cif	4312857	b305d25b6e00c8100beb8d4a33970f756601d624f9837742e4159f11b1b9d2a5	False
9OD4	/storage9920/home/tinghao.xia/pdb_data/9od4.cif	670788	b98b4f1c4100fa9224aeca6577930c7eef3cebe9c892a5f5324b0e46d4803654	False
9OD5	/storage9920/home/tinghao.xia/pdb_data/9od5.cif	664109	d4029a9cd8b22d8fe8c984cfdd248156bab2fc9de83307b6e62f5f91fedee5af	False
9OL2	/storage9920/home/tinghao.xia/pdb_data/9ol2.cif	188347	40dc5b1e9690a1c103c5475237052f06b2e0f2669b5d4b60e44d70e368118083	False
9OL3	/storage9920/home/tinghao.xia/pdb_data/9ol3.cif	185727	4f8c95b19b44557b56d61f010309e7689f68e2a8cb872bd441809eecc27ee1e3	False
9OV3	/storage9920/home/tinghao.xia/pdb_data/9ov3.cif	1125004	4fd5e0f431e977f454cf00f8f8f430ee0213c8592ab3b04baff36d9edd54a239	False
9OV6	/storage9920/home/tinghao.xia/pdb_data/9ov6.cif	1114347	b3a1adee67e42f067482a3fff5c758a3383b2c083f1517d2a30f920de9af8a02	False
9OV7	/storage9920/home/tinghao.xia/pdb_data/9ov7.cif	1115693	e431520d9723fe336af8330522072d46b92d4f2cb5bf9953ea899d3b9d8f340a	False
9OV8	/storage9920/home/tinghao.xia/pdb_data/9ov8.cif	1124218	15b8c37da3df944ebe22000cec6353a5343d864f5588508092e1743987a77344	False
9OVB	/storage9920/home/tinghao.xia/pdb_data/9ovb.cif	1114963	2d680e7c0458570f604e2e94a7ac38b8d224618fa278f35dadc4b98420097d67	False
9OVC	/storage9920/home/tinghao.xia/pdb_data/9ovc.cif	1117441	a5edc52bc3735cf69297b93fc8f631ba3fad87ef7fb997737e5225b5c41ed25c	False
9OWJ	/storage9920/home/tinghao.xia/pdb_data/9owj.cif	1364192	6534b30d6db831db182839c240cd4d1aa22c5cbcb44c05536720639b9694927d	False
9OWK	/storage9920/home/tinghao.xia/pdb_data/9owk.cif	1372143	dfbe1617b530181aa1986e83b9a5581fb4916e01caf891c143d5d656fe469a83	False
9OWL	/storage9920/home/tinghao.xia/pdb_data/9owl.cif	1322337	92946e901b40f1f7b4290742d6bc141a512afbfbc0cd877081bd4a7ab8ed9f59	False
9OWM	/storage9920/home/tinghao.xia/pdb_data/9owm.cif	1320425	57707e6598cdd8df55cfcab6f290c4848c85a43ad9dc52bdf8421eed92aedd45	False
9OWN	/storage9920/home/tinghao.xia/pdb_data/9own.cif	1340124	a88e35e123b0a89b18f24f485ca347c9847f85d06f6bc90a4ef7efd5176557a1	False
9OWO	/storage9920/home/tinghao.xia/pdb_data/9owo.cif	1226099	c88be28ca3ff65c703378cfe7f072951468e96bb721b5efce15f3b5caae4d363	False
9OWP	/storage9920/home/tinghao.xia/pdb_data/9owp.cif	1222707	52dc7f79fa84d012d3d022b636afc2dd96c858bc6e94a5d1c458ad54ba71cad0	False
9OWQ	/storage9920/home/tinghao.xia/pdb_data/9owq.cif	1411900	76d89d2f2e970ebb51d3a6fdd02b3d7f2012a3b5b76abb39984b72c5d1a2e66b	False
9OY2	/storage9920/home/tinghao.xia/pdb_data/9oy2.cif	1103453	fe9fc722314f71789167df9a68a5cba6fe1164e9c9c691860cd080c7ecdd9728	False
9OY3	/storage9920/home/tinghao.xia/pdb_data/9oy3.cif	1101934	8f93484ae33562ed839fc9006233f667cea28819df732fc7e1b6ecdd4c4886bd	False
9OY4	/storage9920/home/tinghao.xia/pdb_data/9oy4.cif	1107331	fcfbb02b22d9f21692441c8eabd590256009eb85036bf3d05591be39836f783e	False
9PDE	/storage9920/home/tinghao.xia/pdb_data/9pde.cif	967765	c1c4af9616049ba50b50e11b238698d8d7ead55b9776912c2f7cd33761ad91fb	False
9PDF	/storage9920/home/tinghao.xia/pdb_data/9pdf.cif	1168291	5e3831cca2b4aa774a57adbb6191649bdcac57911a5f4ea5858a0d2f8ef52900	False
9PDG	/storage9920/home/tinghao.xia/pdb_data/9pdg.cif	984602	af8e5ca56717ae7fc92d08b6ac999f1fbd38e11a99334cb6646403a046b1ffb8	False
9Q0I	/storage9920/home/tinghao.xia/pdb_data/9q0i.cif	571252	fabbacc5dd64a3b32a199bbcf1def5d7a5f53c107bc962f7dffa898b88e31174	False
9Q0J	/storage9920/home/tinghao.xia/pdb_data/9q0j.cif	302342	46cc31c240267f17aadb3fd914c662b675f30cf2036ad7d248f47103cd9a6f3e	False
9Q3C	/storage9920/home/tinghao.xia/pdb_data/9q3c.cif	763302	42995896971c7930fca208b0abc1c79bc4d32112d730c199314347d41c7864b3	False
9QTJ	/storage9920/home/tinghao.xia/pdb_data/9qtj.cif	1148604	ab72e28e76239b5a8f351285890543899f08b08ee25082c5820059e694267a7d	False
9QU6	/storage9920/home/tinghao.xia/pdb_data/9qu6.cif	854386	748519f442b238b04c347006d9ba7f58fa95bdb072b01d5dc9368bf65889b717	False
9QU7	/storage9920/home/tinghao.xia/pdb_data/9qu7.cif	869154	f5f964f1b668be16069fe26a82b69f7b7393e4d55203f4d7ebf25292200c32cb	False
9QZJ	/storage9920/home/tinghao.xia/pdb_data/9qzj.cif	1098112	fcba3557d45f0b6d021c12f71d966250a489376a1a86e272b6048c30e2f59cae	False
9R7Q	/storage9920/home/tinghao.xia/pdb_data/9r7q.cif	619760	3d738d25e8757be18d3d883f056d4349e737ca62f2220f8505a1a8fd30c3bce3	False
9R7W	/storage9920/home/tinghao.xia/pdb_data/9r7w.cif	1404969	1a015d5fccf39131d3a90b6c9df032556c083628a2052780996984d46a29944b	False
9R82	/storage9920/home/tinghao.xia/pdb_data/9r82.cif	1864973	d71ebc6851760168eaaf7bd4c5d78c39a7cb32eabb8cdac8662da02c666328f4	False
9RB4	/storage9920/home/tinghao.xia/pdb_data/9rb4.cif	290023	6caee27e2b58672b471eb8e9d6fa2a77031ee9c27417a7d3a9850d7bd959db1a	False
9S1D	/storage9920/home/tinghao.xia/pdb_data/9s1d.cif	427915	0ec3e53cbb1455f57be899fc3f675124239efe4b3893233c9fab14583f7fe7d9	False
9SD9	/storage9920/home/tinghao.xia/pdb_data/9sd9.cif	3550468	58fd5e20e2f4c1fc8ba56c3136212e329957e1d99ecde59116ae4f4a67e8db8a	False
9SXV	/storage9920/home/tinghao.xia/pdb_data/9sxv.cif	423232	1cfbedffe9abf2e03283ff919ce1e933e41a90b54ee076a26d1facb8be8521ae	False
9SY4	/storage9920/home/tinghao.xia/pdb_data/9sy4.cif	426287	f32b3da2fb6a04bb75008f44cc34f6b177e9a6fe98bead487965087a0adf04f4	False
9SY8	/storage9920/home/tinghao.xia/pdb_data/9sy8.cif	830965	e8331077b4143345113d6d445cbdc62491a9297f196132653288e8887cad06c7	False
9SYC	/storage9920/home/tinghao.xia/pdb_data/9syc.cif	4761386	e003fd87ba081cf20edf9e96b331c22ae9a04922a1a7999a359a8065b2a43707	False
9SYD	/storage9920/home/tinghao.xia/pdb_data/9syd.cif	813971	4f67696eab0a64300bb8eb009589ee9bd5d2b5521cdc3c89d627399561092d6d	False
9SYE	/storage9920/home/tinghao.xia/pdb_data/9sye.cif	814093	6511d1e9f6f8f80af2fc83800dc38b8b1667800b50654e0ee605c4852a46b1f7	False
9SYF	/storage9920/home/tinghao.xia/pdb_data/9syf.cif	4698799	5f2f5f4ca774c5b465b9661f435bf0b3b3b5525048b96cdf402e99c3cfa175fb	False
9TCA	/storage9920/home/tinghao.xia/pdb_data/9tca.cif	153674	5c8aab95bd10ca1ff1dd6d484804d03944dfcea5e2f41c354bf0580089b8bd79	False
9TCG	/storage9920/home/tinghao.xia/pdb_data/9tcg.cif	247282	a288ec448053ae5b0f85d4397bca80d16c5aa0c181e8d6c7c054e187a1c605e9	False
9UUG	/storage9920/home/tinghao.xia/pdb_data/9uug.cif	223042	5d248c806b3c81a3348b45a8ae0cc57ff8eb511e0753e975215452e9dfaa2cd6	False
9UW0	/storage9920/home/tinghao.xia/pdb_data/9uw0.cif	226506	eb84c56638bcfadc8ea421759b15f973c846d34318203b3b60eada581174a216	False
9V4U	/storage9920/home/tinghao.xia/pdb_data/9v4u.cif	370459	cc8bceda91755ee40d5284ae3263ea0874f42a7110d75c9f97795b0239ae6d9d	False
9V4V	/storage9920/home/tinghao.xia/pdb_data/9v4v.cif	364374	48a8c3a0fa23f24a19d5278d9dbdcabad7c2c3fba9d24f1c76189a5331f5ebda	False
9V4X	/storage9920/home/tinghao.xia/pdb_data/9v4x.cif	349856	ac4325cb0c563a464f10ca09aad082b010a52174ee83a42361e0ba238d8b0521	False
9V4Y	/storage9920/home/tinghao.xia/pdb_data/9v4y.cif	369183	b4387acb7500880516fa7c90e8c8a036ecdb72936f66bce3ccb47d6d291b7459	False
9V4Z	/storage9920/home/tinghao.xia/pdb_data/9v4z.cif	373172	6279207ebd065cf6363eaaf132121bce51e162e970b52c7c696ab2dc5fbcffe7	False
9V50	/storage9920/home/tinghao.xia/pdb_data/9v50.cif	380154	0ec0ccc6d6de455a52e47bf84d6c7c32ab79a3d44037a759cbb5cb435335c6c0	False
9V51	/storage9920/home/tinghao.xia/pdb_data/9v51.cif	374733	9f6d749f3a367cd1f4d15c52a89290fab5b3822cce4deda5eda21192bb15daaa	False
9V7N	/storage9920/home/tinghao.xia/pdb_data/9v7n.cif	749782	cc88538a08fea852a288bc6dccf277218302b5541e88c4c7dc976946ed3fae4e	False
9V7O	/storage9920/home/tinghao.xia/pdb_data/9v7o.cif	751702	a179fda91525db876a02e218226d988305c5535e03ff9648beb03f12854b87fa	False
9V7P	/storage9920/home/tinghao.xia/pdb_data/9v7p.cif	529477	866158b03870124ba9dfebad920b9203961a5c05caae5d101d83aa91133675db	False
9V7Q	/storage9920/home/tinghao.xia/pdb_data/9v7q.cif	523247	450b36b9ccffa30f5cef1ab51e8bf75512e9e5d26f2c1f8f51c82fdf4546e993	False
9VMZ	/storage9920/home/tinghao.xia/pdb_data/9vmz.cif	357351	e0843d91c1b0cd81f15783d47630fbbab4b3cda06aa8d38d812849929587841b	False
9VSN	/storage9920/home/tinghao.xia/pdb_data/9vsn.cif	156764	be4554802444f227b3c97b8f53807f6655d551a5ec03d5ba63d1d4535be0b1a8	False
9W1L	/storage9920/home/tinghao.xia/pdb_data/9w1l.cif	1121731	1d1f81d2c915c9dc953786576f959596bb0f37e08c5bcdb76b49d641d976bbd4	False
9WHV	/storage9920/home/tinghao.xia/pdb_data/9whv.cif	3284692	1f2bd34e8c9ee9d7c8fc2a8233fd19fa76c2269cd2d079df14a4993b6f430e45	False
9X6B	/storage9920/home/tinghao.xia/pdb_data/9x6b.cif	501810	57a6dc2cfa04c2b4c0d0b19b61048d14ecc3c887b180a2ff350838e5d47071ae	False
9YD3	/storage9920/home/tinghao.xia/pdb_data/9yd3.cif	180400	dd03144eb2ab2689088af52ec258ecc9ebeca66ad134398b5a5a25f2d57e14b9	False
9Z6I	/storage9920/home/tinghao.xia/pdb_data/9z6i.cif	316890	5f8f272380adff1834108ed915b9a4229c262e8bcd505ed2b41610c5a93eaf6e	False
9ZBQ	/storage9920/home/tinghao.xia/pdb_data/9zbq.cif	1056854	1a586f0d0dd16d28602f074602bfda031e081cc61749ca73d2f992b9d8edd6b7	False
9ZBR	/storage9920/home/tinghao.xia/pdb_data/9zbr.cif	1066750	e9fe3e85fddfc145244b1fe2a219f06aefe50e3d1178accf921de59c23f4fffd	False
9ZC6	/storage9920/home/tinghao.xia/pdb_data/9zc6.cif	1056158	cc5bc8b38af58fa6dbea24b9381c905c3d1acc90536c53c8c870e4c474c0ee02	False
9ZC7	/storage9920/home/tinghao.xia/pdb_data/9zc7.cif	1965852	8405a5501b2af80f25f62fa441f10e8fa2db39da4502df5f6564dd123195539b	False
9ZC8	/storage9920/home/tinghao.xia/pdb_data/9zc8.cif	3894795	ad5f2888f3daef90dd757ca901591e927104d9b6c1e595588181ecbd5b77e21b	False
9ZC9	/storage9920/home/tinghao.xia/pdb_data/9zc9.cif	2006469	b2ec93f816e7f0bd180ab05c43d9bca2b3a720eaeb3c9d92aefae582dd2ac08e	False
9ZCA	/storage9920/home/tinghao.xia/pdb_data/9zca.cif	3953453	14de3c0b40b636977d51a251ae0ee361519a29b5a115b9141b6be3c087997862	False
9ZCB	/storage9920/home/tinghao.xia/pdb_data/9zcb.cif	3794014	ed50ce3bfde27b82027edd5951bb307ef73ac43bc82af5ee93d0318b695a632c	False
9ZCC	/storage9920/home/tinghao.xia/pdb_data/9zcc.cif	3944678	17f466a24fa5fb293ef2e337e27b6dd5219749a087169dde3a1ccb13fdf2444d	False
9ZDV	/storage9920/home/tinghao.xia/pdb_data/9zdv.cif	1052360	e92aca0b2c9e4a0457e830fbdc6390bd5680c674ab74ddc991584f2a2c0ecf1d	False
9ZF2	/storage9920/home/tinghao.xia/pdb_data/9zf2.cif	1044459	f6f55c442087e97ce0bd95690b4fb86b9842a53ce838cea8f4eb07fb738e5460	False
9ZF3	/storage9920/home/tinghao.xia/pdb_data/9zf3.cif	1030212	d3d7c945d3928f0f2e168538692b7daa84e740d5b28d658d7d4a14cbe4683136	False
9ZF5	/storage9920/home/tinghao.xia/pdb_data/9zf5.cif	1022712	7a27b64ee47c376188f905681c556b4b97be440ad3bc64b6e4880f97048d7c2a	False
9ZF9	/storage9920/home/tinghao.xia/pdb_data/9zf9.cif	1019615	831c71c56fd2d72844802fd2d4fb07cc5a2a19a7cd9b016dedf0d72c225c8226	False
9ZFC	/storage9920/home/tinghao.xia/pdb_data/9zfc.cif	1022181	5279ccfcaa5d7229f213927124b496991c757cfcedbe3fda7919ef785144204c	False
9ZFD	/storage9920/home/tinghao.xia/pdb_data/9zfd.cif	1025592	d1038ef672603707cc3bca8efde7d51809852d73705ebf0652a6e1f6fc3301bb	False
9ZGM	/storage9920/home/tinghao.xia/pdb_data/9zgm.cif	1028367	afb9096afe6f7bf871e1e04ca8637e01613423e00e73e50257bb58b18bf01d71	False
9ZGN	/storage9920/home/tinghao.xia/pdb_data/9zgn.cif	1044521	44c30e8c0009477bc984f2d43d3b4e50b9b4e3c22d35dfc7df5bc246dbdc5503	False
9ZGO	/storage9920/home/tinghao.xia/pdb_data/9zgo.cif	1013201	264e2392feb3ba3c7b5e8ca617c84fa6def9d792bad5f5db50fdb04bc3a201a9	False
9ZGP	/storage9920/home/tinghao.xia/pdb_data/9zgp.cif	1027851	1ac2be851c6463823e907479d46849a5c299a36c85c5df85897bb4ff6fa8d1a7	False
9ZGQ	/storage9920/home/tinghao.xia/pdb_data/9zgq.cif	1018192	3663f37b1c0f443870f1d78a439c1134ff63906e76659edd200c5587626473f8	False
9ZGR	/storage9920/home/tinghao.xia/pdb_data/9zgr.cif	1023291	7cea07da6b947e5b59fced96d4d3ead5c97f72f6851ccd6719d5d860c6c038cf	False
9ZGS	/storage9920/home/tinghao.xia/pdb_data/9zgs.cif	1020182	06327336acd6d564a07d0c3fff41b7abde42eaf23dc630c65096ebcb0c41895a	False
9ZGT	/storage9920/home/tinghao.xia/pdb_data/9zgt.cif	1026700	36b483c974a33795bb9a12f028646b378bfbdde78da882477be2d2516c14d5b5	False
9ZGU	/storage9920/home/tinghao.xia/pdb_data/9zgu.cif	1052642	eb1986b40f9a1f90d87daa62f8c2d1e7a461bc040e6af53c907180df50ce997b	False
9ZGV	/storage9920/home/tinghao.xia/pdb_data/9zgv.cif	1021624	8302fa551d86516f3a717e9579637b7222832bd0f13b8454d845be9e008f3853	False
9ZGW	/storage9920/home/tinghao.xia/pdb_data/9zgw.cif	1029290	9b1c6117019eb876f4041ae38093700b2b518aadc56f6fe4c1569cb6c8f5a7fb	False
9ZGX	/storage9920/home/tinghao.xia/pdb_data/9zgx.cif	1042811	833d8523b7bd511b89429703313c11746d68ece9aabe90767aa7337431a8e991	False
9ZGY	/storage9920/home/tinghao.xia/pdb_data/9zgy.cif	1019697	914620de4fc2be921c6ea3aac70114763b98eae762629a4a198922be7ec0611d	False
9ZGZ	/storage9920/home/tinghao.xia/pdb_data/9zgz.cif	1039513	7ada1976f6b771be0fcd437bb1d92fce7e1250ee5f8aa8fd319bb62acf3400ea	False
9ZH0	/storage9920/home/tinghao.xia/pdb_data/9zh0.cif	1049292	3de9152a9107be0dc56f167bb11826d7332db2a2af68d18a8ce5efae4480e398	False
9ZH1	/storage9920/home/tinghao.xia/pdb_data/9zh1.cif	1044677	f600d161e85aa159a169ec82ae4ca8b7a06cc78aca71c874d15a65ccf3c095e9	False
9ZH2	/storage9920/home/tinghao.xia/pdb_data/9zh2.cif	1017463	1528207aca517e84b498729fdfa87c54dbc315885ca119ed1a5ca94229dbaf4c	False
9ZH5	/storage9920/home/tinghao.xia/pdb_data/9zh5.cif	1047404	a5b25115780ee17959d8ffa701bad082313b163638301888128c992e5c815b57	False
9ZH7	/storage9920/home/tinghao.xia/pdb_data/9zh7.cif	1045270	d4e5801f21409a11a361ecf8dceb8b0c176a0bcaf1a725e0449bdc9fc0b0afac	False
9ZH9	/storage9920/home/tinghao.xia/pdb_data/9zh9.cif	1025193	818bdb1213146dca3f90cb97f3af9eb7567cfba018a824f585253d69bbcf8c33	False
9ZHA	/storage9920/home/tinghao.xia/pdb_data/9zha.cif	1043247	b3aa6c1e1d0dd3fe426ce2ac183474587f04c57e43f59701374086f35c569594	False
9ZHB	/storage9920/home/tinghao.xia/pdb_data/9zhb.cif	1024935	a36c52e7195be9a4efa2c4f57fa05a182bf796107f764e5fe011251ec12f9209	False
9ZHC	/storage9920/home/tinghao.xia/pdb_data/9zhc.cif	1042394	f1ed51adc64927585bb23ff43a0957a1aba19f4817d0a2c0e40c2b95e638b935	False
9ZHD	/storage9920/home/tinghao.xia/pdb_data/9zhd.cif	1043602	947e2595bcb7eed379ef513e691ffa746d891c63586a487f9661c4c45e2cc3e0	False
9ZHE	/storage9920/home/tinghao.xia/pdb_data/9zhe.cif	1043160	0f0c0eb938c5be76633889d212cd37950896ebb1c4b7b8e05fba8ca7a85606ef	False
9ZHF	/storage9920/home/tinghao.xia/pdb_data/9zhf.cif	1040339	bc5a9badafdc4340364a779df5387f971aa90499c20606ae867f7a24e67a207c	False
9ZHG	/storage9920/home/tinghao.xia/pdb_data/9zhg.cif	1029810	2b5a404e30df7feeee277b568061eacef898b23ebfb023d57ea62b14b8400de6	False
9ZHI	/storage9920/home/tinghao.xia/pdb_data/9zhi.cif	1042801	9848467810201c11e29d06fe54a849d40dad7ae43d848c531d2eb7d3868ec1db	False
9ZHJ	/storage9920/home/tinghao.xia/pdb_data/9zhj.cif	1041633	823aeaeb8e07b4f483e64e7d958ca753b8c91311dbdf2fe47d32cbfdd0a250a1	False
9ZHK	/storage9920/home/tinghao.xia/pdb_data/9zhk.cif	1048480	66142e4553828be513e621543883723a552eb75e3067cc96bcb7259a5789faa3	False
9ZHL	/storage9920/home/tinghao.xia/pdb_data/9zhl.cif	1023200	9239f8cdbcd6a2b338d570e73e47359a3b6d54eee46b7ae49daca37662c8460c	False
9ZHO	/storage9920/home/tinghao.xia/pdb_data/9zho.cif	1042740	d4d79cf95ae9c62615a3fe2a191273cc817e2fffcc522673dfa4b71089221998	False
9ZHP	/storage9920/home/tinghao.xia/pdb_data/9zhp.cif	1048835	89d61142fb938568745aa03812bb163dc4e6dd8368d3350e5cad69c4f7927853	False
9ZHR	/storage9920/home/tinghao.xia/pdb_data/9zhr.cif	1042735	5d40e1ca66d011cd6fd8dc4faeb962e470cf5949c31f259c57874ce7a0eb59c6	False
9ZHS	/storage9920/home/tinghao.xia/pdb_data/9zhs.cif	1017735	71ed019bb3273820e844622745736a70c6d658d01f5884cd1b95301ff102595b	False
9ZHT	/storage9920/home/tinghao.xia/pdb_data/9zht.cif	1040563	3a33c3417300454172b7175c904d3a8ecc219fc482890b88bdddd4e747241cd1	False
9ZHU	/storage9920/home/tinghao.xia/pdb_data/9zhu.cif	1044237	f7a056f7c22e28a6a3894dd609379773d0e99117b886d93d2d35f4cf88f7f3be	False
9ZHV	/storage9920/home/tinghao.xia/pdb_data/9zhv.cif	1038962	05159727a02778200f72b45a74355f40eae35f0fdf7de8218ece0ddeae3c1d3f	False
9ZHW	/storage9920/home/tinghao.xia/pdb_data/9zhw.cif	1041403	dde25ec24efadba6c0128ad24d6d30e645af3c0738db969993f7bceec78122f8	False
9ZHX	/storage9920/home/tinghao.xia/pdb_data/9zhx.cif	1019488	5c6316325bc17113d5ae815ac412722a49d8a78d4f02f5414751f27d2c30a8f2	False
9ZHZ	/storage9920/home/tinghao.xia/pdb_data/9zhz.cif	1021672	cfcd600fc2ffbebfb6ab0bce209d943960a10276a51829982846192a6c2d7623	False
9ZI0	/storage9920/home/tinghao.xia/pdb_data/9zi0.cif	1033926	e823b772b51f5f145138e164df22adb88d4407aea5212812da273609ca1d0d04	False
9ZI2	/storage9920/home/tinghao.xia/pdb_data/9zi2.cif	1047631	3fb72e5654ba3dc4646648e8b910d006c8080fffc60af622b81c3e6678a79139	False
9ZI3	/storage9920/home/tinghao.xia/pdb_data/9zi3.cif	1019182	07269e2aca11a3dc4049516c6bafadca4985fc04b28ea17d394a29f3fa1e8e30	False
9ZI4	/storage9920/home/tinghao.xia/pdb_data/9zi4.cif	1027578	46c76c46ffcdca230d8b92d1f2e6c41db8a47552d7ea4f2803fca45cf9101821	False
9ZI5	/storage9920/home/tinghao.xia/pdb_data/9zi5.cif	1032886	ca14484332fe950d1b4d248950dff61d3164e40d2f8f5fdcca64d97f31026b34	False
9ZI6	/storage9920/home/tinghao.xia/pdb_data/9zi6.cif	1030912	ac9bdd1749f95e168b2e4f54dbe94fbdd3a8411bf31cbb35d1f6053ee51011b9	False
9ZI7	/storage9920/home/tinghao.xia/pdb_data/9zi7.cif	1026982	69c19e09322506a66cadfe009134cf5aa8ba9b373856738b2bc8a835aabfb8d6	False
