PDB_ID	INITIAL_SPLIT	V1_FINAL_SPLIT	V2_FINAL_SPLIT	V1_FINAL_STATUS	V2_FINAL_STATUS	V2_EXCLUSION_REASON	CHANGE	V1_PT_STAGE	V1_PT_COUNT	V1_PT_GT30_UNSAVED	V2_RANK1_EVAL_STATUS	V2_RANK1_RMSD	V2_REFERENCE_HIT_COUNT	V2_SHORT_REFERENCE_HIT_COUNT
10ZT	test	test	test	KEPT	KEPT		SAME_SPLIT	PT_EXCLUDED_BY_POLICY	0	0	SUCCESS	37.409	0	0
10ZU	test			DROP_INTERNAL_REDUNDANT	DROP_INTERNAL_REDUNDANT	Non-representative member of a test homology component	SAME_UNASSIGNED	NOT_ASSIGNED			SUCCESS	30.119	0	0
11AG	test			EXCLUDE_MULTI_RNA_CHAIN	EXCLUDE_MULTI_RNA_CHAIN	RNA_CHAIN_COUNT=2; required exactly 1	SAME_UNASSIGNED	NOT_ASSIGNED			SUCCESS	45.924	0	0
11EH	test			DROP_INTERNAL_REDUNDANT	DROP_INTERNAL_REDUNDANT	Non-representative member of a test homology component	SAME_UNASSIGNED	NOT_ASSIGNED			SUCCESS	33.005	0	0
12CI	test			EXCLUDE_MULTI_RNA_CHAIN	EXCLUDE_MULTI_RNA_CHAIN	RNA_CHAIN_COUNT=2; required exactly 1	SAME_UNASSIGNED	NOT_ASSIGNED			SUCCESS	32.265	0	0
12CJ	test			EXCLUDE_MULTI_RNA_CHAIN	EXCLUDE_MULTI_RNA_CHAIN	RNA_CHAIN_COUNT=2; required exactly 1	SAME_UNASSIGNED	NOT_ASSIGNED			SUCCESS	22.269	0	0
157D	train			EXCLUDE_MULTI_RNA_CHAIN	EXCLUDE_MULTI_RNA_CHAIN	RNA_CHAIN_COUNT=2; required exactly 1	SAME_UNASSIGNED	NOT_ASSIGNED			SUCCESS	0.253	0	0
165D	train			EXCLUDE_MULTI_RNA_CHAIN	EXCLUDE_MULTI_RNA_CHAIN	RNA_CHAIN_COUNT=2; required exactly 1	SAME_UNASSIGNED	NOT_ASSIGNED			SUCCESS	0.211	0	0
17RA	train	train	train	KEPT	KEPT		SAME_SPLIT	PT_COMPLETE_BY_COUNT	200	0	SUCCESS	2.753	0	0
1A3M	train			EXCLUDE_MULTI_RNA_CHAIN	EXCLUDE_MULTI_RNA_CHAIN	RNA_CHAIN_COUNT=2; required exactly 1	SAME_UNASSIGNED	NOT_ASSIGNED			SUCCESS	3.053	0	0
1A4D	train			EXCLUDE_MULTI_RNA_CHAIN	EXCLUDE_MULTI_RNA_CHAIN	RNA_CHAIN_COUNT=2; required exactly 1	SAME_UNASSIGNED	NOT_ASSIGNED			SUCCESS	4.881	0	0
1A51	train	train	train	KEPT	KEPT		SAME_SPLIT	PT_COMPLETE_BY_COUNT	200	0	SUCCESS	5.196	0	0
1A60	train	train	train	KEPT	KEPT		SAME_SPLIT	PT_COMPLETE_BY_COUNT	200	0	SUCCESS	6.659	0	0
1A9L	train	train	train	KEPT	KEPT		SAME_SPLIT	PT_COMPLETE_BY_COUNT	200	0	SUCCESS	12.711	0	0
1AFX	train	train	train	KEPT	KEPT		SAME_SPLIT	PT_COMPLETE_BY_COUNT	200	0	SUCCESS	2.013	0	0
1AJF	train	train	train	KEPT	KEPT		SAME_SPLIT	PT_COMPLETE_BY_COUNT	200	0	SUCCESS	1.411	0	0
1AJL	train			EXCLUDE_MULTI_RNA_CHAIN	EXCLUDE_MULTI_RNA_CHAIN	RNA_CHAIN_COUNT=2; required exactly 1	SAME_UNASSIGNED	NOT_ASSIGNED			SUCCESS	6.536	0	0
1AJT	train			EXCLUDE_MULTI_RNA_CHAIN	EXCLUDE_MULTI_RNA_CHAIN	RNA_CHAIN_COUNT=2; required exactly 1	SAME_UNASSIGNED	NOT_ASSIGNED			SUCCESS	7.27	0	0
1AJU	train	train	train	KEPT	KEPT		SAME_SPLIT	PT_COMPLETE_BY_COUNT	200	0	SUCCESS	4.798	0	0
1AKX	train	train	train	KEPT	KEPT		SAME_SPLIT	PT_COMPLETE_BY_COUNT	200	0	SUCCESS	4.615	0	0
1AL5	train			EXCLUDE_MULTI_RNA_CHAIN	EXCLUDE_MULTI_RNA_CHAIN	RNA_CHAIN_COUNT=2; required exactly 1	SAME_UNASSIGNED	NOT_ASSIGNED			SUCCESS	2.578	0	0
1AM0	train	train	train	KEPT	KEPT		SAME_SPLIT	PT_EXCLUDED_BY_POLICY	0	0	SUCCESS	10.199	0	0
1ANR	train	train	train	KEPT	KEPT		SAME_SPLIT	PT_COMPLETE_BY_COUNT	200	0	SUCCESS	5.183	0	0
1AQO	train	train	train	KEPT	KEPT		SAME_SPLIT	PT_COMPLETE_BY_COUNT	200	0	SUCCESS	3.489	0	0
1ARJ	train	train	train	KEPT	KEPT		SAME_SPLIT	PT_COMPLETE_BY_COUNT	200	0	SUCCESS	4.452	0	0
1ATO	train	train	train	KEPT	KEPT		SAME_SPLIT	PT_COMPLETE_BY_COUNT	200	0	SUCCESS	2.365	0	0
1ATV	train	train	train	KEPT	KEPT		SAME_SPLIT	PT_COMPLETE_BY_COUNT	200	0	SUCCESS	2.771	0	0
1ATW	train	train	train	KEPT	KEPT		SAME_SPLIT	PT_COMPLETE_BY_COUNT	200	0	SUCCESS	2.787	0	0
1B36	train	train	train	KEPT	KEPT		SAME_SPLIT	PT_COMPLETE_BY_COUNT	200	0	SUCCESS	7.295	0	0
1BAU	train			EXCLUDE_MULTI_RNA_CHAIN	EXCLUDE_MULTI_RNA_CHAIN	RNA_CHAIN_COUNT=2; required exactly 1	SAME_UNASSIGNED	NOT_ASSIGNED			SUCCESS	23.606	0	0
1BGZ	train	train	train	KEPT	KEPT		SAME_SPLIT	PT_COMPLETE_BY_COUNT	200	0	SUCCESS	4.325	0	0
1BJ2	train			EXCLUDE_MULTI_RNA_CHAIN	EXCLUDE_MULTI_RNA_CHAIN	RNA_CHAIN_COUNT=2; required exactly 1	SAME_UNASSIGNED	NOT_ASSIGNED			SUCCESS	7.067	0	0
1BN0	train	train	train	KEPT	KEPT		SAME_SPLIT	PT_COMPLETE_BY_COUNT	200	0	SUCCESS	3.039	0	0
1BVJ	train	train	train	KEPT	KEPT		SAME_SPLIT	PT_COMPLETE_BY_COUNT	200	0	SUCCESS	1.645	0	0
1BYJ	train	train	train	KEPT	KEPT		SAME_SPLIT	PT_COMPLETE_BY_COUNT	200	0	SUCCESS	1.793	0	0
1BZ2	train	train	train	KEPT	KEPT		SAME_SPLIT	PT_COMPLETE_BY_COUNT	200	0	SUCCESS	1.273	0	0
1BZ3	train	train	train	KEPT	KEPT		SAME_SPLIT	PT_COMPLETE_BY_COUNT	200	0	SUCCESS	2.299	0	0
1BZT	train	train	train	KEPT	KEPT		SAME_SPLIT	PT_COMPLETE_BY_COUNT	200	0	SUCCESS	2.895	0	0
1BZU	train	train	train	KEPT	KEPT		SAME_SPLIT	PT_COMPLETE_BY_COUNT	200	0	SUCCESS	2.581	0	0
1C0O	train	train	train	KEPT	KEPT		SAME_SPLIT	PT_COMPLETE_BY_COUNT	200	0	SUCCESS	1.276	0	0
1C2W	train		train	EXCLUDE_TRAIN_RMSD_CUTOFF	KEPT		ADDED_TRAIN	NOT_ASSIGNED			SUCCESS	36.615	0	0
1C2X	train	train	train	KEPT	KEPT		SAME_SPLIT	PT_COMPLETE_BY_COUNT	200	0	SUCCESS	10.549	0	0
1C4L	train			EXCLUDE_MULTI_RNA_CHAIN	EXCLUDE_MULTI_RNA_CHAIN	RNA_CHAIN_COUNT=2; required exactly 1	SAME_UNASSIGNED	NOT_ASSIGNED			SUCCESS	1.657	0	0
1CQ5	train	train	train	KEPT	KEPT		SAME_SPLIT	PT_COMPLETE_BY_COUNT	200	0	SUCCESS	4.194	0	0
1CQL	train	train	train	KEPT	KEPT		SAME_SPLIT	PT_COMPLETE_BY_COUNT	200	0	SUCCESS	6.24	0	0
1CSL	train			EXCLUDE_MULTI_RNA_CHAIN	EXCLUDE_MULTI_RNA_CHAIN	RNA_CHAIN_COUNT=2; required exactly 1	SAME_UNASSIGNED	NOT_ASSIGNED			SUCCESS	0.36	0	0
1D0T	train	train	train	KEPT	KEPT		SAME_SPLIT	PT_COMPLETE_BY_COUNT	200	0	SUCCESS	1.874	0	0
1D0U	train	train	train	KEPT	KEPT		SAME_SPLIT	PT_COMPLETE_BY_COUNT	200	0	SUCCESS	2.01	0	0
1D4R	train			EXCLUDE_MULTI_RNA_CHAIN	EXCLUDE_MULTI_RNA_CHAIN	RNA_CHAIN_COUNT=3; required exactly 1	SAME_UNASSIGNED	NOT_ASSIGNED			SUCCESS	24.97	0	0
1DDY	train			EXCLUDE_MULTI_RNA_CHAIN	EXCLUDE_MULTI_RNA_CHAIN	RNA_CHAIN_COUNT=4; required exactly 1	SAME_UNASSIGNED	NOT_ASSIGNED			SUCCESS	25.25	0	0
1DQF	train			EXCLUDE_MULTI_RNA_CHAIN	EXCLUDE_MULTI_RNA_CHAIN	RNA_CHAIN_COUNT=2; required exactly 1	SAME_UNASSIGNED	NOT_ASSIGNED			SUCCESS	0.235	0	0
1DQH	train			EXCLUDE_MULTI_RNA_CHAIN	EXCLUDE_MULTI_RNA_CHAIN	RNA_CHAIN_COUNT=2; required exactly 1	SAME_UNASSIGNED	NOT_ASSIGNED			SUCCESS	0.281	0	0
1DUH	train		train	EXCLUDE_TRAIN_RMSD_CUTOFF	KEPT		ADDED_TRAIN	NOT_ASSIGNED			SUCCESS	37.703	0	0
1DUQ	train			EXCLUDE_MULTI_RNA_CHAIN	EXCLUDE_MULTI_RNA_CHAIN	RNA_CHAIN_COUNT=8; required exactly 1	SAME_UNASSIGNED	NOT_ASSIGNED			SUCCESS	18.347	0	0
1E4P	train	train	train	KEPT	KEPT		SAME_SPLIT	PT_COMPLETE_BY_COUNT	200	0	SUCCESS	4.141	0	0
1E95	train	train	train	KEPT	KEPT		SAME_SPLIT	PT_COMPLETE_BY_COUNT	200	0	SUCCESS	3.848	0	0
1EBQ	train	train	train	KEPT	KEPT		SAME_SPLIT	PT_COMPLETE_BY_COUNT	200	0	SUCCESS	3.357	0	0
1EBR	train	train	train	KEPT	KEPT		SAME_SPLIT	PT_COMPLETE_BY_COUNT	200	0	SUCCESS	5.449	0	0
1EBS	train	train	train	KEPT	KEPT		SAME_SPLIT	PT_COMPLETE_BY_COUNT	200	0	SUCCESS	4.054	0	0
1EHT	train	train	train	KEPT	KEPT		SAME_SPLIT	PT_COMPLETE_BY_COUNT	200	0	SUCCESS	4.908	0	0
1EHZ	train	train	train	KEPT	KEPT		SAME_SPLIT	PT_COMPLETE_BY_COUNT	200	0	SUCCESS	1.18	0	0
1EI2	train	train	train	KEPT	KEPT		SAME_SPLIT	PT_COMPLETE_BY_COUNT	200	0	SUCCESS	3.366	0	0
1EKA	train			EXCLUDE_MULTI_RNA_CHAIN	EXCLUDE_MULTI_RNA_CHAIN	RNA_CHAIN_COUNT=2; required exactly 1	SAME_UNASSIGNED	NOT_ASSIGNED			SUCCESS	2.653	0	0
1EKD	train			EXCLUDE_MULTI_RNA_CHAIN	EXCLUDE_MULTI_RNA_CHAIN	RNA_CHAIN_COUNT=2; required exactly 1	SAME_UNASSIGNED	NOT_ASSIGNED			SUCCESS	1.736	0	0
1ELH	train			EXCLUDE_MULTI_RNA_CHAIN	EXCLUDE_MULTI_RNA_CHAIN	RNA_CHAIN_COUNT=2; required exactly 1	SAME_UNASSIGNED	NOT_ASSIGNED			SUCCESS	2.363	0	0
1ESH	train	train	train	KEPT	KEPT		SAME_SPLIT	PT_COMPLETE_BY_COUNT	200	0	SUCCESS	1.821	0	0
1ESY	train	train	train	KEPT	KEPT		SAME_SPLIT	PT_COMPLETE_BY_COUNT	200	0	SUCCESS	2.805	0	0
1ET4	train			EXCLUDE_MULTI_RNA_CHAIN	EXCLUDE_MULTI_RNA_CHAIN	RNA_CHAIN_COUNT=5; required exactly 1	SAME_UNASSIGNED	NOT_ASSIGNED			SUCCESS	25.614	0	0
1EVV	train	train	train	KEPT	KEPT		SAME_SPLIT	PT_COMPLETE_BY_COUNT	200	0	SUCCESS	0.759	0	0
1F1T	train	train	train	KEPT	KEPT		SAME_SPLIT	PT_COMPLETE_BY_COUNT	200	0	SUCCESS	0.445	0	0
1F27	train			EXCLUDE_MULTI_RNA_CHAIN	EXCLUDE_MULTI_RNA_CHAIN	RNA_CHAIN_COUNT=2; required exactly 1	SAME_UNASSIGNED	NOT_ASSIGNED			SUCCESS	0.149	0	0
1F5G	train			EXCLUDE_MULTI_RNA_CHAIN	EXCLUDE_MULTI_RNA_CHAIN	RNA_CHAIN_COUNT=2; required exactly 1	SAME_UNASSIGNED	NOT_ASSIGNED			SUCCESS	1.824	0	0
1F5H	train			EXCLUDE_MULTI_RNA_CHAIN	EXCLUDE_MULTI_RNA_CHAIN	RNA_CHAIN_COUNT=2; required exactly 1	SAME_UNASSIGNED	NOT_ASSIGNED			SUCCESS	1.623	0	0
1F5U	train			EXCLUDE_MULTI_RNA_CHAIN	EXCLUDE_MULTI_RNA_CHAIN	RNA_CHAIN_COUNT=2; required exactly 1	SAME_UNASSIGNED	NOT_ASSIGNED			SUCCESS	20.944	0	0
1F6X	train	train	train	KEPT	KEPT		SAME_SPLIT	PT_COMPLETE_BY_COUNT	200	0	SUCCESS	2.312	0	0
1F6Z	train	train	train	KEPT	KEPT		SAME_SPLIT	PT_COMPLETE_BY_COUNT	200	0	SUCCESS	2.751	0	0
1F78	train	train	train	KEPT	KEPT		SAME_SPLIT	PT_COMPLETE_BY_COUNT	200	0	SUCCESS	2.573	0	0
1F79	train	train	train	KEPT	KEPT		SAME_SPLIT	PT_COMPLETE_BY_COUNT	200	0	SUCCESS	3.097	0	0
1F7F	train	train	train	KEPT	KEPT		SAME_SPLIT	PT_COMPLETE_BY_COUNT	200	0	SUCCESS	3.365	0	0
1F7G	train	train	train	KEPT	KEPT		SAME_SPLIT	PT_COMPLETE_BY_COUNT	200	0	SUCCESS	3.174	0	0
1F7H	train	train	train	KEPT	KEPT		SAME_SPLIT	PT_COMPLETE_BY_COUNT	200	0	SUCCESS	4.52	0	0
1F7I	train	train	train	KEPT	KEPT		SAME_SPLIT	PT_COMPLETE_BY_COUNT	200	0	SUCCESS	3.189	0	0
1F84	train	train	train	KEPT	KEPT		SAME_SPLIT	PT_COMPLETE_BY_COUNT	200	0	SUCCESS	2.606	0	0
1F85	train	train	train	KEPT	KEPT		SAME_SPLIT	PT_COMPLETE_BY_COUNT	200	0	SUCCESS	1.469	0	0
1F9L	train	train	train	KEPT	KEPT		SAME_SPLIT	PT_COMPLETE_BY_COUNT	200	0	SUCCESS	3.011	0	0
1FCW	train			EXCLUDE_MULTI_RNA_CHAIN	EXCLUDE_MULTI_RNA_CHAIN	RNA_CHAIN_COUNT=5; required exactly 1	SAME_UNASSIGNED	NOT_ASSIGNED			SUCCESS	28.316	0	0
1FEQ	train	train	train	KEPT	KEPT		SAME_SPLIT	PT_COMPLETE_BY_COUNT	200	0	SUCCESS	3.564	0	0
1FG0	train			EXCLUDE_MULTI_RNA_CHAIN	EXCLUDE_MULTI_RNA_CHAIN	RNA_CHAIN_COUNT=2; required exactly 1	SAME_UNASSIGNED	NOT_ASSIGNED			SUCCESS	40.88	0	0
1FHK	train	train	train	KEPT	KEPT		SAME_SPLIT	PT_COMPLETE_BY_COUNT	200	0	SUCCESS	2.139	0	0
1FIR	train	train	train	KEPT	KEPT		SAME_SPLIT	PT_COMPLETE_BY_COUNT	200	0	SUCCESS	1.433	0	0
1FL8	train	train	train	KEPT	KEPT		SAME_SPLIT	PT_COMPLETE_BY_COUNT	200	0	SUCCESS	1.381	0	0
1FMN	train	train	train	KEPT	KEPT		SAME_SPLIT	PT_COMPLETE_BY_COUNT	200	0	SUCCESS	5.29	0	0
1FOQ	train			EXCLUDE_MULTI_RNA_CHAIN	EXCLUDE_MULTI_RNA_CHAIN	RNA_CHAIN_COUNT=5; required exactly 1	SAME_UNASSIGNED	NOT_ASSIGNED			SUCCESS	38.776	0	0
1FQZ	train	train	train	KEPT	KEPT		SAME_SPLIT	PT_COMPLETE_BY_COUNT	200	0	SUCCESS	1.241	0	0
1FUF	train			EXCLUDE_MULTI_RNA_CHAIN	EXCLUDE_MULTI_RNA_CHAIN	RNA_CHAIN_COUNT=2; required exactly 1	SAME_UNASSIGNED	NOT_ASSIGNED			SUCCESS	0.134	0	0
1FYO	train	train	train	KEPT	KEPT		SAME_SPLIT	PT_COMPLETE_BY_COUNT	200	0	SUCCESS	4.322	0	0
1FYP	train	train	train	KEPT	KEPT		SAME_SPLIT	PT_COMPLETE_BY_COUNT	200	0	SUCCESS	2.567	0	0
1G2J	train	train	train	KEPT	KEPT		SAME_SPLIT	PT_EXCLUDED_BY_POLICY	0	0	SUCCESS	6.131	0	0
1G3A	train			EXCLUDE_MULTI_RNA_CHAIN	EXCLUDE_MULTI_RNA_CHAIN	RNA_CHAIN_COUNT=2; required exactly 1	SAME_UNASSIGNED	NOT_ASSIGNED			SUCCESS	0.995	0	0
1GID	train			EXCLUDE_MULTI_RNA_CHAIN	EXCLUDE_MULTI_RNA_CHAIN	RNA_CHAIN_COUNT=2; required exactly 1	SAME_UNASSIGNED	NOT_ASSIGNED			SUCCESS	29.016	0	0
1GRZ	train			EXCLUDE_MULTI_RNA_CHAIN	EXCLUDE_MULTI_RNA_CHAIN	RNA_CHAIN_COUNT=2; required exactly 1	SAME_UNASSIGNED	NOT_ASSIGNED			SUCCESS	47.031	0	0
1GUC	train			EXCLUDE_MULTI_RNA_CHAIN	EXCLUDE_MULTI_RNA_CHAIN	RNA_CHAIN_COUNT=2; required exactly 1	SAME_UNASSIGNED	NOT_ASSIGNED			SUCCESS	0.945	0	0
1H0Q	train			EXCLUDE_MULTI_RNA_CHAIN	EXCLUDE_MULTI_RNA_CHAIN	RNA_CHAIN_COUNT=2; required exactly 1	SAME_UNASSIGNED	NOT_ASSIGNED			SUCCESS	0.859	0	0
1H1K	train			EXCLUDE_MULTI_RNA_CHAIN	EXCLUDE_MULTI_RNA_CHAIN	RNA_CHAIN_COUNT=6; required exactly 1	SAME_UNASSIGNED	NOT_ASSIGNED			SUCCESS	342.239	0	0
1HLX	train	train	train	KEPT	KEPT		SAME_SPLIT	PT_COMPLETE_BY_COUNT	200	0	SUCCESS	2.046	0	0
1HR2	train			EXCLUDE_MULTI_RNA_CHAIN	EXCLUDE_MULTI_RNA_CHAIN	RNA_CHAIN_COUNT=2; required exactly 1	SAME_UNASSIGNED	NOT_ASSIGNED			SUCCESS	40.209	0	0
1HS1	train	train	train	KEPT	KEPT		SAME_SPLIT	PT_COMPLETE_BY_COUNT	200	0	SUCCESS	2.916	0	0
1HS2	train	train	train	KEPT	KEPT		SAME_SPLIT	PT_COMPLETE_BY_COUNT	200	0	SUCCESS	1.782	0	0
1HS3	train	train	train	KEPT	KEPT		SAME_SPLIT	PT_COMPLETE_BY_COUNT	200	0	SUCCESS	1.792	0	0
1HS4	train	train	train	KEPT	KEPT		SAME_SPLIT	PT_COMPLETE_BY_COUNT	200	0	SUCCESS	1.974	0	0
1HS8	train	train	train	KEPT	KEPT		SAME_SPLIT	PT_COMPLETE_BY_COUNT	200	0	SUCCESS	2.625	0	0
1HWQ	train	train	train	KEPT	KEPT		SAME_SPLIT	PT_COMPLETE_BY_COUNT	200	0	SUCCESS	5.251	0	0
1I3X	train	train	train	KEPT	KEPT		SAME_SPLIT	PT_COMPLETE_BY_COUNT	200	0	SUCCESS	2.844	0	0
1I3Y	train	train	train	KEPT	KEPT		SAME_SPLIT	PT_COMPLETE_BY_COUNT	200	0	SUCCESS	2.956	0	0
1I46	train	train	train	KEPT	KEPT		SAME_SPLIT	PT_COMPLETE_BY_COUNT	200	0	SUCCESS	1.597	0	0
1I4B	train	train	train	KEPT	KEPT		SAME_SPLIT	PT_COMPLETE_BY_COUNT	200	0	SUCCESS	1.891	0	0
1I4C	train	train	train	KEPT	KEPT		SAME_SPLIT	PT_COMPLETE_BY_COUNT	200	0	SUCCESS	2.069	0	0
1I7J	train			EXCLUDE_MULTI_RNA_CHAIN	EXCLUDE_MULTI_RNA_CHAIN	RNA_CHAIN_COUNT=2; required exactly 1	SAME_UNASSIGNED	NOT_ASSIGNED			SUCCESS	0.78	0	0
1I9K	train			EXCLUDE_MULTI_RNA_CHAIN	EXCLUDE_MULTI_RNA_CHAIN	RNA_CHAIN_COUNT=4; required exactly 1	SAME_UNASSIGNED	NOT_ASSIGNED			SUCCESS	3.782	0	0
1I9V	train	train	train	KEPT	KEPT		SAME_SPLIT	PT_COMPLETE_BY_COUNT	200	0	SUCCESS	0.7	0	0
1I9X	train			EXCLUDE_MULTI_RNA_CHAIN	EXCLUDE_MULTI_RNA_CHAIN	RNA_CHAIN_COUNT=2; required exactly 1	SAME_UNASSIGNED	NOT_ASSIGNED			SUCCESS	0.257	0	0
1IDV	train	train	train	KEPT	KEPT		SAME_SPLIT	PT_COMPLETE_BY_COUNT	200	0	SUCCESS	2.139	0	0
1IE1	train	train	train	KEPT	KEPT		SAME_SPLIT	PT_COMPLETE_BY_COUNT	200	0	SUCCESS	4.828	0	0
1IE2	train	train	train	KEPT	KEPT		SAME_SPLIT	PT_COMPLETE_BY_COUNT	200	0	SUCCESS	4.814	0	0
1IK1	train	train	train	KEPT	KEPT		SAME_SPLIT	PT_COMPLETE_BY_COUNT	200	0	SUCCESS	2.095	0	0
1IK5	train			EXCLUDE_MULTI_RNA_CHAIN	EXCLUDE_MULTI_RNA_CHAIN	RNA_CHAIN_COUNT=2; required exactly 1	SAME_UNASSIGNED	NOT_ASSIGNED			SUCCESS	0.182	0	0
1IKD	train	train	train	KEPT	KEPT		SAME_SPLIT	PT_COMPLETE_BY_COUNT	200	0	SUCCESS	2.122	0	0
1J4Y	train	train	train	KEPT	KEPT		SAME_SPLIT	PT_COMPLETE_BY_COUNT	200	0	SUCCESS	3.688	0	0
1J6S	train			EXCLUDE_MULTI_RNA_CHAIN	EXCLUDE_MULTI_RNA_CHAIN	RNA_CHAIN_COUNT=4; required exactly 1	SAME_UNASSIGNED	NOT_ASSIGNED			SUCCESS	16.497	0	0
1J7T	train			EXCLUDE_MULTI_RNA_CHAIN	EXCLUDE_MULTI_RNA_CHAIN	RNA_CHAIN_COUNT=2; required exactly 1	SAME_UNASSIGNED	NOT_ASSIGNED			SUCCESS	0.717	0	0
1J8G	train			EXCLUDE_MULTI_RNA_CHAIN	EXCLUDE_MULTI_RNA_CHAIN	RNA_CHAIN_COUNT=4; required exactly 1	SAME_UNASSIGNED	NOT_ASSIGNED			SUCCESS	11.761	0	0
1J9H	train			EXCLUDE_MULTI_RNA_CHAIN	EXCLUDE_MULTI_RNA_CHAIN	RNA_CHAIN_COUNT=4; required exactly 1	SAME_UNASSIGNED	NOT_ASSIGNED			SUCCESS	11.161	0	0
1JO7	train	train	train	KEPT	KEPT		SAME_SPLIT	PT_COMPLETE_BY_COUNT	200	0	SUCCESS	4.779	0	0
1JOX	train	train	train	KEPT	KEPT		SAME_SPLIT	PT_COMPLETE_BY_COUNT	200	0	SUCCESS	3.263	0	0
1JP0	train	train	train	KEPT	KEPT		SAME_SPLIT	PT_COMPLETE_BY_COUNT	200	0	SUCCESS	2.959	0	0
1JTJ	train	train	train	KEPT	KEPT		SAME_SPLIT	PT_COMPLETE_BY_COUNT	200	0	SUCCESS	4.686	0	0
1JTW	train	train	train	KEPT	KEPT		SAME_SPLIT	PT_COMPLETE_BY_COUNT	200	0	SUCCESS	1.443	0	0
1JU1	train			EXCLUDE_MULTI_RNA_CHAIN	EXCLUDE_MULTI_RNA_CHAIN	RNA_CHAIN_COUNT=2; required exactly 1	SAME_UNASSIGNED	NOT_ASSIGNED			SUCCESS	4.792	0	0
1JU7	train	train	train	KEPT	KEPT		SAME_SPLIT	PT_COMPLETE_BY_COUNT	200	0	SUCCESS	3.232	0	0
1JUR	train	train	train	KEPT	KEPT		SAME_SPLIT	PT_COMPLETE_BY_COUNT	200	0	SUCCESS	2.158	0	0
1JWC	train	train	train	KEPT	KEPT		SAME_SPLIT	PT_COMPLETE_BY_COUNT	200	0	SUCCESS	3.186	0	0
1JZC	train	train	train	KEPT	KEPT		SAME_SPLIT	PT_COMPLETE_BY_COUNT	200	0	SUCCESS	2.571	0	0
1JZV	train			EXCLUDE_MULTI_RNA_CHAIN	EXCLUDE_MULTI_RNA_CHAIN	RNA_CHAIN_COUNT=4; required exactly 1	SAME_UNASSIGNED	NOT_ASSIGNED			SUCCESS	9.585	0	0
1K2G	train	train	train	KEPT	KEPT		SAME_SPLIT	PT_COMPLETE_BY_COUNT	200	0	SUCCESS	7.239	0	0
1K4A	train	train	train	KEPT	KEPT		SAME_SPLIT	PT_COMPLETE_BY_COUNT	200	0	SUCCESS	2.239	0	0
1K4B	train	train	train	KEPT	KEPT		SAME_SPLIT	PT_COMPLETE_BY_COUNT	200	0	SUCCESS	1.504	0	0
1K5I	train	train	train	KEPT	KEPT		SAME_SPLIT	PT_COMPLETE_BY_COUNT	200	0	SUCCESS	1.993	0	0
1K6G	train	train	train	KEPT	KEPT		SAME_SPLIT	PT_COMPLETE_BY_COUNT	200	0	SUCCESS	2.273	0	0
1K6H	train	train	train	KEPT	KEPT		SAME_SPLIT	PT_COMPLETE_BY_COUNT	200	0	SUCCESS	1.353	0	0
1K8S	train			EXCLUDE_MULTI_RNA_CHAIN	EXCLUDE_MULTI_RNA_CHAIN	RNA_CHAIN_COUNT=2; required exactly 1	SAME_UNASSIGNED	NOT_ASSIGNED			SUCCESS	3.009	0	0
1K9W	train			EXCLUDE_MULTI_RNA_CHAIN	EXCLUDE_MULTI_RNA_CHAIN	RNA_CHAIN_COUNT=4; required exactly 1	SAME_UNASSIGNED	NOT_ASSIGNED			SUCCESS	29.333	0	0
1KAJ	train	train	train	KEPT	KEPT		SAME_SPLIT	PT_COMPLETE_BY_COUNT	200	0	SUCCESS	9.566	0	0
1KD3	train			EXCLUDE_MULTI_RNA_CHAIN	EXCLUDE_MULTI_RNA_CHAIN	RNA_CHAIN_COUNT=2; required exactly 1	SAME_UNASSIGNED	NOT_ASSIGNED			SUCCESS	0.49	0	0
1KD4	train			EXCLUDE_MULTI_RNA_CHAIN	EXCLUDE_MULTI_RNA_CHAIN	RNA_CHAIN_COUNT=2; required exactly 1	SAME_UNASSIGNED	NOT_ASSIGNED			SUCCESS	0.548	0	0
1KD5	train			EXCLUDE_MULTI_RNA_CHAIN	EXCLUDE_MULTI_RNA_CHAIN	RNA_CHAIN_COUNT=2; required exactly 1	SAME_UNASSIGNED	NOT_ASSIGNED			SUCCESS	0.561	0	0
1KFO	train		train	EXCLUDE_TRAIN_RMSD_CUTOFF	KEPT		ADDED_TRAIN	NOT_ASSIGNED			SUCCESS	16.236	0	0
1KH6	train	train	train	KEPT	KEPT		SAME_SPLIT	PT_COMPLETE_BY_COUNT	200	0	SUCCESS	4.867	0	0
1KIS	train			EXCLUDE_MULTI_RNA_CHAIN	EXCLUDE_MULTI_RNA_CHAIN	RNA_CHAIN_COUNT=2; required exactly 1	SAME_UNASSIGNED	NOT_ASSIGNED			SUCCESS	2.628	0	0
1KKA	train	train	train	KEPT	KEPT		SAME_SPLIT	PT_COMPLETE_BY_COUNT	200	0	SUCCESS	4.556	0	0
1KKS	train	train	train	KEPT	KEPT		SAME_SPLIT	PT_COMPLETE_BY_COUNT	200	0	SUCCESS	4.472	0	0
1KOC	train			EXCLUDE_MULTI_RNA_CHAIN	EXCLUDE_MULTI_RNA_CHAIN	RNA_CHAIN_COUNT=2; required exactly 1	SAME_UNASSIGNED	NOT_ASSIGNED			SUCCESS	12.142	0	0
1KOD	train			EXCLUDE_MULTI_RNA_CHAIN	EXCLUDE_MULTI_RNA_CHAIN	RNA_CHAIN_COUNT=2; required exactly 1	SAME_UNASSIGNED	NOT_ASSIGNED			SUCCESS	3.481	0	0
1KOS	train	train	train	KEPT	KEPT		SAME_SPLIT	PT_COMPLETE_BY_COUNT	200	0	SUCCESS	2.823	0	0
1KP7	train	train	train	KEPT	KEPT		SAME_SPLIT	PT_COMPLETE_BY_COUNT	200	0	SUCCESS	5.404	0	0
1KPD	train	train	train	KEPT	KEPT		SAME_SPLIT	PT_COMPLETE_BY_COUNT	200	0	SUCCESS	6.183	0	0
1KPY	train	train	train	KEPT	KEPT		SAME_SPLIT	PT_COMPLETE_BY_COUNT	200	0	SUCCESS	4.032	0	0
1KPZ	train	train	train	KEPT	KEPT		SAME_SPLIT	PT_COMPLETE_BY_COUNT	200	0	SUCCESS	3.984	0	0
1KXK	train	train	train	KEPT	KEPT		SAME_SPLIT	PT_COMPLETE_BY_COUNT	200	0	SUCCESS	6.511	0	0
1L1W	train	train	train	KEPT	KEPT		SAME_SPLIT	PT_COMPLETE_BY_COUNT	200	0	SUCCESS	1.652	0	0
1L2X	train	train	train	KEPT	KEPT		SAME_SPLIT	PT_COMPLETE_BY_COUNT	200	0	SUCCESS	0.454	0	0
1L3D	train	train	train	KEPT	KEPT		SAME_SPLIT	PT_COMPLETE_BY_COUNT	200	0	SUCCESS	0.617	0	0
1L3Z	train			EXCLUDE_MULTI_RNA_CHAIN	EXCLUDE_MULTI_RNA_CHAIN	RNA_CHAIN_COUNT=2; required exactly 1	SAME_UNASSIGNED	NOT_ASSIGNED			SUCCESS	12.806	0	0
1L8V	train			EXCLUDE_MULTI_RNA_CHAIN	EXCLUDE_MULTI_RNA_CHAIN	RNA_CHAIN_COUNT=2; required exactly 1	SAME_UNASSIGNED	NOT_ASSIGNED			SUCCESS	5.458	0	0
1LC4	train			EXCLUDE_MULTI_RNA_CHAIN	EXCLUDE_MULTI_RNA_CHAIN	RNA_CHAIN_COUNT=2; required exactly 1	SAME_UNASSIGNED	NOT_ASSIGNED			SUCCESS	0.652	0	0
1LC6	train	train	train	KEPT	KEPT		SAME_SPLIT	PT_COMPLETE_BY_COUNT	200	0	SUCCESS	5.416	0	0
1LDZ	train	train	train	KEPT	KEPT		SAME_SPLIT	PT_COMPLETE_BY_COUNT	200	0	SUCCESS	4.149	0	0
1LMV	train			EXCLUDE_MULTI_RNA_CHAIN	EXCLUDE_MULTI_RNA_CHAIN	RNA_CHAIN_COUNT=2; required exactly 1	SAME_UNASSIGNED	NOT_ASSIGNED			SUCCESS	2.53	0	0
1LNT	train			EXCLUDE_MULTI_RNA_CHAIN	EXCLUDE_MULTI_RNA_CHAIN	RNA_CHAIN_COUNT=2; required exactly 1	SAME_UNASSIGNED	NOT_ASSIGNED			SUCCESS	0.111	0	0
1LPW	train			EXCLUDE_MULTI_RNA_CHAIN	EXCLUDE_MULTI_RNA_CHAIN	RNA_CHAIN_COUNT=2; required exactly 1	SAME_UNASSIGNED	NOT_ASSIGNED			SUCCESS	4.109	0	0
1LU3	train	train	train	KEPT	KEPT		SAME_SPLIT	PT_COMPLETE_BY_COUNT	200	0	SUCCESS	0.926	0	0
1LUU	train	train	train	KEPT	KEPT		SAME_SPLIT	PT_COMPLETE_BY_COUNT	200	0	SUCCESS	3.384	0	0
1LUX	train	train	train	KEPT	KEPT		SAME_SPLIT	PT_COMPLETE_BY_COUNT	200	0	SUCCESS	3.258	0	0
1LVJ	train	train	train	KEPT	KEPT		SAME_SPLIT	PT_COMPLETE_BY_COUNT	200	0	SUCCESS	6.274	0	0
1M5L	train	train	train	KEPT	KEPT		SAME_SPLIT	PT_COMPLETE_BY_COUNT	200	0	SUCCESS	6.07	0	0
1M82	train	train	train	KEPT	KEPT		SAME_SPLIT	PT_COMPLETE_BY_COUNT	200	0	SUCCESS	2.37	0	0
1MDG	train		train	EXCLUDE_FROZEN_RMSD	KEPT		ADDED_TRAIN	NOT_ASSIGNED			missing_output		0	0
1ME1	train	train	train	KEPT	KEPT		SAME_SPLIT	PT_COMPLETE_BY_COUNT	200	0	SUCCESS	1.981	0	0
1MFJ	train	train	train	KEPT	KEPT		SAME_SPLIT	PT_COMPLETE_BY_COUNT	200	0	SUCCESS	2.168	0	0
1MFK	train	train	train	KEPT	KEPT		SAME_SPLIT	PT_COMPLETE_BY_COUNT	200	0	SUCCESS	2.149	0	0
1MFY	train	train	train	KEPT	KEPT		SAME_SPLIT	PT_COMPLETE_BY_COUNT	200	0	SUCCESS	3.393	0	0
1MHK	train			EXCLUDE_MULTI_RNA_CHAIN	EXCLUDE_MULTI_RNA_CHAIN	RNA_CHAIN_COUNT=2; required exactly 1	SAME_UNASSIGNED	NOT_ASSIGNED			SUCCESS	0.26	0	0
1MIS	train			EXCLUDE_MULTI_RNA_CHAIN	EXCLUDE_MULTI_RNA_CHAIN	RNA_CHAIN_COUNT=2; required exactly 1	SAME_UNASSIGNED	NOT_ASSIGNED			SUCCESS	0.956	0	0
1MME	train			EXCLUDE_MULTI_RNA_CHAIN	EXCLUDE_MULTI_RNA_CHAIN	RNA_CHAIN_COUNT=4; required exactly 1	SAME_UNASSIGNED	NOT_ASSIGNED			SUCCESS	5.255	0	0
1MNX	train	train	train	KEPT	KEPT		SAME_SPLIT	PT_COMPLETE_BY_COUNT	200	0	SUCCESS	3.8	0	0
1MSY	train	train	train	KEPT	KEPT		SAME_SPLIT	PT_COMPLETE_BY_COUNT	200	0	SUCCESS	0.91	0	0
1MT4	train	train	train	KEPT	KEPT		SAME_SPLIT	PT_COMPLETE_BY_COUNT	200	0	SUCCESS	3.855	0	0
1MUV	train			EXCLUDE_MULTI_RNA_CHAIN	EXCLUDE_MULTI_RNA_CHAIN	RNA_CHAIN_COUNT=2; required exactly 1	SAME_UNASSIGNED	NOT_ASSIGNED			SUCCESS	1.036	0	0
1MV1	train			EXCLUDE_MULTI_RNA_CHAIN	EXCLUDE_MULTI_RNA_CHAIN	RNA_CHAIN_COUNT=2; required exactly 1	SAME_UNASSIGNED	NOT_ASSIGNED			SUCCESS	1.853	0	0
1MV2	train			EXCLUDE_MULTI_RNA_CHAIN	EXCLUDE_MULTI_RNA_CHAIN	RNA_CHAIN_COUNT=2; required exactly 1	SAME_UNASSIGNED	NOT_ASSIGNED			SUCCESS	2.126	0	0
1MV6	train			EXCLUDE_MULTI_RNA_CHAIN	EXCLUDE_MULTI_RNA_CHAIN	RNA_CHAIN_COUNT=2; required exactly 1	SAME_UNASSIGNED	NOT_ASSIGNED			SUCCESS	2.629	0	0
1MWG	train			EXCLUDE_MULTI_RNA_CHAIN	EXCLUDE_MULTI_RNA_CHAIN	RNA_CHAIN_COUNT=2; required exactly 1	SAME_UNASSIGNED	NOT_ASSIGNED			SUCCESS	0.946	0	0
1MWL	train			EXCLUDE_MULTI_RNA_CHAIN	EXCLUDE_MULTI_RNA_CHAIN	RNA_CHAIN_COUNT=2; required exactly 1	SAME_UNASSIGNED	NOT_ASSIGNED			SUCCESS	0.676	0	0
1MY9	train			EXCLUDE_MULTI_RNA_CHAIN	EXCLUDE_MULTI_RNA_CHAIN	RNA_CHAIN_COUNT=2; required exactly 1	SAME_UNASSIGNED	NOT_ASSIGNED			SUCCESS	16.365	0	0
1N53	train			EXCLUDE_MULTI_RNA_CHAIN	EXCLUDE_MULTI_RNA_CHAIN	RNA_CHAIN_COUNT=2; required exactly 1	SAME_UNASSIGNED	NOT_ASSIGNED			SUCCESS	3.726	0	0
1N66	train	train	train	KEPT	KEPT		SAME_SPLIT	PT_COMPLETE_BY_COUNT	200	0	SUCCESS	1.701	0	0
1N8X	train	train	train	KEPT	KEPT		SAME_SPLIT	PT_COMPLETE_BY_COUNT	200	0	SUCCESS	2.508	0	0
1NA2	train	train	train	KEPT	KEPT		SAME_SPLIT	PT_COMPLETE_BY_COUNT	200	0	SUCCESS	4.847	0	0
1NBK	train	train	train	KEPT	KEPT		SAME_SPLIT	PT_COMPLETE_BY_COUNT	200	0	SUCCESS	3.134	0	0
1NBR	train	train	train	KEPT	KEPT		SAME_SPLIT	PT_COMPLETE_BY_COUNT	200	0	SUCCESS	2.494	0	0
1NBS	train			EXCLUDE_MULTI_RNA_CHAIN	EXCLUDE_MULTI_RNA_CHAIN	RNA_CHAIN_COUNT=2; required exactly 1	SAME_UNASSIGNED	NOT_ASSIGNED			SUCCESS	27.367	0	0
1NC0	train	train	train	KEPT	KEPT		SAME_SPLIT	PT_COMPLETE_BY_COUNT	200	0	SUCCESS	6.734	0	0
1NEM	train	train	train	KEPT	KEPT		SAME_SPLIT	PT_COMPLETE_BY_COUNT	200	0	SUCCESS	1.989	0	0
1NJN	train	train	train	KEPT	KEPT		SAME_SPLIT	PT_EXCLUDED_BY_POLICY	0	0	SUCCESS	4.121	0	0
1NJO	train			EXCLUDE_MULTI_RNA_CHAIN	EXCLUDE_MULTI_RNA_CHAIN	RNA_CHAIN_COUNT=2; required exactly 1	SAME_UNASSIGNED	NOT_ASSIGNED			SUCCESS	3.988	0	0
1NLC	train			EXCLUDE_MULTI_RNA_CHAIN	EXCLUDE_MULTI_RNA_CHAIN	RNA_CHAIN_COUNT=2; required exactly 1	SAME_UNASSIGNED	NOT_ASSIGNED			SUCCESS	20.964	0	0
1NTA	train			EXCLUDE_MULTI_RNA_CHAIN	EXCLUDE_MULTI_RNA_CHAIN	RNA_CHAIN_COUNT=2; required exactly 1	SAME_UNASSIGNED	NOT_ASSIGNED			SUCCESS	0.369	0	0
1NTB	train			EXCLUDE_MULTI_RNA_CHAIN	EXCLUDE_MULTI_RNA_CHAIN	RNA_CHAIN_COUNT=2; required exactly 1	SAME_UNASSIGNED	NOT_ASSIGNED			SUCCESS	0.277	0	0
1NUJ	train			EXCLUDE_MULTI_RNA_CHAIN	EXCLUDE_MULTI_RNA_CHAIN	RNA_CHAIN_COUNT=8; required exactly 1	SAME_UNASSIGNED	NOT_ASSIGNED			SUCCESS	16.808	0	0
1NUV	train			EXCLUDE_MULTI_RNA_CHAIN	EXCLUDE_MULTI_RNA_CHAIN	RNA_CHAIN_COUNT=8; required exactly 1	SAME_UNASSIGNED	NOT_ASSIGNED			SUCCESS	19.171	0	0
1NYI	train			EXCLUDE_MULTI_RNA_CHAIN	EXCLUDE_MULTI_RNA_CHAIN	RNA_CHAIN_COUNT=2; required exactly 1	SAME_UNASSIGNED	NOT_ASSIGNED			SUCCESS	0.175	0	0
1NZ1	train	train	train	KEPT	KEPT		SAME_SPLIT	PT_COMPLETE_BY_COUNT	200	0	SUCCESS	3.446	0	0
1O15	train	train	train	KEPT	KEPT		SAME_SPLIT	PT_COMPLETE_BY_COUNT	200	0	SUCCESS	3.139	0	0
1O3Z	train			EXCLUDE_MULTI_RNA_CHAIN	EXCLUDE_MULTI_RNA_CHAIN	RNA_CHAIN_COUNT=2; required exactly 1	SAME_UNASSIGNED	NOT_ASSIGNED			SUCCESS	0.702	0	0
1O9M	train			EXCLUDE_MULTI_RNA_CHAIN	EXCLUDE_MULTI_RNA_CHAIN	RNA_CHAIN_COUNT=2; required exactly 1	SAME_UNASSIGNED	NOT_ASSIGNED			SUCCESS	0.28	0	0
1OQ0	train	train	train	KEPT	KEPT		SAME_SPLIT	PT_COMPLETE_BY_COUNT	200	0	SUCCESS	2.093	0	0
1OSU	train		train	EXCLUDE_FROZEN_RMSD	KEPT		ADDED_TRAIN	NOT_ASSIGNED			missing_output		0	0
1OSW	train	train	train	KEPT	KEPT		SAME_SPLIT	PT_COMPLETE_BY_COUNT	200	0	SUCCESS	3.639	0	0
1OW9	train	train	train	KEPT	KEPT		SAME_SPLIT	PT_COMPLETE_BY_COUNT	200	0	SUCCESS	2.093	0	0
1P5M	train	train	train	KEPT	KEPT		SAME_SPLIT	PT_COMPLETE_BY_COUNT	200	0	SUCCESS	4.072	0	0
1P5N	train	train	train	KEPT	KEPT		SAME_SPLIT	PT_COMPLETE_BY_COUNT	200	0	SUCCESS	2.26	0	0
1P5O	train	train	train	KEPT	KEPT		SAME_SPLIT	PT_COMPLETE_BY_COUNT	200	0	SUCCESS	3.436	0	0
1P5P	train	train	train	KEPT	KEPT		SAME_SPLIT	PT_COMPLETE_BY_COUNT	200	0	SUCCESS	3.734	0	0
1P79	train		train	EXCLUDE_FROZEN_RMSD	KEPT		ADDED_TRAIN	NOT_ASSIGNED			missing_output		0	0
1P9X	train	train	train	KEPT	KEPT		SAME_SPLIT	PT_EXCLUDED_BY_POLICY	0	0	SUCCESS	4.121	0	0
1PBL	train			EXCLUDE_MULTI_RNA_CHAIN	EXCLUDE_MULTI_RNA_CHAIN	RNA_CHAIN_COUNT=2; required exactly 1	SAME_UNASSIGNED	NOT_ASSIGNED			SUCCESS	10.135	0	0
1PBM	train			EXCLUDE_MULTI_RNA_CHAIN	EXCLUDE_MULTI_RNA_CHAIN	RNA_CHAIN_COUNT=2; required exactly 1	SAME_UNASSIGNED	NOT_ASSIGNED			SUCCESS	0.998	0	0
1PBR	train	train	train	KEPT	KEPT		SAME_SPLIT	PT_COMPLETE_BY_COUNT	200	0	SUCCESS	1.853	0	0
1PJY	train	train	train	KEPT	KEPT		SAME_SPLIT	PT_COMPLETE_BY_COUNT	200	0	SUCCESS	1.711	0	0
1Q29	train			EXCLUDE_MULTI_RNA_CHAIN	EXCLUDE_MULTI_RNA_CHAIN	RNA_CHAIN_COUNT=2; required exactly 1	SAME_UNASSIGNED	NOT_ASSIGNED			SUCCESS	0.528	0	0
1Q75	train	train	train	KEPT	KEPT		SAME_SPLIT	PT_COMPLETE_BY_COUNT	200	0	SUCCESS	1.675	0	0
1Q8N	train	train	train	KEPT	KEPT		SAME_SPLIT	PT_COMPLETE_BY_COUNT	200	0	SUCCESS	3.983	0	0
1Q93	train			EXCLUDE_MULTI_RNA_CHAIN	EXCLUDE_MULTI_RNA_CHAIN	RNA_CHAIN_COUNT=3; required exactly 1	SAME_UNASSIGNED	NOT_ASSIGNED			SUCCESS	20.367	0	0
1Q96	train			EXCLUDE_MULTI_RNA_CHAIN	EXCLUDE_MULTI_RNA_CHAIN	RNA_CHAIN_COUNT=3; required exactly 1	SAME_UNASSIGNED	NOT_ASSIGNED			SUCCESS	21.918	0	0
1Q9A	train	train	train	KEPT	KEPT		SAME_SPLIT	PT_COMPLETE_BY_COUNT	200	0	SUCCESS	0.385	0	0
1QBP	train			EXCLUDE_MULTI_RNA_CHAIN	EXCLUDE_MULTI_RNA_CHAIN	RNA_CHAIN_COUNT=6; required exactly 1	SAME_UNASSIGNED	NOT_ASSIGNED			SUCCESS	24.203	0	0
1QC0	train			EXCLUDE_MULTI_RNA_CHAIN	EXCLUDE_MULTI_RNA_CHAIN	RNA_CHAIN_COUNT=4; required exactly 1	SAME_UNASSIGNED	NOT_ASSIGNED			missing_output		0	0
1QC8	train	train	train	KEPT	KEPT		SAME_SPLIT	PT_COMPLETE_BY_COUNT	200	0	SUCCESS	5.802	0	0
1QCU	train			EXCLUDE_MULTI_RNA_CHAIN	EXCLUDE_MULTI_RNA_CHAIN	RNA_CHAIN_COUNT=4; required exactly 1	SAME_UNASSIGNED	NOT_ASSIGNED			SUCCESS	14.426	0	0
1QD3	train	train	train	KEPT	KEPT		SAME_SPLIT	PT_COMPLETE_BY_COUNT	200	0	SUCCESS	3.222	0	0
1QES	train			EXCLUDE_MULTI_RNA_CHAIN	EXCLUDE_MULTI_RNA_CHAIN	RNA_CHAIN_COUNT=2; required exactly 1	SAME_UNASSIGNED	NOT_ASSIGNED			SUCCESS	0.557	0	0
1QET	train			EXCLUDE_MULTI_RNA_CHAIN	EXCLUDE_MULTI_RNA_CHAIN	RNA_CHAIN_COUNT=2; required exactly 1	SAME_UNASSIGNED	NOT_ASSIGNED			SUCCESS	1.086	0	0
1QWA	train	train	train	KEPT	KEPT		SAME_SPLIT	PT_COMPLETE_BY_COUNT	200	0	SUCCESS	4.743	0	0
1QWB	train	train	train	KEPT	KEPT		SAME_SPLIT	PT_COMPLETE_BY_COUNT	200	0	SUCCESS	7.523	0	0
1QZA	train		train	EXCLUDE_FROZEN_RMSD	KEPT		ADDED_TRAIN	NOT_ASSIGNED			missing_output		0	0
1QZB	train		train	EXCLUDE_FROZEN_RMSD	KEPT		ADDED_TRAIN	NOT_ASSIGNED			missing_output		0	0
1R2P	train	train	train	KEPT	KEPT		SAME_SPLIT	PT_COMPLETE_BY_COUNT	200	0	SUCCESS	9.578	0	0
1R3O	train			EXCLUDE_MULTI_RNA_CHAIN	EXCLUDE_MULTI_RNA_CHAIN	RNA_CHAIN_COUNT=4; required exactly 1	SAME_UNASSIGNED	NOT_ASSIGNED			SUCCESS	7.721	0	0
1R4H	train	train	train	KEPT	KEPT		SAME_SPLIT	PT_COMPLETE_BY_COUNT	200	0	SUCCESS	1.755	0	0
1R7W	train	train	train	KEPT	KEPT		SAME_SPLIT	PT_COMPLETE_BY_COUNT	200	0	SUCCESS	9.887	0	0
1R7Z	train	train	train	KEPT	KEPT		SAME_SPLIT	PT_COMPLETE_BY_COUNT	200	0	SUCCESS	11.124	0	0
1RAU	train			EXCLUDE_MULTI_RNA_CHAIN	EXCLUDE_MULTI_RNA_CHAIN	RNA_CHAIN_COUNT=4; required exactly 1	SAME_UNASSIGNED	NOT_ASSIGNED			SUCCESS	3.019	0	0
1RAW	train	train	train	KEPT	KEPT		SAME_SPLIT	PT_COMPLETE_BY_COUNT	200	0	SUCCESS	13.36	0	0
1RFR	train	train	train	KEPT	KEPT		SAME_SPLIT	PT_COMPLETE_BY_COUNT	200	0	SUCCESS	3.193	0	0
1RHT	train	train	train	KEPT	KEPT		SAME_SPLIT	PT_COMPLETE_BY_COUNT	200	0	SUCCESS	4.58	0	0
1RMN	train	train	train	KEPT	KEPT		SAME_SPLIT	PT_COMPLETE_BY_COUNT	200	0	SUCCESS	12.837	0	0
1RNA	train			EXCLUDE_MULTI_RNA_CHAIN	EXCLUDE_MULTI_RNA_CHAIN	RNA_CHAIN_COUNT=2; required exactly 1	SAME_UNASSIGNED	NOT_ASSIGNED			SUCCESS	0.381	0	0
1RNG	train	train	train	KEPT	KEPT		SAME_SPLIT	PT_COMPLETE_BY_COUNT	200	0	SUCCESS	1.834	0	0
1RNK	train	train	train	KEPT	KEPT		SAME_SPLIT	PT_COMPLETE_BY_COUNT	200	0	SUCCESS	6.186	0	0
1ROQ	train	train	train	KEPT	KEPT		SAME_SPLIT	PT_COMPLETE_BY_COUNT	200	0	SUCCESS	0.841	0	0
1RRR	train			EXCLUDE_MULTI_RNA_CHAIN	EXCLUDE_MULTI_RNA_CHAIN	RNA_CHAIN_COUNT=2; required exactly 1	SAME_UNASSIGNED	NOT_ASSIGNED			SUCCESS	1.138	0	0
1RXA	train	train	train	KEPT	KEPT		SAME_SPLIT	PT_COMPLETE_BY_COUNT	200	0	SUCCESS	5.853	0	0
1RXB	train			EXCLUDE_MULTI_RNA_CHAIN	EXCLUDE_MULTI_RNA_CHAIN	RNA_CHAIN_COUNT=2; required exactly 1	SAME_UNASSIGNED	NOT_ASSIGNED			SUCCESS	0.728	0	0
1S2F	train	train	train	KEPT	KEPT		SAME_SPLIT	PT_COMPLETE_BY_COUNT	200	0	SUCCESS	2.713	0	0
1S34	train	train	train	KEPT	KEPT		SAME_SPLIT	PT_COMPLETE_BY_COUNT	200	0	SUCCESS	2.868	0	0
1S9L	train			EXCLUDE_MULTI_RNA_CHAIN	EXCLUDE_MULTI_RNA_CHAIN	RNA_CHAIN_COUNT=4; required exactly 1	SAME_UNASSIGNED	NOT_ASSIGNED			SUCCESS	0.861	0	0
1S9S	train		train	EXCLUDE_TRAIN_RMSD_CUTOFF	KEPT		ADDED_TRAIN	NOT_ASSIGNED			SUCCESS	24.425	0	0
1SA9	train			EXCLUDE_MULTI_RNA_CHAIN	EXCLUDE_MULTI_RNA_CHAIN	RNA_CHAIN_COUNT=5; required exactly 1	SAME_UNASSIGNED	NOT_ASSIGNED			SUCCESS	15.766	0	0
1SAQ	train			EXCLUDE_MULTI_RNA_CHAIN	EXCLUDE_MULTI_RNA_CHAIN	RNA_CHAIN_COUNT=5; required exactly 1	SAME_UNASSIGNED	NOT_ASSIGNED			SUCCESS	26.462	0	0
1SCL	train	train	train	KEPT	KEPT		SAME_SPLIT	PT_COMPLETE_BY_COUNT	200	0	SUCCESS	5.329	0	0
1SDR	train			EXCLUDE_MULTI_RNA_CHAIN	EXCLUDE_MULTI_RNA_CHAIN	RNA_CHAIN_COUNT=4; required exactly 1	SAME_UNASSIGNED	NOT_ASSIGNED			SUCCESS	12.8	0	0
1SLO	train	train	train	KEPT	KEPT		SAME_SPLIT	PT_COMPLETE_BY_COUNT	200	0	SUCCESS	2.196	0	0
1SLP	train	train	train	KEPT	KEPT		SAME_SPLIT	PT_COMPLETE_BY_COUNT	200	0	SUCCESS	2.449	0	0
1SY4	train	train	train	KEPT	KEPT		SAME_SPLIT	PT_COMPLETE_BY_COUNT	200	0	SUCCESS	2.978	0	0
1SYZ	train	train	train	KEPT	KEPT		SAME_SPLIT	PT_COMPLETE_BY_COUNT	200	0	SUCCESS	2.708	0	0
1SZY	train	train	train	KEPT	KEPT		SAME_SPLIT	PT_COMPLETE_BY_COUNT	200	0	SUCCESS	1.04	0	0
1T0D	train			EXCLUDE_MULTI_RNA_CHAIN	EXCLUDE_MULTI_RNA_CHAIN	RNA_CHAIN_COUNT=4; required exactly 1	SAME_UNASSIGNED	NOT_ASSIGNED			SUCCESS	19.722	0	0
1T0E	train			EXCLUDE_MULTI_RNA_CHAIN	EXCLUDE_MULTI_RNA_CHAIN	RNA_CHAIN_COUNT=2; required exactly 1	SAME_UNASSIGNED	NOT_ASSIGNED			SUCCESS	0.301	0	0
1T1O	train			EXCLUDE_MULTI_RNA_CHAIN	EXCLUDE_MULTI_RNA_CHAIN	RNA_CHAIN_COUNT=3; required exactly 1	SAME_UNASSIGNED	NOT_ASSIGNED			missing_output		0	0
1T28	train	train	train	KEPT	KEPT		SAME_SPLIT	PT_COMPLETE_BY_COUNT	200	0	SUCCESS	4.779	0	0
1T4X	train			EXCLUDE_MULTI_RNA_CHAIN	EXCLUDE_MULTI_RNA_CHAIN	RNA_CHAIN_COUNT=2; required exactly 1	SAME_UNASSIGNED	NOT_ASSIGNED			SUCCESS	8.812	0	0
1TBK	train	train	train	KEPT	KEPT		SAME_SPLIT	PT_COMPLETE_BY_COUNT	200	0	SUCCESS	3.968	0	0
1TFN	train	train	train	KEPT	KEPT		SAME_SPLIT	PT_COMPLETE_BY_COUNT	200	0	SUCCESS	3.285	0	0
1TJZ	train	train	train	KEPT	KEPT		SAME_SPLIT	PT_COMPLETE_BY_COUNT	200	0	SUCCESS	2.199	0	0
1TLR	train	train	train	KEPT	KEPT		SAME_SPLIT	PT_COMPLETE_BY_COUNT	200	0	SUCCESS	4.789	0	0
1TN1	train	train	train	KEPT	KEPT		SAME_SPLIT	PT_COMPLETE_BY_COUNT	200	0	SUCCESS	0.907	0	0
1TN2	train	train	train	KEPT	KEPT		SAME_SPLIT	PT_COMPLETE_BY_COUNT	200	0	SUCCESS	0.9	0	0
1TOB	train	train	train	KEPT	KEPT		SAME_SPLIT	PT_COMPLETE_BY_COUNT	200	0	SUCCESS	4.786	0	0
1TRA	train	train	train	KEPT	KEPT		SAME_SPLIT	PT_COMPLETE_BY_COUNT	200	0	SUCCESS	1.415	0	0
1TUT	train			EXCLUDE_MULTI_RNA_CHAIN	EXCLUDE_MULTI_RNA_CHAIN	RNA_CHAIN_COUNT=2; required exactly 1	SAME_UNASSIGNED	NOT_ASSIGNED			SUCCESS	2.022	0	0
1TXS	train	train	train	KEPT	KEPT		SAME_SPLIT	PT_COMPLETE_BY_COUNT	200	0	SUCCESS	3.269	0	0
1U2A	train	train	train	KEPT	KEPT		SAME_SPLIT	PT_COMPLETE_BY_COUNT	200	0	SUCCESS	1.637	0	0
1U3K	train	train	train	KEPT	KEPT		SAME_SPLIT	PT_COMPLETE_BY_COUNT	200	0	SUCCESS	10.043	0	0
1U9S	train	train	train	KEPT	KEPT		SAME_SPLIT	PT_COMPLETE_BY_COUNT	200	0	SUCCESS	3.682	0	0
1UTS	train	train	train	KEPT	KEPT		SAME_SPLIT	PT_COMPLETE_BY_COUNT	200	0	SUCCESS	5.641	0	0
1UUD	train	train	train	KEPT	KEPT		SAME_SPLIT	PT_COMPLETE_BY_COUNT	200	0	SUCCESS	2.641	0	0
1UUI	train	train	train	KEPT	KEPT		SAME_SPLIT	PT_COMPLETE_BY_COUNT	200	0	SUCCESS	3.82	0	0
1UUU	train	train	train	KEPT	KEPT		SAME_SPLIT	PT_COMPLETE_BY_COUNT	200	0	SUCCESS	2.028	0	0
1VOP	train	train	train	KEPT	KEPT		SAME_SPLIT	PT_COMPLETE_BY_COUNT	200	0	SUCCESS	4.652	0	0
1VTQ	train	train	train	KEPT	KEPT		SAME_SPLIT	PT_COMPLETE_BY_COUNT	200	0	SUCCESS	1.435	0	0
1WKS	train	train	train	KEPT	KEPT		SAME_SPLIT	PT_COMPLETE_BY_COUNT	200	0	SUCCESS	0.999	0	0
1WTS	train	train	train	KEPT	KEPT		SAME_SPLIT	PT_COMPLETE_BY_COUNT	200	0	SUCCESS	2.526	0	0
1WTT	train	train	train	KEPT	KEPT		SAME_SPLIT	PT_COMPLETE_BY_COUNT	200	0	SUCCESS	2.682	0	0
1WVD	train			EXCLUDE_MULTI_RNA_CHAIN	EXCLUDE_MULTI_RNA_CHAIN	RNA_CHAIN_COUNT=2; required exactly 1	SAME_UNASSIGNED	NOT_ASSIGNED			SUCCESS	21.949	0	0
1X8W	train			EXCLUDE_MULTI_RNA_CHAIN	EXCLUDE_MULTI_RNA_CHAIN	RNA_CHAIN_COUNT=4; required exactly 1	SAME_UNASSIGNED	NOT_ASSIGNED			SUCCESS	55.59	0	0
1X9C	train			EXCLUDE_MULTI_RNA_CHAIN	EXCLUDE_MULTI_RNA_CHAIN	RNA_CHAIN_COUNT=4; required exactly 1	SAME_UNASSIGNED	NOT_ASSIGNED			SUCCESS	0.21	0	0
1X9K	train			EXCLUDE_MULTI_RNA_CHAIN	EXCLUDE_MULTI_RNA_CHAIN	RNA_CHAIN_COUNT=4; required exactly 1	SAME_UNASSIGNED	NOT_ASSIGNED			SUCCESS	0.192	0	0
1XHP	train	train	train	KEPT	KEPT		SAME_SPLIT	PT_COMPLETE_BY_COUNT	200	0	SUCCESS	2.545	0	0
1XJR	train	train	train	KEPT	KEPT		SAME_SPLIT	PT_COMPLETE_BY_COUNT	200	0	SUCCESS	1.722	0	0
1XP7	train			EXCLUDE_MULTI_RNA_CHAIN	EXCLUDE_MULTI_RNA_CHAIN	RNA_CHAIN_COUNT=2; required exactly 1	SAME_UNASSIGNED	NOT_ASSIGNED			SUCCESS	0.496	0	0
1XPE	train			EXCLUDE_MULTI_RNA_CHAIN	EXCLUDE_MULTI_RNA_CHAIN	RNA_CHAIN_COUNT=2; required exactly 1	SAME_UNASSIGNED	NOT_ASSIGNED			SUCCESS	21.344	0	0
1XPF	train			EXCLUDE_MULTI_RNA_CHAIN	EXCLUDE_MULTI_RNA_CHAIN	RNA_CHAIN_COUNT=2; required exactly 1	SAME_UNASSIGNED	NOT_ASSIGNED			SUCCESS	22.388	0	0
1XSG	train	train	train	KEPT	KEPT		SAME_SPLIT	PT_COMPLETE_BY_COUNT	200	0	SUCCESS	2.701	0	0
1XSH	train	train	train	KEPT	KEPT		SAME_SPLIT	PT_COMPLETE_BY_COUNT	200	0	SUCCESS	2.527	0	0
1XST	train	train	train	KEPT	KEPT		SAME_SPLIT	PT_COMPLETE_BY_COUNT	200	0	SUCCESS	3.436	0	0
1XSU	train	train	train	KEPT	KEPT		SAME_SPLIT	PT_COMPLETE_BY_COUNT	200	0	SUCCESS	2.407	0	0
1XV0	train			EXCLUDE_MULTI_RNA_CHAIN	EXCLUDE_MULTI_RNA_CHAIN	RNA_CHAIN_COUNT=2; required exactly 1	SAME_UNASSIGNED	NOT_ASSIGNED			SUCCESS	1.604	0	0
1XV6	train	train	train	KEPT	KEPT		SAME_SPLIT	PT_COMPLETE_BY_COUNT	200	0	SUCCESS	8.606	0	0
1XWP	train	train	train	KEPT	KEPT		SAME_SPLIT	PT_COMPLETE_BY_COUNT	200	0	SUCCESS	2.037	0	0
1XWU	train	train	train	KEPT	KEPT		SAME_SPLIT	PT_COMPLETE_BY_COUNT	200	0	SUCCESS	2.363	0	0
1Y0Q	train			EXCLUDE_MULTI_RNA_CHAIN	EXCLUDE_MULTI_RNA_CHAIN	RNA_CHAIN_COUNT=2; required exactly 1	SAME_UNASSIGNED	NOT_ASSIGNED			SUCCESS	1.458	0	0
1Y26	train	train	train	KEPT	KEPT		SAME_SPLIT	PT_COMPLETE_BY_COUNT	200	0	SUCCESS	0.368	0	0
1Y27	train	train	train	KEPT	KEPT		SAME_SPLIT	PT_COMPLETE_BY_COUNT	200	0	SUCCESS	0.399	0	0
1Y3O	train			EXCLUDE_MULTI_RNA_CHAIN	EXCLUDE_MULTI_RNA_CHAIN	RNA_CHAIN_COUNT=2; required exactly 1	SAME_UNASSIGNED	NOT_ASSIGNED			SUCCESS	21.604	0	0
1Y3S	train			EXCLUDE_MULTI_RNA_CHAIN	EXCLUDE_MULTI_RNA_CHAIN	RNA_CHAIN_COUNT=2; required exactly 1	SAME_UNASSIGNED	NOT_ASSIGNED			SUCCESS	21.558	0	0
1Y6S	train			EXCLUDE_MULTI_RNA_CHAIN	EXCLUDE_MULTI_RNA_CHAIN	RNA_CHAIN_COUNT=2; required exactly 1	SAME_UNASSIGNED	NOT_ASSIGNED			SUCCESS	20.681	0	0
1Y6T	train			EXCLUDE_MULTI_RNA_CHAIN	EXCLUDE_MULTI_RNA_CHAIN	RNA_CHAIN_COUNT=2; required exactly 1	SAME_UNASSIGNED	NOT_ASSIGNED			SUCCESS	0.924	0	0
1Y73	train			EXCLUDE_MULTI_RNA_CHAIN	EXCLUDE_MULTI_RNA_CHAIN	RNA_CHAIN_COUNT=2; required exactly 1	SAME_UNASSIGNED	NOT_ASSIGNED			SUCCESS	22.005	0	0
1Y90	train			EXCLUDE_MULTI_RNA_CHAIN	EXCLUDE_MULTI_RNA_CHAIN	RNA_CHAIN_COUNT=2; required exactly 1	SAME_UNASSIGNED	NOT_ASSIGNED			SUCCESS	1.047	0	0
1Y95	train			EXCLUDE_MULTI_RNA_CHAIN	EXCLUDE_MULTI_RNA_CHAIN	RNA_CHAIN_COUNT=2; required exactly 1	SAME_UNASSIGNED	NOT_ASSIGNED			SUCCESS	21.844	0	0
1Y99	train			EXCLUDE_MULTI_RNA_CHAIN	EXCLUDE_MULTI_RNA_CHAIN	RNA_CHAIN_COUNT=2; required exactly 1	SAME_UNASSIGNED	NOT_ASSIGNED			SUCCESS	22.309	0	0
1YFG	train	train	train	KEPT	KEPT		SAME_SPLIT	PT_COMPLETE_BY_COUNT	200	0	SUCCESS	4.002	0	0
1YFV	train			EXCLUDE_MULTI_RNA_CHAIN	EXCLUDE_MULTI_RNA_CHAIN	RNA_CHAIN_COUNT=2; required exactly 1	SAME_UNASSIGNED	NOT_ASSIGNED			SUCCESS	1.104	0	0
1YG3	train	train	train	KEPT	KEPT		SAME_SPLIT	PT_COMPLETE_BY_COUNT	200	0	SUCCESS	3.025	0	0
1YG4	train	train	train	KEPT	KEPT		SAME_SPLIT	PT_COMPLETE_BY_COUNT	200	0	SUCCESS	2.939	0	0
1YKQ	train			EXCLUDE_MULTI_RNA_CHAIN	EXCLUDE_MULTI_RNA_CHAIN	RNA_CHAIN_COUNT=4; required exactly 1	SAME_UNASSIGNED	NOT_ASSIGNED			SUCCESS	27.707	0	0
1YKV	train			EXCLUDE_MULTI_RNA_CHAIN	EXCLUDE_MULTI_RNA_CHAIN	RNA_CHAIN_COUNT=4; required exactly 1	SAME_UNASSIGNED	NOT_ASSIGNED			SUCCESS	33.875	0	0
1YLG	train	train	train	KEPT	KEPT		SAME_SPLIT	PT_COMPLETE_BY_COUNT	200	0	SUCCESS	5.405	0	0
1YLS	train			EXCLUDE_MULTI_RNA_CHAIN	EXCLUDE_MULTI_RNA_CHAIN	RNA_CHAIN_COUNT=4; required exactly 1	SAME_UNASSIGNED	NOT_ASSIGNED			SUCCESS	31.907	0	0
1YMO	train	train	train	KEPT	KEPT		SAME_SPLIT	PT_COMPLETE_BY_COUNT	200	0	SUCCESS	6.375	0	0
1YN1	train	train	train	KEPT	KEPT		SAME_SPLIT	PT_COMPLETE_BY_COUNT	200	0	SUCCESS	3.377	0	0
1YN2	train	train	train	KEPT	KEPT		SAME_SPLIT	PT_COMPLETE_BY_COUNT	200	0	SUCCESS	4.207	0	0
1YNC	train	train	train	KEPT	KEPT		SAME_SPLIT	PT_COMPLETE_BY_COUNT	200	0	SUCCESS	5.718	0	0
1YNE	train	train	train	KEPT	KEPT		SAME_SPLIT	PT_COMPLETE_BY_COUNT	200	0	SUCCESS	3.789	0	0
1YNG	train	train	train	KEPT	KEPT		SAME_SPLIT	PT_COMPLETE_BY_COUNT	200	0	SUCCESS	3.889	0	0
1YRJ	train			EXCLUDE_MULTI_RNA_CHAIN	EXCLUDE_MULTI_RNA_CHAIN	RNA_CHAIN_COUNT=2; required exactly 1	SAME_UNASSIGNED	NOT_ASSIGNED			SUCCESS	1.616	0	0
1YSV	train	train	train	KEPT	KEPT		SAME_SPLIT	PT_COMPLETE_BY_COUNT	200	0	SUCCESS	1.95	0	0
1YXP	train			EXCLUDE_MULTI_RNA_CHAIN	EXCLUDE_MULTI_RNA_CHAIN	RNA_CHAIN_COUNT=2; required exactly 1	SAME_UNASSIGNED	NOT_ASSIGNED			SUCCESS	21.796	0	0
1YY0	train			EXCLUDE_MULTI_RNA_CHAIN	EXCLUDE_MULTI_RNA_CHAIN	RNA_CHAIN_COUNT=3; required exactly 1	SAME_UNASSIGNED	NOT_ASSIGNED			SUCCESS	22.023	0	0
1YZD	train			EXCLUDE_MULTI_RNA_CHAIN	EXCLUDE_MULTI_RNA_CHAIN	RNA_CHAIN_COUNT=3; required exactly 1	SAME_UNASSIGNED	NOT_ASSIGNED			SUCCESS	20.822	0	0
1Z2J	train	train	train	KEPT	KEPT		SAME_SPLIT	PT_COMPLETE_BY_COUNT	200	0	SUCCESS	5.497	0	0
1Z30	train	train	train	KEPT	KEPT		SAME_SPLIT	PT_COMPLETE_BY_COUNT	200	0	SUCCESS	2.511	0	0
1Z31	train	train	train	KEPT	KEPT		SAME_SPLIT	PT_COMPLETE_BY_COUNT	200	0	SUCCESS	2.269	0	0
1Z43	train	train	train	KEPT	KEPT		SAME_SPLIT	PT_COMPLETE_BY_COUNT	200	0	SUCCESS	1.17	0	0
1Z58	train	train	train	KEPT	KEPT		SAME_SPLIT	PT_EXCLUDED_BY_POLICY	0	0	SUCCESS	4.048	0	0
1Z79	train			EXCLUDE_MULTI_RNA_CHAIN	EXCLUDE_MULTI_RNA_CHAIN	RNA_CHAIN_COUNT=3; required exactly 1	SAME_UNASSIGNED	NOT_ASSIGNED			SUCCESS	11.584	0	0
1Z7F	train			EXCLUDE_MULTI_RNA_CHAIN	EXCLUDE_MULTI_RNA_CHAIN	RNA_CHAIN_COUNT=3; required exactly 1	SAME_UNASSIGNED	NOT_ASSIGNED			SUCCESS	10.351	0	0
1ZC5	train	train	train	KEPT	KEPT		SAME_SPLIT	PT_COMPLETE_BY_COUNT	200	0	SUCCESS	3.196	0	0
1ZCI	train			EXCLUDE_MULTI_RNA_CHAIN	EXCLUDE_MULTI_RNA_CHAIN	RNA_CHAIN_COUNT=4; required exactly 1	SAME_UNASSIGNED	NOT_ASSIGNED			SUCCESS	23.023	0	0
1ZEV	train			EXCLUDE_MULTI_RNA_CHAIN	EXCLUDE_MULTI_RNA_CHAIN	RNA_CHAIN_COUNT=2; required exactly 1	SAME_UNASSIGNED	NOT_ASSIGNED			SUCCESS	1.702	0	0
1ZFT	train			EXCLUDE_MULTI_RNA_CHAIN	EXCLUDE_MULTI_RNA_CHAIN	RNA_CHAIN_COUNT=4; required exactly 1	SAME_UNASSIGNED	NOT_ASSIGNED			SUCCESS	0.21	0	0
1ZFV	train			EXCLUDE_MULTI_RNA_CHAIN	EXCLUDE_MULTI_RNA_CHAIN	RNA_CHAIN_COUNT=4; required exactly 1	SAME_UNASSIGNED	NOT_ASSIGNED			SUCCESS	0.21	0	0
1ZFX	train			EXCLUDE_MULTI_RNA_CHAIN	EXCLUDE_MULTI_RNA_CHAIN	RNA_CHAIN_COUNT=4; required exactly 1	SAME_UNASSIGNED	NOT_ASSIGNED			SUCCESS	0.186	0	0
1ZIF	train	train	train	KEPT	KEPT		SAME_SPLIT	PT_COMPLETE_BY_COUNT	200	0	SUCCESS	1.346	0	0
1ZIG	train	train	train	KEPT	KEPT		SAME_SPLIT	PT_COMPLETE_BY_COUNT	200	0	SUCCESS	0.722	0	0
1ZIH	train	train	train	KEPT	KEPT		SAME_SPLIT	PT_COMPLETE_BY_COUNT	200	0	SUCCESS	1.516	0	0
1ZO3	train			EXCLUDE_MULTI_RNA_CHAIN	EXCLUDE_MULTI_RNA_CHAIN	RNA_CHAIN_COUNT=2; required exactly 1	SAME_UNASSIGNED	NOT_ASSIGNED			SUCCESS	19.144	0	0
1ZX7	train			EXCLUDE_MULTI_RNA_CHAIN	EXCLUDE_MULTI_RNA_CHAIN	RNA_CHAIN_COUNT=8; required exactly 1	SAME_UNASSIGNED	NOT_ASSIGNED			SUCCESS	18.36	0	0
1ZZ5	train			EXCLUDE_MULTI_RNA_CHAIN	EXCLUDE_MULTI_RNA_CHAIN	RNA_CHAIN_COUNT=4; required exactly 1	SAME_UNASSIGNED	NOT_ASSIGNED			SUCCESS	19.209	0	0
205D	train			EXCLUDE_MULTI_RNA_CHAIN	EXCLUDE_MULTI_RNA_CHAIN	RNA_CHAIN_COUNT=2; required exactly 1	SAME_UNASSIGNED	NOT_ASSIGNED			SUCCESS	0.413	0	0
21CC	test			EXCLUDE_MULTI_RNA_CHAIN	EXCLUDE_MULTI_RNA_CHAIN	RNA_CHAIN_COUNT=2; required exactly 1	SAME_UNASSIGNED	NOT_ASSIGNED			SUCCESS	9.788	0	0
21ET	test			EXCLUDE_MULTI_RNA_CHAIN	EXCLUDE_MULTI_RNA_CHAIN	RNA_CHAIN_COUNT=6; required exactly 1	SAME_UNASSIGNED	NOT_ASSIGNED					0	0
23JY	test			EXCLUDE_MULTI_RNA_CHAIN	EXCLUDE_MULTI_RNA_CHAIN	RNA_CHAIN_COUNT=2; required exactly 1	SAME_UNASSIGNED	NOT_ASSIGNED			SUCCESS	2.036	0	0
23JZ	test	test	test	KEPT	KEPT		SAME_SPLIT	PT_COMPLETE_BY_COUNT	200	0	SUCCESS	0.738	0	0
23KA	test			EXCLUDE_MULTI_RNA_CHAIN	EXCLUDE_MULTI_RNA_CHAIN	RNA_CHAIN_COUNT=3; required exactly 1	SAME_UNASSIGNED	NOT_ASSIGNED			SUCCESS	23.688	0	0
255D	train	train	train	KEPT	KEPT		SAME_SPLIT	PT_COMPLETE_BY_COUNT	200	0	SUCCESS	9.888	0	0
259D	train			EXCLUDE_MULTI_RNA_CHAIN	EXCLUDE_MULTI_RNA_CHAIN	RNA_CHAIN_COUNT=2; required exactly 1	SAME_UNASSIGNED	NOT_ASSIGNED			SUCCESS	0.589	0	0
25SJ	test			EXCLUDE_MULTI_RNA_CHAIN	EXCLUDE_MULTI_RNA_CHAIN	RNA_CHAIN_COUNT=2; required exactly 1	SAME_UNASSIGNED	NOT_ASSIGNED			SUCCESS	0.953	0	0
25SM	test			EXCLUDE_MULTI_RNA_CHAIN	EXCLUDE_MULTI_RNA_CHAIN	RNA_CHAIN_COUNT=2; required exactly 1	SAME_UNASSIGNED	NOT_ASSIGNED					0	0
280D	train			EXCLUDE_MULTI_RNA_CHAIN	EXCLUDE_MULTI_RNA_CHAIN	RNA_CHAIN_COUNT=4; required exactly 1	SAME_UNASSIGNED	NOT_ASSIGNED			SUCCESS	12.914	0	0
283D	train	train	train	KEPT	KEPT		SAME_SPLIT	PT_COMPLETE_BY_COUNT	200	0	SUCCESS	9.361	0	0
28SP	train	train	train	KEPT	KEPT		SAME_SPLIT	PT_COMPLETE_BY_COUNT	200	0	SUCCESS	1.707	0	0
28SR	train	train	train	KEPT	KEPT		SAME_SPLIT	PT_COMPLETE_BY_COUNT	200	0	SUCCESS	1.776	0	0
299D	train			EXCLUDE_MULTI_RNA_CHAIN	EXCLUDE_MULTI_RNA_CHAIN	RNA_CHAIN_COUNT=2; required exactly 1	SAME_UNASSIGNED	NOT_ASSIGNED			SUCCESS	0.4	0	0
2A04	train			EXCLUDE_MULTI_RNA_CHAIN	EXCLUDE_MULTI_RNA_CHAIN	RNA_CHAIN_COUNT=4; required exactly 1	SAME_UNASSIGNED	NOT_ASSIGNED			SUCCESS	18.984	0	0
2A0P	train			EXCLUDE_MULTI_RNA_CHAIN	EXCLUDE_MULTI_RNA_CHAIN	RNA_CHAIN_COUNT=2; required exactly 1	SAME_UNASSIGNED	NOT_ASSIGNED			SUCCESS	0.41	0	0
2A2E	train	train	train	KEPT	KEPT		SAME_SPLIT	PT_COMPLETE_BY_COUNT	200	0	SUCCESS	7.199	0	0
2A43	train	train	train	KEPT	KEPT		SAME_SPLIT	PT_COMPLETE_BY_COUNT	200	0	SUCCESS	0.351	0	0
2A64	train	train	train	KEPT	KEPT		SAME_SPLIT	PT_COMPLETE_BY_COUNT	200	0	SUCCESS	13.825	0	0
2A9L	train	train	train	KEPT	KEPT		SAME_SPLIT	PT_COMPLETE_BY_COUNT	200	0	SUCCESS	12.097	0	0
2ADT	train			EXCLUDE_MULTI_RNA_CHAIN	EXCLUDE_MULTI_RNA_CHAIN	RNA_CHAIN_COUNT=2; required exactly 1	SAME_UNASSIGNED	NOT_ASSIGNED			SUCCESS	3.103	0	0
2AGN	train			EXCLUDE_MULTI_RNA_CHAIN	EXCLUDE_MULTI_RNA_CHAIN	RNA_CHAIN_COUNT=5; required exactly 1	SAME_UNASSIGNED	NOT_ASSIGNED			missing_output		0	0
2AHT	train	train	train	KEPT	KEPT		SAME_SPLIT	PT_COMPLETE_BY_COUNT	200	0	SUCCESS	3.204	0	0
2AO5	train			EXCLUDE_MULTI_RNA_CHAIN	EXCLUDE_MULTI_RNA_CHAIN	RNA_CHAIN_COUNT=4; required exactly 1	SAME_UNASSIGNED	NOT_ASSIGNED			SUCCESS	13.53	0	0
2AP0	train	train	train	KEPT	KEPT		SAME_SPLIT	PT_COMPLETE_BY_COUNT	200	0	SUCCESS	2.501	0	0
2AP5	train	train	train	KEPT	KEPT		SAME_SPLIT	PT_COMPLETE_BY_COUNT	200	0	SUCCESS	2.241	0	0
2AU4	train	train	train	KEPT	KEPT		SAME_SPLIT	PT_COMPLETE_BY_COUNT	200	0	SUCCESS	7.73	0	0
2AWE	train			EXCLUDE_MULTI_RNA_CHAIN	EXCLUDE_MULTI_RNA_CHAIN	RNA_CHAIN_COUNT=8; required exactly 1	SAME_UNASSIGNED	NOT_ASSIGNED			SUCCESS	1.12	0	0
2AWQ	train	train	train	KEPT	KEPT		SAME_SPLIT	PT_COMPLETE_BY_COUNT	200	0	SUCCESS	2.536	0	0
2B57	train	train	train	KEPT	KEPT		SAME_SPLIT	PT_COMPLETE_BY_COUNT	200	0	SUCCESS	0.293	0	0
2B7G	train	train	train	KEPT	KEPT		SAME_SPLIT	PT_COMPLETE_BY_COUNT	200	0	SUCCESS	1.006	0	0
2B8R	train			EXCLUDE_MULTI_RNA_CHAIN	EXCLUDE_MULTI_RNA_CHAIN	RNA_CHAIN_COUNT=2; required exactly 1	SAME_UNASSIGNED	NOT_ASSIGNED			SUCCESS	21.315	0	0
2B8S	train			EXCLUDE_MULTI_RNA_CHAIN	EXCLUDE_MULTI_RNA_CHAIN	RNA_CHAIN_COUNT=2; required exactly 1	SAME_UNASSIGNED	NOT_ASSIGNED			SUCCESS	0.618	0	0
2BCY	train			EXCLUDE_MULTI_RNA_CHAIN	EXCLUDE_MULTI_RNA_CHAIN	RNA_CHAIN_COUNT=4; required exactly 1	SAME_UNASSIGNED	NOT_ASSIGNED			SUCCESS	0.175	0	0
2BCZ	train			EXCLUDE_MULTI_RNA_CHAIN	EXCLUDE_MULTI_RNA_CHAIN	RNA_CHAIN_COUNT=4; required exactly 1	SAME_UNASSIGNED	NOT_ASSIGNED			SUCCESS	0.275	0	0
2BE0	train			EXCLUDE_MULTI_RNA_CHAIN	EXCLUDE_MULTI_RNA_CHAIN	RNA_CHAIN_COUNT=2; required exactly 1	SAME_UNASSIGNED	NOT_ASSIGNED			SUCCESS	0.474	0	0
2BEE	train			EXCLUDE_MULTI_RNA_CHAIN	EXCLUDE_MULTI_RNA_CHAIN	RNA_CHAIN_COUNT=2; required exactly 1	SAME_UNASSIGNED	NOT_ASSIGNED			SUCCESS	0.377	0	0
2BJ2	train			EXCLUDE_MULTI_RNA_CHAIN	EXCLUDE_MULTI_RNA_CHAIN	RNA_CHAIN_COUNT=2; required exactly 1	SAME_UNASSIGNED	NOT_ASSIGNED			SUCCESS	5.129	0	0
2CD1	train	train	train	KEPT	KEPT		SAME_SPLIT	PT_COMPLETE_BY_COUNT	200	0	SUCCESS	2.423	0	0
2CD3	train	train	train	KEPT	KEPT		SAME_SPLIT	PT_COMPLETE_BY_COUNT	200	0	SUCCESS	2.267	0	0
2CD5	train	train	train	KEPT	KEPT		SAME_SPLIT	PT_COMPLETE_BY_COUNT	200	0	SUCCESS	2.223	0	0
2CD6	train	train	train	KEPT	KEPT		SAME_SPLIT	PT_COMPLETE_BY_COUNT	200	0	SUCCESS	2.141	0	0
2CKY	train			EXCLUDE_MULTI_RNA_CHAIN	EXCLUDE_MULTI_RNA_CHAIN	RNA_CHAIN_COUNT=2; required exactly 1	SAME_UNASSIGNED	NOT_ASSIGNED			SUCCESS	29.4	0	0
2D17	train			EXCLUDE_MULTI_RNA_CHAIN	EXCLUDE_MULTI_RNA_CHAIN	RNA_CHAIN_COUNT=2; required exactly 1	SAME_UNASSIGNED	NOT_ASSIGNED			SUCCESS	2.232	0	0
2D18	train			EXCLUDE_MULTI_RNA_CHAIN	EXCLUDE_MULTI_RNA_CHAIN	RNA_CHAIN_COUNT=2; required exactly 1	SAME_UNASSIGNED	NOT_ASSIGNED			SUCCESS	3.28	0	0
2D19	train			EXCLUDE_MULTI_RNA_CHAIN	EXCLUDE_MULTI_RNA_CHAIN	RNA_CHAIN_COUNT=2; required exactly 1	SAME_UNASSIGNED	NOT_ASSIGNED			SUCCESS	16.022	0	0
2D1A	train			EXCLUDE_MULTI_RNA_CHAIN	EXCLUDE_MULTI_RNA_CHAIN	RNA_CHAIN_COUNT=2; required exactly 1	SAME_UNASSIGNED	NOT_ASSIGNED			SUCCESS	37.297	0	0
2D1B	train			EXCLUDE_MULTI_RNA_CHAIN	EXCLUDE_MULTI_RNA_CHAIN	RNA_CHAIN_COUNT=2; required exactly 1	SAME_UNASSIGNED	NOT_ASSIGNED			SUCCESS	2.829	0	0
2D2K	train			EXCLUDE_MULTI_RNA_CHAIN	EXCLUDE_MULTI_RNA_CHAIN	RNA_CHAIN_COUNT=4; required exactly 1	SAME_UNASSIGNED	NOT_ASSIGNED			SUCCESS	0.237	0	0
2D2L	train			EXCLUDE_MULTI_RNA_CHAIN	EXCLUDE_MULTI_RNA_CHAIN	RNA_CHAIN_COUNT=4; required exactly 1	SAME_UNASSIGNED	NOT_ASSIGNED			SUCCESS	0.235	0	0
2DD1	train			EXCLUDE_MULTI_RNA_CHAIN	EXCLUDE_MULTI_RNA_CHAIN	RNA_CHAIN_COUNT=2; required exactly 1	SAME_UNASSIGNED	NOT_ASSIGNED			SUCCESS	1.652	0	0
2DD2	train			EXCLUDE_MULTI_RNA_CHAIN	EXCLUDE_MULTI_RNA_CHAIN	RNA_CHAIN_COUNT=2; required exactly 1	SAME_UNASSIGNED	NOT_ASSIGNED			SUCCESS	2.694	0	0
2DD3	train			EXCLUDE_MULTI_RNA_CHAIN	EXCLUDE_MULTI_RNA_CHAIN	RNA_CHAIN_COUNT=2; required exactly 1	SAME_UNASSIGNED	NOT_ASSIGNED			SUCCESS	2.963	0	0
2EES	train	train	train	KEPT	KEPT		SAME_SPLIT	PT_COMPLETE_BY_COUNT	200	0	SUCCESS	0.489	0	0
2EET	train	train	train	KEPT	KEPT		SAME_SPLIT	PT_COMPLETE_BY_COUNT	200	0	SUCCESS	0.375	0	0
2EEU	train	train	train	KEPT	KEPT		SAME_SPLIT	PT_COMPLETE_BY_COUNT	200	0	SUCCESS	0.332	0	0
2EEV	train	train	train	KEPT	KEPT		SAME_SPLIT	PT_COMPLETE_BY_COUNT	200	0	SUCCESS	0.438	0	0
2EEW	train	train	train	KEPT	KEPT		SAME_SPLIT	PT_COMPLETE_BY_COUNT	200	0	SUCCESS	0.406	0	0
2ES5	train	train	train	KEPT	KEPT		SAME_SPLIT	PT_COMPLETE_BY_COUNT	200	0	SUCCESS	1.714	0	0
2ESI	train			EXCLUDE_MULTI_RNA_CHAIN	EXCLUDE_MULTI_RNA_CHAIN	RNA_CHAIN_COUNT=2; required exactly 1	SAME_UNASSIGNED	NOT_ASSIGNED			SUCCESS	1.426	0	0
2ESJ	train			EXCLUDE_MULTI_RNA_CHAIN	EXCLUDE_MULTI_RNA_CHAIN	RNA_CHAIN_COUNT=2; required exactly 1	SAME_UNASSIGNED	NOT_ASSIGNED			SUCCESS	0.722	0	0
2ET3	train			EXCLUDE_MULTI_RNA_CHAIN	EXCLUDE_MULTI_RNA_CHAIN	RNA_CHAIN_COUNT=2; required exactly 1	SAME_UNASSIGNED	NOT_ASSIGNED			SUCCESS	0.857	0	0
2ET4	train			EXCLUDE_MULTI_RNA_CHAIN	EXCLUDE_MULTI_RNA_CHAIN	RNA_CHAIN_COUNT=2; required exactly 1	SAME_UNASSIGNED	NOT_ASSIGNED			SUCCESS	0.815	0	0
2ET5	train			EXCLUDE_MULTI_RNA_CHAIN	EXCLUDE_MULTI_RNA_CHAIN	RNA_CHAIN_COUNT=2; required exactly 1	SAME_UNASSIGNED	NOT_ASSIGNED			SUCCESS	0.602	0	0
2ET8	train			EXCLUDE_MULTI_RNA_CHAIN	EXCLUDE_MULTI_RNA_CHAIN	RNA_CHAIN_COUNT=2; required exactly 1	SAME_UNASSIGNED	NOT_ASSIGNED			SUCCESS	0.891	0	0
2EUY	train	train	train	KEPT	KEPT		SAME_SPLIT	PT_COMPLETE_BY_COUNT	200	0	SUCCESS	8.085	0	0
2EVY	train	train	train	KEPT	KEPT		SAME_SPLIT	PT_COMPLETE_BY_COUNT	200	0	SUCCESS	3.146	0	0
2F4S	train			EXCLUDE_MULTI_RNA_CHAIN	EXCLUDE_MULTI_RNA_CHAIN	RNA_CHAIN_COUNT=2; required exactly 1	SAME_UNASSIGNED	NOT_ASSIGNED			SUCCESS	0.325	0	0
2F4T	train			EXCLUDE_MULTI_RNA_CHAIN	EXCLUDE_MULTI_RNA_CHAIN	RNA_CHAIN_COUNT=2; required exactly 1	SAME_UNASSIGNED	NOT_ASSIGNED			SUCCESS	0.373	0	0
2F4U	train			EXCLUDE_MULTI_RNA_CHAIN	EXCLUDE_MULTI_RNA_CHAIN	RNA_CHAIN_COUNT=2; required exactly 1	SAME_UNASSIGNED	NOT_ASSIGNED			SUCCESS	0.296	0	0
2F4X	train			EXCLUDE_MULTI_RNA_CHAIN	EXCLUDE_MULTI_RNA_CHAIN	RNA_CHAIN_COUNT=2; required exactly 1	SAME_UNASSIGNED	NOT_ASSIGNED			SUCCESS	23.611	0	0
2F87	train	train	train	KEPT	KEPT		SAME_SPLIT	PT_COMPLETE_BY_COUNT	200	0	SUCCESS	1.308	0	0
2F88	train	train	train	KEPT	KEPT		SAME_SPLIT	PT_COMPLETE_BY_COUNT	200	0	SUCCESS	3.256	0	0
2FCX	train			EXCLUDE_MULTI_RNA_CHAIN	EXCLUDE_MULTI_RNA_CHAIN	RNA_CHAIN_COUNT=2; required exactly 1	SAME_UNASSIGNED	NOT_ASSIGNED			SUCCESS	0.749	0	0
2FCY	train			EXCLUDE_MULTI_RNA_CHAIN	EXCLUDE_MULTI_RNA_CHAIN	RNA_CHAIN_COUNT=2; required exactly 1	SAME_UNASSIGNED	NOT_ASSIGNED			SUCCESS	0.921	0	0
2FCZ	train			EXCLUDE_MULTI_RNA_CHAIN	EXCLUDE_MULTI_RNA_CHAIN	RNA_CHAIN_COUNT=4; required exactly 1	SAME_UNASSIGNED	NOT_ASSIGNED			SUCCESS	14.993	0	0
2FD0	train			EXCLUDE_MULTI_RNA_CHAIN	EXCLUDE_MULTI_RNA_CHAIN	RNA_CHAIN_COUNT=2; required exactly 1	SAME_UNASSIGNED	NOT_ASSIGNED			SUCCESS	0.867	0	0
2FDT	train	train	train	KEPT	KEPT		SAME_SPLIT	PT_COMPLETE_BY_COUNT	200	0	SUCCESS	2.003	0	0
2FEY	train	train	train	KEPT	KEPT		SAME_SPLIT	PT_COMPLETE_BY_COUNT	200	0	SUCCESS	8.392	0	0
2FGP	train			EXCLUDE_MULTI_RNA_CHAIN	EXCLUDE_MULTI_RNA_CHAIN	RNA_CHAIN_COUNT=4; required exactly 1	SAME_UNASSIGNED	NOT_ASSIGNED			SUCCESS	0.254	0	0
2FQN	train			EXCLUDE_MULTI_RNA_CHAIN	EXCLUDE_MULTI_RNA_CHAIN	RNA_CHAIN_COUNT=2; required exactly 1	SAME_UNASSIGNED	NOT_ASSIGNED			SUCCESS	1.085	0	0
2G1G	train	train	train	KEPT	KEPT		SAME_SPLIT	PT_COMPLETE_BY_COUNT	200	0	SUCCESS	3.507	0	0
2G1W	train	train	train	KEPT	KEPT		SAME_SPLIT	PT_COMPLETE_BY_COUNT	200	0	SUCCESS	4.6	0	0
2G32	train			EXCLUDE_MULTI_RNA_CHAIN	EXCLUDE_MULTI_RNA_CHAIN	RNA_CHAIN_COUNT=4; required exactly 1	SAME_UNASSIGNED	NOT_ASSIGNED			SUCCESS	7.659	0	0
2G3S	train			EXCLUDE_MULTI_RNA_CHAIN	EXCLUDE_MULTI_RNA_CHAIN	RNA_CHAIN_COUNT=10; required exactly 1	SAME_UNASSIGNED	NOT_ASSIGNED			SUCCESS	23.409	0	0
2G5K	train			EXCLUDE_MULTI_RNA_CHAIN	EXCLUDE_MULTI_RNA_CHAIN	RNA_CHAIN_COUNT=2; required exactly 1	SAME_UNASSIGNED	NOT_ASSIGNED			SUCCESS	0.849	0	0
2G91	train			EXCLUDE_MULTI_RNA_CHAIN	EXCLUDE_MULTI_RNA_CHAIN	RNA_CHAIN_COUNT=2; required exactly 1	SAME_UNASSIGNED	NOT_ASSIGNED			SUCCESS	0.449	0	0
2G92	train			EXCLUDE_MULTI_RNA_CHAIN	EXCLUDE_MULTI_RNA_CHAIN	RNA_CHAIN_COUNT=2; required exactly 1	SAME_UNASSIGNED	NOT_ASSIGNED			SUCCESS	0.482	0	0
2G9C	train	train	train	KEPT	KEPT		SAME_SPLIT	PT_COMPLETE_BY_COUNT	200	0	SUCCESS	0.457	0	0
2GBH	train	train	train	KEPT	KEPT		SAME_SPLIT	PT_EXCLUDED_BY_POLICY	0	0	SUCCESS	2.715	0	0
2GCS	train			EXCLUDE_MULTI_RNA_CHAIN	EXCLUDE_MULTI_RNA_CHAIN	RNA_CHAIN_COUNT=2; required exactly 1	SAME_UNASSIGNED	NOT_ASSIGNED			SUCCESS	0.516	0	0
2GCV	train			EXCLUDE_MULTI_RNA_CHAIN	EXCLUDE_MULTI_RNA_CHAIN	RNA_CHAIN_COUNT=2; required exactly 1	SAME_UNASSIGNED	NOT_ASSIGNED			SUCCESS	0.657	0	0
2GDI	train			EXCLUDE_MULTI_RNA_CHAIN	EXCLUDE_MULTI_RNA_CHAIN	RNA_CHAIN_COUNT=2; required exactly 1	SAME_UNASSIGNED	NOT_ASSIGNED			SUCCESS	28.147	0	0
2GIO	train	train	train	KEPT	KEPT		SAME_SPLIT	PT_COMPLETE_BY_COUNT	200	0	SUCCESS	2.069	0	0
2GIP	train	train	train	KEPT	KEPT		SAME_SPLIT	PT_COMPLETE_BY_COUNT	200	0	SUCCESS	1.625	0	0
2GIS	train	train	train	KEPT	KEPT		SAME_SPLIT	PT_COMPLETE_BY_COUNT	200	0	SUCCESS	0.303	0	0
2GM0	train			EXCLUDE_MULTI_RNA_CHAIN	EXCLUDE_MULTI_RNA_CHAIN	RNA_CHAIN_COUNT=2; required exactly 1	SAME_UNASSIGNED	NOT_ASSIGNED			SUCCESS	6.096	0	0
2GPM	train			EXCLUDE_MULTI_RNA_CHAIN	EXCLUDE_MULTI_RNA_CHAIN	RNA_CHAIN_COUNT=4; required exactly 1	SAME_UNASSIGNED	NOT_ASSIGNED			SUCCESS	8.682	0	0
2GQ4	train			EXCLUDE_MULTI_RNA_CHAIN	EXCLUDE_MULTI_RNA_CHAIN	RNA_CHAIN_COUNT=4; required exactly 1	SAME_UNASSIGNED	NOT_ASSIGNED			SUCCESS	7.694	0	0
2GQ5	train			EXCLUDE_MULTI_RNA_CHAIN	EXCLUDE_MULTI_RNA_CHAIN	RNA_CHAIN_COUNT=4; required exactly 1	SAME_UNASSIGNED	NOT_ASSIGNED			SUCCESS	7.664	0	0
2GQ6	train			EXCLUDE_MULTI_RNA_CHAIN	EXCLUDE_MULTI_RNA_CHAIN	RNA_CHAIN_COUNT=4; required exactly 1	SAME_UNASSIGNED	NOT_ASSIGNED			SUCCESS	7.662	0	0
2GQ7	train			EXCLUDE_MULTI_RNA_CHAIN	EXCLUDE_MULTI_RNA_CHAIN	RNA_CHAIN_COUNT=4; required exactly 1	SAME_UNASSIGNED	NOT_ASSIGNED			SUCCESS	7.682	0	0
2GRB	train			EXCLUDE_MULTI_RNA_CHAIN	EXCLUDE_MULTI_RNA_CHAIN	RNA_CHAIN_COUNT=8; required exactly 1	SAME_UNASSIGNED	NOT_ASSIGNED			SUCCESS	3.104	0	0
2GRW	train	train	train	KEPT	KEPT		SAME_SPLIT	PT_COMPLETE_BY_COUNT	200	0	SUCCESS	4.603	0	0
2GV3	train	train	train	KEPT	KEPT		SAME_SPLIT	PT_COMPLETE_BY_COUNT	200	0	SUCCESS	4.098	0	0
2GV4	train	train	train	KEPT	KEPT		SAME_SPLIT	PT_COMPLETE_BY_COUNT	200	0	SUCCESS	1.91	0	0
2GVO	train	train	train	KEPT	KEPT		SAME_SPLIT	PT_COMPLETE_BY_COUNT	200	0	SUCCESS	4.475	0	0
2H0W	train			EXCLUDE_MULTI_RNA_CHAIN	EXCLUDE_MULTI_RNA_CHAIN	RNA_CHAIN_COUNT=2; required exactly 1	SAME_UNASSIGNED	NOT_ASSIGNED			SUCCESS	0.609	0	0
2H0X	train			EXCLUDE_MULTI_RNA_CHAIN	EXCLUDE_MULTI_RNA_CHAIN	RNA_CHAIN_COUNT=2; required exactly 1	SAME_UNASSIGNED	NOT_ASSIGNED			SUCCESS	0.57	0	0
2H1M	train			EXCLUDE_MULTI_RNA_CHAIN	EXCLUDE_MULTI_RNA_CHAIN	RNA_CHAIN_COUNT=2; required exactly 1	SAME_UNASSIGNED	NOT_ASSIGNED			SUCCESS	0.265	0	0
2H49	train			EXCLUDE_MULTI_RNA_CHAIN	EXCLUDE_MULTI_RNA_CHAIN	RNA_CHAIN_COUNT=2; required exactly 1	SAME_UNASSIGNED	NOT_ASSIGNED			SUCCESS	2.67	0	0
2HEM	train	train	train	KEPT	KEPT		SAME_SPLIT	PT_COMPLETE_BY_COUNT	200	0	SUCCESS	3.988	0	0
2HNS	train	train	train	KEPT	KEPT		SAME_SPLIT	PT_COMPLETE_BY_COUNT	200	0	SUCCESS	2.07	0	0
2HO6	train			EXCLUDE_MULTI_RNA_CHAIN	EXCLUDE_MULTI_RNA_CHAIN	RNA_CHAIN_COUNT=2; required exactly 1	SAME_UNASSIGNED	NOT_ASSIGNED			SUCCESS	0.616	0	0
2HO7	train			EXCLUDE_MULTI_RNA_CHAIN	EXCLUDE_MULTI_RNA_CHAIN	RNA_CHAIN_COUNT=2; required exactly 1	SAME_UNASSIGNED	NOT_ASSIGNED			SUCCESS	0.588	0	0
2HOJ	train	train	train	KEPT	KEPT		SAME_SPLIT	PT_COMPLETE_BY_COUNT	200	0	SUCCESS	2.196	0	0
2HOK	train	train	train	KEPT	KEPT		SAME_SPLIT	PT_COMPLETE_BY_COUNT	200	0	SUCCESS	2.427	0	0
2HOL	train	train	train	KEPT	KEPT		SAME_SPLIT	PT_COMPLETE_BY_COUNT	200	0	SUCCESS	2.418	0	0
2HOM	train	train	train	KEPT	KEPT		SAME_SPLIT	PT_COMPLETE_BY_COUNT	200	0	SUCCESS	2.286	0	0
2HOO	train	train	train	KEPT	KEPT		SAME_SPLIT	PT_COMPLETE_BY_COUNT	200	0	SUCCESS	2.143	0	0
2HOP	train	train	train	KEPT	KEPT		SAME_SPLIT	PT_COMPLETE_BY_COUNT	200	0	SUCCESS	2.346	0	0
2HUA	train	train	train	KEPT	KEPT		SAME_SPLIT	PT_COMPLETE_BY_COUNT	200	0	SUCCESS	6.801	0	0
2I7E	train			EXCLUDE_MULTI_RNA_CHAIN	EXCLUDE_MULTI_RNA_CHAIN	RNA_CHAIN_COUNT=2; required exactly 1	SAME_UNASSIGNED	NOT_ASSIGNED			SUCCESS	3.251	0	0
2I7Z	train			EXCLUDE_MULTI_RNA_CHAIN	EXCLUDE_MULTI_RNA_CHAIN	RNA_CHAIN_COUNT=2; required exactly 1	SAME_UNASSIGNED	NOT_ASSIGNED			SUCCESS	4.771	0	0
2IL9	train			EXCLUDE_MULTI_RNA_CHAIN	EXCLUDE_MULTI_RNA_CHAIN	RNA_CHAIN_COUNT=2; required exactly 1	SAME_UNASSIGNED	NOT_ASSIGNED			SUCCESS	27.569	0	0
2IRN	train			EXCLUDE_MULTI_RNA_CHAIN	EXCLUDE_MULTI_RNA_CHAIN	RNA_CHAIN_COUNT=2; required exactly 1	SAME_UNASSIGNED	NOT_ASSIGNED			SUCCESS	1.207	0	0
2IRO	train			EXCLUDE_MULTI_RNA_CHAIN	EXCLUDE_MULTI_RNA_CHAIN	RNA_CHAIN_COUNT=2; required exactly 1	SAME_UNASSIGNED	NOT_ASSIGNED			SUCCESS	0.841	0	0
2IXY	train	train	train	KEPT	KEPT		SAME_SPLIT	PT_COMPLETE_BY_COUNT	200	0	SUCCESS	2.037	0	0
2IXZ	train	train	train	KEPT	KEPT		SAME_SPLIT	PT_COMPLETE_BY_COUNT	200	0	SUCCESS	5.356	0	0
2JJA	train		train	EXCLUDE_FROZEN_RMSD	KEPT		ADDED_TRAIN	NOT_ASSIGNED			missing_output		0	0
2JLT	train			EXCLUDE_MULTI_RNA_CHAIN	EXCLUDE_MULTI_RNA_CHAIN	RNA_CHAIN_COUNT=2; required exactly 1	SAME_UNASSIGNED	NOT_ASSIGNED			SUCCESS	0.273	0	0
2JR4	train	train	train	KEPT	KEPT		SAME_SPLIT	PT_COMPLETE_BY_COUNT	200	0	SUCCESS	2.491	0	0
2JRG	train	train	train	KEPT	KEPT		SAME_SPLIT	PT_EXCLUDED_BY_POLICY	0	0	SUCCESS	2.874	0	0
2JRQ	train	train	train	KEPT	KEPT		SAME_SPLIT	PT_EXCLUDED_BY_POLICY	0	0	SUCCESS	2.573	0	0
2JSE	train	train	train	KEPT	KEPT		SAME_SPLIT	PT_COMPLETE_BY_COUNT	200	0	SUCCESS	2.404	0	0
2JSG	train	train	train	KEPT	KEPT		SAME_SPLIT	PT_COMPLETE_BY_COUNT	200	0	SUCCESS	3.395	0	0
2JTP	train	train	train	KEPT	KEPT		SAME_SPLIT	PT_COMPLETE_BY_COUNT	200	0	SUCCESS	3.324	0	0
2JUK	train	train	train	KEPT	KEPT		SAME_SPLIT	PT_COMPLETE_BY_COUNT	200	0	SUCCESS	1.318	0	0
2JWV	train	train	train	KEPT	KEPT		SAME_SPLIT	PT_COMPLETE_BY_COUNT	200	0	SUCCESS	3.16	0	0
2JXQ	train			EXCLUDE_MULTI_RNA_CHAIN	EXCLUDE_MULTI_RNA_CHAIN	RNA_CHAIN_COUNT=2; required exactly 1	SAME_UNASSIGNED	NOT_ASSIGNED			SUCCESS	0.409	0	0
2JXS	train			EXCLUDE_MULTI_RNA_CHAIN	EXCLUDE_MULTI_RNA_CHAIN	RNA_CHAIN_COUNT=2; required exactly 1	SAME_UNASSIGNED	NOT_ASSIGNED			missing_output		0	0
2JXV	train	train	train	KEPT	KEPT		SAME_SPLIT	PT_COMPLETE_BY_COUNT	200	0	SUCCESS	3.711	0	0
2JYF	train			EXCLUDE_MULTI_RNA_CHAIN	EXCLUDE_MULTI_RNA_CHAIN	RNA_CHAIN_COUNT=2; required exactly 1	SAME_UNASSIGNED	NOT_ASSIGNED			SUCCESS	9.211	0	0
2JYH	train			EXCLUDE_MULTI_RNA_CHAIN	EXCLUDE_MULTI_RNA_CHAIN	RNA_CHAIN_COUNT=2; required exactly 1	SAME_UNASSIGNED	NOT_ASSIGNED			SUCCESS	6.919	0	0
2JYJ	train			EXCLUDE_MULTI_RNA_CHAIN	EXCLUDE_MULTI_RNA_CHAIN	RNA_CHAIN_COUNT=2; required exactly 1	SAME_UNASSIGNED	NOT_ASSIGNED			SUCCESS	8.03	0	0
2JYM	train	train	train	KEPT	KEPT		SAME_SPLIT	PT_COMPLETE_BY_COUNT	200	0	SUCCESS	2.701	0	0
2K3Z	train			EXCLUDE_MULTI_RNA_CHAIN	EXCLUDE_MULTI_RNA_CHAIN	RNA_CHAIN_COUNT=2; required exactly 1	SAME_UNASSIGNED	NOT_ASSIGNED			SUCCESS	2.08	0	0
2K41	train			EXCLUDE_MULTI_RNA_CHAIN	EXCLUDE_MULTI_RNA_CHAIN	RNA_CHAIN_COUNT=2; required exactly 1	SAME_UNASSIGNED	NOT_ASSIGNED			SUCCESS	2.227	0	0
2K4C	train	train	train	KEPT	KEPT		SAME_SPLIT	PT_COMPLETE_BY_COUNT	200	0	SUCCESS	2.666	0	0
2K5Z	train	train	train	KEPT	KEPT		SAME_SPLIT	PT_COMPLETE_BY_COUNT	200	0	SUCCESS	6.509	0	0
2K65	train			EXCLUDE_MULTI_RNA_CHAIN	EXCLUDE_MULTI_RNA_CHAIN	RNA_CHAIN_COUNT=2; required exactly 1	SAME_UNASSIGNED	NOT_ASSIGNED			SUCCESS	1.362	0	0
2K66	train	train	train	KEPT	KEPT		SAME_SPLIT	PT_COMPLETE_BY_COUNT	200	0	SUCCESS	1.832	0	0
2K7E	train			EXCLUDE_MULTI_RNA_CHAIN	EXCLUDE_MULTI_RNA_CHAIN	RNA_CHAIN_COUNT=2; required exactly 1	SAME_UNASSIGNED	NOT_ASSIGNED			missing_output		0	0
2K95	train	train	train	KEPT	KEPT		SAME_SPLIT	PT_COMPLETE_BY_COUNT	200	0	SUCCESS	3.642	0	0
2K96	train	train	train	KEPT	KEPT		SAME_SPLIT	PT_COMPLETE_BY_COUNT	200	0	SUCCESS	3.597	0	0
2KBP	train			EXCLUDE_MULTI_RNA_CHAIN	EXCLUDE_MULTI_RNA_CHAIN	RNA_CHAIN_COUNT=2; required exactly 1	SAME_UNASSIGNED	NOT_ASSIGNED			SUCCESS	2.638	0	0
2KD4	train			EXCLUDE_MULTI_RNA_CHAIN	EXCLUDE_MULTI_RNA_CHAIN	RNA_CHAIN_COUNT=2; required exactly 1	SAME_UNASSIGNED	NOT_ASSIGNED			SUCCESS	4.029	0	0
2KD8	train	train	train	KEPT	KEPT		SAME_SPLIT	PT_COMPLETE_BY_COUNT	200	0	SUCCESS	2.013	0	0
2KE6	train	train	train	KEPT	KEPT		SAME_SPLIT	PT_COMPLETE_BY_COUNT	200	0	SUCCESS	5.21	0	0
2KEZ	train	train	train	KEPT	KEPT		SAME_SPLIT	PT_COMPLETE_BY_COUNT	200	0	SUCCESS	2.191	0	0
2KF0	train	train	train	KEPT	KEPT		SAME_SPLIT	PT_COMPLETE_BY_COUNT	200	0	SUCCESS	1.913	0	0
2KGP	train	train	train	KEPT	KEPT		SAME_SPLIT	PT_COMPLETE_BY_COUNT	200	0	SUCCESS	5.568	0	0
2KHY	train	train	train	KEPT	KEPT		SAME_SPLIT	PT_COMPLETE_BY_COUNT	200	0	SUCCESS	5.62	0	0
2KOC	train	train	train	KEPT	KEPT		SAME_SPLIT	PT_COMPLETE_BY_COUNT	200	0	SUCCESS	1.491	0	0
2KP3	train			EXCLUDE_MULTI_RNA_CHAIN	EXCLUDE_MULTI_RNA_CHAIN	RNA_CHAIN_COUNT=2; required exactly 1	SAME_UNASSIGNED	NOT_ASSIGNED			SUCCESS	3.007	0	0
2KPC	train	train	train	KEPT	KEPT		SAME_SPLIT	PT_COMPLETE_BY_COUNT	200	0	SUCCESS	2.213	0	0
2KPD	train	train	train	KEPT	KEPT		SAME_SPLIT	PT_COMPLETE_BY_COUNT	200	0	SUCCESS	2.738	0	0
2KPV	train	train	train	KEPT	KEPT		SAME_SPLIT	PT_COMPLETE_BY_COUNT	200	0	SUCCESS	2.529	0	0
2KRL	train		train	EXCLUDE_TRAIN_RMSD_CUTOFF	KEPT		ADDED_TRAIN	NOT_ASSIGNED			SUCCESS	21.324	0	0
2KRP	train	train	train	KEPT	KEPT		SAME_SPLIT	PT_COMPLETE_BY_COUNT	200	0	SUCCESS	2.167	0	0
2KRQ	train	train	train	KEPT	KEPT		SAME_SPLIT	PT_EXCLUDED_BY_POLICY	0	0	SUCCESS	1.855	0	0
2KRV	train	train	train	KEPT	KEPT		SAME_SPLIT	PT_EXCLUDED_BY_POLICY	0	0	SUCCESS	3.723	0	0
2KRW	train	train	train	KEPT	KEPT		SAME_SPLIT	PT_COMPLETE_BY_COUNT	200	0	SUCCESS	1.367	0	0
2KRY	train	train	train	KEPT	KEPT		SAME_SPLIT	PT_EXCLUDED_BY_POLICY	0	0	SUCCESS	3.017	0	0
2KRZ	train	train	train	KEPT	KEPT		SAME_SPLIT	PT_COMPLETE_BY_COUNT	200	0	SUCCESS	2.372	0	0
2KTZ	train	train	train	KEPT	KEPT		SAME_SPLIT	PT_COMPLETE_BY_COUNT	200	0	SUCCESS	5.287	0	0
2KU0	train	train	train	KEPT	KEPT		SAME_SPLIT	PT_COMPLETE_BY_COUNT	200	0	SUCCESS	5.034	0	0
2KUR	train	train	train	KEPT	KEPT		SAME_SPLIT	PT_COMPLETE_BY_COUNT	200	0	SUCCESS	5.686	0	0
2KUU	train	train	train	KEPT	KEPT		SAME_SPLIT	PT_COMPLETE_BY_COUNT	200	0	SUCCESS	4.875	0	0
2KUV	train	train	train	KEPT	KEPT		SAME_SPLIT	PT_COMPLETE_BY_COUNT	200	0	SUCCESS	5.834	0	0
2KUW	train	train	train	KEPT	KEPT		SAME_SPLIT	PT_COMPLETE_BY_COUNT	200	0	SUCCESS	4.902	0	0
2KVN	train	train	train	KEPT	KEPT		SAME_SPLIT	PT_COMPLETE_BY_COUNT	200	0	SUCCESS	1.804	0	0
2KWG	train			EXCLUDE_MULTI_RNA_CHAIN	EXCLUDE_MULTI_RNA_CHAIN	RNA_CHAIN_COUNT=2; required exactly 1	SAME_UNASSIGNED	NOT_ASSIGNED			SUCCESS	4.114	0	0
2KX8	train	train	train	KEPT	KEPT		SAME_SPLIT	PT_COMPLETE_BY_COUNT	200	0	SUCCESS	2.972	0	0
2KXM	train	train	train	KEPT	KEPT		SAME_SPLIT	PT_COMPLETE_BY_COUNT	200	0	SUCCESS	2.456	0	0
2KXZ	train			EXCLUDE_MULTI_RNA_CHAIN	EXCLUDE_MULTI_RNA_CHAIN	RNA_CHAIN_COUNT=2; required exactly 1	SAME_UNASSIGNED	NOT_ASSIGNED			SUCCESS	1.577	0	0
2KY0	train			EXCLUDE_MULTI_RNA_CHAIN	EXCLUDE_MULTI_RNA_CHAIN	RNA_CHAIN_COUNT=2; required exactly 1	SAME_UNASSIGNED	NOT_ASSIGNED			SUCCESS	1.794	0	0
2KY1	train			EXCLUDE_MULTI_RNA_CHAIN	EXCLUDE_MULTI_RNA_CHAIN	RNA_CHAIN_COUNT=2; required exactly 1	SAME_UNASSIGNED	NOT_ASSIGNED			SUCCESS	1.588	0	0
2KY2	train			EXCLUDE_MULTI_RNA_CHAIN	EXCLUDE_MULTI_RNA_CHAIN	RNA_CHAIN_COUNT=2; required exactly 1	SAME_UNASSIGNED	NOT_ASSIGNED			SUCCESS	3.272	0	0
2KYD	train			EXCLUDE_MULTI_RNA_CHAIN	EXCLUDE_MULTI_RNA_CHAIN	RNA_CHAIN_COUNT=2; required exactly 1	SAME_UNASSIGNED	NOT_ASSIGNED			SUCCESS	0.858	0	0
2KYE	train	train	train	KEPT	KEPT		SAME_SPLIT	PT_COMPLETE_BY_COUNT	200	0	SUCCESS	1.719	0	0
2KZL	train	train	train	KEPT	KEPT		SAME_SPLIT	PT_COMPLETE_BY_COUNT	200	0	SUCCESS	13.891	0	0
2L1F	train			EXCLUDE_MULTI_RNA_CHAIN	EXCLUDE_MULTI_RNA_CHAIN	RNA_CHAIN_COUNT=2; required exactly 1	SAME_UNASSIGNED	NOT_ASSIGNED			SUCCESS	11.421	0	0
2L1V	train	train	train	KEPT	KEPT		SAME_SPLIT	PT_COMPLETE_BY_COUNT	200	0	SUCCESS	3.411	0	0
2L2J	train	train	train	KEPT	KEPT		SAME_SPLIT	PT_COMPLETE_BY_COUNT	200	0	SUCCESS	3.513	0	0
2L3E	train	train	train	KEPT	KEPT		SAME_SPLIT	PT_COMPLETE_BY_COUNT	200	0	SUCCESS	4.849	0	0
2L5Z	train	train	train	KEPT	KEPT		SAME_SPLIT	PT_COMPLETE_BY_COUNT	200	0	SUCCESS	5.103	0	0
2L6I	train	train	train	KEPT	KEPT		SAME_SPLIT	PT_COMPLETE_BY_COUNT	200	0	SUCCESS	1.239	0	0
2L8C	train			EXCLUDE_MULTI_RNA_CHAIN	EXCLUDE_MULTI_RNA_CHAIN	RNA_CHAIN_COUNT=2; required exactly 1	SAME_UNASSIGNED	NOT_ASSIGNED			SUCCESS	2.75	0	0
2L8F	train			EXCLUDE_MULTI_RNA_CHAIN	EXCLUDE_MULTI_RNA_CHAIN	RNA_CHAIN_COUNT=2; required exactly 1	SAME_UNASSIGNED	NOT_ASSIGNED			SUCCESS	2.582	0	0
2L8H	train	train	train	KEPT	KEPT		SAME_SPLIT	PT_COMPLETE_BY_COUNT	200	0	SUCCESS	3.303	0	0
2L8U	train			EXCLUDE_MULTI_RNA_CHAIN	EXCLUDE_MULTI_RNA_CHAIN	RNA_CHAIN_COUNT=2; required exactly 1	SAME_UNASSIGNED	NOT_ASSIGNED			SUCCESS	1.763	0	0
2L8W	train			EXCLUDE_MULTI_RNA_CHAIN	EXCLUDE_MULTI_RNA_CHAIN	RNA_CHAIN_COUNT=2; required exactly 1	SAME_UNASSIGNED	NOT_ASSIGNED			SUCCESS	2.392	0	0
2L94	train	train	train	KEPT	KEPT		SAME_SPLIT	PT_COMPLETE_BY_COUNT	200	0	SUCCESS	2.34	0	0
2L9E	train	train	train	KEPT	KEPT		SAME_SPLIT	PT_COMPLETE_BY_COUNT	200	0	SUCCESS	1.191	0	0
2LA9	train	train	train	KEPT	KEPT		SAME_SPLIT	PT_COMPLETE_BY_COUNT	200	0	SUCCESS	2.406	0	0
2LAC	train	train	train	KEPT	KEPT		SAME_SPLIT	PT_COMPLETE_BY_COUNT	200	0	SUCCESS	2.414	0	0
2LBJ	train	train	train	KEPT	KEPT		SAME_SPLIT	PT_COMPLETE_BY_COUNT	200	0	SUCCESS	4.529	0	0
2LBK	train	train	train	KEPT	KEPT		SAME_SPLIT	PT_COMPLETE_BY_COUNT	200	0	SUCCESS	4.04	0	0
2LBL	train	train	train	KEPT	KEPT		SAME_SPLIT	PT_COMPLETE_BY_COUNT	200	0	SUCCESS	4.284	0	0
2LBQ	train	train	train	KEPT	KEPT		SAME_SPLIT	PT_COMPLETE_BY_COUNT	200	0	SUCCESS	2.72	0	0
2LBR	train	train	train	KEPT	KEPT		SAME_SPLIT	PT_COMPLETE_BY_COUNT	200	0	SUCCESS	2.898	0	0
2LC8	train	train	train	KEPT	KEPT		SAME_SPLIT	PT_COMPLETE_BY_COUNT	200	0	SUCCESS	7.318	0	0
2LDL	train	train	train	KEPT	KEPT		SAME_SPLIT	PT_COMPLETE_BY_COUNT	200	0	SUCCESS	1.964	0	0
2LDT	train	train	train	KEPT	KEPT		SAME_SPLIT	PT_COMPLETE_BY_COUNT	200	0	SUCCESS	5.388	0	0
2LDZ	train	train	train	KEPT	KEPT		SAME_SPLIT	PT_COMPLETE_BY_COUNT	200	0	SUCCESS	3.513	0	0
2LHP	train	train	train	KEPT	KEPT		SAME_SPLIT	PT_COMPLETE_BY_COUNT	200	0	SUCCESS	6.225	0	0
2LI4	train	train	train	KEPT	KEPT		SAME_SPLIT	PT_COMPLETE_BY_COUNT	200	0	SUCCESS	9.046	0	0
2LJJ	train	train	train	KEPT	KEPT		SAME_SPLIT	PT_COMPLETE_BY_COUNT	200	0	SUCCESS	7.301	0	0
2LK3	train	train	train	KEPT	KEPT		SAME_SPLIT	PT_COMPLETE_BY_COUNT	200	0	SUCCESS	3.45	0	0
2LKR	train		train	EXCLUDE_TRAIN_RMSD_CUTOFF	KEPT		ADDED_TRAIN	NOT_ASSIGNED			SUCCESS	28.543	0	0
2LP9	train	train	train	KEPT	KEPT		SAME_SPLIT	PT_COMPLETE_BY_COUNT	200	0	SUCCESS	2.182	0	0
2LPA	train	train	train	KEPT	KEPT		SAME_SPLIT	PT_COMPLETE_BY_COUNT	200	0	SUCCESS	0.994	0	0
2LPS	train	train	train	KEPT	KEPT		SAME_SPLIT	PT_COMPLETE_BY_COUNT	200	0	SUCCESS	5.215	0	0
2LPT	train	train	train	KEPT	KEPT		SAME_SPLIT	PT_COMPLETE_BY_COUNT	200	0	SUCCESS	2.806	0	0
2LQZ	train	train	train	KEPT	KEPT		SAME_SPLIT	PT_COMPLETE_BY_COUNT	200	0	SUCCESS	5.254	0	0
2LU0	train	train	train	KEPT	KEPT		SAME_SPLIT	PT_COMPLETE_BY_COUNT	200	0	SUCCESS	5.036	0	0
2LUB	train	train	train	KEPT	KEPT		SAME_SPLIT	PT_COMPLETE_BY_COUNT	200	0	SUCCESS	6.046	0	0
2LUN	train	train	train	KEPT	KEPT		SAME_SPLIT	PT_COMPLETE_BY_COUNT	200	0	SUCCESS	5.619	0	0
2LV0	train	train	train	KEPT	KEPT		SAME_SPLIT	PT_COMPLETE_BY_COUNT	200	0	SUCCESS	2.483	0	0
2LVY	train			EXCLUDE_MULTI_RNA_CHAIN	EXCLUDE_MULTI_RNA_CHAIN	RNA_CHAIN_COUNT=2; required exactly 1	SAME_UNASSIGNED	NOT_ASSIGNED					0	0
2LWK	train	train	train	KEPT	KEPT		SAME_SPLIT	PT_COMPLETE_BY_COUNT	200	0	SUCCESS	2.017	0	0
2LX1	train			EXCLUDE_MULTI_RNA_CHAIN	EXCLUDE_MULTI_RNA_CHAIN	RNA_CHAIN_COUNT=2; required exactly 1	SAME_UNASSIGNED	NOT_ASSIGNED			SUCCESS	6.396	0	0
2M12	train	train	train	KEPT	KEPT		SAME_SPLIT	PT_COMPLETE_BY_COUNT	200	0	SUCCESS	8.262	0	0
2M18	train			EXCLUDE_MULTI_RNA_CHAIN	EXCLUDE_MULTI_RNA_CHAIN	RNA_CHAIN_COUNT=4; required exactly 1	SAME_UNASSIGNED	NOT_ASSIGNED			SUCCESS	1.785	0	0
2M1O	train			EXCLUDE_MULTI_RNA_CHAIN	EXCLUDE_MULTI_RNA_CHAIN	RNA_CHAIN_COUNT=2; required exactly 1	SAME_UNASSIGNED	NOT_ASSIGNED			missing_output		0	0
2M21	train	train	train	KEPT	KEPT		SAME_SPLIT	PT_COMPLETE_BY_COUNT	200	0	SUCCESS	3.546	0	0
2M22	train	train	train	KEPT	KEPT		SAME_SPLIT	PT_COMPLETE_BY_COUNT	200	0	SUCCESS	2.454	0	0
2M23	train			EXCLUDE_MULTI_RNA_CHAIN	EXCLUDE_MULTI_RNA_CHAIN	RNA_CHAIN_COUNT=2; required exactly 1	SAME_UNASSIGNED	NOT_ASSIGNED			SUCCESS	4.631	0	0
2M24	train	train	train	KEPT	KEPT		SAME_SPLIT	PT_COMPLETE_BY_COUNT	200	0	SUCCESS	4.74	0	0
2M39	train			EXCLUDE_MULTI_RNA_CHAIN	EXCLUDE_MULTI_RNA_CHAIN	RNA_CHAIN_COUNT=2; required exactly 1	SAME_UNASSIGNED	NOT_ASSIGNED					0	0
2M4Q	train	train	train	KEPT	KEPT		SAME_SPLIT	PT_COMPLETE_BY_COUNT	200	0	SUCCESS	6.1	0	0
2M4W	train	train	train	KEPT	KEPT		SAME_SPLIT	PT_COMPLETE_BY_COUNT	200	0	SUCCESS	3.006	0	0
2M57	train	train	train	KEPT	KEPT		SAME_SPLIT	PT_COMPLETE_BY_COUNT	200	0	SUCCESS	5.959	0	0
2M58	train		train	EXCLUDE_TRAIN_RMSD_CUTOFF	KEPT		ADDED_TRAIN	NOT_ASSIGNED			SUCCESS	19.001	0	0
2M5U	train	train	train	KEPT	KEPT		SAME_SPLIT	PT_COMPLETE_BY_COUNT	200	0	SUCCESS	2.81	0	0
2M8K	train	train	train	KEPT	KEPT		SAME_SPLIT	PT_COMPLETE_BY_COUNT	200	0	SUCCESS	7.8	0	0
2MEQ	train	train	train	KEPT	KEPT		SAME_SPLIT	PT_COMPLETE_BY_COUNT	200	0	SUCCESS	7.356	0	0
2MER	train	train	train	KEPT	KEPT		SAME_SPLIT	PT_COMPLETE_BY_COUNT	200	0	SUCCESS	6.311	0	0
2MFD	train	train	train	KEPT	KEPT		SAME_SPLIT	PT_COMPLETE_BY_COUNT	200	0	SUCCESS	4.554	0	0
2MHI	train		train	EXCLUDE_TRAIN_RMSD_CUTOFF	KEPT		ADDED_TRAIN	NOT_ASSIGNED			SUCCESS	19.28	0	0
2MI0	train			EXCLUDE_MULTI_RNA_CHAIN	EXCLUDE_MULTI_RNA_CHAIN	RNA_CHAIN_COUNT=2; required exactly 1	SAME_UNASSIGNED	NOT_ASSIGNED			SUCCESS	7.217	0	0
2MIS	train	train	train	KEPT	KEPT		SAME_SPLIT	PT_COMPLETE_BY_COUNT	200	0	SUCCESS	5.202	0	0
2MIY	train	train	train	KEPT	KEPT		SAME_SPLIT	PT_COMPLETE_BY_COUNT	200	0	SUCCESS	4.693	0	0
2MN0	train	train	train	KEPT	KEPT		SAME_SPLIT	PT_COMPLETE_BY_COUNT	200	0	SUCCESS	3.086	0	0
2MNC	train	train	train	KEPT	KEPT		SAME_SPLIT	PT_COMPLETE_BY_COUNT	200	0	SUCCESS	2.614	0	0
2MQT	train	train	train	KEPT	KEPT		SAME_SPLIT	PT_COMPLETE_BY_COUNT	200	0	SUCCESS	5.355	0	0
2MS5	train			EXCLUDE_MULTI_RNA_CHAIN	EXCLUDE_MULTI_RNA_CHAIN	RNA_CHAIN_COUNT=2; required exactly 1	SAME_UNASSIGNED	NOT_ASSIGNED			SUCCESS	1.012	0	0
2MTJ	train	train	train	KEPT	KEPT		SAME_SPLIT	PT_COMPLETE_BY_COUNT	200	0	SUCCESS	6.018	0	0
2MTK	train	train	train	KEPT	KEPT		SAME_SPLIT	PT_COMPLETE_BY_COUNT	200	0	SUCCESS	5.622	0	0
2MVS	train			EXCLUDE_MULTI_RNA_CHAIN	EXCLUDE_MULTI_RNA_CHAIN	RNA_CHAIN_COUNT=2; required exactly 1	SAME_UNASSIGNED	NOT_ASSIGNED			SUCCESS	2.659	0	0
2MVY	train			EXCLUDE_MULTI_RNA_CHAIN	EXCLUDE_MULTI_RNA_CHAIN	RNA_CHAIN_COUNT=2; required exactly 1	SAME_UNASSIGNED	NOT_ASSIGNED			SUCCESS	1.704	0	0
2MXJ	train	train	train	KEPT	KEPT		SAME_SPLIT	PT_COMPLETE_BY_COUNT	200	0	SUCCESS	1.116	0	0
2MXK	train			EXCLUDE_MULTI_RNA_CHAIN	EXCLUDE_MULTI_RNA_CHAIN	RNA_CHAIN_COUNT=2; required exactly 1	SAME_UNASSIGNED	NOT_ASSIGNED			SUCCESS	1.223	0	0
2MXL	train	train	train	KEPT	KEPT		SAME_SPLIT	PT_COMPLETE_BY_COUNT	200	0	SUCCESS	8.701	0	0
2MXS	train	train	train	KEPT	KEPT		SAME_SPLIT	PT_COMPLETE_BY_COUNT	200	0	SUCCESS	2.27	0	0
2N0J	train	train	train	KEPT	KEPT		SAME_SPLIT	PT_COMPLETE_BY_COUNT	200	0	SUCCESS	2.894	0	0
2N0R	train	train	train	KEPT	KEPT		SAME_SPLIT	PT_COMPLETE_BY_COUNT	200	0	SUCCESS	2.867	0	0
2N1Q	train		train	EXCLUDE_TRAIN_RMSD_CUTOFF	KEPT		ADDED_TRAIN	NOT_ASSIGNED			SUCCESS	29.623	0	0
2N2O	train	train	train	KEPT	KEPT		SAME_SPLIT	PT_COMPLETE_BY_COUNT	200	0	SUCCESS	8.682	0	0
2N2P	train	train	train	KEPT	KEPT		SAME_SPLIT	PT_COMPLETE_BY_COUNT	200	0	SUCCESS	7.523	0	0
2N3Q	train	train	train	KEPT	KEPT		SAME_SPLIT	PT_COMPLETE_BY_COUNT	200	0	SUCCESS	10.314	0	0
2N3R	train	train	train	KEPT	KEPT		SAME_SPLIT	PT_COMPLETE_BY_COUNT	200	0	SUCCESS	5.655	0	0
2N4J	train			EXCLUDE_MULTI_RNA_CHAIN	EXCLUDE_MULTI_RNA_CHAIN	RNA_CHAIN_COUNT=2; required exactly 1	SAME_UNASSIGNED	NOT_ASSIGNED			missing_output		0	0
2N4L	train	train	train	KEPT	KEPT		SAME_SPLIT	PT_COMPLETE_BY_COUNT	200	0	SUCCESS	3.089	0	0
2N6S	train	train	train	KEPT	KEPT		SAME_SPLIT	PT_COMPLETE_BY_COUNT	200	0	SUCCESS	3.459	0	0
2N6T	train	train	train	KEPT	KEPT		SAME_SPLIT	PT_COMPLETE_BY_COUNT	200	0	SUCCESS	6.908	0	0
2N6W	train	train	train	KEPT	KEPT		SAME_SPLIT	PT_COMPLETE_BY_COUNT	200	0	SUCCESS	7.382	0	0
2N6X	train	train	train	KEPT	KEPT		SAME_SPLIT	PT_COMPLETE_BY_COUNT	200	0	SUCCESS	13.656	0	0
2N7M	train		train	EXCLUDE_TRAIN_RMSD_CUTOFF	KEPT		ADDED_TRAIN	NOT_ASSIGNED			SUCCESS	22.599	0	0
2N7X	train	train	train	KEPT	KEPT		SAME_SPLIT	PT_COMPLETE_BY_COUNT	200	0	SUCCESS	4.589	0	0
2N8V	train	train	train	KEPT	KEPT		SAME_SPLIT	PT_COMPLETE_BY_COUNT	200	0	SUCCESS	8.167	0	0
2NBX	train	train	train	KEPT	KEPT		SAME_SPLIT	PT_COMPLETE_BY_COUNT	200	0	SUCCESS	12.332	0	0
2NBY	train	train	train	KEPT	KEPT		SAME_SPLIT	PT_COMPLETE_BY_COUNT	200	0	SUCCESS	2.651	0	0
2NBZ	train	train	train	KEPT	KEPT		SAME_SPLIT	PT_COMPLETE_BY_COUNT	200	0	SUCCESS	4.682	0	0
2NC0	train	train	train	KEPT	KEPT		SAME_SPLIT	PT_COMPLETE_BY_COUNT	200	0	SUCCESS	7.169	0	0
2NC1	train	train	train	KEPT	KEPT		SAME_SPLIT	PT_COMPLETE_BY_COUNT	200	0	SUCCESS	12.125	0	0
2NCI	train	train	train	KEPT	KEPT		SAME_SPLIT	PT_COMPLETE_BY_COUNT	200	0	SUCCESS	7.321	0	0
2NCQ	train			EXCLUDE_MULTI_RNA_CHAIN	EXCLUDE_MULTI_RNA_CHAIN	RNA_CHAIN_COUNT=2; required exactly 1	SAME_UNASSIGNED	NOT_ASSIGNED			SUCCESS	0.843	0	0
2NCR	train			EXCLUDE_MULTI_RNA_CHAIN	EXCLUDE_MULTI_RNA_CHAIN	RNA_CHAIN_COUNT=2; required exactly 1	SAME_UNASSIGNED	NOT_ASSIGNED			SUCCESS	0.845	0	0
2NOK	train			EXCLUDE_MULTI_RNA_CHAIN	EXCLUDE_MULTI_RNA_CHAIN	RNA_CHAIN_COUNT=4; required exactly 1	SAME_UNASSIGNED	NOT_ASSIGNED			SUCCESS	22.325	0	0
2NPY	train			EXCLUDE_MULTI_RNA_CHAIN	EXCLUDE_MULTI_RNA_CHAIN	RNA_CHAIN_COUNT=4; required exactly 1	SAME_UNASSIGNED	NOT_ASSIGNED			SUCCESS	0.226	0	0
2NPZ	train			EXCLUDE_MULTI_RNA_CHAIN	EXCLUDE_MULTI_RNA_CHAIN	RNA_CHAIN_COUNT=4; required exactly 1	SAME_UNASSIGNED	NOT_ASSIGNED			SUCCESS	0.216	0	0
2O32	train	train	train	KEPT	KEPT		SAME_SPLIT	PT_COMPLETE_BY_COUNT	200	0	SUCCESS	2.563	0	0
2O33	train	train	train	KEPT	KEPT		SAME_SPLIT	PT_COMPLETE_BY_COUNT	200	0	SUCCESS	1.992	0	0
2O3V	train			EXCLUDE_MULTI_RNA_CHAIN	EXCLUDE_MULTI_RNA_CHAIN	RNA_CHAIN_COUNT=2; required exactly 1	SAME_UNASSIGNED	NOT_ASSIGNED			SUCCESS	0.798	0	0
2O3W	train			EXCLUDE_MULTI_RNA_CHAIN	EXCLUDE_MULTI_RNA_CHAIN	RNA_CHAIN_COUNT=2; required exactly 1	SAME_UNASSIGNED	NOT_ASSIGNED			SUCCESS	1.598	0	0
2O3X	train			EXCLUDE_MULTI_RNA_CHAIN	EXCLUDE_MULTI_RNA_CHAIN	RNA_CHAIN_COUNT=2; required exactly 1	SAME_UNASSIGNED	NOT_ASSIGNED			SUCCESS	1.443	0	0
2O3Y	train			EXCLUDE_MULTI_RNA_CHAIN	EXCLUDE_MULTI_RNA_CHAIN	RNA_CHAIN_COUNT=2; required exactly 1	SAME_UNASSIGNED	NOT_ASSIGNED			SUCCESS	1.254	0	0
2O43	train	train	train	KEPT	KEPT		SAME_SPLIT	PT_EXCLUDED_BY_POLICY	0	0	SUCCESS	4.11	0	0
2O44	train	train	train	KEPT	KEPT		SAME_SPLIT	PT_EXCLUDED_BY_POLICY	0	0	SUCCESS	4.161	0	0
2O45	train	train	train	KEPT	KEPT		SAME_SPLIT	PT_EXCLUDED_BY_POLICY	0	0	SUCCESS	4.197	0	0
2O81	train			EXCLUDE_MULTI_RNA_CHAIN	EXCLUDE_MULTI_RNA_CHAIN	RNA_CHAIN_COUNT=2; required exactly 1	SAME_UNASSIGNED	NOT_ASSIGNED			SUCCESS	2.598	0	0
2O83	train			EXCLUDE_MULTI_RNA_CHAIN	EXCLUDE_MULTI_RNA_CHAIN	RNA_CHAIN_COUNT=2; required exactly 1	SAME_UNASSIGNED	NOT_ASSIGNED			SUCCESS	2.479	0	0
2OE5	train			EXCLUDE_MULTI_RNA_CHAIN	EXCLUDE_MULTI_RNA_CHAIN	RNA_CHAIN_COUNT=2; required exactly 1	SAME_UNASSIGNED	NOT_ASSIGNED			SUCCESS	0.167	0	0
2OE6	train			EXCLUDE_MULTI_RNA_CHAIN	EXCLUDE_MULTI_RNA_CHAIN	RNA_CHAIN_COUNT=2; required exactly 1	SAME_UNASSIGNED	NOT_ASSIGNED			SUCCESS	0.252	0	0
2OE8	train			EXCLUDE_MULTI_RNA_CHAIN	EXCLUDE_MULTI_RNA_CHAIN	RNA_CHAIN_COUNT=2; required exactly 1	SAME_UNASSIGNED	NOT_ASSIGNED			SUCCESS	0.185	0	0
2OEU	train			EXCLUDE_MULTI_RNA_CHAIN	EXCLUDE_MULTI_RNA_CHAIN	RNA_CHAIN_COUNT=2; required exactly 1	SAME_UNASSIGNED	NOT_ASSIGNED			SUCCESS	0.5	0	0
2OIJ	train			EXCLUDE_MULTI_RNA_CHAIN	EXCLUDE_MULTI_RNA_CHAIN	RNA_CHAIN_COUNT=2; required exactly 1	SAME_UNASSIGNED	NOT_ASSIGNED			SUCCESS	0.577	0	0
2OIU	train			EXCLUDE_MULTI_RNA_CHAIN	EXCLUDE_MULTI_RNA_CHAIN	RNA_CHAIN_COUNT=2; required exactly 1	SAME_UNASSIGNED	NOT_ASSIGNED			SUCCESS	32.023	0	0
2OIY	train			EXCLUDE_MULTI_RNA_CHAIN	EXCLUDE_MULTI_RNA_CHAIN	RNA_CHAIN_COUNT=2; required exactly 1	SAME_UNASSIGNED	NOT_ASSIGNED			SUCCESS	0.616	0	0
2OJ0	train			EXCLUDE_MULTI_RNA_CHAIN	EXCLUDE_MULTI_RNA_CHAIN	RNA_CHAIN_COUNT=2; required exactly 1	SAME_UNASSIGNED	NOT_ASSIGNED			SUCCESS	0.838	0	0
2OJ7	train	train	train	KEPT	KEPT		SAME_SPLIT	PT_COMPLETE_BY_COUNT	200	0	SUCCESS	5.339	0	0
2OJ8	train	train	train	KEPT	KEPT		SAME_SPLIT	PT_COMPLETE_BY_COUNT	200	0	SUCCESS	5.503	0	0
2OOM	train			EXCLUDE_MULTI_RNA_CHAIN	EXCLUDE_MULTI_RNA_CHAIN	RNA_CHAIN_COUNT=2; required exactly 1	SAME_UNASSIGNED	NOT_ASSIGNED			SUCCESS	2.683	0	0
2OUE	train			EXCLUDE_MULTI_RNA_CHAIN	EXCLUDE_MULTI_RNA_CHAIN	RNA_CHAIN_COUNT=4; required exactly 1	SAME_UNASSIGNED	NOT_ASSIGNED			SUCCESS	0.223	0	0
2P7F	train			EXCLUDE_MULTI_RNA_CHAIN	EXCLUDE_MULTI_RNA_CHAIN	RNA_CHAIN_COUNT=4; required exactly 1	SAME_UNASSIGNED	NOT_ASSIGNED			SUCCESS	0.265	0	0
2P89	train			EXCLUDE_MULTI_RNA_CHAIN	EXCLUDE_MULTI_RNA_CHAIN	RNA_CHAIN_COUNT=2; required exactly 1	SAME_UNASSIGNED	NOT_ASSIGNED			SUCCESS	8.37	0	0
2PCV	train	train	train	KEPT	KEPT		SAME_SPLIT	PT_COMPLETE_BY_COUNT	200	0	SUCCESS	13.599	0	0
2PCW	train			EXCLUDE_MULTI_RNA_CHAIN	EXCLUDE_MULTI_RNA_CHAIN	RNA_CHAIN_COUNT=2; required exactly 1	SAME_UNASSIGNED	NOT_ASSIGNED			SUCCESS	14.27	0	0
2PN3	train			EXCLUDE_MULTI_RNA_CHAIN	EXCLUDE_MULTI_RNA_CHAIN	RNA_CHAIN_COUNT=2; required exactly 1	SAME_UNASSIGNED	NOT_ASSIGNED			SUCCESS	7.801	0	0
2PN4	train			EXCLUDE_MULTI_RNA_CHAIN	EXCLUDE_MULTI_RNA_CHAIN	RNA_CHAIN_COUNT=4; required exactly 1	SAME_UNASSIGNED	NOT_ASSIGNED			SUCCESS	19.095	0	0
2PN9	train			EXCLUDE_MULTI_RNA_CHAIN	EXCLUDE_MULTI_RNA_CHAIN	RNA_CHAIN_COUNT=2; required exactly 1	SAME_UNASSIGNED	NOT_ASSIGNED			SUCCESS	1.881	0	0
2PWT	train			EXCLUDE_MULTI_RNA_CHAIN	EXCLUDE_MULTI_RNA_CHAIN	RNA_CHAIN_COUNT=2; required exactly 1	SAME_UNASSIGNED	NOT_ASSIGNED			SUCCESS	0.608	0	0
2Q1O	train			EXCLUDE_MULTI_RNA_CHAIN	EXCLUDE_MULTI_RNA_CHAIN	RNA_CHAIN_COUNT=4; required exactly 1	SAME_UNASSIGNED	NOT_ASSIGNED			SUCCESS	9.368	0	0
2Q1R	train	train	train	KEPT	KEPT		SAME_SPLIT	PT_COMPLETE_BY_COUNT	200	0	SUCCESS	9.698	0	0
2QBZ	train	train	train	KEPT	KEPT		SAME_SPLIT	PT_COMPLETE_BY_COUNT	200	0	SUCCESS	5.17	0	0
2QEK	train			EXCLUDE_MULTI_RNA_CHAIN	EXCLUDE_MULTI_RNA_CHAIN	RNA_CHAIN_COUNT=2; required exactly 1	SAME_UNASSIGNED	NOT_ASSIGNED			SUCCESS	21.911	0	0
2QH2	train	train	train	KEPT	KEPT		SAME_SPLIT	PT_COMPLETE_BY_COUNT	200	0	SUCCESS	4.224	0	0
2QH3	train	train	train	KEPT	KEPT		SAME_SPLIT	PT_COMPLETE_BY_COUNT	200	0	SUCCESS	5.8	0	0
2QH4	train	train	train	KEPT	KEPT		SAME_SPLIT	PT_COMPLETE_BY_COUNT	200	0	SUCCESS	2.384	0	0
2QUS	train			EXCLUDE_MULTI_RNA_CHAIN	EXCLUDE_MULTI_RNA_CHAIN	RNA_CHAIN_COUNT=2; required exactly 1	SAME_UNASSIGNED	NOT_ASSIGNED			SUCCESS	32.587	0	0
2QUW	train			EXCLUDE_MULTI_RNA_CHAIN	EXCLUDE_MULTI_RNA_CHAIN	RNA_CHAIN_COUNT=4; required exactly 1	SAME_UNASSIGNED	NOT_ASSIGNED			SUCCESS	34.592	0	0
2QWY	train			EXCLUDE_MULTI_RNA_CHAIN	EXCLUDE_MULTI_RNA_CHAIN	RNA_CHAIN_COUNT=3; required exactly 1	SAME_UNASSIGNED	NOT_ASSIGNED			SUCCESS	26.767	0	0
2R1S	train			EXCLUDE_MULTI_RNA_CHAIN	EXCLUDE_MULTI_RNA_CHAIN	RNA_CHAIN_COUNT=2; required exactly 1	SAME_UNASSIGNED	NOT_ASSIGNED			SUCCESS	0.442	0	0
2R20	train			EXCLUDE_MULTI_RNA_CHAIN	EXCLUDE_MULTI_RNA_CHAIN	RNA_CHAIN_COUNT=2; required exactly 1	SAME_UNASSIGNED	NOT_ASSIGNED			SUCCESS	0.388	0	0
2R21	train			EXCLUDE_MULTI_RNA_CHAIN	EXCLUDE_MULTI_RNA_CHAIN	RNA_CHAIN_COUNT=2; required exactly 1	SAME_UNASSIGNED	NOT_ASSIGNED			SUCCESS	0.301	0	0
2R22	train			EXCLUDE_MULTI_RNA_CHAIN	EXCLUDE_MULTI_RNA_CHAIN	RNA_CHAIN_COUNT=2; required exactly 1	SAME_UNASSIGNED	NOT_ASSIGNED			SUCCESS	0.281	0	0
2RLU	train	train	train	KEPT	KEPT		SAME_SPLIT	PT_COMPLETE_BY_COUNT	200	0	SUCCESS	2.103	0	0
2RN1	train			EXCLUDE_MULTI_RNA_CHAIN	EXCLUDE_MULTI_RNA_CHAIN	RNA_CHAIN_COUNT=2; required exactly 1	SAME_UNASSIGNED	NOT_ASSIGNED			SUCCESS	2.179	0	0
2RO2	train	train	train	KEPT	KEPT		SAME_SPLIT	PT_COMPLETE_BY_COUNT	200	0	SUCCESS	0.992	0	0
2RP0	train	train	train	KEPT	KEPT		SAME_SPLIT	PT_COMPLETE_BY_COUNT	200	0	SUCCESS	3.69	0	0
2RP1	train	train	train	KEPT	KEPT		SAME_SPLIT	PT_COMPLETE_BY_COUNT	200	0	SUCCESS	3.999	0	0
2RPK	train	train	train	KEPT	KEPT		SAME_SPLIT	PT_COMPLETE_BY_COUNT	200	0	SUCCESS	1.507	0	0
2RPT	train	train	train	KEPT	KEPT		SAME_SPLIT	PT_COMPLETE_BY_COUNT	200	0	SUCCESS	4.349	0	0
2RQJ	train			EXCLUDE_MULTI_RNA_CHAIN	EXCLUDE_MULTI_RNA_CHAIN	RNA_CHAIN_COUNT=2; required exactly 1	SAME_UNASSIGNED	NOT_ASSIGNED			SUCCESS	12.578	0	0
2RRC	train	train	train	KEPT	KEPT		SAME_SPLIT	PT_COMPLETE_BY_COUNT	200	0	SUCCESS	2.039	0	0
2RVO	train	train	train	KEPT	KEPT		SAME_SPLIT	PT_COMPLETE_BY_COUNT	200	0	SUCCESS	2.143	0	0
2TOB	train	train	train	KEPT	KEPT		SAME_SPLIT	PT_COMPLETE_BY_COUNT	200	0	SUCCESS	2.95	0	0
2TPK	train	train	train	KEPT	KEPT		SAME_SPLIT	PT_COMPLETE_BY_COUNT	200	0	SUCCESS	3.881	0	0
2TRA	train	train	train	KEPT	KEPT		SAME_SPLIT	PT_COMPLETE_BY_COUNT	200	0	SUCCESS	1.022	0	0
2U2A	train	train	train	KEPT	KEPT		SAME_SPLIT	PT_COMPLETE_BY_COUNT	200	0	SUCCESS	2.692	0	0
2V6W	train			EXCLUDE_MULTI_RNA_CHAIN	EXCLUDE_MULTI_RNA_CHAIN	RNA_CHAIN_COUNT=2; required exactly 1	SAME_UNASSIGNED	NOT_ASSIGNED			SUCCESS	0.66	0	0
2V7R	train			EXCLUDE_MULTI_RNA_CHAIN	EXCLUDE_MULTI_RNA_CHAIN	RNA_CHAIN_COUNT=2; required exactly 1	SAME_UNASSIGNED	NOT_ASSIGNED			SUCCESS	0.454	0	0
2VAL	train			EXCLUDE_MULTI_RNA_CHAIN	EXCLUDE_MULTI_RNA_CHAIN	RNA_CHAIN_COUNT=4; required exactly 1	SAME_UNASSIGNED	NOT_ASSIGNED			SUCCESS	8.368	0	0
2VUQ	train			EXCLUDE_MULTI_RNA_CHAIN	EXCLUDE_MULTI_RNA_CHAIN	RNA_CHAIN_COUNT=2; required exactly 1	SAME_UNASSIGNED	NOT_ASSIGNED			missing_output		0	0
2W89	train			EXCLUDE_MULTI_RNA_CHAIN	EXCLUDE_MULTI_RNA_CHAIN	RNA_CHAIN_COUNT=4; required exactly 1	SAME_UNASSIGNED	NOT_ASSIGNED			SUCCESS	10.46	0	0
2WNA	train		train	EXCLUDE_FROZEN_RMSD	KEPT		ADDED_TRAIN	NOT_ASSIGNED			missing_output		0	0
2X2Q	train			EXCLUDE_MULTI_RNA_CHAIN	EXCLUDE_MULTI_RNA_CHAIN	RNA_CHAIN_COUNT=4; required exactly 1	SAME_UNASSIGNED	NOT_ASSIGNED			SUCCESS	13.462	0	0
2XC6	train		train	EXCLUDE_FROZEN_RMSD	KEPT		ADDED_TRAIN	NOT_ASSIGNED			missing_output		0	0
2XEB	train			EXCLUDE_MULTI_RNA_CHAIN	EXCLUDE_MULTI_RNA_CHAIN	RNA_CHAIN_COUNT=2; required exactly 1	SAME_UNASSIGNED	NOT_ASSIGNED			SUCCESS	6.516	0	0
2XNW	train	train	train	KEPT	KEPT		SAME_SPLIT	PT_COMPLETE_BY_COUNT	200	0	SUCCESS	0.347	0	0
2XNZ	train	train	train	KEPT	KEPT		SAME_SPLIT	PT_COMPLETE_BY_COUNT	200	0	SUCCESS	0.376	0	0
2XO0	train	train	train	KEPT	KEPT		SAME_SPLIT	PT_COMPLETE_BY_COUNT	200	0	SUCCESS	0.372	0	0
2XO1	train	train	train	KEPT	KEPT		SAME_SPLIT	PT_COMPLETE_BY_COUNT	200	0	SUCCESS	0.319	0	0
2XSL	train			EXCLUDE_MULTI_RNA_CHAIN	EXCLUDE_MULTI_RNA_CHAIN	RNA_CHAIN_COUNT=4; required exactly 1	SAME_UNASSIGNED	NOT_ASSIGNED			SUCCESS	9.862	0	0
2Y95	train	train	train	KEPT	KEPT		SAME_SPLIT	PT_COMPLETE_BY_COUNT	200	0	SUCCESS	1.648	0	0
2YDH	train	train	train	KEPT	KEPT		SAME_SPLIT	PT_COMPLETE_BY_COUNT	200	0	SUCCESS	0.503	0	0
2YGH	train	train	train	KEPT	KEPT		SAME_SPLIT	PT_COMPLETE_BY_COUNT	200	0	SUCCESS	0.927	0	0
2YIE	train			EXCLUDE_MULTI_RNA_CHAIN	EXCLUDE_MULTI_RNA_CHAIN	RNA_CHAIN_COUNT=2; required exactly 1	SAME_UNASSIGNED	NOT_ASSIGNED			SUCCESS	0.318	0	0
2YIF	train			EXCLUDE_MULTI_RNA_CHAIN	EXCLUDE_MULTI_RNA_CHAIN	RNA_CHAIN_COUNT=2; required exactly 1	SAME_UNASSIGNED	NOT_ASSIGNED			SUCCESS	0.796	0	0
2Z9Q	train		train	EXCLUDE_FROZEN_RMSD	KEPT		ADDED_TRAIN	NOT_ASSIGNED			missing_output		0	0
2ZY6	train	train	train	KEPT	KEPT		SAME_SPLIT	PT_COMPLETE_BY_COUNT	200	0	SUCCESS	9.973	0	0
300D	train			EXCLUDE_MULTI_RNA_CHAIN	EXCLUDE_MULTI_RNA_CHAIN	RNA_CHAIN_COUNT=2; required exactly 1	SAME_UNASSIGNED	NOT_ASSIGNED			SUCCESS	0.428	0	0
301D	train			EXCLUDE_MULTI_RNA_CHAIN	EXCLUDE_MULTI_RNA_CHAIN	RNA_CHAIN_COUNT=2; required exactly 1	SAME_UNASSIGNED	NOT_ASSIGNED			SUCCESS	0.578	0	0
30SC	test	test	test	KEPT	KEPT		SAME_SPLIT	PT_EXCLUDED_BY_POLICY	0	0	SUCCESS	1.121	0	0
310D	train			EXCLUDE_MULTI_RNA_CHAIN	EXCLUDE_MULTI_RNA_CHAIN	RNA_CHAIN_COUNT=2; required exactly 1	SAME_UNASSIGNED	NOT_ASSIGNED			SUCCESS	1.071	0	0
333D	train	train	train	KEPT	KEPT		SAME_SPLIT	PT_EXCLUDED_BY_POLICY	0	0	SUCCESS	1.332	0	0
353D	train			EXCLUDE_MULTI_RNA_CHAIN	EXCLUDE_MULTI_RNA_CHAIN	RNA_CHAIN_COUNT=2; required exactly 1	SAME_UNASSIGNED	NOT_ASSIGNED			SUCCESS	0.209	0	0
354D	train			EXCLUDE_MULTI_RNA_CHAIN	EXCLUDE_MULTI_RNA_CHAIN	RNA_CHAIN_COUNT=2; required exactly 1	SAME_UNASSIGNED	NOT_ASSIGNED			SUCCESS	0.202	0	0
357D	train			EXCLUDE_MULTI_RNA_CHAIN	EXCLUDE_MULTI_RNA_CHAIN	RNA_CHAIN_COUNT=3; required exactly 1	SAME_UNASSIGNED	NOT_ASSIGNED			SUCCESS	0.841	0	0
359D	train			EXCLUDE_MULTI_RNA_CHAIN	EXCLUDE_MULTI_RNA_CHAIN	RNA_CHAIN_COUNT=2; required exactly 1	SAME_UNASSIGNED	NOT_ASSIGNED			SUCCESS	0.648	0	0
361D	train			EXCLUDE_MULTI_RNA_CHAIN	EXCLUDE_MULTI_RNA_CHAIN	RNA_CHAIN_COUNT=2; required exactly 1	SAME_UNASSIGNED	NOT_ASSIGNED			SUCCESS	21.432	0	0
364D	train			EXCLUDE_MULTI_RNA_CHAIN	EXCLUDE_MULTI_RNA_CHAIN	RNA_CHAIN_COUNT=3; required exactly 1	SAME_UNASSIGNED	NOT_ASSIGNED			SUCCESS	0.609	0	0
36LC	test			EXCLUDE_MULTI_RNA_CHAIN	EXCLUDE_MULTI_RNA_CHAIN	RNA_CHAIN_COUNT=2; required exactly 1	SAME_UNASSIGNED	NOT_ASSIGNED			SUCCESS	0.427	0	0
36LE	test			EXCLUDE_MULTI_RNA_CHAIN	EXCLUDE_MULTI_RNA_CHAIN	RNA_CHAIN_COUNT=4; required exactly 1	SAME_UNASSIGNED	NOT_ASSIGNED			SUCCESS	14.083	0	0
36LL	test	test		KEPT	DROP_REFERENCE_HOMOLOG	Single RNA chain is homologous to final train/val	REMOVED_FROM_TEST	PT_COMPLETE_BY_COUNT	200	0	SUCCESS	14.681	2	2
36LM	test			EXCLUDE_MULTI_RNA_CHAIN	EXCLUDE_MULTI_RNA_CHAIN	RNA_CHAIN_COUNT=2; required exactly 1	SAME_UNASSIGNED	NOT_ASSIGNED			SUCCESS	0.185	0	0
377D	train			EXCLUDE_MULTI_RNA_CHAIN	EXCLUDE_MULTI_RNA_CHAIN	RNA_CHAIN_COUNT=4; required exactly 1	SAME_UNASSIGNED	NOT_ASSIGNED			SUCCESS	23.733	0	0
379D	train			EXCLUDE_MULTI_RNA_CHAIN	EXCLUDE_MULTI_RNA_CHAIN	RNA_CHAIN_COUNT=2; required exactly 1	SAME_UNASSIGNED	NOT_ASSIGNED			SUCCESS	0.84	0	0
387D	train		train	EXCLUDE_TRAIN_RMSD_CUTOFF	KEPT		ADDED_TRAIN	NOT_ASSIGNED			SUCCESS	15.447	0	0
397D	train			EXCLUDE_MULTI_RNA_CHAIN	EXCLUDE_MULTI_RNA_CHAIN	RNA_CHAIN_COUNT=2; required exactly 1	SAME_UNASSIGNED	NOT_ASSIGNED			SUCCESS	0.34	0	0
3A3A	train	train	train	KEPT	KEPT		SAME_SPLIT	PT_COMPLETE_BY_COUNT	200	0	SUCCESS	2.435	0	0
3B31	train			EXCLUDE_MULTI_RNA_CHAIN	EXCLUDE_MULTI_RNA_CHAIN	RNA_CHAIN_COUNT=2; required exactly 1	SAME_UNASSIGNED	NOT_ASSIGNED			SUCCESS	0.54	0	0
3B4A	train			EXCLUDE_MULTI_RNA_CHAIN	EXCLUDE_MULTI_RNA_CHAIN	RNA_CHAIN_COUNT=2; required exactly 1	SAME_UNASSIGNED	NOT_ASSIGNED			SUCCESS	1.283	0	0
3B4B	train			EXCLUDE_MULTI_RNA_CHAIN	EXCLUDE_MULTI_RNA_CHAIN	RNA_CHAIN_COUNT=2; required exactly 1	SAME_UNASSIGNED	NOT_ASSIGNED			SUCCESS	0.409	0	0
3B4C	train			EXCLUDE_MULTI_RNA_CHAIN	EXCLUDE_MULTI_RNA_CHAIN	RNA_CHAIN_COUNT=2; required exactly 1	SAME_UNASSIGNED	NOT_ASSIGNED			SUCCESS	1.196	0	0
3B58	train			EXCLUDE_MULTI_RNA_CHAIN	EXCLUDE_MULTI_RNA_CHAIN	RNA_CHAIN_COUNT=3; required exactly 1	SAME_UNASSIGNED	NOT_ASSIGNED			SUCCESS	0.857	0	0
3B5A	train			EXCLUDE_MULTI_RNA_CHAIN	EXCLUDE_MULTI_RNA_CHAIN	RNA_CHAIN_COUNT=3; required exactly 1	SAME_UNASSIGNED	NOT_ASSIGNED			SUCCESS	0.242	0	0
3B5F	train			EXCLUDE_MULTI_RNA_CHAIN	EXCLUDE_MULTI_RNA_CHAIN	RNA_CHAIN_COUNT=3; required exactly 1	SAME_UNASSIGNED	NOT_ASSIGNED			SUCCESS	0.223	0	0
3B5S	train			EXCLUDE_MULTI_RNA_CHAIN	EXCLUDE_MULTI_RNA_CHAIN	RNA_CHAIN_COUNT=3; required exactly 1	SAME_UNASSIGNED	NOT_ASSIGNED			SUCCESS	0.215	0	0
3B91	train			EXCLUDE_MULTI_RNA_CHAIN	EXCLUDE_MULTI_RNA_CHAIN	RNA_CHAIN_COUNT=3; required exactly 1	SAME_UNASSIGNED	NOT_ASSIGNED			SUCCESS	0.246	0	0
3BBI	train			EXCLUDE_MULTI_RNA_CHAIN	EXCLUDE_MULTI_RNA_CHAIN	RNA_CHAIN_COUNT=3; required exactly 1	SAME_UNASSIGNED	NOT_ASSIGNED			SUCCESS	0.261	0	0
3BBK	train			EXCLUDE_MULTI_RNA_CHAIN	EXCLUDE_MULTI_RNA_CHAIN	RNA_CHAIN_COUNT=3; required exactly 1	SAME_UNASSIGNED	NOT_ASSIGNED			missing_output		0	0
3BBM	train			EXCLUDE_MULTI_RNA_CHAIN	EXCLUDE_MULTI_RNA_CHAIN	RNA_CHAIN_COUNT=3; required exactly 1	SAME_UNASSIGNED	NOT_ASSIGNED			SUCCESS	0.223	0	0
3BBV	train	train	train	KEPT	KEPT		SAME_SPLIT	PT_COMPLETE_BY_COUNT	200	0	SUCCESS	3.031	0	0
3BNL	train			EXCLUDE_MULTI_RNA_CHAIN	EXCLUDE_MULTI_RNA_CHAIN	RNA_CHAIN_COUNT=2; required exactly 1	SAME_UNASSIGNED	NOT_ASSIGNED			SUCCESS	0.165	0	0
3BNN	train			EXCLUDE_MULTI_RNA_CHAIN	EXCLUDE_MULTI_RNA_CHAIN	RNA_CHAIN_COUNT=4; required exactly 1	SAME_UNASSIGNED	NOT_ASSIGNED			SUCCESS	14.154	0	0
3BNO	train			EXCLUDE_MULTI_RNA_CHAIN	EXCLUDE_MULTI_RNA_CHAIN	RNA_CHAIN_COUNT=4; required exactly 1	SAME_UNASSIGNED	NOT_ASSIGNED			SUCCESS	10.807	0	0
3BNP	train			EXCLUDE_MULTI_RNA_CHAIN	EXCLUDE_MULTI_RNA_CHAIN	RNA_CHAIN_COUNT=2; required exactly 1	SAME_UNASSIGNED	NOT_ASSIGNED			SUCCESS	0.448	0	0
3BNQ	train			EXCLUDE_MULTI_RNA_CHAIN	EXCLUDE_MULTI_RNA_CHAIN	RNA_CHAIN_COUNT=4; required exactly 1	SAME_UNASSIGNED	NOT_ASSIGNED			SUCCESS	13.161	0	0
3BNR	train			EXCLUDE_MULTI_RNA_CHAIN	EXCLUDE_MULTI_RNA_CHAIN	RNA_CHAIN_COUNT=4; required exactly 1	SAME_UNASSIGNED	NOT_ASSIGNED			SUCCESS	13.681	0	0
3BNS	train			EXCLUDE_MULTI_RNA_CHAIN	EXCLUDE_MULTI_RNA_CHAIN	RNA_CHAIN_COUNT=4; required exactly 1	SAME_UNASSIGNED	NOT_ASSIGNED			SUCCESS	13.675	0	0
3BNT	train		train	EXCLUDE_TRAIN_RMSD_CUTOFF	KEPT		ADDED_TRAIN	NOT_ASSIGNED			SUCCESS	19.555	0	0
3BWP	train	train	train	KEPT	KEPT		SAME_SPLIT	PT_COMPLETE_BY_COUNT	200	0	SUCCESS	3.145	0	0
3C44	train			EXCLUDE_MULTI_RNA_CHAIN	EXCLUDE_MULTI_RNA_CHAIN	RNA_CHAIN_COUNT=2; required exactly 1	SAME_UNASSIGNED	NOT_ASSIGNED			SUCCESS	1.079	0	0
3CGP	train			EXCLUDE_MULTI_RNA_CHAIN	EXCLUDE_MULTI_RNA_CHAIN	RNA_CHAIN_COUNT=2; required exactly 1	SAME_UNASSIGNED	NOT_ASSIGNED			SUCCESS	0.193	0	0
3CGQ	train			EXCLUDE_MULTI_RNA_CHAIN	EXCLUDE_MULTI_RNA_CHAIN	RNA_CHAIN_COUNT=2; required exactly 1	SAME_UNASSIGNED	NOT_ASSIGNED			SUCCESS	0.189	0	0
3CGR	train			EXCLUDE_MULTI_RNA_CHAIN	EXCLUDE_MULTI_RNA_CHAIN	RNA_CHAIN_COUNT=2; required exactly 1	SAME_UNASSIGNED	NOT_ASSIGNED			SUCCESS	0.14	0	0
3CGS	train			EXCLUDE_MULTI_RNA_CHAIN	EXCLUDE_MULTI_RNA_CHAIN	RNA_CHAIN_COUNT=2; required exactly 1	SAME_UNASSIGNED	NOT_ASSIGNED			SUCCESS	0.237	0	0
3CJZ	train			EXCLUDE_MULTI_RNA_CHAIN	EXCLUDE_MULTI_RNA_CHAIN	RNA_CHAIN_COUNT=2; required exactly 1	SAME_UNASSIGNED	NOT_ASSIGNED			SUCCESS	0.96	0	0
3CW5	train	train	train	KEPT	KEPT		SAME_SPLIT	PT_COMPLETE_BY_COUNT	200	0	SUCCESS	2.544	0	0
3CW6	train	train	train	KEPT	KEPT		SAME_SPLIT	PT_COMPLETE_BY_COUNT	200	0	SUCCESS	2.559	0	0
3CZW	train	train	train	KEPT	KEPT		SAME_SPLIT	PT_COMPLETE_BY_COUNT	200	0	SUCCESS	12.524	0	0
3D0M	train	train	train	KEPT	KEPT		SAME_SPLIT	PT_COMPLETE_BY_COUNT	200	0	SUCCESS	13.444	0	0
3D0U	train	train	train	KEPT	KEPT		SAME_SPLIT	PT_COMPLETE_BY_COUNT	200	0	SUCCESS	0.637	0	0
3D0X	train	train	train	KEPT	KEPT		SAME_SPLIT	PT_COMPLETE_BY_COUNT	200	0	SUCCESS	0.922	0	0
3D2G	train			EXCLUDE_MULTI_RNA_CHAIN	EXCLUDE_MULTI_RNA_CHAIN	RNA_CHAIN_COUNT=2; required exactly 1	SAME_UNASSIGNED	NOT_ASSIGNED			SUCCESS	21.186	0	0
3D2V	train			EXCLUDE_MULTI_RNA_CHAIN	EXCLUDE_MULTI_RNA_CHAIN	RNA_CHAIN_COUNT=2; required exactly 1	SAME_UNASSIGNED	NOT_ASSIGNED			SUCCESS	15.001	0	0
3D2X	train			EXCLUDE_MULTI_RNA_CHAIN	EXCLUDE_MULTI_RNA_CHAIN	RNA_CHAIN_COUNT=2; required exactly 1	SAME_UNASSIGNED	NOT_ASSIGNED			SUCCESS	22.875	0	0
3DG0	train			EXCLUDE_MULTI_RNA_CHAIN	EXCLUDE_MULTI_RNA_CHAIN	RNA_CHAIN_COUNT=2; required exactly 1	SAME_UNASSIGNED	NOT_ASSIGNED					0	0
3DG2	train			EXCLUDE_MULTI_RNA_CHAIN	EXCLUDE_MULTI_RNA_CHAIN	RNA_CHAIN_COUNT=2; required exactly 1	SAME_UNASSIGNED	NOT_ASSIGNED					0	0
3DG4	train			EXCLUDE_MULTI_RNA_CHAIN	EXCLUDE_MULTI_RNA_CHAIN	RNA_CHAIN_COUNT=2; required exactly 1	SAME_UNASSIGNED	NOT_ASSIGNED					0	0
3DG5	train			EXCLUDE_MULTI_RNA_CHAIN	EXCLUDE_MULTI_RNA_CHAIN	RNA_CHAIN_COUNT=2; required exactly 1	SAME_UNASSIGNED	NOT_ASSIGNED					0	0
3DHS	train	train	train	KEPT	KEPT		SAME_SPLIT	PT_COMPLETE_BY_COUNT	200	0	SUCCESS	8.706	0	0
3DIG	train	train	train	KEPT	KEPT		SAME_SPLIT	PT_COMPLETE_BY_COUNT	200	0	SUCCESS	0.49	0	0
3DIL	train	train	train	KEPT	KEPT		SAME_SPLIT	PT_COMPLETE_BY_COUNT	200	0	SUCCESS	0.526	0	0
3DIM	train	train	train	KEPT	KEPT		SAME_SPLIT	PT_COMPLETE_BY_COUNT	200	0	SUCCESS	0.449	0	0
3DIO	train	train	train	KEPT	KEPT		SAME_SPLIT	PT_COMPLETE_BY_COUNT	200	0	SUCCESS	0.608	0	0
3DIQ	train	train	train	KEPT	KEPT		SAME_SPLIT	PT_COMPLETE_BY_COUNT	200	0	SUCCESS	0.567	0	0
3DIR	train	train	train	KEPT	KEPT		SAME_SPLIT	PT_COMPLETE_BY_COUNT	200	0	SUCCESS	0.601	0	0
3DIS	train	train	train	KEPT	KEPT		SAME_SPLIT	PT_COMPLETE_BY_COUNT	200	0	SUCCESS	0.592	0	0
3DIX	train	train	train	KEPT	KEPT		SAME_SPLIT	PT_COMPLETE_BY_COUNT	200	0	SUCCESS	0.437	0	0
3DIY	train	train	train	KEPT	KEPT		SAME_SPLIT	PT_COMPLETE_BY_COUNT	200	0	SUCCESS	0.501	0	0
3DIZ	train	train	train	KEPT	KEPT		SAME_SPLIT	PT_COMPLETE_BY_COUNT	200	0	SUCCESS	0.526	0	0
3DJ0	train	train	train	KEPT	KEPT		SAME_SPLIT	PT_COMPLETE_BY_COUNT	200	0	SUCCESS	0.649	0	0
3DJ2	train	train	train	KEPT	KEPT		SAME_SPLIT	PT_COMPLETE_BY_COUNT	200	0	SUCCESS	0.662	0	0
3DS7	train			EXCLUDE_MULTI_RNA_CHAIN	EXCLUDE_MULTI_RNA_CHAIN	RNA_CHAIN_COUNT=2; required exactly 1	SAME_UNASSIGNED	NOT_ASSIGNED			SUCCESS	24.692	0	0
3DVV	train			EXCLUDE_MULTI_RNA_CHAIN	EXCLUDE_MULTI_RNA_CHAIN	RNA_CHAIN_COUNT=2; required exactly 1	SAME_UNASSIGNED	NOT_ASSIGNED			SUCCESS	20.449	0	0
3DVZ	train	train	train	KEPT	KEPT		SAME_SPLIT	PT_COMPLETE_BY_COUNT	200	0	SUCCESS	0.444	0	0
3DW4	train	train	train	KEPT	KEPT		SAME_SPLIT	PT_COMPLETE_BY_COUNT	200	0	SUCCESS	0.217	0	0
3DW5	train	train	train	KEPT	KEPT		SAME_SPLIT	PT_COMPLETE_BY_COUNT	200	0	SUCCESS	0.738	0	0
3DW6	train	train	train	KEPT	KEPT		SAME_SPLIT	PT_COMPLETE_BY_COUNT	200	0	SUCCESS	0.377	0	0
3DW7	train	train	train	KEPT	KEPT		SAME_SPLIT	PT_COMPLETE_BY_COUNT	200	0	SUCCESS	0.838	0	0
3E5C	train	train	train	KEPT	KEPT		SAME_SPLIT	PT_COMPLETE_BY_COUNT	200	0	SUCCESS	0.234	0	0
3E5E	train	train	train	KEPT	KEPT		SAME_SPLIT	PT_COMPLETE_BY_COUNT	200	0	SUCCESS	0.262	0	0
3E5F	train	train	train	KEPT	KEPT		SAME_SPLIT	PT_COMPLETE_BY_COUNT	200	0	SUCCESS	0.266	0	0
3EOG	train			EXCLUDE_MULTI_RNA_CHAIN	EXCLUDE_MULTI_RNA_CHAIN	RNA_CHAIN_COUNT=2; required exactly 1	SAME_UNASSIGNED	NOT_ASSIGNED			SUCCESS	1.204	0	0
3EOH	train			EXCLUDE_MULTI_RNA_CHAIN	EXCLUDE_MULTI_RNA_CHAIN	RNA_CHAIN_COUNT=2; required exactly 1	SAME_UNASSIGNED	NOT_ASSIGNED			SUCCESS	1.601	0	0
3F2Q	train	train	train	KEPT	KEPT		SAME_SPLIT	PT_COMPLETE_BY_COUNT	200	0	SUCCESS	0.624	0	0
3F2T	train	train	train	KEPT	KEPT		SAME_SPLIT	PT_COMPLETE_BY_COUNT	200	0	SUCCESS	0.436	0	0
3F2W	train	train	train	KEPT	KEPT		SAME_SPLIT	PT_COMPLETE_BY_COUNT	200	0	SUCCESS	0.685	0	0
3F2X	train	train	train	KEPT	KEPT		SAME_SPLIT	PT_COMPLETE_BY_COUNT	200	0	SUCCESS	0.581	0	0
3F2Y	train	train	train	KEPT	KEPT		SAME_SPLIT	PT_COMPLETE_BY_COUNT	200	0	SUCCESS	0.501	0	0
3F30	train	train	train	KEPT	KEPT		SAME_SPLIT	PT_COMPLETE_BY_COUNT	200	0	SUCCESS	0.489	0	0
3F4E	train			EXCLUDE_MULTI_RNA_CHAIN	EXCLUDE_MULTI_RNA_CHAIN	RNA_CHAIN_COUNT=2; required exactly 1	SAME_UNASSIGNED	NOT_ASSIGNED			SUCCESS	0.485	0	0
3F4G	train			EXCLUDE_MULTI_RNA_CHAIN	EXCLUDE_MULTI_RNA_CHAIN	RNA_CHAIN_COUNT=2; required exactly 1	SAME_UNASSIGNED	NOT_ASSIGNED			SUCCESS	0.469	0	0
3F4H	train			EXCLUDE_MULTI_RNA_CHAIN	EXCLUDE_MULTI_RNA_CHAIN	RNA_CHAIN_COUNT=2; required exactly 1	SAME_UNASSIGNED	NOT_ASSIGNED			SUCCESS	0.41	0	0
3FAR	train			EXCLUDE_MULTI_RNA_CHAIN	EXCLUDE_MULTI_RNA_CHAIN	RNA_CHAIN_COUNT=2; required exactly 1	SAME_UNASSIGNED	NOT_ASSIGNED			SUCCESS	0.502	0	0
3FO4	train	train	train	KEPT	KEPT		SAME_SPLIT	PT_COMPLETE_BY_COUNT	200	0	SUCCESS	0.323	0	0
3FO6	train	train	train	KEPT	KEPT		SAME_SPLIT	PT_COMPLETE_BY_COUNT	200	0	SUCCESS	0.384	0	0
3FS0	train			EXCLUDE_MULTI_RNA_CHAIN	EXCLUDE_MULTI_RNA_CHAIN	RNA_CHAIN_COUNT=2; required exactly 1	SAME_UNASSIGNED	NOT_ASSIGNED			SUCCESS	0.184	0	0
3FTM	train			EXCLUDE_MULTI_RNA_CHAIN	EXCLUDE_MULTI_RNA_CHAIN	RNA_CHAIN_COUNT=4; required exactly 1	SAME_UNASSIGNED	NOT_ASSIGNED			SUCCESS	16.735	0	0
3FU2	train			EXCLUDE_MULTI_RNA_CHAIN	EXCLUDE_MULTI_RNA_CHAIN	RNA_CHAIN_COUNT=3; required exactly 1	SAME_UNASSIGNED	NOT_ASSIGNED			SUCCESS	22.418	0	0
3FWO	train			EXCLUDE_MULTI_RNA_CHAIN	EXCLUDE_MULTI_RNA_CHAIN	RNA_CHAIN_COUNT=2; required exactly 1	SAME_UNASSIGNED	NOT_ASSIGNED			SUCCESS	4.5	0	0
3G4M	train	train	train	KEPT	KEPT		SAME_SPLIT	PT_COMPLETE_BY_COUNT	200	0	SUCCESS	0.632	0	0
3G78	train			EXCLUDE_MULTI_RNA_CHAIN	EXCLUDE_MULTI_RNA_CHAIN	RNA_CHAIN_COUNT=2; required exactly 1	SAME_UNASSIGNED	NOT_ASSIGNED			SUCCESS	1.129	0	0
3GAO	train	train	train	KEPT	KEPT		SAME_SPLIT	PT_COMPLETE_BY_COUNT	200	0	SUCCESS	0.516	0	0
3GCA	train	train	train	KEPT	KEPT		SAME_SPLIT	PT_COMPLETE_BY_COUNT	200	0	SUCCESS	0.395	0	0
3GER	train	train	train	KEPT	KEPT		SAME_SPLIT	PT_COMPLETE_BY_COUNT	200	0	SUCCESS	0.497	0	0
3GES	train	train	train	KEPT	KEPT		SAME_SPLIT	PT_COMPLETE_BY_COUNT	200	0	SUCCESS	0.515	0	0
3GLP	train			EXCLUDE_MULTI_RNA_CHAIN	EXCLUDE_MULTI_RNA_CHAIN	RNA_CHAIN_COUNT=5; required exactly 1	SAME_UNASSIGNED	NOT_ASSIGNED			SUCCESS	5.078	0	0
3GM7	train			EXCLUDE_MULTI_RNA_CHAIN	EXCLUDE_MULTI_RNA_CHAIN	RNA_CHAIN_COUNT=2; required exactly 1	SAME_UNASSIGNED	NOT_ASSIGNED			SUCCESS	1.123	0	0
3GOG	train	train	train	KEPT	KEPT		SAME_SPLIT	PT_COMPLETE_BY_COUNT	200	0	SUCCESS	0.337	0	0
3GOT	train	train	train	KEPT	KEPT		SAME_SPLIT	PT_COMPLETE_BY_COUNT	200	0	SUCCESS	0.329	0	0
3GS1	train			EXCLUDE_MULTI_RNA_CHAIN	EXCLUDE_MULTI_RNA_CHAIN	RNA_CHAIN_COUNT=4; required exactly 1	SAME_UNASSIGNED	NOT_ASSIGNED			SUCCESS	0.294	0	0
3GS5	train			EXCLUDE_MULTI_RNA_CHAIN	EXCLUDE_MULTI_RNA_CHAIN	RNA_CHAIN_COUNT=2; required exactly 1	SAME_UNASSIGNED	NOT_ASSIGNED			SUCCESS	0.153	0	0
3GS8	train			EXCLUDE_MULTI_RNA_CHAIN	EXCLUDE_MULTI_RNA_CHAIN	RNA_CHAIN_COUNT=4; required exactly 1	SAME_UNASSIGNED	NOT_ASSIGNED			missing_output		0	0
3GVN	train			EXCLUDE_MULTI_RNA_CHAIN	EXCLUDE_MULTI_RNA_CHAIN	RNA_CHAIN_COUNT=2; required exactly 1	SAME_UNASSIGNED	NOT_ASSIGNED			SUCCESS	0.971	0	0
3GX2	train	train	train	KEPT	KEPT		SAME_SPLIT	PT_COMPLETE_BY_COUNT	200	0	SUCCESS	0.469	0	0
3GX3	train	train	train	KEPT	KEPT		SAME_SPLIT	PT_COMPLETE_BY_COUNT	200	0	SUCCESS	0.415	0	0
3GX5	train	train	train	KEPT	KEPT		SAME_SPLIT	PT_COMPLETE_BY_COUNT	200	0	SUCCESS	0.425	0	0
3GX6	train	train	train	KEPT	KEPT		SAME_SPLIT	PT_COMPLETE_BY_COUNT	200	0	SUCCESS	0.483	0	0
3GX7	train	train	train	KEPT	KEPT		SAME_SPLIT	PT_COMPLETE_BY_COUNT	200	0	SUCCESS	0.511	0	0
3HGA	train		train	EXCLUDE_FROZEN_RMSD	KEPT		ADDED_TRAIN	NOT_ASSIGNED			missing_output		0	0
3IBK	train			EXCLUDE_MULTI_RNA_CHAIN	EXCLUDE_MULTI_RNA_CHAIN	RNA_CHAIN_COUNT=2; required exactly 1	SAME_UNASSIGNED	NOT_ASSIGNED			SUCCESS	1.143	0	0
3IGI	train			EXCLUDE_MULTI_RNA_CHAIN	EXCLUDE_MULTI_RNA_CHAIN	RNA_CHAIN_COUNT=2; required exactly 1	SAME_UNASSIGNED	NOT_ASSIGNED			SUCCESS	1.368	0	0
3IQN	train	train	train	KEPT	KEPT		SAME_SPLIT	PT_COMPLETE_BY_COUNT	200	0	SUCCESS	0.52	0	0
3IQP	train	train	train	KEPT	KEPT		SAME_SPLIT	PT_COMPLETE_BY_COUNT	200	0	SUCCESS	0.918	0	0
3IQR	train	train	train	KEPT	KEPT		SAME_SPLIT	PT_COMPLETE_BY_COUNT	200	0	SUCCESS	0.488	0	0
3IVN	train			EXCLUDE_MULTI_RNA_CHAIN	EXCLUDE_MULTI_RNA_CHAIN	RNA_CHAIN_COUNT=2; required exactly 1	SAME_UNASSIGNED	NOT_ASSIGNED			SUCCESS	26.492	0	0
3IZD	train	train	train	KEPT	KEPT		SAME_SPLIT	PT_COMPLETE_BY_COUNT	200	0	SUCCESS	11.525	0	0
3J28	train		train	EXCLUDE_NO_STRICT_RANK1	KEPT		ADDED_TRAIN	NOT_ASSIGNED					0	0
3J29	train		train	EXCLUDE_NO_STRICT_RANK1	KEPT		ADDED_TRAIN	NOT_ASSIGNED					0	0
3J2A	train		train	EXCLUDE_NO_STRICT_RANK1	KEPT		ADDED_TRAIN	NOT_ASSIGNED					0	0
3J2B	train		train	EXCLUDE_NO_STRICT_RANK1	KEPT		ADDED_TRAIN	NOT_ASSIGNED					0	0
3J2C	train			EXCLUDE_MULTI_RNA_CHAIN	EXCLUDE_MULTI_RNA_CHAIN	RNA_CHAIN_COUNT=3; required exactly 1	SAME_UNASSIGNED	NOT_ASSIGNED			SUCCESS	25.077	0	0
3J2D	train		train	EXCLUDE_NO_STRICT_RANK1	KEPT		ADDED_TRAIN	NOT_ASSIGNED					0	0
3J2E	train		train	EXCLUDE_NO_STRICT_RANK1	KEPT		ADDED_TRAIN	NOT_ASSIGNED					0	0
3J2F	train		train	EXCLUDE_NO_STRICT_RANK1	KEPT		ADDED_TRAIN	NOT_ASSIGNED					0	0
3J2G	train		train	EXCLUDE_NO_STRICT_RANK1	KEPT		ADDED_TRAIN	NOT_ASSIGNED					0	0
3J2H	train		train	EXCLUDE_NO_STRICT_RANK1	KEPT		ADDED_TRAIN	NOT_ASSIGNED					0	0
3JQ4	train			EXCLUDE_MULTI_RNA_CHAIN	EXCLUDE_MULTI_RNA_CHAIN	RNA_CHAIN_COUNT=2; required exactly 1	SAME_UNASSIGNED	NOT_ASSIGNED			SUCCESS	4.137	0	0
3JXQ	train			EXCLUDE_MULTI_RNA_CHAIN	EXCLUDE_MULTI_RNA_CHAIN	RNA_CHAIN_COUNT=4; required exactly 1	SAME_UNASSIGNED	NOT_ASSIGNED			SUCCESS	1.208	0	0
3JXR	train			EXCLUDE_MULTI_RNA_CHAIN	EXCLUDE_MULTI_RNA_CHAIN	RNA_CHAIN_COUNT=3; required exactly 1	SAME_UNASSIGNED	NOT_ASSIGNED			SUCCESS	10.625	0	0
3K1V	train	train	train	KEPT	KEPT		SAME_SPLIT	PT_COMPLETE_BY_COUNT	200	0	SUCCESS	0.414	0	0
3L0U	train	train	train	KEPT	KEPT		SAME_SPLIT	PT_COMPLETE_BY_COUNT	200	0	SUCCESS	1.331	0	0
3LA5	train	train	train	KEPT	KEPT		SAME_SPLIT	PT_COMPLETE_BY_COUNT	200	0	SUCCESS	1.08	0	0
3LOA	train			EXCLUDE_MULTI_RNA_CHAIN	EXCLUDE_MULTI_RNA_CHAIN	RNA_CHAIN_COUNT=2; required exactly 1	SAME_UNASSIGNED	NOT_ASSIGNED			SUCCESS	0.318	0	0
3MEI	train			EXCLUDE_MULTI_RNA_CHAIN	EXCLUDE_MULTI_RNA_CHAIN	RNA_CHAIN_COUNT=2; required exactly 1	SAME_UNASSIGNED	NOT_ASSIGNED			SUCCESS	0.59	0	0
3MIJ	train	train	train	KEPT	KEPT		SAME_SPLIT	PT_COMPLETE_BY_COUNT	200	0	SUCCESS	1.111	0	0
3MJ3	train			EXCLUDE_MULTI_RNA_CHAIN	EXCLUDE_MULTI_RNA_CHAIN	RNA_CHAIN_COUNT=2; required exactly 1	SAME_UNASSIGNED	NOT_ASSIGNED			SUCCESS	0.416	0	0
3MJA	train			EXCLUDE_MULTI_RNA_CHAIN	EXCLUDE_MULTI_RNA_CHAIN	RNA_CHAIN_COUNT=2; required exactly 1	SAME_UNASSIGNED	NOT_ASSIGNED			SUCCESS	0.423	0	0
3MJB	train			EXCLUDE_MULTI_RNA_CHAIN	EXCLUDE_MULTI_RNA_CHAIN	RNA_CHAIN_COUNT=2; required exactly 1	SAME_UNASSIGNED	NOT_ASSIGNED			SUCCESS	0.366	0	0
3ND3	train	train	train	KEPT	KEPT		SAME_SPLIT	PT_COMPLETE_BY_COUNT	200	0	SUCCESS	14.357	0	0
3ND4	train	train	train	KEPT	KEPT		SAME_SPLIT	PT_COMPLETE_BY_COUNT	200	0	SUCCESS	14.418	0	0
3NJ6	train	train	train	KEPT	KEPT		SAME_SPLIT	PT_COMPLETE_BY_COUNT	200	0	SUCCESS	8.413	0	0
3NJ7	train			EXCLUDE_MULTI_RNA_CHAIN	EXCLUDE_MULTI_RNA_CHAIN	RNA_CHAIN_COUNT=6; required exactly 1	SAME_UNASSIGNED	NOT_ASSIGNED			SUCCESS	11.945	0	0
3NPN	train	train	train	KEPT	KEPT		SAME_SPLIT	PT_COMPLETE_BY_COUNT	200	0	SUCCESS	0.793	0	0
3NPQ	train			EXCLUDE_MULTI_RNA_CHAIN	EXCLUDE_MULTI_RNA_CHAIN	RNA_CHAIN_COUNT=3; required exactly 1	SAME_UNASSIGNED	NOT_ASSIGNED			SUCCESS	16.944	0	0
3OWI	train			EXCLUDE_MULTI_RNA_CHAIN	EXCLUDE_MULTI_RNA_CHAIN	RNA_CHAIN_COUNT=2; required exactly 1	SAME_UNASSIGNED	NOT_ASSIGNED			SUCCESS	2.555	0	0
3OWW	train			EXCLUDE_MULTI_RNA_CHAIN	EXCLUDE_MULTI_RNA_CHAIN	RNA_CHAIN_COUNT=2; required exactly 1	SAME_UNASSIGNED	NOT_ASSIGNED			SUCCESS	2.513	0	0
3OWZ	train			EXCLUDE_MULTI_RNA_CHAIN	EXCLUDE_MULTI_RNA_CHAIN	RNA_CHAIN_COUNT=2; required exactly 1	SAME_UNASSIGNED	NOT_ASSIGNED			SUCCESS	2.328	0	0
3OX0	train			EXCLUDE_MULTI_RNA_CHAIN	EXCLUDE_MULTI_RNA_CHAIN	RNA_CHAIN_COUNT=2; required exactly 1	SAME_UNASSIGNED	NOT_ASSIGNED			SUCCESS	2.237	0	0
3OXB	train			EXCLUDE_MULTI_RNA_CHAIN	EXCLUDE_MULTI_RNA_CHAIN	RNA_CHAIN_COUNT=2; required exactly 1	SAME_UNASSIGNED	NOT_ASSIGNED			SUCCESS	2.482	0	0
3OXD	train			EXCLUDE_MULTI_RNA_CHAIN	EXCLUDE_MULTI_RNA_CHAIN	RNA_CHAIN_COUNT=2; required exactly 1	SAME_UNASSIGNED	NOT_ASSIGNED			SUCCESS	2.309	0	0
3OXE	train			EXCLUDE_MULTI_RNA_CHAIN	EXCLUDE_MULTI_RNA_CHAIN	RNA_CHAIN_COUNT=2; required exactly 1	SAME_UNASSIGNED	NOT_ASSIGNED			SUCCESS	2.568	0	0
3OXJ	train			EXCLUDE_MULTI_RNA_CHAIN	EXCLUDE_MULTI_RNA_CHAIN	RNA_CHAIN_COUNT=2; required exactly 1	SAME_UNASSIGNED	NOT_ASSIGNED			SUCCESS	2.338	0	0
3OXM	train			EXCLUDE_MULTI_RNA_CHAIN	EXCLUDE_MULTI_RNA_CHAIN	RNA_CHAIN_COUNT=2; required exactly 1	SAME_UNASSIGNED	NOT_ASSIGNED			SUCCESS	2.451	0	0
3P22	train			EXCLUDE_MULTI_RNA_CHAIN	EXCLUDE_MULTI_RNA_CHAIN	RNA_CHAIN_COUNT=8; required exactly 1	SAME_UNASSIGNED	NOT_ASSIGNED			SUCCESS	39.614	0	0
3P4A	train			EXCLUDE_MULTI_RNA_CHAIN	EXCLUDE_MULTI_RNA_CHAIN	RNA_CHAIN_COUNT=6; required exactly 1	SAME_UNASSIGNED	NOT_ASSIGNED			missing_output		0	0
3P4B	train			EXCLUDE_MULTI_RNA_CHAIN	EXCLUDE_MULTI_RNA_CHAIN	RNA_CHAIN_COUNT=6; required exactly 1	SAME_UNASSIGNED	NOT_ASSIGNED			SUCCESS	3.359	0	0
3P4C	train			EXCLUDE_MULTI_RNA_CHAIN	EXCLUDE_MULTI_RNA_CHAIN	RNA_CHAIN_COUNT=2; required exactly 1	SAME_UNASSIGNED	NOT_ASSIGNED			SUCCESS	1.626	0	0
3P4D	train			EXCLUDE_MULTI_RNA_CHAIN	EXCLUDE_MULTI_RNA_CHAIN	RNA_CHAIN_COUNT=2; required exactly 1	SAME_UNASSIGNED	NOT_ASSIGNED			SUCCESS	0.272	0	0
3P59	train			EXCLUDE_MULTI_RNA_CHAIN	EXCLUDE_MULTI_RNA_CHAIN	RNA_CHAIN_COUNT=8; required exactly 1	SAME_UNASSIGNED	NOT_ASSIGNED			SUCCESS	1.956	0	0
3PDR	train			EXCLUDE_MULTI_RNA_CHAIN	EXCLUDE_MULTI_RNA_CHAIN	RNA_CHAIN_COUNT=2; required exactly 1	SAME_UNASSIGNED	NOT_ASSIGNED			SUCCESS	28.929	0	0
3PHP	train	train	train	KEPT	KEPT		SAME_SPLIT	PT_COMPLETE_BY_COUNT	200	0	SUCCESS	5.477	0	0
3Q3Z	train			EXCLUDE_MULTI_RNA_CHAIN	EXCLUDE_MULTI_RNA_CHAIN	RNA_CHAIN_COUNT=2; required exactly 1	SAME_UNASSIGNED	NOT_ASSIGNED			SUCCESS	26.982	0	0
3Q50	train	train	train	KEPT	KEPT		SAME_SPLIT	PT_COMPLETE_BY_COUNT	200	0	SUCCESS	0.296	0	0
3Q51	train	train	train	KEPT	KEPT		SAME_SPLIT	PT_COMPLETE_BY_COUNT	200	0	SUCCESS	1.597	0	0
3R1C	train			EXCLUDE_MULTI_RNA_CHAIN	EXCLUDE_MULTI_RNA_CHAIN	RNA_CHAIN_COUNT=36; required exactly 1	SAME_UNASSIGNED	NOT_ASSIGNED			SUCCESS	22.802	0	0
3R1D	train			EXCLUDE_MULTI_RNA_CHAIN	EXCLUDE_MULTI_RNA_CHAIN	RNA_CHAIN_COUNT=5; required exactly 1	SAME_UNASSIGNED	NOT_ASSIGNED			SUCCESS	22.223	0	0
3R1E	train			EXCLUDE_MULTI_RNA_CHAIN	EXCLUDE_MULTI_RNA_CHAIN	RNA_CHAIN_COUNT=2; required exactly 1	SAME_UNASSIGNED	NOT_ASSIGNED			SUCCESS	0.341	0	0
3R4F	train	train	train	KEPT	KEPT		SAME_SPLIT	PT_COMPLETE_BY_COUNT	200	0	SUCCESS	2.462	0	0
3RG5	train			EXCLUDE_MULTI_RNA_CHAIN	EXCLUDE_MULTI_RNA_CHAIN	RNA_CHAIN_COUNT=2; required exactly 1	SAME_UNASSIGNED	NOT_ASSIGNED			SUCCESS	23.536	0	0
3RKF	train			EXCLUDE_MULTI_RNA_CHAIN	EXCLUDE_MULTI_RNA_CHAIN	RNA_CHAIN_COUNT=4; required exactly 1	SAME_UNASSIGNED	NOT_ASSIGNED			SUCCESS	28.222	0	0
3S49	train			EXCLUDE_MULTI_RNA_CHAIN	EXCLUDE_MULTI_RNA_CHAIN	RNA_CHAIN_COUNT=7; required exactly 1	SAME_UNASSIGNED	NOT_ASSIGNED			SUCCESS	19.444	0	0
3S4P	train			EXCLUDE_MULTI_RNA_CHAIN	EXCLUDE_MULTI_RNA_CHAIN	RNA_CHAIN_COUNT=2; required exactly 1	SAME_UNASSIGNED	NOT_ASSIGNED			SUCCESS	0.305	0	0
3S7C	train	train	train	KEPT	KEPT		SAME_SPLIT	PT_EXCLUDED_BY_POLICY	0	0	SUCCESS	0.436	0	0
3S8U	train	train	train	KEPT	KEPT		SAME_SPLIT	PT_EXCLUDED_BY_POLICY	0	0	SUCCESS	0.6	0	0
3SD3	train	train	train	KEPT	KEPT		SAME_SPLIT	PT_COMPLETE_BY_COUNT	200	0	SUCCESS	0.347	0	0
3SJ2	train			EXCLUDE_MULTI_RNA_CHAIN	EXCLUDE_MULTI_RNA_CHAIN	RNA_CHAIN_COUNT=2; required exactly 1	SAME_UNASSIGNED	NOT_ASSIGNED			SUCCESS	0.175	0	0
3SKI	train			EXCLUDE_MULTI_RNA_CHAIN	EXCLUDE_MULTI_RNA_CHAIN	RNA_CHAIN_COUNT=2; required exactly 1	SAME_UNASSIGNED	NOT_ASSIGNED			SUCCESS	1.323	0	0
3SKL	train			EXCLUDE_MULTI_RNA_CHAIN	EXCLUDE_MULTI_RNA_CHAIN	RNA_CHAIN_COUNT=2; required exactly 1	SAME_UNASSIGNED	NOT_ASSIGNED			SUCCESS	30.32	0	0
3SKR	train			EXCLUDE_MULTI_RNA_CHAIN	EXCLUDE_MULTI_RNA_CHAIN	RNA_CHAIN_COUNT=2; required exactly 1	SAME_UNASSIGNED	NOT_ASSIGNED			SUCCESS	30.51	0	0
3SKT	train			EXCLUDE_MULTI_RNA_CHAIN	EXCLUDE_MULTI_RNA_CHAIN	RNA_CHAIN_COUNT=2; required exactly 1	SAME_UNASSIGNED	NOT_ASSIGNED			SUCCESS	16.761	0	0
3SKW	train			EXCLUDE_MULTI_RNA_CHAIN	EXCLUDE_MULTI_RNA_CHAIN	RNA_CHAIN_COUNT=2; required exactly 1	SAME_UNASSIGNED	NOT_ASSIGNED			SUCCESS	29.856	0	0
3SKZ	train			EXCLUDE_MULTI_RNA_CHAIN	EXCLUDE_MULTI_RNA_CHAIN	RNA_CHAIN_COUNT=2; required exactly 1	SAME_UNASSIGNED	NOT_ASSIGNED			SUCCESS	2.031	0	0
3SLM	train			EXCLUDE_MULTI_RNA_CHAIN	EXCLUDE_MULTI_RNA_CHAIN	RNA_CHAIN_COUNT=2; required exactly 1	SAME_UNASSIGNED	NOT_ASSIGNED			SUCCESS	27.414	0	0
3SLQ	train			EXCLUDE_MULTI_RNA_CHAIN	EXCLUDE_MULTI_RNA_CHAIN	RNA_CHAIN_COUNT=2; required exactly 1	SAME_UNASSIGNED	NOT_ASSIGNED			SUCCESS	2.826	0	0
3SUH	train	train	train	KEPT	KEPT		SAME_SPLIT	PT_COMPLETE_BY_COUNT	200	0	SUCCESS	4.423	0	0
3SUX	train	train	train	KEPT	KEPT		SAME_SPLIT	PT_COMPLETE_BY_COUNT	200	0	SUCCESS	6.076	0	0
3SUY	train	train	train	KEPT	KEPT		SAME_SPLIT	PT_COMPLETE_BY_COUNT	200	0	SUCCESS	7.526	0	0
3SYW	train			EXCLUDE_MULTI_RNA_CHAIN	EXCLUDE_MULTI_RNA_CHAIN	RNA_CHAIN_COUNT=2; required exactly 1	SAME_UNASSIGNED	NOT_ASSIGNED			SUCCESS	0.335	0	0
3SZX	train			EXCLUDE_MULTI_RNA_CHAIN	EXCLUDE_MULTI_RNA_CHAIN	RNA_CHAIN_COUNT=2; required exactly 1	SAME_UNASSIGNED	NOT_ASSIGNED			SUCCESS	4.453	0	0
3T4B	train	train	train	KEPT	KEPT		SAME_SPLIT	PT_COMPLETE_BY_COUNT	200	0	SUCCESS	2.008	0	0
3TD0	train			EXCLUDE_MULTI_RNA_CHAIN	EXCLUDE_MULTI_RNA_CHAIN	RNA_CHAIN_COUNT=2; required exactly 1	SAME_UNASSIGNED	NOT_ASSIGNED			SUCCESS	1.119	0	0
3TD1	train			EXCLUDE_MULTI_RNA_CHAIN	EXCLUDE_MULTI_RNA_CHAIN	RNA_CHAIN_COUNT=2; required exactly 1	SAME_UNASSIGNED	NOT_ASSIGNED			SUCCESS	1.059	0	0
3TRA	train	train	train	KEPT	KEPT		SAME_SPLIT	PT_COMPLETE_BY_COUNT	200	0	SUCCESS	0.743	0	0
3TZR	train			EXCLUDE_MULTI_RNA_CHAIN	EXCLUDE_MULTI_RNA_CHAIN	RNA_CHAIN_COUNT=2; required exactly 1	SAME_UNASSIGNED	NOT_ASSIGNED			SUCCESS	0.115	0	0
3VRS	train	train	train	KEPT	KEPT		SAME_SPLIT	PT_COMPLETE_BY_COUNT	200	0	SUCCESS	1.004	0	0
3WRU	train			EXCLUDE_MULTI_RNA_CHAIN	EXCLUDE_MULTI_RNA_CHAIN	RNA_CHAIN_COUNT=2; required exactly 1	SAME_UNASSIGNED	NOT_ASSIGNED			SUCCESS	1.356	0	0
3ZD4	train			EXCLUDE_MULTI_RNA_CHAIN	EXCLUDE_MULTI_RNA_CHAIN	RNA_CHAIN_COUNT=2; required exactly 1	SAME_UNASSIGNED	NOT_ASSIGNED			SUCCESS	0.228	0	0
3ZD5	train			EXCLUDE_MULTI_RNA_CHAIN	EXCLUDE_MULTI_RNA_CHAIN	RNA_CHAIN_COUNT=2; required exactly 1	SAME_UNASSIGNED	NOT_ASSIGNED			SUCCESS	0.317	0	0
3ZP8	train			EXCLUDE_MULTI_RNA_CHAIN	EXCLUDE_MULTI_RNA_CHAIN	RNA_CHAIN_COUNT=2; required exactly 1	SAME_UNASSIGNED	NOT_ASSIGNED			SUCCESS	0.42	0	0
402D	train			EXCLUDE_MULTI_RNA_CHAIN	EXCLUDE_MULTI_RNA_CHAIN	RNA_CHAIN_COUNT=2; required exactly 1	SAME_UNASSIGNED	NOT_ASSIGNED			SUCCESS	1.092	0	0
405D	train			EXCLUDE_MULTI_RNA_CHAIN	EXCLUDE_MULTI_RNA_CHAIN	RNA_CHAIN_COUNT=2; required exactly 1	SAME_UNASSIGNED	NOT_ASSIGNED			SUCCESS	0.403	0	0
406D	train			EXCLUDE_MULTI_RNA_CHAIN	EXCLUDE_MULTI_RNA_CHAIN	RNA_CHAIN_COUNT=2; required exactly 1	SAME_UNASSIGNED	NOT_ASSIGNED			SUCCESS	0.43	0	0
409D	train			EXCLUDE_MULTI_RNA_CHAIN	EXCLUDE_MULTI_RNA_CHAIN	RNA_CHAIN_COUNT=6; required exactly 1	SAME_UNASSIGNED	NOT_ASSIGNED			SUCCESS	12.726	0	0
413D	train	train	train	KEPT	KEPT		SAME_SPLIT	PT_COMPLETE_BY_COUNT	200	0	SUCCESS	11.638	0	0
420D	train			EXCLUDE_MULTI_RNA_CHAIN	EXCLUDE_MULTI_RNA_CHAIN	RNA_CHAIN_COUNT=2; required exactly 1	SAME_UNASSIGNED	NOT_ASSIGNED			SUCCESS	0.449	0	0
422D	train			EXCLUDE_MULTI_RNA_CHAIN	EXCLUDE_MULTI_RNA_CHAIN	RNA_CHAIN_COUNT=2; required exactly 1	SAME_UNASSIGNED	NOT_ASSIGNED			SUCCESS	0.473	0	0
429D	train			EXCLUDE_MULTI_RNA_CHAIN	EXCLUDE_MULTI_RNA_CHAIN	RNA_CHAIN_COUNT=4; required exactly 1	SAME_UNASSIGNED	NOT_ASSIGNED			SUCCESS	13.479	0	0
430D	train	train	train	KEPT	KEPT		SAME_SPLIT	PT_COMPLETE_BY_COUNT	200	0	SUCCESS	1.27	0	0
433D	train			EXCLUDE_MULTI_RNA_CHAIN	EXCLUDE_MULTI_RNA_CHAIN	RNA_CHAIN_COUNT=2; required exactly 1	SAME_UNASSIGNED	NOT_ASSIGNED			SUCCESS	0.275	0	0
434D	train			EXCLUDE_MULTI_RNA_CHAIN	EXCLUDE_MULTI_RNA_CHAIN	RNA_CHAIN_COUNT=4; required exactly 1	SAME_UNASSIGNED	NOT_ASSIGNED			SUCCESS	4.866	0	0
435D	train			EXCLUDE_MULTI_RNA_CHAIN	EXCLUDE_MULTI_RNA_CHAIN	RNA_CHAIN_COUNT=4; required exactly 1	SAME_UNASSIGNED	NOT_ASSIGNED			SUCCESS	16.981	0	0
437D	train	train	train	KEPT	KEPT		SAME_SPLIT	PT_COMPLETE_BY_COUNT	200	0	SUCCESS	0.342	0	0
438D	train			EXCLUDE_MULTI_RNA_CHAIN	EXCLUDE_MULTI_RNA_CHAIN	RNA_CHAIN_COUNT=2; required exactly 1	SAME_UNASSIGNED	NOT_ASSIGNED			SUCCESS	0.25	0	0
439D	train			EXCLUDE_MULTI_RNA_CHAIN	EXCLUDE_MULTI_RNA_CHAIN	RNA_CHAIN_COUNT=2; required exactly 1	SAME_UNASSIGNED	NOT_ASSIGNED			SUCCESS	0.296	0	0
462D	train			EXCLUDE_MULTI_RNA_CHAIN	EXCLUDE_MULTI_RNA_CHAIN	RNA_CHAIN_COUNT=2; required exactly 1	SAME_UNASSIGNED	NOT_ASSIGNED			SUCCESS	22.009	0	0
464D	train			EXCLUDE_MULTI_RNA_CHAIN	EXCLUDE_MULTI_RNA_CHAIN	RNA_CHAIN_COUNT=4; required exactly 1	SAME_UNASSIGNED	NOT_ASSIGNED			SUCCESS	4.419	0	0
466D	train			EXCLUDE_MULTI_RNA_CHAIN	EXCLUDE_MULTI_RNA_CHAIN	RNA_CHAIN_COUNT=4; required exactly 1	SAME_UNASSIGNED	NOT_ASSIGNED			SUCCESS	18.085	0	0
468D	train			EXCLUDE_MULTI_RNA_CHAIN	EXCLUDE_MULTI_RNA_CHAIN	RNA_CHAIN_COUNT=2; required exactly 1	SAME_UNASSIGNED	NOT_ASSIGNED			SUCCESS	1.178	0	0
469D	train			EXCLUDE_MULTI_RNA_CHAIN	EXCLUDE_MULTI_RNA_CHAIN	RNA_CHAIN_COUNT=2; required exactly 1	SAME_UNASSIGNED	NOT_ASSIGNED			SUCCESS	1.201	0	0
470D	train			EXCLUDE_MULTI_RNA_CHAIN	EXCLUDE_MULTI_RNA_CHAIN	RNA_CHAIN_COUNT=2; required exactly 1	SAME_UNASSIGNED	NOT_ASSIGNED			SUCCESS	0.7	0	0
471D	train			EXCLUDE_MULTI_RNA_CHAIN	EXCLUDE_MULTI_RNA_CHAIN	RNA_CHAIN_COUNT=2; required exactly 1	SAME_UNASSIGNED	NOT_ASSIGNED			SUCCESS	0.788	0	0
472D	train			EXCLUDE_MULTI_RNA_CHAIN	EXCLUDE_MULTI_RNA_CHAIN	RNA_CHAIN_COUNT=2; required exactly 1	SAME_UNASSIGNED	NOT_ASSIGNED			SUCCESS	0.345	0	0
480D	train	train	train	KEPT	KEPT		SAME_SPLIT	PT_COMPLETE_BY_COUNT	200	0	SUCCESS	0.433	0	0
483D	train	train	train	KEPT	KEPT		SAME_SPLIT	PT_COMPLETE_BY_COUNT	200	0	SUCCESS	0.378	0	0
486D	train			EXCLUDE_MULTI_RNA_CHAIN	EXCLUDE_MULTI_RNA_CHAIN	RNA_CHAIN_COUNT=7; required exactly 1	SAME_UNASSIGNED	NOT_ASSIGNED			SUCCESS	2.494	0	0
488D	train			EXCLUDE_MULTI_RNA_CHAIN	EXCLUDE_MULTI_RNA_CHAIN	RNA_CHAIN_COUNT=4; required exactly 1	SAME_UNASSIGNED	NOT_ASSIGNED			missing_output		0	0
4A4R	train	train	train	KEPT	KEPT		SAME_SPLIT	PT_EXCLUDED_BY_POLICY	0	0	SUCCESS	2.963	0	0
4A4S	train	train	train	KEPT	KEPT		SAME_SPLIT	PT_COMPLETE_BY_COUNT	200	0	SUCCESS	3.136	0	0
4A4T	train	train	train	KEPT	KEPT		SAME_SPLIT	PT_COMPLETE_BY_COUNT	200	0	SUCCESS	2.932	0	0
4A4U	train	train	train	KEPT	KEPT		SAME_SPLIT	PT_COMPLETE_BY_COUNT	200	0	SUCCESS	2.951	0	0
4AOB	train	train	train	KEPT	KEPT		SAME_SPLIT	PT_COMPLETE_BY_COUNT	200	0	SUCCESS	0.466	0	0
4B5R	train	train	train	KEPT	KEPT		SAME_SPLIT	PT_COMPLETE_BY_COUNT	200	0	SUCCESS	1.079	0	0
4C40	train	train	train	KEPT	KEPT		SAME_SPLIT	PT_COMPLETE_BY_COUNT	200	0	SUCCESS	10.901	0	0
4C4Q	train		train	EXCLUDE_TRAIN_RMSD_CUTOFF	KEPT		ADDED_TRAIN	NOT_ASSIGNED			SUCCESS	35.918	0	0
4CS1	train	train	train	KEPT	KEPT		SAME_SPLIT	PT_COMPLETE_BY_COUNT	200	0	SUCCESS	10.884	0	0
4DS6	train	train	train	KEPT	KEPT		SAME_SPLIT	PT_COMPLETE_BY_COUNT	200	0	SUCCESS	1.233	0	0
4E48	train			EXCLUDE_MULTI_RNA_CHAIN	EXCLUDE_MULTI_RNA_CHAIN	RNA_CHAIN_COUNT=3; required exactly 1	SAME_UNASSIGNED	NOT_ASSIGNED			SUCCESS	26.449	0	0
4E58	train			EXCLUDE_MULTI_RNA_CHAIN	EXCLUDE_MULTI_RNA_CHAIN	RNA_CHAIN_COUNT=3; required exactly 1	SAME_UNASSIGNED	NOT_ASSIGNED			SUCCESS	1.615	0	0
4E59	train			EXCLUDE_MULTI_RNA_CHAIN	EXCLUDE_MULTI_RNA_CHAIN	RNA_CHAIN_COUNT=2; required exactly 1	SAME_UNASSIGNED	NOT_ASSIGNED			SUCCESS	7.233	0	0
4E5C	train			EXCLUDE_MULTI_RNA_CHAIN	EXCLUDE_MULTI_RNA_CHAIN	RNA_CHAIN_COUNT=2; required exactly 1	SAME_UNASSIGNED	NOT_ASSIGNED			SUCCESS	0.308	0	0
4E6B	train			EXCLUDE_MULTI_RNA_CHAIN	EXCLUDE_MULTI_RNA_CHAIN	RNA_CHAIN_COUNT=4; required exactly 1	SAME_UNASSIGNED	NOT_ASSIGNED			SUCCESS	0.572	0	0
4E8K	train			EXCLUDE_MULTI_RNA_CHAIN	EXCLUDE_MULTI_RNA_CHAIN	RNA_CHAIN_COUNT=2; required exactly 1	SAME_UNASSIGNED	NOT_ASSIGNED			SUCCESS	0.971	0	0
4E8M	train	train	train	KEPT	KEPT		SAME_SPLIT	PT_COMPLETE_BY_COUNT	200	0	SUCCESS	1.579	0	0
4E8N	train	train	train	KEPT	KEPT		SAME_SPLIT	PT_COMPLETE_BY_COUNT	200	0	SUCCESS	1.792	0	0
4E8P	train	train	train	KEPT	KEPT		SAME_SPLIT	PT_COMPLETE_BY_COUNT	200	0	SUCCESS	1.498	0	0
4E8Q	train	train	train	KEPT	KEPT		SAME_SPLIT	PT_COMPLETE_BY_COUNT	200	0	SUCCESS	1.658	0	0
4E8R	train	train	train	KEPT	KEPT		SAME_SPLIT	PT_COMPLETE_BY_COUNT	200	0	SUCCESS	1.402	0	0
4E8T	train			EXCLUDE_MULTI_RNA_CHAIN	EXCLUDE_MULTI_RNA_CHAIN	RNA_CHAIN_COUNT=2; required exactly 1	SAME_UNASSIGNED	NOT_ASSIGNED			SUCCESS	0.787	0	0
4E8V	train	train	train	KEPT	KEPT		SAME_SPLIT	PT_COMPLETE_BY_COUNT	200	0	SUCCESS	1.224	0	0
4EN5	train	train	train	KEPT	KEPT		SAME_SPLIT	PT_COMPLETE_BY_COUNT	200	0	SUCCESS	1.447	0	0
4ENA	train	train	train	KEPT	KEPT		SAME_SPLIT	PT_COMPLETE_BY_COUNT	200	0	SUCCESS	1.002	0	0
4ENB	train	train	train	KEPT	KEPT		SAME_SPLIT	PT_COMPLETE_BY_COUNT	200	0	SUCCESS	0.556	0	0
4ENC	train	train	train	KEPT	KEPT		SAME_SPLIT	PT_COMPLETE_BY_COUNT	200	0	SUCCESS	1.209	0	0
4ERJ	train	train	train	KEPT	KEPT		SAME_SPLIT	PT_COMPLETE_BY_COUNT	200	0	SUCCESS	0.617	0	0
4ERL	train	train	train	KEPT	KEPT		SAME_SPLIT	PT_COMPLETE_BY_COUNT	200	0	SUCCESS	0.507	0	0
4F8U	train			EXCLUDE_MULTI_RNA_CHAIN	EXCLUDE_MULTI_RNA_CHAIN	RNA_CHAIN_COUNT=2; required exactly 1	SAME_UNASSIGNED	NOT_ASSIGNED			SUCCESS	0.223	0	0
4F8V	train			EXCLUDE_MULTI_RNA_CHAIN	EXCLUDE_MULTI_RNA_CHAIN	RNA_CHAIN_COUNT=2; required exactly 1	SAME_UNASSIGNED	NOT_ASSIGNED			SUCCESS	0.57	0	0
4FAQ	train	train	train	KEPT	KEPT		SAME_SPLIT	PT_COMPLETE_BY_COUNT	200	0	SUCCESS	0.895	0	0
4FAR	train			EXCLUDE_MULTI_RNA_CHAIN	EXCLUDE_MULTI_RNA_CHAIN	RNA_CHAIN_COUNT=2; required exactly 1	SAME_UNASSIGNED	NOT_ASSIGNED			SUCCESS	0.791	0	0
4FAU	train	train	train	KEPT	KEPT		SAME_SPLIT	PT_COMPLETE_BY_COUNT	200	0	SUCCESS	1.259	0	0
4FAW	train			EXCLUDE_MULTI_RNA_CHAIN	EXCLUDE_MULTI_RNA_CHAIN	RNA_CHAIN_COUNT=2; required exactly 1	SAME_UNASSIGNED	NOT_ASSIGNED			missing_output		0	0
4FAX	train	train	train	KEPT	KEPT		SAME_SPLIT	PT_COMPLETE_BY_COUNT	200	0	SUCCESS	1.61	0	0
4FB0	train	train	train	KEPT	KEPT		SAME_SPLIT	PT_COMPLETE_BY_COUNT	200	0	SUCCESS	1.418	0	0
4FE5	train	train	train	KEPT	KEPT		SAME_SPLIT	PT_COMPLETE_BY_COUNT	200	0	SUCCESS	0.396	0	0
4FEJ	train	train	train	KEPT	KEPT		SAME_SPLIT	PT_COMPLETE_BY_COUNT	200	0	SUCCESS	0.295	0	0
4FEL	train	train	train	KEPT	KEPT		SAME_SPLIT	PT_COMPLETE_BY_COUNT	200	0	SUCCESS	0.242	0	0
4FEN	train	train	train	KEPT	KEPT		SAME_SPLIT	PT_COMPLETE_BY_COUNT	200	0	SUCCESS	0.232	0	0
4FEO	train	train	train	KEPT	KEPT		SAME_SPLIT	PT_COMPLETE_BY_COUNT	200	0	SUCCESS	0.337	0	0
4FEP	train	train	train	KEPT	KEPT		SAME_SPLIT	PT_COMPLETE_BY_COUNT	200	0	SUCCESS	0.213	0	0
4FNJ	train	train	train	KEPT	KEPT		SAME_SPLIT	PT_COMPLETE_BY_COUNT	200	0	SUCCESS	0.426	0	0
4FRG	train			EXCLUDE_MULTI_RNA_CHAIN	EXCLUDE_MULTI_RNA_CHAIN	RNA_CHAIN_COUNT=2; required exactly 1	SAME_UNASSIGNED	NOT_ASSIGNED			SUCCESS	34.538	0	0
4FRN	train			EXCLUDE_MULTI_RNA_CHAIN	EXCLUDE_MULTI_RNA_CHAIN	RNA_CHAIN_COUNT=2; required exactly 1	SAME_UNASSIGNED	NOT_ASSIGNED			SUCCESS	29.365	0	0
4G6P	train			EXCLUDE_MULTI_RNA_CHAIN	EXCLUDE_MULTI_RNA_CHAIN	RNA_CHAIN_COUNT=3; required exactly 1	SAME_UNASSIGNED	NOT_ASSIGNED			SUCCESS	0.238	0	0
4G6R	train			EXCLUDE_MULTI_RNA_CHAIN	EXCLUDE_MULTI_RNA_CHAIN	RNA_CHAIN_COUNT=4; required exactly 1	SAME_UNASSIGNED	NOT_ASSIGNED			SUCCESS	0.149	0	0
4G6S	train			EXCLUDE_MULTI_RNA_CHAIN	EXCLUDE_MULTI_RNA_CHAIN	RNA_CHAIN_COUNT=3; required exactly 1	SAME_UNASSIGNED	NOT_ASSIGNED			SUCCESS	0.301	0	0
4GMA	train	train	train	KEPT	KEPT		SAME_SPLIT	PT_COMPLETE_BY_COUNT	200	0	SUCCESS	3.129	0	0
4GPW	train			EXCLUDE_MULTI_RNA_CHAIN	EXCLUDE_MULTI_RNA_CHAIN	RNA_CHAIN_COUNT=2; required exactly 1	SAME_UNASSIGNED	NOT_ASSIGNED			SUCCESS	1.168	0	0
4GPX	train			EXCLUDE_MULTI_RNA_CHAIN	EXCLUDE_MULTI_RNA_CHAIN	RNA_CHAIN_COUNT=2; required exactly 1	SAME_UNASSIGNED	NOT_ASSIGNED			SUCCESS	1.004	0	0
4GPY	train			EXCLUDE_MULTI_RNA_CHAIN	EXCLUDE_MULTI_RNA_CHAIN	RNA_CHAIN_COUNT=2; required exactly 1	SAME_UNASSIGNED	NOT_ASSIGNED			SUCCESS	0.983	0	0
4GXY	train	train	train	KEPT	KEPT		SAME_SPLIT	PT_COMPLETE_BY_COUNT	200	0	SUCCESS	1.73	0	0
4IQS	train			EXCLUDE_MULTI_RNA_CHAIN	EXCLUDE_MULTI_RNA_CHAIN	RNA_CHAIN_COUNT=6; required exactly 1	SAME_UNASSIGNED	NOT_ASSIGNED			SUCCESS	15.906	0	0
4J50	train			EXCLUDE_MULTI_RNA_CHAIN	EXCLUDE_MULTI_RNA_CHAIN	RNA_CHAIN_COUNT=2; required exactly 1	SAME_UNASSIGNED	NOT_ASSIGNED			SUCCESS	0.506	0	0
4JAB	train			EXCLUDE_MULTI_RNA_CHAIN	EXCLUDE_MULTI_RNA_CHAIN	RNA_CHAIN_COUNT=2; required exactly 1	SAME_UNASSIGNED	NOT_ASSIGNED			SUCCESS	0.131	0	0
4JAH	train			EXCLUDE_MULTI_RNA_CHAIN	EXCLUDE_MULTI_RNA_CHAIN	RNA_CHAIN_COUNT=6; required exactly 1	SAME_UNASSIGNED	NOT_ASSIGNED			SUCCESS	0.676	0	0
4JF2	train	train	train	KEPT	KEPT		SAME_SPLIT	PT_COMPLETE_BY_COUNT	200	0	SUCCESS	0.537	0	0
4JIY	train		train	EXCLUDE_FROZEN_RMSD	KEPT		ADDED_TRAIN	NOT_ASSIGNED			missing_output		0	0
4JRC	train			EXCLUDE_MULTI_RNA_CHAIN	EXCLUDE_MULTI_RNA_CHAIN	RNA_CHAIN_COUNT=2; required exactly 1	SAME_UNASSIGNED	NOT_ASSIGNED			SUCCESS	26.436	0	0
4JRD	train			EXCLUDE_MULTI_RNA_CHAIN	EXCLUDE_MULTI_RNA_CHAIN	RNA_CHAIN_COUNT=2; required exactly 1	SAME_UNASSIGNED	NOT_ASSIGNED			SUCCESS	3.064	0	0
4JRT	train			EXCLUDE_MULTI_RNA_CHAIN	EXCLUDE_MULTI_RNA_CHAIN	RNA_CHAIN_COUNT=2; required exactly 1	SAME_UNASSIGNED	NOT_ASSIGNED			SUCCESS	0.098	0	0
4K27	train	train	train	KEPT	KEPT		SAME_SPLIT	PT_COMPLETE_BY_COUNT	200	0	SUCCESS	1.14	0	0
4K31	train			EXCLUDE_MULTI_RNA_CHAIN	EXCLUDE_MULTI_RNA_CHAIN	RNA_CHAIN_COUNT=2; required exactly 1	SAME_UNASSIGNED	NOT_ASSIGNED			SUCCESS	0.765	0	0
4K32	train			EXCLUDE_MULTI_RNA_CHAIN	EXCLUDE_MULTI_RNA_CHAIN	RNA_CHAIN_COUNT=2; required exactly 1	SAME_UNASSIGNED	NOT_ASSIGNED			SUCCESS	0.831	0	0
4KQY	train	train	train	KEPT	KEPT		SAME_SPLIT	PT_COMPLETE_BY_COUNT	200	0	SUCCESS	1.452	0	0
4KYY	train			EXCLUDE_MULTI_RNA_CHAIN	EXCLUDE_MULTI_RNA_CHAIN	RNA_CHAIN_COUNT=2; required exactly 1	SAME_UNASSIGNED	NOT_ASSIGNED			SUCCESS	0.283	0	0
4KZ2	train			EXCLUDE_MULTI_RNA_CHAIN	EXCLUDE_MULTI_RNA_CHAIN	RNA_CHAIN_COUNT=3; required exactly 1	SAME_UNASSIGNED	NOT_ASSIGNED			SUCCESS	0.302	0	0
4L81	train	train	train	KEPT	KEPT		SAME_SPLIT	PT_COMPLETE_BY_COUNT	200	0	SUCCESS	0.394	0	0
4LVV	train	train	train	KEPT	KEPT		SAME_SPLIT	PT_COMPLETE_BY_COUNT	200	0	SUCCESS	0.461	0	0
4LVW	train	train	train	KEPT	KEPT		SAME_SPLIT	PT_COMPLETE_BY_COUNT	200	0	SUCCESS	0.344	0	0
4LVX	train	train	train	KEPT	KEPT		SAME_SPLIT	PT_COMPLETE_BY_COUNT	200	0	SUCCESS	0.359	0	0
4LVY	train	train	train	KEPT	KEPT		SAME_SPLIT	PT_COMPLETE_BY_COUNT	200	0	SUCCESS	0.379	0	0
4LVZ	train	train	train	KEPT	KEPT		SAME_SPLIT	PT_COMPLETE_BY_COUNT	200	0	SUCCESS	0.43	0	0
4LW0	train	train	train	KEPT	KEPT		SAME_SPLIT	PT_COMPLETE_BY_COUNT	200	0	SUCCESS	0.346	0	0
4LX5	train	train	train	KEPT	KEPT		SAME_SPLIT	PT_COMPLETE_BY_COUNT	200	0	SUCCESS	0.579	0	0
4LX6	train	train	train	KEPT	KEPT		SAME_SPLIT	PT_COMPLETE_BY_COUNT	200	0	SUCCESS	0.352	0	0
4MCE	train			EXCLUDE_MULTI_RNA_CHAIN	EXCLUDE_MULTI_RNA_CHAIN	RNA_CHAIN_COUNT=4; required exactly 1	SAME_UNASSIGNED	NOT_ASSIGNED			SUCCESS	19.804	0	0
4MCF	train			EXCLUDE_MULTI_RNA_CHAIN	EXCLUDE_MULTI_RNA_CHAIN	RNA_CHAIN_COUNT=8; required exactly 1	SAME_UNASSIGNED	NOT_ASSIGNED			SUCCESS	21.646	0	0
4MEG	train			EXCLUDE_MULTI_RNA_CHAIN	EXCLUDE_MULTI_RNA_CHAIN	RNA_CHAIN_COUNT=2; required exactly 1	SAME_UNASSIGNED	NOT_ASSIGNED			SUCCESS	1.007	0	0
4MEH	train			EXCLUDE_MULTI_RNA_CHAIN	EXCLUDE_MULTI_RNA_CHAIN	RNA_CHAIN_COUNT=2; required exactly 1	SAME_UNASSIGNED	NOT_ASSIGNED			SUCCESS	1.21	0	0
4MGM	train			EXCLUDE_MULTI_RNA_CHAIN	EXCLUDE_MULTI_RNA_CHAIN	RNA_CHAIN_COUNT=2; required exactly 1	SAME_UNASSIGNED	NOT_ASSIGNED			SUCCESS	31.261	0	0
4MGN	train			EXCLUDE_MULTI_RNA_CHAIN	EXCLUDE_MULTI_RNA_CHAIN	RNA_CHAIN_COUNT=4; required exactly 1	SAME_UNASSIGNED	NOT_ASSIGNED			SUCCESS	29.319	0	0
4MS9	train	train	train	KEPT	KEPT		SAME_SPLIT	PT_COMPLETE_BY_COUNT	200	0	SUCCESS	6.589	0	0
4MSB	train			EXCLUDE_MULTI_RNA_CHAIN	EXCLUDE_MULTI_RNA_CHAIN	RNA_CHAIN_COUNT=6; required exactly 1	SAME_UNASSIGNED	NOT_ASSIGNED			SUCCESS	16.07	0	0
4MSR	train			EXCLUDE_MULTI_RNA_CHAIN	EXCLUDE_MULTI_RNA_CHAIN	RNA_CHAIN_COUNT=2; required exactly 1	SAME_UNASSIGNED	NOT_ASSIGNED			SUCCESS	1.833	0	0
4NFO	train			EXCLUDE_MULTI_RNA_CHAIN	EXCLUDE_MULTI_RNA_CHAIN	RNA_CHAIN_COUNT=3; required exactly 1	SAME_UNASSIGNED	NOT_ASSIGNED			SUCCESS	17.245	0	0
4NFP	train			EXCLUDE_MULTI_RNA_CHAIN	EXCLUDE_MULTI_RNA_CHAIN	RNA_CHAIN_COUNT=3; required exactly 1	SAME_UNASSIGNED	NOT_ASSIGNED			SUCCESS	12.868	0	0
4NFQ	train			EXCLUDE_MULTI_RNA_CHAIN	EXCLUDE_MULTI_RNA_CHAIN	RNA_CHAIN_COUNT=3; required exactly 1	SAME_UNASSIGNED	NOT_ASSIGNED			SUCCESS	18.09	0	0
4NLF	train	train	train	KEPT	KEPT		SAME_SPLIT	PT_EXCLUDED_BY_POLICY	0	0	SUCCESS	0.627	0	0
4NMG	train	train	train	KEPT	KEPT		SAME_SPLIT	PT_EXCLUDED_BY_POLICY	0	0	SUCCESS	0.887	0	0
4NXH	train	train	train	KEPT	KEPT		SAME_SPLIT	PT_EXCLUDED_BY_POLICY	0	0	SUCCESS	0.488	0	0
4NYA	train			EXCLUDE_MULTI_RNA_CHAIN	EXCLUDE_MULTI_RNA_CHAIN	RNA_CHAIN_COUNT=2; required exactly 1	SAME_UNASSIGNED	NOT_ASSIGNED			SUCCESS	27.625	0	0
4NYB	train	train	train	KEPT	KEPT		SAME_SPLIT	PT_COMPLETE_BY_COUNT	200	0	SUCCESS	2.471	0	0
4NYC	train	train	train	KEPT	KEPT		SAME_SPLIT	PT_COMPLETE_BY_COUNT	200	0	SUCCESS	2.361	0	0
4NYD	train	train	train	KEPT	KEPT		SAME_SPLIT	PT_COMPLETE_BY_COUNT	200	0	SUCCESS	2.355	0	0
4NYG	train	train	train	KEPT	KEPT		SAME_SPLIT	PT_COMPLETE_BY_COUNT	200	0	SUCCESS	2.261	0	0
4O41	train			EXCLUDE_MULTI_RNA_CHAIN	EXCLUDE_MULTI_RNA_CHAIN	RNA_CHAIN_COUNT=4; required exactly 1	SAME_UNASSIGNED	NOT_ASSIGNED			SUCCESS	12.0	0	0
4OJI	train	train	train	KEPT	KEPT		SAME_SPLIT	PT_COMPLETE_BY_COUNT	200	0	SUCCESS	1.38	0	0
4OQU	train	train	train	KEPT	KEPT		SAME_SPLIT	PT_COMPLETE_BY_COUNT	200	0	SUCCESS	0.552	0	0
4P20	train			EXCLUDE_MULTI_RNA_CHAIN	EXCLUDE_MULTI_RNA_CHAIN	RNA_CHAIN_COUNT=2; required exactly 1	SAME_UNASSIGNED	NOT_ASSIGNED			SUCCESS	0.727	0	0
4P3S	train			EXCLUDE_MULTI_RNA_CHAIN	EXCLUDE_MULTI_RNA_CHAIN	RNA_CHAIN_COUNT=2; required exactly 1	SAME_UNASSIGNED	NOT_ASSIGNED			SUCCESS	0.631	0	0
4P3T	train			EXCLUDE_MULTI_RNA_CHAIN	EXCLUDE_MULTI_RNA_CHAIN	RNA_CHAIN_COUNT=2; required exactly 1	SAME_UNASSIGNED	NOT_ASSIGNED			SUCCESS	1.413	0	0
4P3U	train			EXCLUDE_MULTI_RNA_CHAIN	EXCLUDE_MULTI_RNA_CHAIN	RNA_CHAIN_COUNT=4; required exactly 1	SAME_UNASSIGNED	NOT_ASSIGNED			SUCCESS	10.789	0	0
4P43	train			EXCLUDE_MULTI_RNA_CHAIN	EXCLUDE_MULTI_RNA_CHAIN	RNA_CHAIN_COUNT=2; required exactly 1	SAME_UNASSIGNED	NOT_ASSIGNED			SUCCESS	1.38	0	0
4P5J	train	train	train	KEPT	KEPT		SAME_SPLIT	PT_COMPLETE_BY_COUNT	200	0	SUCCESS	0.651	0	0
4P8Z	train	train	train	KEPT	KEPT		SAME_SPLIT	PT_COMPLETE_BY_COUNT	200	0	SUCCESS	2.406	0	0
4P97	train			EXCLUDE_MULTI_RNA_CHAIN	EXCLUDE_MULTI_RNA_CHAIN	RNA_CHAIN_COUNT=4; required exactly 1	SAME_UNASSIGNED	NOT_ASSIGNED			SUCCESS	24.704	0	0
4P9R	train	train	train	KEPT	KEPT		SAME_SPLIT	PT_COMPLETE_BY_COUNT	200	0	SUCCESS	1.284	0	0
4PCJ	train	train	train	KEPT	KEPT		SAME_SPLIT	PT_COMPLETE_BY_COUNT	200	0	SUCCESS	0.448	0	0
4PCO	train			EXCLUDE_MULTI_RNA_CHAIN	EXCLUDE_MULTI_RNA_CHAIN	RNA_CHAIN_COUNT=5; required exactly 1	SAME_UNASSIGNED	NOT_ASSIGNED			SUCCESS	8.816	0	0
4PDQ	train			EXCLUDE_MULTI_RNA_CHAIN	EXCLUDE_MULTI_RNA_CHAIN	RNA_CHAIN_COUNT=2; required exactly 1	SAME_UNASSIGNED	NOT_ASSIGNED			SUCCESS	1.3	0	0
4PHY	train			EXCLUDE_MULTI_RNA_CHAIN	EXCLUDE_MULTI_RNA_CHAIN	RNA_CHAIN_COUNT=2; required exactly 1	SAME_UNASSIGNED	NOT_ASSIGNED			SUCCESS	0.229	0	0
4PLX	train			EXCLUDE_MULTI_RNA_CHAIN	EXCLUDE_MULTI_RNA_CHAIN	RNA_CHAIN_COUNT=3; required exactly 1	SAME_UNASSIGNED	NOT_ASSIGNED			SUCCESS	35.098	0	0
4PQV	train	train	train	KEPT	KEPT		SAME_SPLIT	PT_COMPLETE_BY_COUNT	200	0	SUCCESS	12.744	0	0
4QJD	train			EXCLUDE_MULTI_RNA_CHAIN	EXCLUDE_MULTI_RNA_CHAIN	RNA_CHAIN_COUNT=8; required exactly 1	SAME_UNASSIGNED	NOT_ASSIGNED			SUCCESS	43.321	0	0
4QJH	train			EXCLUDE_MULTI_RNA_CHAIN	EXCLUDE_MULTI_RNA_CHAIN	RNA_CHAIN_COUNT=6; required exactly 1	SAME_UNASSIGNED	NOT_ASSIGNED			SUCCESS	31.833	0	0
4QK8	train	train	train	KEPT	KEPT		SAME_SPLIT	PT_EXCLUDED_BY_POLICY	0	0	SUCCESS	0.389	0	0
4QK9	train	train	train	KEPT	KEPT		SAME_SPLIT	PT_EXCLUDED_BY_POLICY	0	0	SUCCESS	1.412	0	0
4QKA	train	train	train	KEPT	KEPT		SAME_SPLIT	PT_EXCLUDED_BY_POLICY	0	0	SUCCESS	0.38	0	0
4QLM	train	train	train	KEPT	KEPT		SAME_SPLIT	PT_COMPLETE_BY_COUNT	200	0	SUCCESS	2.064	0	0
4QLN	train	train	train	KEPT	KEPT		SAME_SPLIT	PT_COMPLETE_BY_COUNT	200	0	SUCCESS	3.091	0	0
4R0D	train			EXCLUDE_MULTI_RNA_CHAIN	EXCLUDE_MULTI_RNA_CHAIN	RNA_CHAIN_COUNT=2; required exactly 1	SAME_UNASSIGNED	NOT_ASSIGNED			SUCCESS	5.706	0	0
4R4P	train	train	train	KEPT	KEPT		SAME_SPLIT	PT_COMPLETE_BY_COUNT	200	0	SUCCESS	5.305	0	0
4R4V	train	train	train	KEPT	KEPT		SAME_SPLIT	PT_COMPLETE_BY_COUNT	200	0	SUCCESS	5.497	0	0
4RBQ	train		train	EXCLUDE_TRAIN_RMSD_CUTOFF	KEPT		ADDED_TRAIN	NOT_ASSIGNED			SUCCESS	27.389	0	0
4RBY	train	train	train	KEPT	KEPT		SAME_SPLIT	PT_EXCLUDED_BY_POLICY	0	0	SUCCESS	9.478	0	0
4RBZ	train	train	train	KEPT	KEPT		SAME_SPLIT	PT_EXCLUDED_BY_POLICY	0	0	SUCCESS	9.701	0	0
4RC0	train	train	train	KEPT	KEPT		SAME_SPLIT	PT_EXCLUDED_BY_POLICY	0	0	SUCCESS	9.344	0	0
4RGE	train			EXCLUDE_MULTI_RNA_CHAIN	EXCLUDE_MULTI_RNA_CHAIN	RNA_CHAIN_COUNT=3; required exactly 1	SAME_UNASSIGNED	NOT_ASSIGNED			SUCCESS	20.619	0	0
4RGF	train			EXCLUDE_MULTI_RNA_CHAIN	EXCLUDE_MULTI_RNA_CHAIN	RNA_CHAIN_COUNT=3; required exactly 1	SAME_UNASSIGNED	NOT_ASSIGNED			SUCCESS	20.496	0	0
4RJ1	train			EXCLUDE_MULTI_RNA_CHAIN	EXCLUDE_MULTI_RNA_CHAIN	RNA_CHAIN_COUNT=2; required exactly 1	SAME_UNASSIGNED	NOT_ASSIGNED			SUCCESS	8.744	0	0
4RKV	train			EXCLUDE_MULTI_RNA_CHAIN	EXCLUDE_MULTI_RNA_CHAIN	RNA_CHAIN_COUNT=2; required exactly 1	SAME_UNASSIGNED	NOT_ASSIGNED			SUCCESS	8.975	0	0
4RNE	train			EXCLUDE_MULTI_RNA_CHAIN	EXCLUDE_MULTI_RNA_CHAIN	RNA_CHAIN_COUNT=8; required exactly 1	SAME_UNASSIGNED	NOT_ASSIGNED			SUCCESS	15.019	0	0
4RUM	train	train	train	KEPT	KEPT		SAME_SPLIT	PT_COMPLETE_BY_COUNT	200	0	SUCCESS	11.276	0	0
4RZD	train	train	train	KEPT	KEPT		SAME_SPLIT	PT_COMPLETE_BY_COUNT	200	0	SUCCESS	9.943	0	0
4TNA	train	train	train	KEPT	KEPT		SAME_SPLIT	PT_COMPLETE_BY_COUNT	200	0	SUCCESS	1.755	0	0
4TRA	train	train	train	KEPT	KEPT		SAME_SPLIT	PT_COMPLETE_BY_COUNT	200	0	SUCCESS	1.761	0	0
4TS0	train			EXCLUDE_MULTI_RNA_CHAIN	EXCLUDE_MULTI_RNA_CHAIN	RNA_CHAIN_COUNT=2; required exactly 1	SAME_UNASSIGNED	NOT_ASSIGNED			SUCCESS	0.594	0	0
4TS2	train			EXCLUDE_MULTI_RNA_CHAIN	EXCLUDE_MULTI_RNA_CHAIN	RNA_CHAIN_COUNT=2; required exactly 1	SAME_UNASSIGNED	NOT_ASSIGNED			SUCCESS	0.804	0	0
4TZX	train	train	train	KEPT	KEPT		SAME_SPLIT	PT_COMPLETE_BY_COUNT	200	0	SUCCESS	0.467	0	0
4TZY	train	train	train	KEPT	KEPT		SAME_SPLIT	PT_COMPLETE_BY_COUNT	200	0	SUCCESS	0.36	0	0
4U34	train			EXCLUDE_MULTI_RNA_CHAIN	EXCLUDE_MULTI_RNA_CHAIN	RNA_CHAIN_COUNT=2; required exactly 1	SAME_UNASSIGNED	NOT_ASSIGNED			SUCCESS	0.141	0	0
4U35	train			EXCLUDE_MULTI_RNA_CHAIN	EXCLUDE_MULTI_RNA_CHAIN	RNA_CHAIN_COUNT=2; required exactly 1	SAME_UNASSIGNED	NOT_ASSIGNED			SUCCESS	0.296	0	0
4U37	train			EXCLUDE_MULTI_RNA_CHAIN	EXCLUDE_MULTI_RNA_CHAIN	RNA_CHAIN_COUNT=2; required exactly 1	SAME_UNASSIGNED	NOT_ASSIGNED			SUCCESS	0.555	0	0
4U38	train			EXCLUDE_MULTI_RNA_CHAIN	EXCLUDE_MULTI_RNA_CHAIN	RNA_CHAIN_COUNT=8; required exactly 1	SAME_UNASSIGNED	NOT_ASSIGNED			SUCCESS	20.509	0	0
4U3L	train			EXCLUDE_MULTI_RNA_CHAIN	EXCLUDE_MULTI_RNA_CHAIN	RNA_CHAIN_COUNT=2; required exactly 1	SAME_UNASSIGNED	NOT_ASSIGNED			SUCCESS	0.53	0	0
4U3O	train			EXCLUDE_MULTI_RNA_CHAIN	EXCLUDE_MULTI_RNA_CHAIN	RNA_CHAIN_COUNT=2; required exactly 1	SAME_UNASSIGNED	NOT_ASSIGNED			SUCCESS	0.32	0	0
4U3P	train			EXCLUDE_MULTI_RNA_CHAIN	EXCLUDE_MULTI_RNA_CHAIN	RNA_CHAIN_COUNT=2; required exactly 1	SAME_UNASSIGNED	NOT_ASSIGNED			SUCCESS	0.432	0	0
4U3R	train			EXCLUDE_MULTI_RNA_CHAIN	EXCLUDE_MULTI_RNA_CHAIN	RNA_CHAIN_COUNT=2; required exactly 1	SAME_UNASSIGNED	NOT_ASSIGNED			SUCCESS	0.333	0	0
4U47	train			EXCLUDE_MULTI_RNA_CHAIN	EXCLUDE_MULTI_RNA_CHAIN	RNA_CHAIN_COUNT=2; required exactly 1	SAME_UNASSIGNED	NOT_ASSIGNED			SUCCESS	0.306	0	0
4U78	train			EXCLUDE_MULTI_RNA_CHAIN	EXCLUDE_MULTI_RNA_CHAIN	RNA_CHAIN_COUNT=2; required exactly 1	SAME_UNASSIGNED	NOT_ASSIGNED			SUCCESS	0.202	0	0
4WFL	train	train	train	KEPT	KEPT		SAME_SPLIT	PT_COMPLETE_BY_COUNT	200	0	SUCCESS	2.086	0	0
4WFM	train			EXCLUDE_MULTI_RNA_CHAIN	EXCLUDE_MULTI_RNA_CHAIN	RNA_CHAIN_COUNT=2; required exactly 1	SAME_UNASSIGNED	NOT_ASSIGNED			SUCCESS	21.729	0	0
4XK0	train			EXCLUDE_MULTI_RNA_CHAIN	EXCLUDE_MULTI_RNA_CHAIN	RNA_CHAIN_COUNT=2; required exactly 1	SAME_UNASSIGNED	NOT_ASSIGNED			SUCCESS	8.886	0	0
4XNR	train	train	train	KEPT	KEPT		SAME_SPLIT	PT_COMPLETE_BY_COUNT	200	0	SUCCESS	0.431	0	0
4XW0	train			EXCLUDE_MULTI_RNA_CHAIN	EXCLUDE_MULTI_RNA_CHAIN	RNA_CHAIN_COUNT=2; required exactly 1	SAME_UNASSIGNED	NOT_ASSIGNED			SUCCESS	0.292	0	0
4XW1	train	train	train	KEPT	KEPT		SAME_SPLIT	PT_COMPLETE_BY_COUNT	200	0	SUCCESS	3.108	0	0
4XW7	train	train	train	KEPT	KEPT		SAME_SPLIT	PT_COMPLETE_BY_COUNT	200	0	SUCCESS	0.51	0	0
4XWF	train	train	train	KEPT	KEPT		SAME_SPLIT	PT_COMPLETE_BY_COUNT	200	0	SUCCESS	0.452	0	0
4Y1I	train			EXCLUDE_MULTI_RNA_CHAIN	EXCLUDE_MULTI_RNA_CHAIN	RNA_CHAIN_COUNT=2; required exactly 1	SAME_UNASSIGNED	NOT_ASSIGNED			SUCCESS	26.63	0	0
4Y1J	train			EXCLUDE_MULTI_RNA_CHAIN	EXCLUDE_MULTI_RNA_CHAIN	RNA_CHAIN_COUNT=2; required exactly 1	SAME_UNASSIGNED	NOT_ASSIGNED			SUCCESS	26.415	0	0
4Y1M	train			EXCLUDE_MULTI_RNA_CHAIN	EXCLUDE_MULTI_RNA_CHAIN	RNA_CHAIN_COUNT=2; required exactly 1	SAME_UNASSIGNED	NOT_ASSIGNED			SUCCESS	19.065	0	0
4Y1N	train			EXCLUDE_MULTI_RNA_CHAIN	EXCLUDE_MULTI_RNA_CHAIN	RNA_CHAIN_COUNT=2; required exactly 1	SAME_UNASSIGNED	NOT_ASSIGNED			SUCCESS	32.61	0	0
4Y1O	train			EXCLUDE_MULTI_RNA_CHAIN	EXCLUDE_MULTI_RNA_CHAIN	RNA_CHAIN_COUNT=2; required exactly 1	SAME_UNASSIGNED	NOT_ASSIGNED			SUCCESS	36.11	0	0
4Y27	train	train	train	KEPT	KEPT		SAME_SPLIT	PT_COMPLETE_BY_COUNT	200	0	SUCCESS	0.489	0	0
4YAZ	train			EXCLUDE_MULTI_RNA_CHAIN	EXCLUDE_MULTI_RNA_CHAIN	RNA_CHAIN_COUNT=2; required exactly 1	SAME_UNASSIGNED	NOT_ASSIGNED			SUCCESS	26.665	0	0
4YB0	train			EXCLUDE_MULTI_RNA_CHAIN	EXCLUDE_MULTI_RNA_CHAIN	RNA_CHAIN_COUNT=2; required exactly 1	SAME_UNASSIGNED	NOT_ASSIGNED			SUCCESS	28.956	0	0
4YN6	train			EXCLUDE_MULTI_RNA_CHAIN	EXCLUDE_MULTI_RNA_CHAIN	RNA_CHAIN_COUNT=2; required exactly 1	SAME_UNASSIGNED	NOT_ASSIGNED			SUCCESS	0.376	0	0
4ZC7	train			EXCLUDE_MULTI_RNA_CHAIN	EXCLUDE_MULTI_RNA_CHAIN	RNA_CHAIN_COUNT=4; required exactly 1	SAME_UNASSIGNED	NOT_ASSIGNED			SUCCESS	21.528	0	0
4ZNP	train			EXCLUDE_MULTI_RNA_CHAIN	EXCLUDE_MULTI_RNA_CHAIN	RNA_CHAIN_COUNT=2; required exactly 1	SAME_UNASSIGNED	NOT_ASSIGNED			SUCCESS	18.786	0	0
5A17	train	train	train	KEPT	KEPT		SAME_SPLIT	PT_COMPLETE_BY_COUNT	200	0	SUCCESS	8.519	0	0
5A18	train	train	train	KEPT	KEPT		SAME_SPLIT	PT_COMPLETE_BY_COUNT	200	0	SUCCESS	8.4	0	0
5AY2	train			EXCLUDE_MULTI_RNA_CHAIN	EXCLUDE_MULTI_RNA_CHAIN	RNA_CHAIN_COUNT=4; required exactly 1	SAME_UNASSIGNED	NOT_ASSIGNED			SUCCESS	9.674	0	0
5AY3	train			EXCLUDE_MULTI_RNA_CHAIN	EXCLUDE_MULTI_RNA_CHAIN	RNA_CHAIN_COUNT=2; required exactly 1	SAME_UNASSIGNED	NOT_ASSIGNED			SUCCESS	0.582	0	0
5AY4	train			EXCLUDE_MULTI_RNA_CHAIN	EXCLUDE_MULTI_RNA_CHAIN	RNA_CHAIN_COUNT=2; required exactly 1	SAME_UNASSIGNED	NOT_ASSIGNED			SUCCESS	0.393	0	0
5BJO	train			EXCLUDE_MULTI_RNA_CHAIN	EXCLUDE_MULTI_RNA_CHAIN	RNA_CHAIN_COUNT=2; required exactly 1	SAME_UNASSIGNED	NOT_ASSIGNED			SUCCESS	15.232	0	0
5BJP	train			EXCLUDE_MULTI_RNA_CHAIN	EXCLUDE_MULTI_RNA_CHAIN	RNA_CHAIN_COUNT=2; required exactly 1	SAME_UNASSIGNED	NOT_ASSIGNED			SUCCESS	4.514	0	0
5BTM	train			EXCLUDE_MULTI_RNA_CHAIN	EXCLUDE_MULTI_RNA_CHAIN	RNA_CHAIN_COUNT=2; required exactly 1	SAME_UNASSIGNED	NOT_ASSIGNED			SUCCESS	11.362	0	0
5BTP	train			EXCLUDE_MULTI_RNA_CHAIN	EXCLUDE_MULTI_RNA_CHAIN	RNA_CHAIN_COUNT=2; required exactly 1	SAME_UNASSIGNED	NOT_ASSIGNED			SUCCESS	22.359	0	0
5C45	train			EXCLUDE_MULTI_RNA_CHAIN	EXCLUDE_MULTI_RNA_CHAIN	RNA_CHAIN_COUNT=2; required exactly 1	SAME_UNASSIGNED	NOT_ASSIGNED			SUCCESS	0.564	0	0
5C5W	train		train	EXCLUDE_TRAIN_RMSD_CUTOFF	KEPT		ADDED_TRAIN	NOT_ASSIGNED			SUCCESS	16.033	0	0
5C7U	train	train	train	KEPT	KEPT		SAME_SPLIT	PT_COMPLETE_BY_COUNT	200	0	SUCCESS	1.165	0	0
5C7W	train	train	train	KEPT	KEPT		SAME_SPLIT	PT_EXCLUDED_BY_POLICY	0	0	SUCCESS	0.344	0	0
5CNR	train			EXCLUDE_MULTI_RNA_CHAIN	EXCLUDE_MULTI_RNA_CHAIN	RNA_CHAIN_COUNT=4; required exactly 1	SAME_UNASSIGNED	NOT_ASSIGNED			SUCCESS	13.253	0	0
5D5L	train			EXCLUDE_MULTI_RNA_CHAIN	EXCLUDE_MULTI_RNA_CHAIN	RNA_CHAIN_COUNT=4; required exactly 1	SAME_UNASSIGNED	NOT_ASSIGNED			SUCCESS	20.134	0	0
5D8T	train			EXCLUDE_MULTI_RNA_CHAIN	EXCLUDE_MULTI_RNA_CHAIN	RNA_CHAIN_COUNT=2; required exactly 1	SAME_UNASSIGNED	NOT_ASSIGNED			SUCCESS	0.534	0	0
5D99	train	train	train	KEPT	KEPT		SAME_SPLIT	PT_COMPLETE_BY_COUNT	200	0	SUCCESS	0.262	0	0
5DA6	train		train	EXCLUDE_TRAIN_RMSD_CUTOFF	KEPT		ADDED_TRAIN	NOT_ASSIGNED			SUCCESS	27.592	0	0
5DER	train			EXCLUDE_MULTI_RNA_CHAIN	EXCLUDE_MULTI_RNA_CHAIN	RNA_CHAIN_COUNT=4; required exactly 1	SAME_UNASSIGNED	NOT_ASSIGNED			SUCCESS	9.147	0	0
5DH7	train			EXCLUDE_MULTI_RNA_CHAIN	EXCLUDE_MULTI_RNA_CHAIN	RNA_CHAIN_COUNT=2; required exactly 1	SAME_UNASSIGNED	NOT_ASSIGNED			SUCCESS	0.857	0	0
5DHB	train			EXCLUDE_MULTI_RNA_CHAIN	EXCLUDE_MULTI_RNA_CHAIN	RNA_CHAIN_COUNT=4; required exactly 1	SAME_UNASSIGNED	NOT_ASSIGNED			SUCCESS	0.939	0	0
5DHC	train			EXCLUDE_MULTI_RNA_CHAIN	EXCLUDE_MULTI_RNA_CHAIN	RNA_CHAIN_COUNT=4; required exactly 1	SAME_UNASSIGNED	NOT_ASSIGNED			SUCCESS	20.261	0	0
5DO5	train	train	train	KEPT	KEPT		SAME_SPLIT	PT_EXCLUDED_BY_POLICY	0	0	SUCCESS	9.333	0	0
5DUN	train	train	train	KEPT	KEPT		SAME_SPLIT	PT_COMPLETE_BY_COUNT	200	0	SUCCESS	1.274	0	0
5E54	train			EXCLUDE_MULTI_RNA_CHAIN	EXCLUDE_MULTI_RNA_CHAIN	RNA_CHAIN_COUNT=2; required exactly 1	SAME_UNASSIGNED	NOT_ASSIGNED			SUCCESS	19.686	0	0
5EAO	train			EXCLUDE_MULTI_RNA_CHAIN	EXCLUDE_MULTI_RNA_CHAIN	RNA_CHAIN_COUNT=2; required exactly 1	SAME_UNASSIGNED	NOT_ASSIGNED			SUCCESS	1.367	0	0
5EAQ	train			EXCLUDE_MULTI_RNA_CHAIN	EXCLUDE_MULTI_RNA_CHAIN	RNA_CHAIN_COUNT=2; required exactly 1	SAME_UNASSIGNED	NOT_ASSIGNED			SUCCESS	0.693	0	0
5EW4	train			EXCLUDE_MULTI_RNA_CHAIN	EXCLUDE_MULTI_RNA_CHAIN	RNA_CHAIN_COUNT=2; required exactly 1	SAME_UNASSIGNED	NOT_ASSIGNED			SUCCESS	0.571	0	0
5EW7	train			EXCLUDE_MULTI_RNA_CHAIN	EXCLUDE_MULTI_RNA_CHAIN	RNA_CHAIN_COUNT=2; required exactly 1	SAME_UNASSIGNED	NOT_ASSIGNED			SUCCESS	0.587	0	0
5FJ0	train			EXCLUDE_MULTI_RNA_CHAIN	EXCLUDE_MULTI_RNA_CHAIN	RNA_CHAIN_COUNT=3; required exactly 1	SAME_UNASSIGNED	NOT_ASSIGNED			SUCCESS	19.647	0	0
5FJ1	train			EXCLUDE_MULTI_RNA_CHAIN	EXCLUDE_MULTI_RNA_CHAIN	RNA_CHAIN_COUNT=8; required exactly 1	SAME_UNASSIGNED	NOT_ASSIGNED			SUCCESS	22.481	0	0
5FJC	train	train	train	KEPT	KEPT		SAME_SPLIT	PT_COMPLETE_BY_COUNT	200	0	SUCCESS	0.979	0	0
5FK1	train	train	train	KEPT	KEPT		SAME_SPLIT	PT_COMPLETE_BY_COUNT	200	0	SUCCESS	0.364	0	0
5FK2	train	train	train	KEPT	KEPT		SAME_SPLIT	PT_COMPLETE_BY_COUNT	200	0	SUCCESS	0.373	0	0
5FK3	train	train	train	KEPT	KEPT		SAME_SPLIT	PT_COMPLETE_BY_COUNT	200	0	SUCCESS	0.448	0	0
5FK4	train	train	train	KEPT	KEPT		SAME_SPLIT	PT_COMPLETE_BY_COUNT	200	0	SUCCESS	1.215	0	0
5FK5	train	train	train	KEPT	KEPT		SAME_SPLIT	PT_COMPLETE_BY_COUNT	200	0	SUCCESS	0.589	0	0
5FK6	train	train	train	KEPT	KEPT		SAME_SPLIT	PT_COMPLETE_BY_COUNT	200	0	SUCCESS	0.534	0	0
5FKD	train	train	train	KEPT	KEPT		SAME_SPLIT	PT_COMPLETE_BY_COUNT	200	0	SUCCESS	0.527	0	0
5FKE	train	train	train	KEPT	KEPT		SAME_SPLIT	PT_COMPLETE_BY_COUNT	200	0	SUCCESS	0.528	0	0
5FKF	train	train	train	KEPT	KEPT		SAME_SPLIT	PT_COMPLETE_BY_COUNT	200	0	SUCCESS	0.488	0	0
5FKG	train	train	train	KEPT	KEPT		SAME_SPLIT	PT_COMPLETE_BY_COUNT	200	0	SUCCESS	0.498	0	0
5FKH	train	train	train	KEPT	KEPT		SAME_SPLIT	PT_COMPLETE_BY_COUNT	200	0	SUCCESS	0.414	0	0
5G2Y	train		train	EXCLUDE_TRAIN_RMSD_CUTOFF	KEPT		ADDED_TRAIN	NOT_ASSIGNED			SUCCESS	35.854	0	0
5G4T	train			EXCLUDE_MULTI_RNA_CHAIN	EXCLUDE_MULTI_RNA_CHAIN	RNA_CHAIN_COUNT=2; required exactly 1	SAME_UNASSIGNED	NOT_ASSIGNED			SUCCESS	0.139	0	0
5HBW	train			EXCLUDE_MULTI_RNA_CHAIN	EXCLUDE_MULTI_RNA_CHAIN	RNA_CHAIN_COUNT=2; required exactly 1	SAME_UNASSIGNED	NOT_ASSIGNED			SUCCESS	0.442	0	0
5HBX	train			EXCLUDE_MULTI_RNA_CHAIN	EXCLUDE_MULTI_RNA_CHAIN	RNA_CHAIN_COUNT=4; required exactly 1	SAME_UNASSIGNED	NOT_ASSIGNED			SUCCESS	19.388	0	0
5HBY	train	train	train	KEPT	KEPT		SAME_SPLIT	PT_EXCLUDED_BY_POLICY	0	0	SUCCESS	10.486	0	0
5HN2	train			EXCLUDE_MULTI_RNA_CHAIN	EXCLUDE_MULTI_RNA_CHAIN	RNA_CHAIN_COUNT=6; required exactly 1	SAME_UNASSIGNED	NOT_ASSIGNED			SUCCESS	17.352	0	0
5HNJ	train			EXCLUDE_MULTI_RNA_CHAIN	EXCLUDE_MULTI_RNA_CHAIN	RNA_CHAIN_COUNT=6; required exactly 1	SAME_UNASSIGNED	NOT_ASSIGNED			SUCCESS	13.969	0	0
5HNQ	train			EXCLUDE_MULTI_RNA_CHAIN	EXCLUDE_MULTI_RNA_CHAIN	RNA_CHAIN_COUNT=13; required exactly 1	SAME_UNASSIGNED	NOT_ASSIGNED			SUCCESS	22.428	0	0
5IEM	train	train	train	KEPT	KEPT		SAME_SPLIT	PT_COMPLETE_BY_COUNT	200	0	SUCCESS	7.805	0	0
5J01	train	train	train	KEPT	KEPT		SAME_SPLIT	PT_COMPLETE_BY_COUNT	200	0	SUCCESS	7.34	0	0
5J02	train			EXCLUDE_MULTI_RNA_CHAIN	EXCLUDE_MULTI_RNA_CHAIN	RNA_CHAIN_COUNT=2; required exactly 1	SAME_UNASSIGNED	NOT_ASSIGNED			SUCCESS	7.277	0	0
5K8H	train		train	EXCLUDE_FROZEN_RMSD	KEPT		ADDED_TRAIN	NOT_ASSIGNED			missing_output		0	0
5KH8	train	train	train	KEPT	KEPT		SAME_SPLIT	PT_COMPLETE_BY_COUNT	200	0	SUCCESS	10.999	0	0
5KMZ	train	train	train	KEPT	KEPT		SAME_SPLIT	PT_COMPLETE_BY_COUNT	200	0	SUCCESS	2.56	0	0
5KPY	train	train	train	KEPT	KEPT		SAME_SPLIT	PT_COMPLETE_BY_COUNT	200	0	SUCCESS	5.951	0	0
5KQE	train	train	train	KEPT	KEPT		SAME_SPLIT	PT_COMPLETE_BY_COUNT	200	0	SUCCESS	9.882	0	0
5KRG	train			EXCLUDE_MULTI_RNA_CHAIN	EXCLUDE_MULTI_RNA_CHAIN	RNA_CHAIN_COUNT=4; required exactly 1	SAME_UNASSIGNED	NOT_ASSIGNED			SUCCESS	1.381	0	0
5KTJ	train			EXCLUDE_MULTI_RNA_CHAIN	EXCLUDE_MULTI_RNA_CHAIN	RNA_CHAIN_COUNT=4; required exactly 1	SAME_UNASSIGNED	NOT_ASSIGNED			SUCCESS	22.461	0	0
5KVJ	train			EXCLUDE_MULTI_RNA_CHAIN	EXCLUDE_MULTI_RNA_CHAIN	RNA_CHAIN_COUNT=2; required exactly 1	SAME_UNASSIGNED	NOT_ASSIGNED			SUCCESS	0.247	0	0
5KX9	train			EXCLUDE_MULTI_RNA_CHAIN	EXCLUDE_MULTI_RNA_CHAIN	RNA_CHAIN_COUNT=2; required exactly 1	SAME_UNASSIGNED	NOT_ASSIGNED			SUCCESS	0.506	0	0
5L00	train			EXCLUDE_MULTI_RNA_CHAIN	EXCLUDE_MULTI_RNA_CHAIN	RNA_CHAIN_COUNT=4; required exactly 1	SAME_UNASSIGNED	NOT_ASSIGNED			SUCCESS	2.891	0	0
5L4O	train	train	train	KEPT	KEPT		SAME_SPLIT	PT_COMPLETE_BY_COUNT	200	0	SUCCESS	1.04	0	0
5LQO	train			EXCLUDE_MULTI_RNA_CHAIN	EXCLUDE_MULTI_RNA_CHAIN	RNA_CHAIN_COUNT=2; required exactly 1	SAME_UNASSIGNED	NOT_ASSIGNED			SUCCESS	0.213	0	0
5LQT	train			EXCLUDE_MULTI_RNA_CHAIN	EXCLUDE_MULTI_RNA_CHAIN	RNA_CHAIN_COUNT=2; required exactly 1	SAME_UNASSIGNED	NOT_ASSIGNED			SUCCESS	0.22	0	0
5LR3	train			EXCLUDE_MULTI_RNA_CHAIN	EXCLUDE_MULTI_RNA_CHAIN	RNA_CHAIN_COUNT=2; required exactly 1	SAME_UNASSIGNED	NOT_ASSIGNED			SUCCESS	0.342	0	0
5LR4	train			EXCLUDE_MULTI_RNA_CHAIN	EXCLUDE_MULTI_RNA_CHAIN	RNA_CHAIN_COUNT=4; required exactly 1	SAME_UNASSIGNED	NOT_ASSIGNED			SUCCESS	9.052	0	0
5LR5	train			EXCLUDE_MULTI_RNA_CHAIN	EXCLUDE_MULTI_RNA_CHAIN	RNA_CHAIN_COUNT=4; required exactly 1	SAME_UNASSIGNED	NOT_ASSIGNED			SUCCESS	9.963	0	0
5LSN	train	train	train	KEPT	KEPT		SAME_SPLIT	PT_COMPLETE_BY_COUNT	200	0	SUCCESS	4.003	0	0
5LWJ	train	train	train	KEPT	KEPT		SAME_SPLIT	PT_COMPLETE_BY_COUNT	200	0	SUCCESS	3.439	0	0
5LYS	train			EXCLUDE_MULTI_RNA_CHAIN	EXCLUDE_MULTI_RNA_CHAIN	RNA_CHAIN_COUNT=2; required exactly 1	SAME_UNASSIGNED	NOT_ASSIGNED			SUCCESS	21.415	0	0
5LYU	train			EXCLUDE_MULTI_RNA_CHAIN	EXCLUDE_MULTI_RNA_CHAIN	RNA_CHAIN_COUNT=2; required exactly 1	SAME_UNASSIGNED	NOT_ASSIGNED			SUCCESS	27.175	0	0
5LYV	train			EXCLUDE_MULTI_RNA_CHAIN	EXCLUDE_MULTI_RNA_CHAIN	RNA_CHAIN_COUNT=2; required exactly 1	SAME_UNASSIGNED	NOT_ASSIGNED			SUCCESS	28.217	0	0
5M0H	train	train	train	KEPT	KEPT		SAME_SPLIT	PT_COMPLETE_BY_COUNT	200	0	SUCCESS	0.85	0	0
5ML7	train			EXCLUDE_MULTI_RNA_CHAIN	EXCLUDE_MULTI_RNA_CHAIN	RNA_CHAIN_COUNT=2; required exactly 1	SAME_UNASSIGNED	NOT_ASSIGNED			SUCCESS	24.689	0	0
5MRX	train	train	train	KEPT	KEPT		SAME_SPLIT	PT_EXCLUDED_BY_POLICY	0	0	SUCCESS	0.367	0	0
5MWI	train		train	EXCLUDE_TRAIN_RMSD_CUTOFF	KEPT		ADDED_TRAIN	NOT_ASSIGNED			SUCCESS	21.422	0	0
5N5C	train	train	train	KEPT	KEPT		SAME_SPLIT	PT_COMPLETE_BY_COUNT	200	0	SUCCESS	1.85	0	0
5NDH	train			EXCLUDE_MULTI_RNA_CHAIN	EXCLUDE_MULTI_RNA_CHAIN	RNA_CHAIN_COUNT=4; required exactly 1	SAME_UNASSIGNED	NOT_ASSIGNED			SUCCESS	4.384	0	0
5NDI	train			EXCLUDE_MULTI_RNA_CHAIN	EXCLUDE_MULTI_RNA_CHAIN	RNA_CHAIN_COUNT=4; required exactly 1	SAME_UNASSIGNED	NOT_ASSIGNED			SUCCESS	14.568	0	0
5NEF	train	train	train	KEPT	KEPT		SAME_SPLIT	PT_COMPLETE_BY_COUNT	200	0	SUCCESS	0.132	0	0
5NEO	train	train	train	KEPT	KEPT		SAME_SPLIT	PT_COMPLETE_BY_COUNT	200	0	SUCCESS	0.388	0	0
5NEP	train	train	train	KEPT	KEPT		SAME_SPLIT	PT_COMPLETE_BY_COUNT	200	0	SUCCESS	0.107	0	0
5NEQ	train	train	train	KEPT	KEPT		SAME_SPLIT	PT_COMPLETE_BY_COUNT	200	0	SUCCESS	0.291	0	0
5NEX	train	train	train	KEPT	KEPT		SAME_SPLIT	PT_COMPLETE_BY_COUNT	200	0	SUCCESS	0.197	0	0
5NOM	train	train	train	KEPT	KEPT		SAME_SPLIT	PT_COMPLETE_BY_COUNT	200	0	SUCCESS	0.176	0	0
5NQI	train	train	train	KEPT	KEPT		SAME_SPLIT	PT_EXCLUDED_BY_POLICY	0	0	SUCCESS	0.322	0	0
5NWQ	train			EXCLUDE_MULTI_RNA_CHAIN	EXCLUDE_MULTI_RNA_CHAIN	RNA_CHAIN_COUNT=2; required exactly 1	SAME_UNASSIGNED	NOT_ASSIGNED			SUCCESS	12.029	0	0
5NXT	train		train	EXCLUDE_TRAIN_RMSD_CUTOFF	KEPT		ADDED_TRAIN	NOT_ASSIGNED			SUCCESS	16.369	0	0
5NY8	train			EXCLUDE_MULTI_RNA_CHAIN	EXCLUDE_MULTI_RNA_CHAIN	RNA_CHAIN_COUNT=2; required exactly 1	SAME_UNASSIGNED	NOT_ASSIGNED			SUCCESS	17.743	0	0
5NZ3	train			EXCLUDE_MULTI_RNA_CHAIN	EXCLUDE_MULTI_RNA_CHAIN	RNA_CHAIN_COUNT=2; required exactly 1	SAME_UNASSIGNED	NOT_ASSIGNED			SUCCESS	11.449	0	0
5NZ6	train	train	train	KEPT	KEPT		SAME_SPLIT	PT_COMPLETE_BY_COUNT	200	0	SUCCESS	0.451	0	0
5NZD	train			EXCLUDE_MULTI_RNA_CHAIN	EXCLUDE_MULTI_RNA_CHAIN	RNA_CHAIN_COUNT=2; required exactly 1	SAME_UNASSIGNED	NOT_ASSIGNED			SUCCESS	22.915	0	0
5O62	train			EXCLUDE_MULTI_RNA_CHAIN	EXCLUDE_MULTI_RNA_CHAIN	RNA_CHAIN_COUNT=2; required exactly 1	SAME_UNASSIGNED	NOT_ASSIGNED			SUCCESS	10.902	0	0
5O69	train			EXCLUDE_MULTI_RNA_CHAIN	EXCLUDE_MULTI_RNA_CHAIN	RNA_CHAIN_COUNT=2; required exactly 1	SAME_UNASSIGNED	NOT_ASSIGNED			SUCCESS	13.648	0	0
5OB3	train	train	train	KEPT	KEPT		SAME_SPLIT	PT_COMPLETE_BY_COUNT	200	0	SUCCESS	0.329	0	0
5OR0	train			EXCLUDE_MULTI_RNA_CHAIN	EXCLUDE_MULTI_RNA_CHAIN	RNA_CHAIN_COUNT=2; required exactly 1	SAME_UNASSIGNED	NOT_ASSIGNED			SUCCESS	4.433	0	0
5SWD	train			EXCLUDE_MULTI_RNA_CHAIN	EXCLUDE_MULTI_RNA_CHAIN	RNA_CHAIN_COUNT=2; required exactly 1	SAME_UNASSIGNED	NOT_ASSIGNED			SUCCESS	21.175	0	0
5SWE	train	train	train	KEPT	KEPT		SAME_SPLIT	PT_COMPLETE_BY_COUNT	200	0	SUCCESS	0.552	0	0
5T3K	train			EXCLUDE_MULTI_RNA_CHAIN	EXCLUDE_MULTI_RNA_CHAIN	RNA_CHAIN_COUNT=4; required exactly 1	SAME_UNASSIGNED	NOT_ASSIGNED			SUCCESS	19.933	0	0
5T83	train	train	train	KEPT	KEPT		SAME_SPLIT	PT_COMPLETE_BY_COUNT	200	0	SUCCESS	0.658	0	0
5TDJ	train			EXCLUDE_MULTI_RNA_CHAIN	EXCLUDE_MULTI_RNA_CHAIN	RNA_CHAIN_COUNT=2; required exactly 1	SAME_UNASSIGNED	NOT_ASSIGNED			SUCCESS	15.658	0	0
5TDK	train			EXCLUDE_MULTI_RNA_CHAIN	EXCLUDE_MULTI_RNA_CHAIN	RNA_CHAIN_COUNT=2; required exactly 1	SAME_UNASSIGNED	NOT_ASSIGNED			SUCCESS	1.642	0	0
5TGP	train			EXCLUDE_MULTI_RNA_CHAIN	EXCLUDE_MULTI_RNA_CHAIN	RNA_CHAIN_COUNT=2; required exactly 1	SAME_UNASSIGNED	NOT_ASSIGNED					0	0
5TKO	train			EXCLUDE_MULTI_RNA_CHAIN	EXCLUDE_MULTI_RNA_CHAIN	RNA_CHAIN_COUNT=4; required exactly 1	SAME_UNASSIGNED	NOT_ASSIGNED			SUCCESS	14.793	0	0
5TPY	train	train	train	KEPT	KEPT		SAME_SPLIT	PT_COMPLETE_BY_COUNT	200	0	SUCCESS	2.294	0	0
5U3G	train	train	train	KEPT	KEPT		SAME_SPLIT	PT_COMPLETE_BY_COUNT	200	0	SUCCESS	0.633	0	0
5UED	train			EXCLUDE_MULTI_RNA_CHAIN	EXCLUDE_MULTI_RNA_CHAIN	RNA_CHAIN_COUNT=2; required exactly 1	SAME_UNASSIGNED	NOT_ASSIGNED			SUCCESS	0.584	0	0
5UEE	train			EXCLUDE_MULTI_RNA_CHAIN	EXCLUDE_MULTI_RNA_CHAIN	RNA_CHAIN_COUNT=2; required exactly 1	SAME_UNASSIGNED	NOT_ASSIGNED			SUCCESS	0.336	0	0
5UEF	train			EXCLUDE_MULTI_RNA_CHAIN	EXCLUDE_MULTI_RNA_CHAIN	RNA_CHAIN_COUNT=4; required exactly 1	SAME_UNASSIGNED	NOT_ASSIGNED			SUCCESS	0.338	0	0
5UEG	train			EXCLUDE_MULTI_RNA_CHAIN	EXCLUDE_MULTI_RNA_CHAIN	RNA_CHAIN_COUNT=4; required exactly 1	SAME_UNASSIGNED	NOT_ASSIGNED			SUCCESS	2.161	0	0
5UF3	train	train	train	KEPT	KEPT		SAME_SPLIT	PT_COMPLETE_BY_COUNT	200	0	SUCCESS	3.688	0	0
5UNE	train			EXCLUDE_MULTI_RNA_CHAIN	EXCLUDE_MULTI_RNA_CHAIN	RNA_CHAIN_COUNT=2; required exactly 1	SAME_UNASSIGNED	NOT_ASSIGNED			SUCCESS	0.936	0	0
5UX3	train			EXCLUDE_MULTI_RNA_CHAIN	EXCLUDE_MULTI_RNA_CHAIN	RNA_CHAIN_COUNT=2; required exactly 1	SAME_UNASSIGNED	NOT_ASSIGNED			SUCCESS	0.259	0	0
5UZ6	train			EXCLUDE_MULTI_RNA_CHAIN	EXCLUDE_MULTI_RNA_CHAIN	RNA_CHAIN_COUNT=6; required exactly 1	SAME_UNASSIGNED	NOT_ASSIGNED			SUCCESS	23.109	0	0
5UZA	train	train	train	KEPT	KEPT		SAME_SPLIT	PT_COMPLETE_BY_COUNT	200	0	SUCCESS	0.419	0	0
5UZT	train	train	train	KEPT	KEPT		SAME_SPLIT	PT_COMPLETE_BY_COUNT	200	0	SUCCESS	6.178	0	0
5V0H	train			EXCLUDE_MULTI_RNA_CHAIN	EXCLUDE_MULTI_RNA_CHAIN	RNA_CHAIN_COUNT=2; required exactly 1	SAME_UNASSIGNED	NOT_ASSIGNED			SUCCESS	0.474	0	0
5V0J	train			EXCLUDE_MULTI_RNA_CHAIN	EXCLUDE_MULTI_RNA_CHAIN	RNA_CHAIN_COUNT=2; required exactly 1	SAME_UNASSIGNED	NOT_ASSIGNED			SUCCESS	0.352	0	0
5V0K	train	train	train	KEPT	KEPT		SAME_SPLIT	PT_EXCLUDED_BY_POLICY	0	0	SUCCESS	10.982	0	0
5V0O	train			EXCLUDE_MULTI_RNA_CHAIN	EXCLUDE_MULTI_RNA_CHAIN	RNA_CHAIN_COUNT=2; required exactly 1	SAME_UNASSIGNED	NOT_ASSIGNED			SUCCESS	0.487	0	0
5V16	train	train	train	KEPT	KEPT		SAME_SPLIT	PT_COMPLETE_BY_COUNT	200	0	SUCCESS	11.306	0	0
5V17	train	train	train	KEPT	KEPT		SAME_SPLIT	PT_COMPLETE_BY_COUNT	200	0	SUCCESS	8.968	0	0
5V1K	train			EXCLUDE_MULTI_RNA_CHAIN	EXCLUDE_MULTI_RNA_CHAIN	RNA_CHAIN_COUNT=2; required exactly 1	SAME_UNASSIGNED	NOT_ASSIGNED			SUCCESS	1.139	0	0
5V1L	train			EXCLUDE_MULTI_RNA_CHAIN	EXCLUDE_MULTI_RNA_CHAIN	RNA_CHAIN_COUNT=4; required exactly 1	SAME_UNASSIGNED	NOT_ASSIGNED			SUCCESS	14.799	0	0
5V2H	train			EXCLUDE_MULTI_RNA_CHAIN	EXCLUDE_MULTI_RNA_CHAIN	RNA_CHAIN_COUNT=4; required exactly 1	SAME_UNASSIGNED	NOT_ASSIGNED			SUCCESS	1.346	0	0
5V2R	train			EXCLUDE_MULTI_RNA_CHAIN	EXCLUDE_MULTI_RNA_CHAIN	RNA_CHAIN_COUNT=2; required exactly 1	SAME_UNASSIGNED	NOT_ASSIGNED			SUCCESS	6.863	0	0
5V3F	train			EXCLUDE_MULTI_RNA_CHAIN	EXCLUDE_MULTI_RNA_CHAIN	RNA_CHAIN_COUNT=2; required exactly 1	SAME_UNASSIGNED	NOT_ASSIGNED			SUCCESS	0.644	0	0
5V3I	train	train	train	KEPT	KEPT		SAME_SPLIT	PT_COMPLETE_BY_COUNT	200	0	SUCCESS	5.334	0	0
5V9Z	train			EXCLUDE_MULTI_RNA_CHAIN	EXCLUDE_MULTI_RNA_CHAIN	RNA_CHAIN_COUNT=2; required exactly 1	SAME_UNASSIGNED	NOT_ASSIGNED			SUCCESS	0.389	0	0
5VCF	train			EXCLUDE_MULTI_RNA_CHAIN	EXCLUDE_MULTI_RNA_CHAIN	RNA_CHAIN_COUNT=2; required exactly 1	SAME_UNASSIGNED	NOT_ASSIGNED			SUCCESS	0.282	0	0
5VCI	train			EXCLUDE_MULTI_RNA_CHAIN	EXCLUDE_MULTI_RNA_CHAIN	RNA_CHAIN_COUNT=2; required exactly 1	SAME_UNASSIGNED	NOT_ASSIGNED			SUCCESS	0.282	0	0
5VGW	train			EXCLUDE_MULTI_RNA_CHAIN	EXCLUDE_MULTI_RNA_CHAIN	RNA_CHAIN_COUNT=2; required exactly 1	SAME_UNASSIGNED	NOT_ASSIGNED			SUCCESS	0.315	0	0
5VH7	train			EXCLUDE_MULTI_RNA_CHAIN	EXCLUDE_MULTI_RNA_CHAIN	RNA_CHAIN_COUNT=2; required exactly 1	SAME_UNASSIGNED	NOT_ASSIGNED			SUCCESS	3.019	0	0
5VH8	train			EXCLUDE_MULTI_RNA_CHAIN	EXCLUDE_MULTI_RNA_CHAIN	RNA_CHAIN_COUNT=2; required exactly 1	SAME_UNASSIGNED	NOT_ASSIGNED			SUCCESS	3.79	0	0
5VJ9	train			EXCLUDE_MULTI_RNA_CHAIN	EXCLUDE_MULTI_RNA_CHAIN	RNA_CHAIN_COUNT=4; required exactly 1	SAME_UNASSIGNED	NOT_ASSIGNED			SUCCESS	10.868	0	0
5VJB	train			EXCLUDE_MULTI_RNA_CHAIN	EXCLUDE_MULTI_RNA_CHAIN	RNA_CHAIN_COUNT=4; required exactly 1	SAME_UNASSIGNED	NOT_ASSIGNED			SUCCESS	10.874	0	0
5VR4	train			EXCLUDE_MULTI_RNA_CHAIN	EXCLUDE_MULTI_RNA_CHAIN	RNA_CHAIN_COUNT=4; required exactly 1	SAME_UNASSIGNED	NOT_ASSIGNED			SUCCESS	9.086	0	0
5WQ1	train	train	train	KEPT	KEPT		SAME_SPLIT	PT_COMPLETE_BY_COUNT	200	0	SUCCESS	1.298	0	0
5XI1	train			EXCLUDE_MULTI_RNA_CHAIN	EXCLUDE_MULTI_RNA_CHAIN	RNA_CHAIN_COUNT=2; required exactly 1	SAME_UNASSIGNED	NOT_ASSIGNED			SUCCESS	1.757	0	0
5XWG	train	train	train	KEPT	KEPT		SAME_SPLIT	PT_COMPLETE_BY_COUNT	200	0	SUCCESS	12.32	0	0
5XZ1	train			EXCLUDE_MULTI_RNA_CHAIN	EXCLUDE_MULTI_RNA_CHAIN	RNA_CHAIN_COUNT=4; required exactly 1	SAME_UNASSIGNED	NOT_ASSIGNED			SUCCESS	18.229	0	0
5Z1H	train			EXCLUDE_MULTI_RNA_CHAIN	EXCLUDE_MULTI_RNA_CHAIN	RNA_CHAIN_COUNT=2; required exactly 1	SAME_UNASSIGNED	NOT_ASSIGNED			SUCCESS	1.767	0	0
5Z1I	train		train	EXCLUDE_TRAIN_RMSD_CUTOFF	KEPT		ADDED_TRAIN	NOT_ASSIGNED			SUCCESS	18.635	0	0
5Z71	train			EXCLUDE_MULTI_RNA_CHAIN	EXCLUDE_MULTI_RNA_CHAIN	RNA_CHAIN_COUNT=2; required exactly 1	SAME_UNASSIGNED	NOT_ASSIGNED			SUCCESS	2.517	0	0
5ZEG	train			EXCLUDE_MULTI_RNA_CHAIN	EXCLUDE_MULTI_RNA_CHAIN	RNA_CHAIN_COUNT=3; required exactly 1	SAME_UNASSIGNED	NOT_ASSIGNED			SUCCESS	24.046	0	0
5ZEI	train			EXCLUDE_MULTI_RNA_CHAIN	EXCLUDE_MULTI_RNA_CHAIN	RNA_CHAIN_COUNT=2; required exactly 1	SAME_UNASSIGNED	NOT_ASSIGNED			SUCCESS	0.141	0	0
5ZEJ	train			EXCLUDE_MULTI_RNA_CHAIN	EXCLUDE_MULTI_RNA_CHAIN	RNA_CHAIN_COUNT=2; required exactly 1	SAME_UNASSIGNED	NOT_ASSIGNED			SUCCESS	0.221	0	0
5ZEM	train			EXCLUDE_MULTI_RNA_CHAIN	EXCLUDE_MULTI_RNA_CHAIN	RNA_CHAIN_COUNT=2; required exactly 1	SAME_UNASSIGNED	NOT_ASSIGNED			SUCCESS	1.127	0	0
6AAS	train	train	train	KEPT	KEPT		SAME_SPLIT	PT_COMPLETE_BY_COUNT	200	0	SUCCESS	0.926	0	0
6AAU	train	train	train	KEPT	KEPT		SAME_SPLIT	PT_COMPLETE_BY_COUNT	200	0	SUCCESS	2.543	0	0
6AZ4	train			EXCLUDE_MULTI_RNA_CHAIN	EXCLUDE_MULTI_RNA_CHAIN	RNA_CHAIN_COUNT=2; required exactly 1	SAME_UNASSIGNED	NOT_ASSIGNED			SUCCESS	0.243	0	0
6BFB	train			EXCLUDE_MULTI_RNA_CHAIN	EXCLUDE_MULTI_RNA_CHAIN	RNA_CHAIN_COUNT=2; required exactly 1	SAME_UNASSIGNED	NOT_ASSIGNED			SUCCESS	0.515	0	0
6BG9	train			EXCLUDE_MULTI_RNA_CHAIN	EXCLUDE_MULTI_RNA_CHAIN	RNA_CHAIN_COUNT=2; required exactly 1	SAME_UNASSIGNED	NOT_ASSIGNED			SUCCESS	1.598	0	0
6BGB	train			EXCLUDE_MULTI_RNA_CHAIN	EXCLUDE_MULTI_RNA_CHAIN	RNA_CHAIN_COUNT=3; required exactly 1	SAME_UNASSIGNED	NOT_ASSIGNED			SUCCESS	12.392	0	0
6BJX	train			EXCLUDE_MULTI_RNA_CHAIN	EXCLUDE_MULTI_RNA_CHAIN	RNA_CHAIN_COUNT=2; required exactly 1	SAME_UNASSIGNED	NOT_ASSIGNED			SUCCESS	29.09	0	0
6BMD	train			EXCLUDE_MULTI_RNA_CHAIN	EXCLUDE_MULTI_RNA_CHAIN	RNA_CHAIN_COUNT=6; required exactly 1	SAME_UNASSIGNED	NOT_ASSIGNED			SUCCESS	22.114	0	0
6BY4	train	train	train	KEPT	KEPT		SAME_SPLIT	PT_COMPLETE_BY_COUNT	200	0	SUCCESS	0.919	0	0
6BY5	train	train	train	KEPT	KEPT		SAME_SPLIT	PT_COMPLETE_BY_COUNT	200	0	SUCCESS	1.46	0	0
6C27	train			EXCLUDE_MULTI_RNA_CHAIN	EXCLUDE_MULTI_RNA_CHAIN	RNA_CHAIN_COUNT=2; required exactly 1	SAME_UNASSIGNED	NOT_ASSIGNED			SUCCESS	24.996	0	0
6C63	train			EXCLUDE_MULTI_RNA_CHAIN	EXCLUDE_MULTI_RNA_CHAIN	RNA_CHAIN_COUNT=3; required exactly 1	SAME_UNASSIGNED	NOT_ASSIGNED			SUCCESS	17.729	0	0
6C64	train			EXCLUDE_MULTI_RNA_CHAIN	EXCLUDE_MULTI_RNA_CHAIN	RNA_CHAIN_COUNT=3; required exactly 1	SAME_UNASSIGNED	NOT_ASSIGNED			SUCCESS	12.198	0	0
6C65	train			EXCLUDE_MULTI_RNA_CHAIN	EXCLUDE_MULTI_RNA_CHAIN	RNA_CHAIN_COUNT=3; required exactly 1	SAME_UNASSIGNED	NOT_ASSIGNED			SUCCESS	16.309	0	0
6C8D	train			EXCLUDE_MULTI_RNA_CHAIN	EXCLUDE_MULTI_RNA_CHAIN	RNA_CHAIN_COUNT=2; required exactly 1	SAME_UNASSIGNED	NOT_ASSIGNED			SUCCESS	0.251	0	0
6C8E	train			EXCLUDE_MULTI_RNA_CHAIN	EXCLUDE_MULTI_RNA_CHAIN	RNA_CHAIN_COUNT=2; required exactly 1	SAME_UNASSIGNED	NOT_ASSIGNED			SUCCESS	0.255	0	0
6C8I	train			EXCLUDE_MULTI_RNA_CHAIN	EXCLUDE_MULTI_RNA_CHAIN	RNA_CHAIN_COUNT=2; required exactly 1	SAME_UNASSIGNED	NOT_ASSIGNED			SUCCESS	0.584	0	0
6C8J	train			EXCLUDE_MULTI_RNA_CHAIN	EXCLUDE_MULTI_RNA_CHAIN	RNA_CHAIN_COUNT=2; required exactly 1	SAME_UNASSIGNED	NOT_ASSIGNED			SUCCESS	0.15	0	0
6C8K	train			EXCLUDE_MULTI_RNA_CHAIN	EXCLUDE_MULTI_RNA_CHAIN	RNA_CHAIN_COUNT=2; required exactly 1	SAME_UNASSIGNED	NOT_ASSIGNED			SUCCESS	0.311	0	0
6C8L	train			EXCLUDE_MULTI_RNA_CHAIN	EXCLUDE_MULTI_RNA_CHAIN	RNA_CHAIN_COUNT=2; required exactly 1	SAME_UNASSIGNED	NOT_ASSIGNED			SUCCESS	0.348	0	0
6C8M	train			EXCLUDE_MULTI_RNA_CHAIN	EXCLUDE_MULTI_RNA_CHAIN	RNA_CHAIN_COUNT=2; required exactly 1	SAME_UNASSIGNED	NOT_ASSIGNED			SUCCESS	0.377	0	0
6C8N	train			EXCLUDE_MULTI_RNA_CHAIN	EXCLUDE_MULTI_RNA_CHAIN	RNA_CHAIN_COUNT=2; required exactly 1	SAME_UNASSIGNED	NOT_ASSIGNED			SUCCESS	0.24	0	0
6C8O	train			EXCLUDE_MULTI_RNA_CHAIN	EXCLUDE_MULTI_RNA_CHAIN	RNA_CHAIN_COUNT=2; required exactly 1	SAME_UNASSIGNED	NOT_ASSIGNED			SUCCESS	0.225	0	0
6CAB	train			EXCLUDE_MULTI_RNA_CHAIN	EXCLUDE_MULTI_RNA_CHAIN	RNA_CHAIN_COUNT=2; required exactly 1	SAME_UNASSIGNED	NOT_ASSIGNED			SUCCESS	0.225	0	0
6CB3	train			EXCLUDE_MULTI_RNA_CHAIN	EXCLUDE_MULTI_RNA_CHAIN	RNA_CHAIN_COUNT=2; required exactly 1	SAME_UNASSIGNED	NOT_ASSIGNED			SUCCESS	1.851	0	0
6CC1	train			EXCLUDE_MULTI_RNA_CHAIN	EXCLUDE_MULTI_RNA_CHAIN	RNA_CHAIN_COUNT=2; required exactly 1	SAME_UNASSIGNED	NOT_ASSIGNED			SUCCESS	2.183	0	0
6CC3	train			EXCLUDE_MULTI_RNA_CHAIN	EXCLUDE_MULTI_RNA_CHAIN	RNA_CHAIN_COUNT=2; required exactly 1	SAME_UNASSIGNED	NOT_ASSIGNED			SUCCESS	28.764	0	0
6CHR	train			EXCLUDE_MULTI_RNA_CHAIN	EXCLUDE_MULTI_RNA_CHAIN	RNA_CHAIN_COUNT=2; required exactly 1	SAME_UNASSIGNED	NOT_ASSIGNED			SUCCESS	5.049	0	0
6CIH	train			EXCLUDE_MULTI_RNA_CHAIN	EXCLUDE_MULTI_RNA_CHAIN	RNA_CHAIN_COUNT=2; required exactly 1	SAME_UNASSIGNED	NOT_ASSIGNED			SUCCESS	4.172	0	0
6CK4	train			EXCLUDE_MULTI_RNA_CHAIN	EXCLUDE_MULTI_RNA_CHAIN	RNA_CHAIN_COUNT=4; required exactly 1	SAME_UNASSIGNED	NOT_ASSIGNED			SUCCESS	28.651	0	0
6CK5	train			EXCLUDE_MULTI_RNA_CHAIN	EXCLUDE_MULTI_RNA_CHAIN	RNA_CHAIN_COUNT=2; required exactly 1	SAME_UNASSIGNED	NOT_ASSIGNED			SUCCESS	28.733	0	0
6CU1	train	train	train	KEPT	KEPT		SAME_SPLIT	PT_COMPLETE_BY_COUNT	200	0	SUCCESS	2.475	0	0
6CXZ	train			EXCLUDE_MULTI_RNA_CHAIN	EXCLUDE_MULTI_RNA_CHAIN	RNA_CHAIN_COUNT=2; required exactly 1	SAME_UNASSIGNED	NOT_ASSIGNED			SUCCESS	0.14	0	0
6CY0	train			EXCLUDE_MULTI_RNA_CHAIN	EXCLUDE_MULTI_RNA_CHAIN	RNA_CHAIN_COUNT=8; required exactly 1	SAME_UNASSIGNED	NOT_ASSIGNED			SUCCESS	17.744	0	0
6CY2	train			EXCLUDE_MULTI_RNA_CHAIN	EXCLUDE_MULTI_RNA_CHAIN	RNA_CHAIN_COUNT=2; required exactly 1	SAME_UNASSIGNED	NOT_ASSIGNED			SUCCESS	1.581	0	0
6CY4	train			EXCLUDE_MULTI_RNA_CHAIN	EXCLUDE_MULTI_RNA_CHAIN	RNA_CHAIN_COUNT=8; required exactly 1	SAME_UNASSIGNED	NOT_ASSIGNED			SUCCESS	14.075	0	0
6D3P	train	train	train	KEPT	KEPT		SAME_SPLIT	PT_COMPLETE_BY_COUNT	200	0	SUCCESS	1.028	0	0
6D8L	train			EXCLUDE_MULTI_RNA_CHAIN	EXCLUDE_MULTI_RNA_CHAIN	RNA_CHAIN_COUNT=2; required exactly 1	SAME_UNASSIGNED	NOT_ASSIGNED			SUCCESS	29.178	0	0
6D8M	train			EXCLUDE_MULTI_RNA_CHAIN	EXCLUDE_MULTI_RNA_CHAIN	RNA_CHAIN_COUNT=2; required exactly 1	SAME_UNASSIGNED	NOT_ASSIGNED			SUCCESS	30.019	0	0
6D8N	train			EXCLUDE_MULTI_RNA_CHAIN	EXCLUDE_MULTI_RNA_CHAIN	RNA_CHAIN_COUNT=2; required exactly 1	SAME_UNASSIGNED	NOT_ASSIGNED			SUCCESS	29.268	0	0
6D8O	train			EXCLUDE_MULTI_RNA_CHAIN	EXCLUDE_MULTI_RNA_CHAIN	RNA_CHAIN_COUNT=2; required exactly 1	SAME_UNASSIGNED	NOT_ASSIGNED			SUCCESS	29.655	0	0
6DLQ	train	train	train	KEPT	KEPT		SAME_SPLIT	PT_COMPLETE_BY_COUNT	200	0	SUCCESS	1.017	0	0
6DLR	train	train	train	KEPT	KEPT		SAME_SPLIT	PT_COMPLETE_BY_COUNT	200	0	SUCCESS	0.889	0	0
6DLS	train	train	train	KEPT	KEPT		SAME_SPLIT	PT_COMPLETE_BY_COUNT	200	0	SUCCESS	0.64	0	0
6DLT	train	train	train	KEPT	KEPT		SAME_SPLIT	PT_COMPLETE_BY_COUNT	200	0	SUCCESS	0.95	0	0
6DMC	train			EXCLUDE_MULTI_RNA_CHAIN	EXCLUDE_MULTI_RNA_CHAIN	RNA_CHAIN_COUNT=2; required exactly 1	SAME_UNASSIGNED	NOT_ASSIGNED			SUCCESS	19.833	0	0
6DMD	train			EXCLUDE_MULTI_RNA_CHAIN	EXCLUDE_MULTI_RNA_CHAIN	RNA_CHAIN_COUNT=2; required exactly 1	SAME_UNASSIGNED	NOT_ASSIGNED			SUCCESS	19.898	0	0
6DME	train	train	train	KEPT	KEPT		SAME_SPLIT	PT_COMPLETE_BY_COUNT	200	0	SUCCESS	0.953	0	0
6DN1	train			EXCLUDE_MULTI_RNA_CHAIN	EXCLUDE_MULTI_RNA_CHAIN	RNA_CHAIN_COUNT=2; required exactly 1	SAME_UNASSIGNED	NOT_ASSIGNED			SUCCESS	0.219	0	0
6DN2	train			EXCLUDE_MULTI_RNA_CHAIN	EXCLUDE_MULTI_RNA_CHAIN	RNA_CHAIN_COUNT=2; required exactly 1	SAME_UNASSIGNED	NOT_ASSIGNED			SUCCESS	0.471	0	0
6DN3	train			EXCLUDE_MULTI_RNA_CHAIN	EXCLUDE_MULTI_RNA_CHAIN	RNA_CHAIN_COUNT=2; required exactly 1	SAME_UNASSIGNED	NOT_ASSIGNED			SUCCESS	0.551	0	0
6DNR	train	train	train	KEPT	KEPT		SAME_SPLIT	PT_COMPLETE_BY_COUNT	200	0	SUCCESS	2.116	0	0
6DVK	train	train	train	KEPT	KEPT		SAME_SPLIT	PT_COMPLETE_BY_COUNT	200	0	SUCCESS	2.949	0	0
6E1S	train	train	train	KEPT	KEPT		SAME_SPLIT	PT_EXCLUDED_BY_POLICY	0	0	SUCCESS	0.324	0	0
6E1T	train	train	train	KEPT	KEPT		SAME_SPLIT	PT_EXCLUDED_BY_POLICY	0	0	SUCCESS	0.269	0	0
6E1U	train	train	train	KEPT	KEPT		SAME_SPLIT	PT_EXCLUDED_BY_POLICY	0	0	SUCCESS	0.376	0	0
6E1V	train	train	train	KEPT	KEPT		SAME_SPLIT	PT_EXCLUDED_BY_POLICY	0	0	SUCCESS	0.235	0	0
6E1W	train	train	train	KEPT	KEPT		SAME_SPLIT	PT_EXCLUDED_BY_POLICY	0	0	SUCCESS	0.389	0	0
6E7L	train		train	EXCLUDE_TRAIN_RMSD_CUTOFF	KEPT		ADDED_TRAIN	NOT_ASSIGNED			SUCCESS	19.04	0	0
6E80	train	train	train	KEPT	KEPT		SAME_SPLIT	PT_COMPLETE_BY_COUNT	200	0	SUCCESS	1.91	0	0
6E81	train	train	train	KEPT	KEPT		SAME_SPLIT	PT_COMPLETE_BY_COUNT	200	0	SUCCESS	0.621	0	0
6E82	train	train	train	KEPT	KEPT		SAME_SPLIT	PT_COMPLETE_BY_COUNT	200	0	SUCCESS	0.622	0	0
6E84	train	train	train	KEPT	KEPT		SAME_SPLIT	PT_COMPLETE_BY_COUNT	200	0	SUCCESS	0.764	0	0
6E8S	train			EXCLUDE_MULTI_RNA_CHAIN	EXCLUDE_MULTI_RNA_CHAIN	RNA_CHAIN_COUNT=2; required exactly 1	SAME_UNASSIGNED	NOT_ASSIGNED			SUCCESS	10.894	0	0
6E8T	train			EXCLUDE_MULTI_RNA_CHAIN	EXCLUDE_MULTI_RNA_CHAIN	RNA_CHAIN_COUNT=4; required exactly 1	SAME_UNASSIGNED	NOT_ASSIGNED			SUCCESS	18.171	0	0
6E8U	train	train	train	KEPT	KEPT		SAME_SPLIT	PT_COMPLETE_BY_COUNT	200	0	SUCCESS	0.496	0	0
6EZ0	train	train	train	KEPT	KEPT		SAME_SPLIT	PT_COMPLETE_BY_COUNT	200	0	SUCCESS	3.433	0	0
6FZ0	train	train	train	KEPT	KEPT		SAME_SPLIT	PT_COMPLETE_BY_COUNT	200	0	SUCCESS	2.742	0	0
6G7Z	train			EXCLUDE_MULTI_RNA_CHAIN	EXCLUDE_MULTI_RNA_CHAIN	RNA_CHAIN_COUNT=2; required exactly 1	SAME_UNASSIGNED	NOT_ASSIGNED			SUCCESS	1.318	0	0
6GE1	train			EXCLUDE_MULTI_RNA_CHAIN	EXCLUDE_MULTI_RNA_CHAIN	RNA_CHAIN_COUNT=4; required exactly 1	SAME_UNASSIGNED	NOT_ASSIGNED			SUCCESS	2.944	0	0
6GYV	train	train	train	KEPT	KEPT		SAME_SPLIT	PT_COMPLETE_BY_COUNT	200	0	SUCCESS	1.474	0	0
6GZK	train	train	train	KEPT	KEPT		SAME_SPLIT	PT_COMPLETE_BY_COUNT	200	0	SUCCESS	5.909	0	0
6GZR	train	train	train	KEPT	KEPT		SAME_SPLIT	PT_COMPLETE_BY_COUNT	200	0	SUCCESS	6.142	0	0
6H0R	train			EXCLUDE_MULTI_RNA_CHAIN	EXCLUDE_MULTI_RNA_CHAIN	RNA_CHAIN_COUNT=2; required exactly 1	SAME_UNASSIGNED	NOT_ASSIGNED			SUCCESS	8.459	0	0
6HAG	train	train	train	KEPT	KEPT		SAME_SPLIT	PT_COMPLETE_BY_COUNT	200	0	SUCCESS	3.465	0	0
6HBT	train	train	train	KEPT	KEPT		SAME_SPLIT	PT_COMPLETE_BY_COUNT	200	0	SUCCESS	0.173	0	0
6HBX	train	train	train	KEPT	KEPT		SAME_SPLIT	PT_COMPLETE_BY_COUNT	200	0	SUCCESS	0.186	0	0
6HC5	train	train	train	KEPT	KEPT		SAME_SPLIT	PT_COMPLETE_BY_COUNT	200	0	SUCCESS	0.167	0	0
6HMI	train			EXCLUDE_MULTI_RNA_CHAIN	EXCLUDE_MULTI_RNA_CHAIN	RNA_CHAIN_COUNT=2; required exactly 1	SAME_UNASSIGNED	NOT_ASSIGNED			SUCCESS	1.591	0	0
6HMO	train			EXCLUDE_MULTI_RNA_CHAIN	EXCLUDE_MULTI_RNA_CHAIN	RNA_CHAIN_COUNT=2; required exactly 1	SAME_UNASSIGNED	NOT_ASSIGNED			SUCCESS	2.888	0	0
6HU6	train			EXCLUDE_MULTI_RNA_CHAIN	EXCLUDE_MULTI_RNA_CHAIN	RNA_CHAIN_COUNT=4; required exactly 1	SAME_UNASSIGNED	NOT_ASSIGNED			SUCCESS	0.234	0	0
6HYK	train	train	train	KEPT	KEPT		SAME_SPLIT	PT_COMPLETE_BY_COUNT	200	0	SUCCESS	4.013	0	0
6I1V	train			EXCLUDE_MULTI_RNA_CHAIN	EXCLUDE_MULTI_RNA_CHAIN	RNA_CHAIN_COUNT=2; required exactly 1	SAME_UNASSIGNED	NOT_ASSIGNED			SUCCESS	0.866	0	0
6I1W	train			EXCLUDE_MULTI_RNA_CHAIN	EXCLUDE_MULTI_RNA_CHAIN	RNA_CHAIN_COUNT=2; required exactly 1	SAME_UNASSIGNED	NOT_ASSIGNED			SUCCESS	0.875	0	0
6IA2	train			EXCLUDE_MULTI_RNA_CHAIN	EXCLUDE_MULTI_RNA_CHAIN	RNA_CHAIN_COUNT=2; required exactly 1	SAME_UNASSIGNED	NOT_ASSIGNED			SUCCESS	0.449	0	0
6IZP	train	train	train	KEPT	KEPT		SAME_SPLIT	PT_COMPLETE_BY_COUNT	200	0	SUCCESS	9.57	0	0
6JBF	train			EXCLUDE_MULTI_RNA_CHAIN	EXCLUDE_MULTI_RNA_CHAIN	RNA_CHAIN_COUNT=4; required exactly 1	SAME_UNASSIGNED	NOT_ASSIGNED			SUCCESS	15.655	0	0
6JBG	train			EXCLUDE_MULTI_RNA_CHAIN	EXCLUDE_MULTI_RNA_CHAIN	RNA_CHAIN_COUNT=4; required exactly 1	SAME_UNASSIGNED	NOT_ASSIGNED			SUCCESS	15.778	0	0
6JJH	train	train	train	KEPT	KEPT		SAME_SPLIT	PT_COMPLETE_BY_COUNT	200	0	SUCCESS	1.674	0	0
6JJI	train	train	train	KEPT	KEPT		SAME_SPLIT	PT_COMPLETE_BY_COUNT	200	0	SUCCESS	1.386	0	0
6JQ5	train			EXCLUDE_MULTI_RNA_CHAIN	EXCLUDE_MULTI_RNA_CHAIN	RNA_CHAIN_COUNT=2; required exactly 1	SAME_UNASSIGNED	NOT_ASSIGNED			SUCCESS	20.707	0	0
6JQ6	train	train	train	KEPT	KEPT		SAME_SPLIT	PT_COMPLETE_BY_COUNT	200	0	SUCCESS	14.293	0	0
6JXM	train	train	train	KEPT	KEPT		SAME_SPLIT	PT_COMPLETE_BY_COUNT	200	0	SUCCESS	4.592	0	0
6K84	train	train	train	KEPT	KEPT		SAME_SPLIT	PT_COMPLETE_BY_COUNT	200	0	SUCCESS	11.868	0	0
6L0Y	train			EXCLUDE_MULTI_RNA_CHAIN	EXCLUDE_MULTI_RNA_CHAIN	RNA_CHAIN_COUNT=2; required exactly 1	SAME_UNASSIGNED	NOT_ASSIGNED			SUCCESS	30.027	0	0
6MCI	train	train	train	KEPT	KEPT		SAME_SPLIT	PT_EXCLUDED_BY_POLICY	0	0	SUCCESS	6.822	0	0
6MJ0	train			EXCLUDE_MULTI_RNA_CHAIN	EXCLUDE_MULTI_RNA_CHAIN	RNA_CHAIN_COUNT=2; required exactly 1	SAME_UNASSIGNED	NOT_ASSIGNED			SUCCESS	32.584	0	0
6MXQ	train		train	EXCLUDE_TRAIN_RMSD_CUTOFF	KEPT		ADDED_TRAIN	NOT_ASSIGNED			SUCCESS	16.583	0	0
6N2V	train			EXCLUDE_MULTI_RNA_CHAIN	EXCLUDE_MULTI_RNA_CHAIN	RNA_CHAIN_COUNT=2; required exactly 1	SAME_UNASSIGNED	NOT_ASSIGNED			SUCCESS	38.549	0	0
6N5K	train	train	train	KEPT	KEPT		SAME_SPLIT	PT_COMPLETE_BY_COUNT	200	0	SUCCESS	0.363	0	0
6N5N	train	train	train	KEPT	KEPT		SAME_SPLIT	PT_COMPLETE_BY_COUNT	200	0	SUCCESS	0.457	0	0
6N5O	train	train	train	KEPT	KEPT		SAME_SPLIT	PT_COMPLETE_BY_COUNT	200	0	SUCCESS	0.812	0	0
6N5P	train	train	train	KEPT	KEPT		SAME_SPLIT	PT_COMPLETE_BY_COUNT	200	0	SUCCESS	0.625	0	0
6N5Q	train	train	train	KEPT	KEPT		SAME_SPLIT	PT_COMPLETE_BY_COUNT	200	0	SUCCESS	0.497	0	0
6N5S	train	train	train	KEPT	KEPT		SAME_SPLIT	PT_COMPLETE_BY_COUNT	200	0	SUCCESS	0.475	0	0
6N5T	train	train	train	KEPT	KEPT		SAME_SPLIT	PT_COMPLETE_BY_COUNT	200	0	SUCCESS	0.344	0	0
6N8F	train			EXCLUDE_MULTI_RNA_CHAIN	EXCLUDE_MULTI_RNA_CHAIN	RNA_CHAIN_COUNT=2; required exactly 1	SAME_UNASSIGNED	NOT_ASSIGNED			SUCCESS	3.535	0	0
6N8H	train			EXCLUDE_MULTI_RNA_CHAIN	EXCLUDE_MULTI_RNA_CHAIN	RNA_CHAIN_COUNT=2; required exactly 1	SAME_UNASSIGNED	NOT_ASSIGNED			SUCCESS	3.479	0	0
6N8I	train			EXCLUDE_MULTI_RNA_CHAIN	EXCLUDE_MULTI_RNA_CHAIN	RNA_CHAIN_COUNT=2; required exactly 1	SAME_UNASSIGNED	NOT_ASSIGNED			SUCCESS	3.002	0	0
6NOA	train	train	train	KEPT	KEPT		SAME_SPLIT	PT_COMPLETE_BY_COUNT	200	0	SUCCESS	3.652	0	0
6OD9	train			EXCLUDE_MULTI_RNA_CHAIN	EXCLUDE_MULTI_RNA_CHAIN	RNA_CHAIN_COUNT=2; required exactly 1	SAME_UNASSIGNED	NOT_ASSIGNED			SUCCESS	23.465	0	0
6OL3	train		train	EXCLUDE_TRAIN_RMSD_CUTOFF	KEPT		ADDED_TRAIN	NOT_ASSIGNED			SUCCESS	19.068	0	0
6OWL	train			EXCLUDE_MULTI_RNA_CHAIN	EXCLUDE_MULTI_RNA_CHAIN	RNA_CHAIN_COUNT=3; required exactly 1	SAME_UNASSIGNED	NOT_ASSIGNED			SUCCESS	12.474	0	0
6P2H	train	train	train	KEPT	KEPT		SAME_SPLIT	PT_COMPLETE_BY_COUNT	200	0	SUCCESS	0.239	0	0
6PK9	train	train	train	KEPT	KEPT		SAME_SPLIT	PT_COMPLETE_BY_COUNT	200	0	SUCCESS	3.575	0	0
6PMO	train			EXCLUDE_MULTI_RNA_CHAIN	EXCLUDE_MULTI_RNA_CHAIN	RNA_CHAIN_COUNT=2; required exactly 1	SAME_UNASSIGNED	NOT_ASSIGNED			SUCCESS	2.9	0	0
6POM	train			EXCLUDE_MULTI_RNA_CHAIN	EXCLUDE_MULTI_RNA_CHAIN	RNA_CHAIN_COUNT=2; required exactly 1	SAME_UNASSIGNED	NOT_ASSIGNED			SUCCESS	3.222	0	0
6PQ7	train	train	train	KEPT	KEPT		SAME_SPLIT	PT_COMPLETE_BY_COUNT	200	0	SUCCESS	0.311	0	0
6PRV	train			EXCLUDE_MULTI_RNA_CHAIN	EXCLUDE_MULTI_RNA_CHAIN	RNA_CHAIN_COUNT=4; required exactly 1	SAME_UNASSIGNED	NOT_ASSIGNED			SUCCESS	24.278	0	0
6Q57	train	train	train	KEPT	KEPT		SAME_SPLIT	PT_COMPLETE_BY_COUNT	200	0	SUCCESS	0.584	0	0
6Q8V	train	train	train	KEPT	KEPT		SAME_SPLIT	PT_COMPLETE_BY_COUNT	200	0	SUCCESS	1.721	0	0
6QIQ	train			EXCLUDE_MULTI_RNA_CHAIN	EXCLUDE_MULTI_RNA_CHAIN	RNA_CHAIN_COUNT=2; required exactly 1	SAME_UNASSIGNED	NOT_ASSIGNED			SUCCESS	0.711	0	0
6QIR	train			EXCLUDE_MULTI_RNA_CHAIN	EXCLUDE_MULTI_RNA_CHAIN	RNA_CHAIN_COUNT=4; required exactly 1	SAME_UNASSIGNED	NOT_ASSIGNED			SUCCESS	11.708	0	0
6QIS	train			EXCLUDE_MULTI_RNA_CHAIN	EXCLUDE_MULTI_RNA_CHAIN	RNA_CHAIN_COUNT=8; required exactly 1	SAME_UNASSIGNED	NOT_ASSIGNED			SUCCESS	21.32	0	0
6QIT	train			EXCLUDE_MULTI_RNA_CHAIN	EXCLUDE_MULTI_RNA_CHAIN	RNA_CHAIN_COUNT=4; required exactly 1	SAME_UNASSIGNED	NOT_ASSIGNED			SUCCESS	12.284	0	0
6QIV	train	train	train	KEPT	KEPT		SAME_SPLIT	PT_COMPLETE_BY_COUNT	200	0	SUCCESS	4.727	0	0
6QN3	train			EXCLUDE_MULTI_RNA_CHAIN	EXCLUDE_MULTI_RNA_CHAIN	RNA_CHAIN_COUNT=2; required exactly 1	SAME_UNASSIGNED	NOT_ASSIGNED			SUCCESS	1.05	0	0
6QYZ	train			EXCLUDE_MULTI_RNA_CHAIN	EXCLUDE_MULTI_RNA_CHAIN	RNA_CHAIN_COUNT=5; required exactly 1	SAME_UNASSIGNED	NOT_ASSIGNED			SUCCESS	3.648	0	0
6R47	train			EXCLUDE_MULTI_RNA_CHAIN	EXCLUDE_MULTI_RNA_CHAIN	RNA_CHAIN_COUNT=2; required exactly 1	SAME_UNASSIGNED	NOT_ASSIGNED			SUCCESS	0.259	0	0
6SVS	train			EXCLUDE_MULTI_RNA_CHAIN	EXCLUDE_MULTI_RNA_CHAIN	RNA_CHAIN_COUNT=2; required exactly 1	SAME_UNASSIGNED	NOT_ASSIGNED			SUCCESS	27.802	0	0
6T3K	train			EXCLUDE_MULTI_RNA_CHAIN	EXCLUDE_MULTI_RNA_CHAIN	RNA_CHAIN_COUNT=2; required exactly 1	SAME_UNASSIGNED	NOT_ASSIGNED			SUCCESS	0.854	0	0
6T3N	train	train	train	KEPT	KEPT		SAME_SPLIT	PT_COMPLETE_BY_COUNT	200	0	SUCCESS	1.159	0	0
6T3R	train			EXCLUDE_MULTI_RNA_CHAIN	EXCLUDE_MULTI_RNA_CHAIN	RNA_CHAIN_COUNT=2; required exactly 1	SAME_UNASSIGNED	NOT_ASSIGNED			SUCCESS	0.76	0	0
6T3S	train	train	train	KEPT	KEPT		SAME_SPLIT	PT_COMPLETE_BY_COUNT	200	0	SUCCESS	1.086	0	0
6TB7	train	train	train	KEPT	KEPT		SAME_SPLIT	PT_COMPLETE_BY_COUNT	200	0	SUCCESS	0.273	0	0
6TF0	train	train	train	KEPT	KEPT		SAME_SPLIT	PT_COMPLETE_BY_COUNT	200	0	SUCCESS	0.421	0	0
6TF1	train	train	train	KEPT	KEPT		SAME_SPLIT	PT_COMPLETE_BY_COUNT	200	0	SUCCESS	0.254	0	0
6TF2	train	train	train	KEPT	KEPT		SAME_SPLIT	PT_COMPLETE_BY_COUNT	200	0	SUCCESS	0.248	0	0
6TF3	train	train	train	KEPT	KEPT		SAME_SPLIT	PT_COMPLETE_BY_COUNT	200	0	SUCCESS	0.372	0	0
6TFE	train	train	train	KEPT	KEPT		SAME_SPLIT	PT_COMPLETE_BY_COUNT	200	0	SUCCESS	0.193	0	0
6TFF	train	train	train	KEPT	KEPT		SAME_SPLIT	PT_COMPLETE_BY_COUNT	200	0	SUCCESS	0.303	0	0
6TFG	train	train	train	KEPT	KEPT		SAME_SPLIT	PT_COMPLETE_BY_COUNT	200	0	SUCCESS	0.236	0	0
6TFH	train	train	train	KEPT	KEPT		SAME_SPLIT	PT_COMPLETE_BY_COUNT	200	0	SUCCESS	0.402	0	0
6TNA	train	train	train	KEPT	KEPT		SAME_SPLIT	PT_COMPLETE_BY_COUNT	200	0	SUCCESS	1.709	0	0
6U6J	train			EXCLUDE_MULTI_RNA_CHAIN	EXCLUDE_MULTI_RNA_CHAIN	RNA_CHAIN_COUNT=2; required exactly 1	SAME_UNASSIGNED	NOT_ASSIGNED			SUCCESS	0.313	0	0
6U79	train	train	train	KEPT	KEPT		SAME_SPLIT	PT_COMPLETE_BY_COUNT	200	0	SUCCESS	5.241	0	0
6U7Y	train			EXCLUDE_MULTI_RNA_CHAIN	EXCLUDE_MULTI_RNA_CHAIN	RNA_CHAIN_COUNT=2; required exactly 1	SAME_UNASSIGNED	NOT_ASSIGNED			SUCCESS	0.216	0	0
6U7Z	train			EXCLUDE_MULTI_RNA_CHAIN	EXCLUDE_MULTI_RNA_CHAIN	RNA_CHAIN_COUNT=2; required exactly 1	SAME_UNASSIGNED	NOT_ASSIGNED			SUCCESS	0.31	0	0
6U89	train			EXCLUDE_MULTI_RNA_CHAIN	EXCLUDE_MULTI_RNA_CHAIN	RNA_CHAIN_COUNT=2; required exactly 1	SAME_UNASSIGNED	NOT_ASSIGNED			SUCCESS	0.367	0	0
6U8F	train			EXCLUDE_MULTI_RNA_CHAIN	EXCLUDE_MULTI_RNA_CHAIN	RNA_CHAIN_COUNT=2; required exactly 1	SAME_UNASSIGNED	NOT_ASSIGNED			SUCCESS	0.192	0	0
6U8U	train			EXCLUDE_MULTI_RNA_CHAIN	EXCLUDE_MULTI_RNA_CHAIN	RNA_CHAIN_COUNT=2; required exactly 1	SAME_UNASSIGNED	NOT_ASSIGNED			SUCCESS	0.573	0	0
6UBU	train	train	train	KEPT	KEPT		SAME_SPLIT	PT_COMPLETE_BY_COUNT	200	0	SUCCESS	0.355	0	0
6UC7	train	train	train	KEPT	KEPT		SAME_SPLIT	PT_COMPLETE_BY_COUNT	200	0	SUCCESS	0.615	0	0
6UC8	train	train	train	KEPT	KEPT		SAME_SPLIT	PT_COMPLETE_BY_COUNT	200	0	SUCCESS	0.332	0	0
6UC9	train	train	train	KEPT	KEPT		SAME_SPLIT	PT_COMPLETE_BY_COUNT	200	0	SUCCESS	0.265	0	0
6UES	train	train	train	KEPT	KEPT		SAME_SPLIT	PT_COMPLETE_BY_COUNT	200	0	SUCCESS	2.536	0	0
6UET	train	train	train	KEPT	KEPT		SAME_SPLIT	PT_COMPLETE_BY_COUNT	200	0	SUCCESS	1.559	0	0
6UEY	train			EXCLUDE_MULTI_RNA_CHAIN	EXCLUDE_MULTI_RNA_CHAIN	RNA_CHAIN_COUNT=4; required exactly 1	SAME_UNASSIGNED	NOT_ASSIGNED			SUCCESS	22.499	0	0
6UF1	train			EXCLUDE_MULTI_RNA_CHAIN	EXCLUDE_MULTI_RNA_CHAIN	RNA_CHAIN_COUNT=4; required exactly 1	SAME_UNASSIGNED	NOT_ASSIGNED			SUCCESS	18.196	0	0
6UFG	train			EXCLUDE_MULTI_RNA_CHAIN	EXCLUDE_MULTI_RNA_CHAIN	RNA_CHAIN_COUNT=2; required exactly 1	SAME_UNASSIGNED	NOT_ASSIGNED			SUCCESS	3.763	0	0
6UFH	train			EXCLUDE_MULTI_RNA_CHAIN	EXCLUDE_MULTI_RNA_CHAIN	RNA_CHAIN_COUNT=2; required exactly 1	SAME_UNASSIGNED	NOT_ASSIGNED			SUCCESS	3.05	0	0
6UFJ	train			EXCLUDE_MULTI_RNA_CHAIN	EXCLUDE_MULTI_RNA_CHAIN	RNA_CHAIN_COUNT=6; required exactly 1	SAME_UNASSIGNED	NOT_ASSIGNED			SUCCESS	18.164	0	0
6UFK	train			EXCLUDE_MULTI_RNA_CHAIN	EXCLUDE_MULTI_RNA_CHAIN	RNA_CHAIN_COUNT=6; required exactly 1	SAME_UNASSIGNED	NOT_ASSIGNED			SUCCESS	18.216	0	0
6UFM	train			EXCLUDE_MULTI_RNA_CHAIN	EXCLUDE_MULTI_RNA_CHAIN	RNA_CHAIN_COUNT=2; required exactly 1	SAME_UNASSIGNED	NOT_ASSIGNED			SUCCESS	1.182	0	0
6UGG	train			EXCLUDE_MULTI_RNA_CHAIN	EXCLUDE_MULTI_RNA_CHAIN	RNA_CHAIN_COUNT=2; required exactly 1	SAME_UNASSIGNED	NOT_ASSIGNED			SUCCESS	15.42	0	0
6UGI	train	train	train	KEPT	KEPT		SAME_SPLIT	PT_COMPLETE_BY_COUNT	200	0	SUCCESS	0.298	0	0
6UGJ	train	train	train	KEPT	KEPT		SAME_SPLIT	PT_COMPLETE_BY_COUNT	200	0	SUCCESS	0.963	0	0
6UP0	train			EXCLUDE_MULTI_RNA_CHAIN	EXCLUDE_MULTI_RNA_CHAIN	RNA_CHAIN_COUNT=2; required exactly 1	SAME_UNASSIGNED	NOT_ASSIGNED			SUCCESS	18.076	0	0
6V9B	train			EXCLUDE_MULTI_RNA_CHAIN	EXCLUDE_MULTI_RNA_CHAIN	RNA_CHAIN_COUNT=2; required exactly 1	SAME_UNASSIGNED	NOT_ASSIGNED			SUCCESS	1.004	0	0
6V9D	train			EXCLUDE_MULTI_RNA_CHAIN	EXCLUDE_MULTI_RNA_CHAIN	RNA_CHAIN_COUNT=2; required exactly 1	SAME_UNASSIGNED	NOT_ASSIGNED			SUCCESS	0.959	0	0
6VA1	train			EXCLUDE_MULTI_RNA_CHAIN	EXCLUDE_MULTI_RNA_CHAIN	RNA_CHAIN_COUNT=2; required exactly 1	SAME_UNASSIGNED	NOT_ASSIGNED			SUCCESS	2.909	0	0
6VA2	train			EXCLUDE_MULTI_RNA_CHAIN	EXCLUDE_MULTI_RNA_CHAIN	RNA_CHAIN_COUNT=2; required exactly 1	SAME_UNASSIGNED	NOT_ASSIGNED			SUCCESS	4.584	0	0
6VA3	train			EXCLUDE_MULTI_RNA_CHAIN	EXCLUDE_MULTI_RNA_CHAIN	RNA_CHAIN_COUNT=2; required exactly 1	SAME_UNASSIGNED	NOT_ASSIGNED			SUCCESS	2.812	0	0
6VA4	train			EXCLUDE_MULTI_RNA_CHAIN	EXCLUDE_MULTI_RNA_CHAIN	RNA_CHAIN_COUNT=2; required exactly 1	SAME_UNASSIGNED	NOT_ASSIGNED			SUCCESS	1.186	0	0
6VAR	train		train	EXCLUDE_TRAIN_RMSD_CUTOFF	KEPT		ADDED_TRAIN	NOT_ASSIGNED			SUCCESS	16.402	0	0
6VEM	train			EXCLUDE_MULTI_RNA_CHAIN	EXCLUDE_MULTI_RNA_CHAIN	RNA_CHAIN_COUNT=2; required exactly 1	SAME_UNASSIGNED	NOT_ASSIGNED			SUCCESS	0.146	0	0
6VMY	train	train	train	KEPT	KEPT		SAME_SPLIT	PT_COMPLETE_BY_COUNT	200	0	SUCCESS	2.083	0	0
6VU1	train	train	train	KEPT	KEPT		SAME_SPLIT	PT_EXCLUDED_BY_POLICY	0	0	SUCCESS	2.252	0	0
6VUH	train	train	train	KEPT	KEPT		SAME_SPLIT	PT_COMPLETE_BY_COUNT	200	0	SUCCESS	1.572	0	0
6VUI	train	train	train	KEPT	KEPT		SAME_SPLIT	PT_COMPLETE_BY_COUNT	200	0	SUCCESS	0.795	0	0
6VVJ	train	train	train	KEPT	KEPT		SAME_SPLIT	PT_EXCLUDED_BY_POLICY	0	0	SUCCESS	10.71	0	0
6VWT	train			EXCLUDE_MULTI_RNA_CHAIN	EXCLUDE_MULTI_RNA_CHAIN	RNA_CHAIN_COUNT=2; required exactly 1	SAME_UNASSIGNED	NOT_ASSIGNED			SUCCESS	30.042	0	0
6VWV	train			EXCLUDE_MULTI_RNA_CHAIN	EXCLUDE_MULTI_RNA_CHAIN	RNA_CHAIN_COUNT=2; required exactly 1	SAME_UNASSIGNED	NOT_ASSIGNED			SUCCESS	31.975	0	0
6VZC	train	train	train	KEPT	KEPT		SAME_SPLIT	PT_COMPLETE_BY_COUNT	200	0	SUCCESS	2.074	0	0
6W3M	train	train	train	KEPT	KEPT		SAME_SPLIT	PT_COMPLETE_BY_COUNT	200	0	SUCCESS	2.564	0	0
6WJR	train	train	train	KEPT	KEPT		SAME_SPLIT	PT_COMPLETE_BY_COUNT	200	0	SUCCESS	2.753	0	0
6WJS	train	train	train	KEPT	KEPT		SAME_SPLIT	PT_COMPLETE_BY_COUNT	200	0	SUCCESS	2.653	0	0
6WLJ	train	train	train	KEPT	KEPT		SAME_SPLIT	PT_COMPLETE_BY_COUNT	200	0	SUCCESS	9.826	0	0
6WLK	train	train	train	KEPT	KEPT		SAME_SPLIT	PT_COMPLETE_BY_COUNT	200	0	SUCCESS	9.896	0	0
6WLL	train	train	train	KEPT	KEPT		SAME_SPLIT	PT_COMPLETE_BY_COUNT	200	0	SUCCESS	3.794	0	0
6WLM	train	train	train	KEPT	KEPT		SAME_SPLIT	PT_COMPLETE_BY_COUNT	200	0	SUCCESS	2.712	0	0
6WLN	train		train	EXCLUDE_TRAIN_RMSD_CUTOFF	KEPT		ADDED_TRAIN	NOT_ASSIGNED			SUCCESS	41.359	0	0
6WLO	train		train	EXCLUDE_TRAIN_RMSD_CUTOFF	KEPT		ADDED_TRAIN	NOT_ASSIGNED			SUCCESS	38.911	0	0
6WLQ	train	train	train	KEPT	KEPT		SAME_SPLIT	PT_COMPLETE_BY_COUNT	200	0	SUCCESS	3.782	0	0
6WLR	train	train	train	KEPT	KEPT		SAME_SPLIT	PT_COMPLETE_BY_COUNT	200	0	SUCCESS	2.531	0	0
6WLS	train	train	train	KEPT	KEPT		SAME_SPLIT	PT_COMPLETE_BY_COUNT	200	0	SUCCESS	4.579	0	0
6WLT	train	train	train	KEPT	KEPT		SAME_SPLIT	PT_COMPLETE_BY_COUNT	200	0	SUCCESS	6.629	0	0
6WLU	train	train	train	KEPT	KEPT		SAME_SPLIT	PT_COMPLETE_BY_COUNT	200	0	SUCCESS	7.118	0	0
6WTL	train	train	train	KEPT	KEPT		SAME_SPLIT	PT_COMPLETE_BY_COUNT	200	0	SUCCESS	0.369	0	0
6WTR	train	train	train	KEPT	KEPT		SAME_SPLIT	PT_COMPLETE_BY_COUNT	200	0	SUCCESS	0.526	0	0
6WY2	train			EXCLUDE_MULTI_RNA_CHAIN	EXCLUDE_MULTI_RNA_CHAIN	RNA_CHAIN_COUNT=5; required exactly 1	SAME_UNASSIGNED	NOT_ASSIGNED			SUCCESS	11.408	0	0
6WY3	train			EXCLUDE_MULTI_RNA_CHAIN	EXCLUDE_MULTI_RNA_CHAIN	RNA_CHAIN_COUNT=4; required exactly 1	SAME_UNASSIGNED	NOT_ASSIGNED			SUCCESS	3.132	0	0
6WZR	train			EXCLUDE_MULTI_RNA_CHAIN	EXCLUDE_MULTI_RNA_CHAIN	RNA_CHAIN_COUNT=2; required exactly 1	SAME_UNASSIGNED	NOT_ASSIGNED			SUCCESS	22.6	0	0
6WZS	train			EXCLUDE_MULTI_RNA_CHAIN	EXCLUDE_MULTI_RNA_CHAIN	RNA_CHAIN_COUNT=2; required exactly 1	SAME_UNASSIGNED	NOT_ASSIGNED			SUCCESS	21.664	0	0
6XB7	train	train	train	KEPT	KEPT		SAME_SPLIT	PT_COMPLETE_BY_COUNT	200	0	SUCCESS	14.714	0	0
6XKN	val	val	val	KEPT	KEPT		SAME_SPLIT	PT_COMPLETE_BY_COUNT	200	0	SUCCESS	10.873	0	0
6XKO	val	val	val	KEPT	KEPT		SAME_SPLIT	PT_COMPLETE_BY_COUNT	200	0	SUCCESS	6.295	0	0
6XRQ	train			EXCLUDE_MULTI_RNA_CHAIN	EXCLUDE_MULTI_RNA_CHAIN	RNA_CHAIN_COUNT=2; required exactly 1	SAME_UNASSIGNED	NOT_ASSIGNED			SUCCESS	0.814	0	0
6XRZ	train	train	train	KEPT	KEPT		SAME_SPLIT	PT_COMPLETE_BY_COUNT	200	0	SUCCESS	14.511	0	0
6XUR	train	train	train	KEPT	KEPT		SAME_SPLIT	PT_COMPLETE_BY_COUNT	200	0	SUCCESS	9.002	0	0
6XUS	train	train	train	KEPT	KEPT		SAME_SPLIT	PT_COMPLETE_BY_COUNT	200	0	SUCCESS	9.3	0	0
6XWJ	train	train	train	KEPT	KEPT		SAME_SPLIT	PT_COMPLETE_BY_COUNT	200	0	SUCCESS	1.613	0	0
6XWW	train	train	train	KEPT	KEPT		SAME_SPLIT	PT_COMPLETE_BY_COUNT	200	0	SUCCESS	1.711	0	0
6XXA	train	train	train	KEPT	KEPT		SAME_SPLIT	PT_COMPLETE_BY_COUNT	200	0	SUCCESS	4.652	0	0
6XXB	train	train	train	KEPT	KEPT		SAME_SPLIT	PT_COMPLETE_BY_COUNT	200	0	SUCCESS	2.135	0	0
6Y0T	train			EXCLUDE_MULTI_RNA_CHAIN	EXCLUDE_MULTI_RNA_CHAIN	RNA_CHAIN_COUNT=2; required exactly 1	SAME_UNASSIGNED	NOT_ASSIGNED			SUCCESS	9.066	0	0
6Y0Y	train	train	train	KEPT	KEPT		SAME_SPLIT	PT_COMPLETE_BY_COUNT	200	0	SUCCESS	0.559	0	0
6Y3G	train	train	train	KEPT	KEPT		SAME_SPLIT	PT_EXCLUDED_BY_POLICY	0	0	SUCCESS	1.099	0	0
6YL5	train			EXCLUDE_MULTI_RNA_CHAIN	EXCLUDE_MULTI_RNA_CHAIN	RNA_CHAIN_COUNT=12; required exactly 1	SAME_UNASSIGNED	NOT_ASSIGNED			SUCCESS	15.273	0	0
6YLB	train			EXCLUDE_MULTI_RNA_CHAIN	EXCLUDE_MULTI_RNA_CHAIN	RNA_CHAIN_COUNT=12; required exactly 1	SAME_UNASSIGNED	NOT_ASSIGNED			SUCCESS	22.969	0	0
6YMC	val			EXCLUDE_MULTI_RNA_CHAIN	EXCLUDE_MULTI_RNA_CHAIN	RNA_CHAIN_COUNT=2; required exactly 1	SAME_UNASSIGNED	NOT_ASSIGNED			SUCCESS	23.607	0	0
6YMI	train			EXCLUDE_MULTI_RNA_CHAIN	EXCLUDE_MULTI_RNA_CHAIN	RNA_CHAIN_COUNT=12; required exactly 1	SAME_UNASSIGNED	NOT_ASSIGNED			SUCCESS	29.484	0	0
6YMJ	train			EXCLUDE_MULTI_RNA_CHAIN	EXCLUDE_MULTI_RNA_CHAIN	RNA_CHAIN_COUNT=12; required exactly 1	SAME_UNASSIGNED	NOT_ASSIGNED			SUCCESS	28.143	0	0
6YMK	train			EXCLUDE_MULTI_RNA_CHAIN	EXCLUDE_MULTI_RNA_CHAIN	RNA_CHAIN_COUNT=12; required exactly 1	SAME_UNASSIGNED	NOT_ASSIGNED			SUCCESS	28.137	0	0
6YML	train			EXCLUDE_MULTI_RNA_CHAIN	EXCLUDE_MULTI_RNA_CHAIN	RNA_CHAIN_COUNT=4; required exactly 1	SAME_UNASSIGNED	NOT_ASSIGNED			SUCCESS	16.69	0	0
6YMM	train			EXCLUDE_MULTI_RNA_CHAIN	EXCLUDE_MULTI_RNA_CHAIN	RNA_CHAIN_COUNT=4; required exactly 1	SAME_UNASSIGNED	NOT_ASSIGNED			SUCCESS	17.192	0	0
6Z18	train			EXCLUDE_MULTI_RNA_CHAIN	EXCLUDE_MULTI_RNA_CHAIN	RNA_CHAIN_COUNT=2; required exactly 1	SAME_UNASSIGNED	NOT_ASSIGNED			SUCCESS	1.01	0	0
6ZPF	train			EXCLUDE_MULTI_RNA_CHAIN	EXCLUDE_MULTI_RNA_CHAIN	RNA_CHAIN_COUNT=4; required exactly 1	SAME_UNASSIGNED	NOT_ASSIGNED			SUCCESS	6.163	0	0
6ZQ9	train			EXCLUDE_MULTI_RNA_CHAIN	EXCLUDE_MULTI_RNA_CHAIN	RNA_CHAIN_COUNT=4; required exactly 1	SAME_UNASSIGNED	NOT_ASSIGNED			SUCCESS	6.148	0	0
6ZR1	train			EXCLUDE_MULTI_RNA_CHAIN	EXCLUDE_MULTI_RNA_CHAIN	RNA_CHAIN_COUNT=4; required exactly 1	SAME_UNASSIGNED	NOT_ASSIGNED			SUCCESS	6.126	0	0
6ZRL	train			EXCLUDE_MULTI_RNA_CHAIN	EXCLUDE_MULTI_RNA_CHAIN	RNA_CHAIN_COUNT=4; required exactly 1	SAME_UNASSIGNED	NOT_ASSIGNED			SUCCESS	5.747	0	0
6ZRS	train			EXCLUDE_MULTI_RNA_CHAIN	EXCLUDE_MULTI_RNA_CHAIN	RNA_CHAIN_COUNT=4; required exactly 1	SAME_UNASSIGNED	NOT_ASSIGNED			SUCCESS	6.138	0	0
6ZW3	train			EXCLUDE_MULTI_RNA_CHAIN	EXCLUDE_MULTI_RNA_CHAIN	RNA_CHAIN_COUNT=4; required exactly 1	SAME_UNASSIGNED	NOT_ASSIGNED			SUCCESS	5.748	0	0
6ZWU	train			EXCLUDE_MULTI_RNA_CHAIN	EXCLUDE_MULTI_RNA_CHAIN	RNA_CHAIN_COUNT=4; required exactly 1	SAME_UNASSIGNED	NOT_ASSIGNED			SUCCESS	5.763	0	0
6ZX5	train			EXCLUDE_MULTI_RNA_CHAIN	EXCLUDE_MULTI_RNA_CHAIN	RNA_CHAIN_COUNT=4; required exactly 1	SAME_UNASSIGNED	NOT_ASSIGNED			SUCCESS	6.147	0	0
6ZX8	train			EXCLUDE_MULTI_RNA_CHAIN	EXCLUDE_MULTI_RNA_CHAIN	RNA_CHAIN_COUNT=4; required exactly 1	SAME_UNASSIGNED	NOT_ASSIGNED			SUCCESS	6.149	0	0
6ZXZ	train			EXCLUDE_MULTI_RNA_CHAIN	EXCLUDE_MULTI_RNA_CHAIN	RNA_CHAIN_COUNT=3; required exactly 1	SAME_UNASSIGNED	NOT_ASSIGNED			SUCCESS	15.091	0	0
6ZYB	train	train	train	KEPT	KEPT		SAME_SPLIT	PT_EXCLUDED_BY_POLICY	0	0	SUCCESS	0.291	0	0
7A3Y	train			EXCLUDE_MULTI_RNA_CHAIN	EXCLUDE_MULTI_RNA_CHAIN	RNA_CHAIN_COUNT=2; required exactly 1	SAME_UNASSIGNED	NOT_ASSIGNED			SUCCESS	4.681	0	0
7A9L	train			EXCLUDE_MULTI_RNA_CHAIN	EXCLUDE_MULTI_RNA_CHAIN	RNA_CHAIN_COUNT=4; required exactly 1	SAME_UNASSIGNED	NOT_ASSIGNED			SUCCESS	5.778	0	0
7A9N	train			EXCLUDE_MULTI_RNA_CHAIN	EXCLUDE_MULTI_RNA_CHAIN	RNA_CHAIN_COUNT=4; required exactly 1	SAME_UNASSIGNED	NOT_ASSIGNED			SUCCESS	6.152	0	0
7A9O	train			EXCLUDE_MULTI_RNA_CHAIN	EXCLUDE_MULTI_RNA_CHAIN	RNA_CHAIN_COUNT=4; required exactly 1	SAME_UNASSIGNED	NOT_ASSIGNED			SUCCESS	6.138	0	0
7A9P	train			EXCLUDE_MULTI_RNA_CHAIN	EXCLUDE_MULTI_RNA_CHAIN	RNA_CHAIN_COUNT=4; required exactly 1	SAME_UNASSIGNED	NOT_ASSIGNED			SUCCESS	5.73	0	0
7A9Q	train			EXCLUDE_MULTI_RNA_CHAIN	EXCLUDE_MULTI_RNA_CHAIN	RNA_CHAIN_COUNT=4; required exactly 1	SAME_UNASSIGNED	NOT_ASSIGNED			SUCCESS	6.183	0	0
7A9R	train			EXCLUDE_MULTI_RNA_CHAIN	EXCLUDE_MULTI_RNA_CHAIN	RNA_CHAIN_COUNT=4; required exactly 1	SAME_UNASSIGNED	NOT_ASSIGNED			SUCCESS	5.743	0	0
7A9S	train			EXCLUDE_MULTI_RNA_CHAIN	EXCLUDE_MULTI_RNA_CHAIN	RNA_CHAIN_COUNT=4; required exactly 1	SAME_UNASSIGNED	NOT_ASSIGNED			SUCCESS	6.157	0	0
7A9T	train			EXCLUDE_MULTI_RNA_CHAIN	EXCLUDE_MULTI_RNA_CHAIN	RNA_CHAIN_COUNT=4; required exactly 1	SAME_UNASSIGNED	NOT_ASSIGNED			SUCCESS	6.13	0	0
7D12	train	train	train	KEPT	KEPT		SAME_SPLIT	PT_COMPLETE_BY_COUNT	200	0	SUCCESS	3.99	0	0
7D7W	train	train	train	KEPT	KEPT		SAME_SPLIT	PT_COMPLETE_BY_COUNT	200	0	SUCCESS	0.277	0	0
7D7X	train	train	train	KEPT	KEPT		SAME_SPLIT	PT_COMPLETE_BY_COUNT	200	0	SUCCESS	0.213	0	0
7D7Y	train	train	train	KEPT	KEPT		SAME_SPLIT	PT_COMPLETE_BY_COUNT	200	0	SUCCESS	0.29	0	0
7D7Z	train	train	train	KEPT	KEPT		SAME_SPLIT	PT_COMPLETE_BY_COUNT	200	0	SUCCESS	0.309	0	0
7D81	train	train	train	KEPT	KEPT		SAME_SPLIT	PT_COMPLETE_BY_COUNT	200	0	SUCCESS	1.413	0	0
7D82	train	train	train	KEPT	KEPT		SAME_SPLIT	PT_COMPLETE_BY_COUNT	200	0	SUCCESS	1.401	0	0
7DD4	train	train	train	KEPT	KEPT		SAME_SPLIT	PT_COMPLETE_BY_COUNT	200	0	SUCCESS	4.526	0	0
7E9E	val	val	val	KEPT	KEPT		SAME_SPLIT	PT_EXCLUDED_BY_POLICY	0	0	SUCCESS	1.15	0	0
7E9I	val	val	val	KEPT	KEPT		SAME_SPLIT	PT_COMPLETE_BY_COUNT	200	0	SUCCESS	0.308	0	0
7EAF	train	train	train	KEPT	KEPT		SAME_SPLIT	PT_COMPLETE_BY_COUNT	200	0	SUCCESS	0.592	0	0
7EAG	train			EXCLUDE_MULTI_RNA_CHAIN	EXCLUDE_MULTI_RNA_CHAIN	RNA_CHAIN_COUNT=6; required exactly 1	SAME_UNASSIGNED	NOT_ASSIGNED			missing_output		0	0
7ECJ	val			EXCLUDE_MULTI_RNA_CHAIN	EXCLUDE_MULTI_RNA_CHAIN	RNA_CHAIN_COUNT=3; required exactly 1	SAME_UNASSIGNED	NOT_ASSIGNED			SUCCESS	16.988	0	0
7ECK	val			EXCLUDE_MULTI_RNA_CHAIN	EXCLUDE_MULTI_RNA_CHAIN	RNA_CHAIN_COUNT=12; required exactly 1	SAME_UNASSIGNED	NOT_ASSIGNED			SUCCESS	17.319	0	0
7ECL	val			EXCLUDE_MULTI_RNA_CHAIN	EXCLUDE_MULTI_RNA_CHAIN	RNA_CHAIN_COUNT=12; required exactly 1	SAME_UNASSIGNED	NOT_ASSIGNED			SUCCESS	22.238	0	0
7ECM	val			EXCLUDE_MULTI_RNA_CHAIN	EXCLUDE_MULTI_RNA_CHAIN	RNA_CHAIN_COUNT=4; required exactly 1	SAME_UNASSIGNED	NOT_ASSIGNED			SUCCESS	14.649	0	0
7ECN	val			EXCLUDE_MULTI_RNA_CHAIN	EXCLUDE_MULTI_RNA_CHAIN	RNA_CHAIN_COUNT=4; required exactly 1	SAME_UNASSIGNED	NOT_ASSIGNED			SUCCESS	3.363	0	0
7ECO	val			EXCLUDE_MULTI_RNA_CHAIN	EXCLUDE_MULTI_RNA_CHAIN	RNA_CHAIN_COUNT=6; required exactly 1	SAME_UNASSIGNED	NOT_ASSIGNED			SUCCESS	20.623	0	0
7ECP	val			EXCLUDE_MULTI_RNA_CHAIN	EXCLUDE_MULTI_RNA_CHAIN	RNA_CHAIN_COUNT=4; required exactly 1	SAME_UNASSIGNED	NOT_ASSIGNED			SUCCESS	13.98	0	0
7EDL	val			EXCLUDE_MULTI_RNA_CHAIN	EXCLUDE_MULTI_RNA_CHAIN	RNA_CHAIN_COUNT=2; required exactly 1	SAME_UNASSIGNED	NOT_ASSIGNED			SUCCESS	0.778	0	0
7EDM	val			EXCLUDE_MULTI_RNA_CHAIN	EXCLUDE_MULTI_RNA_CHAIN	RNA_CHAIN_COUNT=2; required exactly 1	SAME_UNASSIGNED	NOT_ASSIGNED			SUCCESS	1.04	0	0
7EDN	val	val	val	KEPT	KEPT		SAME_SPLIT	PT_COMPLETE_BY_COUNT	200	0	SUCCESS	18.857	0	0
7EDT	val			EXCLUDE_MULTI_RNA_CHAIN	EXCLUDE_MULTI_RNA_CHAIN	RNA_CHAIN_COUNT=2; required exactly 1	SAME_UNASSIGNED	NOT_ASSIGNED			SUCCESS	1.917	0	0
7EDU	val			EXCLUDE_MULTI_RNA_CHAIN	EXCLUDE_MULTI_RNA_CHAIN	RNA_CHAIN_COUNT=4; required exactly 1	SAME_UNASSIGNED	NOT_ASSIGNED			SUCCESS	14.996	0	0
7EEM	val	val	val	KEPT	KEPT		SAME_SPLIT	PT_COMPLETE_BY_COUNT	200	0	SUCCESS	0.719	0	0
7EFG	val	val	val	KEPT	KEPT		SAME_SPLIT	PT_COMPLETE_BY_COUNT	200	0	SUCCESS	10.999	0	0
7EFH	val	val	val	KEPT	KEPT		SAME_SPLIT	PT_COMPLETE_BY_COUNT	200	0	SUCCESS	10.274	0	0
7EI7	val			EXCLUDE_MULTI_RNA_CHAIN	EXCLUDE_MULTI_RNA_CHAIN	RNA_CHAIN_COUNT=2; required exactly 1	SAME_UNASSIGNED	NOT_ASSIGNED			SUCCESS	1.85	0	0
7EI8	val			EXCLUDE_MULTI_RNA_CHAIN	EXCLUDE_MULTI_RNA_CHAIN	RNA_CHAIN_COUNT=4; required exactly 1	SAME_UNASSIGNED	NOT_ASSIGNED			SUCCESS	2.094	0	0
7EI9	val			EXCLUDE_MULTI_RNA_CHAIN	EXCLUDE_MULTI_RNA_CHAIN	RNA_CHAIN_COUNT=2; required exactly 1	SAME_UNASSIGNED	NOT_ASSIGNED			SUCCESS	1.155	0	0
7EIA	val			EXCLUDE_MULTI_RNA_CHAIN	EXCLUDE_MULTI_RNA_CHAIN	RNA_CHAIN_COUNT=8; required exactly 1	SAME_UNASSIGNED	NOT_ASSIGNED			SUCCESS	22.964	0	0
7ELP	train			EXCLUDE_MULTI_RNA_CHAIN	EXCLUDE_MULTI_RNA_CHAIN	RNA_CHAIN_COUNT=2; required exactly 1	SAME_UNASSIGNED	NOT_ASSIGNED			SUCCESS	34.509	0	0
7ELQ	train			EXCLUDE_MULTI_RNA_CHAIN	EXCLUDE_MULTI_RNA_CHAIN	RNA_CHAIN_COUNT=2; required exactly 1	SAME_UNASSIGNED	NOT_ASSIGNED			SUCCESS	34.718	0	0
7ELR	train			EXCLUDE_MULTI_RNA_CHAIN	EXCLUDE_MULTI_RNA_CHAIN	RNA_CHAIN_COUNT=2; required exactly 1	SAME_UNASSIGNED	NOT_ASSIGNED			SUCCESS	34.662	0	0
7ELS	train			EXCLUDE_MULTI_RNA_CHAIN	EXCLUDE_MULTI_RNA_CHAIN	RNA_CHAIN_COUNT=2; required exactly 1	SAME_UNASSIGNED	NOT_ASSIGNED			SUCCESS	34.642	0	0
7EOG	val	val	val	KEPT	KEPT		SAME_SPLIT	PT_COMPLETE_BY_COUNT	200	0	SUCCESS	8.635	0	0
7EOH	val	val	val	KEPT	KEPT		SAME_SPLIT	PT_COMPLETE_BY_COUNT	200	0	SUCCESS	8.483	0	0
7EOI	val	val	val	KEPT	KEPT		SAME_SPLIT	PT_COMPLETE_BY_COUNT	200	0	SUCCESS	7.038	0	0
7EOJ	val	val	val	KEPT	KEPT		SAME_SPLIT	PT_COMPLETE_BY_COUNT	200	0	SUCCESS	7.338	0	0
7EOK	val	val	val	KEPT	KEPT		SAME_SPLIT	PT_COMPLETE_BY_COUNT	200	0	SUCCESS	8.501	0	0
7EOL	val	val	val	KEPT	KEPT		SAME_SPLIT	PT_COMPLETE_BY_COUNT	200	0	SUCCESS	8.516	0	0
7EOM	val	val	val	KEPT	KEPT		SAME_SPLIT	PT_COMPLETE_BY_COUNT	200	0	SUCCESS	8.111	0	0
7EON	val	val	val	KEPT	KEPT		SAME_SPLIT	PT_COMPLETE_BY_COUNT	200	0	SUCCESS	8.512	0	0
7EOO	val	val	val	KEPT	KEPT		SAME_SPLIT	PT_COMPLETE_BY_COUNT	200	0	SUCCESS	8.457	0	0
7EOP	val	val	val	KEPT	KEPT		SAME_SPLIT	PT_COMPLETE_BY_COUNT	200	0	SUCCESS	8.941	0	0
7EQJ	val			EXCLUDE_MULTI_RNA_CHAIN	EXCLUDE_MULTI_RNA_CHAIN	RNA_CHAIN_COUNT=2; required exactly 1	SAME_UNASSIGNED	NOT_ASSIGNED			SUCCESS	21.888	0	0
7EXY	val	val	val	KEPT	KEPT		SAME_SPLIT	PT_COMPLETE_BY_COUNT	200	0	SUCCESS	4.233	0	0
7EZ0	train	train	train	KEPT	KEPT		SAME_SPLIT	PT_COMPLETE_BY_COUNT	200	0	SUCCESS	2.959	0	0
7EZ2	train			EXCLUDE_MULTI_RNA_CHAIN	EXCLUDE_MULTI_RNA_CHAIN	RNA_CHAIN_COUNT=3; required exactly 1	SAME_UNASSIGNED	NOT_ASSIGNED			missing_output		0	0
7F8Z	val			EXCLUDE_MULTI_RNA_CHAIN	EXCLUDE_MULTI_RNA_CHAIN	RNA_CHAIN_COUNT=10; required exactly 1	SAME_UNASSIGNED	NOT_ASSIGNED			SUCCESS	20.063	0	0
7FHI	val	val	val	KEPT	KEPT		SAME_SPLIT	PT_COMPLETE_BY_COUNT	200	0	SUCCESS	2.745	0	0
7FJ0	val	val	val	KEPT	KEPT		SAME_SPLIT	PT_COMPLETE_BY_COUNT	200	0	SUCCESS	4.317	0	0
7JJD	train	train	train	KEPT	KEPT		SAME_SPLIT	PT_COMPLETE_BY_COUNT	200	0	SUCCESS	0.395	0	0
7JJE	train	train	train	KEPT	KEPT		SAME_SPLIT	PT_EXCLUDED_BY_POLICY	0	0	SUCCESS	0.388	0	0
7JJF	train	train	train	KEPT	KEPT		SAME_SPLIT	PT_EXCLUDED_BY_POLICY	0	0	SUCCESS	0.448	0	0
7JJU	train			EXCLUDE_MULTI_RNA_CHAIN	EXCLUDE_MULTI_RNA_CHAIN	RNA_CHAIN_COUNT=2; required exactly 1	SAME_UNASSIGNED	NOT_ASSIGNED			SUCCESS	0.314	0	0
7JNH	train			EXCLUDE_MULTI_RNA_CHAIN	EXCLUDE_MULTI_RNA_CHAIN	RNA_CHAIN_COUNT=2; required exactly 1	SAME_UNASSIGNED	NOT_ASSIGNED			SUCCESS	8.149	0	0
7JRR	train	train	train	KEPT	KEPT		SAME_SPLIT	PT_COMPLETE_BY_COUNT	200	0	SUCCESS	11.288	0	0
7JRS	train			EXCLUDE_MULTI_RNA_CHAIN	EXCLUDE_MULTI_RNA_CHAIN	RNA_CHAIN_COUNT=2; required exactly 1	SAME_UNASSIGNED	NOT_ASSIGNED			SUCCESS	3.828	0	0
7JRT	train			EXCLUDE_MULTI_RNA_CHAIN	EXCLUDE_MULTI_RNA_CHAIN	RNA_CHAIN_COUNT=2; required exactly 1	SAME_UNASSIGNED	NOT_ASSIGNED			SUCCESS	4.179	0	0
7JU1	train	train	train	KEPT	KEPT		SAME_SPLIT	PT_COMPLETE_BY_COUNT	200	0	SUCCESS	3.653	0	0
7K16	train	train	train	KEPT	KEPT		SAME_SPLIT	PT_COMPLETE_BY_COUNT	200	0	SUCCESS	1.181	0	0
7K4L	train	train	train	KEPT	KEPT		SAME_SPLIT	PT_COMPLETE_BY_COUNT	200	0	SUCCESS	6.818	0	0
7KD1	train	train	train	KEPT	KEPT		SAME_SPLIT	PT_COMPLETE_BY_COUNT	200	0	SUCCESS	3.554	0	0
7KGA	train			EXCLUDE_MULTI_RNA_CHAIN	EXCLUDE_MULTI_RNA_CHAIN	RNA_CHAIN_COUNT=2; required exactly 1	SAME_UNASSIGNED	NOT_ASSIGNED			SUCCESS	32.179	0	0
7KJU	train	train	train	KEPT	KEPT		SAME_SPLIT	PT_COMPLETE_BY_COUNT	200	0	SUCCESS	0.984	0	0
7KUB	val	val	val	KEPT	KEPT		SAME_SPLIT	PT_COMPLETE_BY_COUNT	200	0	SUCCESS	18.447	0	0
7KUC	val	val	val	KEPT	KEPT		SAME_SPLIT	PT_COMPLETE_BY_COUNT	200	0	SUCCESS	2.177	0	0
7KUD	val	val	val	KEPT	KEPT		SAME_SPLIT	PT_COMPLETE_BY_COUNT	200	0	SUCCESS	0.96	0	0
7KUK	train			EXCLUDE_MULTI_RNA_CHAIN	EXCLUDE_MULTI_RNA_CHAIN	RNA_CHAIN_COUNT=2; required exactly 1	SAME_UNASSIGNED	NOT_ASSIGNED			SUCCESS	0.261	0	0
7KUM	train			EXCLUDE_MULTI_RNA_CHAIN	EXCLUDE_MULTI_RNA_CHAIN	RNA_CHAIN_COUNT=2; required exactly 1	SAME_UNASSIGNED	NOT_ASSIGNED			SUCCESS	0.311	0	0
7KUN	train			EXCLUDE_MULTI_RNA_CHAIN	EXCLUDE_MULTI_RNA_CHAIN	RNA_CHAIN_COUNT=2; required exactly 1	SAME_UNASSIGNED	NOT_ASSIGNED			SUCCESS	0.217	0	0
7KUO	train			EXCLUDE_MULTI_RNA_CHAIN	EXCLUDE_MULTI_RNA_CHAIN	RNA_CHAIN_COUNT=2; required exactly 1	SAME_UNASSIGNED	NOT_ASSIGNED			SUCCESS	0.653	0	0
7KUP	train			EXCLUDE_MULTI_RNA_CHAIN	EXCLUDE_MULTI_RNA_CHAIN	RNA_CHAIN_COUNT=2; required exactly 1	SAME_UNASSIGNED	NOT_ASSIGNED			SUCCESS	0.208	0	0
7KVT	val	val	val	KEPT	KEPT		SAME_SPLIT	PT_COMPLETE_BY_COUNT	200	0	SUCCESS	18.383	0	0
7KVU	val	val	val	KEPT	KEPT		SAME_SPLIT	PT_COMPLETE_BY_COUNT	200	0	SUCCESS	10.54	0	0
7KVV	val	val	val	KEPT	KEPT		SAME_SPLIT	PT_COMPLETE_BY_COUNT	200	0	SUCCESS	20.014	0	0
7L0Z	train	train	train	KEPT	KEPT		SAME_SPLIT	PT_COMPLETE_BY_COUNT	200	0	SUCCESS	0.347	0	0
7L3R	train	train	train	KEPT	KEPT		SAME_SPLIT	PT_EXCLUDED_BY_POLICY	0	0	SUCCESS	0.411	0	0
7LJY	train			EXCLUDE_MULTI_RNA_CHAIN	EXCLUDE_MULTI_RNA_CHAIN	RNA_CHAIN_COUNT=2; required exactly 1	SAME_UNASSIGNED	NOT_ASSIGNED			SUCCESS	7.069	0	0
7LNE	train			EXCLUDE_MULTI_RNA_CHAIN	EXCLUDE_MULTI_RNA_CHAIN	RNA_CHAIN_COUNT=2; required exactly 1	SAME_UNASSIGNED	NOT_ASSIGNED			SUCCESS	0.273	0	0
7LNF	train			EXCLUDE_MULTI_RNA_CHAIN	EXCLUDE_MULTI_RNA_CHAIN	RNA_CHAIN_COUNT=2; required exactly 1	SAME_UNASSIGNED	NOT_ASSIGNED			SUCCESS	0.138	0	0
7LNG	train			EXCLUDE_MULTI_RNA_CHAIN	EXCLUDE_MULTI_RNA_CHAIN	RNA_CHAIN_COUNT=2; required exactly 1	SAME_UNASSIGNED	NOT_ASSIGNED			SUCCESS	0.444	0	0
7LO9	val			EXCLUDE_MULTI_RNA_CHAIN	EXCLUDE_MULTI_RNA_CHAIN	RNA_CHAIN_COUNT=4; required exactly 1	SAME_UNASSIGNED	NOT_ASSIGNED			SUCCESS	12.887	0	0
7LVA	train		train	EXCLUDE_TRAIN_RMSD_CUTOFF	KEPT		ADDED_TRAIN	NOT_ASSIGNED			SUCCESS	19.803	0	0
7LYF	train	train	train	KEPT	KEPT		SAME_SPLIT	PT_COMPLETE_BY_COUNT	200	0	SUCCESS	11.613	0	0
7LYG	train		train	EXCLUDE_TRAIN_RMSD_CUTOFF	KEPT		ADDED_TRAIN	NOT_ASSIGNED			SUCCESS	16.456	0	0
7LYJ	train	train	train	KEPT	KEPT		SAME_SPLIT	PT_COMPLETE_BY_COUNT	200	0	SUCCESS	0.315	0	0
7M3V	val	val	val	KEPT	KEPT		SAME_SPLIT	PT_COMPLETE_BY_COUNT	200	0	SUCCESS	0.229	0	0
7MKT	val	val	val	KEPT	KEPT		SAME_SPLIT	PT_COMPLETE_BY_COUNT	200	0	SUCCESS	8.445	0	0
7MKY	train	train	train	KEPT	KEPT		SAME_SPLIT	PT_COMPLETE_BY_COUNT	200	0	SUCCESS	0.338	0	0
7MLW	val	val	val	KEPT	KEPT		SAME_SPLIT	PT_COMPLETE_BY_COUNT	200	0	SUCCESS	2.008	0	0
7OA3	train			EXCLUDE_MULTI_RNA_CHAIN	EXCLUDE_MULTI_RNA_CHAIN	RNA_CHAIN_COUNT=2; required exactly 1	SAME_UNASSIGNED	NOT_ASSIGNED			SUCCESS	25.657	0	0
7OAV	train			EXCLUDE_MULTI_RNA_CHAIN	EXCLUDE_MULTI_RNA_CHAIN	RNA_CHAIN_COUNT=4; required exactly 1	SAME_UNASSIGNED	NOT_ASSIGNED			SUCCESS	2.289	0	0
7OAW	train			EXCLUDE_MULTI_RNA_CHAIN	EXCLUDE_MULTI_RNA_CHAIN	RNA_CHAIN_COUNT=4; required exactly 1	SAME_UNASSIGNED	NOT_ASSIGNED			SUCCESS	1.799	0	0
7OAX	train			EXCLUDE_MULTI_RNA_CHAIN	EXCLUDE_MULTI_RNA_CHAIN	RNA_CHAIN_COUNT=4; required exactly 1	SAME_UNASSIGNED	NOT_ASSIGNED			SUCCESS	1.754	0	0
7OUO	val			EXCLUDE_MULTI_RNA_CHAIN	EXCLUDE_MULTI_RNA_CHAIN	RNA_CHAIN_COUNT=2; required exactly 1	SAME_UNASSIGNED	NOT_ASSIGNED			SUCCESS	0.501	0	0
7POF	val	val	val	KEPT	KEPT		SAME_SPLIT	PT_COMPLETE_BY_COUNT	200	0	SUCCESS	1.035	0	0
7PS8	val	val	val	KEPT	KEPT		SAME_SPLIT	PT_COMPLETE_BY_COUNT	200	0	SUCCESS	6.92	0	0
7PTK	val	val	val	KEPT	KEPT		SAME_SPLIT	PT_GT30_NOT_SAVED	8	192	SUCCESS	34.871	0	0
7PTL	val	val	val	KEPT	KEPT		SAME_SPLIT	PT_GT30_NOT_SAVED	0	200	SUCCESS	40.388	0	0
7PTQ	val	val	val	KEPT	KEPT		SAME_SPLIT	PT_GT30_NOT_SAVED	1	199	SUCCESS	41.005	0	0
7PTS	val	val	val	KEPT	KEPT		SAME_SPLIT	PT_GT30_NOT_SAVED	3	197	SUCCESS	29.76	0	0
7Q48	val	val	val	KEPT	KEPT		SAME_SPLIT	PT_COMPLETE_BY_COUNT	200	0	SUCCESS	9.975	0	0
7Q6L	val	val	val	KEPT	KEPT		SAME_SPLIT	PT_COMPLETE_BY_COUNT	200	0	SUCCESS	11.395	0	0
7Q7X	val			EXCLUDE_MULTI_RNA_CHAIN	EXCLUDE_MULTI_RNA_CHAIN	RNA_CHAIN_COUNT=3; required exactly 1	SAME_UNASSIGNED	NOT_ASSIGNED			SUCCESS	12.25	0	0
7Q7Y	val			EXCLUDE_MULTI_RNA_CHAIN	EXCLUDE_MULTI_RNA_CHAIN	RNA_CHAIN_COUNT=3; required exactly 1	SAME_UNASSIGNED	NOT_ASSIGNED			SUCCESS	11.954	0	0
7Q7Z	val			EXCLUDE_MULTI_RNA_CHAIN	EXCLUDE_MULTI_RNA_CHAIN	RNA_CHAIN_COUNT=6; required exactly 1	SAME_UNASSIGNED	NOT_ASSIGNED			SUCCESS	26.026	0	0
7Q80	val			EXCLUDE_MULTI_RNA_CHAIN	EXCLUDE_MULTI_RNA_CHAIN	RNA_CHAIN_COUNT=6; required exactly 1	SAME_UNASSIGNED	NOT_ASSIGNED			SUCCESS	28.059	0	0
7Q81	val			EXCLUDE_MULTI_RNA_CHAIN	EXCLUDE_MULTI_RNA_CHAIN	RNA_CHAIN_COUNT=3; required exactly 1	SAME_UNASSIGNED	NOT_ASSIGNED			SUCCESS	11.36	0	0
7Q82	val			EXCLUDE_MULTI_RNA_CHAIN	EXCLUDE_MULTI_RNA_CHAIN	RNA_CHAIN_COUNT=3; required exactly 1	SAME_UNASSIGNED	NOT_ASSIGNED			SUCCESS	11.967	0	0
7QA2	val	val	val	KEPT	KEPT		SAME_SPLIT	PT_COMPLETE_BY_COUNT	200	0	SUCCESS	10.431	0	0
7QDU	val	val	val	KEPT	KEPT		SAME_SPLIT	PT_GT30_NOT_SAVED	8	192	SUCCESS	45.919	0	0
7QP2	val	val	val	KEPT	KEPT		SAME_SPLIT	PT_COMPLETE_BY_COUNT	200	0	SUCCESS	0.709	0	0
7QSH	val	val	val	KEPT	KEPT		SAME_SPLIT	PT_EXCLUDED_BY_POLICY	0	0	SUCCESS	0.505	0	0
7QTN	val			EXCLUDE_MULTI_RNA_CHAIN	EXCLUDE_MULTI_RNA_CHAIN	RNA_CHAIN_COUNT=2; required exactly 1	SAME_UNASSIGNED	NOT_ASSIGNED			SUCCESS	0.834	0	0
7QUA	val	val	val	KEPT	KEPT		SAME_SPLIT	PT_EXCLUDED_BY_POLICY	0	0	SUCCESS	8.921	0	0
7R6N	val	val	val	KEPT	KEPT		SAME_SPLIT	PT_COMPLETE_BY_COUNT	200	0	SUCCESS	3.797	0	0
7REX	val			EXCLUDE_MULTI_RNA_CHAIN	EXCLUDE_MULTI_RNA_CHAIN	RNA_CHAIN_COUNT=3; required exactly 1	SAME_UNASSIGNED	NOT_ASSIGNED			SUCCESS	18.432	0	0
7RWR	val	val	val	KEPT	KEPT		SAME_SPLIT	PT_COMPLETE_BY_COUNT	200	0	SUCCESS	5.583	0	0
7SAM	val	val	val	KEPT	KEPT		SAME_SPLIT	PT_COMPLETE_BY_COUNT	200	0	SUCCESS	11.051	0	0
7SHX	val	val	val	KEPT	KEPT		SAME_SPLIT	PT_COMPLETE_BY_COUNT	200	0	SUCCESS	19.833	0	0
7SXP	val	val	val	KEPT	KEPT		SAME_SPLIT	PT_COMPLETE_BY_COUNT	200	0	SUCCESS	3.235	0	0
7TD7	val	val	val	KEPT	KEPT		SAME_SPLIT	PT_COMPLETE_BY_COUNT	200	0	SUCCESS	2.913	0	0
7TDA	val	val	val	KEPT	KEPT		SAME_SPLIT	PT_COMPLETE_BY_COUNT	200	0	SUCCESS	2.483	0	0
7TDB	val	val	val	KEPT	KEPT		SAME_SPLIT	PT_COMPLETE_BY_COUNT	200	0	SUCCESS	2.489	0	0
7TDC	val	val	val	KEPT	KEPT		SAME_SPLIT	PT_COMPLETE_BY_COUNT	200	0	SUCCESS	2.486	0	0
7TZR	val			EXCLUDE_MULTI_RNA_CHAIN	EXCLUDE_MULTI_RNA_CHAIN	RNA_CHAIN_COUNT=2; required exactly 1	SAME_UNASSIGNED	NOT_ASSIGNED			SUCCESS	28.372	0	0
7TZS	val			EXCLUDE_MULTI_RNA_CHAIN	EXCLUDE_MULTI_RNA_CHAIN	RNA_CHAIN_COUNT=2; required exactly 1	SAME_UNASSIGNED	NOT_ASSIGNED			SUCCESS	28.619	0	0
7TZT	val	val	val	KEPT	KEPT		SAME_SPLIT	PT_COMPLETE_BY_COUNT	200	0	SUCCESS	2.357	0	0
7TZU	val	val	val	KEPT	KEPT		SAME_SPLIT	PT_COMPLETE_BY_COUNT	200	0	SUCCESS	2.379	0	0
7U4A	val	val	val	KEPT	KEPT		SAME_SPLIT	PT_COMPLETE_BY_COUNT	200	0	SUCCESS	7.113	0	0
7U87	val			EXCLUDE_MULTI_RNA_CHAIN	EXCLUDE_MULTI_RNA_CHAIN	RNA_CHAIN_COUNT=2; required exactly 1	SAME_UNASSIGNED	NOT_ASSIGNED			SUCCESS	0.481	0	0
7U88	val			EXCLUDE_MULTI_RNA_CHAIN	EXCLUDE_MULTI_RNA_CHAIN	RNA_CHAIN_COUNT=2; required exactly 1	SAME_UNASSIGNED	NOT_ASSIGNED			SUCCESS	0.437	0	0
7U89	val			EXCLUDE_MULTI_RNA_CHAIN	EXCLUDE_MULTI_RNA_CHAIN	RNA_CHAIN_COUNT=2; required exactly 1	SAME_UNASSIGNED	NOT_ASSIGNED			SUCCESS	0.465	0	0
7U8A	val			EXCLUDE_MULTI_RNA_CHAIN	EXCLUDE_MULTI_RNA_CHAIN	RNA_CHAIN_COUNT=2; required exactly 1	SAME_UNASSIGNED	NOT_ASSIGNED			SUCCESS	0.398	0	0
7U8B	val			EXCLUDE_MULTI_RNA_CHAIN	EXCLUDE_MULTI_RNA_CHAIN	RNA_CHAIN_COUNT=2; required exactly 1	SAME_UNASSIGNED	NOT_ASSIGNED			SUCCESS	0.336	0	0
7UCR	val	val	val	KEPT	KEPT		SAME_SPLIT	PT_COMPLETE_BY_COUNT	200	0	SUCCESS	0.391	0	0
7UGA	val	val	val	KEPT	KEPT		SAME_SPLIT	PT_COMPLETE_BY_COUNT	200	0	SUCCESS	7.622	0	0
7UMC	val	val	val	KEPT	KEPT		SAME_SPLIT	PT_COMPLETE_BY_COUNT	200	0	SUCCESS	9.402	0	0
7UMD	val	val	val	KEPT	KEPT		SAME_SPLIT	PT_COMPLETE_BY_COUNT	200	0	SUCCESS	12.182	0	0
7UME	val	val	val	KEPT	KEPT		SAME_SPLIT	PT_COMPLETE_BY_COUNT	200	0	SUCCESS	3.171	0	0
7UQ6	val	val	val	KEPT	KEPT		SAME_SPLIT	PT_COMPLETE_BY_COUNT	200	0	SUCCESS	3.706	0	0
7UR5	val			EXCLUDE_MULTI_RNA_CHAIN	EXCLUDE_MULTI_RNA_CHAIN	RNA_CHAIN_COUNT=3; required exactly 1	SAME_UNASSIGNED	NOT_ASSIGNED			SUCCESS	36.491	0	0
7URI	val	val	val	KEPT	KEPT		SAME_SPLIT	PT_COMPLETE_BY_COUNT	200	0	SUCCESS	3.525	0	0
7URM	val	val	val	KEPT	KEPT		SAME_SPLIT	PT_COMPLETE_BY_COUNT	200	0	SUCCESS	4.417	0	0
7UVT	val	val	val	KEPT	KEPT		SAME_SPLIT	PT_COMPLETE_BY_COUNT	200	0	SUCCESS	6.246	0	0
7UZ0	val	val	val	KEPT	KEPT		SAME_SPLIT	PT_COMPLETE_BY_COUNT	200	0	SUCCESS	1.922	0	0
7V06	val	val	val	KEPT	KEPT		SAME_SPLIT	PT_COMPLETE_BY_COUNT	200	0	SUCCESS	3.225	0	0
7V9E	val	val	val	KEPT	KEPT		SAME_SPLIT	PT_COMPLETE_BY_COUNT	200	0	SUCCESS	13.219	0	0
7VFT	val	val	val	KEPT	KEPT		SAME_SPLIT	PT_COMPLETE_BY_COUNT	200	0	SUCCESS	20.692	0	0
7VNV	val			EXCLUDE_MULTI_RNA_CHAIN	EXCLUDE_MULTI_RNA_CHAIN	RNA_CHAIN_COUNT=2; required exactly 1	SAME_UNASSIGNED	NOT_ASSIGNED			SUCCESS	18.466	0	0
7VNW	val			EXCLUDE_MULTI_RNA_CHAIN	EXCLUDE_MULTI_RNA_CHAIN	RNA_CHAIN_COUNT=2; required exactly 1	SAME_UNASSIGNED	NOT_ASSIGNED			SUCCESS	16.242	0	0
7WI9	val	val	val	KEPT	KEPT		SAME_SPLIT	PT_COMPLETE_BY_COUNT	200	0	SUCCESS	4.438	0	0
7WIA	val	val	val	KEPT	KEPT		SAME_SPLIT	PT_COMPLETE_BY_COUNT	200	0	SUCCESS	9.758	0	0
7WIB	val	val	val	KEPT	KEPT		SAME_SPLIT	PT_COMPLETE_BY_COUNT	200	0	SUCCESS	3.33	0	0
7WIE	val	val	val	KEPT	KEPT		SAME_SPLIT	PT_COMPLETE_BY_COUNT	200	0	SUCCESS	4.009	0	0
7WIF	val	val	val	KEPT	KEPT		SAME_SPLIT	PT_COMPLETE_BY_COUNT	200	0	SUCCESS	3.94	0	0
7WII	val	val	val	KEPT	KEPT		SAME_SPLIT	PT_COMPLETE_BY_COUNT	200	0	SUCCESS	3.932	0	0
7XD3	val	val	val	KEPT	KEPT		SAME_SPLIT	PT_COMPLETE_BY_COUNT	200	0	SUCCESS	12.238	0	0
7XD4	val	val	val	KEPT	KEPT		SAME_SPLIT	PT_COMPLETE_BY_COUNT	200	0	SUCCESS	9.411	0	0
7XD5	val			EXCLUDE_MULTI_RNA_CHAIN	EXCLUDE_MULTI_RNA_CHAIN	RNA_CHAIN_COUNT=2; required exactly 1	SAME_UNASSIGNED	NOT_ASSIGNED			SUCCESS	2.686	0	0
7XD6	val			EXCLUDE_MULTI_RNA_CHAIN	EXCLUDE_MULTI_RNA_CHAIN	RNA_CHAIN_COUNT=2; required exactly 1	SAME_UNASSIGNED	NOT_ASSIGNED			SUCCESS	19.135	0	0
7XD7	val	val	val	KEPT	KEPT		SAME_SPLIT	PT_COMPLETE_BY_COUNT	200	0	SUCCESS	6.793	0	0
7XSK	val	val	val	KEPT	KEPT		SAME_SPLIT	PT_COMPLETE_BY_COUNT	200	0	SUCCESS	5.425	0	0
7XSL	val	val	val	KEPT	KEPT		SAME_SPLIT	PT_COMPLETE_BY_COUNT	200	0	SUCCESS	5.32	0	0
7XSM	val	val	val	KEPT	KEPT		SAME_SPLIT	PT_COMPLETE_BY_COUNT	200	0	SUCCESS	5.071	0	0
7XSN	val	val	val	KEPT	KEPT		SAME_SPLIT	PT_COMPLETE_BY_COUNT	200	0	SUCCESS	2.888	0	0
7Y2B	val	val	val	KEPT	KEPT		SAME_SPLIT	PT_COMPLETE_BY_COUNT	200	0	SUCCESS	11.324	0	0
7Y2P	val			EXCLUDE_MULTI_RNA_CHAIN	EXCLUDE_MULTI_RNA_CHAIN	RNA_CHAIN_COUNT=2; required exactly 1	SAME_UNASSIGNED	NOT_ASSIGNED			SUCCESS	1.539	0	0
7Y8P	val			EXCLUDE_MULTI_RNA_CHAIN	EXCLUDE_MULTI_RNA_CHAIN	RNA_CHAIN_COUNT=2; required exactly 1	SAME_UNASSIGNED	NOT_ASSIGNED			SUCCESS	0.928	0	0
7YC8	val	val	val	KEPT	KEPT		SAME_SPLIT	PT_COMPLETE_BY_COUNT	200	0	SUCCESS	4.046	0	0
7YCG	val			EXCLUDE_MULTI_RNA_CHAIN	EXCLUDE_MULTI_RNA_CHAIN	RNA_CHAIN_COUNT=2; required exactly 1	SAME_UNASSIGNED	NOT_ASSIGNED			SUCCESS	8.94	0	0
7YCH	val			EXCLUDE_MULTI_RNA_CHAIN	EXCLUDE_MULTI_RNA_CHAIN	RNA_CHAIN_COUNT=2; required exactly 1	SAME_UNASSIGNED	NOT_ASSIGNED			SUCCESS	1.709	0	0
7YCI	val			EXCLUDE_MULTI_RNA_CHAIN	EXCLUDE_MULTI_RNA_CHAIN	RNA_CHAIN_COUNT=2; required exactly 1	SAME_UNASSIGNED	NOT_ASSIGNED			SUCCESS	2.076	0	0
7YG8	val			EXCLUDE_MULTI_RNA_CHAIN	EXCLUDE_MULTI_RNA_CHAIN	RNA_CHAIN_COUNT=3; required exactly 1	SAME_UNASSIGNED	NOT_ASSIGNED			SUCCESS	4.753	0	0
7YG9	val			EXCLUDE_MULTI_RNA_CHAIN	EXCLUDE_MULTI_RNA_CHAIN	RNA_CHAIN_COUNT=3; required exactly 1	SAME_UNASSIGNED	NOT_ASSIGNED			missing_output		0	0
7YGA	val			EXCLUDE_MULTI_RNA_CHAIN	EXCLUDE_MULTI_RNA_CHAIN	RNA_CHAIN_COUNT=3; required exactly 1	SAME_UNASSIGNED	NOT_ASSIGNED			missing_output		0	0
7YGB	val			EXCLUDE_MULTI_RNA_CHAIN	EXCLUDE_MULTI_RNA_CHAIN	RNA_CHAIN_COUNT=3; required exactly 1	SAME_UNASSIGNED	NOT_ASSIGNED			SUCCESS	2.082	0	0
7YGC	val			EXCLUDE_MULTI_RNA_CHAIN	EXCLUDE_MULTI_RNA_CHAIN	RNA_CHAIN_COUNT=3; required exactly 1	SAME_UNASSIGNED	NOT_ASSIGNED			SUCCESS	9.072	0	0
7YGD	val			EXCLUDE_MULTI_RNA_CHAIN	EXCLUDE_MULTI_RNA_CHAIN	RNA_CHAIN_COUNT=3; required exactly 1	SAME_UNASSIGNED	NOT_ASSIGNED			SUCCESS	2.699	0	0
7ZFW	val		val	EXCLUDE_NO_STRICT_RANK1	KEPT		ADDED_VAL	NOT_ASSIGNED					0	0
7ZJ4	val	val	val	KEPT	KEPT		SAME_SPLIT	PT_GT30_NOT_SAVED	0	200	SUCCESS	53.018	0	0
7ZJ5	val	val	val	KEPT	KEPT		SAME_SPLIT	PT_GT30_NOT_SAVED	0	200	SUCCESS	37.567	0	0
8AMG	val			EXCLUDE_MULTI_RNA_CHAIN	EXCLUDE_MULTI_RNA_CHAIN	RNA_CHAIN_COUNT=12; required exactly 1	SAME_UNASSIGNED	NOT_ASSIGNED			SUCCESS	18.764	0	0
8AMI	val			EXCLUDE_MULTI_RNA_CHAIN	EXCLUDE_MULTI_RNA_CHAIN	RNA_CHAIN_COUNT=2; required exactly 1	SAME_UNASSIGNED	NOT_ASSIGNED			SUCCESS	1.391	0	0
8AMJ	val			EXCLUDE_MULTI_RNA_CHAIN	EXCLUDE_MULTI_RNA_CHAIN	RNA_CHAIN_COUNT=2; required exactly 1	SAME_UNASSIGNED	NOT_ASSIGNED			SUCCESS	0.942	0	0
8AMK	val			EXCLUDE_MULTI_RNA_CHAIN	EXCLUDE_MULTI_RNA_CHAIN	RNA_CHAIN_COUNT=28; required exactly 1	SAME_UNASSIGNED	NOT_ASSIGNED			SUCCESS	26.734	0	0
8AML	val			EXCLUDE_MULTI_RNA_CHAIN	EXCLUDE_MULTI_RNA_CHAIN	RNA_CHAIN_COUNT=28; required exactly 1	SAME_UNASSIGNED	NOT_ASSIGNED			SUCCESS	29.547	0	0
8AMM	val			EXCLUDE_MULTI_RNA_CHAIN	EXCLUDE_MULTI_RNA_CHAIN	RNA_CHAIN_COUNT=28; required exactly 1	SAME_UNASSIGNED	NOT_ASSIGNED			SUCCESS	26.124	0	0
8AMN	val			EXCLUDE_MULTI_RNA_CHAIN	EXCLUDE_MULTI_RNA_CHAIN	RNA_CHAIN_COUNT=28; required exactly 1	SAME_UNASSIGNED	NOT_ASSIGNED			SUCCESS	24.083	0	0
8BTZ	val	val	val	KEPT	KEPT		SAME_SPLIT	PT_COMPLETE_BY_COUNT	200	0	SUCCESS	19.164	0	0
8BU8	test	test	test	KEPT	KEPT		SAME_SPLIT	PT_GT30_NOT_SAVED	188	12	SUCCESS	29.662	0	0
8BWT	val	val	val	KEPT	KEPT		SAME_SPLIT	PT_COMPLETE_BY_COUNT	200	0	SUCCESS	2.885	0	0
8CF2	test			EXCLUDE_MULTI_RNA_CHAIN	EXCLUDE_MULTI_RNA_CHAIN	RNA_CHAIN_COUNT=2; required exactly 1	SAME_UNASSIGNED	NOT_ASSIGNED			SUCCESS	4.525	0	0
8CLM	val			EXCLUDE_MULTI_RNA_CHAIN	EXCLUDE_MULTI_RNA_CHAIN	RNA_CHAIN_COUNT=6; required exactly 1	SAME_UNASSIGNED	NOT_ASSIGNED			SUCCESS	9.68	0	0
8CLR	val	val	val	KEPT	KEPT		SAME_SPLIT	PT_COMPLETE_BY_COUNT	200	0	SUCCESS	1.178	0	0
8CQ1	val	val	val	KEPT	KEPT		SAME_SPLIT	PT_COMPLETE_BY_COUNT	200	0	SUCCESS	2.679	0	0
8D28	val			EXCLUDE_MULTI_RNA_CHAIN	EXCLUDE_MULTI_RNA_CHAIN	RNA_CHAIN_COUNT=2; required exactly 1	SAME_UNASSIGNED	NOT_ASSIGNED			SUCCESS	26.677	0	0
8D2A	val			EXCLUDE_MULTI_RNA_CHAIN	EXCLUDE_MULTI_RNA_CHAIN	RNA_CHAIN_COUNT=2; required exactly 1	SAME_UNASSIGNED	NOT_ASSIGNED			SUCCESS	20.557	0	0
8D2B	val			EXCLUDE_MULTI_RNA_CHAIN	EXCLUDE_MULTI_RNA_CHAIN	RNA_CHAIN_COUNT=2; required exactly 1	SAME_UNASSIGNED	NOT_ASSIGNED			SUCCESS	26.847	0	0
8D5L	val			EXCLUDE_MULTI_RNA_CHAIN	EXCLUDE_MULTI_RNA_CHAIN	RNA_CHAIN_COUNT=4; required exactly 1	SAME_UNASSIGNED	NOT_ASSIGNED			SUCCESS	23.143	0	0
8D5O	val			EXCLUDE_MULTI_RNA_CHAIN	EXCLUDE_MULTI_RNA_CHAIN	RNA_CHAIN_COUNT=2; required exactly 1	SAME_UNASSIGNED	NOT_ASSIGNED			SUCCESS	21.876	0	0
8EYU	val			EXCLUDE_MULTI_RNA_CHAIN	EXCLUDE_MULTI_RNA_CHAIN	RNA_CHAIN_COUNT=2; required exactly 1	SAME_UNASSIGNED	NOT_ASSIGNED			SUCCESS	8.444	0	0
8EYV	val			EXCLUDE_MULTI_RNA_CHAIN	EXCLUDE_MULTI_RNA_CHAIN	RNA_CHAIN_COUNT=2; required exactly 1	SAME_UNASSIGNED	NOT_ASSIGNED			SUCCESS	10.553	0	0
8EYW	val			EXCLUDE_MULTI_RNA_CHAIN	EXCLUDE_MULTI_RNA_CHAIN	RNA_CHAIN_COUNT=2; required exactly 1	SAME_UNASSIGNED	NOT_ASSIGNED			SUCCESS	11.359	0	0
8F0N	val			EXCLUDE_MULTI_RNA_CHAIN	EXCLUDE_MULTI_RNA_CHAIN	RNA_CHAIN_COUNT=2; required exactly 1	SAME_UNASSIGNED	NOT_ASSIGNED			SUCCESS	9.861	0	0
8F24	val			EXCLUDE_MULTI_RNA_CHAIN	EXCLUDE_MULTI_RNA_CHAIN	RNA_CHAIN_COUNT=6; required exactly 1	SAME_UNASSIGNED	NOT_ASSIGNED			missing_output		0	0
8F4O	val			EXCLUDE_MULTI_RNA_CHAIN	EXCLUDE_MULTI_RNA_CHAIN	RNA_CHAIN_COUNT=2; required exactly 1	SAME_UNASSIGNED	NOT_ASSIGNED			SUCCESS	18.895	0	0
8FB3	val			EXCLUDE_MULTI_RNA_CHAIN	EXCLUDE_MULTI_RNA_CHAIN	RNA_CHAIN_COUNT=3; required exactly 1	SAME_UNASSIGNED	NOT_ASSIGNED			SUCCESS	18.21	0	0
8FCS	val	val	val	KEPT	KEPT		SAME_SPLIT	PT_COMPLETE_BY_COUNT	200	0	SUCCESS	2.845	0	0
8FEO	test	test		KEPT	DROP_REFERENCE_HOMOLOG	Single RNA chain is homologous to final train/val	REMOVED_FROM_TEST	PT_COMPLETE_BY_COUNT	200	0	SUCCESS	14.494	1	1
8FEP	test	test		KEPT	DROP_REFERENCE_HOMOLOG	Single RNA chain is homologous to final train/val	REMOVED_FROM_TEST	PT_COMPLETE_BY_COUNT	200	0	SUCCESS	14.281	1	1
8FEQ	test	test		KEPT	DROP_REFERENCE_HOMOLOG	Single RNA chain is homologous to final train/val	REMOVED_FROM_TEST	PT_COMPLETE_BY_COUNT	200	0	SUCCESS	14.508	1	1
8FER	test			EXCLUDE_MULTI_RNA_CHAIN	EXCLUDE_MULTI_RNA_CHAIN	RNA_CHAIN_COUNT=2; required exactly 1	SAME_UNASSIGNED	NOT_ASSIGNED			SUCCESS	0.79	0	0
8FW4	val	val	val	KEPT	KEPT		SAME_SPLIT	PT_COMPLETE_BY_COUNT	200	0	SUCCESS	3.385	0	0
8FZA	val			EXCLUDE_MULTI_RNA_CHAIN	EXCLUDE_MULTI_RNA_CHAIN	RNA_CHAIN_COUNT=2; required exactly 1	SAME_UNASSIGNED	NOT_ASSIGNED			SUCCESS	26.227	0	0
8HB1	val			EXCLUDE_MULTI_RNA_CHAIN	EXCLUDE_MULTI_RNA_CHAIN	RNA_CHAIN_COUNT=2; required exactly 1	SAME_UNASSIGNED	NOT_ASSIGNED			SUCCESS	5.406	0	0
8HB3	val			EXCLUDE_MULTI_RNA_CHAIN	EXCLUDE_MULTI_RNA_CHAIN	RNA_CHAIN_COUNT=2; required exactly 1	SAME_UNASSIGNED	NOT_ASSIGNED			SUCCESS	7.539	0	0
8HB8	val	val	val	KEPT	KEPT		SAME_SPLIT	PT_COMPLETE_BY_COUNT	200	0	SUCCESS	9.532	0	0
8HBA	val			EXCLUDE_MULTI_RNA_CHAIN	EXCLUDE_MULTI_RNA_CHAIN	RNA_CHAIN_COUNT=2; required exactly 1	SAME_UNASSIGNED	NOT_ASSIGNED			SUCCESS	23.654	0	0
8HD6	val	val	val	KEPT	KEPT		SAME_SPLIT	PT_COMPLETE_BY_COUNT	200	0	SUCCESS	13.882	0	0
8HD7	val	val	val	KEPT	KEPT		SAME_SPLIT	PT_COMPLETE_BY_COUNT	200	0	SUCCESS	8.021	0	0
8HZD	test			EXCLUDE_MULTI_RNA_CHAIN	EXCLUDE_MULTI_RNA_CHAIN	RNA_CHAIN_COUNT=2; required exactly 1	SAME_UNASSIGNED	NOT_ASSIGNED			SUCCESS	14.678	0	0
8HZE	test			EXCLUDE_MULTI_RNA_CHAIN	EXCLUDE_MULTI_RNA_CHAIN	RNA_CHAIN_COUNT=2; required exactly 1	SAME_UNASSIGNED	NOT_ASSIGNED			SUCCESS	15.685	0	0
8HZF	test			EXCLUDE_MULTI_RNA_CHAIN	EXCLUDE_MULTI_RNA_CHAIN	RNA_CHAIN_COUNT=2; required exactly 1	SAME_UNASSIGNED	NOT_ASSIGNED			SUCCESS	27.935	0	0
8HZJ	test			EXCLUDE_MULTI_RNA_CHAIN	EXCLUDE_MULTI_RNA_CHAIN	RNA_CHAIN_COUNT=2; required exactly 1	SAME_UNASSIGNED	NOT_ASSIGNED			SUCCESS	27.719	0	0
8HZK	test			EXCLUDE_MULTI_RNA_CHAIN	EXCLUDE_MULTI_RNA_CHAIN	RNA_CHAIN_COUNT=2; required exactly 1	SAME_UNASSIGNED	NOT_ASSIGNED			SUCCESS	12.762	0	0
8HZL	test			EXCLUDE_MULTI_RNA_CHAIN	EXCLUDE_MULTI_RNA_CHAIN	RNA_CHAIN_COUNT=2; required exactly 1	SAME_UNASSIGNED	NOT_ASSIGNED			SUCCESS	33.385	0	0
8HZM	test			EXCLUDE_MULTI_RNA_CHAIN	EXCLUDE_MULTI_RNA_CHAIN	RNA_CHAIN_COUNT=2; required exactly 1	SAME_UNASSIGNED	NOT_ASSIGNED			SUCCESS	27.63	0	0
8I3Z	val			EXCLUDE_MULTI_RNA_CHAIN	EXCLUDE_MULTI_RNA_CHAIN	RNA_CHAIN_COUNT=2; required exactly 1	SAME_UNASSIGNED	NOT_ASSIGNED			SUCCESS	5.599	0	0
8I43	val	val	val	KEPT	KEPT		SAME_SPLIT	PT_COMPLETE_BY_COUNT	200	0	SUCCESS	5.434	0	0
8I44	val	val	val	KEPT	KEPT		SAME_SPLIT	PT_COMPLETE_BY_COUNT	200	0	SUCCESS	4.311	0	0
8I45	val	val	val	KEPT	KEPT		SAME_SPLIT	PT_COMPLETE_BY_COUNT	200	0	SUCCESS	3.245	0	0
8I46	val	val	val	KEPT	KEPT		SAME_SPLIT	PT_COMPLETE_BY_COUNT	200	0	SUCCESS	3.39	0	0
8I7N	val	val	val	KEPT	KEPT		SAME_SPLIT	PT_COMPLETE_BY_COUNT	200	0	SUCCESS	4.516	0	0
8ITS	test	test	test	KEPT	KEPT		SAME_SPLIT	PT_COMPLETE_BY_COUNT	200	0	SUCCESS	14.175	0	0
8JHP	test	test	test	KEPT	KEPT		SAME_SPLIT	PT_COMPLETE_BY_COUNT	200	0	SUCCESS	3.06	0	0
8K0P	test			EXCLUDE_MULTI_RNA_CHAIN	EXCLUDE_MULTI_RNA_CHAIN	RNA_CHAIN_COUNT=2; required exactly 1	SAME_UNASSIGNED	NOT_ASSIGNED			SUCCESS	60.618	0	0
8K0S	test			EXCLUDE_MULTI_RNA_CHAIN	EXCLUDE_MULTI_RNA_CHAIN	RNA_CHAIN_COUNT=2; required exactly 1	SAME_UNASSIGNED	NOT_ASSIGNED			SUCCESS	54.376	0	0
8K0Y	test			EXCLUDE_MULTI_RNA_CHAIN	EXCLUDE_MULTI_RNA_CHAIN	RNA_CHAIN_COUNT=2; required exactly 1	SAME_UNASSIGNED	NOT_ASSIGNED			SUCCESS	26.893	0	0
8K15	test	test	test	KEPT	KEPT		SAME_SPLIT	PT_GT30_NOT_SAVED	178	22	SUCCESS	28.804	0	0
8K1E	test			EXCLUDE_MULTI_RNA_CHAIN	EXCLUDE_MULTI_RNA_CHAIN	RNA_CHAIN_COUNT=2; required exactly 1	SAME_UNASSIGNED	NOT_ASSIGNED			SUCCESS	30.08	0	0
8K2Z	test			EXCLUDE_MULTI_RNA_CHAIN	EXCLUDE_MULTI_RNA_CHAIN	RNA_CHAIN_COUNT=2; required exactly 1	SAME_UNASSIGNED	NOT_ASSIGNED			SUCCESS	4.528	0	0
8K30	test			EXCLUDE_MULTI_RNA_CHAIN	EXCLUDE_MULTI_RNA_CHAIN	RNA_CHAIN_COUNT=2; required exactly 1	SAME_UNASSIGNED	NOT_ASSIGNED			SUCCESS	24.385	0	0
8K7W	test	test	test	KEPT	KEPT		SAME_SPLIT	PT_COMPLETE_BY_COUNT	200	0	SUCCESS	3.521	0	0
8K85	test			EXCLUDE_MULTI_RNA_CHAIN	EXCLUDE_MULTI_RNA_CHAIN	RNA_CHAIN_COUNT=2; required exactly 1	SAME_UNASSIGNED	NOT_ASSIGNED			SUCCESS	39.254	0	0
8K8B	test	test		KEPT	DROP_REFERENCE_HOMOLOG	Single RNA chain is homologous to final train/val	REMOVED_FROM_TEST	PT_COMPLETE_BY_COUNT	200	0	SUCCESS	2.341	2	2
8KEB	test			DROP_INTERNAL_REDUNDANT	DROP_INTERNAL_REDUNDANT	Non-representative member of a test homology component	SAME_UNASSIGNED	NOT_ASSIGNED			SUCCESS	3.555	0	0
8KED	test			DROP_INTERNAL_REDUNDANT	DROP_INTERNAL_REDUNDANT	Non-representative member of a test homology component	SAME_UNASSIGNED	NOT_ASSIGNED			SUCCESS	3.716	0	0
8KHH	test			EXCLUDE_MULTI_RNA_CHAIN	EXCLUDE_MULTI_RNA_CHAIN	RNA_CHAIN_COUNT=2; required exactly 1	SAME_UNASSIGNED	NOT_ASSIGNED			SUCCESS	20.057	0	0
8OLS	test			DROP_REFERENCE_HOMOLOG	DROP_REFERENCE_HOMOLOG	Single RNA chain is homologous to final train/val	SAME_UNASSIGNED	NOT_ASSIGNED			SUCCESS	0.894	15	0
8OLV	test			DROP_REFERENCE_HOMOLOG	DROP_REFERENCE_HOMOLOG	Single RNA chain is homologous to final train/val	SAME_UNASSIGNED	NOT_ASSIGNED			SUCCESS	1.177	15	0
8OLW	test			DROP_REFERENCE_HOMOLOG	DROP_REFERENCE_HOMOLOG	Single RNA chain is homologous to final train/val	SAME_UNASSIGNED	NOT_ASSIGNED			SUCCESS	0.993	15	0
8OLY	test			EXCLUDE_MULTI_RNA_CHAIN	EXCLUDE_MULTI_RNA_CHAIN	RNA_CHAIN_COUNT=2; required exactly 1	SAME_UNASSIGNED	NOT_ASSIGNED			SUCCESS	0.647	0	0
8OLZ	test			EXCLUDE_MULTI_RNA_CHAIN	EXCLUDE_MULTI_RNA_CHAIN	RNA_CHAIN_COUNT=2; required exactly 1	SAME_UNASSIGNED	NOT_ASSIGNED			missing_output		0	0
8OM0	test			DROP_REFERENCE_HOMOLOG	DROP_REFERENCE_HOMOLOG	Single RNA chain is homologous to final train/val	SAME_UNASSIGNED	NOT_ASSIGNED			SUCCESS	1.475	15	0
8PFK	test			DROP_REFERENCE_HOMOLOG	DROP_REFERENCE_HOMOLOG	Single RNA chain is homologous to final train/val	SAME_UNASSIGNED	NOT_ASSIGNED			SUCCESS	9.465	9	9
8PFQ	test			EXCLUDE_MULTI_RNA_CHAIN	EXCLUDE_MULTI_RNA_CHAIN	RNA_CHAIN_COUNT=2; required exactly 1	SAME_UNASSIGNED	NOT_ASSIGNED			SUCCESS	0.875	0	0
8Q4O	test	test	test	KEPT	KEPT		SAME_SPLIT	PT_COMPLETE_BY_COUNT	200	0	SUCCESS	9.546	0	0
8Q6N	test	test	test	KEPT	KEPT		SAME_SPLIT	PT_COMPLETE_BY_COUNT	200	0	SUCCESS	1.885	0	0
8QMH	test			EXCLUDE_MULTI_RNA_CHAIN	EXCLUDE_MULTI_RNA_CHAIN	RNA_CHAIN_COUNT=4; required exactly 1	SAME_UNASSIGNED	NOT_ASSIGNED			SUCCESS	9.659	0	0
8QMI	test			EXCLUDE_MULTI_RNA_CHAIN	EXCLUDE_MULTI_RNA_CHAIN	RNA_CHAIN_COUNT=4; required exactly 1	SAME_UNASSIGNED	NOT_ASSIGNED			SUCCESS	9.416	0	0
8QO2	test	test	test	KEPT	KEPT		SAME_SPLIT	PT_GT30_NOT_SAVED	44	156	SUCCESS	37.01	0	0
8QO3	test	test	test	KEPT	KEPT		SAME_SPLIT	PT_COMPLETE_BY_COUNT	200	0	SUCCESS	17.537	0	0
8QO4	test			DROP_REFERENCE_HOMOLOG	DROP_REFERENCE_HOMOLOG	Single RNA chain is homologous to final train/val	SAME_UNASSIGNED	NOT_ASSIGNED			SUCCESS	16.7	6	0
8QO5	test			DROP_REFERENCE_HOMOLOG	DROP_REFERENCE_HOMOLOG	Single RNA chain is homologous to final train/val	SAME_UNASSIGNED	NOT_ASSIGNED			SUCCESS	24.878	2	0
8R62	test			EXCLUDE_MULTI_RNA_CHAIN	EXCLUDE_MULTI_RNA_CHAIN	RNA_CHAIN_COUNT=2; required exactly 1	SAME_UNASSIGNED	NOT_ASSIGNED			SUCCESS	3.21	0	0
8R63	test			EXCLUDE_MULTI_RNA_CHAIN	EXCLUDE_MULTI_RNA_CHAIN	RNA_CHAIN_COUNT=2; required exactly 1	SAME_UNASSIGNED	NOT_ASSIGNED			SUCCESS	3.262	0	0
8R8P	test			EXCLUDE_MULTI_RNA_CHAIN	EXCLUDE_MULTI_RNA_CHAIN	RNA_CHAIN_COUNT=2; required exactly 1	SAME_UNASSIGNED	NOT_ASSIGNED			SUCCESS	3.176	0	0
8RUH	test			EXCLUDE_MULTI_RNA_CHAIN	EXCLUDE_MULTI_RNA_CHAIN	RNA_CHAIN_COUNT=2; required exactly 1	SAME_UNASSIGNED	NOT_ASSIGNED			SUCCESS	0.785	0	0
8RUI	test			DROP_REFERENCE_HOMOLOG	DROP_REFERENCE_HOMOLOG	Single RNA chain is homologous to final train/val	SAME_UNASSIGNED	NOT_ASSIGNED			SUCCESS	0.877	15	0
8RUJ	test			DROP_REFERENCE_HOMOLOG	DROP_REFERENCE_HOMOLOG	Single RNA chain is homologous to final train/val	SAME_UNASSIGNED	NOT_ASSIGNED			SUCCESS	0.915	15	0
8RUK	test			DROP_REFERENCE_HOMOLOG	DROP_REFERENCE_HOMOLOG	Single RNA chain is homologous to final train/val	SAME_UNASSIGNED	NOT_ASSIGNED			SUCCESS	1.223	15	0
8RUL	test			DROP_REFERENCE_HOMOLOG	DROP_REFERENCE_HOMOLOG	Single RNA chain is homologous to final train/val	SAME_UNASSIGNED	NOT_ASSIGNED			SUCCESS	1.23	15	0
8RUM	test			DROP_REFERENCE_HOMOLOG	DROP_REFERENCE_HOMOLOG	Single RNA chain is homologous to final train/val	SAME_UNASSIGNED	NOT_ASSIGNED			SUCCESS	1.929	15	0
8RUN	test			DROP_REFERENCE_HOMOLOG	DROP_REFERENCE_HOMOLOG	Single RNA chain is homologous to final train/val	SAME_UNASSIGNED	NOT_ASSIGNED			SUCCESS	1.533	15	0
8S6W	test			EXCLUDE_MULTI_RNA_CHAIN	EXCLUDE_MULTI_RNA_CHAIN	RNA_CHAIN_COUNT=4; required exactly 1	SAME_UNASSIGNED	NOT_ASSIGNED			SUCCESS	28.232	0	0
8S95	val	val	val	KEPT	KEPT		SAME_SPLIT	PT_COMPLETE_BY_COUNT	200	0	SUCCESS	18.172	0	0
8SA2	val			EXCLUDE_MULTI_RNA_CHAIN	EXCLUDE_MULTI_RNA_CHAIN	RNA_CHAIN_COUNT=2; required exactly 1	SAME_UNASSIGNED	NOT_ASSIGNED			SUCCESS	55.875	0	0
8SA3	val			EXCLUDE_MULTI_RNA_CHAIN	EXCLUDE_MULTI_RNA_CHAIN	RNA_CHAIN_COUNT=2; required exactly 1	SAME_UNASSIGNED	NOT_ASSIGNED			SUCCESS	47.756	0	0
8SA4	val			EXCLUDE_MULTI_RNA_CHAIN	EXCLUDE_MULTI_RNA_CHAIN	RNA_CHAIN_COUNT=2; required exactly 1	SAME_UNASSIGNED	NOT_ASSIGNED			SUCCESS	7.704	0	0
8SA5	val			EXCLUDE_MULTI_RNA_CHAIN	EXCLUDE_MULTI_RNA_CHAIN	RNA_CHAIN_COUNT=2; required exactly 1	SAME_UNASSIGNED	NOT_ASSIGNED			SUCCESS	19.904	0	0
8SA6	val			EXCLUDE_MULTI_RNA_CHAIN	EXCLUDE_MULTI_RNA_CHAIN	RNA_CHAIN_COUNT=2; required exactly 1	SAME_UNASSIGNED	NOT_ASSIGNED			SUCCESS	26.127	0	0
8SCF	val	val	val	KEPT	KEPT		SAME_SPLIT	PT_COMPLETE_BY_COUNT	200	0	SUCCESS	2.728	0	0
8SCH	val	val	val	KEPT	KEPT		SAME_SPLIT	PT_COMPLETE_BY_COUNT	200	0	SUCCESS	24.01	0	0
8SKQ	test			EXCLUDE_NO_STRICT_RANK1	DROP_REFERENCE_HOMOLOG	Single RNA chain is homologous to final train/val	SAME_UNASSIGNED	NOT_ASSIGNED					1	1
8SP9	val	val	val	KEPT	KEPT		SAME_SPLIT	PT_COMPLETE_BY_COUNT	200	0	SUCCESS	25.139	0	0
8SWG	val			EXCLUDE_MULTI_RNA_CHAIN	EXCLUDE_MULTI_RNA_CHAIN	RNA_CHAIN_COUNT=2; required exactly 1	SAME_UNASSIGNED	NOT_ASSIGNED			SUCCESS	0.458	0	0
8SWO	val			EXCLUDE_MULTI_RNA_CHAIN	EXCLUDE_MULTI_RNA_CHAIN	RNA_CHAIN_COUNT=2; required exactly 1	SAME_UNASSIGNED	NOT_ASSIGNED			SUCCESS	0.427	0	0
8SX5	val			EXCLUDE_MULTI_RNA_CHAIN	EXCLUDE_MULTI_RNA_CHAIN	RNA_CHAIN_COUNT=2; required exactly 1	SAME_UNASSIGNED	NOT_ASSIGNED			SUCCESS	0.621	0	0
8SX6	val			EXCLUDE_MULTI_RNA_CHAIN	EXCLUDE_MULTI_RNA_CHAIN	RNA_CHAIN_COUNT=2; required exactly 1	SAME_UNASSIGNED	NOT_ASSIGNED			SUCCESS	0.386	0	0
8SXL	val			EXCLUDE_MULTI_RNA_CHAIN	EXCLUDE_MULTI_RNA_CHAIN	RNA_CHAIN_COUNT=2; required exactly 1	SAME_UNASSIGNED	NOT_ASSIGNED			SUCCESS	0.625	0	0
8SY1	val			EXCLUDE_MULTI_RNA_CHAIN	EXCLUDE_MULTI_RNA_CHAIN	RNA_CHAIN_COUNT=4; required exactly 1	SAME_UNASSIGNED	NOT_ASSIGNED			SUCCESS	11.981	0	0
8SYK	test			EXCLUDE_MULTI_RNA_CHAIN	EXCLUDE_MULTI_RNA_CHAIN	RNA_CHAIN_COUNT=4; required exactly 1	SAME_UNASSIGNED	NOT_ASSIGNED			SUCCESS	32.845	0	0
8T2P	test			EXCLUDE_MULTI_RNA_CHAIN	EXCLUDE_MULTI_RNA_CHAIN	RNA_CHAIN_COUNT=2; required exactly 1	SAME_UNASSIGNED	NOT_ASSIGNED			SUCCESS	40.258	0	0
8T5O	test	test	test	KEPT	KEPT		SAME_SPLIT	PT_COMPLETE_BY_COUNT	200	0	SUCCESS	4.78	0	0
8TDY	test	test		KEPT	DROP_REFERENCE_HOMOLOG	Single RNA chain is homologous to final train/val	REMOVED_FROM_TEST	PT_COMPLETE_BY_COUNT	200	0	SUCCESS	14.444	1	1
8TDZ	test	test		KEPT	DROP_REFERENCE_HOMOLOG	Single RNA chain is homologous to final train/val	REMOVED_FROM_TEST	PT_COMPLETE_BY_COUNT	200	0	SUCCESS	14.454	1	1
8TE0	test	test		KEPT	DROP_REFERENCE_HOMOLOG	Single RNA chain is homologous to final train/val	REMOVED_FROM_TEST	PT_COMPLETE_BY_COUNT	200	0	SUCCESS	14.701	1	1
8TE2	test	test		KEPT	DROP_REFERENCE_HOMOLOG	Single RNA chain is homologous to final train/val	REMOVED_FROM_TEST	PT_COMPLETE_BY_COUNT	200	0	SUCCESS	14.453	1	1
8THV	val	val	val	KEPT	KEPT		SAME_SPLIT	PT_COMPLETE_BY_COUNT	200	0	SUCCESS	3.792	0	0
8TJQ	val	val	val	KEPT	KEPT		SAME_SPLIT	PT_COMPLETE_BY_COUNT	200	0	SUCCESS	4.013	0	0
8TJV	val	val	val	KEPT	KEPT		SAME_SPLIT	PT_COMPLETE_BY_COUNT	200	0	SUCCESS	6.833	0	0
8TJX	val	val	val	KEPT	KEPT		SAME_SPLIT	PT_COMPLETE_BY_COUNT	200	0	SUCCESS	4.681	0	0
8TKJ	test			DROP_INTERNAL_REDUNDANT	DROP_INTERNAL_REDUNDANT	Non-representative member of a test homology component	SAME_UNASSIGNED	NOT_ASSIGNED			SUCCESS	4.57	0	0
8TKK	test			DROP_INTERNAL_REDUNDANT	DROP_INTERNAL_REDUNDANT	Non-representative member of a test homology component	SAME_UNASSIGNED	NOT_ASSIGNED			SUCCESS	18.456	0	0
8TNS	val	val	val	KEPT	KEPT		SAME_SPLIT	PT_COMPLETE_BY_COUNT	200	0	SUCCESS	10.621	0	0
8TOZ	test			DROP_REFERENCE_HOMOLOG	DROP_REFERENCE_HOMOLOG	Single RNA chain is homologous to final train/val	SAME_UNASSIGNED	NOT_ASSIGNED			SUCCESS	10.566	3	0
8TQX	test			EXCLUDE_MULTI_RNA_CHAIN	EXCLUDE_MULTI_RNA_CHAIN	RNA_CHAIN_COUNT=2; required exactly 1	SAME_UNASSIGNED	NOT_ASSIGNED			SUCCESS	1.772	0	0
8TSV	test			EXCLUDE_MULTI_RNA_CHAIN	EXCLUDE_MULTI_RNA_CHAIN	RNA_CHAIN_COUNT=4; required exactly 1	SAME_UNASSIGNED	NOT_ASSIGNED			SUCCESS	15.356	0	0
8TVZ	test	test	test	KEPT	KEPT		SAME_SPLIT	PT_GT30_NOT_SAVED	0	200	SUCCESS	41.25	0	0
8U3M	val	val	val	KEPT	KEPT		SAME_SPLIT	PT_COMPLETE_BY_COUNT	200	0	SUCCESS	6.226	0	0
8U5J	test			DROP_REFERENCE_HOMOLOG	DROP_REFERENCE_HOMOLOG	Single RNA chain is homologous to final train/val	SAME_UNASSIGNED	NOT_ASSIGNED			SUCCESS	1.87	2	2
8U5K	test			EXCLUDE_MULTI_RNA_CHAIN	EXCLUDE_MULTI_RNA_CHAIN	RNA_CHAIN_COUNT=3; required exactly 1	SAME_UNASSIGNED	NOT_ASSIGNED			SUCCESS	19.539	0	0
8U5P	test			EXCLUDE_MULTI_RNA_CHAIN	EXCLUDE_MULTI_RNA_CHAIN	RNA_CHAIN_COUNT=3; required exactly 1	SAME_UNASSIGNED	NOT_ASSIGNED			SUCCESS	17.524	0	0
8U5R	test			EXCLUDE_MULTI_RNA_CHAIN	EXCLUDE_MULTI_RNA_CHAIN	RNA_CHAIN_COUNT=3; required exactly 1	SAME_UNASSIGNED	NOT_ASSIGNED			SUCCESS	17.303	0	0
8U5T	test			EXCLUDE_MULTI_RNA_CHAIN	EXCLUDE_MULTI_RNA_CHAIN	RNA_CHAIN_COUNT=3; required exactly 1	SAME_UNASSIGNED	NOT_ASSIGNED			SUCCESS	20.304	0	0
8U5Z	test			EXCLUDE_MULTI_RNA_CHAIN	EXCLUDE_MULTI_RNA_CHAIN	RNA_CHAIN_COUNT=3; required exactly 1	SAME_UNASSIGNED	NOT_ASSIGNED			SUCCESS	20.319	0	0
8U60	test			EXCLUDE_MULTI_RNA_CHAIN	EXCLUDE_MULTI_RNA_CHAIN	RNA_CHAIN_COUNT=3; required exactly 1	SAME_UNASSIGNED	NOT_ASSIGNED			SUCCESS	19.19	0	0
8UO6	test			EXCLUDE_MULTI_RNA_CHAIN	EXCLUDE_MULTI_RNA_CHAIN	RNA_CHAIN_COUNT=2; required exactly 1	SAME_UNASSIGNED	NOT_ASSIGNED			SUCCESS	27.446	0	0
8UPT	test	test	test	KEPT	KEPT		SAME_SPLIT	PT_COMPLETE_BY_COUNT	200	0	SUCCESS	3.665	0	0
8UPY	test	test	test	KEPT	KEPT		SAME_SPLIT	PT_COMPLETE_BY_COUNT	200	0	SUCCESS	3.85	0	0
8UTG	test			EXCLUDE_MULTI_RNA_CHAIN	EXCLUDE_MULTI_RNA_CHAIN	RNA_CHAIN_COUNT=2; required exactly 1	SAME_UNASSIGNED	NOT_ASSIGNED			SUCCESS	10.033	0	0
8UYE	val	val	val	KEPT	KEPT		SAME_SPLIT	PT_GT30_NOT_SAVED	147	53	SUCCESS	20.555	0	0
8UYG	val	val	val	KEPT	KEPT		SAME_SPLIT	PT_GT30_NOT_SAVED	155	45	SUCCESS	19.428	0	0
8UYJ	val	val	val	KEPT	KEPT		SAME_SPLIT	PT_COMPLETE_BY_COUNT	200	0	SUCCESS	14.378	0	0
8UYK	val	val	val	KEPT	KEPT		SAME_SPLIT	PT_COMPLETE_BY_COUNT	200	0	SUCCESS	16.481	0	0
8UYL	val	val	val	KEPT	KEPT		SAME_SPLIT	PT_COMPLETE_BY_COUNT	200	0	SUCCESS	17.183	0	0
8UYM	val	val	val	KEPT	KEPT		SAME_SPLIT	PT_COMPLETE_BY_COUNT	200	0	SUCCESS	12.036	0	0
8UYP	val	val	val	KEPT	KEPT		SAME_SPLIT	PT_COMPLETE_BY_COUNT	200	0	SUCCESS	27.355	0	0
8UYS	val	val	val	KEPT	KEPT		SAME_SPLIT	PT_COMPLETE_BY_COUNT	200	0	SUCCESS	17.839	0	0
8V1H	test	test	test	KEPT	KEPT		SAME_SPLIT	PT_COMPLETE_BY_COUNT	200	0	SUCCESS	2.305	0	0
8V1I	test			EXCLUDE_MULTI_RNA_CHAIN	EXCLUDE_MULTI_RNA_CHAIN	RNA_CHAIN_COUNT=2; required exactly 1	SAME_UNASSIGNED	NOT_ASSIGNED			SUCCESS	23.293	0	0
8VAW	test			EXCLUDE_MULTI_RNA_CHAIN	EXCLUDE_MULTI_RNA_CHAIN	RNA_CHAIN_COUNT=2; required exactly 1	SAME_UNASSIGNED	NOT_ASSIGNED			SUCCESS	0.373	0	0
8VAX	test			EXCLUDE_MULTI_RNA_CHAIN	EXCLUDE_MULTI_RNA_CHAIN	RNA_CHAIN_COUNT=2; required exactly 1	SAME_UNASSIGNED	NOT_ASSIGNED			SUCCESS	0.399	0	0
8VCI	test	test	test	KEPT	KEPT		SAME_SPLIT	PT_COMPLETE_BY_COUNT	200	0	SUCCESS	25.293	0	0
8VFS	test			EXCLUDE_MULTI_RNA_CHAIN	EXCLUDE_MULTI_RNA_CHAIN	RNA_CHAIN_COUNT=2; required exactly 1	SAME_UNASSIGNED	NOT_ASSIGNED			SUCCESS	1.81	0	0
8VJT	test			EXCLUDE_MULTI_RNA_CHAIN	EXCLUDE_MULTI_RNA_CHAIN	RNA_CHAIN_COUNT=2; required exactly 1	SAME_UNASSIGNED	NOT_ASSIGNED			SUCCESS	8.928	0	0
8VPV	test			DROP_REFERENCE_HOMOLOG	DROP_REFERENCE_HOMOLOG	Single RNA chain is homologous to final train/val	SAME_UNASSIGNED	NOT_ASSIGNED			SUCCESS	9.104	3	0
8VQV	test			DROP_REFERENCE_HOMOLOG	DROP_REFERENCE_HOMOLOG	Single RNA chain is homologous to final train/val	SAME_UNASSIGNED	NOT_ASSIGNED			SUCCESS	1.253	2	0
8VT5	test	test	test	KEPT	KEPT		SAME_SPLIT	PT_COMPLETE_BY_COUNT	200	0	SUCCESS	1.636	0	0
8VVJ	test			DROP_REFERENCE_HOMOLOG	DROP_REFERENCE_HOMOLOG	Single RNA chain is homologous to final train/val	SAME_UNASSIGNED	NOT_ASSIGNED			SUCCESS	2.568	2	0
8VXX	test			EXCLUDE_MULTI_RNA_CHAIN	EXCLUDE_MULTI_RNA_CHAIN	RNA_CHAIN_COUNT=3; required exactly 1	SAME_UNASSIGNED	NOT_ASSIGNED			SUCCESS	17.677	0	0
8VXZ	test			EXCLUDE_MULTI_RNA_CHAIN	EXCLUDE_MULTI_RNA_CHAIN	RNA_CHAIN_COUNT=3; required exactly 1	SAME_UNASSIGNED	NOT_ASSIGNED			SUCCESS	16.18	0	0
8VY0	test			EXCLUDE_MULTI_RNA_CHAIN	EXCLUDE_MULTI_RNA_CHAIN	RNA_CHAIN_COUNT=3; required exactly 1	SAME_UNASSIGNED	NOT_ASSIGNED			SUCCESS	18.284	0	0
8VY1	test			EXCLUDE_MULTI_RNA_CHAIN	EXCLUDE_MULTI_RNA_CHAIN	RNA_CHAIN_COUNT=3; required exactly 1	SAME_UNASSIGNED	NOT_ASSIGNED			SUCCESS	16.539	0	0
8X0S	test			EXCLUDE_MULTI_RNA_CHAIN	EXCLUDE_MULTI_RNA_CHAIN	RNA_CHAIN_COUNT=2; required exactly 1	SAME_UNASSIGNED	NOT_ASSIGNED			SUCCESS	8.75	0	0
8X9K	test			DROP_INTERNAL_REDUNDANT	DROP_INTERNAL_REDUNDANT	Non-representative member of a test homology component	SAME_UNASSIGNED	NOT_ASSIGNED			SUCCESS	51.347	0	0
8X9L	test			EXCLUDE_MULTI_RNA_CHAIN	EXCLUDE_MULTI_RNA_CHAIN	RNA_CHAIN_COUNT=2; required exactly 1	SAME_UNASSIGNED	NOT_ASSIGNED			SUCCESS	44.256	0	0
8X9M	test			DROP_INTERNAL_REDUNDANT	DROP_INTERNAL_REDUNDANT	Non-representative member of a test homology component	SAME_UNASSIGNED	NOT_ASSIGNED			SUCCESS	40.618	0	0
8X9N	test			EXCLUDE_MULTI_RNA_CHAIN	EXCLUDE_MULTI_RNA_CHAIN	RNA_CHAIN_COUNT=2; required exactly 1	SAME_UNASSIGNED	NOT_ASSIGNED			SUCCESS	52.863	0	0
8X9O	test			DROP_INTERNAL_REDUNDANT	DROP_INTERNAL_REDUNDANT	Non-representative member of a test homology component	SAME_UNASSIGNED	NOT_ASSIGNED			SUCCESS	40.678	0	0
8X9Q	test			DROP_INTERNAL_REDUNDANT	DROP_INTERNAL_REDUNDANT	Non-representative member of a test homology component	SAME_UNASSIGNED	NOT_ASSIGNED			SUCCESS	43.351	0	0
8XTP	test			EXCLUDE_MULTI_RNA_CHAIN	EXCLUDE_MULTI_RNA_CHAIN	RNA_CHAIN_COUNT=2; required exactly 1	SAME_UNASSIGNED	NOT_ASSIGNED			SUCCESS	46.636	0	0
8XTQ	test			DROP_INTERNAL_REDUNDANT	DROP_INTERNAL_REDUNDANT	Non-representative member of a test homology component	SAME_UNASSIGNED	NOT_ASSIGNED			SUCCESS	39.032	0	0
8XTR	test			EXCLUDE_MULTI_RNA_CHAIN	EXCLUDE_MULTI_RNA_CHAIN	RNA_CHAIN_COUNT=2; required exactly 1	SAME_UNASSIGNED	NOT_ASSIGNED			SUCCESS	45.317	0	0
8XTS	test	test	test	KEPT	KEPT		SAME_SPLIT	PT_GT30_NOT_SAVED	0	200	SUCCESS	42.587	0	0
8XZE	test			DROP_INTERNAL_REDUNDANT	DROP_INTERNAL_REDUNDANT	Non-representative member of a test homology component	SAME_UNASSIGNED	NOT_ASSIGNED			SUCCESS	5.491	0	0
8XZK	test			DROP_INTERNAL_REDUNDANT	DROP_INTERNAL_REDUNDANT	Non-representative member of a test homology component	SAME_UNASSIGNED	NOT_ASSIGNED			SUCCESS	4.622	0	0
8XZL	test			DROP_INTERNAL_REDUNDANT	DROP_INTERNAL_REDUNDANT	Non-representative member of a test homology component	SAME_UNASSIGNED	NOT_ASSIGNED			SUCCESS	5.582	0	0
8XZM	test			DROP_INTERNAL_REDUNDANT	DROP_INTERNAL_REDUNDANT	Non-representative member of a test homology component	SAME_UNASSIGNED	NOT_ASSIGNED			SUCCESS	4.572	0	0
8XZN	test			DROP_INTERNAL_REDUNDANT	DROP_INTERNAL_REDUNDANT	Non-representative member of a test homology component	SAME_UNASSIGNED	NOT_ASSIGNED			SUCCESS	5.389	0	0
8XZO	test	test	test	KEPT	KEPT		SAME_SPLIT	PT_COMPLETE_BY_COUNT	200	0	SUCCESS	3.769	0	0
8XZP	test			DROP_INTERNAL_REDUNDANT	DROP_INTERNAL_REDUNDANT	Non-representative member of a test homology component	SAME_UNASSIGNED	NOT_ASSIGNED			SUCCESS	5.207	0	0
8XZQ	test			DROP_INTERNAL_REDUNDANT	DROP_INTERNAL_REDUNDANT	Non-representative member of a test homology component	SAME_UNASSIGNED	NOT_ASSIGNED			SUCCESS	3.379	0	0
8XZR	test			DROP_INTERNAL_REDUNDANT	DROP_INTERNAL_REDUNDANT	Non-representative member of a test homology component	SAME_UNASSIGNED	NOT_ASSIGNED			SUCCESS	5.341	0	0
8XZW	test			DROP_INTERNAL_REDUNDANT	DROP_INTERNAL_REDUNDANT	Non-representative member of a test homology component	SAME_UNASSIGNED	NOT_ASSIGNED			SUCCESS	5.134	0	0
8YAM	test	test		KEPT	DROP_REFERENCE_HOMOLOG	Single RNA chain is homologous to final train/val	REMOVED_FROM_TEST	PT_EXCLUDED_BY_POLICY	0	0	SUCCESS	0.72	12	12
8YAN	test	test		KEPT	DROP_REFERENCE_HOMOLOG	Single RNA chain is homologous to final train/val	REMOVED_FROM_TEST	PT_EXCLUDED_BY_POLICY	0	0	SUCCESS	0.781	12	12
8YNO	test			EXCLUDE_MULTI_RNA_CHAIN	EXCLUDE_MULTI_RNA_CHAIN	RNA_CHAIN_COUNT=2; required exactly 1	SAME_UNASSIGNED	NOT_ASSIGNED			SUCCESS	0.545	0	0
8YNP	test			EXCLUDE_MULTI_RNA_CHAIN	EXCLUDE_MULTI_RNA_CHAIN	RNA_CHAIN_COUNT=2; required exactly 1	SAME_UNASSIGNED	NOT_ASSIGNED			SUCCESS	0.679	0	0
8YZL	test			EXCLUDE_MULTI_RNA_CHAIN	EXCLUDE_MULTI_RNA_CHAIN	RNA_CHAIN_COUNT=2; required exactly 1	SAME_UNASSIGNED	NOT_ASSIGNED			SUCCESS	0.701	0	0
8Z8Q	test			EXCLUDE_MULTI_RNA_CHAIN	EXCLUDE_MULTI_RNA_CHAIN	RNA_CHAIN_COUNT=2; required exactly 1	SAME_UNASSIGNED	NOT_ASSIGNED			SUCCESS	25.594	0	0
8Z8U	test			EXCLUDE_MULTI_RNA_CHAIN	EXCLUDE_MULTI_RNA_CHAIN	RNA_CHAIN_COUNT=2; required exactly 1	SAME_UNASSIGNED	NOT_ASSIGNED			SUCCESS	30.413	0	0
8Z9K	test			EXCLUDE_MULTI_RNA_CHAIN	EXCLUDE_MULTI_RNA_CHAIN	RNA_CHAIN_COUNT=2; required exactly 1	SAME_UNASSIGNED	NOT_ASSIGNED			SUCCESS	31.045	0	0
8ZA0	test			EXCLUDE_MULTI_RNA_CHAIN	EXCLUDE_MULTI_RNA_CHAIN	RNA_CHAIN_COUNT=6; required exactly 1	SAME_UNASSIGNED	NOT_ASSIGNED			SUCCESS	18.693	0	0
8ZA4	test			EXCLUDE_MULTI_RNA_CHAIN	EXCLUDE_MULTI_RNA_CHAIN	RNA_CHAIN_COUNT=6; required exactly 1	SAME_UNASSIGNED	NOT_ASSIGNED			SUCCESS	19.591	0	0
8ZAU	test			DROP_REFERENCE_HOMOLOG	DROP_REFERENCE_HOMOLOG	Single RNA chain is homologous to final train/val	SAME_UNASSIGNED	NOT_ASSIGNED			SUCCESS	19.06	1	0
8ZMH	test			DROP_REFERENCE_HOMOLOG	DROP_REFERENCE_HOMOLOG	Single RNA chain is homologous to final train/val	SAME_UNASSIGNED	NOT_ASSIGNED			SUCCESS	8.799	1	0
8ZNQ	test	test	test	KEPT	KEPT		SAME_SPLIT	PT_COMPLETE_BY_COUNT	200	0	SUCCESS	3.33	0	0
9BCI	test	test	test	KEPT	KEPT		SAME_SPLIT	PT_COMPLETE_BY_COUNT	200	0	SUCCESS	2.968	0	0
9BLM	test	test	test	KEPT	KEPT		SAME_SPLIT	PT_COMPLETE_BY_COUNT	200	0	SUCCESS	4.085	0	0
9BUN	test			EXCLUDE_MULTI_RNA_CHAIN	EXCLUDE_MULTI_RNA_CHAIN	RNA_CHAIN_COUNT=4; required exactly 1	SAME_UNASSIGNED	NOT_ASSIGNED			SUCCESS	26.878	0	0
9BXE	test			EXCLUDE_MULTI_RNA_CHAIN	EXCLUDE_MULTI_RNA_CHAIN	RNA_CHAIN_COUNT=2; required exactly 1	SAME_UNASSIGNED	NOT_ASSIGNED			SUCCESS	1.387	0	0
9BZ1	test			EXCLUDE_MULTI_RNA_CHAIN	EXCLUDE_MULTI_RNA_CHAIN	RNA_CHAIN_COUNT=2; required exactly 1	SAME_UNASSIGNED	NOT_ASSIGNED			SUCCESS	22.799	0	0
9BZC	test	test	test	KEPT	KEPT		SAME_SPLIT	PT_COMPLETE_BY_COUNT	200	0	SUCCESS	2.976	0	0
9C6I	test			DROP_REFERENCE_HOMOLOG	DROP_REFERENCE_HOMOLOG	Single RNA chain is homologous to final train/val	SAME_UNASSIGNED	NOT_ASSIGNED			SUCCESS	1.541	15	0
9C6J	test	test	test	KEPT	KEPT		SAME_SPLIT	PT_COMPLETE_BY_COUNT	200	0	SUCCESS	28.31	0	0
9C6K	test			DROP_INTERNAL_REDUNDANT	DROP_INTERNAL_REDUNDANT	Non-representative member of a test homology component	SAME_UNASSIGNED	NOT_ASSIGNED			SUCCESS	1.521	0	0
9CBU	test			DROP_REFERENCE_HOMOLOG	DROP_REFERENCE_HOMOLOG	Single RNA chain is homologous to final train/val	SAME_UNASSIGNED	NOT_ASSIGNED			SUCCESS	3.236	15	0
9CBW	test			DROP_REFERENCE_HOMOLOG	DROP_REFERENCE_HOMOLOG	Single RNA chain is homologous to final train/val	SAME_UNASSIGNED	NOT_ASSIGNED			SUCCESS	4.354	15	0
9CBX	test			DROP_REFERENCE_HOMOLOG	DROP_REFERENCE_HOMOLOG	Single RNA chain is homologous to final train/val	SAME_UNASSIGNED	NOT_ASSIGNED			SUCCESS	2.3	15	0
9CBY	test			DROP_REFERENCE_HOMOLOG	DROP_REFERENCE_HOMOLOG	Single RNA chain is homologous to final train/val	SAME_UNASSIGNED	NOT_ASSIGNED			SUCCESS	4.106	15	0
9CFN	test			EXCLUDE_MULTI_RNA_CHAIN	EXCLUDE_MULTI_RNA_CHAIN	RNA_CHAIN_COUNT=2; required exactly 1	SAME_UNASSIGNED	NOT_ASSIGNED			SUCCESS	21.953	0	0
9CPD	test			EXCLUDE_MULTI_RNA_CHAIN	EXCLUDE_MULTI_RNA_CHAIN	RNA_CHAIN_COUNT=2; required exactly 1	SAME_UNASSIGNED	NOT_ASSIGNED			SUCCESS	1.465	0	0
9CPG	test			EXCLUDE_MULTI_RNA_CHAIN	EXCLUDE_MULTI_RNA_CHAIN	RNA_CHAIN_COUNT=2; required exactly 1	SAME_UNASSIGNED	NOT_ASSIGNED			SUCCESS	3.001	0	0
9CPI	test			EXCLUDE_MULTI_RNA_CHAIN	EXCLUDE_MULTI_RNA_CHAIN	RNA_CHAIN_COUNT=2; required exactly 1	SAME_UNASSIGNED	NOT_ASSIGNED			SUCCESS	3.247	0	0
9CPJ	test			EXCLUDE_MULTI_RNA_CHAIN	EXCLUDE_MULTI_RNA_CHAIN	RNA_CHAIN_COUNT=2; required exactly 1	SAME_UNASSIGNED	NOT_ASSIGNED			SUCCESS	3.237	0	0
9CSO	test	test		KEPT	DROP_REFERENCE_HOMOLOG	Single RNA chain is homologous to final train/val	REMOVED_FROM_TEST	PT_COMPLETE_BY_COUNT	200	0	SUCCESS	14.33	2	2
9CSP	test	test		KEPT	DROP_REFERENCE_HOMOLOG	Single RNA chain is homologous to final train/val	REMOVED_FROM_TEST	PT_COMPLETE_BY_COUNT	200	0	SUCCESS	14.27	2	2
9CSQ	test	test		KEPT	DROP_REFERENCE_HOMOLOG	Single RNA chain is homologous to final train/val	REMOVED_FROM_TEST	PT_EXCLUDED_BY_POLICY	0	0	SUCCESS	14.259	1	1
9CSR	test	test		KEPT	DROP_REFERENCE_HOMOLOG	Single RNA chain is homologous to final train/val	REMOVED_FROM_TEST	PT_EXCLUDED_BY_POLICY	0	0	SUCCESS	14.422	1	1
9CXF	test	test	test	KEPT	KEPT		SAME_SPLIT	PT_EXCLUDED_BY_POLICY	0	0	SUCCESS	35.67	0	0
9DE6	test			EXCLUDE_MULTI_RNA_CHAIN	EXCLUDE_MULTI_RNA_CHAIN	RNA_CHAIN_COUNT=2; required exactly 1	SAME_UNASSIGNED	NOT_ASSIGNED			SUCCESS	51.654	0	0
9DE7	test	test	test	KEPT	KEPT		SAME_SPLIT	PT_COMPLETE_BY_COUNT	200	0	SUCCESS	2.791	0	0
9DE8	test			DROP_INTERNAL_REDUNDANT	DROP_INTERNAL_REDUNDANT	Non-representative member of a test homology component	SAME_UNASSIGNED	NOT_ASSIGNED			SUCCESS	2.78	0	0
9DIB	test			EXCLUDE_MULTI_RNA_CHAIN	EXCLUDE_MULTI_RNA_CHAIN	RNA_CHAIN_COUNT=2; required exactly 1	SAME_UNASSIGNED	NOT_ASSIGNED			SUCCESS	37.125	0	0
9DID	test			EXCLUDE_MULTI_RNA_CHAIN	EXCLUDE_MULTI_RNA_CHAIN	RNA_CHAIN_COUNT=2; required exactly 1	SAME_UNASSIGNED	NOT_ASSIGNED			SUCCESS	37.076	0	0
9DIG	test			EXCLUDE_MULTI_RNA_CHAIN	EXCLUDE_MULTI_RNA_CHAIN	RNA_CHAIN_COUNT=2; required exactly 1	SAME_UNASSIGNED	NOT_ASSIGNED			SUCCESS	37.865	0	0
9DII	test			EXCLUDE_MULTI_RNA_CHAIN	EXCLUDE_MULTI_RNA_CHAIN	RNA_CHAIN_COUNT=2; required exactly 1	SAME_UNASSIGNED	NOT_ASSIGNED			SUCCESS	38.093	0	0
9DKG	test			EXCLUDE_MULTI_RNA_CHAIN	EXCLUDE_MULTI_RNA_CHAIN	RNA_CHAIN_COUNT=2; required exactly 1	SAME_UNASSIGNED	NOT_ASSIGNED			SUCCESS	1.106	0	0
9DLL	test			EXCLUDE_MULTI_RNA_CHAIN	EXCLUDE_MULTI_RNA_CHAIN	RNA_CHAIN_COUNT=2; required exactly 1	SAME_UNASSIGNED	NOT_ASSIGNED			SUCCESS	2.003	0	0
9DLM	test			EXCLUDE_MULTI_RNA_CHAIN	EXCLUDE_MULTI_RNA_CHAIN	RNA_CHAIN_COUNT=2; required exactly 1	SAME_UNASSIGNED	NOT_ASSIGNED			SUCCESS	4.676	0	0
9DLN	test			EXCLUDE_MULTI_RNA_CHAIN	EXCLUDE_MULTI_RNA_CHAIN	RNA_CHAIN_COUNT=2; required exactly 1	SAME_UNASSIGNED	NOT_ASSIGNED			SUCCESS	2.612	0	0
9DP9	test			DROP_REFERENCE_HOMOLOG	DROP_REFERENCE_HOMOLOG	Single RNA chain is homologous to final train/val	SAME_UNASSIGNED	NOT_ASSIGNED			SUCCESS	16.743	3	0
9DXL	test			EXCLUDE_MULTI_RNA_CHAIN	EXCLUDE_MULTI_RNA_CHAIN	RNA_CHAIN_COUNT=2; required exactly 1	SAME_UNASSIGNED	NOT_ASSIGNED			SUCCESS	25.244	0	0
9E5H	test			EXCLUDE_MULTI_RNA_CHAIN	EXCLUDE_MULTI_RNA_CHAIN	RNA_CHAIN_COUNT=2; required exactly 1	SAME_UNASSIGNED	NOT_ASSIGNED			SUCCESS	22.055	0	0
9E5I	test			EXCLUDE_MULTI_RNA_CHAIN	EXCLUDE_MULTI_RNA_CHAIN	RNA_CHAIN_COUNT=2; required exactly 1	SAME_UNASSIGNED	NOT_ASSIGNED			SUCCESS	9.837	0	0
9E5J	test			EXCLUDE_MULTI_RNA_CHAIN	EXCLUDE_MULTI_RNA_CHAIN	RNA_CHAIN_COUNT=2; required exactly 1	SAME_UNASSIGNED	NOT_ASSIGNED			SUCCESS	10.611	0	0
9E5K	test			EXCLUDE_MULTI_RNA_CHAIN	EXCLUDE_MULTI_RNA_CHAIN	RNA_CHAIN_COUNT=4; required exactly 1	SAME_UNASSIGNED	NOT_ASSIGNED			SUCCESS	27.844	0	0
9E5L	test			EXCLUDE_MULTI_RNA_CHAIN	EXCLUDE_MULTI_RNA_CHAIN	RNA_CHAIN_COUNT=2; required exactly 1	SAME_UNASSIGNED	NOT_ASSIGNED			SUCCESS	9.848	0	0
9E5M	test			EXCLUDE_MULTI_RNA_CHAIN	EXCLUDE_MULTI_RNA_CHAIN	RNA_CHAIN_COUNT=2; required exactly 1	SAME_UNASSIGNED	NOT_ASSIGNED			SUCCESS	27.306	0	0
9E5O	test			EXCLUDE_MULTI_RNA_CHAIN	EXCLUDE_MULTI_RNA_CHAIN	RNA_CHAIN_COUNT=2; required exactly 1	SAME_UNASSIGNED	NOT_ASSIGNED			SUCCESS	10.166	0	0
9E5P	test			EXCLUDE_MULTI_RNA_CHAIN	EXCLUDE_MULTI_RNA_CHAIN	RNA_CHAIN_COUNT=2; required exactly 1	SAME_UNASSIGNED	NOT_ASSIGNED			SUCCESS	10.848	0	0
9E5Q	test			EXCLUDE_MULTI_RNA_CHAIN	EXCLUDE_MULTI_RNA_CHAIN	RNA_CHAIN_COUNT=2; required exactly 1	SAME_UNASSIGNED	NOT_ASSIGNED			SUCCESS	10.743	0	0
9E5R	test			EXCLUDE_MULTI_RNA_CHAIN	EXCLUDE_MULTI_RNA_CHAIN	RNA_CHAIN_COUNT=2; required exactly 1	SAME_UNASSIGNED	NOT_ASSIGNED			SUCCESS	10.98	0	0
9E5S	test			EXCLUDE_MULTI_RNA_CHAIN	EXCLUDE_MULTI_RNA_CHAIN	RNA_CHAIN_COUNT=2; required exactly 1	SAME_UNASSIGNED	NOT_ASSIGNED			SUCCESS	10.6	0	0
9E5T	test			EXCLUDE_MULTI_RNA_CHAIN	EXCLUDE_MULTI_RNA_CHAIN	RNA_CHAIN_COUNT=2; required exactly 1	SAME_UNASSIGNED	NOT_ASSIGNED			SUCCESS	28.244	0	0
9E73	test			DROP_INTERNAL_REDUNDANT	DROP_INTERNAL_REDUNDANT	Non-representative member of a test homology component	SAME_UNASSIGNED	NOT_ASSIGNED			SUCCESS	25.362	0	0
9E74	test	test	test	KEPT	KEPT		SAME_SPLIT	PT_GT30_NOT_SAVED	125	75	SUCCESS	30.527	0	0
9E75	test	test	test	KEPT	KEPT		SAME_SPLIT	PT_GT30_NOT_SAVED	187	13	SUCCESS	27.285	0	0
9E9O	test			DROP_REFERENCE_HOMOLOG	DROP_REFERENCE_HOMOLOG	Single RNA chain is homologous to final train/val	SAME_UNASSIGNED	NOT_ASSIGNED			SUCCESS	18.262	1	0
9E9Q	test			DROP_REFERENCE_HOMOLOG	DROP_REFERENCE_HOMOLOG	Single RNA chain is homologous to final train/val	SAME_UNASSIGNED	NOT_ASSIGNED			SUCCESS	18.728	1	0
9EBP	test			EXCLUDE_MULTI_RNA_CHAIN	EXCLUDE_MULTI_RNA_CHAIN	RNA_CHAIN_COUNT=2; required exactly 1	SAME_UNASSIGNED	NOT_ASSIGNED			SUCCESS	30.593	0	0
9EBV	test			EXCLUDE_MULTI_RNA_CHAIN	EXCLUDE_MULTI_RNA_CHAIN	RNA_CHAIN_COUNT=2; required exactly 1	SAME_UNASSIGNED	NOT_ASSIGNED			SUCCESS	30.697	0	0
9EC4	test			EXCLUDE_MULTI_RNA_CHAIN	EXCLUDE_MULTI_RNA_CHAIN	RNA_CHAIN_COUNT=2; required exactly 1	SAME_UNASSIGNED	NOT_ASSIGNED			SUCCESS	28.785	0	0
9ECQ	test	test	test	KEPT	KEPT		SAME_SPLIT	PT_COMPLETE_BY_COUNT	200	0	SUCCESS	2.559	0	0
9ECR	test	test		KEPT	DROP_INTERNAL_REDUNDANT	Non-representative member of a test homology component	REMOVED_FROM_TEST	PT_COMPLETE_BY_COUNT	200	0	SUCCESS	2.309	0	0
9ELR	test			EXCLUDE_MULTI_RNA_CHAIN	EXCLUDE_MULTI_RNA_CHAIN	RNA_CHAIN_COUNT=2; required exactly 1	SAME_UNASSIGNED	NOT_ASSIGNED			SUCCESS	27.137	0	0
9ELY	test	test	test	KEPT	KEPT		SAME_SPLIT	PT_GT30_NOT_SAVED	164	36	SUCCESS	28.204	0	0
9EN6	test			EXCLUDE_MULTI_RNA_CHAIN	EXCLUDE_MULTI_RNA_CHAIN	RNA_CHAIN_COUNT=4; required exactly 1	SAME_UNASSIGNED	NOT_ASSIGNED			SUCCESS	9.959	0	0
9EOW	test	test	test	KEPT	KEPT		SAME_SPLIT	PT_COMPLETE_BY_COUNT	200	0	SUCCESS	4.97	0	0
9EWW	test	test	test	KEPT	KEPT		SAME_SPLIT	PT_COMPLETE_BY_COUNT	200	0	SUCCESS	26.478	0	0
9FM4	test	test	test	KEPT	KEPT		SAME_SPLIT	PT_COMPLETE_BY_COUNT	200	0	SUCCESS	4.134	0	0
9FN2	test			EXCLUDE_MULTI_RNA_CHAIN	EXCLUDE_MULTI_RNA_CHAIN	RNA_CHAIN_COUNT=2; required exactly 1	SAME_UNASSIGNED	NOT_ASSIGNED			SUCCESS	24.984	0	0
9FN3	test			EXCLUDE_MULTI_RNA_CHAIN	EXCLUDE_MULTI_RNA_CHAIN	RNA_CHAIN_COUNT=2; required exactly 1	SAME_UNASSIGNED	NOT_ASSIGNED			SUCCESS	22.578	0	0
9FO8	test	test	test	KEPT	KEPT		SAME_SPLIT	PT_COMPLETE_BY_COUNT	200	0	SUCCESS	5.232	0	0
9FO9	test	test	test	KEPT	KEPT		SAME_SPLIT	PT_COMPLETE_BY_COUNT	200	0	SUCCESS	6.25	0	0
9G4I	test	test	test	KEPT	KEPT		SAME_SPLIT	PT_COMPLETE_BY_COUNT	200	0	SUCCESS	4.147	0	0
9G4J	test			DROP_REFERENCE_HOMOLOG	DROP_REFERENCE_HOMOLOG	Single RNA chain is homologous to final train/val	SAME_UNASSIGNED	NOT_ASSIGNED			SUCCESS	11.076	12	0
9G4L	test			DROP_REFERENCE_HOMOLOG	DROP_REFERENCE_HOMOLOG	Single RNA chain is homologous to final train/val	SAME_UNASSIGNED	NOT_ASSIGNED			SUCCESS	4.541	12	0
9G4P	test			EXCLUDE_MULTI_RNA_CHAIN	EXCLUDE_MULTI_RNA_CHAIN	RNA_CHAIN_COUNT=2; required exactly 1	SAME_UNASSIGNED	NOT_ASSIGNED			SUCCESS	16.87	0	0
9G4Q	test			EXCLUDE_MULTI_RNA_CHAIN	EXCLUDE_MULTI_RNA_CHAIN	RNA_CHAIN_COUNT=2; required exactly 1	SAME_UNASSIGNED	NOT_ASSIGNED			SUCCESS	33.282	0	0
9G4R	test	test	test	KEPT	KEPT		SAME_SPLIT	PT_COMPLETE_BY_COUNT	200	0	SUCCESS	7.344	0	0
9G4V	test			DROP_INTERNAL_REDUNDANT	DROP_INTERNAL_REDUNDANT	Non-representative member of a test homology component	SAME_UNASSIGNED	NOT_ASSIGNED			SUCCESS	6.068	0	0
9G54	test			DROP_REFERENCE_HOMOLOG	DROP_REFERENCE_HOMOLOG	Single RNA chain is homologous to final train/val	SAME_UNASSIGNED	NOT_ASSIGNED			SUCCESS	3.168	15	0
9G56	test			DROP_INTERNAL_REDUNDANT	DROP_INTERNAL_REDUNDANT	Non-representative member of a test homology component	SAME_UNASSIGNED	NOT_ASSIGNED			SUCCESS	7.025	0	0
9G7C	test	test	test	KEPT	KEPT		SAME_SPLIT	PT_GT30_NOT_SAVED	138	62	SUCCESS	29.388	0	0
9H82	test			EXCLUDE_MULTI_RNA_CHAIN	EXCLUDE_MULTI_RNA_CHAIN	RNA_CHAIN_COUNT=2; required exactly 1	SAME_UNASSIGNED	NOT_ASSIGNED			SUCCESS	14.897	0	0
9H83	test			EXCLUDE_MULTI_RNA_CHAIN	EXCLUDE_MULTI_RNA_CHAIN	RNA_CHAIN_COUNT=4; required exactly 1	SAME_UNASSIGNED	NOT_ASSIGNED			missing_output		0	0
9H86	test			EXCLUDE_MULTI_RNA_CHAIN	EXCLUDE_MULTI_RNA_CHAIN	RNA_CHAIN_COUNT=8; required exactly 1	SAME_UNASSIGNED	NOT_ASSIGNED			SUCCESS	49.449	0	0
9H8A	test			EXCLUDE_MULTI_RNA_CHAIN	EXCLUDE_MULTI_RNA_CHAIN	RNA_CHAIN_COUNT=8; required exactly 1	SAME_UNASSIGNED	NOT_ASSIGNED			SUCCESS	47.617	0	0
9HRD	test			EXCLUDE_MULTI_RNA_CHAIN	EXCLUDE_MULTI_RNA_CHAIN	RNA_CHAIN_COUNT=4; required exactly 1	SAME_UNASSIGNED	NOT_ASSIGNED			SUCCESS	33.964	0	0
9HRF	test	test	test	KEPT	KEPT		SAME_SPLIT	PT_COMPLETE_BY_COUNT	200	0	SUCCESS	8.182	0	0
9HRG	test			EXCLUDE_MULTI_RNA_CHAIN	EXCLUDE_MULTI_RNA_CHAIN	RNA_CHAIN_COUNT=4; required exactly 1	SAME_UNASSIGNED	NOT_ASSIGNED			SUCCESS	34.556	0	0
9HRO	test	test	test	KEPT	KEPT		SAME_SPLIT	PT_COMPLETE_BY_COUNT	200	0	SUCCESS	3.819	0	0
9I8B	test			EXCLUDE_MULTI_RNA_CHAIN	EXCLUDE_MULTI_RNA_CHAIN	RNA_CHAIN_COUNT=2; required exactly 1	SAME_UNASSIGNED	NOT_ASSIGNED			SUCCESS	3.627	0	0
9I9W	test			EXCLUDE_MULTI_RNA_CHAIN	EXCLUDE_MULTI_RNA_CHAIN	RNA_CHAIN_COUNT=2; required exactly 1	SAME_UNASSIGNED	NOT_ASSIGNED			SUCCESS	4.193	0	0
9IF0	test			EXCLUDE_MULTI_RNA_CHAIN	EXCLUDE_MULTI_RNA_CHAIN	RNA_CHAIN_COUNT=2; required exactly 1	SAME_UNASSIGNED	NOT_ASSIGNED			SUCCESS	4.359	0	0
9IF1	test			EXCLUDE_MULTI_RNA_CHAIN	EXCLUDE_MULTI_RNA_CHAIN	RNA_CHAIN_COUNT=2; required exactly 1	SAME_UNASSIGNED	NOT_ASSIGNED			SUCCESS	2.228	0	0
9IO0	test	test		KEPT	DROP_REFERENCE_HOMOLOG	Single RNA chain is homologous to final train/val	REMOVED_FROM_TEST	PT_COMPLETE_BY_COUNT	200	0	SUCCESS	4.278	2	2
9IO1	test	test		KEPT	DROP_REFERENCE_HOMOLOG	Single RNA chain is homologous to final train/val	REMOVED_FROM_TEST	PT_COMPLETE_BY_COUNT	200	0	SUCCESS	4.019	2	2
9IOR	test	test		KEPT	DROP_REFERENCE_HOMOLOG	Single RNA chain is homologous to final train/val	REMOVED_FROM_TEST	PT_COMPLETE_BY_COUNT	200	0	SUCCESS	4.72	2	2
9IOS	test	test	test	KEPT	KEPT		SAME_SPLIT	PT_COMPLETE_BY_COUNT	200	0	SUCCESS	5.282	0	0
9IOU	test	test		KEPT	DROP_INTERNAL_REDUNDANT	Non-representative member of a test homology component	REMOVED_FROM_TEST	PT_COMPLETE_BY_COUNT	200	0	SUCCESS	5.788	0	0
9IS7	test			EXCLUDE_MULTI_RNA_CHAIN	EXCLUDE_MULTI_RNA_CHAIN	RNA_CHAIN_COUNT=2; required exactly 1	SAME_UNASSIGNED	NOT_ASSIGNED			SUCCESS	47.583	0	0
9ISV	test	test	test	KEPT	KEPT		SAME_SPLIT	PT_GT30_NOT_SAVED	20	180	SUCCESS	38.831	0	0
9IWF	test			EXCLUDE_MULTI_RNA_CHAIN	EXCLUDE_MULTI_RNA_CHAIN	RNA_CHAIN_COUNT=2; required exactly 1	SAME_UNASSIGNED	NOT_ASSIGNED			SUCCESS	4.053	0	0
9IWG	test			EXCLUDE_MULTI_RNA_CHAIN	EXCLUDE_MULTI_RNA_CHAIN	RNA_CHAIN_COUNT=2; required exactly 1	SAME_UNASSIGNED	NOT_ASSIGNED			SUCCESS	4.195	0	0
9J3R	test			EXCLUDE_MULTI_RNA_CHAIN	EXCLUDE_MULTI_RNA_CHAIN	RNA_CHAIN_COUNT=4; required exactly 1	SAME_UNASSIGNED	NOT_ASSIGNED			SUCCESS	82.158	0	0
9J3T	test			EXCLUDE_MULTI_RNA_CHAIN	EXCLUDE_MULTI_RNA_CHAIN	RNA_CHAIN_COUNT=8; required exactly 1	SAME_UNASSIGNED	NOT_ASSIGNED					0	0
9J4N	test	test	test	KEPT	KEPT		SAME_SPLIT	PT_COMPLETE_BY_COUNT	200	0	SUCCESS	3.467	0	0
9J4O	test	test	test	KEPT	KEPT		SAME_SPLIT	PT_COMPLETE_BY_COUNT	200	0	SUCCESS	3.944	0	0
9J6P	test			EXCLUDE_MULTI_RNA_CHAIN	EXCLUDE_MULTI_RNA_CHAIN	RNA_CHAIN_COUNT=2; required exactly 1	SAME_UNASSIGNED	NOT_ASSIGNED			SUCCESS	2.435	0	0
9J6Y	test			EXCLUDE_MULTI_RNA_CHAIN	EXCLUDE_MULTI_RNA_CHAIN	RNA_CHAIN_COUNT=6; required exactly 1	SAME_UNASSIGNED	NOT_ASSIGNED			SUCCESS	90.032	0	0
9J9X	test			EXCLUDE_NO_STRICT_RANK1	DROP_REFERENCE_HOMOLOG	Single RNA chain is homologous to final train/val	SAME_UNASSIGNED	NOT_ASSIGNED					15	0
9JA7	test			DROP_REFERENCE_HOMOLOG	DROP_REFERENCE_HOMOLOG	Single RNA chain is homologous to final train/val	SAME_UNASSIGNED	NOT_ASSIGNED			SUCCESS	4.215	2	0
9JA9	test			DROP_REFERENCE_HOMOLOG	DROP_REFERENCE_HOMOLOG	Single RNA chain is homologous to final train/val	SAME_UNASSIGNED	NOT_ASSIGNED			SUCCESS	4.177	2	0
9JC8	test			DROP_REFERENCE_HOMOLOG	DROP_REFERENCE_HOMOLOG	Single RNA chain is homologous to final train/val	SAME_UNASSIGNED	NOT_ASSIGNED			SUCCESS	10.486	15	0
9JGM	test			EXCLUDE_MULTI_RNA_CHAIN	EXCLUDE_MULTI_RNA_CHAIN	RNA_CHAIN_COUNT=4; required exactly 1	SAME_UNASSIGNED	NOT_ASSIGNED			SUCCESS	37.746	0	0
9K9G	test	test	test	KEPT	KEPT		SAME_SPLIT	PT_GT30_NOT_SAVED	176	24	SUCCESS	19.559	0	0
9K9H	test			DROP_INTERNAL_REDUNDANT	DROP_INTERNAL_REDUNDANT	Non-representative member of a test homology component	SAME_UNASSIGNED	NOT_ASSIGNED			SUCCESS	20.303	0	0
9K9J	test			DROP_INTERNAL_REDUNDANT	DROP_INTERNAL_REDUNDANT	Non-representative member of a test homology component	SAME_UNASSIGNED	NOT_ASSIGNED			SUCCESS	5.946	0	0
9K9K	test	test	test	KEPT	KEPT		SAME_SPLIT	PT_COMPLETE_BY_COUNT	200	0	SUCCESS	5.819	0	0
9KAD	test			EXCLUDE_MULTI_RNA_CHAIN	EXCLUDE_MULTI_RNA_CHAIN	RNA_CHAIN_COUNT=2; required exactly 1	SAME_UNASSIGNED	NOT_ASSIGNED			SUCCESS	8.428	0	0
9KGG	test	test	test	KEPT	KEPT		SAME_SPLIT	PT_COMPLETE_BY_COUNT	200	0	SUCCESS	8.333	0	0
9KGH	test			DROP_INTERNAL_REDUNDANT	DROP_INTERNAL_REDUNDANT	Non-representative member of a test homology component	SAME_UNASSIGNED	NOT_ASSIGNED			SUCCESS	6.375	0	0
9KPH	test			EXCLUDE_MULTI_RNA_CHAIN	EXCLUDE_MULTI_RNA_CHAIN	RNA_CHAIN_COUNT=2; required exactly 1	SAME_UNASSIGNED	NOT_ASSIGNED			SUCCESS	51.421	0	0
9KPO	test			EXCLUDE_MULTI_RNA_CHAIN	EXCLUDE_MULTI_RNA_CHAIN	RNA_CHAIN_COUNT=2; required exactly 1	SAME_UNASSIGNED	NOT_ASSIGNED			SUCCESS	39.118	0	0
9L0R	test			EXCLUDE_MULTI_RNA_CHAIN	EXCLUDE_MULTI_RNA_CHAIN	RNA_CHAIN_COUNT=12; required exactly 1	SAME_UNASSIGNED	NOT_ASSIGNED					0	0
9L8F	test	test	test	KEPT	KEPT		SAME_SPLIT	PT_COMPLETE_BY_COUNT	200	0	SUCCESS	8.905	0	0
9LCR	test			EXCLUDE_MULTI_RNA_CHAIN	EXCLUDE_MULTI_RNA_CHAIN	RNA_CHAIN_COUNT=2; required exactly 1	SAME_UNASSIGNED	NOT_ASSIGNED			SUCCESS	22.027	0	0
9LE3	test			EXCLUDE_MULTI_RNA_CHAIN	EXCLUDE_MULTI_RNA_CHAIN	RNA_CHAIN_COUNT=6; required exactly 1	SAME_UNASSIGNED	NOT_ASSIGNED			SUCCESS	93.022	0	0
9LE5	test			DROP_INTERNAL_REDUNDANT	DROP_INTERNAL_REDUNDANT	Non-representative member of a test homology component	SAME_UNASSIGNED	NOT_ASSIGNED			SUCCESS	44.681	0	0
9LE6	test			EXCLUDE_MULTI_RNA_CHAIN	EXCLUDE_MULTI_RNA_CHAIN	RNA_CHAIN_COUNT=6; required exactly 1	SAME_UNASSIGNED	NOT_ASSIGNED			SUCCESS	96.996	0	0
9LEC	test	test	test	KEPT	KEPT		SAME_SPLIT	PT_GT30_NOT_SAVED	87	113	SUCCESS	33.708	0	0
9LEE	test			EXCLUDE_MULTI_RNA_CHAIN	EXCLUDE_MULTI_RNA_CHAIN	RNA_CHAIN_COUNT=10; required exactly 1	SAME_UNASSIGNED	NOT_ASSIGNED					0	0
9LEL	test	test	test	KEPT	KEPT		SAME_SPLIT	PT_GT30_NOT_SAVED	2	198	SUCCESS	47.87	0	0
9LEM	test			EXCLUDE_MULTI_RNA_CHAIN	EXCLUDE_MULTI_RNA_CHAIN	RNA_CHAIN_COUNT=10; required exactly 1	SAME_UNASSIGNED	NOT_ASSIGNED					0	0
9LHK	test	test	test	KEPT	KEPT		SAME_SPLIT	PT_GT30_NOT_SAVED	0	200	SUCCESS	55.607	0	0
9LHL	test			EXCLUDE_MULTI_RNA_CHAIN	EXCLUDE_MULTI_RNA_CHAIN	RNA_CHAIN_COUNT=14; required exactly 1	SAME_UNASSIGNED	NOT_ASSIGNED					0	0
9LJN	test			DROP_INTERNAL_REDUNDANT	DROP_INTERNAL_REDUNDANT	Non-representative member of a test homology component	SAME_UNASSIGNED	NOT_ASSIGNED			SUCCESS	5.571	0	0
9LKC	test			DROP_INTERNAL_REDUNDANT	DROP_INTERNAL_REDUNDANT	Non-representative member of a test homology component	SAME_UNASSIGNED	NOT_ASSIGNED			SUCCESS	6.114	0	0
9LKE	test	test	test	KEPT	KEPT		SAME_SPLIT	PT_COMPLETE_BY_COUNT	200	0	SUCCESS	5.518	0	0
9LKF	test			DROP_INTERNAL_REDUNDANT	DROP_INTERNAL_REDUNDANT	Non-representative member of a test homology component	SAME_UNASSIGNED	NOT_ASSIGNED			SUCCESS	5.853	0	0
9LKU	test			DROP_INTERNAL_REDUNDANT	DROP_INTERNAL_REDUNDANT	Non-representative member of a test homology component	SAME_UNASSIGNED	NOT_ASSIGNED			SUCCESS	3.647	0	0
9LKV	test			DROP_INTERNAL_REDUNDANT	DROP_INTERNAL_REDUNDANT	Non-representative member of a test homology component	SAME_UNASSIGNED	NOT_ASSIGNED			SUCCESS	3.797	0	0
9LKW	test			DROP_INTERNAL_REDUNDANT	DROP_INTERNAL_REDUNDANT	Non-representative member of a test homology component	SAME_UNASSIGNED	NOT_ASSIGNED			SUCCESS	3.967	0	0
9LMC	test			EXCLUDE_MULTI_RNA_CHAIN	EXCLUDE_MULTI_RNA_CHAIN	RNA_CHAIN_COUNT=2; required exactly 1	SAME_UNASSIGNED	NOT_ASSIGNED			SUCCESS	25.143	0	0
9LMF	test			EXCLUDE_MULTI_RNA_CHAIN	EXCLUDE_MULTI_RNA_CHAIN	RNA_CHAIN_COUNT=10; required exactly 1	SAME_UNASSIGNED	NOT_ASSIGNED					0	0
9M78	test			EXCLUDE_MULTI_RNA_CHAIN	EXCLUDE_MULTI_RNA_CHAIN	RNA_CHAIN_COUNT=6; required exactly 1	SAME_UNASSIGNED	NOT_ASSIGNED			SUCCESS	82.485	0	0
9M79	test	test	test	KEPT	KEPT		SAME_SPLIT	PT_GT30_NOT_SAVED	1	199	SUCCESS	43.871	0	0
9MCW	test			EXCLUDE_MULTI_RNA_CHAIN	EXCLUDE_MULTI_RNA_CHAIN	RNA_CHAIN_COUNT=2; required exactly 1	SAME_UNASSIGNED	NOT_ASSIGNED			SUCCESS	49.45	0	0
9MDS	test			EXCLUDE_MULTI_RNA_CHAIN	EXCLUDE_MULTI_RNA_CHAIN	RNA_CHAIN_COUNT=8; required exactly 1	SAME_UNASSIGNED	NOT_ASSIGNED					0	0
9MDW	test	test		KEPT	DROP_REFERENCE_HOMOLOG	Single RNA chain is homologous to final train/val	REMOVED_FROM_TEST	PT_COMPLETE_BY_COUNT	200	0	SUCCESS	14.37	2	2
9MDX	test	test		KEPT	DROP_REFERENCE_HOMOLOG	Single RNA chain is homologous to final train/val	REMOVED_FROM_TEST	PT_COMPLETE_BY_COUNT	200	0	SUCCESS	14.572	2	2
9MDY	test	test		KEPT	DROP_REFERENCE_HOMOLOG	Single RNA chain is homologous to final train/val	REMOVED_FROM_TEST	PT_COMPLETE_BY_COUNT	200	0	SUCCESS	14.308	2	2
9MEE	test			EXCLUDE_MULTI_RNA_CHAIN	EXCLUDE_MULTI_RNA_CHAIN	RNA_CHAIN_COUNT=14; required exactly 1	SAME_UNASSIGNED	NOT_ASSIGNED					0	0
9MFH	test	test	test	KEPT	KEPT		SAME_SPLIT	PT_COMPLETE_BY_COUNT	200	0	SUCCESS	5.011	0	0
9MM6	test			EXCLUDE_MULTI_RNA_CHAIN	EXCLUDE_MULTI_RNA_CHAIN	RNA_CHAIN_COUNT=8; required exactly 1	SAME_UNASSIGNED	NOT_ASSIGNED					0	0
9MME	test			EXCLUDE_MULTI_RNA_CHAIN	EXCLUDE_MULTI_RNA_CHAIN	RNA_CHAIN_COUNT=8; required exactly 1	SAME_UNASSIGNED	NOT_ASSIGNED					0	0
9MMG	test			DROP_INTERNAL_REDUNDANT	DROP_INTERNAL_REDUNDANT	Non-representative member of a test homology component	SAME_UNASSIGNED	NOT_ASSIGNED			SUCCESS	51.033	0	0
9MQS	test			DROP_INTERNAL_REDUNDANT	DROP_INTERNAL_REDUNDANT	Non-representative member of a test homology component	SAME_UNASSIGNED	NOT_ASSIGNED			SUCCESS	9.019	0	0
9MQT	test	test	test	KEPT	KEPT		SAME_SPLIT	PT_COMPLETE_BY_COUNT	200	0	SUCCESS	9.17	0	0
9MQU	test			DROP_INTERNAL_REDUNDANT	DROP_INTERNAL_REDUNDANT	Non-representative member of a test homology component	SAME_UNASSIGNED	NOT_ASSIGNED			SUCCESS	9.117	0	0
9NA1	test			EXCLUDE_MULTI_RNA_CHAIN	EXCLUDE_MULTI_RNA_CHAIN	RNA_CHAIN_COUNT=2; required exactly 1	SAME_UNASSIGNED	NOT_ASSIGNED			SUCCESS	36.282	0	0
9NA7	test			EXCLUDE_MULTI_RNA_CHAIN	EXCLUDE_MULTI_RNA_CHAIN	RNA_CHAIN_COUNT=2; required exactly 1	SAME_UNASSIGNED	NOT_ASSIGNED			SUCCESS	42.145	0	0
9NAK	test			EXCLUDE_MULTI_RNA_CHAIN	EXCLUDE_MULTI_RNA_CHAIN	RNA_CHAIN_COUNT=2; required exactly 1	SAME_UNASSIGNED	NOT_ASSIGNED			SUCCESS	34.578	0	0
9NAM	test	test	test	KEPT	KEPT		SAME_SPLIT	PT_COMPLETE_BY_COUNT	200	0	SUCCESS	12.733	0	0
9NAP	test			DROP_INTERNAL_REDUNDANT	DROP_INTERNAL_REDUNDANT	Non-representative member of a test homology component	SAME_UNASSIGNED	NOT_ASSIGNED			SUCCESS	20.783	0	0
9NAS	test			EXCLUDE_MULTI_RNA_CHAIN	EXCLUDE_MULTI_RNA_CHAIN	RNA_CHAIN_COUNT=4; required exactly 1	SAME_UNASSIGNED	NOT_ASSIGNED			SUCCESS	42.796	0	0
9NBC	test	test	test	KEPT	KEPT		SAME_SPLIT	PT_EXCLUDED_BY_POLICY	0	0	SUCCESS	1.53	0	0
9NBH	test			EXCLUDE_MULTI_RNA_CHAIN	EXCLUDE_MULTI_RNA_CHAIN	RNA_CHAIN_COUNT=4; required exactly 1	SAME_UNASSIGNED	NOT_ASSIGNED			SUCCESS	41.263	0	0
9NDD	test			EXCLUDE_MULTI_RNA_CHAIN	EXCLUDE_MULTI_RNA_CHAIN	RNA_CHAIN_COUNT=4; required exactly 1	SAME_UNASSIGNED	NOT_ASSIGNED			SUCCESS	53.439	0	0
9NDV	test	test	test	KEPT	KEPT		SAME_SPLIT	PT_EXCLUDED_BY_POLICY	0	0	SUCCESS	5.268	0	0
9NDW	test			EXCLUDE_MULTI_RNA_CHAIN	EXCLUDE_MULTI_RNA_CHAIN	RNA_CHAIN_COUNT=2; required exactly 1	SAME_UNASSIGNED	NOT_ASSIGNED			SUCCESS	48.302	0	0
9NDX	test			EXCLUDE_MULTI_RNA_CHAIN	EXCLUDE_MULTI_RNA_CHAIN	RNA_CHAIN_COUNT=2; required exactly 1	SAME_UNASSIGNED	NOT_ASSIGNED			SUCCESS	60.933	0	0
9O47	test			EXCLUDE_MULTI_RNA_CHAIN	EXCLUDE_MULTI_RNA_CHAIN	RNA_CHAIN_COUNT=2; required exactly 1	SAME_UNASSIGNED	NOT_ASSIGNED					0	0
9OBM	test	test	test	KEPT	KEPT		SAME_SPLIT	PT_COMPLETE_BY_COUNT	200	0	SUCCESS	6.236	0	0
9OD4	test	test	test	KEPT	KEPT		SAME_SPLIT	PT_COMPLETE_BY_COUNT	200	0	SUCCESS	0.848	0	0
9OD5	test			DROP_INTERNAL_REDUNDANT	DROP_INTERNAL_REDUNDANT	Non-representative member of a test homology component	SAME_UNASSIGNED	NOT_ASSIGNED			SUCCESS	2.037	0	0
9OL2	test			EXCLUDE_MULTI_RNA_CHAIN	EXCLUDE_MULTI_RNA_CHAIN	RNA_CHAIN_COUNT=2; required exactly 1	SAME_UNASSIGNED	NOT_ASSIGNED			SUCCESS	0.219	0	0
9OL3	test			EXCLUDE_MULTI_RNA_CHAIN	EXCLUDE_MULTI_RNA_CHAIN	RNA_CHAIN_COUNT=2; required exactly 1	SAME_UNASSIGNED	NOT_ASSIGNED			SUCCESS	0.286	0	0
9OV3	test			DROP_REFERENCE_HOMOLOG	DROP_REFERENCE_HOMOLOG	Single RNA chain is homologous to final train/val	SAME_UNASSIGNED	NOT_ASSIGNED			SUCCESS	10.216	1	0
9OV6	test			DROP_REFERENCE_HOMOLOG	DROP_REFERENCE_HOMOLOG	Single RNA chain is homologous to final train/val	SAME_UNASSIGNED	NOT_ASSIGNED			SUCCESS	8.121	1	0
9OV7	test			DROP_REFERENCE_HOMOLOG	DROP_REFERENCE_HOMOLOG	Single RNA chain is homologous to final train/val	SAME_UNASSIGNED	NOT_ASSIGNED			SUCCESS	10.424	1	0
9OV8	test			DROP_REFERENCE_HOMOLOG	DROP_REFERENCE_HOMOLOG	Single RNA chain is homologous to final train/val	SAME_UNASSIGNED	NOT_ASSIGNED			SUCCESS	10.218	1	0
9OVB	test			DROP_REFERENCE_HOMOLOG	DROP_REFERENCE_HOMOLOG	Single RNA chain is homologous to final train/val	SAME_UNASSIGNED	NOT_ASSIGNED			SUCCESS	10.793	1	0
9OVC	test			DROP_REFERENCE_HOMOLOG	DROP_REFERENCE_HOMOLOG	Single RNA chain is homologous to final train/val	SAME_UNASSIGNED	NOT_ASSIGNED			SUCCESS	11.079	1	0
9OWJ	test			EXCLUDE_MULTI_RNA_CHAIN	EXCLUDE_MULTI_RNA_CHAIN	RNA_CHAIN_COUNT=3; required exactly 1	SAME_UNASSIGNED	NOT_ASSIGNED			SUCCESS	17.881	0	0
9OWK	test			EXCLUDE_MULTI_RNA_CHAIN	EXCLUDE_MULTI_RNA_CHAIN	RNA_CHAIN_COUNT=3; required exactly 1	SAME_UNASSIGNED	NOT_ASSIGNED			SUCCESS	16.322	0	0
9OWL	test			EXCLUDE_MULTI_RNA_CHAIN	EXCLUDE_MULTI_RNA_CHAIN	RNA_CHAIN_COUNT=2; required exactly 1	SAME_UNASSIGNED	NOT_ASSIGNED			SUCCESS	11.548	0	0
9OWM	test			EXCLUDE_MULTI_RNA_CHAIN	EXCLUDE_MULTI_RNA_CHAIN	RNA_CHAIN_COUNT=2; required exactly 1	SAME_UNASSIGNED	NOT_ASSIGNED			SUCCESS	11.723	0	0
9OWN	test			EXCLUDE_MULTI_RNA_CHAIN	EXCLUDE_MULTI_RNA_CHAIN	RNA_CHAIN_COUNT=2; required exactly 1	SAME_UNASSIGNED	NOT_ASSIGNED			SUCCESS	11.634	0	0
9OWO	test			EXCLUDE_MULTI_RNA_CHAIN	EXCLUDE_MULTI_RNA_CHAIN	RNA_CHAIN_COUNT=2; required exactly 1	SAME_UNASSIGNED	NOT_ASSIGNED			SUCCESS	20.073	0	0
9OWP	test			EXCLUDE_MULTI_RNA_CHAIN	EXCLUDE_MULTI_RNA_CHAIN	RNA_CHAIN_COUNT=2; required exactly 1	SAME_UNASSIGNED	NOT_ASSIGNED			SUCCESS	21.21	0	0
9OWQ	test			EXCLUDE_MULTI_RNA_CHAIN	EXCLUDE_MULTI_RNA_CHAIN	RNA_CHAIN_COUNT=2; required exactly 1	SAME_UNASSIGNED	NOT_ASSIGNED			SUCCESS	15.224	0	0
9OY2	test			DROP_REFERENCE_HOMOLOG	DROP_REFERENCE_HOMOLOG	Single RNA chain is homologous to final train/val	SAME_UNASSIGNED	NOT_ASSIGNED			SUCCESS	14.632	1	0
9OY3	test			DROP_REFERENCE_HOMOLOG	DROP_REFERENCE_HOMOLOG	Single RNA chain is homologous to final train/val	SAME_UNASSIGNED	NOT_ASSIGNED			SUCCESS	11.829	1	0
9OY4	test			DROP_REFERENCE_HOMOLOG	DROP_REFERENCE_HOMOLOG	Single RNA chain is homologous to final train/val	SAME_UNASSIGNED	NOT_ASSIGNED			SUCCESS	12.846	1	0
9PDE	test	test		KEPT	DROP_REFERENCE_HOMOLOG	Single RNA chain is homologous to final train/val	REMOVED_FROM_TEST	PT_COMPLETE_BY_COUNT	200	0	SUCCESS	2.448	13	13
9PDF	test			DROP_REFERENCE_HOMOLOG	DROP_REFERENCE_HOMOLOG	Single RNA chain is homologous to final train/val	SAME_UNASSIGNED	NOT_ASSIGNED			SUCCESS	2.389	13	11
9PDG	test			DROP_REFERENCE_HOMOLOG	DROP_REFERENCE_HOMOLOG	Single RNA chain is homologous to final train/val	SAME_UNASSIGNED	NOT_ASSIGNED			SUCCESS	3.233	13	3
9Q0I	test			EXCLUDE_MULTI_RNA_CHAIN	EXCLUDE_MULTI_RNA_CHAIN	RNA_CHAIN_COUNT=6; required exactly 1	SAME_UNASSIGNED	NOT_ASSIGNED					0	0
9Q0J	test			EXCLUDE_MULTI_RNA_CHAIN	EXCLUDE_MULTI_RNA_CHAIN	RNA_CHAIN_COUNT=3; required exactly 1	SAME_UNASSIGNED	NOT_ASSIGNED					0	0
9Q3C	test			EXCLUDE_MULTI_RNA_CHAIN	EXCLUDE_MULTI_RNA_CHAIN	RNA_CHAIN_COUNT=14; required exactly 1	SAME_UNASSIGNED	NOT_ASSIGNED			SUCCESS	30.104	0	0
9QTJ	test	test	test	KEPT	KEPT		SAME_SPLIT	PT_COMPLETE_BY_COUNT	200	0	SUCCESS	9.597	0	0
9QU6	test			EXCLUDE_MULTI_RNA_CHAIN	EXCLUDE_MULTI_RNA_CHAIN	RNA_CHAIN_COUNT=2; required exactly 1	SAME_UNASSIGNED	NOT_ASSIGNED			SUCCESS	7.516	0	0
9QU7	test			EXCLUDE_MULTI_RNA_CHAIN	EXCLUDE_MULTI_RNA_CHAIN	RNA_CHAIN_COUNT=2; required exactly 1	SAME_UNASSIGNED	NOT_ASSIGNED			SUCCESS	15.409	0	0
9QZJ	test	test	test	KEPT	KEPT		SAME_SPLIT	PT_COMPLETE_BY_COUNT	200	0	SUCCESS	3.394	0	0
9R7Q	test	test	test	KEPT	KEPT		SAME_SPLIT	PT_EXCLUDED_BY_POLICY	0	0	SUCCESS	9.997	0	0
9R7W	test	test	test	KEPT	KEPT		SAME_SPLIT	PT_EXCLUDED_BY_POLICY	0	0	SUCCESS	39.147	0	0
9R82	test		test	EXCLUDE_NO_STRICT_RANK1	KEPT		ADDED_TEST	NOT_ASSIGNED					0	0
9RB4	test			EXCLUDE_NO_STRICT_RANK1	DROP_REFERENCE_HOMOLOG	Single RNA chain is homologous to final train/val	SAME_UNASSIGNED	NOT_ASSIGNED					29	29
9S1D	test			EXCLUDE_MULTI_RNA_CHAIN	EXCLUDE_MULTI_RNA_CHAIN	RNA_CHAIN_COUNT=3; required exactly 1	SAME_UNASSIGNED	NOT_ASSIGNED			SUCCESS	12.481	0	0
9SD9	test			EXCLUDE_MULTI_RNA_CHAIN	EXCLUDE_MULTI_RNA_CHAIN	RNA_CHAIN_COUNT=2; required exactly 1	SAME_UNASSIGNED	NOT_ASSIGNED					0	0
9SXV	test			DROP_REFERENCE_HOMOLOG	DROP_REFERENCE_HOMOLOG	Single RNA chain is homologous to final train/val	SAME_UNASSIGNED	NOT_ASSIGNED			SUCCESS	2.017	1	1
9SY4	test			DROP_REFERENCE_HOMOLOG	DROP_REFERENCE_HOMOLOG	Single RNA chain is homologous to final train/val	SAME_UNASSIGNED	NOT_ASSIGNED			SUCCESS	1.869	1	1
9SY8	test	test	test	KEPT	KEPT		SAME_SPLIT	PT_COMPLETE_BY_COUNT	200	0	SUCCESS	2.103	0	0
9SYC	test			DROP_INTERNAL_REDUNDANT	DROP_INTERNAL_REDUNDANT	Non-representative member of a test homology component	SAME_UNASSIGNED	NOT_ASSIGNED			SUCCESS	3.204	0	0
9SYD	test			DROP_INTERNAL_REDUNDANT	DROP_INTERNAL_REDUNDANT	Non-representative member of a test homology component	SAME_UNASSIGNED	NOT_ASSIGNED			SUCCESS	2.341	0	0
9SYE	test			DROP_INTERNAL_REDUNDANT	DROP_INTERNAL_REDUNDANT	Non-representative member of a test homology component	SAME_UNASSIGNED	NOT_ASSIGNED			SUCCESS	1.807	0	0
9SYF	test			DROP_INTERNAL_REDUNDANT	DROP_INTERNAL_REDUNDANT	Non-representative member of a test homology component	SAME_UNASSIGNED	NOT_ASSIGNED			SUCCESS	1.341	0	0
9TCA	test			EXCLUDE_MULTI_RNA_CHAIN	EXCLUDE_MULTI_RNA_CHAIN	RNA_CHAIN_COUNT=4; required exactly 1	SAME_UNASSIGNED	NOT_ASSIGNED			SUCCESS	9.586	0	0
9TCG	test			EXCLUDE_MULTI_RNA_CHAIN	EXCLUDE_MULTI_RNA_CHAIN	RNA_CHAIN_COUNT=4; required exactly 1	SAME_UNASSIGNED	NOT_ASSIGNED			SUCCESS	10.289	0	0
9UUG	test	test	test	KEPT	KEPT		SAME_SPLIT	PT_COMPLETE_BY_COUNT	200	0	SUCCESS	3.043	0	0
9UW0	test	test	test	KEPT	KEPT		SAME_SPLIT	PT_COMPLETE_BY_COUNT	200	0	SUCCESS	3.94	0	0
9V4U	test			DROP_INTERNAL_REDUNDANT	DROP_INTERNAL_REDUNDANT	Non-representative member of a test homology component	SAME_UNASSIGNED	NOT_ASSIGNED			SUCCESS	5.312	0	0
9V4V	test			DROP_INTERNAL_REDUNDANT	DROP_INTERNAL_REDUNDANT	Non-representative member of a test homology component	SAME_UNASSIGNED	NOT_ASSIGNED			SUCCESS	5.715	0	0
9V4X	test			DROP_INTERNAL_REDUNDANT	DROP_INTERNAL_REDUNDANT	Non-representative member of a test homology component	SAME_UNASSIGNED	NOT_ASSIGNED			SUCCESS	5.353	0	0
9V4Y	test			DROP_INTERNAL_REDUNDANT	DROP_INTERNAL_REDUNDANT	Non-representative member of a test homology component	SAME_UNASSIGNED	NOT_ASSIGNED			SUCCESS	5.557	0	0
9V4Z	test			DROP_INTERNAL_REDUNDANT	DROP_INTERNAL_REDUNDANT	Non-representative member of a test homology component	SAME_UNASSIGNED	NOT_ASSIGNED			SUCCESS	6.069	0	0
9V50	test			DROP_INTERNAL_REDUNDANT	DROP_INTERNAL_REDUNDANT	Non-representative member of a test homology component	SAME_UNASSIGNED	NOT_ASSIGNED			SUCCESS	6.02	0	0
9V51	test			DROP_INTERNAL_REDUNDANT	DROP_INTERNAL_REDUNDANT	Non-representative member of a test homology component	SAME_UNASSIGNED	NOT_ASSIGNED			SUCCESS	5.835	0	0
9V7N	test			EXCLUDE_MULTI_RNA_CHAIN	EXCLUDE_MULTI_RNA_CHAIN	RNA_CHAIN_COUNT=3; required exactly 1	SAME_UNASSIGNED	NOT_ASSIGNED			SUCCESS	1.772	0	0
9V7O	test			EXCLUDE_MULTI_RNA_CHAIN	EXCLUDE_MULTI_RNA_CHAIN	RNA_CHAIN_COUNT=3; required exactly 1	SAME_UNASSIGNED	NOT_ASSIGNED			SUCCESS	1.696	0	0
9V7P	test			DROP_INTERNAL_REDUNDANT	DROP_INTERNAL_REDUNDANT	Non-representative member of a test homology component	SAME_UNASSIGNED	NOT_ASSIGNED			SUCCESS	2.531	0	0
9V7Q	test			DROP_INTERNAL_REDUNDANT	DROP_INTERNAL_REDUNDANT	Non-representative member of a test homology component	SAME_UNASSIGNED	NOT_ASSIGNED			SUCCESS	2.045	0	0
9VMZ	test			EXCLUDE_NO_STRICT_RANK1	DROP_INTERNAL_REDUNDANT	Non-representative member of a test homology component	SAME_UNASSIGNED	NOT_ASSIGNED					0	0
9VSN	test			EXCLUDE_MULTI_RNA_CHAIN	EXCLUDE_MULTI_RNA_CHAIN	RNA_CHAIN_COUNT=2; required exactly 1	SAME_UNASSIGNED	NOT_ASSIGNED			SUCCESS	2.25	0	0
9W1L	test	test	test	KEPT	KEPT		SAME_SPLIT	PT_COMPLETE_BY_COUNT	200	0	SUCCESS	8.238	0	0
9WHV	test			EXCLUDE_MULTI_RNA_CHAIN	EXCLUDE_MULTI_RNA_CHAIN	RNA_CHAIN_COUNT=8; required exactly 1	SAME_UNASSIGNED	NOT_ASSIGNED			SUCCESS	21.113	0	0
9X6B	test	test	test	KEPT	KEPT		SAME_SPLIT	PT_COMPLETE_BY_COUNT	200	0	SUCCESS	1.865	0	0
9YD3	test			EXCLUDE_MULTI_RNA_CHAIN	EXCLUDE_MULTI_RNA_CHAIN	RNA_CHAIN_COUNT=2; required exactly 1	SAME_UNASSIGNED	NOT_ASSIGNED			SUCCESS	0.269	0	0
9Z6I	test	test	test	KEPT	KEPT		SAME_SPLIT	PT_COMPLETE_BY_COUNT	200	0	SUCCESS	25.986	0	0
9ZBQ	test			DROP_REFERENCE_HOMOLOG	DROP_REFERENCE_HOMOLOG	Single RNA chain is homologous to final train/val	SAME_UNASSIGNED	NOT_ASSIGNED			SUCCESS	5.199	15	0
9ZBR	test			DROP_REFERENCE_HOMOLOG	DROP_REFERENCE_HOMOLOG	Single RNA chain is homologous to final train/val	SAME_UNASSIGNED	NOT_ASSIGNED			SUCCESS	12.807	15	0
9ZC6	test			DROP_REFERENCE_HOMOLOG	DROP_REFERENCE_HOMOLOG	Single RNA chain is homologous to final train/val	SAME_UNASSIGNED	NOT_ASSIGNED			SUCCESS	13.404	15	0
9ZC7	test			DROP_REFERENCE_HOMOLOG	DROP_REFERENCE_HOMOLOG	Single RNA chain is homologous to final train/val	SAME_UNASSIGNED	NOT_ASSIGNED			SUCCESS	47.536	2	0
9ZC8	test			EXCLUDE_MULTI_RNA_CHAIN	EXCLUDE_MULTI_RNA_CHAIN	RNA_CHAIN_COUNT=2; required exactly 1	SAME_UNASSIGNED	NOT_ASSIGNED					0	0
9ZC9	test	test	test	KEPT	KEPT		SAME_SPLIT	PT_EXCLUDED_BY_POLICY	0	0	SUCCESS	50.49	0	0
9ZCA	test			EXCLUDE_MULTI_RNA_CHAIN	EXCLUDE_MULTI_RNA_CHAIN	RNA_CHAIN_COUNT=2; required exactly 1	SAME_UNASSIGNED	NOT_ASSIGNED					0	0
9ZCB	test			EXCLUDE_MULTI_RNA_CHAIN	EXCLUDE_MULTI_RNA_CHAIN	RNA_CHAIN_COUNT=2; required exactly 1	SAME_UNASSIGNED	NOT_ASSIGNED					0	0
9ZCC	test			EXCLUDE_MULTI_RNA_CHAIN	EXCLUDE_MULTI_RNA_CHAIN	RNA_CHAIN_COUNT=2; required exactly 1	SAME_UNASSIGNED	NOT_ASSIGNED					0	0
9ZDV	test			DROP_REFERENCE_HOMOLOG	DROP_REFERENCE_HOMOLOG	Single RNA chain is homologous to final train/val	SAME_UNASSIGNED	NOT_ASSIGNED			SUCCESS	11.856	1	0
9ZF2	test			DROP_REFERENCE_HOMOLOG	DROP_REFERENCE_HOMOLOG	Single RNA chain is homologous to final train/val	SAME_UNASSIGNED	NOT_ASSIGNED			SUCCESS	15.206	1	0
9ZF3	test			DROP_REFERENCE_HOMOLOG	DROP_REFERENCE_HOMOLOG	Single RNA chain is homologous to final train/val	SAME_UNASSIGNED	NOT_ASSIGNED			SUCCESS	13.239	1	0
9ZF5	test			DROP_REFERENCE_HOMOLOG	DROP_REFERENCE_HOMOLOG	Single RNA chain is homologous to final train/val	SAME_UNASSIGNED	NOT_ASSIGNED			SUCCESS	14.331	1	0
9ZF9	test			DROP_REFERENCE_HOMOLOG	DROP_REFERENCE_HOMOLOG	Single RNA chain is homologous to final train/val	SAME_UNASSIGNED	NOT_ASSIGNED			SUCCESS	11.983	1	0
9ZFC	test			DROP_REFERENCE_HOMOLOG	DROP_REFERENCE_HOMOLOG	Single RNA chain is homologous to final train/val	SAME_UNASSIGNED	NOT_ASSIGNED			SUCCESS	13.517	1	0
9ZFD	test			DROP_REFERENCE_HOMOLOG	DROP_REFERENCE_HOMOLOG	Single RNA chain is homologous to final train/val	SAME_UNASSIGNED	NOT_ASSIGNED			SUCCESS	13.209	1	0
9ZGM	test			DROP_REFERENCE_HOMOLOG	DROP_REFERENCE_HOMOLOG	Single RNA chain is homologous to final train/val	SAME_UNASSIGNED	NOT_ASSIGNED			SUCCESS	14.15	1	0
9ZGN	test			DROP_REFERENCE_HOMOLOG	DROP_REFERENCE_HOMOLOG	Single RNA chain is homologous to final train/val	SAME_UNASSIGNED	NOT_ASSIGNED			SUCCESS	15.46	1	0
9ZGO	test			DROP_REFERENCE_HOMOLOG	DROP_REFERENCE_HOMOLOG	Single RNA chain is homologous to final train/val	SAME_UNASSIGNED	NOT_ASSIGNED			SUCCESS	14.856	1	0
9ZGP	test			DROP_REFERENCE_HOMOLOG	DROP_REFERENCE_HOMOLOG	Single RNA chain is homologous to final train/val	SAME_UNASSIGNED	NOT_ASSIGNED			SUCCESS	15.006	1	0
9ZGQ	test			DROP_REFERENCE_HOMOLOG	DROP_REFERENCE_HOMOLOG	Single RNA chain is homologous to final train/val	SAME_UNASSIGNED	NOT_ASSIGNED			SUCCESS	13.678	1	0
9ZGR	test			DROP_REFERENCE_HOMOLOG	DROP_REFERENCE_HOMOLOG	Single RNA chain is homologous to final train/val	SAME_UNASSIGNED	NOT_ASSIGNED			SUCCESS	14.225	1	0
9ZGS	test			DROP_REFERENCE_HOMOLOG	DROP_REFERENCE_HOMOLOG	Single RNA chain is homologous to final train/val	SAME_UNASSIGNED	NOT_ASSIGNED			SUCCESS	13.485	1	0
9ZGT	test			DROP_REFERENCE_HOMOLOG	DROP_REFERENCE_HOMOLOG	Single RNA chain is homologous to final train/val	SAME_UNASSIGNED	NOT_ASSIGNED			SUCCESS	14.069	1	0
9ZGU	test			DROP_REFERENCE_HOMOLOG	DROP_REFERENCE_HOMOLOG	Single RNA chain is homologous to final train/val	SAME_UNASSIGNED	NOT_ASSIGNED			SUCCESS	12.331	1	0
9ZGV	test			DROP_REFERENCE_HOMOLOG	DROP_REFERENCE_HOMOLOG	Single RNA chain is homologous to final train/val	SAME_UNASSIGNED	NOT_ASSIGNED			SUCCESS	13.1	1	0
9ZGW	test			DROP_REFERENCE_HOMOLOG	DROP_REFERENCE_HOMOLOG	Single RNA chain is homologous to final train/val	SAME_UNASSIGNED	NOT_ASSIGNED			SUCCESS	13.309	1	0
9ZGX	test			DROP_REFERENCE_HOMOLOG	DROP_REFERENCE_HOMOLOG	Single RNA chain is homologous to final train/val	SAME_UNASSIGNED	NOT_ASSIGNED			SUCCESS	14.053	1	0
9ZGY	test			DROP_REFERENCE_HOMOLOG	DROP_REFERENCE_HOMOLOG	Single RNA chain is homologous to final train/val	SAME_UNASSIGNED	NOT_ASSIGNED			SUCCESS	12.486	1	0
9ZGZ	test			DROP_REFERENCE_HOMOLOG	DROP_REFERENCE_HOMOLOG	Single RNA chain is homologous to final train/val	SAME_UNASSIGNED	NOT_ASSIGNED			SUCCESS	13.196	1	0
9ZH0	test			DROP_REFERENCE_HOMOLOG	DROP_REFERENCE_HOMOLOG	Single RNA chain is homologous to final train/val	SAME_UNASSIGNED	NOT_ASSIGNED			SUCCESS	11.355	1	0
9ZH1	test			DROP_REFERENCE_HOMOLOG	DROP_REFERENCE_HOMOLOG	Single RNA chain is homologous to final train/val	SAME_UNASSIGNED	NOT_ASSIGNED			SUCCESS	11.843	1	0
9ZH2	test			DROP_REFERENCE_HOMOLOG	DROP_REFERENCE_HOMOLOG	Single RNA chain is homologous to final train/val	SAME_UNASSIGNED	NOT_ASSIGNED			SUCCESS	13.652	1	0
9ZH5	test			DROP_REFERENCE_HOMOLOG	DROP_REFERENCE_HOMOLOG	Single RNA chain is homologous to final train/val	SAME_UNASSIGNED	NOT_ASSIGNED			SUCCESS	14.531	1	0
9ZH7	test			DROP_REFERENCE_HOMOLOG	DROP_REFERENCE_HOMOLOG	Single RNA chain is homologous to final train/val	SAME_UNASSIGNED	NOT_ASSIGNED			SUCCESS	13.936	1	0
9ZH9	test			DROP_REFERENCE_HOMOLOG	DROP_REFERENCE_HOMOLOG	Single RNA chain is homologous to final train/val	SAME_UNASSIGNED	NOT_ASSIGNED			SUCCESS	14.001	1	0
9ZHA	test			DROP_REFERENCE_HOMOLOG	DROP_REFERENCE_HOMOLOG	Single RNA chain is homologous to final train/val	SAME_UNASSIGNED	NOT_ASSIGNED			SUCCESS	11.565	1	0
9ZHB	test			DROP_REFERENCE_HOMOLOG	DROP_REFERENCE_HOMOLOG	Single RNA chain is homologous to final train/val	SAME_UNASSIGNED	NOT_ASSIGNED			SUCCESS	12.389	1	0
9ZHC	test			DROP_REFERENCE_HOMOLOG	DROP_REFERENCE_HOMOLOG	Single RNA chain is homologous to final train/val	SAME_UNASSIGNED	NOT_ASSIGNED			SUCCESS	11.163	1	0
9ZHD	test			DROP_REFERENCE_HOMOLOG	DROP_REFERENCE_HOMOLOG	Single RNA chain is homologous to final train/val	SAME_UNASSIGNED	NOT_ASSIGNED			SUCCESS	12.556	1	0
9ZHE	test			DROP_REFERENCE_HOMOLOG	DROP_REFERENCE_HOMOLOG	Single RNA chain is homologous to final train/val	SAME_UNASSIGNED	NOT_ASSIGNED			SUCCESS	12.609	1	0
9ZHF	test			DROP_REFERENCE_HOMOLOG	DROP_REFERENCE_HOMOLOG	Single RNA chain is homologous to final train/val	SAME_UNASSIGNED	NOT_ASSIGNED			SUCCESS	12.319	1	0
9ZHG	test			DROP_REFERENCE_HOMOLOG	DROP_REFERENCE_HOMOLOG	Single RNA chain is homologous to final train/val	SAME_UNASSIGNED	NOT_ASSIGNED			SUCCESS	11.197	1	0
9ZHI	test			DROP_REFERENCE_HOMOLOG	DROP_REFERENCE_HOMOLOG	Single RNA chain is homologous to final train/val	SAME_UNASSIGNED	NOT_ASSIGNED			SUCCESS	13.814	1	0
9ZHJ	test			DROP_REFERENCE_HOMOLOG	DROP_REFERENCE_HOMOLOG	Single RNA chain is homologous to final train/val	SAME_UNASSIGNED	NOT_ASSIGNED			SUCCESS	14.814	1	0
9ZHK	test			DROP_REFERENCE_HOMOLOG	DROP_REFERENCE_HOMOLOG	Single RNA chain is homologous to final train/val	SAME_UNASSIGNED	NOT_ASSIGNED			SUCCESS	15.761	1	0
9ZHL	test			DROP_REFERENCE_HOMOLOG	DROP_REFERENCE_HOMOLOG	Single RNA chain is homologous to final train/val	SAME_UNASSIGNED	NOT_ASSIGNED			SUCCESS	14.742	1	0
9ZHO	test			DROP_REFERENCE_HOMOLOG	DROP_REFERENCE_HOMOLOG	Single RNA chain is homologous to final train/val	SAME_UNASSIGNED	NOT_ASSIGNED			SUCCESS	14.52	1	0
9ZHP	test			DROP_REFERENCE_HOMOLOG	DROP_REFERENCE_HOMOLOG	Single RNA chain is homologous to final train/val	SAME_UNASSIGNED	NOT_ASSIGNED			SUCCESS	14.036	1	0
9ZHR	test			DROP_REFERENCE_HOMOLOG	DROP_REFERENCE_HOMOLOG	Single RNA chain is homologous to final train/val	SAME_UNASSIGNED	NOT_ASSIGNED			SUCCESS	12.508	1	0
9ZHS	test			DROP_REFERENCE_HOMOLOG	DROP_REFERENCE_HOMOLOG	Single RNA chain is homologous to final train/val	SAME_UNASSIGNED	NOT_ASSIGNED			SUCCESS	13.79	1	0
9ZHT	test			DROP_REFERENCE_HOMOLOG	DROP_REFERENCE_HOMOLOG	Single RNA chain is homologous to final train/val	SAME_UNASSIGNED	NOT_ASSIGNED			SUCCESS	14.418	1	0
9ZHU	test			DROP_REFERENCE_HOMOLOG	DROP_REFERENCE_HOMOLOG	Single RNA chain is homologous to final train/val	SAME_UNASSIGNED	NOT_ASSIGNED			SUCCESS	12.74	1	0
9ZHV	test			DROP_REFERENCE_HOMOLOG	DROP_REFERENCE_HOMOLOG	Single RNA chain is homologous to final train/val	SAME_UNASSIGNED	NOT_ASSIGNED			SUCCESS	12.667	1	0
9ZHW	test			DROP_REFERENCE_HOMOLOG	DROP_REFERENCE_HOMOLOG	Single RNA chain is homologous to final train/val	SAME_UNASSIGNED	NOT_ASSIGNED			SUCCESS	13.741	1	0
9ZHX	test			DROP_REFERENCE_HOMOLOG	DROP_REFERENCE_HOMOLOG	Single RNA chain is homologous to final train/val	SAME_UNASSIGNED	NOT_ASSIGNED			SUCCESS	14.461	1	0
9ZHZ	test			DROP_REFERENCE_HOMOLOG	DROP_REFERENCE_HOMOLOG	Single RNA chain is homologous to final train/val	SAME_UNASSIGNED	NOT_ASSIGNED			SUCCESS	14.373	1	0
9ZI0	test			DROP_REFERENCE_HOMOLOG	DROP_REFERENCE_HOMOLOG	Single RNA chain is homologous to final train/val	SAME_UNASSIGNED	NOT_ASSIGNED			SUCCESS	10.748	1	0
9ZI2	test			DROP_REFERENCE_HOMOLOG	DROP_REFERENCE_HOMOLOG	Single RNA chain is homologous to final train/val	SAME_UNASSIGNED	NOT_ASSIGNED			SUCCESS	13.734	1	0
9ZI3	test			DROP_REFERENCE_HOMOLOG	DROP_REFERENCE_HOMOLOG	Single RNA chain is homologous to final train/val	SAME_UNASSIGNED	NOT_ASSIGNED			SUCCESS	14.836	1	0
9ZI4	test			DROP_REFERENCE_HOMOLOG	DROP_REFERENCE_HOMOLOG	Single RNA chain is homologous to final train/val	SAME_UNASSIGNED	NOT_ASSIGNED			SUCCESS	11.595	1	0
9ZI5	test			DROP_REFERENCE_HOMOLOG	DROP_REFERENCE_HOMOLOG	Single RNA chain is homologous to final train/val	SAME_UNASSIGNED	NOT_ASSIGNED			SUCCESS	14.19	1	0
9ZI6	test			DROP_REFERENCE_HOMOLOG	DROP_REFERENCE_HOMOLOG	Single RNA chain is homologous to final train/val	SAME_UNASSIGNED	NOT_ASSIGNED			SUCCESS	11.515	1	0
9ZI7	test			DROP_REFERENCE_HOMOLOG	DROP_REFERENCE_HOMOLOG	Single RNA chain is homologous to final train/val	SAME_UNASSIGNED	NOT_ASSIGNED			SUCCESS	14.269	1	0
